AXFMSFP Flymaster Live, V1.0, S/N 171983
HFFXA010
HFPLTPILOT:10-Xavi Liria
HFGTYGLIDERTYPE:149 Advance Epsilon Oran
HFGIDGLIDERID:
HFDTM100GPSDATUM:WGS-1984
HFCIDCOMPETITIONID:75696
HFCCLCOMPETITIONCLASS:
HOSITSITE:Ager-ES
HFGPSRECEIVER:UBLOX,CAM-M8Q,72,50000,GPS,GLO,GAL
HFPRSPRESSALTSENSOR:BOSCH,BMP280,9163
HFRFWFIRMWAREVERSION:202h
HFRHWHARDWAREVERSION:1.0R2
HFFTYFRTYPE:Flymaster,TRACKER
HFDTE050926
B0859054202786N00044770EA0141001588
B0859064202786N00044769EA0141001588
B0859074202786N00044770EA0141001588
B0859084202785N00044770EA0141001587
B0859094202785N00044772EA0141001588
B0859104202785N00044772EA0141001587
B0859114202784N00044772EA0141001587
B0859124202784N00044772EA0141101587
B0859134202784N00044773EA0141101588
B0859144202783N00044773EA0141101588
B0859154202783N00044773EA0141101587
B0859164202783N00044773EA0141101588
B0859174202782N00044774EA0141101588
B0859184202782N00044774EA0141101588
B0859194202782N00044775EA0141101589
B0859204202781N00044776EA0141101589
B0859214202781N00044776EA0141101590
B0859224202780N00044776EA0141101590
B0859234202780N00044776EA0141101591
B0859244202780N00044777EA0141101592
B0859254202780N00044777EA0141201592
B0859264202780N00044777EA0141201593
B0859274202780N00044777EA0141201594
B0859284202780N00044777EA0141201596
B0859294202780N00044777EA0141201597
B0859304202780N00044777EA0141201598
B0859314202780N00044777EA0141201599
B0859324202780N00044777EA0141201599
B0859334202780N00044777EA0141201599
B0859344202780N00044777EA0141201599
B0859354202780N00044777EA0141201599
B0859364202780N00044777EA0141101598
B0859374202780N00044778EA0141201597
B0859384202780N00044778EA0141201596
B0859394202780N00044778EA0141201596
B0859404202781N00044778EA0141201595
B0859414202781N00044779EA0141201595
B0859424202781N00044779EA0141201595
B0859434202781N00044780EA0141201594
B0859444202781N00044780EA0141201592
B0859454202781N00044781EA0141201591
B0859464202781N00044780EA0141101591
B0859474202781N00044780EA0141101592
B0859484202781N00044781EA0141201592
B0859494202781N00044781EA0141101591
B0859504202781N00044782EA0141101591
B0859514202781N00044782EA0141101590
B0859524202780N00044782EA0141101590
B0859534202780N00044783EA0141101587
B0859544202780N00044784EA0141101586
B0859554202780N00044784EA0141101584
B0859564202780N00044785EA0141101584
B0859574202780N00044784EA0141101583
B0859584202780N00044784EA0141101583
B0859594202780N00044784EA0141101583
B0900004202780N00044784EA0141101584
B0900014202780N00044784EA0141101584
B0900024202780N00044785EA0141101585
B0900034202780N00044786EA0141101585
B0900044202780N00044787EA0141101583
B0900054202780N00044787EA0141101582
B0900064202780N00044788EA0141101582
B0900074202779N00044788EA0141101583
B0900084202779N00044788EA0141101583
B0900094202779N00044789EA0141201583
B0900104202778N00044789EA0141201583
B0900114202777N00044789EA0141101583
B0900124202777N00044790EA0141201583
B0900134202776N00044790EA0141201582
B0900144202776N00044790EA0141201582
B0900154202775N00044790EA0141201581
B0900164202774N00044790EA0141201582
B0900174202774N00044790EA0141201582
B0900184202773N00044790EA0141201582
B0900194202773N00044790EA0141201582
B0900204202772N00044789EA0141201583
B0900214202772N00044790EA0141301584
B0900224202772N00044790EA0141301583
B0900234202771N00044790EA0141301584
B0900244202772N00044790EA0141301584
B0900254202772N00044790EA0141301583
B0900264202772N00044790EA0141301583
B0900274202772N00044790EA0141301584
B0900284202772N00044790EA0141301584
B0900294202772N00044790EA0141301584
B0900304202772N00044790EA0141301585
B0900314202772N00044789EA0141301586
B0900324202772N00044789EA0141301586
B0900334202772N00044789EA0141301586
B0900344202773N00044788EA0141301587
B0900354202773N00044789EA0141301587
B0900364202773N00044789EA0141301586
B0900374202774N00044790EA0141301585
B0900384202774N00044790EA0141301585
B0900394202775N00044790EA0141301584
B0900404202775N00044790EA0141301583
B0900414202775N00044791EA0141301583
B0900424202776N00044791EA0141301583
B0900434202776N00044792EA0141401583
B0900444202776N00044793EA0141301583
B0900454202776N00044794EA0141301583
B0900464202777N00044794EA0141301582
B0900474202777N00044795EA0141301582
B0900484202777N00044795EA0141301582
B0900494202777N00044795EA0141301583
B0900504202777N00044795EA0141301583
B0900514202777N00044796EA0141301583
B0900524202778N00044796EA0141301583
B0900534202778N00044796EA0141301583
B0900544202778N00044796EA0141301583
B0900554202778N00044796EA0141301583
B0900564202778N00044796EA0141301583
B0900574202778N00044796EA0141301583
B0900584202778N00044796EA0141301583
B0900594202778N00044795EA0141301583
B0901004202778N00044795EA0141301583
B0901014202778N00044796EA0141301583
B0901024202778N00044796EA0141301583
B0901034202778N00044796EA0141301583
B0901044202778N00044796EA0141301583
B0901054202778N00044796EA0141301583
B0901064202778N00044796EA0141301583
B0901074202778N00044796EA0141301583
B0901084202778N00044796EA0141301583
B0901094202778N00044796EA0141301583
B0901104202778N00044796EA0141301582
B0901114202778N00044796EA0141301582
B0901124202778N00044796EA0141301582
B0901134202778N00044796EA0141301582
B0901144202778N00044796EA0141301582
B0901154202778N00044796EA0141301582
B0901164202778N00044795EA0141301582
B0901174202777N00044795EA0141301582
B0901184202777N00044796EA0141301582
B0901194202777N00044796EA0141301581
B0901204202777N00044796EA0141301581
B0901214202777N00044796EA0141301581
B0901224202777N00044796EA0141301581
B0901234202777N00044796EA0141301581
B0901244202778N00044796EA0141301582
B0901254202778N00044795EA0141301582
B0901264202777N00044795EA0141301582
B0901274202777N00044795EA0141301581
B0901284202777N00044796EA0141301581
B0901294202777N00044796EA0141301581
B0901304202777N00044796EA0141301581
B0901314202777N00044796EA0141301581
B0901324202777N00044796EA0141301581
B0901334202777N00044797EA0141301581
B0901344202777N00044797EA0141301580
B0901354202777N00044797EA0141301580
B0901364202777N00044797EA0141301580
B0901374202777N00044797EA0141301580
B0901384202777N00044797EA0141301581
B0901394202777N00044797EA0141301581
B0901404202777N00044797EA0141301581
B0901414202777N00044797EA0141301581
B0901424202777N00044797EA0141301581
B0901434202777N00044796EA0141301582
B0901444202777N00044796EA0141301582
B0901454202777N00044796EA0141301582
B0901464202777N00044796EA0141301582
B0901474202777N00044796EA0141301582
B0901484202777N00044796EA0141301582
B0901494202777N00044796EA0141301582
B0901504202777N00044797EA0141301582
B0901514202777N00044797EA0141301581
B0901524202777N00044797EA0141301581
B0901534202777N00044797EA0141301581
B0901544202777N00044797EA0141301581
B0901554202777N00044797EA0141301580
B0901564202777N00044797EA0141301580
B0901574202777N00044798EA0141301579
B0901584202777N00044798EA0141301579
B0901594202777N00044798EA0141301578
B0902004202777N00044798EA0141301578
B0902014202776N00044799EA0141301578
B0902024202776N00044799EA0141301577
B0902034202776N00044799EA0141301577
B0902044202777N00044799EA0141301577
B0902054202777N00044799EA0141301577
B0902064202777N00044800EA0141301577
B0902074202777N00044800EA0141301576
B0902084202777N00044800EA0141301576
B0902094202777N00044800EA0141201576
B0902104202777N00044800EA0141201576
B0902114202777N00044801EA0141201576
B0902124202777N00044801EA0141301576
B0902134202777N00044801EA0141201576
B0902144202777N00044801EA0141201576
B0902154202777N00044801EA0141201576
B0902164202777N00044801EA0141201575
B0902174202777N00044801EA0141201575
B0902184202777N00044801EA0141201575
B0902194202777N00044801EA0141301575
B0902204202777N00044801EA0141201575
B0902214202777N00044801EA0141201575
B0902224202777N00044801EA0141301575
B0902234202777N00044801EA0141201575
B0902244202777N00044802EA0141201575
B0902254202777N00044802EA0141201575
B0902264202777N00044802EA0141201575
B0902274202777N00044802EA0141301575
B0902284202777N00044802EA0141201575
B0902294202777N00044802EA0141301575
B0902304202777N00044802EA0141301575
B0902314202777N00044802EA0141201575
B0902324202777N00044802EA0141201575
B0902334202777N00044802EA0141301575
B0902344202777N00044802EA0141301575
B0902354202777N00044802EA0141301575
B0902364202777N00044802EA0141201575
B0902374202778N00044802EA0141301575
B0902384202778N00044802EA0141301575
B0902394202778N00044802EA0141301575
B0902404202777N00044802EA0141301575
B0902414202777N00044801EA0141201575
B0902424202777N00044801EA0141301575
B0902434202776N00044800EA0141301574
B0902444202776N00044800EA0141301574
B0902454202776N00044799EA0141301574
B0902464202776N00044798EA0141301574
B0902474202775N00044798EA0141301575
B0902484202775N00044797EA0141301575
B0902494202774N00044797EA0141201575
B0902504202774N00044797EA0141401575
B0902514202773N00044797EA0141301575
B0902524202773N00044796EA0141301576
B0902534202773N00044796EA0141301576
B0902544202773N00044797EA0141301576
B0902554202773N00044796EA0141301577
B0902564202773N00044797EA0141301577
B0902574202773N00044797EA0141301576
B0902584202772N00044796EA0141301577
B0902594202772N00044796EA0141301576
B0903004202772N00044796EA0141301575
B0903014202771N00044796EA0141301575
B0903024202771N00044796EA0141301575
B0903034202771N00044796EA0141301574
B0903044202771N00044796EA0141301574
B0903054202772N00044796EA0141201573
B0903064202772N00044796EA0141301573
B0903074202772N00044796EA0141301574
B0903084202772N00044796EA0141301574
B0903094202772N00044796EA0141301574
B0903104202772N00044796EA0141301574
B0903114202772N00044796EA0141201574
B0903124202772N00044796EA0141301574
B0903134202772N00044796EA0141301573
B0903144202772N00044796EA0141201573
B0903154202772N00044795EA0141201573
B0903164202772N00044795EA0141301573
B0903174202772N00044795EA0141301573
B0903184202772N00044795EA0141201573
B0903194202772N00044795EA0141201574
B0903204202772N00044795EA0141201574
B0903214202772N00044795EA0141201574
B0903224202772N00044795EA0141201574
B0903234202772N00044795EA0141201574
B0903244202772N00044795EA0141301574
B0903254202772N00044795EA0141201574
B0903264202772N00044795EA0141301574
B0903274202772N00044795EA0141201574
B0903284202772N00044795EA0141201574
B0903294202772N00044795EA0141201574
B0903304202772N00044795EA0141201574
B0903314202772N00044795EA0141201574
B0903324202772N00044795EA0141201574
B0903334202772N00044795EA0141201574
B0903344202772N00044795EA0141201574
B0903354202772N00044795EA0141201574
B0903364202772N00044795EA0141201574
B0903374202772N00044795EA0141201574
B0903384202772N00044795EA0141201574
B0903394202772N00044795EA0141201574
B0903404202772N00044795EA0141201574
B0903414202772N00044795EA0141201574
B0903424202772N00044795EA0141201574
B0903434202771N00044795EA0141201574
B0903444202771N00044795EA0141201574
B0903454202771N00044795EA0141301574
B0903464202771N00044795EA0141301574
B0903474202771N00044795EA0141301574
B0903484202771N00044795EA0141301573
B0903494202771N00044795EA0141301573
B0903504202771N00044795EA0141301573
B0903514202771N00044795EA0141301573
B0903524202771N00044795EA0141301573
B0903534202771N00044795EA0141301573
B0903544202771N00044795EA0141301573
B0903554202771N00044795EA0141301572
B0903564202771N00044795EA0141301572
B0903574202771N00044795EA0141301572
B0903584202771N00044795EA0141301572
B0903594202771N00044795EA0141301572
B0904004202771N00044795EA0141301572
B0904014202771N00044795EA0141301572
B0904024202771N00044795EA0141301571
B0904034202771N00044795EA0141301571
B0904044202771N00044795EA0141301571
B0904054202771N00044795EA0141301571
B0904064202771N00044795EA0141301571
B0904074202771N00044795EA0141301571
B0904084202771N00044795EA0141301571
B0904094202771N00044795EA0141301571
B0904104202771N00044795EA0141301571
B0904114202771N00044795EA0141301571
B0904124202771N00044795EA0141301571
B0904134202771N00044795EA0141301571
B0904144202771N00044795EA0141301571
B0904154202771N00044795EA0141301571
B0904164202771N00044795EA0141301571
B0904174202771N00044795EA0141301571
B0904184202771N00044795EA0141301570
B0904194202770N00044795EA0141301570
B0904204202770N00044795EA0141301570
B0904214202770N00044795EA0141301570
B0904224202770N00044795EA0141301570
B0904234202770N00044795EA0141301570
B0904244202770N00044795EA0141301570
B0904254202770N00044795EA0141301570
B0904264202770N00044795EA0141301570
B0904274202770N00044795EA0141301570
B0904284202770N00044796EA0141301570
B0904294202770N00044796EA0141301570
B0904304202770N00044796EA0141301570
B0904314202770N00044796EA0141301570
B0904324202770N00044796EA0141301570
B0904334202770N00044795EA0141301569
B0904344202770N00044795EA0141301569
B0904354202770N00044795EA0141301569
B0904364202770N00044795EA0141301569
B0904374202770N00044795EA0141301569
B0904384202770N00044795EA0141301569
B0904394202770N00044795EA0141301569
B0904404202770N00044795EA0141301569
B0904414202770N00044795EA0141301569
B0904424202770N00044795EA0141301569
B0904434202770N00044795EA0141301569
B0904444202770N00044795EA0141301569
B0904454202770N00044795EA0141301569
B0904464202770N00044795EA0141301569
B0904474202770N00044795EA0141301569
B0904484202770N00044795EA0141301568
B0904494202770N00044795EA0141301568
B0904504202770N00044795EA0141201568
B0904514202770N00044795EA0141301568
B0904524202770N00044795EA0141301568
B0904534202770N00044795EA0141301568
B0904544202770N00044795EA0141301568
B0904554202770N00044795EA0141301568
B0904564202770N00044795EA0141301568
B0904574202770N00044795EA0141301568
B0904584202770N00044795EA0141201568
B0904594202770N00044795EA0141201569
B0905004202770N00044795EA0141301569
B0905014202770N00044795EA0141301569
B0905024202770N00044795EA0141201568
B0905034202770N00044795EA0141201568
B0905044202770N00044795EA0141301568
B0905054202770N00044795EA0141301569
B0905064202770N00044795EA0141301568
B0905074202770N00044795EA0141301568
B0905084202770N00044795EA0141301568
B0905094202770N00044795EA0141301568
B0905104202770N00044795EA0141301568
B0905114202770N00044795EA0141301568
B0905124202770N00044795EA0141201568
B0905134202770N00044795EA0141301568
B0905144202770N00044795EA0141301568
B0905154202770N00044795EA0141301568
B0905164202770N00044795EA0141301569
B0905174202770N00044795EA0141201569
B0905184202770N00044795EA0141301569
B0905194202770N00044795EA0141301569
B0905204202770N00044795EA0141301569
B0905214202770N00044795EA0141301569
B0905224202770N00044795EA0141301569
B0905234202770N00044795EA0141301569
B0905244202770N00044795EA0141301569
B0905254202770N00044795EA0141301569
B0905264202770N00044795EA0141301569
B0905274202770N00044795EA0141301569
B0905284202770N00044795EA0141301570
B0905294202770N00044795EA0141301570
B0905304202770N00044795EA0141301570
B0905314202770N00044795EA0141301570
B0905324202770N00044795EA0141301570
B0905334202770N00044795EA0141301570
B0905344202770N00044796EA0141301570
B0905354202770N00044796EA0141301570
B0905364202770N00044796EA0141301570
B0905374202770N00044796EA0141301570
B0905384202770N00044796EA0141301570
B0905394202770N00044796EA0141301570
B0905404202770N00044796EA0141301570
B0905414202770N00044796EA0141301570
B0905424202770N00044796EA0141301570
B0905434202770N00044796EA0141201570
B0905444202770N00044796EA0141201570
B0905454202770N00044796EA0141301570
B0905464202770N00044796EA0141301570
B0905474202770N00044796EA0141301570
B0905484202770N00044796EA0141301570
B0905494202770N00044796EA0141301570
B0905504202770N00044796EA0141301570
B0905514202770N00044796EA0141301570
B0905524202770N00044796EA0141301570
B0905534202770N00044796EA0141301570
B0905544202770N00044796EA0141301570
B0905554202770N00044796EA0141301570
B0905564202770N00044796EA0141301570
B0905574202770N00044797EA0141301570
B0905584202770N00044797EA0141301570
B0905594202770N00044797EA0141301570
B0906004202770N00044797EA0141301570
B0906014202770N00044797EA0141301570
B0906024202770N00044797EA0141301570
B0906034202770N00044797EA0141301570
B0906044202770N00044797EA0141201570
B0906054202770N00044797EA0141201570
B0906064202770N00044797EA0141201570
B0906074202770N00044797EA0141301570
B0906084202770N00044797EA0141201570
B0906094202770N00044797EA0141201570
B0906104202770N00044797EA0141301570
B0906114202770N00044797EA0141301571
B0906124202770N00044797EA0141301571
B0906134202770N00044797EA0141301571
B0906144202770N00044797EA0141301571
B0906154202770N00044797EA0141301571
B0906164202770N00044797EA0141301571
B0906174202770N00044797EA0141301571
B0906184202770N00044797EA0141301571
B0906194202770N00044797EA0141301571
B0906204202770N00044797EA0141201571
B0906214202770N00044797EA0141201571
B0906224202770N00044797EA0141201571
B0906234202770N00044797EA0141301571
B0906244202770N00044796EA0141301571
B0906254202770N00044796EA0141301570
B0906264202770N00044796EA0141301571
B0906274202770N00044796EA0141301570
B0906284202770N00044796EA0141301570
B0906294202770N00044796EA0141301570
B0906304202770N00044796EA0141301570
B0906314202770N00044796EA0141301570
B0906324202770N00044796EA0141301570
B0906334202770N00044796EA0141201570
B0906344202770N00044796EA0141301570
B0906354202770N00044796EA0141301570
B0906364202770N00044796EA0141301569
B0906374202770N00044796EA0141301569
B0906384202770N00044796EA0141201569
B0906394202770N00044796EA0141201569
B0906404202770N00044796EA0141301569
B0906414202770N00044796EA0141301569
B0906424202770N00044796EA0141201569
B0906434202770N00044796EA0141201569
B0906444202770N00044796EA0141201569
B0906454202770N00044796EA0141201569
B0906464202770N00044796EA0141201569
B0906474202770N00044796EA0141201569
B0906484202770N00044796EA0141201569
B0906494202770N00044796EA0141201569
B0906504202770N00044796EA0141201569
B0906514202770N00044796EA0141301569
B0906524202770N00044796EA0141201568
B0906534202770N00044796EA0141201568
B0906544202770N00044796EA0141201568
B0906554202770N00044796EA0141201568
B0906564202770N00044796EA0141201568
B0906574202770N00044796EA0141201568
B0906584202770N00044796EA0141201568
B0906594202769N00044796EA0141201568
B0907004202769N00044796EA0141201568
B0907014202769N00044796EA0141201568
B0907024202769N00044796EA0141201568
B0907034202769N00044796EA0141201568
B0907044202769N00044796EA0141201568
B0907054202769N00044796EA0141201568
B0907064202769N00044796EA0141301568
B0907074202769N00044796EA0141201568
B0907084202769N00044796EA0141201568
B0907094202769N00044796EA0141201568
B0907104202769N00044796EA0141301568
B0907114202769N00044796EA0141201567
B0907124202769N00044796EA0141201567
B0907134202769N00044796EA0141201567
B0907144202769N00044796EA0141301567
B0907154202769N00044796EA0141301567
B0907164202769N00044796EA0141201567
B0907174202769N00044796EA0141201567
B0907184202769N00044796EA0141201567
B0907194202769N00044796EA0141201568
B0907204202769N00044796EA0141201568
B0907214202770N00044796EA0141301568
B0907224202770N00044796EA0141201568
B0907234202770N00044796EA0141201568
B0907244202770N00044796EA0141201568
B0907254202770N00044796EA0141201568
B0907264202770N00044796EA0141201568
B0907274202770N00044796EA0141201568
B0907284202770N00044796EA0141201568
B0907294202770N00044796EA0141201569
B0907304202770N00044797EA0141301569
B0907314202770N00044797EA0141201569
B0907324202770N00044797EA0141201569
B0907334202770N00044797EA0141201569
B0907344202770N00044797EA0141201569
B0907354202770N00044797EA0141201569
B0907364202770N00044797EA0141201569
B0907374202770N00044797EA0141201569
B0907384202770N00044797EA0141201569
B0907394202770N00044797EA0141201569
B0907404202770N00044797EA0141201569
B0907414202770N00044797EA0141201570
B0907424202770N00044797EA0141201570
B0907434202770N00044797EA0141201570
B0907444202770N00044797EA0141201570
B0907454202770N00044797EA0141201570
B0907464202770N00044797EA0141201570
B0907474202770N00044797EA0141201570
B0907484202770N00044797EA0141201570
B0907494202770N00044797EA0141201570
B0907504202770N00044797EA0141201570
B0907514202770N00044797EA0141201570
B0907524202770N00044797EA0141201570
B0907534202770N00044797EA0141201570
B0907544202770N00044797EA0141201570
B0907554202770N00044797EA0141201570
B0907564202770N00044797EA0141201570
B0907574202770N00044797EA0141201570
B0907584202770N00044797EA0141201570
B0907594202770N00044797EA0141201570
B0908004202770N00044797EA0141201570
B0908014202770N00044797EA0141201570
B0908024202770N00044797EA0141201570
B0908034202770N00044797EA0141201570
B0908044202770N00044797EA0141201570
B0908054202770N00044797EA0141201570
B0908064202770N00044797EA0141201570
B0908074202770N00044797EA0141201570
B0908084202770N00044797EA0141201571
B0908094202770N00044797EA0141201570
B0908104202770N00044797EA0141201570
B0908114202770N00044797EA0141201570
B0908124202770N00044797EA0141201570
B0908134202770N00044797EA0141201570
B0908144202770N00044797EA0141201570
B0908154202770N00044797EA0141201570
B0908164202770N00044797EA0141201570
B0908174202770N00044797EA0141201570
B0908184202770N00044797EA0141201570
B0908194202770N00044797EA0141201570
B0908204202770N00044797EA0141201571
B0908214202770N00044797EA0141201571
B0908224202770N00044797EA0141201571
B0908234202770N00044797EA0141201571
B0908244202770N00044797EA0141201571
B0908254202770N00044797EA0141201571
B0908264202770N00044797EA0141201571
B0908274202770N00044797EA0141201571
B0908284202770N00044797EA0141201571
B0908294202770N00044797EA0141201571
B0908304202770N00044797EA0141201571
B0908314202770N00044797EA0141201571
B0908324202770N00044797EA0141201571
B0908334202770N00044797EA0141201571
B0908344202770N00044797EA0141201571
B0908354202770N00044797EA0141201570
B0908364202771N00044797EA0141201570
B0908374202771N00044797EA0141201570
B0908384202771N00044797EA0141201570
B0908394202771N00044797EA0141301570
B0908404202771N00044797EA0141301570
B0908414202771N00044797EA0141201570
B0908424202771N00044797EA0141201570
B0908434202771N00044797EA0141201570
B0908444202771N00044797EA0141201570
B0908454202771N00044797EA0141201570
B0908464202771N00044797EA0141201570
B0908474202770N00044797EA0141201570
B0908484202770N00044797EA0141201572
B0908494202770N00044797EA0141301572
B0908504202770N00044797EA0141301572
B0908514202771N00044797EA0141301572
B0908524202771N00044797EA0141301571
B0908534202771N00044797EA0141301571
B0908544202771N00044797EA0141301571
B0908554202770N00044797EA0141301571
B0908564202770N00044797EA0141301572
B0908574202770N00044797EA0141301572
B0908584202770N00044798EA0141301572
B0908594202770N00044797EA0141301572
B0909004202770N00044797EA0141301571
B0909014202770N00044797EA0141301571
B0909024202770N00044797EA0141301571
B0909034202770N00044797EA0141301571
B0909044202770N00044797EA0141301571
B0909054202770N00044797EA0141301571
B0909064202770N00044797EA0141301571
B0909074202770N00044797EA0141301572
B0909084202770N00044797EA0141301571
B0909094202770N00044797EA0141301571
B0909104202770N00044797EA0141301571
B0909114202770N00044797EA0141301571
B0909124202770N00044797EA0141301571
B0909134202770N00044797EA0141301571
B0909144202770N00044797EA0141301571
B0909154202770N00044797EA0141301571
B0909164202770N00044797EA0141301571
B0909174202770N00044797EA0141301571
B0909184202770N00044797EA0141301570
B0909194202770N00044797EA0141301570
B0909204202770N00044797EA0141301570
B0909214202770N00044797EA0141301570
B0909224202770N00044797EA0141301570
B0909234202770N00044797EA0141301570
B0909244202770N00044797EA0141301570
B0909254202770N00044797EA0141301570
B0909264202770N00044797EA0141301570
B0909274202770N00044797EA0141301570
B0909284202770N00044797EA0141301570
B0909294202771N00044797EA0141301570
B0909304202771N00044796EA0141301570
B0909314202771N00044796EA0141301570
B0909324202771N00044796EA0141301570
B0909334202771N00044796EA0141301570
B0909344202771N00044796EA0141301570
B0909354202771N00044796EA0141301570
B0909364202771N00044796EA0141301570
B0909374202771N00044797EA0141301570
B0909384202771N00044797EA0141301570
B0909394202771N00044796EA0141301570
B0909404202771N00044797EA0141301570
B0909414202770N00044797EA0141301570
B0909424202770N00044797EA0141301570
B0909434202770N00044797EA0141301570
B0909444202770N00044797EA0141301570
B0909454202771N00044797EA0141301569
B0909464202771N00044797EA0141301569
B0909474202771N00044797EA0141301569
B0909484202771N00044797EA0141301569
B0909494202771N00044797EA0141301569
B0909504202771N00044797EA0141301569
B0909514202771N00044797EA0141301569
B0909524202771N00044797EA0141301569
B0909534202771N00044797EA0141301569
B0909544202771N00044797EA0141301569
B0909554202771N00044797EA0141301569
B0909564202771N00044797EA0141301568
B0909574202771N00044797EA0141301568
B0909584202771N00044797EA0141301568
B0909594202770N00044797EA0141301568
B0910004202771N00044798EA0141301568
B0910014202770N00044798EA0141301568
B0910024202770N00044798EA0141301569
B0910034202770N00044798EA0141301569
B0910044202770N00044798EA0141301569
B0910054202770N00044797EA0141301569
B0910064202770N00044797EA0141301569
B0910074202770N00044797EA0141301570
B0910084202770N00044797EA0141301570
B0910094202770N00044797EA0141301571
B0910104202770N00044797EA0141301571
B0910114202770N00044797EA0141301571
B0910124202770N00044797EA0141401571
B0910134202770N00044797EA0141401571
B0910144202770N00044797EA0141301571
B0910154202770N00044797EA0141301571
B0910164202770N00044797EA0141301571
B0910174202770N00044796EA0141301571
B0910184202770N00044796EA0141301570
B0910194202770N00044795EA0141401570
B0910204202770N00044794EA0141401571
B0910214202770N00044794EA0141401572
B0910224202770N00044794EA0141401572
B0910234202770N00044794EA0141401572
B0910244202770N00044794EA0141401572
B0910254202770N00044795EA0141301570
B0910264202770N00044795EA0141301570
B0910274202770N00044795EA0141301570
B0910284202770N00044795EA0141401570
B0910294202770N00044796EA0141301571
B0910304202770N00044796EA0141301571
B0910314202770N00044795EA0141401570
B0910324202770N00044795EA0141401572
B0910334202770N00044795EA0141401572
B0910344202770N00044795EA0141301572
B0910354202770N00044794EA0141301573
B0910364202770N00044794EA0141401573
B0910374202770N00044794EA0141401573
B0910384202770N00044794EA0141401573
B0910394202770N00044794EA0141401573
B0910404202770N00044794EA0141401573
B0910414202770N00044794EA0141401573
B0910424202770N00044794EA0141401574
B0910434202770N00044795EA0141401574
B0910444202770N00044794EA0141401574
B0910454202770N00044794EA0141401574
B0910464202770N00044794EA0141401574
B0910474202770N00044794EA0141301574
B0910484202770N00044794EA0141301574
B0910494202770N00044794EA0141301574
B0910504202770N00044794EA0141301574
B0910514202770N00044794EA0141301574
B0910524202770N00044794EA0141301573
B0910534202770N00044795EA0141301574
B0910544202771N00044795EA0141301574
B0910554202771N00044795EA0141301574
B0910564202771N00044795EA0141301573
B0910574202771N00044795EA0141301573
B0910584202771N00044795EA0141301573
B0910594202771N00044795EA0141201573
B0911004202771N00044795EA0141201574
B0911014202771N00044795EA0141301574
B0911024202771N00044795EA0141301574
B0911034202771N00044796EA0141301574
B0911044202771N00044796EA0141301575
B0911054202771N00044796EA0141301574
B0911064202771N00044796EA0141301574
B0911074202771N00044795EA0141301574
B0911084202771N00044795EA0141301574
B0911094202771N00044795EA0141301574
B0911104202771N00044795EA0141301574
B0911114202771N00044795EA0141301574
B0911124202771N00044795EA0141401574
B0911134202771N00044795EA0141401574
B0911144202771N00044795EA0141401574
B0911154202771N00044795EA0141401573
B0911164202771N00044795EA0141401573
B0911174202771N00044795EA0141301573
B0911184202771N00044795EA0141301573
B0911194202771N00044795EA0141301573
B0911204202771N00044795EA0141301573
B0911214202770N00044795EA0141301573
B0911224202770N00044796EA0141301573
B0911234202770N00044796EA0141401573
B0911244202770N00044796EA0141401573
B0911254202770N00044796EA0141401573
B0911264202770N00044796EA0141401573
B0911274202770N00044796EA0141401572
B0911284202770N00044796EA0141301572
B0911294202770N00044796EA0141401572
B0911304202770N00044796EA0141401572
B0911314202771N00044796EA0141401572
B0911324202771N00044796EA0141401572
B0911334202771N00044796EA0141401571
B0911344202771N00044796EA0141401571
B0911354202771N00044796EA0141401571
B0911364202771N00044796EA0141401571
B0911374202771N00044796EA0141401571
B0911384202771N00044795EA0141301571
B0911394202771N00044795EA0141301571
B0911404202771N00044795EA0141301571
B0911414202771N00044795EA0141401571
B0911424202771N00044795EA0141401571
B0911434202771N00044796EA0141401571
B0911444202771N00044795EA0141401571
B0911454202771N00044795EA0141401571
B0911464202771N00044796EA0141401571
B0911474202771N00044796EA0141401571
B0911484202771N00044796EA0141401571
B0911494202771N00044796EA0141401571
B0911504202770N00044796EA0141401571
B0911514202770N00044796EA0141401572
B0911524202770N00044796EA0141401572
B0911534202770N00044796EA0141301572
B0911544202770N00044796EA0141301572
B0911554202770N00044796EA0141301573
B0911564202770N00044796EA0141301572
B0911574202770N00044796EA0141301572
B0911584202770N00044796EA0141301572
B0911594202770N00044796EA0141301572
B0912004202770N00044796EA0141301572
B0912014202770N00044796EA0141301571
B0912024202770N00044795EA0141301571
B0912034202770N00044795EA0141301571
B0912044202770N00044795EA0141301571
B0912054202770N00044795EA0141301571
B0912064202770N00044795EA0141301571
B0912074202771N00044796EA0141301571
B0912084202771N00044796EA0141401571
B0912094202771N00044797EA0141401572
B0912104202771N00044797EA0141401572
B0912114202771N00044797EA0141301572
B0912124202771N00044797EA0141301572
B0912134202771N00044797EA0141301571
B0912144202771N00044797EA0141301572
B0912154202771N00044797EA0141301572
B0912164202771N00044797EA0141301572
B0912174202771N00044796EA0141301572
B0912184202771N00044796EA0141301572
B0912194202770N00044796EA0141301572
B0912204202770N00044796EA0141301572
B0912214202770N00044796EA0141301572
B0912224202770N00044796EA0141301572
B0912234202770N00044796EA0141301572
B0912244202770N00044796EA0141301572
B0912254202770N00044796EA0141301572
B0912264202771N00044796EA0141201572
B0912274202771N00044796EA0141301571
B0912284202771N00044796EA0141201571
B0912294202771N00044796EA0141201571
B0912304202771N00044796EA0141201571
B0912314202770N00044796EA0141101571
B0912324202771N00044796EA0141201571
B0912334202771N00044796EA0141201570
B0912344202771N00044796EA0141301570
B0912354202771N00044796EA0141301570
B0912364202770N00044796EA0141301570
B0912374202770N00044796EA0141301571
B0912384202770N00044796EA0141301571
B0912394202770N00044796EA0141301571
B0912404202770N00044797EA0141301571
B0912414202770N00044796EA0141201571
B0912424202770N00044797EA0141301571
B0912434202771N00044797EA0141301571
B0912444202770N00044797EA0141301571
B0912454202770N00044797EA0141301571
B0912464202770N00044797EA0141301571
B0912474202770N00044797EA0141301571
B0912484202770N00044797EA0141301571
B0912494202770N00044797EA0141301570
B0912504202770N00044797EA0141301570
B0912514202770N00044797EA0141301570
B0912524202770N00044797EA0141301570
B0912534202770N00044797EA0141301571
B0912544202770N00044797EA0141201570
B0912554202771N00044797EA0141201570
B0912564202771N00044797EA0141301570
B0912574202770N00044797EA0141301570
B0912584202770N00044797EA0141301570
B0912594202770N00044797EA0141201570
B0913004202770N00044797EA0141201570
B0913014202770N00044797EA0141201570
B0913024202770N00044797EA0141301570
B0913034202770N00044797EA0141301570
B0913044202770N00044797EA0141301571
B0913054202770N00044797EA0141001571
B0913064202770N00044797EA0141401571
B0913074202770N00044797EA0141301571
B0913084202770N00044797EA0141301571
B0913094202770N00044797EA0141301571
B0913104202770N00044797EA0141301570
B0913114202770N00044797EA0141301570
B0913124202770N00044797EA0141301570
B0913134202770N00044797EA0141201570
B0913144202770N00044797EA0141201570
B0913154202770N00044796EA0141201570
B0913164202770N00044796EA0141201570
B0913174202770N00044797EA0141201570
B0913184202770N00044797EA0141301570
B0913194202770N00044797EA0141301570
B0913204202771N00044797EA0141301570
B0913214202771N00044797EA0141301570
B0913224202771N00044797EA0141301571
B0913234202771N00044797EA0141301571
B0913244202771N00044797EA0141301570
B0913254202770N00044797EA0141301571
B0913264202770N00044797EA0141301571
B0913274202770N00044797EA0141301571
B0913284202770N00044797EA0141301572
B0913294202770N00044797EA0141301572
B0913304202770N00044797EA0141301572
B0913314202770N00044797EA0141301572
B0913324202770N00044797EA0141301571
B0913334202770N00044797EA0141301571
B0913344202770N00044797EA0141301571
B0913354202770N00044797EA0141301571
B0913364202770N00044797EA0141301571
B0913374202770N00044797EA0141301571
B0913384202770N00044797EA0141301571
B0913394202770N00044797EA0141301571
B0913404202770N00044797EA0141301571
B0913414202770N00044797EA0141301571
B0913424202770N00044797EA0141301571
B0913434202771N00044797EA0141301571
B0913444202771N00044796EA0141301571
B0913454202770N00044796EA0141301571
B0913464202770N00044796EA0141301571
B0913474202770N00044796EA0141301571
B0913484202770N00044796EA0141301571
B0913494202770N00044796EA0141301571
B0913504202770N00044796EA0141301571
B0913514202771N00044796EA0141301571
B0913524202771N00044796EA0141301571
B0913534202770N00044796EA0141301571
B0913544202770N00044796EA0141301571
B0913554202770N00044796EA0141301571
B0913564202770N00044796EA0141301571
B0913574202771N00044796EA0141301571
B0913584202771N00044796EA0141301571
B0913594202771N00044796EA0141301571
B0914004202771N00044796EA0141301571
B0914014202770N00044796EA0141301571
B0914024202770N00044796EA0141301571
B0914034202770N00044796EA0141301571
B0914044202770N00044796EA0141301571
B0914054202770N00044796EA0141301571
B0914064202770N00044796EA0141301571
B0914074202770N00044796EA0141301571
B0914084202770N00044796EA0141301571
B0914094202770N00044796EA0141301571
B0914104202770N00044796EA0141201571
B0914114202770N00044796EA0141201571
B0914124202770N00044796EA0141201571
B0914134202770N00044796EA0141201571
B0914144202770N00044796EA0141201571
B0914154202770N00044796EA0141201571
B0914164202770N00044796EA0141201571
B0914174202770N00044796EA0141201571
B0914184202770N00044796EA0141201572
B0914194202770N00044796EA0141201572
B0914204202770N00044796EA0141201572
B0914214202770N00044797EA0141201572
B0914224202770N00044797EA0141201572
B0914234202770N00044797EA0141201572
B0914244202770N00044797EA0141201572
B0914254202770N00044797EA0141201572
B0914264202770N00044797EA0141201572
B0914274202770N00044797EA0141201572
B0914284202770N00044797EA0141301572
B0914294202770N00044797EA0141301572
B0914304202770N00044797EA0141301573
B0914314202770N00044797EA0141301573
B0914324202770N00044797EA0141301573
B0914334202770N00044797EA0141301573
B0914344202770N00044797EA0141301573
B0914354202770N00044797EA0141301573
B0914364202770N00044797EA0141201573
B0914374202770N00044797EA0141301573
B0914384202770N00044797EA0141301573
B0914394202770N00044797EA0141301573
B0914404202770N00044797EA0141301573
B0914414202770N00044797EA0141301573
B0914424202770N00044797EA0141301573
B0914434202770N00044797EA0141301573
B0914444202770N00044797EA0141301573
B0914454202770N00044797EA0141301573
B0914464202770N00044797EA0141301573
B0914474202770N00044797EA0141301573
B0914484202770N00044797EA0141301573
B0914494202770N00044797EA0141301573
B0914504202770N00044797EA0141301573
B0914514202770N00044797EA0141301573
B0914524202770N00044797EA0141301573
B0914534202770N00044797EA0141301573
B0914544202770N00044797EA0141301573
B0914554202770N00044797EA0141301573
B0914564202770N00044797EA0141301573
B0914574202770N00044797EA0141201572
B0914584202770N00044797EA0141201572
B0914594202770N00044797EA0141301572
B0915004202770N00044797EA0141301572
B0915014202770N00044797EA0141301572
B0915024202770N00044797EA0141301572
B0915034202770N00044797EA0141301572
B0915044202770N00044797EA0141301572
B0915054202770N00044797EA0141301572
B0915064202770N00044797EA0141301572
B0915074202770N00044797EA0141301572
B0915084202770N00044797EA0141301572
B0915094202770N00044797EA0141301572
B0915104202770N00044797EA0141201572
B0915114202770N00044797EA0141201572
B0915124202770N00044797EA0141201572
B0915134202770N00044797EA0141201572
B0915144202770N00044797EA0141201572
B0915154202770N00044797EA0141201572
B0915164202770N00044797EA0141301572
B0915174202770N00044797EA0141201572
B0915184202770N00044797EA0141201572
B0915194202770N00044797EA0141301572
B0915204202770N00044797EA0141301572
B0915214202770N00044797EA0141301572
B0915224202770N00044797EA0141301572
B0915234202770N00044797EA0141301572
B0915244202770N00044797EA0141301572
B0915254202770N00044797EA0141301572
B0915264202770N00044797EA0141301572
B0915274202770N00044797EA0141301572
B0915284202770N00044797EA0141301572
B0915294202770N00044797EA0141301572
B0915304202770N00044797EA0141301572
B0915314202770N00044797EA0141301572
B0915324202770N00044797EA0141301572
B0915334202770N00044797EA0141301572
B0915344202770N00044797EA0141301572
B0915354202770N00044797EA0141301572
B0915364202770N00044797EA0141301572
B0915374202770N00044797EA0141301572
B0915384202770N00044797EA0141301572
B0915394202770N00044797EA0141301572
B0915404202770N00044797EA0141301572
B0915414202770N00044797EA0141301572
B0915424202770N00044797EA0141301572
B0915434202770N00044797EA0141301572
B0915444202770N00044797EA0141301572
B0915454202770N00044797EA0141301572
B0915464202770N00044797EA0141301572
B0915474202770N00044797EA0141301572
B0915484202770N00044797EA0141201572
B0915494202770N00044797EA0141301572
B0915504202770N00044797EA0141301572
B0915514202770N00044797EA0141301572
B0915524202770N00044797EA0141301573
B0915534202770N00044797EA0141301573
B0915544202770N00044797EA0141301573
B0915554202770N00044797EA0141301573
B0915564202770N00044797EA0141301573
B0915574202770N00044797EA0141301573
B0915584202770N00044797EA0141301573
B0915594202770N00044797EA0141301573
B0916004202770N00044797EA0141301573
B0916014202770N00044797EA0141301573
B0916024202770N00044797EA0141301573
B0916034202770N00044797EA0141301573
B0916044202770N00044797EA0141301573
B0916054202770N00044797EA0141201573
B0916064202770N00044797EA0141301573
B0916074202770N00044797EA0141301573
B0916084202770N00044797EA0141301573
B0916094202770N00044797EA0141301573
B0916104202770N00044797EA0141301573
B0916114202770N00044797EA0141301573
B0916124202770N00044797EA0141201573
B0916134202770N00044797EA0141201573
B0916144202770N00044797EA0141301573
B0916154202770N00044797EA0141301573
B0916164202770N00044797EA0141301573
B0916174202770N00044797EA0141301573
B0916184202770N00044797EA0141301573
B0916194202770N00044797EA0141301573
B0916204202770N00044797EA0141301573
B0916214202770N00044797EA0141301573
B0916224202770N00044797EA0141301573
B0916234202770N00044797EA0141301573
B0916244202770N00044797EA0141301573
B0916254202770N00044797EA0141301572
B0916264202770N00044797EA0141301572
B0916274202770N00044797EA0141201572
B0916284202770N00044797EA0141301572
B0916294202770N00044797EA0141301572
B0916304202770N00044797EA0141301572
B0916314202770N00044797EA0141201572
B0916324202770N00044797EA0141201572
B0916334202770N00044797EA0141201572
B0916344202770N00044797EA0141201572
B0916354202770N00044797EA0141301572
B0916364202770N00044797EA0141301572
B0916374202770N00044797EA0141301572
B0916384202770N00044797EA0141301572
B0916394202770N00044797EA0141201573
B0916404202770N00044797EA0141201573
B0916414202770N00044797EA0141201573
B0916424202770N00044797EA0141301573
B0916434202770N00044797EA0141201573
B0916444202770N00044797EA0141201573
B0916454202770N00044797EA0141201573
B0916464202770N00044797EA0141201573
B0916474202770N00044797EA0141201573
B0916484202770N00044797EA0141301573
B0916494202770N00044797EA0141301573
B0916504202770N00044797EA0141301573
B0916514202770N00044797EA0141301573
B0916524202770N00044797EA0141301573
B0916534202770N00044797EA0141201573
B0916544202770N00044797EA0141201573
B0916554202770N00044797EA0141201573
B0916564202770N00044797EA0141301573
B0916574202770N00044797EA0141201573
B0916584202770N00044797EA0141201573
B0916594202770N00044797EA0141201573
B0917004202770N00044797EA0141301573
B0917014202770N00044797EA0141301573
B0917024202770N00044797EA0141301573
B0917034202770N00044797EA0141301573
B0917044202770N00044797EA0141301573
B0917054202770N00044797EA0141201573
B0917064202770N00044797EA0141301574
B0917074202770N00044797EA0141301574
B0917084202770N00044797EA0141301574
B0917094202770N00044797EA0141301574
B0917104202770N00044797EA0141201574
B0917114202770N00044797EA0141201574
B0917124202770N00044797EA0141201574
B0917134202770N00044797EA0141201574
B0917144202770N00044797EA0141201574
B0917154202770N00044797EA0141201574
B0917164202770N00044797EA0141201574
B0917174202770N00044797EA0141201574
B0917184202770N00044797EA0141201574
B0917194202770N00044797EA0141201574
B0917204202770N00044797EA0141201574
B0917214202770N00044797EA0141201574
B0917224202770N00044797EA0141201574
B0917234202770N00044797EA0141201574
B0917244202770N00044797EA0141201574
B0917254202770N00044797EA0141201574
B0917264202770N00044797EA0141201574
B0917274202770N00044797EA0141201574
B0917284202770N00044797EA0141201574
B0917294202770N00044797EA0141201574
B0917304202770N00044797EA0141301574
B0917314202770N00044797EA0141301574
B0917324202770N00044797EA0141301574
B0917334202770N00044797EA0141301574
B0917344202770N00044797EA0141301574
B0917354202770N00044797EA0141301574
B0917364202770N00044797EA0141301574
B0917374202770N00044797EA0141301574
B0917384202770N00044797EA0141301574
B0917394202770N00044797EA0141301574
B0917404202770N00044797EA0141301574
B0917414202770N00044797EA0141301574
B0917424202770N00044797EA0141301574
B0917434202770N00044797EA0141301574
B0917444202770N00044797EA0141301574
B0917454202770N00044797EA0141301574
B0917464202770N00044797EA0141201574
B0917474202770N00044797EA0141201574
B0917484202770N00044797EA0141201574
B0917494202770N00044797EA0141201574
B0917504202770N00044797EA0141201574
B0917514202770N00044797EA0141201574
B0917524202770N00044797EA0141201574
B0917534202770N00044797EA0141201574
B0917544202770N00044797EA0141201574
B0917554202770N00044797EA0141201574
B0917564202770N00044797EA0141201574
B0917574202770N00044797EA0141201574
B0917584202770N00044797EA0141201574
B0917594202770N00044797EA0141201574
B0918004202770N00044797EA0141201574
B0918014202770N00044797EA0141201574
B0918024202770N00044797EA0141201574
B0918034202770N00044797EA0141201574
B0918044202770N00044797EA0141201574
B0918054202770N00044797EA0141201574
B0918064202770N00044797EA0141201574
B0918074202770N00044797EA0141201574
B0918084202770N00044797EA0141201574
B0918094202770N00044797EA0141201574
B0918104202770N00044797EA0141201573
B0918114202770N00044797EA0141201573
B0918124202770N00044797EA0141201573
B0918134202770N00044797EA0141201573
B0918144202770N00044797EA0141201573
B0918154202770N00044797EA0141201573
B0918164202770N00044797EA0141201573
B0918174202770N00044797EA0141201573
B0918184202770N00044797EA0141201573
B0918194202770N00044797EA0141301573
B0918204202770N00044797EA0141301573
B0918214202770N00044797EA0141201573
B0918224202770N00044797EA0141201573
B0918234202770N00044797EA0141201573
B0918244202770N00044797EA0141201573
B0918254202770N00044797EA0141201573
B0918264202770N00044797EA0141201573
B0918274202770N00044797EA0141201573
B0918284202770N00044797EA0141201573
B0918294202770N00044797EA0141201573
B0918304202770N00044797EA0141201573
B0918314202770N00044797EA0141201573
B0918324202770N00044797EA0141201573
B0918334202770N00044797EA0141201573
B0918344202770N00044797EA0141201573
B0918354202770N00044797EA0141201573
B0918364202770N00044797EA0141201573
B0918374202770N00044797EA0141201573
B0918384202770N00044797EA0141201573
B0918394202770N00044797EA0141301573
B0918404202770N00044797EA0141201573
B0918414202770N00044797EA0141201573
B0918424202770N00044797EA0141201573
B0918434202770N00044797EA0141201573
B0918444202770N00044797EA0141201573
B0918454202770N00044797EA0141201573
B0918464202770N00044797EA0141201573
B0918474202770N00044797EA0141301573
B0918484202770N00044797EA0141201573
B0918494202770N00044797EA0141201573
B0918504202770N00044797EA0141201573
B0918514202770N00044797EA0141201573
B0918524202770N00044797EA0141201573
B0918534202770N00044797EA0141201573
B0918544202770N00044797EA0141201573
B0918554202770N00044797EA0141201573
B0918564202770N00044797EA0141301573
B0918574202770N00044797EA0141201573
B0918584202770N00044797EA0141201573
B0918594202770N00044797EA0141201573
B0919004202770N00044797EA0141201573
B0919014202770N00044797EA0141201573
B0919024202770N00044797EA0141201573
B0919034202770N00044797EA0141201573
B0919044202770N00044797EA0141201573
B0919054202770N00044797EA0141201573
B0919064202770N00044797EA0141201573
B0919074202770N00044797EA0141201573
B0919084202770N00044797EA0141201573
B0919094202770N00044797EA0141201573
B0919104202770N00044797EA0141201573
B0919114202770N00044797EA0141201573
B0919124202770N00044797EA0141201573
B0919134202770N00044797EA0141201573
B0919144202770N00044797EA0141201573
B0919154202770N00044797EA0141201573
B0919164202770N00044797EA0141201573
B0919174202770N00044797EA0141201573
B0919184202770N00044797EA0141201573
B0919194202770N00044797EA0141201573
B0919204202770N00044797EA0141201573
B0919214202770N00044797EA0141201573
B0919224202770N00044797EA0141201573
B0919234202770N00044797EA0141201573
B0919244202770N00044797EA0141201573
B0919254202770N00044797EA0141201573
B0919264202770N00044797EA0141201573
B0919274202770N00044797EA0141201573
B0919284202770N00044797EA0141201573
B0919294202770N00044797EA0141201573
B0919304202770N00044797EA0141201573
B0919314202770N00044797EA0141201573
B0919324202770N00044797EA0141201574
B0919334202770N00044797EA0141201574
B0919344202770N00044797EA0141201574
B0919354202770N00044797EA0141201574
B0919364202770N00044797EA0141201574
B0919374202770N00044797EA0141201574
B0919384202770N00044797EA0141201574
B0919394202770N00044797EA0141201574
B0919404202770N00044797EA0141201574
B0919414202770N00044797EA0141201574
B0919424202770N00044797EA0141201574
B0919434202770N00044797EA0141201574
B0919444202770N00044797EA0141201574
B0919454202770N00044797EA0141201574
B0919464202770N00044797EA0141201574
B0919474202770N00044797EA0141201574
B0919484202770N00044797EA0141201574
B0919494202770N00044797EA0141201574
B0919504202770N00044796EA0141201574
B0919514202770N00044796EA0141201574
B0919524202770N00044796EA0141201574
B0919534202770N00044796EA0141201574
B0919544202770N00044796EA0141201574
B0919554202770N00044796EA0141201574
B0919564202770N00044796EA0141201574
B0919574202770N00044796EA0141201574
B0919584202770N00044796EA0141201574
B0919594202770N00044796EA0141201574
B0920004202770N00044796EA0141201574
B0920014202770N00044796EA0141201574
B0920024202770N00044796EA0141201574
B0920034202770N00044796EA0141201574
B0920044202770N00044796EA0141201574
B0920054202770N00044796EA0141201574
B0920064202770N00044796EA0141201574
B0920074202770N00044796EA0141201574
B0920084202770N00044796EA0141201574
B0920094202770N00044796EA0141201574
B0920104202770N00044796EA0141201574
B0920114202770N00044796EA0141201574
B0920124202770N00044796EA0141201574
B0920134202771N00044796EA0141201574
B0920144202771N00044796EA0141201574
B0920154202771N00044796EA0141201574
B0920164202771N00044796EA0141201574
B0920174202771N00044796EA0141201574
B0920184202771N00044796EA0141201574
B0920194202771N00044796EA0141201574
B0920204202771N00044796EA0141201574
B0920214202771N00044796EA0141201574
B0920224202771N00044796EA0141201574
B0920234202771N00044796EA0141201574
B0920244202771N00044796EA0141201574
B0920254202771N00044796EA0141201574
B0920264202771N00044796EA0141201573
B0920274202770N00044796EA0141201573
B0920284202770N00044796EA0141201573
B0920294202770N00044796EA0141201573
B0920304202770N00044796EA0141201573
B0920314202770N00044796EA0141201573
B0920324202770N00044796EA0141201573
B0920334202770N00044796EA0141201573
B0920344202770N00044796EA0141201573
B0920354202770N00044796EA0141201573
B0920364202770N00044796EA0141201573
B0920374202770N00044796EA0141201573
B0920384202770N00044796EA0141201573
B0920394202770N00044796EA0141201573
B0920404202770N00044796EA0141201573
B0920414202770N00044796EA0141201573
B0920424202770N00044796EA0141201573
B0920434202770N00044796EA0141201573
B0920444202770N00044796EA0141201573
B0920454202770N00044796EA0141201573
B0920464202770N00044796EA0141201573
B0920474202770N00044796EA0141201573
B0920484202770N00044796EA0141201573
B0920494202770N00044796EA0141201573
B0920504202770N00044796EA0141201573
B0920514202770N00044796EA0141201573
B0920524202770N00044796EA0141201573
B0920534202770N00044796EA0141201573
B0920544202770N00044796EA0141201573
B0920554202770N00044796EA0141201573
B0920564202770N00044796EA0141201573
B0920574202770N00044796EA0141201573
B0920584202770N00044796EA0141201573
B0920594202770N00044796EA0141201573
B0921004202770N00044796EA0141201573
B0921014202770N00044796EA0141201573
B0921024202770N00044796EA0141201573
B0921034202770N00044796EA0141201573
B0921044202770N00044796EA0141201573
B0921054202770N00044796EA0141201573
B0921064202770N00044796EA0141201573
B0921074202770N00044796EA0141201573
B0921084202770N00044797EA0141201573
B0921094202770N00044797EA0141201573
B0921104202770N00044797EA0141201573
B0921114202771N00044797EA0141201573
B0921124202771N00044797EA0141201573
B0921134202771N00044797EA0141201573
B0921144202771N00044797EA0141201573
B0921154202771N00044797EA0141201573
B0921164202770N00044797EA0141201573
B0921174202770N00044797EA0141201573
B0921184202770N00044797EA0141201573
B0921194202771N00044797EA0141201573
B0921204202771N00044797EA0141201573
B0921214202771N00044797EA0141201573
B0921224202771N00044797EA0141201573
B0921234202771N00044797EA0141201573
B0921244202771N00044797EA0141201573
B0921254202771N00044797EA0141201573
B0921264202771N00044797EA0141201573
B0921274202771N00044797EA0141201573
B0921284202771N00044797EA0141201573
B0921294202771N00044797EA0141201573
B0921304202771N00044797EA0141201573
B0921314202771N00044797EA0141201573
B0921324202771N00044797EA0141201573
B0921334202771N00044797EA0141201573
B0921344202771N00044797EA0141201573
B0921354202771N00044797EA0141201573
B0921364202771N00044797EA0141201573
B0921374202771N00044797EA0141201573
B0921384202771N00044797EA0141201573
B0921394202771N00044797EA0141201573
B0921404202771N00044797EA0141201573
B0921414202771N00044797EA0141201573
B0921424202771N00044797EA0141201573
B0921434202771N00044797EA0141201573
B0921444202770N00044797EA0141201573
B0921454202770N00044797EA0141201573
B0921464202770N00044797EA0141201573
B0921474202770N00044797EA0141201573
B0921484202770N00044797EA0141201573
B0921494202770N00044797EA0141201573
B0921504202770N00044797EA0141201573
B0921514202770N00044797EA0141201573
B0921524202770N00044797EA0141201573
B0921534202770N00044797EA0141201573
B0921544202770N00044797EA0141201573
B0921554202770N00044797EA0141201573
B0921564202770N00044797EA0141201573
B0921574202770N00044797EA0141201573
B0921584202770N00044797EA0141201573
B0921594202770N00044797EA0141201573
B0922004202770N00044797EA0141201573
B0922014202770N00044797EA0141201573
B0922024202770N00044797EA0141201573
B0922034202770N00044797EA0141201573
B0922044202770N00044797EA0141201573
B0922054202770N00044797EA0141201573
B0922064202770N00044797EA0141201573
B0922074202770N00044797EA0141201573
B0922084202770N00044797EA0141201573
B0922094202770N00044797EA0141201573
B0922104202770N00044797EA0141201573
B0922114202770N00044797EA0141201573
B0922124202770N00044797EA0141201573
B0922134202770N00044797EA0141201573
B0922144202770N00044797EA0141201573
B0922154202770N00044797EA0141201573
B0922164202770N00044797EA0141201573
B0922174202770N00044797EA0141201573
B0922184202770N00044797EA0141201573
B0922194202770N00044797EA0141201573
B0922204202770N00044797EA0141201573
B0922214202770N00044797EA0141201573
B0922224202770N00044797EA0141201573
B0922234202770N00044797EA0141201573
B0922244202770N00044797EA0141201573
B0922254202770N00044797EA0141201573
B0922264202770N00044797EA0141201573
B0922274202770N00044797EA0141201573
B0922284202770N00044797EA0141201573
B0922294202770N00044797EA0141201573
B0922304202770N00044797EA0141201573
B0922314202770N00044797EA0141201573
B0922324202770N00044797EA0141201573
B0922334202770N00044797EA0141201573
B0922344202770N00044797EA0141201573
B0922354202770N00044797EA0141201573
B0922364202770N00044797EA0141201573
B0922374202770N00044797EA0141201573
B0922384202770N00044797EA0141201573
B0922394202770N00044798EA0141201573
B0922404202770N00044798EA0141201573
B0922414202770N00044798EA0141201573
B0922424202770N00044798EA0141201573
B0922434202770N00044798EA0141201573
B0922444202770N00044798EA0141201573
B0922454202770N00044798EA0141201573
B0922464202770N00044798EA0141201573
B0922474202770N00044798EA0141201573
B0922484202770N00044798EA0141201573
B0922494202770N00044798EA0141201573
B0922504202770N00044798EA0141201573
B0922514202770N00044798EA0141201573
B0922524202770N00044798EA0141201573
B0922534202770N00044798EA0141201573
B0922544202770N00044798EA0141201572
B0922554202770N00044798EA0141201572
B0922564202770N00044798EA0141201572
B0922574202770N00044798EA0141201572
B0922584202770N00044798EA0141201572
B0922594202770N00044798EA0141301572
B0923004202770N00044798EA0141201572
B0923014202770N00044798EA0141201572
B0923024202770N00044798EA0141201572
B0923034202770N00044798EA0141201572
B0923044202770N00044798EA0141201572
B0923054202770N00044798EA0141201572
B0923064202770N00044798EA0141201572
B0923074202770N00044798EA0141201572
B0923084202770N00044798EA0141201572
B0923094202770N00044798EA0141201572
B0923104202770N00044798EA0141201572
B0923114202770N00044798EA0141201572
B0923124202770N00044798EA0141201572
B0923134202770N00044798EA0141201572
B0923144202770N00044798EA0141201572
B0923154202770N00044798EA0141201572
B0923164202770N00044798EA0141201572
B0923174202770N00044798EA0141201572
B0923184202770N00044798EA0141201572
B0923194202770N00044798EA0141201572
B0923204202770N00044798EA0141201572
B0923214202770N00044798EA0141201572
B0923224202770N00044798EA0141201572
B0923234202770N00044798EA0141201572
B0923244202770N00044798EA0141201572
B0923254202770N00044798EA0141201572
B0923264202770N00044798EA0141201572
B0923274202770N00044798EA0141201572
B0923284202770N00044798EA0141201572
B0923294202770N00044798EA0141201572
B0923304202770N00044798EA0141201571
B0923314202770N00044798EA0141201571
B0923324202770N00044798EA0141201571
B0923334202770N00044798EA0141201571
B0923344202770N00044798EA0141201571
B0923354202770N00044798EA0141201571
B0923364202770N00044798EA0141201571
B0923374202771N00044798EA0141201571
B0923384202771N00044798EA0141201571
B0923394202771N00044798EA0141101571
B0923404202770N00044798EA0141101571
B0923414202770N00044798EA0141201571
B0923424202770N00044798EA0141201571
B0923434202770N00044798EA0141201571
B0923444202770N00044798EA0141201571
B0923454202771N00044798EA0141201571
B0923464202771N00044798EA0141201571
B0923474202771N00044798EA0141201571
B0923484202771N00044798EA0141201571
B0923494202771N00044798EA0141201571
B0923504202771N00044798EA0141201571
B0923514202771N00044798EA0141201571
B0923524202771N00044798EA0141201571
B0923534202771N00044798EA0141201571
B0923544202771N00044798EA0141201571
B0923554202771N00044798EA0141201571
B0923564202771N00044798EA0141201571
B0923574202771N00044798EA0141201571
B0923584202771N00044798EA0141201571
B0923594202771N00044798EA0141201571
B0924004202771N00044798EA0141201571
B0924014202771N00044798EA0141201571
B0924024202771N00044798EA0141201571
B0924034202770N00044798EA0141201571
B0924044202770N00044798EA0141201571
B0924054202770N00044798EA0141201571
B0924064202770N00044798EA0141201571
B0924074202770N00044798EA0141201571
B0924084202770N00044798EA0141201571
B0924094202770N00044798EA0141201571
B0924104202770N00044798EA0141201571
B0924114202770N00044798EA0141201571
B0924124202770N00044798EA0141201571
B0924134202770N00044798EA0141201571
B0924144202770N00044798EA0141201571
B0924154202770N00044798EA0141201571
B0924164202770N00044798EA0141201571
B0924174202770N00044798EA0141201571
B0924184202770N00044798EA0141201571
B0924194202770N00044798EA0141201571
B0924204202770N00044798EA0141201571
B0924214202770N00044798EA0141201571
B0924224202770N00044798EA0141201571
B0924234202770N00044798EA0141201571
B0924244202770N00044798EA0141201570
B0924254202770N00044798EA0141201570
B0924264202770N00044798EA0141201570
B0924274202770N00044798EA0141201570
B0924284202770N00044798EA0141201570
B0924294202770N00044798EA0141201570
B0924304202770N00044798EA0141201570
B0924314202770N00044798EA0141201570
B0924324202770N00044798EA0141201570
B0924334202770N00044798EA0141201570
B0924344202770N00044798EA0141201570
B0924354202770N00044798EA0141201570
B0924364202770N00044798EA0141201570
B0924374202770N00044798EA0141201570
B0924384202770N00044798EA0141201570
B0924394202770N00044798EA0141201570
B0924404202770N00044798EA0141201570
B0924414202770N00044798EA0141201570
B0924424202770N00044798EA0141201570
B0924434202770N00044798EA0141201570
B0924444202770N00044798EA0141201570
B0924454202770N00044798EA0141201570
B0924464202770N00044798EA0141201570
B0924474202770N00044798EA0141201570
B0924484202770N00044798EA0141201570
B0924494202770N00044798EA0141201570
B0924504202770N00044798EA0141201570
B0924514202770N00044798EA0141201570
B0924524202770N00044798EA0141201570
B0924534202770N00044798EA0141201570
B0924544202770N00044798EA0141201570
B0924554202770N00044798EA0141201570
B0924564202770N00044798EA0141201570
B0924574202770N00044798EA0141201570
B0924584202770N00044798EA0141201570
B0924594202770N00044798EA0141201570
B0925004202770N00044798EA0141201570
B0925014202770N00044798EA0141201570
B0925024202770N00044798EA0141201570
B0925034202770N00044798EA0141201570
B0925044202770N00044798EA0141201570
B0925054202770N00044798EA0141201570
B0925064202770N00044798EA0141201570
B0925074202770N00044798EA0141201570
B0925084202770N00044798EA0141201570
B0925094202770N00044798EA0141201570
B0925104202770N00044798EA0141201570
B0925114202770N00044798EA0141201570
B0925124202770N00044798EA0141201570
B0925134202770N00044798EA0141201570
B0925144202770N00044798EA0141201570
B0925154202770N00044798EA0141201570
B0925164202770N00044798EA0141201570
B0925174202770N00044798EA0141201570
B0925184202770N00044798EA0141201570
B0925194202770N00044798EA0141201570
B0925204202770N00044798EA0141201570
B0925214202770N00044798EA0141201570
B0925224202770N00044798EA0141201570
B0925234202770N00044798EA0141201570
B0925244202770N00044798EA0141201570
B0925254202770N00044798EA0141201570
B0925264202770N00044798EA0141201570
B0925274202770N00044798EA0141201570
B0925284202770N00044798EA0141201570
B0925294202770N00044798EA0141201570
B0925304202770N00044798EA0141201570
B0925314202770N00044798EA0141201571
B0925324202770N00044798EA0141201571
B0925334202770N00044798EA0141201571
B0925344202770N00044798EA0141201571
B0925354202770N00044798EA0141201571
B0925364202770N00044798EA0141201571
B0925374202770N00044798EA0141201571
B0925384202770N00044798EA0141201571
B0925394202770N00044798EA0141201571
B0925404202770N00044798EA0141201571
B0925414202770N00044798EA0141201571
B0925424202770N00044798EA0141201571
B0925434202770N00044798EA0141201571
B0925444202770N00044798EA0141201571
B0925454202770N00044798EA0141201571
B0925464202770N00044798EA0141201571
B0925474202770N00044798EA0141201571
B0925484202770N00044798EA0141201571
B0925494202770N00044798EA0141301571
B0925504202770N00044797EA0141301570
B0925514202770N00044797EA0141201570
B0925524202770N00044797EA0141301571
B0925534202770N00044797EA0141301571
B0925544202770N00044797EA0141201571
B0925554202770N00044797EA0141201571
B0925564202770N00044797EA0141201571
B0925574202770N00044797EA0141201571
B0925584202770N00044797EA0141201571
B0925594202770N00044797EA0141201571
B0926004202770N00044797EA0141301571
B0926014202770N00044797EA0141301571
B0926024202770N00044797EA0141201571
B0926034202770N00044797EA0141201571
B0926044202770N00044797EA0141201571
B0926054202770N00044797EA0141201571
B0926064202770N00044797EA0141201571
B0926074202770N00044797EA0141201571
B0926084202770N00044797EA0141201571
B0926094202770N00044797EA0141201571
B0926104202770N00044797EA0141201571
B0926114202770N00044797EA0141201571
B0926124202770N00044797EA0141201571
B0926134202770N00044797EA0141201571
B0926144202770N00044797EA0141201571
B0926154202770N00044797EA0141301571
B0926164202770N00044797EA0141301571
B0926174202770N00044797EA0141201571
B0926184202770N00044797EA0141201571
B0926194202770N00044797EA0141201571
B0926204202770N00044797EA0141301571
B0926214202770N00044797EA0141201571
B0926224202770N00044797EA0141201571
B0926234202770N00044797EA0141301571
B0926244202770N00044797EA0141301571
B0926254202770N00044797EA0141301571
B0926264202770N00044797EA0141301571
B0926274202770N00044797EA0141301571
B0926284202770N00044797EA0141301571
B0926294202770N00044797EA0141301571
B0926304202770N00044797EA0141301571
B0926314202770N00044797EA0141301571
B0926324202770N00044798EA0141301571
B0926334202770N00044798EA0141301571
B0926344202770N00044798EA0141301571
B0926354202770N00044798EA0141301571
B0926364202770N00044798EA0141301571
B0926374202770N00044798EA0141301571
B0926384202770N00044798EA0141201571
B0926394202770N00044798EA0141201571
B0926404202770N00044798EA0141201571
B0926414202770N00044798EA0141201571
B0926424202770N00044797EA0141201571
B0926434202770N00044797EA0141201571
B0926444202770N00044797EA0141201571
B0926454202770N00044797EA0141201571
B0926464202770N00044797EA0141201571
B0926474202770N00044797EA0141201571
B0926484202770N00044797EA0141301571
B0926494202770N00044797EA0141301571
B0926504202770N00044797EA0141301571
B0926514202770N00044797EA0141301571
B0926524202770N00044797EA0141301571
B0926534202770N00044797EA0141201571
B0926544202770N00044797EA0141201571
B0926554202770N00044797EA0141201571
B0926564202770N00044797EA0141201571
B0926574202770N00044797EA0141201571
B0926584202770N00044797EA0141201571
B0926594202770N00044797EA0141201571
B0927004202770N00044797EA0141201571
B0927014202770N00044797EA0141201571
B0927024202770N00044797EA0141201571
B0927034202770N00044797EA0141201571
B0927044202770N00044797EA0141201571
B0927054202770N00044797EA0141201571
B0927064202770N00044797EA0141201571
B0927074202770N00044797EA0141201571
B0927084202770N00044797EA0141201571
B0927094202770N00044797EA0141201571
B0927104202770N00044797EA0141201571
B0927114202770N00044797EA0141201571
B0927124202770N00044797EA0141201571
B0927134202770N00044797EA0141301571
B0927144202770N00044797EA0141201571
B0927154202770N00044797EA0141201571
B0927164202770N00044797EA0141201571
B0927174202770N00044797EA0141201571
B0927184202770N00044797EA0141201571
B0927194202770N00044797EA0141201571
B0927204202770N00044797EA0141301571
B0927214202770N00044797EA0141201571
B0927224202770N00044797EA0141201571
B0927234202770N00044797EA0141201571
B0927244202770N00044797EA0141201571
B0927254202770N00044797EA0141201571
B0927264202770N00044797EA0141201571
B0927274202770N00044797EA0141201571
B0927284202770N00044796EA0141201571
B0927294202770N00044796EA0141201571
B0927304202770N00044796EA0141201571
B0927314202770N00044796EA0141201571
B0927324202770N00044796EA0141201571
B0927334202770N00044796EA0141201571
B0927344202770N00044796EA0141201571
B0927354202770N00044796EA0141201571
B0927364202770N00044796EA0141201571
B0927374202770N00044796EA0141201571
B0927384202770N00044796EA0141201571
B0927394202770N00044796EA0141201571
B0927404202770N00044796EA0141201571
B0927414202770N00044796EA0141201571
B0927424202770N00044796EA0141201571
B0927434202770N00044796EA0141201571
B0927444202770N00044796EA0141201571
B0927454202770N00044796EA0141201571
B0927464202770N00044796EA0141201571
B0927474202770N00044796EA0141201571
B0927484202770N00044796EA0141201571
B0927494202770N00044796EA0141201570
B0927504202770N00044796EA0141201570
B0927514202770N00044796EA0141201570
B0927524202770N00044796EA0141201570
B0927534202770N00044796EA0141301570
B0927544202770N00044796EA0141201570
B0927554202770N00044796EA0141201570
B0927564202770N00044796EA0141201570
B0927574202770N00044796EA0141301570
B0927584202770N00044796EA0141301570
B0927594202770N00044796EA0141301570
B0928004202770N00044796EA0141201570
B0928014202769N00044796EA0141201570
B0928024202769N00044796EA0141201570
B0928034202769N00044796EA0141201570
B0928044202769N00044796EA0141201570
B0928054202769N00044796EA0141201570
B0928064202769N00044796EA0141201570
B0928074202769N00044796EA0141201570
B0928084202769N00044796EA0141201570
B0928094202769N00044796EA0141201570
B0928104202769N00044796EA0141201570
B0928114202769N00044796EA0141201570
B0928124202769N00044796EA0141201570
B0928134202769N00044796EA0141201569
B0928144202769N00044796EA0141201569
B0928154202769N00044796EA0141201569
B0928164202769N00044796EA0141201569
B0928174202769N00044796EA0141201569
B0928184202769N00044796EA0141201569
B0928194202769N00044796EA0141201569
B0928204202769N00044796EA0141201569
B0928214202769N00044796EA0141201569
B0928224202769N00044796EA0141201569
B0928234202769N00044796EA0141201569
B0928244202769N00044796EA0141201569
B0928254202769N00044796EA0141201569
B0928264202769N00044796EA0141201570
B0928274202769N00044796EA0141201570
B0928284202769N00044796EA0141201570
B0928294202769N00044796EA0141201570
B0928304202769N00044796EA0141201570
B0928314202769N00044796EA0141201570
B0928324202769N00044796EA0141201570
B0928334202769N00044796EA0141201570
B0928344202769N00044796EA0141201570
B0928354202769N00044796EA0141201570
B0928364202769N00044796EA0141201570
B0928374202769N00044796EA0141201570
B0928384202769N00044796EA0141201570
B0928394202769N00044796EA0141201570
B0928404202769N00044796EA0141201570
B0928414202769N00044796EA0141201570
B0928424202769N00044796EA0141201570
B0928434202769N00044795EA0141201570
B0928444202769N00044795EA0141201570
B0928454202769N00044795EA0141201570
B0928464202769N00044795EA0141201570
B0928474202769N00044795EA0141201570
B0928484202769N00044795EA0141201570
B0928494202769N00044795EA0141201570
B0928504202769N00044795EA0141201570
B0928514202769N00044795EA0141201570
B0928524202769N00044795EA0141201570
B0928534202769N00044795EA0141201570
B0928544202769N00044795EA0141201570
B0928554202769N00044795EA0141201570
B0928564202769N00044795EA0141201570
B0928574202769N00044795EA0141201570
B0928584202769N00044795EA0141201570
B0928594202769N00044795EA0141201569
B0929004202769N00044795EA0141201569
B0929014202769N00044795EA0141201569
B0929024202769N00044795EA0141201569
B0929034202769N00044795EA0141201569
B0929044202769N00044795EA0141201569
B0929054202769N00044795EA0141201569
B0929064202769N00044795EA0141201569
B0929074202769N00044795EA0141201569
B0929084202769N00044795EA0141201569
B0929094202769N00044795EA0141201569
B0929104202769N00044795EA0141201569
B0929114202769N00044795EA0141201569
B0929124202769N00044795EA0141201569
B0929134202769N00044795EA0141201569
B0929144202769N00044795EA0141201569
B0929154202769N00044795EA0141201569
B0929164202769N00044795EA0141201569
B0929174202769N00044795EA0141201569
B0929184202769N00044795EA0141201569
B0929194202769N00044795EA0141201569
B0929204202769N00044795EA0141201569
B0929214202769N00044795EA0141201569
B0929224202769N00044795EA0141201569
B0929234202769N00044795EA0141201570
B0929244202769N00044795EA0141201570
B0929254202769N00044795EA0141201570
B0929264202769N00044795EA0141201570
B0929274202769N00044795EA0141201570
B0929284202769N00044795EA0141201570
B0929294202769N00044795EA0141201570
B0929304202769N00044795EA0141201570
B0929314202769N00044795EA0141201570
B0929324202769N00044795EA0141201570
B0929334202769N00044795EA0141201570
B0929344202769N00044795EA0141201570
B0929354202769N00044795EA0141201570
B0929364202769N00044795EA0141201570
B0929374202769N00044796EA0141201570
B0929384202769N00044796EA0141201570
B0929394202769N00044796EA0141201570
B0929404202769N00044796EA0141201570
B0929414202769N00044796EA0141201570
B0929424202769N00044795EA0141201570
B0929434202769N00044795EA0141201570
B0929444202769N00044795EA0141201570
B0929454202769N00044795EA0141201570
B0929464202769N00044795EA0141201570
B0929474202769N00044795EA0141201571
B0929484202769N00044795EA0141201571
B0929494202769N00044795EA0141201571
B0929504202769N00044796EA0141201571
B0929514202769N00044795EA0141201571
B0929524202769N00044796EA0141201571
B0929534202769N00044796EA0141201571
B0929544202769N00044796EA0141201571
B0929554202769N00044795EA0141201571
B0929564202769N00044795EA0141201571
B0929574202769N00044795EA0141201571
B0929584202769N00044795EA0141201571
B0929594202769N00044796EA0141201571
B0930004202770N00044796EA0141201571
B0930014202770N00044796EA0141201571
B0930024202770N00044796EA0141201571
B0930034202770N00044796EA0141201571
B0930044202770N00044796EA0141201571
B0930054202770N00044796EA0141201571
B0930064202770N00044796EA0141201571
B0930074202770N00044796EA0141201571
B0930084202770N00044796EA0141201571
B0930094202770N00044796EA0141201571
B0930104202770N00044796EA0141201571
B0930114202770N00044796EA0141201571
B0930124202770N00044796EA0141201571
B0930134202770N00044796EA0141201571
B0930144202770N00044796EA0141201571
B0930154202770N00044796EA0141201571
B0930164202770N00044796EA0141201571
B0930174202770N00044796EA0141201571
B0930184202770N00044796EA0141201571
B0930194202770N00044796EA0141201571
B0930204202770N00044796EA0141201571
B0930214202770N00044796EA0141201571
B0930224202770N00044796EA0141201571
B0930234202770N00044796EA0141201571
B0930244202769N00044796EA0141201571
B0930254202769N00044796EA0141201571
B0930264202769N00044796EA0141201571
B0930274202769N00044796EA0141201571
B0930284202769N00044796EA0141201571
B0930294202769N00044796EA0141201571
B0930304202769N00044796EA0141201571
B0930314202769N00044796EA0141201571
B0930324202769N00044796EA0141201571
B0930334202769N00044796EA0141201571
B0930344202769N00044795EA0141201571
B0930354202769N00044795EA0141201571
B0930364202769N00044795EA0141201571
B0930374202769N00044795EA0141201571
B0930384202769N00044795EA0141201571
B0930394202769N00044795EA0141201571
B0930404202769N00044795EA0141201571
B0930414202769N00044795EA0141201571
B0930424202769N00044795EA0141201571
B0930434202769N00044795EA0141201571
B0930444202769N00044795EA0141201571
B0930454202769N00044795EA0141201571
B0930464202769N00044795EA0141201571
B0930474202769N00044795EA0141201571
B0930484202769N00044795EA0141201571
B0930494202769N00044795EA0141201571
B0930504202769N00044796EA0141201571
B0930514202769N00044796EA0141301571
B0930524202769N00044796EA0141201571
B0930534202769N00044796EA0141201571
B0930544202769N00044796EA0141201571
B0930554202769N00044796EA0141201571
B0930564202769N00044796EA0141201571
B0930574202769N00044796EA0141201571
B0930584202769N00044796EA0141201571
B0930594202769N00044796EA0141201571
B0931004202769N00044796EA0141201571
B0931014202769N00044796EA0141201571
B0931024202769N00044796EA0141201571
B0931034202769N00044796EA0141201571
B0931044202769N00044796EA0141201571
B0931054202769N00044796EA0141201571
B0931064202769N00044796EA0141201571
B0931074202769N00044796EA0141201571
B0931084202769N00044796EA0141201571
B0931094202769N00044796EA0141201571
B0931104202769N00044796EA0141201571
B0931114202769N00044796EA0141201571
B0931124202769N00044796EA0141201571
B0931134202769N00044796EA0141201571
B0931144202769N00044796EA0141201571
B0931154202769N00044796EA0141201571
B0931164202769N00044796EA0141201571
B0931174202769N00044796EA0141201571
B0931184202769N00044796EA0141201571
B0931194202769N00044796EA0141201571
B0931204202769N00044796EA0141201571
B0931214202769N00044796EA0141201571
B0931224202769N00044796EA0141201571
B0931234202769N00044796EA0141201571
B0931244202769N00044796EA0141201571
B0931254202769N00044796EA0141201571
B0931264202769N00044796EA0141201571
B0931274202769N00044796EA0141201571
B0931284202769N00044796EA0141201571
B0931294202769N00044796EA0141201571
B0931304202769N00044796EA0141201571
B0931314202769N00044796EA0141201571
B0931324202769N00044796EA0141201571
B0931334202769N00044796EA0141201571
B0931344202769N00044796EA0141201571
B0931354202769N00044796EA0141201571
B0931364202769N00044796EA0141201571
B0931374202769N00044796EA0141201571
B0931384202769N00044796EA0141201571
B0931394202769N00044796EA0141201571
B0931404202769N00044796EA0141201571
B0931414202769N00044796EA0141201571
B0931424202769N00044796EA0141201571
B0931434202769N00044796EA0141201571
B0931444202769N00044796EA0141301571
B0931454202769N00044796EA0141301571
B0931464202769N00044796EA0141301571
B0931474202769N00044796EA0141301571
B0931484202769N00044796EA0141301571
B0931494202769N00044796EA0141301571
B0931504202769N00044796EA0141301571
B0931514202769N00044796EA0141201571
B0931524202769N00044796EA0141201571
B0931534202769N00044796EA0141201571
B0931544202769N00044796EA0141201571
B0931554202769N00044796EA0141201571
B0931564202769N00044796EA0141201571
B0931574202769N00044796EA0141201571
B0931584202769N00044796EA0141201571
B0931594202769N00044796EA0141201571
B0932004202769N00044796EA0141201571
B0932014202769N00044796EA0141201571
B0932024202769N00044796EA0141201571
B0932034202769N00044796EA0141201571
B0932044202769N00044796EA0141201571
B0932054202769N00044796EA0141201571
B0932064202769N00044796EA0141201571
B0932074202769N00044796EA0141201571
B0932084202769N00044796EA0141201571
B0932094202769N00044796EA0141201571
B0932104202769N00044796EA0141201571
B0932114202769N00044796EA0141201571
B0932124202769N00044796EA0141201571
B0932134202769N00044796EA0141201571
B0932144202769N00044796EA0141201571
B0932154202769N00044796EA0141201571
B0932164202769N00044796EA0141201571
B0932174202769N00044796EA0141201571
B0932184202769N00044796EA0141201571
B0932194202769N00044796EA0141201571
B0932204202769N00044796EA0141201571
B0932214202769N00044796EA0141201571
B0932224202769N00044796EA0141201571
B0932234202769N00044796EA0141201571
B0932244202769N00044796EA0141201571
B0932254202769N00044796EA0141201571
B0932264202769N00044796EA0141201571
B0932274202769N00044796EA0141201571
B0932284202769N00044796EA0141201571
B0932294202769N00044796EA0141201571
B0932304202769N00044796EA0141201571
B0932314202769N00044796EA0141201571
B0932324202769N00044796EA0141201571
B0932334202769N00044796EA0141201571
B0932344202769N00044796EA0141201571
B0932354202769N00044796EA0141201571
B0932364202769N00044796EA0141201571
B0932374202769N00044796EA0141201571
B0932384202769N00044796EA0141201571
B0932394202769N00044796EA0141201570
B0932404202769N00044796EA0141201571
B0932414202769N00044796EA0141201571
B0932424202770N00044796EA0141201571
B0932434202770N00044796EA0141201571
B0932444202770N00044796EA0141201571
B0932454202770N00044796EA0141201571
B0932464202770N00044796EA0141201571
B0932474202770N00044796EA0141201571
B0932484202770N00044796EA0141201571
B0932494202770N00044796EA0141201571
B0932504202770N00044796EA0141201571
B0932514202770N00044796EA0141201571
B0932524202770N00044796EA0141201571
B0932534202770N00044796EA0141201571
B0932544202770N00044796EA0141201571
B0932554202770N00044796EA0141201571
B0932564202770N00044796EA0141201572
B0932574202770N00044796EA0141201572
B0932584202770N00044796EA0141201572
B0932594202770N00044797EA0141201572
B0933004202770N00044797EA0141201572
B0933014202770N00044797EA0141201572
B0933024202770N00044797EA0141201572
B0933034202770N00044797EA0141201572
B0933044202770N00044797EA0141201572
B0933054202770N00044797EA0141201572
B0933064202770N00044797EA0141201572
B0933074202770N00044797EA0141201572
B0933084202770N00044797EA0141201572
B0933094202770N00044797EA0141201572
B0933104202770N00044797EA0141201572
B0933114202770N00044797EA0141201572
B0933124202770N00044797EA0141201572
B0933134202770N00044797EA0141201572
B0933144202770N00044797EA0141201572
B0933154202770N00044797EA0141201572
B0933164202770N00044797EA0141201572
B0933174202770N00044797EA0141201571
B0933184202770N00044797EA0141201572
B0933194202770N00044797EA0141201572
B0933204202770N00044797EA0141201571
B0933214202770N00044797EA0141201571
B0933224202770N00044797EA0141201571
B0933234202770N00044797EA0141201571
B0933244202770N00044797EA0141201571
B0933254202770N00044797EA0141201571
B0933264202770N00044797EA0141201571
B0933274202770N00044797EA0141201571
B0933284202770N00044797EA0141201571
B0933294202770N00044797EA0141101571
B0933304202770N00044797EA0141101571
B0933314202770N00044797EA0141201571
B0933324202770N00044797EA0141201571
B0933334202770N00044797EA0141201571
B0933344202770N00044797EA0141201571
B0933354202770N00044797EA0141201571
B0933364202770N00044797EA0141201571
B0933374202770N00044797EA0141201571
B0933384202770N00044797EA0141201571
B0933394202770N00044796EA0141201571
B0933404202770N00044796EA0141201571
B0933414202770N00044796EA0141201571
B0933424202770N00044796EA0141201571
B0933434202770N00044796EA0141201571
B0933444202770N00044796EA0141201571
B0933454202770N00044796EA0141201571
B0933464202770N00044796EA0141201571
B0933474202770N00044796EA0141201571
B0933484202770N00044796EA0141201571
B0933494202770N00044796EA0141201571
B0933504202770N00044796EA0141201571
B0933514202770N00044796EA0141201571
B0933524202770N00044796EA0141201571
B0933534202770N00044796EA0141201571
B0933544202770N00044796EA0141201571
B0933554202770N00044796EA0141201571
B0933564202770N00044796EA0141201571
B0933574202770N00044796EA0141201571
B0933584202770N00044796EA0141201571
B0933594202769N00044796EA0141201571
B0934004202769N00044796EA0141201571
B0934014202769N00044796EA0141201571
B0934024202769N00044796EA0141201571
B0934034202769N00044796EA0141201571
B0934044202769N00044796EA0141201571
B0934054202769N00044796EA0141201571
B0934064202769N00044796EA0141201571
B0934074202769N00044796EA0141201571
B0934084202769N00044796EA0141201571
B0934094202769N00044796EA0141201571
B0934104202769N00044796EA0141201571
B0934114202769N00044796EA0141201571
B0934124202769N00044796EA0141201571
B0934134202769N00044796EA0141201571
B0934144202769N00044796EA0141201571
B0934154202769N00044795EA0141201571
B0934164202769N00044795EA0141201571
B0934174202769N00044795EA0141201571
B0934184202770N00044795EA0141201571
B0934194202769N00044795EA0141201571
B0934204202769N00044795EA0141201571
B0934214202769N00044795EA0141201571
B0934224202769N00044795EA0141201571
B0934234202769N00044795EA0141201571
B0934244202769N00044795EA0141201571
B0934254202769N00044795EA0141201571
B0934264202769N00044795EA0141201571
B0934274202769N00044795EA0141201571
B0934284202769N00044795EA0141201571
B0934294202769N00044795EA0141201571
B0934304202769N00044795EA0141201571
B0934314202769N00044795EA0141201571
B0934324202769N00044795EA0141201572
B0934334202769N00044795EA0141201572
B0934344202769N00044795EA0141201572
B0934354202769N00044795EA0141201572
B0934364202770N00044795EA0141201572
B0934374202770N00044795EA0141201572
B0934384202770N00044795EA0141201572
B0934394202770N00044795EA0141201572
B0934404202770N00044795EA0141201572
B0934414202770N00044795EA0141201572
B0934424202770N00044795EA0141201572
B0934434202770N00044795EA0141201572
B0934444202770N00044795EA0141201572
B0934454202770N00044795EA0141201572
B0934464202770N00044795EA0141201572
B0934474202770N00044795EA0141201572
B0934484202770N00044795EA0141201572
B0934494202770N00044795EA0141201572
B0934504202769N00044795EA0141201572
B0934514202769N00044795EA0141201572
B0934524202769N00044795EA0141201572
B0934534202769N00044795EA0141201572
B0934544202769N00044795EA0141201572
B0934554202769N00044795EA0141201572
B0934564202769N00044795EA0141201572
B0934574202769N00044795EA0141201572
B0934584202769N00044795EA0141201572
B0934594202769N00044795EA0141201572
B0935004202769N00044795EA0141201572
B0935014202769N00044795EA0141201572
B0935024202769N00044795EA0141201572
B0935034202769N00044795EA0141201572
B0935044202769N00044795EA0141201572
B0935054202769N00044795EA0141201572
B0935064202769N00044795EA0141201572
B0935074202769N00044795EA0141201572
B0935084202769N00044795EA0141201572
B0935094202769N00044795EA0141201573
B0935104202769N00044795EA0141201573
B0935114202769N00044795EA0141201572
B0935124202769N00044795EA0141201572
B0935134202769N00044795EA0141201572
B0935144202769N00044795EA0141201573
B0935154202769N00044795EA0141201572
B0935164202769N00044795EA0141201572
B0935174202769N00044795EA0141201572
B0935184202769N00044795EA0141201572
B0935194202769N00044795EA0141201572
B0935204202769N00044795EA0141201572
B0935214202770N00044795EA0141101572
B0935224202770N00044795EA0141201572
B0935234202770N00044795EA0141201572
B0935244202770N00044795EA0141201572
B0935254202770N00044795EA0141201572
B0935264202770N00044795EA0141201572
B0935274202770N00044795EA0141101572
B0935284202770N00044795EA0141201572
B0935294202770N00044795EA0141201572
B0935304202770N00044795EA0141201572
B0935314202770N00044795EA0141201572
B0935324202770N00044795EA0141101572
B0935334202770N00044795EA0141101572
B0935344202770N00044795EA0141201572
B0935354202770N00044795EA0141201572
B0935364202770N00044795EA0141201572
B0935374202770N00044795EA0141201571
B0935384202770N00044795EA0141201571
B0935394202770N00044795EA0141201571
B0935404202770N00044795EA0141201571
B0935414202770N00044795EA0141201572
B0935424202770N00044795EA0141201572
B0935434202770N00044795EA0141201571
B0935444202770N00044795EA0141201571
B0935454202770N00044795EA0141201571
B0935464202770N00044796EA0141201571
B0935474202770N00044796EA0141201571
B0935484202770N00044796EA0141201571
B0935494202770N00044795EA0141201571
B0935504202770N00044796EA0141201571
B0935514202770N00044796EA0141201571
B0935524202770N00044796EA0141201571
B0935534202770N00044796EA0141201570
B0935544202770N00044796EA0141201570
B0935554202770N00044796EA0141201571
B0935564202770N00044796EA0141201570
B0935574202770N00044796EA0141201570
B0935584202770N00044796EA0141201571
B0935594202770N00044796EA0141201571
B0936004202769N00044796EA0141201571
B0936014202769N00044796EA0141201571
B0936024202769N00044796EA0141201572
B0936034202769N00044796EA0141201572
B0936044202769N00044796EA0141201572
B0936054202769N00044796EA0141201572
B0936064202769N00044796EA0141201572
B0936074202769N00044796EA0141201572
B0936084202769N00044796EA0141201572
B0936094202770N00044796EA0141201572
B0936104202770N00044796EA0141201572
B0936114202770N00044796EA0141201572
B0936124202770N00044796EA0141201572
B0936134202770N00044796EA0141201572
B0936144202770N00044796EA0141201572
B0936154202770N00044796EA0141201572
B0936164202770N00044796EA0141201572
B0936174202770N00044796EA0141201572
B0936184202770N00044796EA0141201572
B0936194202770N00044796EA0141201572
B0936204202770N00044796EA0141201572
B0936214202770N00044796EA0141201572
B0936224202770N00044796EA0141201572
B0936234202770N00044796EA0141201572
B0936244202770N00044796EA0141201572
B0936254202770N00044796EA0141201572
B0936264202770N00044796EA0141201572
B0936274202770N00044796EA0141201572
B0936284202770N00044796EA0141201572
B0936294202770N00044796EA0141201572
B0936304202770N00044796EA0141201572
B0936314202770N00044796EA0141201572
B0936324202770N00044796EA0141201572
B0936334202770N00044796EA0141201572
B0936344202770N00044796EA0141201572
B0936354202770N00044796EA0141201572
B0936364202770N00044796EA0141201572
B0936374202770N00044796EA0141201572
B0936384202770N00044796EA0141201572
B0936394202770N00044796EA0141201572
B0936404202770N00044796EA0141201572
B0936414202770N00044796EA0141101572
B0936424202770N00044796EA0141101573
B0936434202770N00044796EA0141201573
B0936444202770N00044796EA0141201573
B0936454202770N00044796EA0141201573
B0936464202770N00044796EA0141201573
B0936474202770N00044796EA0141201573
B0936484202770N00044796EA0141201573
B0936494202770N00044796EA0141201573
B0936504202770N00044796EA0141201573
B0936514202770N00044795EA0141201573
B0936524202770N00044795EA0141201573
B0936534202770N00044795EA0141201573
B0936544202770N00044795EA0141201573
B0936554202770N00044795EA0141201573
B0936564202769N00044795EA0141201574
B0936574202769N00044795EA0141201574
B0936584202769N00044795EA0141201574
B0936594202769N00044795EA0141201574
B0937004202769N00044795EA0141201574
B0937014202769N00044795EA0141201574
B0937024202769N00044795EA0141201575
B0937034202769N00044795EA0141201575
B0937044202769N00044795EA0141201575
B0937054202769N00044795EA0141201575
B0937064202769N00044795EA0141201575
B0937074202769N00044795EA0141201575
B0937084202769N00044795EA0141201575
B0937094202769N00044795EA0141201575
B0937104202769N00044795EA0141201575
B0937114202769N00044795EA0141201575
B0937124202769N00044795EA0141201576
B0937134202769N00044795EA0141201576
B0937144202769N00044795EA0141201576
B0937154202769N00044795EA0141201576
B0937164202769N00044795EA0141201576
B0937174202769N00044795EA0141201576
B0937184202769N00044795EA0141201576
B0937194202769N00044795EA0141201576
B0937204202769N00044795EA0141201576
B0937214202769N00044795EA0141201576
B0937224202769N00044795EA0141201576
B0937234202769N00044795EA0141201576
B0937244202769N00044795EA0141201576
B0937254202769N00044795EA0141201576
B0937264202769N00044795EA0141201576
B0937274202769N00044795EA0141201576
B0937284202769N00044795EA0141201576
B0937294202769N00044795EA0141201576
B0937304202769N00044795EA0141201576
B0937314202769N00044795EA0141201576
B0937324202769N00044795EA0141201576
B0937334202769N00044795EA0141201576
B0937344202769N00044795EA0141201577
B0937354202769N00044795EA0141201577
B0937364202769N00044795EA0141201577
B0937374202769N00044795EA0141201577
B0937384202769N00044795EA0141201577
B0937394202769N00044795EA0141201577
B0937404202769N00044795EA0141201577
B0937414202769N00044795EA0141201577
B0937424202769N00044795EA0141201577
B0937434202769N00044795EA0141201577
B0937444202769N00044795EA0141201577
B0937454202769N00044795EA0141201577
B0937464202769N00044795EA0141201578
B0937474202769N00044795EA0141201578
B0937484202769N00044795EA0141201578
B0937494202769N00044795EA0141201578
B0937504202769N00044795EA0141201578
B0937514202769N00044795EA0141101578
B0937524202769N00044795EA0141101578
B0937534202769N00044795EA0141101578
B0937544202769N00044795EA0141201578
B0937554202769N00044795EA0141201578
B0937564202769N00044795EA0141201579
B0937574202769N00044795EA0141201579
B0937584202769N00044795EA0141201579
B0937594202769N00044795EA0141201579
B0938004202769N00044795EA0141201579
B0938014202769N00044795EA0141201579
B0938024202769N00044795EA0141201579
B0938034202769N00044795EA0141201579
B0938044202769N00044795EA0141201579
B0938054202769N00044795EA0141201579
B0938064202769N00044795EA0141201579
B0938074202769N00044795EA0141201579
B0938084202769N00044795EA0141201579
B0938094202769N00044795EA0141201579
B0938104202769N00044795EA0141201579
B0938114202769N00044794EA0141201579
B0938124202769N00044794EA0141201579
B0938134202769N00044794EA0141201579
B0938144202769N00044794EA0141201579
B0938154202769N00044795EA0141201579
B0938164202769N00044795EA0141201579
B0938174202769N00044795EA0141201579
B0938184202769N00044795EA0141201579
B0938194202769N00044795EA0141201579
B0938204202769N00044795EA0141201579
B0938214202769N00044795EA0141101579
B0938224202769N00044795EA0141101579
B0938234202769N00044795EA0141201579
B0938244202769N00044795EA0141201579
B0938254202769N00044795EA0141201579
B0938264202769N00044795EA0141101579
B0938274202769N00044795EA0141101579
B0938284202769N00044795EA0141101579
B0938294202769N00044795EA0141101579
B0938304202769N00044795EA0141201579
B0938314202769N00044795EA0141101579
B0938324202769N00044795EA0141201579
B0938334202769N00044795EA0141101579
B0938344202769N00044795EA0141201579
B0938354202769N00044795EA0141201579
B0938364202769N00044795EA0141201579
B0938374202769N00044795EA0141201579
B0938384202769N00044795EA0141101579
B0938394202769N00044795EA0141201579
B0938404202769N00044795EA0141101579
B0938414202769N00044795EA0141101579
B0938424202769N00044795EA0141101579
B0938434202769N00044795EA0141101579
B0938444202769N00044795EA0141101579
B0938454202769N00044795EA0141101579
B0938464202769N00044795EA0141101579
B0938474202769N00044795EA0141101579
B0938484202769N00044794EA0141201579
B0938494202769N00044795EA0141201579
B0938504202769N00044795EA0141201579
B0938514202769N00044795EA0141101579
B0938524202769N00044795EA0141101579
B0938534202769N00044795EA0141101579
B0938544202769N00044795EA0141101579
B0938554202769N00044795EA0141201579
B0938564202769N00044795EA0141101579
B0938574202769N00044795EA0141101579
B0938584202769N00044795EA0141101579
B0938594202769N00044795EA0141101579
B0939004202769N00044795EA0141101579
B0939014202769N00044795EA0141101579
B0939024202769N00044795EA0141101579
B0939034202769N00044795EA0141101579
B0939044202769N00044795EA0141101579
B0939054202769N00044795EA0141101579
B0939064202769N00044795EA0141101579
B0939074202769N00044795EA0141101579
B0939084202769N00044795EA0141101578
B0939094202769N00044795EA0141101578
B0939104202769N00044795EA0141101578
B0939114202769N00044795EA0141101578
B0939124202769N00044795EA0141101578
B0939134202769N00044795EA0141101578
B0939144202769N00044795EA0141101578
B0939154202769N00044795EA0141101578
B0939164202769N00044795EA0141101578
B0939174202769N00044795EA0141101578
B0939184202769N00044795EA0141201578
B0939194202769N00044795EA0141101577
B0939204202769N00044795EA0141101577
B0939214202769N00044795EA0141201577
B0939224202769N00044795EA0141201577
B0939234202769N00044795EA0141201577
B0939244202769N00044795EA0141201577
B0939254202769N00044795EA0141101577
B0939264202769N00044795EA0141101577
B0939274202769N00044795EA0141101577
B0939284202769N00044795EA0141101577
B0939294202769N00044795EA0141101577
B0939304202769N00044795EA0141101577
B0939314202769N00044795EA0141201577
B0939324202769N00044795EA0141201577
B0939334202769N00044795EA0141201577
B0939344202769N00044795EA0141201577
B0939354202769N00044795EA0141201577
B0939364202769N00044795EA0141201577
B0939374202769N00044795EA0141201577
B0939384202769N00044795EA0141201577
B0939394202769N00044795EA0141201577
B0939404202769N00044795EA0141201577
B0939414202769N00044795EA0141201577
B0939424202769N00044795EA0141101577
B0939434202769N00044795EA0141101577
B0939444202769N00044795EA0141101577
B0939454202769N00044795EA0141101577
B0939464202769N00044795EA0141201577
B0939474202769N00044795EA0141201577
B0939484202769N00044795EA0141201577
B0939494202769N00044795EA0141201577
B0939504202769N00044795EA0141201577
B0939514202769N00044795EA0141101577
B0939524202769N00044795EA0141101577
B0939534202769N00044795EA0141201577
B0939544202769N00044795EA0141201577
B0939554202769N00044795EA0141201577
B0939564202769N00044795EA0141201577
B0939574202769N00044795EA0141201577
B0939584202769N00044795EA0141201577
B0939594202769N00044795EA0141201577
B0940004202769N00044795EA0141201577
B0940014202769N00044795EA0141201577
B0940024202769N00044795EA0141201578
B0940034202769N00044795EA0141201578
B0940044202769N00044795EA0141101578
B0940054202769N00044795EA0141201578
B0940064202769N00044795EA0141101578
B0940074202769N00044795EA0141201578
B0940084202769N00044795EA0141201578
B0940094202769N00044795EA0141201578
B0940104202769N00044795EA0141101578
B0940114202769N00044795EA0141101578
B0940124202769N00044795EA0141201578
B0940134202769N00044795EA0141201578
B0940144202769N00044795EA0141101578
B0940154202769N00044795EA0141201578
B0940164202769N00044795EA0141201578
B0940174202769N00044795EA0141201578
B0940184202769N00044795EA0141201578
B0940194202769N00044795EA0141201578
B0940204202769N00044795EA0141101578
B0940214202769N00044795EA0141101578
B0940224202769N00044795EA0141201578
B0940234202769N00044795EA0141201578
B0940244202769N00044795EA0141201578
B0940254202769N00044795EA0141201578
B0940264202769N00044795EA0141201578
B0940274202769N00044795EA0141201578
B0940284202769N00044795EA0141201578
B0940294202769N00044795EA0141201578
B0940304202769N00044795EA0141201578
B0940314202769N00044795EA0141201578
B0940324202769N00044795EA0141201578
B0940334202769N00044795EA0141201578
B0940344202769N00044795EA0141201578
B0940354202769N00044795EA0141201578
B0940364202769N00044795EA0141201578
B0940374202769N00044795EA0141201578
B0940384202769N00044795EA0141201578
B0940394202769N00044795EA0141201578
B0940404202769N00044795EA0141201578
B0940414202769N00044795EA0141201578
B0940424202769N00044795EA0141201578
B0940434202769N00044795EA0141201578
B0940444202769N00044795EA0141101578
B0940454202769N00044795EA0141201578
B0940464202769N00044795EA0141201578
B0940474202769N00044795EA0141201578
B0940484202769N00044795EA0141101578
B0940494202769N00044795EA0141101578
B0940504202769N00044795EA0141101578
B0940514202769N00044795EA0141101578
B0940524202769N00044795EA0141101578
B0940534202769N00044795EA0141101578
B0940544202769N00044795EA0141101578
B0940554202769N00044795EA0141101578
B0940564202769N00044795EA0141101578
B0940574202769N00044795EA0141101578
B0940584202769N00044795EA0141101578
B0940594202769N00044795EA0141101578
B0941004202769N00044795EA0141101578
B0941014202769N00044795EA0141101578
B0941024202769N00044795EA0141201578
B0941034202769N00044795EA0141201578
B0941044202769N00044795EA0141201577
B0941054202769N00044795EA0141201577
B0941064202769N00044795EA0141101577
B0941074202769N00044795EA0141201577
B0941084202769N00044795EA0141201577
B0941094202769N00044795EA0141201577
B0941104202769N00044795EA0141201577
B0941114202769N00044795EA0141201577
B0941124202769N00044795EA0141201577
B0941134202769N00044795EA0141201577
B0941144202769N00044795EA0141201577
B0941154202769N00044795EA0141201577
B0941164202769N00044795EA0141201577
B0941174202769N00044795EA0141201577
B0941184202769N00044795EA0141201577
B0941194202769N00044795EA0141201577
B0941204202769N00044795EA0141201577
B0941214202769N00044795EA0141201577
B0941224202769N00044795EA0141201577
B0941234202769N00044795EA0141201577
B0941244202769N00044795EA0141201577
B0941254202769N00044795EA0141201577
B0941264202769N00044795EA0141201577
B0941274202769N00044795EA0141201577
B0941284202769N00044795EA0141201577
B0941294202769N00044795EA0141201577
B0941304202769N00044795EA0141201577
B0941314202769N00044795EA0141201577
B0941324202769N00044795EA0141201577
B0941334202769N00044795EA0141201577
B0941344202769N00044795EA0141201577
B0941354202769N00044795EA0141201577
B0941364202769N00044795EA0141201577
B0941374202769N00044795EA0141201577
B0941384202769N00044795EA0141201577
B0941394202769N00044795EA0141201577
B0941404202769N00044795EA0141201577
B0941414202769N00044795EA0141201577
B0941424202769N00044795EA0141201577
B0941434202769N00044795EA0141201577
B0941444202769N00044795EA0141201577
B0941454202769N00044795EA0141201577
B0941464202769N00044795EA0141201577
B0941474202769N00044795EA0141201577
B0941484202769N00044795EA0141201577
B0941494202769N00044795EA0141201577
B0941504202769N00044795EA0141201577
B0941514202769N00044795EA0141201577
B0941524202769N00044795EA0141201577
B0941534202769N00044795EA0141201577
B0941544202769N00044795EA0141201577
B0941554202769N00044795EA0141201577
B0941564202769N00044795EA0141201577
B0941574202769N00044795EA0141201577
B0941584202769N00044795EA0141201577
B0941594202769N00044795EA0141201577
B0942004202769N00044795EA0141201577
B0942014202769N00044795EA0141201577
B0942024202769N00044795EA0141201577
B0942034202769N00044795EA0141201577
B0942044202769N00044795EA0141201577
B0942054202769N00044795EA0141201577
B0942064202769N00044795EA0141201577
B0942074202769N00044795EA0141201577
B0942084202769N00044795EA0141201577
B0942094202769N00044795EA0141201577
B0942104202769N00044795EA0141201577
B0942114202769N00044795EA0141201577
B0942124202769N00044795EA0141201577
B0942134202769N00044795EA0141201577
B0942144202769N00044795EA0141201577
B0942154202769N00044795EA0141201578
B0942164202769N00044795EA0141201578
B0942174202769N00044795EA0141201577
B0942184202769N00044795EA0141201577
B0942194202769N00044795EA0141201577
B0942204202769N00044795EA0141201577
B0942214202769N00044795EA0141201577
B0942224202769N00044795EA0141201577
B0942234202769N00044795EA0141201577
B0942244202769N00044795EA0141201578
B0942254202769N00044795EA0141201578
B0942264202769N00044795EA0141201578
B0942274202769N00044795EA0141201578
B0942284202769N00044795EA0141201578
B0942294202769N00044795EA0141201578
B0942304202769N00044795EA0141201578
B0942314202769N00044795EA0141201578
B0942324202769N00044795EA0141201578
B0942334202769N00044795EA0141201578
B0942344202769N00044795EA0141201578
B0942354202769N00044795EA0141201578
B0942364202769N00044795EA0141201578
B0942374202769N00044795EA0141201578
B0942384202769N00044795EA0141201578
B0942394202768N00044795EA0141201578
B0942404202768N00044795EA0141201578
B0942414202769N00044795EA0141201578
B0942424202768N00044795EA0141201578
B0942434202768N00044795EA0141201578
B0942444202768N00044795EA0141201578
B0942454202768N00044795EA0141201578
B0942464202768N00044795EA0141201578
B0942474202768N00044795EA0141201578
B0942484202768N00044795EA0141201578
B0942494202768N00044795EA0141201578
B0942504202768N00044795EA0141201578
B0942514202769N00044795EA0141201578
B0942524202769N00044795EA0141201578
B0942534202769N00044795EA0141201578
B0942544202769N00044795EA0141201578
B0942554202769N00044795EA0141201578
B0942564202769N00044795EA0141201577
B0942574202769N00044795EA0141201577
B0942584202769N00044795EA0141201577
B0942594202769N00044796EA0141201577
B0943004202769N00044796EA0141201577
B0943014202769N00044796EA0141201577
B0943024202769N00044796EA0141201577
B0943034202768N00044796EA0141201577
B0943044202768N00044796EA0141201577
B0943054202768N00044796EA0141201577
B0943064202768N00044796EA0141201577
B0943074202768N00044796EA0141201577
B0943084202768N00044796EA0141201577
B0943094202768N00044796EA0141201578
B0943104202768N00044796EA0141201578
B0943114202768N00044796EA0141201578
B0943124202768N00044796EA0141201578
B0943134202768N00044796EA0141201578
B0943144202768N00044796EA0141201578
B0943154202768N00044796EA0141201578
B0943164202768N00044796EA0141201578
B0943174202768N00044796EA0141201578
B0943184202768N00044796EA0141201578
B0943194202768N00044796EA0141201578
B0943204202768N00044796EA0141201578
B0943214202768N00044796EA0141201578
B0943224202768N00044796EA0141201578
B0943234202769N00044796EA0141201578
B0943244202769N00044796EA0141201578
B0943254202769N00044796EA0141201578
B0943264202769N00044796EA0141201578
B0943274202769N00044796EA0141201578
B0943284202769N00044796EA0141201578
B0943294202769N00044796EA0141201578
B0943304202769N00044796EA0141201578
B0943314202769N00044796EA0141201578
B0943324202769N00044796EA0141201578
B0943334202769N00044796EA0141201578
B0943344202769N00044796EA0141201578
B0943354202769N00044796EA0141201578
B0943364202769N00044796EA0141201577
B0943374202769N00044796EA0141201577
B0943384202769N00044796EA0141201577
B0943394202769N00044796EA0141201577
B0943404202769N00044796EA0141201577
B0943414202769N00044796EA0141201577
B0943424202769N00044796EA0141201577
B0943434202769N00044796EA0141201577
B0943444202769N00044796EA0141201577
B0943454202769N00044796EA0141201577
B0943464202769N00044796EA0141201577
B0943474202769N00044796EA0141201577
B0943484202769N00044796EA0141201577
B0943494202769N00044796EA0141201577
B0943504202769N00044796EA0141201577
B0943514202769N00044796EA0141201577
B0943524202769N00044796EA0141201577
B0943534202769N00044796EA0141201576
B0943544202769N00044796EA0141201576
B0943554202769N00044796EA0141201576
B0943564202769N00044796EA0141201576
B0943574202769N00044796EA0141201576
B0943584202769N00044796EA0141201576
B0943594202769N00044796EA0141201576
B0944004202769N00044796EA0141201576
B0944014202769N00044796EA0141201576
B0944024202769N00044796EA0141201576
B0944034202769N00044796EA0141201576
B0944044202769N00044796EA0141201576
B0944054202769N00044796EA0141201576
B0944064202769N00044796EA0141201576
B0944074202769N00044796EA0141201576
B0944084202769N00044796EA0141201576
B0944094202769N00044796EA0141201576
B0944104202769N00044796EA0141201576
B0944114202769N00044796EA0141201575
B0944124202769N00044796EA0141201575
B0944134202769N00044796EA0141201575
B0944144202769N00044796EA0141201575
B0944154202769N00044796EA0141201575
B0944164202769N00044796EA0141201575
B0944174202769N00044796EA0141201575
B0944184202769N00044796EA0141201575
B0944194202769N00044796EA0141201575
B0944204202769N00044796EA0141201575
B0944214202769N00044796EA0141201575
B0944224202769N00044796EA0141201575
B0944234202769N00044796EA0141201574
B0944244202769N00044796EA0141201574
B0944254202769N00044796EA0141201574
B0944264202769N00044796EA0141201574
B0944274202769N00044796EA0141201574
B0944284202769N00044796EA0141201574
B0944294202769N00044796EA0141201574
B0944304202769N00044796EA0141201574
B0944314202769N00044796EA0141201574
B0944324202769N00044796EA0141201573
B0944334202769N00044796EA0141201573
B0944344202769N00044796EA0141201573
B0944354202769N00044796EA0141201573
B0944364202769N00044796EA0141201573
B0944374202769N00044796EA0141201573
B0944384202769N00044796EA0141101573
B0944394202769N00044796EA0141201573
B0944404202769N00044796EA0141201573
B0944414202769N00044796EA0141201573
B0944424202769N00044796EA0141201573
B0944434202769N00044796EA0141201573
B0944444202769N00044796EA0141201574
B0944454202769N00044796EA0141201574
B0944464202769N00044796EA0141201574
B0944474202769N00044796EA0141201573
B0944484202769N00044796EA0141201573
B0944494202769N00044796EA0141201573
B0944504202769N00044796EA0141201573
B0944514202769N00044796EA0141201573
B0944524202769N00044796EA0141201573
B0944534202769N00044796EA0141201573
B0944544202769N00044796EA0141201573
B0944554202769N00044796EA0141101573
B0944564202769N00044796EA0141101573
B0944574202769N00044796EA0141101573
B0944584202769N00044796EA0141201573
B0944594202769N00044796EA0141201573
B0945004202769N00044796EA0141201574
B0945014202769N00044796EA0141101574
B0945024202769N00044796EA0141101574
B0945034202769N00044796EA0141101574
B0945044202769N00044796EA0141201574
B0945054202769N00044796EA0141201574
B0945064202769N00044796EA0141201574
B0945074202769N00044796EA0141201574
B0945084202769N00044796EA0141201574
B0945094202769N00044796EA0141101574
B0945104202769N00044796EA0141201574
B0945114202769N00044796EA0141201574
B0945124202769N00044796EA0141201574
B0945134202769N00044796EA0141201574
B0945144202769N00044796EA0141201574
B0945154202769N00044796EA0141201574
B0945164202769N00044796EA0141201574
B0945174202769N00044796EA0141201574
B0945184202769N00044796EA0141201574
B0945194202769N00044796EA0141201574
B0945204202769N00044796EA0141201574
B0945214202769N00044796EA0141201574
B0945224202769N00044796EA0141201574
B0945234202769N00044796EA0141101574
B0945244202769N00044796EA0141201574
B0945254202769N00044796EA0141101574
B0945264202769N00044796EA0141201574
B0945274202769N00044796EA0141101574
B0945284202769N00044796EA0141201574
B0945294202769N00044796EA0141201574
B0945304202769N00044796EA0141201574
B0945314202769N00044796EA0141201574
B0945324202769N00044796EA0141201574
B0945334202769N00044797EA0141201574
B0945344202769N00044797EA0141201574
B0945354202769N00044797EA0141201574
B0945364202769N00044797EA0141201574
B0945374202769N00044797EA0141201574
B0945384202769N00044797EA0141201574
B0945394202769N00044797EA0141201574
B0945404202769N00044797EA0141201574
B0945414202769N00044797EA0141201574
B0945424202769N00044797EA0141201574
B0945434202769N00044797EA0141201574
B0945444202769N00044797EA0141201573
B0945454202769N00044797EA0141201573
B0945464202769N00044797EA0141201573
B0945474202769N00044797EA0141201573
B0945484202769N00044797EA0141201573
B0945494202769N00044797EA0141201573
B0945504202769N00044797EA0141201573
B0945514202769N00044797EA0141201573
B0945524202769N00044797EA0141201572
B0945534202769N00044797EA0141201572
B0945544202769N00044797EA0141201572
B0945554202769N00044797EA0141201572
B0945564202769N00044797EA0141201572
B0945574202769N00044797EA0141201572
B0945584202769N00044797EA0141201572
B0945594202769N00044797EA0141201572
B0946004202769N00044797EA0141201572
B0946014202769N00044797EA0141201571
B0946024202769N00044797EA0141201571
B0946034202769N00044797EA0141201571
B0946044202769N00044797EA0141201571
B0946054202769N00044797EA0141201571
B0946064202769N00044797EA0141201571
B0946074202769N00044797EA0141201571
B0946084202769N00044797EA0141201571
B0946094202769N00044797EA0141201572
B0946104202769N00044797EA0141201572
B0946114202769N00044797EA0141201572
B0946124202769N00044797EA0141201572
B0946134202769N00044797EA0141201572
B0946144202769N00044797EA0141201572
B0946154202769N00044797EA0141201572
B0946164202769N00044797EA0141201572
B0946174202769N00044797EA0141201572
B0946184202769N00044797EA0141201572
B0946194202769N00044797EA0141201572
B0946204202769N00044797EA0141201572
B0946214202769N00044797EA0141201572
B0946224202769N00044797EA0141201572
B0946234202769N00044797EA0141201572
B0946244202769N00044796EA0141201572
B0946254202769N00044796EA0141201573
B0946264202769N00044796EA0141201573
B0946274202769N00044796EA0141201573
B0946284202769N00044796EA0141201573
B0946294202769N00044796EA0141201573
B0946304202769N00044796EA0141201573
B0946314202769N00044796EA0141201573
B0946324202769N00044796EA0141201573
B0946334202769N00044796EA0141201573
B0946344202769N00044796EA0141201573
B0946354202769N00044796EA0141201573
B0946364202769N00044796EA0141201573
B0946374202769N00044796EA0141201573
B0946384202769N00044796EA0141201573
B0946394202769N00044796EA0141201573
B0946404202769N00044796EA0141201574
B0946414202769N00044796EA0141201574
B0946424202769N00044796EA0141201574
B0946434202769N00044796EA0141201574
B0946444202769N00044796EA0141201574
B0946454202769N00044796EA0141201574
B0946464202769N00044796EA0141201574
B0946474202769N00044796EA0141201574
B0946484202769N00044796EA0141201574
B0946494202769N00044796EA0141201574
B0946504202769N00044796EA0141201574
B0946514202769N00044796EA0141201574
B0946524202769N00044796EA0141201574
B0946534202769N00044796EA0141201574
B0946544202769N00044796EA0141201574
B0946554202769N00044796EA0141201574
B0946564202769N00044796EA0141201574
B0946574202769N00044796EA0141201574
B0946584202769N00044796EA0141201574
B0946594202769N00044796EA0141201574
B0947004202769N00044796EA0141101574
B0947014202769N00044796EA0141101574
B0947024202769N00044796EA0141101574
B0947034202769N00044796EA0141101574
B0947044202769N00044796EA0141101574
B0947054202769N00044796EA0141101574
B0947064202769N00044796EA0141101574
B0947074202769N00044796EA0141101574
B0947084202769N00044796EA0141101574
B0947094202769N00044796EA0141101574
B0947104202769N00044796EA0141201574
B0947114202769N00044796EA0141201574
B0947124202769N00044796EA0141201574
B0947134202769N00044796EA0141201574
B0947144202769N00044796EA0141201574
B0947154202769N00044796EA0141201574
B0947164202769N00044796EA0141201574
B0947174202769N00044796EA0141201574
B0947184202769N00044796EA0141201574
B0947194202769N00044796EA0141201574
B0947204202769N00044796EA0141201574
B0947214202769N00044796EA0141201574
B0947224202769N00044796EA0141201574
B0947234202769N00044796EA0141201574
B0947244202769N00044796EA0141201574
B0947254202769N00044796EA0141201574
B0947264202769N00044796EA0141201574
B0947274202769N00044796EA0141101574
B0947284202769N00044796EA0141101574
B0947294202769N00044796EA0141201574
B0947304202769N00044796EA0141201574
B0947314202769N00044796EA0141201575
B0947324202769N00044796EA0141101575
B0947334202769N00044796EA0141201575
B0947344202769N00044796EA0141201575
B0947354202769N00044796EA0141101575
B0947364202769N00044796EA0141101575
B0947374202769N00044796EA0141101575
B0947384202769N00044796EA0141101575
B0947394202769N00044796EA0141101575
B0947404202769N00044796EA0141201575
B0947414202769N00044796EA0141201575
B0947424202769N00044796EA0141201575
B0947434202769N00044796EA0141201575
B0947444202769N00044796EA0141101576
B0947454202769N00044796EA0141101576
B0947464202769N00044796EA0141101576
B0947474202769N00044796EA0141201576
B0947484202769N00044795EA0141201576
B0947494202769N00044795EA0141201576
B0947504202769N00044795EA0141101576
B0947514202769N00044795EA0141101576
B0947524202769N00044795EA0141201576
B0947534202769N00044795EA0141201576
B0947544202769N00044795EA0141201576
B0947554202769N00044795EA0141201576
B0947564202769N00044795EA0141201576
B0947574202769N00044795EA0141201576
B0947584202768N00044795EA0141201576
B0947594202768N00044795EA0141101576
B0948004202768N00044795EA0141201576
B0948014202768N00044795EA0141201577
B0948024202768N00044795EA0141201577
B0948034202768N00044795EA0141201577
B0948044202768N00044795EA0141201577
B0948054202768N00044795EA0141201577
B0948064202768N00044795EA0141201577
B0948074202768N00044795EA0141201577
B0948084202768N00044795EA0141201577
B0948094202768N00044795EA0141201577
B0948104202768N00044795EA0141201577
B0948114202768N00044795EA0141201577
B0948124202768N00044795EA0141201577
B0948134202768N00044795EA0141201577
B0948144202768N00044795EA0141201577
B0948154202768N00044795EA0141201577
B0948164202768N00044795EA0141201577
B0948174202768N00044795EA0141201577
B0948184202768N00044795EA0141201577
B0948194202768N00044795EA0141201577
B0948204202768N00044795EA0141201576
B0948214202768N00044795EA0141201576
B0948224202768N00044795EA0141201576
B0948234202768N00044795EA0141201576
B0948244202768N00044795EA0141201576
B0948254202768N00044795EA0141201576
B0948264202768N00044795EA0141201577
B0948274202768N00044795EA0141201576
B0948284202768N00044795EA0141201577
B0948294202768N00044795EA0141201577
B0948304202768N00044795EA0141201577
B0948314202768N00044795EA0141201577
B0948324202768N00044795EA0141201577
B0948334202768N00044795EA0141201577
B0948344202768N00044795EA0141201577
B0948354202768N00044795EA0141101577
B0948364202768N00044795EA0141201577
B0948374202768N00044795EA0141101577
B0948384202768N00044795EA0141101577
B0948394202768N00044795EA0141101577
B0948404202768N00044795EA0141101578
B0948414202768N00044795EA0141201578
B0948424202768N00044795EA0141201578
B0948434202768N00044795EA0141201578
B0948444202768N00044795EA0141201578
B0948454202768N00044795EA0141201578
B0948464202768N00044795EA0141201578
B0948474202768N00044795EA0141201578
B0948484202768N00044795EA0141201578
B0948494202768N00044795EA0141201578
B0948504202768N00044795EA0141201578
B0948514202768N00044795EA0141201578
B0948524202768N00044795EA0141201578
B0948534202768N00044796EA0141201578
B0948544202768N00044796EA0141201578
B0948554202768N00044795EA0141201578
B0948564202768N00044795EA0141201578
B0948574202768N00044795EA0141201578
B0948584202768N00044796EA0141201578
B0948594202768N00044796EA0141201578
B0949004202768N00044796EA0141201578
B0949014202768N00044796EA0141201578
B0949024202768N00044796EA0141201578
B0949034202768N00044796EA0141201578
B0949044202768N00044796EA0141201578
B0949054202768N00044796EA0141201578
B0949064202768N00044796EA0141201577
B0949074202768N00044796EA0141201577
B0949084202768N00044796EA0141201577
B0949094202768N00044796EA0141201577
B0949104202768N00044796EA0141201577
B0949114202768N00044796EA0141201577
B0949124202768N00044796EA0141201576
B0949134202768N00044796EA0141201576
B0949144202768N00044796EA0141101576
B0949154202768N00044796EA0141101576
B0949164202768N00044796EA0141101576
B0949174202768N00044796EA0141101576
B0949184202768N00044796EA0141101576
B0949194202768N00044796EA0141101576
B0949204202768N00044796EA0141101576
B0949214202768N00044796EA0141201576
B0949224202768N00044796EA0141201576
B0949234202768N00044796EA0141201575
B0949244202769N00044796EA0141101575
B0949254202769N00044796EA0141101575
B0949264202769N00044796EA0141101575
B0949274202769N00044796EA0141201575
B0949284202769N00044796EA0141201575
B0949294202769N00044796EA0141201575
B0949304202769N00044796EA0141201575
B0949314202769N00044796EA0141201575
B0949324202769N00044796EA0141201575
B0949334202769N00044796EA0141201575
B0949344202769N00044796EA0141201575
B0949354202769N00044796EA0141201575
B0949364202769N00044796EA0141201575
B0949374202769N00044796EA0141101575
B0949384202769N00044796EA0141201575
B0949394202769N00044796EA0141201575
B0949404202769N00044796EA0141201575
B0949414202769N00044796EA0141101575
B0949424202769N00044796EA0141101575
B0949434202769N00044796EA0141101575
B0949444202769N00044796EA0141101575
B0949454202769N00044796EA0141101575
B0949464202769N00044796EA0141101575
B0949474202769N00044796EA0141101575
B0949484202769N00044796EA0141101575
B0949494202769N00044796EA0141101575
B0949504202769N00044796EA0141101575
B0949514202769N00044796EA0141201575
B0949524202769N00044796EA0141101575
B0949534202769N00044796EA0141101575
B0949544202769N00044796EA0141101575
B0949554202769N00044796EA0141201575
B0949564202769N00044796EA0141101575
B0949574202769N00044796EA0141201575
B0949584202769N00044796EA0141201575
B0949594202769N00044796EA0141201575
B0950004202769N00044796EA0141101575
B0950014202769N00044796EA0141101575
B0950024202769N00044796EA0141101575
B0950034202769N00044796EA0141101575
B0950044202769N00044796EA0141101575
B0950054202768N00044796EA0141101575
B0950064202768N00044796EA0141101575
B0950074202768N00044796EA0141201575
B0950084202768N00044796EA0141101575
B0950094202768N00044796EA0141101575
B0950104202768N00044796EA0141101576
B0950114202768N00044796EA0141101576
B0950124202768N00044796EA0141101576
B0950134202768N00044796EA0141101576
B0950144202768N00044796EA0141101576
B0950154202768N00044796EA0141101576
B0950164202768N00044796EA0141201576
B0950174202768N00044796EA0141201576
B0950184202768N00044796EA0141201576
B0950194202768N00044796EA0141201576
B0950204202768N00044796EA0141201576
B0950214202768N00044796EA0141201576
B0950224202768N00044796EA0141201576
B0950234202768N00044796EA0141201576
B0950244202768N00044796EA0141201576
B0950254202768N00044796EA0141201576
B0950264202768N00044796EA0141201576
B0950274202768N00044796EA0141201576
B0950284202768N00044796EA0141201576
B0950294202768N00044796EA0141201576
B0950304202768N00044796EA0141201576
B0950314202768N00044796EA0141201576
B0950324202768N00044796EA0141201576
B0950334202768N00044796EA0141201576
B0950344202768N00044796EA0141201576
B0950354202768N00044796EA0141201576
B0950364202768N00044796EA0141201576
B0950374202768N00044796EA0141201576
B0950384202768N00044796EA0141201576
B0950394202768N00044796EA0141201576
B0950404202768N00044796EA0141201576
B0950414202768N00044796EA0141201576
B0950424202768N00044796EA0141201576
B0950434202768N00044796EA0141201576
B0950444202768N00044796EA0141201576
B0950454202768N00044796EA0141201576
B0950464202768N00044796EA0141201576
B0950474202768N00044796EA0141201576
B0950484202768N00044796EA0141201576
B0950494202768N00044796EA0141201576
B0950504202768N00044796EA0141201576
B0950514202768N00044796EA0141201576
B0950524202769N00044796EA0141201576
B0950534202769N00044796EA0141201576
B0950544202769N00044796EA0141201575
B0950554202769N00044796EA0141201575
B0950564202769N00044796EA0141201575
B0950574202769N00044796EA0141201575
B0950584202770N00044796EA0141201574
B0950594202770N00044796EA0141101575
B0951004202770N00044796EA0141101575
B0951014202769N00044796EA0141201575
B0951024202769N00044797EA0141201575
B0951034202769N00044797EA0141201575
B0951044202769N00044797EA0141201575
B0951054202769N00044797EA0141201575
B0951064202769N00044797EA0141201575
B0951074202769N00044797EA0141201575
B0951084202769N00044797EA0141201575
B0951094202769N00044797EA0141201575
B0951104202769N00044797EA0141201575
B0951114202769N00044797EA0141201575
B0951124202769N00044797EA0141201576
B0951134202769N00044797EA0141201576
B0951144202769N00044797EA0141201576
B0951154202769N00044797EA0141201576
B0951164202769N00044797EA0141201576
B0951174202769N00044797EA0141201576
B0951184202769N00044797EA0141201576
B0951194202769N00044797EA0141201576
B0951204202769N00044797EA0141201576
B0951214202769N00044797EA0141201576
B0951224202769N00044797EA0141201577
B0951234202769N00044797EA0141201577
B0951244202769N00044797EA0141201577
B0951254202769N00044797EA0141201577
B0951264202769N00044797EA0141201577
B0951274202769N00044797EA0141201577
B0951284202769N00044797EA0141201577
B0951294202769N00044797EA0141201577
B0951304202769N00044797EA0141201577
B0951314202769N00044797EA0141201577
B0951324202769N00044797EA0141101578
B0951334202769N00044796EA0141101578
B0951344202769N00044796EA0141101578
B0951354202769N00044796EA0141101578
B0951364202769N00044796EA0141201578
B0951374202769N00044796EA0141201578
B0951384202769N00044796EA0141101578
B0951394202769N00044796EA0141101578
B0951404202769N00044796EA0141201578
B0951414202769N00044796EA0141101578
B0951424202769N00044797EA0141101578
B0951434202769N00044797EA0141101578
B0951444202769N00044796EA0141101578
B0951454202769N00044796EA0141101578
B0951464202769N00044796EA0141101578
B0951474202769N00044796EA0141101577
B0951484202769N00044796EA0141101577
B0951494202769N00044796EA0141101577
B0951504202769N00044796EA0141101577
B0951514202769N00044796EA0141101577
B0951524202769N00044796EA0141101577
B0951534202769N00044796EA0141101577
B0951544202769N00044796EA0141101577
B0951554202769N00044796EA0141101577
B0951564202769N00044796EA0141101576
B0951574202769N00044796EA0141101576
B0951584202769N00044796EA0141101576
B0951594202769N00044796EA0141101576
B0952004202769N00044796EA0141101576
B0952014202769N00044796EA0141101576
B0952024202769N00044796EA0141101575
B0952034202769N00044796EA0141201575
B0952044202769N00044796EA0141101575
B0952054202769N00044796EA0141101575
B0952064202769N00044796EA0141101574
B0952074202769N00044796EA0141101574
B0952084202770N00044796EA0141101574
B0952094202770N00044796EA0141101573
B0952104202770N00044796EA0141101573
B0952114202770N00044796EA0141101573
B0952124202770N00044796EA0141101572
B0952134202770N00044796EA0141201571
B0952144202770N00044796EA0141101570
B0952154202770N00044797EA0141101570
B0952164202770N00044796EA0141101570
B0952174202770N00044797EA0141101569
B0952184202770N00044797EA0141101569
B0952194202770N00044797EA0141101569
B0952204202770N00044797EA0141101569
B0952214202770N00044797EA0141101569
B0952224202770N00044797EA0141101569
B0952234202770N00044797EA0141101568
B0952244202771N00044797EA0141101568
B0952254202771N00044797EA0141101568
B0952264202771N00044797EA0141101568
B0952274202771N00044797EA0141101568
B0952284202771N00044797EA0141101568
B0952294202771N00044797EA0141101568
B0952304202771N00044797EA0141101568
B0952314202771N00044797EA0141101568
B0952324202771N00044797EA0141101568
B0952334202771N00044797EA0141101568
B0952344202771N00044797EA0141101568
B0952354202771N00044797EA0141101568
B0952364202771N00044797EA0141101568
B0952374202771N00044797EA0141101568
B0952384202771N00044797EA0141101569
B0952394202771N00044797EA0141101569
B0952404202771N00044797EA0141101569
B0952414202771N00044797EA0141101569
B0952424202771N00044797EA0141201569
B0952434202771N00044797EA0141201569
B0952444202771N00044797EA0141201569
B0952454202771N00044797EA0141201569
B0952464202771N00044797EA0141201569
B0952474202771N00044798EA0141201569
B0952484202771N00044798EA0141201569
B0952494202771N00044798EA0141101569
B0952504202771N00044798EA0141101569
B0952514202771N00044798EA0141101568
B0952524202771N00044798EA0141101569
B0952534202771N00044798EA0141201569
B0952544202771N00044798EA0141101569
B0952554202771N00044798EA0141101568
B0952564202771N00044798EA0141101568
B0952574202771N00044798EA0141101568
B0952584202771N00044798EA0141101568
B0952594202771N00044798EA0141101568
B0953004202771N00044798EA0141101568
B0953014202771N00044798EA0141101568
B0953024202771N00044798EA0141101568
B0953034202771N00044798EA0141101568
B0953044202771N00044798EA0141101568
B0953054202771N00044798EA0141101568
B0953064202771N00044798EA0141101568
B0953074202771N00044798EA0141101568
B0953084202771N00044798EA0141101568
B0953094202771N00044798EA0141101568
B0953104202771N00044798EA0141101568
B0953114202771N00044798EA0141101568
B0953124202771N00044798EA0141101568
B0953134202771N00044798EA0141101568
B0953144202771N00044798EA0141101569
B0953154202771N00044798EA0141101569
B0953164202771N00044798EA0141101569
B0953174202771N00044798EA0141101569
B0953184202771N00044798EA0141101569
B0953194202771N00044798EA0141101569
B0953204202771N00044798EA0141101569
B0953214202771N00044798EA0141101569
B0953224202771N00044797EA0141101569
B0953234202771N00044797EA0141101569
B0953244202771N00044797EA0141101569
B0953254202771N00044797EA0141101569
B0953264202771N00044797EA0141101569
B0953274202771N00044797EA0141101569
B0953284202771N00044797EA0141101568
B0953294202771N00044797EA0141101568
B0953304202771N00044797EA0141101568
B0953314202771N00044797EA0141101568
B0953324202770N00044797EA0141101568
B0953334202770N00044797EA0141101568
B0953344202771N00044797EA0141101568
B0953354202771N00044797EA0141101568
B0953364202771N00044797EA0141101568
B0953374202771N00044797EA0141101568
B0953384202771N00044797EA0141101568
B0953394202771N00044798EA0141101568
B0953404202771N00044798EA0141101569
B0953414202771N00044798EA0141101569
B0953424202771N00044798EA0141101569
B0953434202771N00044798EA0141101569
B0953444202771N00044798EA0141101569
B0953454202771N00044798EA0141101569
B0953464202771N00044798EA0141101569
B0953474202771N00044798EA0141101569
B0953484202771N00044798EA0141101569
B0953494202771N00044798EA0141101569
B0953504202771N00044798EA0141101570
B0953514202771N00044798EA0141101570
B0953524202771N00044798EA0141101570
B0953534202771N00044798EA0141101571
B0953544202771N00044798EA0141101571
B0953554202771N00044798EA0141101571
B0953564202771N00044798EA0141101571
B0953574202770N00044798EA0141101571
B0953584202770N00044798EA0141101571
B0953594202770N00044798EA0141101571
B0954004202770N00044798EA0141101571
B0954014202770N00044798EA0141101571
B0954024202771N00044798EA0141101570
B0954034202771N00044798EA0141101570
B0954044202771N00044798EA0141101570
B0954054202771N00044798EA0141101570
B0954064202771N00044798EA0141101570
B0954074202771N00044798EA0141101570
B0954084202771N00044798EA0141101570
B0954094202771N00044798EA0141101570
B0954104202771N00044798EA0141101570
B0954114202771N00044798EA0141101570
B0954124202771N00044798EA0141101569
B0954134202771N00044798EA0141101569
B0954144202771N00044798EA0141101569
B0954154202771N00044798EA0141101569
B0954164202771N00044798EA0141101569
B0954174202771N00044798EA0141101569
B0954184202771N00044798EA0141101569
B0954194202771N00044798EA0141101569
B0954204202771N00044798EA0141101569
B0954214202770N00044798EA0141101569
B0954224202770N00044798EA0141101569
B0954234202770N00044798EA0141101569
B0954244202770N00044798EA0141101569
B0954254202770N00044798EA0141101568
B0954264202770N00044798EA0141101568
B0954274202770N00044798EA0141101568
B0954284202770N00044798EA0141101568
B0954294202770N00044798EA0141101568
B0954304202770N00044798EA0141101568
B0954314202770N00044798EA0141101568
B0954324202770N00044798EA0141101568
B0954334202770N00044798EA0141101569
B0954344202770N00044798EA0141101569
B0954354202770N00044798EA0141101569
B0954364202770N00044798EA0141101569
B0954374202770N00044798EA0141101569
B0954384202770N00044798EA0141101569
B0954394202770N00044798EA0141101569
B0954404202770N00044798EA0141101569
B0954414202770N00044798EA0141101569
B0954424202770N00044798EA0141101569
B0954434202770N00044798EA0141101569
B0954444202770N00044798EA0141101570
B0954454202770N00044798EA0141201570
B0954464202770N00044798EA0141101570
B0954474202771N00044798EA0141201569
B0954484202771N00044798EA0141101569
B0954494202771N00044798EA0141101569
B0954504202771N00044798EA0141201570
B0954514202771N00044798EA0141201569
B0954524202771N00044798EA0141201569
B0954534202771N00044798EA0141201569
B0954544202771N00044798EA0141201569
B0954554202771N00044798EA0141101569
B0954564202771N00044798EA0141201569
B0954574202771N00044798EA0141201569
B0954584202771N00044798EA0141201569
B0954594202771N00044798EA0141201569
B0955004202771N00044798EA0141201569
B0955014202771N00044798EA0141201569
B0955024202771N00044798EA0141201569
B0955034202771N00044798EA0141201569
B0955044202771N00044798EA0141201569
B0955054202771N00044798EA0141201570
B0955064202771N00044798EA0141201570
B0955074202771N00044798EA0141201570
B0955084202771N00044798EA0141201570
B0955094202771N00044798EA0141201570
B0955104202771N00044798EA0141201570
B0955114202771N00044798EA0141201570
B0955124202771N00044798EA0141201570
B0955134202771N00044797EA0141201570
B0955144202771N00044797EA0141201570
B0955154202771N00044797EA0141201570
B0955164202771N00044797EA0141201570
B0955174202771N00044797EA0141201570
B0955184202771N00044797EA0141101570
B0955194202771N00044797EA0141101570
B0955204202771N00044797EA0141101570
B0955214202771N00044797EA0141101570
B0955224202771N00044797EA0141201570
B0955234202771N00044797EA0141201570
B0955244202771N00044797EA0141201570
B0955254202771N00044797EA0141201570
B0955264202771N00044797EA0141201570
B0955274202771N00044797EA0141201570
B0955284202771N00044797EA0141201570
B0955294202771N00044797EA0141201570
B0955304202771N00044797EA0141201570
B0955314202771N00044797EA0141201570
B0955324202771N00044797EA0141201570
B0955334202770N00044797EA0141201570
B0955344202770N00044797EA0141101570
B0955354202771N00044797EA0141101569
B0955364202771N00044797EA0141101569
B0955374202771N00044797EA0141101569
B0955384202771N00044797EA0141101569
B0955394202771N00044797EA0141101569
B0955404202771N00044797EA0141101569
B0955414202771N00044797EA0141101569
B0955424202771N00044797EA0141101569
B0955434202771N00044797EA0141101569
B0955444202771N00044797EA0141101569
B0955454202771N00044797EA0141101569
B0955464202771N00044798EA0141101569
B0955474202770N00044798EA0141101569
B0955484202770N00044797EA0141101569
B0955494202770N00044797EA0141101569
B0955504202770N00044797EA0141101569
B0955514202770N00044798EA0141101569
B0955524202770N00044798EA0141101569
B0955534202770N00044798EA0141101569
B0955544202770N00044798EA0141101569
B0955554202770N00044798EA0141101569
B0955564202770N00044798EA0141101569
B0955574202770N00044798EA0141101569
B0955584202770N00044798EA0141101569
B0955594202770N00044798EA0141101569
B0956004202770N00044798EA0141101569
B0956014202770N00044798EA0141101569
B0956024202770N00044798EA0141101569
B0956034202770N00044798EA0141101569
B0956044202770N00044798EA0141101569
B0956054202770N00044798EA0141101569
B0956064202770N00044798EA0141101569
B0956074202770N00044798EA0141101568
B0956084202770N00044798EA0141101568
B0956094202770N00044798EA0141101568
B0956104202770N00044798EA0141101568
B0956114202770N00044798EA0141101568
B0956124202770N00044798EA0141101568
B0956134202770N00044798EA0141101568
B0956144202770N00044798EA0141101568
B0956154202770N00044798EA0141101568
B0956164202770N00044798EA0141101568
B0956174202770N00044798EA0141101568
B0956184202770N00044798EA0141101568
B0956194202770N00044798EA0141101568
B0956204202770N00044798EA0141101568
B0956214202770N00044798EA0141101568
B0956224202770N00044798EA0141101568
B0956234202770N00044798EA0141101568
B0956244202770N00044798EA0141101568
B0956254202770N00044798EA0141101568
B0956264202770N00044798EA0141101568
B0956274202770N00044798EA0141101568
B0956284202770N00044798EA0141101568
B0956294202770N00044798EA0141201568
B0956304202770N00044798EA0141101568
B0956314202770N00044798EA0141101568
B0956324202770N00044798EA0141201569
B0956334202770N00044798EA0141201569
B0956344202770N00044798EA0141201569
B0956354202770N00044798EA0141101569
B0956364202770N00044798EA0141101569
B0956374202770N00044798EA0141101569
B0956384202770N00044798EA0141101569
B0956394202770N00044798EA0141101569
B0956404202770N00044798EA0141101569
B0956414202770N00044798EA0141101569
B0956424202770N00044798EA0141101569
B0956434202770N00044798EA0141101569
B0956444202770N00044798EA0141101569
B0956454202770N00044798EA0141101569
B0956464202770N00044798EA0141101569
B0956474202770N00044798EA0141101569
B0956484202770N00044798EA0141101569
B0956494202770N00044798EA0141101569
B0956504202770N00044798EA0141101569
B0956514202770N00044798EA0141101569
B0956524202770N00044798EA0141101569
B0956534202770N00044798EA0141101569
B0956544202770N00044798EA0141101569
B0956554202770N00044798EA0141101569
B0956564202770N00044798EA0141101568
B0956574202770N00044798EA0141101569
B0956584202770N00044798EA0141101568
B0956594202770N00044798EA0141101568
B0957004202770N00044798EA0141101568
B0957014202770N00044798EA0141101568
B0957024202770N00044798EA0141101568
B0957034202770N00044798EA0141101568
B0957044202770N00044798EA0141101568
B0957054202770N00044798EA0141101568
B0957064202770N00044798EA0141101569
B0957074202770N00044798EA0141101569
B0957084202770N00044798EA0141101569
B0957094202770N00044798EA0141101569
B0957104202770N00044798EA0141101569
B0957114202770N00044798EA0141101569
B0957124202770N00044798EA0141101569
B0957134202770N00044798EA0141101569
B0957144202770N00044798EA0141101569
B0957154202770N00044798EA0141101569
B0957164202770N00044798EA0141101569
B0957174202770N00044799EA0141101569
B0957184202770N00044799EA0141101569
B0957194202770N00044799EA0141101569
B0957204202770N00044799EA0141101569
B0957214202771N00044798EA0141101569
B0957224202771N00044798EA0141101569
B0957234202771N00044798EA0141101569
B0957244202771N00044798EA0141101569
B0957254202771N00044798EA0141101568
B0957264202771N00044798EA0141101568
B0957274202771N00044798EA0141101568
B0957284202771N00044798EA0141101568
B0957294202771N00044798EA0141101568
B0957304202771N00044798EA0141101568
B0957314202771N00044798EA0141101568
B0957324202771N00044798EA0141101568
B0957334202771N00044798EA0141101568
B0957344202771N00044798EA0141101568
B0957354202771N00044798EA0141101568
B0957364202771N00044798EA0141101568
B0957374202771N00044798EA0141101568
B0957384202771N00044798EA0141101568
B0957394202771N00044798EA0141101568
B0957404202771N00044798EA0141101568
B0957414202771N00044798EA0141101568
B0957424202771N00044798EA0141101568
B0957434202771N00044798EA0141101568
B0957444202771N00044798EA0141101568
B0957454202771N00044798EA0141101568
B0957464202771N00044798EA0141101568
B0957474202771N00044798EA0141101568
B0957484202771N00044798EA0141101568
B0957494202771N00044798EA0141101568
B0957504202771N00044798EA0141101568
B0957514202771N00044798EA0141101568
B0957524202771N00044798EA0141101568
B0957534202771N00044799EA0141101568
B0957544202771N00044799EA0141101568
B0957554202771N00044799EA0141101568
B0957564202771N00044799EA0141101569
B0957574202771N00044799EA0141101569
B0957584202771N00044799EA0141101569
B0957594202771N00044799EA0141101569
B0958004202771N00044799EA0141101569
B0958014202771N00044799EA0141101569
B0958024202771N00044799EA0141101569
B0958034202771N00044799EA0141101569
B0958044202771N00044799EA0141101569
B0958054202771N00044799EA0141101569
B0958064202771N00044799EA0141101569
B0958074202771N00044799EA0141101569
B0958084202771N00044799EA0141101569
B0958094202771N00044799EA0141101569
B0958104202771N00044799EA0141101569
B0958114202771N00044799EA0141101569
B0958124202771N00044799EA0141101568
B0958134202771N00044798EA0141101568
B0958144202771N00044798EA0141101568
B0958154202771N00044798EA0141101568
B0958164202771N00044798EA0141101568
B0958174202771N00044798EA0141101568
B0958184202771N00044798EA0141101568
B0958194202771N00044798EA0141101568
B0958204202771N00044798EA0141101568
B0958214202771N00044798EA0141101568
B0958224202771N00044798EA0141101568
B0958234202771N00044798EA0141101568
B0958244202771N00044798EA0141101568
B0958254202771N00044798EA0141201568
B0958264202771N00044798EA0141101568
B0958274202771N00044798EA0141101568
B0958284202770N00044798EA0141101568
B0958294202770N00044798EA0141101567
B0958304202770N00044798EA0141101567
B0958314202770N00044798EA0141101567
B0958324202770N00044798EA0141101567
B0958334202770N00044798EA0141201567
B0958344202770N00044798EA0141101567
B0958354202770N00044798EA0141101567
B0958364202770N00044798EA0141101567
B0958374202770N00044798EA0141101567
B0958384202770N00044798EA0141101567
B0958394202770N00044798EA0141101567
B0958404202770N00044798EA0141101567
B0958414202770N00044798EA0141101567
B0958424202770N00044798EA0141101568
B0958434202770N00044798EA0141101568
B0958444202770N00044798EA0141101568
B0958454202770N00044798EA0141101568
B0958464202770N00044798EA0141101568
B0958474202770N00044798EA0141101568
B0958484202770N00044798EA0141101568
B0958494202770N00044798EA0141101568
B0958504202770N00044798EA0141101568
B0958514202770N00044798EA0141101568
B0958524202770N00044798EA0141101568
B0958534202770N00044798EA0141101568
B0958544202770N00044798EA0141101568
B0958554202770N00044798EA0141101568
B0958564202770N00044798EA0141101568
B0958574202770N00044798EA0141101568
B0958584202770N00044798EA0141101568
B0958594202770N00044798EA0141101568
B0959004202770N00044798EA0141101568
B0959014202770N00044798EA0141101568
B0959024202770N00044798EA0141101568
B0959034202770N00044798EA0141101568
B0959044202770N00044798EA0141101568
B0959054202770N00044798EA0141101568
B0959064202770N00044798EA0141101568
B0959074202770N00044798EA0141101568
B0959084202770N00044798EA0141101568
B0959094202770N00044798EA0141101568
B0959104202770N00044798EA0141101568
B0959114202770N00044798EA0141101568
B0959124202770N00044798EA0141101568
B0959134202770N00044798EA0141101568
B0959144202770N00044798EA0141101568
B0959154202770N00044798EA0141101568
B0959164202770N00044798EA0141101568
B0959174202770N00044798EA0141101568
B0959184202770N00044798EA0141101568
B0959194202770N00044798EA0141101568
B0959204202770N00044798EA0141101568
B0959214202770N00044798EA0141101568
B0959224202770N00044798EA0141101568
B0959234202770N00044798EA0141101568
B0959244202770N00044798EA0141101568
B0959254202770N00044798EA0141101568
B0959264202770N00044798EA0141101568
B0959274202770N00044798EA0141101568
B0959284202770N00044798EA0141101568
B0959294202770N00044798EA0141101568
B0959304202770N00044798EA0141101568
B0959314202770N00044798EA0141101568
B0959324202770N00044798EA0141101568
B0959334202770N00044798EA0141101568
B0959344202770N00044798EA0141101568
B0959354202770N00044798EA0141101568
B0959364202770N00044798EA0141101568
B0959374202770N00044798EA0141101568
B0959384202770N00044798EA0141101568
B0959394202770N00044798EA0141101568
B0959404202770N00044798EA0141101568
B0959414202770N00044798EA0141101568
B0959424202770N00044798EA0141101569
B0959434202770N00044798EA0141101569
B0959444202770N00044798EA0141101569
B0959454202770N00044798EA0141101569
B0959464202770N00044798EA0141101569
B0959474202770N00044798EA0141101569
B0959484202770N00044798EA0141101569
B0959494202770N00044798EA0141101569
B0959504202770N00044798EA0141101569
B0959514202770N00044798EA0141101568
B0959524202770N00044798EA0141101568
B0959534202770N00044798EA0141101568
B0959544202770N00044798EA0141101568
B0959554202770N00044798EA0141101568
B0959564202770N00044798EA0141101568
B0959574202770N00044798EA0141101568
B0959584202770N00044798EA0141101568
B0959594202770N00044798EA0141101568
B1000004202770N00044798EA0141101568
B1000014202770N00044798EA0141101568
B1000024202770N00044798EA0141101568
B1000034202770N00044798EA0141101568
B1000044202770N00044798EA0141101568
B1000054202770N00044798EA0141101568
B1000064202770N00044798EA0141101568
B1000074202770N00044798EA0141101568
B1000084202770N00044798EA0141101568
B1000094202770N00044798EA0141101568
B1000104202770N00044798EA0141101568
B1000114202770N00044798EA0141101568
B1000124202770N00044798EA0141101568
B1000134202770N00044798EA0141101568
B1000144202770N00044798EA0141101568
B1000154202770N00044798EA0141101568
B1000164202769N00044798EA0141101568
B1000174202769N00044798EA0141101568
B1000184202769N00044798EA0141101568
B1000194202769N00044798EA0141101568
B1000204202769N00044798EA0141101568
B1000214202769N00044798EA0141101568
B1000224202769N00044798EA0141101568
B1000234202769N00044798EA0141101568
B1000244202769N00044798EA0141101568
B1000254202769N00044798EA0141101568
B1000264202769N00044798EA0141101568
B1000274202769N00044798EA0141101569
B1000284202769N00044798EA0141101569
B1000294202769N00044798EA0141101569
B1000304202769N00044798EA0141101569
B1000314202769N00044797EA0141101569
B1000324202769N00044797EA0141101569
B1000334202769N00044797EA0141101569
B1000344202769N00044797EA0141101570
B1000354202769N00044797EA0141101570
B1000364202769N00044797EA0141101570
B1000374202769N00044797EA0141101570
B1000384202769N00044797EA0141101570
B1000394202769N00044797EA0141101570
B1000404202769N00044797EA0141101570
B1000414202770N00044797EA0141101570
B1000424202770N00044797EA0141101570
B1000434202770N00044796EA0141101570
B1000444202770N00044796EA0141101570
B1000454202770N00044796EA0141101571
B1000464202770N00044796EA0141101571
B1000474202770N00044796EA0141101571
B1000484202770N00044796EA0141101571
B1000494202770N00044796EA0141101571
B1000504202770N00044796EA0141101571
B1000514202770N00044796EA0141101571
B1000524202770N00044796EA0141101571
B1000534202770N00044796EA0141101571
B1000544202770N00044796EA0141101572
B1000554202770N00044796EA0141101572
B1000564202770N00044796EA0141101572
B1000574202770N00044796EA0141101572
B1000584202770N00044796EA0141101572
B1000594202770N00044796EA0141101572
B1001004202770N00044796EA0141101572
B1001014202770N00044796EA0141101572
B1001024202770N00044796EA0141101572
B1001034202770N00044796EA0141101572
B1001044202770N00044796EA0141101572
B1001054202770N00044796EA0141101572
B1001064202770N00044796EA0141001572
B1001074202770N00044796EA0141101572
B1001084202770N00044796EA0141101572
B1001094202770N00044796EA0141101572
B1001104202770N00044796EA0141101572
B1001114202770N00044796EA0141101572
B1001124202770N00044796EA0141101572
B1001134202770N00044796EA0141101572
B1001144202770N00044796EA0141101572
B1001154202770N00044796EA0141101572
B1001164202770N00044796EA0141101572
B1001174202770N00044796EA0141101572
B1001184202770N00044796EA0141101572
B1001194202770N00044796EA0141101572
B1001204202770N00044796EA0141101572
B1001214202770N00044796EA0141101572
B1001224202770N00044796EA0141101572
B1001234202770N00044796EA0141101572
B1001244202769N00044796EA0141101572
B1001254202769N00044796EA0141101572
B1001264202769N00044796EA0141101572
B1001274202769N00044796EA0141101572
B1001284202769N00044796EA0141101572
B1001294202769N00044796EA0141101573
B1001304202769N00044796EA0141101573
B1001314202769N00044796EA0141101573
B1001324202769N00044796EA0141101573
B1001334202769N00044796EA0141101573
B1001344202769N00044796EA0141101573
B1001354202769N00044796EA0141101573
B1001364202769N00044796EA0141101573
B1001374202769N00044796EA0141101573
B1001384202769N00044796EA0141101573
B1001394202769N00044796EA0141101573
B1001404202769N00044796EA0141101574
B1001414202769N00044796EA0141101574
B1001424202769N00044796EA0141101574
B1001434202769N00044796EA0141101574
B1001444202769N00044796EA0141101574
B1001454202769N00044796EA0141101574
B1001464202769N00044796EA0141101574
B1001474202769N00044796EA0141101574
B1001484202769N00044796EA0141101574
B1001494202769N00044796EA0141101574
B1001504202769N00044796EA0141101574
B1001514202769N00044796EA0141101574
B1001524202769N00044796EA0141101574
B1001534202769N00044796EA0141101574
B1001544202769N00044796EA0141101574
B1001554202769N00044796EA0141101574
B1001564202769N00044796EA0141101573
B1001574202769N00044796EA0141101573
B1001584202769N00044796EA0141101573
B1001594202769N00044796EA0141101573
B1002004202769N00044796EA0141101573
B1002014202769N00044796EA0141101573
B1002024202769N00044796EA0141101573
B1002034202769N00044796EA0141101573
B1002044202769N00044796EA0141101573
B1002054202769N00044796EA0141101573
B1002064202769N00044796EA0141101573
B1002074202769N00044796EA0141101573
B1002084202769N00044796EA0141101573
B1002094202769N00044796EA0141101573
B1002104202769N00044796EA0141101573
B1002114202769N00044796EA0141101573
B1002124202769N00044796EA0141101573
B1002134202769N00044796EA0141101572
B1002144202769N00044796EA0141101572
B1002154202769N00044796EA0141101572
B1002164202769N00044796EA0141101572
B1002174202769N00044796EA0141101572
B1002184202769N00044796EA0141101572
B1002194202769N00044796EA0141101572
B1002204202769N00044796EA0141101572
B1002214202769N00044796EA0141101572
B1002224202769N00044796EA0141101572
B1002234202769N00044796EA0141101572
B1002244202769N00044796EA0141101572
B1002254202769N00044796EA0141101572
B1002264202769N00044796EA0141101572
B1002274202769N00044796EA0141101572
B1002284202769N00044796EA0141101572
B1002294202769N00044796EA0141101572
B1002304202769N00044796EA0141101572
B1002314202769N00044796EA0141001571
B1002324202770N00044796EA0141001571
B1002334202770N00044796EA0141001571
B1002344202770N00044796EA0141001571
B1002354202770N00044796EA0141101571
B1002364202770N00044796EA0141101571
B1002374202770N00044796EA0141001571
B1002384202770N00044796EA0141001571
B1002394202770N00044796EA0141001571
B1002404202770N00044796EA0141001571
B1002414202770N00044796EA0141001571
B1002424202770N00044796EA0141001571
B1002434202770N00044796EA0141001571
B1002444202770N00044796EA0141001571
B1002454202770N00044796EA0141101571
B1002464202770N00044796EA0141001571
B1002474202770N00044796EA0141101571
B1002484202770N00044796EA0141101571
B1002494202770N00044796EA0141001571
B1002504202770N00044796EA0141101571
B1002514202770N00044796EA0141101571
B1002524202770N00044796EA0141001571
B1002534202770N00044796EA0141101571
B1002544202770N00044796EA0141101572
B1002554202770N00044796EA0141101572
B1002564202770N00044796EA0141101572
B1002574202770N00044796EA0141101572
B1002584202770N00044796EA0141101571
B1002594202770N00044796EA0141101571
B1003004202770N00044796EA0141101571
B1003014202770N00044796EA0141101572
B1003024202770N00044796EA0141101571
B1003034202770N00044796EA0141101571
B1003044202770N00044796EA0141101571
B1003054202770N00044796EA0141101571
B1003064202770N00044796EA0141101572
B1003074202770N00044796EA0141101572
B1003084202770N00044796EA0141101572
B1003094202770N00044796EA0141101572
B1003104202770N00044796EA0141101572
B1003114202770N00044796EA0141101572
B1003124202770N00044796EA0141101572
B1003134202770N00044796EA0141101572
B1003144202770N00044796EA0141101572
B1003154202770N00044796EA0141101572
B1003164202770N00044796EA0141101572
B1003174202770N00044796EA0141101572
B1003184202770N00044796EA0141101572
B1003194202770N00044796EA0141101572
B1003204202770N00044796EA0141101572
B1003214202770N00044796EA0141101572
B1003224202770N00044796EA0141101572
B1003234202770N00044796EA0141101572
B1003244202770N00044796EA0141101572
B1003254202770N00044796EA0141101572
B1003264202770N00044796EA0141101572
B1003274202770N00044796EA0141101572
B1003284202770N00044796EA0141101572
B1003294202770N00044796EA0141101572
B1003304202769N00044796EA0141101572
B1003314202769N00044796EA0141101572
B1003324202769N00044795EA0141101572
B1003334202769N00044795EA0141101572
B1003344202769N00044795EA0141101572
B1003354202769N00044795EA0141101572
B1003364202769N00044795EA0141201572
B1003374202769N00044795EA0141101572
B1003384202769N00044795EA0141101572
B1003394202769N00044795EA0141101572
B1003404202769N00044795EA0141101572
B1003414202769N00044795EA0141101572
B1003424202769N00044795EA0141101572
B1003434202769N00044795EA0141101572
B1003444202769N00044795EA0141101572
B1003454202769N00044795EA0141101572
B1003464202769N00044795EA0141101572
B1003474202769N00044795EA0141101572
B1003484202769N00044795EA0141101572
B1003494202769N00044795EA0141201572
B1003504202769N00044795EA0141101572
B1003514202769N00044795EA0141101572
B1003524202769N00044795EA0141101572
B1003534202769N00044795EA0141101572
B1003544202769N00044795EA0141101572
B1003554202769N00044795EA0141101572
B1003564202769N00044795EA0141101572
B1003574202769N00044795EA0141101572
B1003584202769N00044795EA0141101572
B1003594202769N00044795EA0141101572
B1004004202769N00044795EA0141101572
B1004014202769N00044795EA0141101571
B1004024202769N00044795EA0141101571
B1004034202769N00044795EA0141101572
B1004044202769N00044795EA0141101572
B1004054202769N00044795EA0141101572
B1004064202769N00044796EA0141101572
B1004074202769N00044796EA0141101572
B1004084202769N00044796EA0141101572
B1004094202769N00044796EA0141101572
B1004104202769N00044796EA0141101572
B1004114202769N00044796EA0141101572
B1004124202769N00044796EA0141101572
B1004134202769N00044796EA0141101572
B1004144202769N00044796EA0141101572
B1004154202769N00044796EA0141101572
B1004164202769N00044796EA0141101572
B1004174202769N00044796EA0141101572
B1004184202769N00044796EA0141101572
B1004194202769N00044796EA0141101572
B1004204202769N00044796EA0141101572
B1004214202769N00044796EA0141101572
B1004224202769N00044796EA0141101572
B1004234202769N00044796EA0141101572
B1004244202769N00044796EA0141101572
B1004254202769N00044796EA0141101572
B1004264202769N00044796EA0141101571
B1004274202769N00044796EA0141101571
B1004284202769N00044796EA0141101571
B1004294202769N00044796EA0141101571
B1004304202769N00044796EA0141101571
B1004314202769N00044796EA0141101571
B1004324202769N00044796EA0141101571
B1004334202769N00044796EA0141101571
B1004344202769N00044796EA0141101571
B1004354202769N00044796EA0141101571
B1004364202768N00044796EA0141101571
B1004374202768N00044796EA0141101571
B1004384202768N00044796EA0141101571
B1004394202768N00044796EA0141101571
B1004404202768N00044796EA0141101571
B1004414202768N00044796EA0141101571
B1004424202768N00044796EA0141101571
B1004434202768N00044796EA0141101571
B1004444202769N00044796EA0141101571
B1004454202769N00044796EA0141101571
B1004464202769N00044796EA0141101571
B1004474202769N00044796EA0141101571
B1004484202769N00044796EA0141101571
B1004494202769N00044796EA0141101571
B1004504202769N00044796EA0141101571
B1004514202769N00044796EA0141101571
B1004524202769N00044796EA0141101571
B1004534202769N00044796EA0141101571
B1004544202769N00044796EA0141101571
B1004554202769N00044796EA0141101571
B1004564202769N00044796EA0141101571
B1004574202769N00044796EA0141101571
B1004584202769N00044796EA0141101571
B1004594202769N00044796EA0141101571
B1005004202769N00044796EA0141101571
B1005014202769N00044796EA0141101571
B1005024202769N00044796EA0141101571
B1005034202769N00044796EA0141101571
B1005044202769N00044796EA0141101571
B1005054202769N00044796EA0141101571
B1005064202769N00044796EA0141101571
B1005074202769N00044796EA0141101571
B1005084202769N00044796EA0141101571
B1005094202769N00044796EA0141101571
B1005104202769N00044796EA0141101571
B1005114202769N00044796EA0141101571
B1005124202769N00044796EA0141101572
B1005134202769N00044796EA0141101572
B1005144202769N00044796EA0141101572
B1005154202769N00044796EA0141101572
B1005164202769N00044796EA0141101572
B1005174202769N00044796EA0141101572
B1005184202769N00044796EA0141101572
B1005194202769N00044796EA0141101572
B1005204202769N00044796EA0141101572
B1005214202769N00044796EA0141101572
B1005224202769N00044796EA0141101572
B1005234202769N00044796EA0141101572
B1005244202769N00044796EA0141101572
B1005254202769N00044796EA0141101572
B1005264202769N00044796EA0141101572
B1005274202769N00044796EA0141101572
B1005284202769N00044796EA0141101572
B1005294202769N00044796EA0141101572
B1005304202769N00044796EA0141101572
B1005314202769N00044796EA0141101572
B1005324202769N00044796EA0141101572
B1005334202769N00044796EA0141101572
B1005344202769N00044796EA0141101572
B1005354202769N00044796EA0141101572
B1005364202769N00044796EA0141101572
B1005374202769N00044796EA0141101572
B1005384202769N00044796EA0141101572
B1005394202769N00044796EA0141101572
B1005404202769N00044796EA0141101571
B1005414202769N00044796EA0141101571
B1005424202769N00044796EA0141101572
B1005434202769N00044796EA0141101572
B1005444202769N00044796EA0141101572
B1005454202769N00044796EA0141101572
B1005464202769N00044796EA0141101572
B1005474202769N00044796EA0141101572
B1005484202769N00044796EA0141101572
B1005494202769N00044796EA0141101572
B1005504202769N00044795EA0141101571
B1005514202769N00044795EA0141101571
B1005524202769N00044795EA0141101571
B1005534202769N00044795EA0141101571
B1005544202769N00044795EA0141101571
B1005554202769N00044795EA0141101571
B1005564202769N00044795EA0141101571
B1005574202769N00044795EA0141101571
B1005584202769N00044795EA0141101571
B1005594202769N00044795EA0141101571
B1006004202769N00044795EA0141101571
B1006014202769N00044795EA0141101571
B1006024202769N00044795EA0141101571
B1006034202769N00044795EA0141101571
B1006044202769N00044795EA0141101570
B1006054202769N00044796EA0141101570
B1006064202769N00044796EA0141101570
B1006074202769N00044796EA0141101570
B1006084202769N00044796EA0141101570
B1006094202769N00044796EA0141101570
B1006104202769N00044796EA0141101570
B1006114202769N00044796EA0141101571
B1006124202769N00044796EA0141101571
B1006134202769N00044796EA0141101571
B1006144202769N00044796EA0141101570
B1006154202769N00044796EA0141101570
B1006164202769N00044796EA0141101570
B1006174202769N00044796EA0141101570
B1006184202769N00044796EA0141101571
B1006194202769N00044796EA0141101571
B1006204202769N00044796EA0141101571
B1006214202769N00044796EA0141101571
B1006224202769N00044796EA0141101571
B1006234202769N00044796EA0141101571
B1006244202769N00044796EA0141101571
B1006254202769N00044796EA0141101571
B1006264202769N00044796EA0141101571
B1006274202769N00044796EA0141101571
B1006284202769N00044796EA0141101571
B1006294202769N00044796EA0141101571
B1006304202769N00044796EA0141101571
B1006314202769N00044796EA0141101571
B1006324202769N00044796EA0141101571
B1006334202769N00044796EA0141101571
B1006344202769N00044796EA0141101571
B1006354202769N00044796EA0141101571
B1006364202769N00044796EA0141101571
B1006374202769N00044796EA0141101571
B1006384202769N00044796EA0141101571
B1006394202769N00044796EA0141101571
B1006404202769N00044796EA0141101571
B1006414202769N00044796EA0141101571
B1006424202769N00044796EA0141101571
B1006434202769N00044796EA0141101571
B1006444202769N00044796EA0141101571
B1006454202769N00044796EA0141101571
B1006464202769N00044796EA0141101571
B1006474202769N00044796EA0141101571
B1006484202769N00044796EA0141101571
B1006494202769N00044796EA0141101571
B1006504202769N00044796EA0141101571
B1006514202769N00044796EA0141101571
B1006524202769N00044796EA0141101571
B1006534202769N00044796EA0141101571
B1006544202769N00044796EA0141101571
B1006554202769N00044796EA0141101571
B1006564202769N00044796EA0141101571
B1006574202769N00044796EA0141101571
B1006584202769N00044796EA0141101571
B1006594202769N00044796EA0141101571
B1007004202768N00044796EA0141101571
B1007014202768N00044796EA0141101571
B1007024202768N00044796EA0141101571
B1007034202768N00044796EA0141101571
B1007044202768N00044796EA0141101571
B1007054202768N00044796EA0141101570
B1007064202768N00044796EA0141101570
B1007074202768N00044796EA0141101570
B1007084202768N00044796EA0141101570
B1007094202768N00044796EA0141101570
B1007104202768N00044796EA0141101570
B1007114202768N00044796EA0141101570
B1007124202768N00044796EA0141101570
B1007134202768N00044796EA0141101570
B1007144202768N00044796EA0141101570
B1007154202768N00044796EA0141101570
B1007164202768N00044796EA0141101570
B1007174202768N00044796EA0141101570
B1007184202768N00044796EA0141101570
B1007194202768N00044796EA0141101570
B1007204202768N00044796EA0141101570
B1007214202768N00044796EA0141101570
B1007224202768N00044796EA0141101570
B1007234202768N00044796EA0141101570
B1007244202768N00044796EA0141101570
B1007254202768N00044796EA0141101570
B1007264202768N00044796EA0141101570
B1007274202768N00044796EA0141101570
B1007284202768N00044796EA0141101570
B1007294202768N00044796EA0141101570
B1007304202768N00044796EA0141101570
B1007314202768N00044796EA0141101570
B1007324202768N00044796EA0141101571
B1007334202768N00044796EA0141101571
B1007344202768N00044796EA0141101571
B1007354202768N00044796EA0141101571
B1007364202768N00044796EA0141101571
B1007374202768N00044796EA0141101571
B1007384202768N00044796EA0141101571
B1007394202768N00044796EA0141101571
B1007404202768N00044796EA0141101571
B1007414202768N00044796EA0141101571
B1007424202769N00044796EA0141101571
B1007434202769N00044796EA0141101571
B1007444202769N00044796EA0141101571
B1007454202769N00044796EA0141101571
B1007464202769N00044796EA0141101571
B1007474202769N00044796EA0141101571
B1007484202769N00044796EA0141101571
B1007494202769N00044796EA0141101571
B1007504202769N00044796EA0141101571
B1007514202769N00044796EA0141101571
B1007524202769N00044796EA0141101572
B1007534202769N00044796EA0141101572
B1007544202769N00044796EA0141101572
B1007554202769N00044796EA0141101572
B1007564202769N00044796EA0141101572
B1007574202769N00044796EA0141101572
B1007584202769N00044796EA0141101572
B1007594202769N00044796EA0141101572
B1008004202769N00044796EA0141101572
B1008014202769N00044796EA0141101572
B1008024202769N00044796EA0141101572
B1008034202769N00044796EA0141101572
B1008044202769N00044796EA0141101572
B1008054202769N00044796EA0141101572
B1008064202769N00044796EA0141101572
B1008074202769N00044796EA0141101572
B1008084202769N00044796EA0141101572
B1008094202769N00044796EA0141101572
B1008104202769N00044796EA0141101572
B1008114202769N00044796EA0141101572
B1008124202769N00044796EA0141101572
B1008134202769N00044796EA0141101572
B1008144202769N00044796EA0141101572
B1008154202769N00044796EA0141101572
B1008164202769N00044796EA0141101572
B1008174202769N00044796EA0141101572
B1008184202769N00044796EA0141101573
B1008194202769N00044796EA0141101573
B1008204202769N00044796EA0141101573
B1008214202769N00044796EA0141101573
B1008224202769N00044796EA0141101573
B1008234202769N00044796EA0141101573
B1008244202769N00044796EA0141101573
B1008254202769N00044796EA0141101573
B1008264202769N00044796EA0141101573
B1008274202769N00044796EA0141101573
B1008284202769N00044796EA0141101573
B1008294202769N00044796EA0141101573
B1008304202769N00044796EA0141101573
B1008314202769N00044796EA0141101573
B1008324202769N00044796EA0141101573
B1008334202769N00044796EA0141101573
B1008344202769N00044796EA0141101572
B1008354202769N00044796EA0141101572
B1008364202769N00044796EA0141101572
B1008374202769N00044796EA0141101572
B1008384202769N00044796EA0141101572
B1008394202769N00044796EA0141101572
B1008404202769N00044796EA0141101572
B1008414202769N00044796EA0141101572
B1008424202769N00044796EA0141101572
B1008434202769N00044796EA0141101572
B1008444202769N00044796EA0141101572
B1008454202769N00044796EA0141101572
B1008464202769N00044796EA0141101572
B1008474202769N00044796EA0141101572
B1008484202769N00044796EA0141101572
B1008494202769N00044796EA0141101572
B1008504202769N00044796EA0141101572
B1008514202769N00044796EA0141101572
B1008524202769N00044796EA0141101572
B1008534202769N00044796EA0141101572
B1008544202769N00044796EA0141101572
B1008554202769N00044796EA0141101572
B1008564202769N00044796EA0141101572
B1008574202769N00044796EA0141101572
B1008584202769N00044796EA0141101572
B1008594202769N00044796EA0141101572
B1009004202769N00044796EA0141101572
B1009014202769N00044796EA0141101572
B1009024202769N00044796EA0141101572
B1009034202769N00044796EA0141101572
B1009044202769N00044796EA0141101572
B1009054202769N00044796EA0141101572
B1009064202769N00044796EA0141101572
B1009074202769N00044796EA0141101573
B1009084202769N00044796EA0141101573
B1009094202769N00044796EA0141101573
B1009104202769N00044796EA0141101573
B1009114202769N00044796EA0141101573
B1009124202769N00044796EA0141101573
B1009134202769N00044796EA0141101573
B1009144202769N00044796EA0141101573
B1009154202769N00044796EA0141101573
B1009164202769N00044796EA0141101573
B1009174202769N00044796EA0141101573
B1009184202769N00044796EA0141101573
B1009194202769N00044796EA0141101573
B1009204202769N00044796EA0141101573
B1009214202769N00044796EA0141101573
B1009224202769N00044796EA0141101573
B1009234202769N00044796EA0141101573
B1009244202769N00044796EA0141101573
B1009254202769N00044796EA0141101573
B1009264202769N00044796EA0141101573
B1009274202769N00044796EA0141101573
B1009284202769N00044796EA0141101573
B1009294202769N00044796EA0141101573
B1009304202769N00044796EA0141101573
B1009314202769N00044796EA0141101573
B1009324202769N00044796EA0141101573
B1009334202769N00044796EA0141101573
B1009344202769N00044796EA0141101573
B1009354202769N00044796EA0141101573
B1009364202769N00044796EA0141101573
B1009374202769N00044796EA0141101574
B1009384202769N00044796EA0141101574
B1009394202769N00044796EA0141101574
B1009404202769N00044796EA0141101574
B1009414202769N00044796EA0141101574
B1009424202769N00044796EA0141101573
B1009434202769N00044796EA0141101573
B1009444202769N00044796EA0141101573
B1009454202769N00044796EA0141101573
B1009464202769N00044796EA0141101573
B1009474202769N00044796EA0141101573
B1009484202769N00044796EA0141101573
B1009494202769N00044796EA0141101573
B1009504202769N00044796EA0141101573
B1009514202769N00044796EA0141101573
B1009524202769N00044796EA0141101573
B1009534202769N00044796EA0141101573
B1009544202769N00044796EA0141101573
B1009554202769N00044796EA0141101573
B1009564202769N00044796EA0141101573
B1009574202769N00044796EA0141101573
B1009584202769N00044796EA0141101573
B1009594202769N00044796EA0141101573
B1010004202769N00044796EA0141101574
B1010014202769N00044796EA0141101574
B1010024202769N00044796EA0141101574
B1010034202769N00044796EA0141101574
B1010044202769N00044796EA0141101574
B1010054202769N00044796EA0141101574
B1010064202769N00044796EA0141101574
B1010074202769N00044796EA0141101574
B1010084202769N00044796EA0141101574
B1010094202769N00044796EA0141101574
B1010104202769N00044796EA0141101574
B1010114202769N00044796EA0141101574
B1010124202769N00044796EA0141101574
B1010134202769N00044796EA0141101574
B1010144202769N00044796EA0141101574
B1010154202769N00044796EA0141101574
B1010164202769N00044796EA0141101574
B1010174202769N00044796EA0141101574
B1010184202769N00044796EA0141101574
B1010194202769N00044796EA0141101574
B1010204202769N00044796EA0141101574
B1010214202769N00044796EA0141101574
B1010224202769N00044796EA0141101574
B1010234202769N00044796EA0141101574
B1010244202769N00044796EA0141101574
B1010254202769N00044796EA0141101574
B1010264202769N00044796EA0141101574
B1010274202769N00044796EA0141101574
B1010284202769N00044796EA0141101574
B1010294202769N00044796EA0141101574
B1010304202769N00044796EA0141101574
B1010314202769N00044796EA0141101574
B1010324202769N00044796EA0141101574
B1010334202769N00044796EA0141101574
B1010344202769N00044796EA0141101574
B1010354202769N00044796EA0141101574
B1010364202769N00044796EA0141101574
B1010374202769N00044796EA0141101574
B1010384202769N00044796EA0141101574
B1010394202769N00044796EA0141101574
B1010404202769N00044796EA0141101574
B1010414202769N00044796EA0141101574
B1010424202769N00044796EA0141101574
B1010434202769N00044796EA0141101574
B1010444202769N00044796EA0141101574
B1010454202769N00044796EA0141101574
B1010464202769N00044796EA0141101574
B1010474202769N00044796EA0141101574
B1010484202769N00044796EA0141101574
B1010494202769N00044796EA0141101574
B1010504202769N00044796EA0141101574
B1010514202769N00044796EA0141101574
B1010524202769N00044796EA0141101574
B1010534202769N00044796EA0141101574
B1010544202769N00044796EA0141101574
B1010554202769N00044796EA0141101574
B1010564202769N00044796EA0141101573
B1010574202769N00044796EA0141101573
B1010584202769N00044796EA0141101573
B1010594202769N00044796EA0141101573
B1011004202769N00044796EA0141101573
B1011014202769N00044796EA0141101573
B1011024202769N00044796EA0141101573
B1011034202769N00044797EA0141101573
B1011044202769N00044797EA0141101572
B1011054202769N00044797EA0141101572
B1011064202769N00044797EA0141101572
B1011074202769N00044797EA0141101572
B1011084202769N00044797EA0141101572
B1011094202769N00044797EA0141101572
B1011104202769N00044797EA0141101572
B1011114202769N00044797EA0141101572
B1011124202769N00044797EA0141101572
B1011134202769N00044797EA0141101572
B1011144202769N00044797EA0141101572
B1011154202769N00044797EA0141101572
B1011164202769N00044797EA0141101572
B1011174202770N00044797EA0141101572
B1011184202770N00044797EA0141101571
B1011194202770N00044797EA0141101570
B1011204202770N00044797EA0141101570
B1011214202770N00044797EA0141101569
B1011224202770N00044798EA0141101568
B1011234202770N00044797EA0141101568
B1011244202770N00044797EA0141101568
B1011254202771N00044798EA0141101568
B1011264202771N00044798EA0141101568
B1011274202771N00044798EA0141101568
B1011284202771N00044798EA0141101568
B1011294202771N00044798EA0141101567
B1011304202771N00044798EA0141101567
B1011314202771N00044798EA0141101567
B1011324202771N00044798EA0141101567
B1011334202771N00044798EA0141101567
B1011344202771N00044798EA0141101567
B1011354202771N00044798EA0141101568
B1011364202771N00044798EA0141101568
B1011374202771N00044798EA0141101568
B1011384202771N00044798EA0141101568
B1011394202771N00044798EA0141101568
B1011404202771N00044797EA0141101568
B1011414202771N00044797EA0141101568
B1011424202771N00044797EA0141101568
B1011434202771N00044797EA0141101568
B1011444202771N00044797EA0141101568
B1011454202771N00044797EA0141101568
B1011464202771N00044797EA0141101568
B1011474202771N00044797EA0141101568
B1011484202770N00044797EA0141101569
B1011494202770N00044797EA0141101569
B1011504202770N00044797EA0141101569
B1011514202770N00044797EA0141101569
B1011524202770N00044797EA0141101569
B1011534202770N00044797EA0141101569
B1011544202770N00044797EA0141101569
B1011554202770N00044797EA0141101569
B1011564202770N00044797EA0141101569
B1011574202770N00044797EA0141101569
B1011584202770N00044797EA0141101569
B1011594202770N00044797EA0141101569
B1012004202770N00044797EA0141101569
B1012014202770N00044797EA0141101569
B1012024202770N00044797EA0141101569
B1012034202770N00044796EA0141101569
B1012044202770N00044796EA0141101569
B1012054202770N00044796EA0141101569
B1012064202770N00044796EA0141101569
B1012074202770N00044796EA0141101569
B1012084202770N00044796EA0141101569
B1012094202770N00044796EA0141101569
B1012104202770N00044796EA0141101570
B1012114202770N00044796EA0141101570
B1012124202770N00044796EA0141101570
B1012134202770N00044796EA0141101570
B1012144202770N00044796EA0141101570
B1012154202770N00044796EA0141101570
B1012164202770N00044796EA0141101570
B1012174202770N00044796EA0141101570
B1012184202770N00044796EA0141101570
B1012194202770N00044796EA0141101570
B1012204202770N00044796EA0141101570
B1012214202770N00044796EA0141101570
B1012224202770N00044796EA0141101570
B1012234202770N00044796EA0141101570
B1012244202769N00044796EA0141101570
B1012254202769N00044796EA0141101570
B1012264202769N00044796EA0141101570
B1012274202769N00044796EA0141101571
B1012284202769N00044796EA0141101571
B1012294202769N00044796EA0141101571
B1012304202769N00044796EA0141101571
B1012314202769N00044796EA0141101571
B1012324202769N00044796EA0141101571
B1012334202769N00044796EA0141101571
B1012344202769N00044796EA0141101571
B1012354202769N00044796EA0141101571
B1012364202769N00044796EA0141101571
B1012374202769N00044796EA0141101571
B1012384202769N00044796EA0141101571
B1012394202769N00044796EA0141101571
B1012404202769N00044796EA0141101571
B1012414202769N00044796EA0141101571
B1012424202769N00044796EA0141101571
B1012434202769N00044796EA0141101571
B1012444202769N00044796EA0141101571
B1012454202769N00044796EA0141101571
B1012464202769N00044796EA0141101571
B1012474202769N00044796EA0141101572
B1012484202769N00044796EA0141101572
B1012494202769N00044796EA0141101572
B1012504202769N00044796EA0141101572
B1012514202769N00044796EA0141101572
B1012524202769N00044796EA0141101572
B1012534202769N00044796EA0141101572
B1012544202769N00044796EA0141101572
B1012554202769N00044796EA0141101572
B1012564202769N00044796EA0141101572
B1012574202769N00044796EA0141101572
B1012584202769N00044796EA0141101572
B1012594202769N00044796EA0141101572
B1013004202769N00044796EA0141101572
B1013014202769N00044796EA0141101572
B1013024202769N00044796EA0141101572
B1013034202769N00044796EA0141101572
B1013044202769N00044796EA0141001572
B1013054202769N00044796EA0141101572
B1013064202769N00044796EA0141101572
B1013074202769N00044796EA0141101572
B1013084202769N00044796EA0141001572
B1013094202769N00044796EA0141101572
B1013104202769N00044796EA0141101572
B1013114202769N00044796EA0141101572
B1013124202769N00044796EA0141001572
B1013134202769N00044796EA0141001572
B1013144202769N00044796EA0141101572
B1013154202769N00044796EA0141001572
B1013164202769N00044796EA0141001572
B1013174202769N00044796EA0141101572
B1013184202769N00044796EA0141001572
B1013194202769N00044796EA0141101572
B1013204202769N00044796EA0141101572
B1013214202769N00044796EA0141101572
B1013224202769N00044796EA0141101572
B1013234202769N00044796EA0141101572
B1013244202769N00044796EA0141101572
B1013254202769N00044796EA0141101572
B1013264202769N00044796EA0141101572
B1013274202769N00044796EA0141101572
B1013284202769N00044796EA0141101572
B1013294202769N00044796EA0141101572
B1013304202769N00044796EA0141101572
B1013314202769N00044796EA0141101572
B1013324202769N00044796EA0141101572
B1013334202770N00044796EA0141101572
B1013344202770N00044796EA0141101572
B1013354202770N00044796EA0141101572
B1013364202770N00044796EA0141101572
B1013374202770N00044796EA0141101572
B1013384202770N00044796EA0141101572
B1013394202770N00044796EA0141101572
B1013404202770N00044796EA0141101572
B1013414202770N00044796EA0141101572
B1013424202770N00044796EA0141101571
B1013434202770N00044796EA0141001571
B1013444202770N00044796EA0141101571
B1013454202770N00044796EA0141001571
B1013464202770N00044796EA0141101571
B1013474202770N00044796EA0141101571
B1013484202770N00044796EA0141101571
B1013494202770N00044796EA0141101571
B1013504202770N00044796EA0141101571
B1013514202770N00044796EA0141101571
B1013524202770N00044796EA0141101571
B1013534202770N00044796EA0141101571
B1013544202770N00044797EA0141101571
B1013554202770N00044797EA0141101571
B1013564202770N00044797EA0141101571
B1013574202770N00044797EA0141101571
B1013584202770N00044797EA0141101571
B1013594202770N00044797EA0141101571
B1014004202770N00044797EA0141101571
B1014014202770N00044797EA0141101571
B1014024202770N00044797EA0141101571
B1014034202770N00044797EA0141101571
B1014044202770N00044797EA0141101571
B1014054202770N00044797EA0141101571
B1014064202770N00044797EA0141101571
B1014074202770N00044797EA0141101571
B1014084202770N00044797EA0141101571
B1014094202770N00044797EA0141101571
B1014104202770N00044797EA0141101571
B1014114202770N00044797EA0141101571
B1014124202770N00044797EA0141101571
B1014134202770N00044797EA0141101571
B1014144202770N00044797EA0141101571
B1014154202770N00044797EA0141101571
B1014164202770N00044797EA0141101571
B1014174202770N00044797EA0141101571
B1014184202770N00044797EA0141101571
B1014194202770N00044797EA0141101571
B1014204202770N00044797EA0141101571
B1014214202770N00044797EA0141101571
B1014224202770N00044797EA0141001571
B1014234202770N00044797EA0141001571
B1014244202770N00044797EA0141001571
B1014254202770N00044797EA0141101571
B1014264202770N00044797EA0141101571
B1014274202770N00044797EA0141101571
B1014284202770N00044797EA0141101571
B1014294202770N00044797EA0141101571
B1014304202770N00044797EA0141001571
B1014314202770N00044797EA0141101571
B1014324202770N00044797EA0141101571
B1014334202770N00044797EA0141001571
B1014344202770N00044797EA0141001571
B1014354202770N00044797EA0141001571
B1014364202770N00044797EA0141001571
B1014374202770N00044797EA0141001571
B1014384202770N00044797EA0141101571
B1014394202770N00044797EA0141101571
B1014404202770N00044797EA0141101571
B1014414202770N00044797EA0141101571
B1014424202770N00044797EA0141101571
B1014434202770N00044797EA0141101571
B1014444202770N00044797EA0141101572
B1014454202770N00044797EA0141001572
B1014464202770N00044797EA0141001572
B1014474202770N00044797EA0141001572
B1014484202770N00044797EA0141001572
B1014494202770N00044797EA0141101572
B1014504202770N00044797EA0141101572
B1014514202770N00044797EA0141101572
B1014524202770N00044797EA0141101572
B1014534202770N00044797EA0141101572
B1014544202770N00044797EA0141101572
B1014554202770N00044797EA0141101572
B1014564202770N00044797EA0141101572
B1014574202770N00044797EA0141101572
B1014584202770N00044797EA0141101572
B1014594202770N00044797EA0141101573
B1015004202770N00044797EA0141101573
B1015014202770N00044797EA0141101573
B1015024202770N00044797EA0141101573
B1015034202770N00044797EA0141101573
B1015044202770N00044797EA0141101573
B1015054202770N00044797EA0141101573
B1015064202770N00044797EA0141101573
B1015074202770N00044797EA0141101573
B1015084202770N00044797EA0141101573
B1015094202770N00044797EA0141101573
B1015104202770N00044797EA0141101573
B1015114202770N00044797EA0141101573
B1015124202770N00044797EA0141101572
B1015134202770N00044797EA0141201572
B1015144202770N00044797EA0141101572
B1015154202770N00044797EA0141101572
B1015164202770N00044797EA0141101572
B1015174202770N00044797EA0141101572
B1015184202770N00044797EA0141101572
B1015194202770N00044797EA0141101572
B1015204202770N00044797EA0141101572
B1015214202770N00044797EA0141101572
B1015224202770N00044797EA0141101572
B1015234202770N00044797EA0141101572
B1015244202770N00044797EA0141101572
B1015254202770N00044797EA0141101572
B1015264202770N00044797EA0141101572
B1015274202770N00044797EA0141101572
B1015284202770N00044797EA0141101572
B1015294202770N00044797EA0141101572
B1015304202770N00044797EA0141101572
B1015314202770N00044797EA0141101571
B1015324202770N00044797EA0141101571
B1015334202770N00044797EA0141101571
B1015344202769N00044797EA0141101571
B1015354202769N00044797EA0141101571
B1015364202769N00044797EA0141101572
B1015374202770N00044797EA0141101571
B1015384202770N00044797EA0141101571
B1015394202770N00044796EA0141101571
B1015404202770N00044796EA0141101571
B1015414202770N00044796EA0141101571
B1015424202770N00044796EA0141101571
B1015434202770N00044796EA0141101571
B1015444202770N00044796EA0141101571
B1015454202770N00044796EA0141101571
B1015464202770N00044796EA0141101571
B1015474202770N00044796EA0141101571
B1015484202770N00044796EA0141101571
B1015494202770N00044796EA0141101571
B1015504202770N00044796EA0141101571
B1015514202770N00044796EA0141101571
B1015524202770N00044796EA0141101571
B1015534202770N00044796EA0141101571
B1015544202770N00044796EA0141101571
B1015554202770N00044796EA0141101571
B1015564202770N00044796EA0141101571
B1015574202770N00044796EA0141101571
B1015584202770N00044796EA0141101571
B1015594202770N00044796EA0141101571
B1016004202770N00044796EA0141101571
B1016014202770N00044796EA0141101571
B1016024202770N00044796EA0141101571
B1016034202770N00044796EA0141101571
B1016044202770N00044796EA0141101571
B1016054202770N00044796EA0141101571
B1016064202770N00044796EA0141101572
B1016074202770N00044796EA0141101572
B1016084202770N00044796EA0141101572
B1016094202770N00044796EA0141101572
B1016104202770N00044796EA0141101572
B1016114202770N00044796EA0141101572
B1016124202770N00044796EA0141101572
B1016134202770N00044796EA0141101572
B1016144202770N00044796EA0141101572
B1016154202770N00044796EA0141101572
B1016164202770N00044796EA0141101572
B1016174202770N00044796EA0141101572
B1016184202770N00044796EA0141001572
B1016194202770N00044796EA0141101572
B1016204202770N00044796EA0141101572
B1016214202770N00044796EA0141101572
B1016224202770N00044796EA0141101572
B1016234202770N00044796EA0141001572
B1016244202770N00044796EA0141001572
B1016254202770N00044796EA0141001572
B1016264202770N00044796EA0141001573
B1016274202770N00044796EA0141001571
B1016284202770N00044796EA0141001571
B1016294202770N00044796EA0141001571
B1016304202770N00044796EA0141001570
B1016314202770N00044796EA0141001570
B1016324202770N00044796EA0141001570
B1016334202770N00044796EA0141001570
B1016344202770N00044796EA0141001570
B1016354202770N00044796EA0141001569
B1016364202770N00044796EA0141001569
B1016374202771N00044796EA0141001569
B1016384202771N00044796EA0141001569
B1016394202771N00044796EA0141001569
B1016404202771N00044796EA0141001569
B1016414202771N00044796EA0141001569
B1016424202771N00044796EA0141001568
B1016434202771N00044796EA0141001568
B1016444202771N00044796EA0141001568
B1016454202771N00044796EA0141001568
B1016464202771N00044796EA0141001568
B1016474202771N00044796EA0141001568
B1016484202771N00044796EA0141001568
B1016494202771N00044796EA0141001568
B1016504202771N00044796EA0141001568
B1016514202771N00044796EA0141001568
B1016524202771N00044796EA0141001568
B1016534202771N00044796EA0141001568
B1016544202771N00044796EA0141001568
B1016554202771N00044796EA0141001568
B1016564202771N00044796EA0141001568
B1016574202771N00044797EA0141001568
B1016584202771N00044797EA0141001568
B1016594202771N00044797EA0141001568
B1017004202771N00044797EA0141001568
B1017014202771N00044797EA0141001568
B1017024202771N00044797EA0141001569
B1017034202771N00044797EA0141001569
B1017044202771N00044797EA0141001569
B1017054202771N00044797EA0141001569
B1017064202771N00044797EA0141001569
B1017074202771N00044797EA0141001569
B1017084202771N00044798EA0141001569
B1017094202771N00044798EA0141101569
B1017104202771N00044798EA0141101569
B1017114202771N00044798EA0141101569
B1017124202771N00044798EA0141101569
B1017134202771N00044798EA0141101569
B1017144202771N00044798EA0141101569
B1017154202771N00044798EA0141101569
B1017164202771N00044798EA0141101569
B1017174202771N00044798EA0141101569
B1017184202771N00044798EA0141001569
B1017194202771N00044798EA0141101569
B1017204202771N00044798EA0141101569
B1017214202771N00044798EA0141101569
B1017224202771N00044798EA0141101569
B1017234202771N00044798EA0141001569
B1017244202771N00044798EA0141001569
B1017254202771N00044798EA0141001569
B1017264202771N00044798EA0141101569
B1017274202771N00044798EA0141001570
B1017284202771N00044798EA0141001569
B1017294202771N00044798EA0141001570
B1017304202771N00044798EA0141001570
B1017314202771N00044798EA0141001570
B1017324202771N00044798EA0141001570
B1017334202771N00044798EA0141001570
B1017344202771N00044798EA0141001570
B1017354202771N00044798EA0141001570
B1017364202771N00044798EA0141001570
B1017374202771N00044798EA0141101570
B1017384202771N00044798EA0141101570
B1017394202771N00044798EA0141101570
B1017404202771N00044798EA0141101570
B1017414202771N00044798EA0141101570
B1017424202771N00044798EA0141101570
B1017434202771N00044798EA0141101569
B1017444202771N00044799EA0141101570
B1017454202771N00044799EA0141101569
B1017464202771N00044799EA0141101569
B1017474202771N00044799EA0141101569
B1017484202771N00044799EA0141101569
B1017494202771N00044799EA0141101569
B1017504202771N00044799EA0141101569
B1017514202771N00044799EA0141101569
B1017524202771N00044799EA0141101569
B1017534202771N00044799EA0141101569
B1017544202771N00044799EA0141101569
B1017554202771N00044799EA0141101570
B1017564202771N00044799EA0141101570
B1017574202771N00044799EA0141101569
B1017584202771N00044799EA0141101570
B1017594202771N00044799EA0141101570
B1018004202771N00044799EA0141101570
B1018014202771N00044799EA0141101570
B1018024202771N00044799EA0141101570
B1018034202771N00044799EA0141101570
B1018044202771N00044799EA0141101570
B1018054202771N00044799EA0141101570
B1018064202771N00044799EA0141101570
B1018074202770N00044799EA0141101570
B1018084202770N00044799EA0141101570
B1018094202770N00044799EA0141101570
B1018104202770N00044799EA0141101569
B1018114202770N00044799EA0141101569
B1018124202770N00044799EA0141101569
B1018134202770N00044799EA0141201569
B1018144202770N00044798EA0141101569
B1018154202770N00044798EA0141201570
B1018164202770N00044798EA0141201571
B1018174202770N00044798EA0141201572
B1018184202770N00044798EA0141201572
B1018194202770N00044798EA0141201572
B1018204202770N00044798EA0141201572
B1018214202770N00044798EA0141201572
B1018224202770N00044797EA0141201572
B1018234202770N00044798EA0141201572
B1018244202770N00044797EA0141201573
B1018254202770N00044797EA0141101573
B1018264202770N00044797EA0141101573
B1018274202770N00044797EA0141101573
B1018284202770N00044797EA0141101573
B1018294202770N00044797EA0141101574
B1018304202770N00044797EA0141101574
B1018314202770N00044797EA0141101574
B1018324202770N00044797EA0141101574
B1018334202770N00044797EA0141201574
B1018344202770N00044797EA0141101574
B1018354202770N00044797EA0141201574
B1018364202770N00044797EA0141201574
B1018374202770N00044797EA0141201574
B1018384202770N00044797EA0141201574
B1018394202770N00044797EA0141201574
B1018404202770N00044797EA0141201575
B1018414202770N00044797EA0141201575
B1018424202770N00044797EA0141201575
B1018434202769N00044797EA0141101575
B1018444202769N00044797EA0141101575
B1018454202769N00044797EA0141101575
B1018464202769N00044797EA0141101575
B1018474202769N00044797EA0141101575
B1018484202769N00044797EA0141101575
B1018494202769N00044797EA0141101575
B1018504202769N00044797EA0141101576
B1018514202769N00044797EA0141101576
B1018524202769N00044797EA0141101576
B1018534202769N00044797EA0141101576
B1018544202769N00044797EA0141101576
B1018554202769N00044797EA0141101577
B1018564202769N00044797EA0141101577
B1018574202769N00044797EA0141101577
B1018584202769N00044797EA0141101577
B1018594202769N00044797EA0141101577
B1019004202769N00044797EA0141101577
B1019014202769N00044797EA0141101578
B1019024202769N00044797EA0141101578
B1019034202769N00044797EA0141101578
B1019044202769N00044797EA0141101578
B1019054202770N00044797EA0141101578
B1019064202770N00044797EA0141101578
B1019074202770N00044797EA0141101578
B1019084202770N00044797EA0141101577
B1019094202770N00044797EA0141101577
B1019104202770N00044797EA0141101577
B1019114202770N00044797EA0141101577
B1019124202770N00044797EA0141101577
B1019134202770N00044797EA0141101577
B1019144202770N00044797EA0141101577
B1019154202770N00044797EA0141101577
B1019164202770N00044797EA0141101577
B1019174202770N00044796EA0141101577
B1019184202770N00044796EA0141101577
B1019194202770N00044796EA0141101577
B1019204202770N00044796EA0141101577
B1019214202770N00044796EA0141001577
B1019224202770N00044796EA0141001577
B1019234202770N00044796EA0141001577
B1019244202770N00044797EA0141101577
B1019254202770N00044797EA0141001577
B1019264202770N00044797EA0141001577
B1019274202770N00044796EA0141101576
B1019284202770N00044796EA0141101575
B1019294202770N00044796EA0141101575
B1019304202770N00044796EA0141101575
B1019314202770N00044796EA0141101574
B1019324202770N00044796EA0141101574
B1019334202770N00044796EA0141101574
B1019344202770N00044796EA0141101574
B1019354202770N00044796EA0141101574
B1019364202770N00044796EA0141101574
B1019374202770N00044796EA0141101574
B1019384202770N00044796EA0141101574
B1019394202770N00044796EA0141101574
B1019404202770N00044796EA0141101574
B1019414202770N00044796EA0141101574
B1019424202770N00044796EA0141101574
B1019434202770N00044796EA0141101574
B1019444202770N00044796EA0141101574
B1019454202770N00044796EA0141001574
B1019464202770N00044796EA0141001574
B1019474202770N00044796EA0141101574
B1019484202770N00044796EA0141001574
B1019494202770N00044796EA0141001574
B1019504202770N00044796EA0141001574
B1019514202770N00044796EA0141001574
B1019524202770N00044796EA0141001574
B1019534202769N00044797EA0141001574
B1019544202769N00044797EA0141001574
B1019554202769N00044797EA0141001574
B1019564202769N00044797EA0141001575
B1019574202769N00044797EA0141001575
B1019584202769N00044797EA0141001575
B1019594202770N00044797EA0141001575
B1020004202770N00044797EA0141001574
B1020014202770N00044797EA0141001574
B1020024202770N00044797EA0141001574
B1020034202770N00044797EA0141001574
B1020044202770N00044797EA0141001574
B1020054202770N00044797EA0141001574
B1020064202770N00044797EA0141001574
B1020074202770N00044797EA0141001574
B1020084202770N00044797EA0141101574
B1020094202770N00044797EA0141101574
B1020104202770N00044797EA0141101574
B1020114202770N00044797EA0141101574
B1020124202770N00044797EA0141101574
B1020134202770N00044797EA0141001574
B1020144202770N00044797EA0141001574
B1020154202770N00044797EA0141001574
B1020164202770N00044797EA0141001574
B1020174202770N00044797EA0141101574
B1020184202770N00044797EA0141001574
B1020194202770N00044797EA0141001573
B1020204202770N00044797EA0141001574
B1020214202770N00044797EA0141101574
B1020224202770N00044797EA0141101574
B1020234202770N00044797EA0141101574
B1020244202769N00044797EA0141101574
B1020254202769N00044797EA0141101574
B1020264202769N00044797EA0141001574
B1020274202769N00044797EA0141001574
B1020284202769N00044797EA0141101574
B1020294202769N00044797EA0141101574
B1020304202769N00044797EA0141101574
B1020314202769N00044797EA0141101575
B1020324202769N00044797EA0141101575
B1020334202769N00044797EA0141101575
B1020344202769N00044797EA0141101575
B1020354202769N00044797EA0141101575
B1020364202769N00044797EA0141101575
B1020374202769N00044797EA0141101575
B1020384202769N00044797EA0141101575
B1020394202769N00044797EA0141101575
B1020404202769N00044797EA0141101575
B1020414202769N00044797EA0141101575
B1020424202769N00044797EA0141101575
B1020434202769N00044797EA0141101575
B1020444202769N00044797EA0141101575
B1020454202769N00044797EA0141101575
B1020464202769N00044797EA0141101575
B1020474202769N00044797EA0141101575
B1020484202769N00044797EA0141101575
B1020494202769N00044797EA0141101575
B1020504202769N00044797EA0141101575
B1020514202769N00044797EA0140801575
B1020524202769N00044796EA0141301575
B1020534202769N00044796EA0141201576
B1020544202769N00044796EA0141101576
B1020554202769N00044796EA0141101575
B1020564202769N00044796EA0141101575
B1020574202769N00044796EA0141001575
B1020584202769N00044796EA0141001576
B1020594202769N00044796EA0141001576
B1021004202769N00044796EA0141001576
B1021014202769N00044796EA0141001576
B1021024202769N00044796EA0141001576
B1021034202769N00044796EA0141001576
B1021044202769N00044796EA0141101576
B1021054202769N00044796EA0141001576
B1021064202769N00044796EA0141001576
B1021074202769N00044796EA0141001576
B1021084202769N00044796EA0141101576
B1021094202769N00044796EA0141101576
B1021104202769N00044796EA0141101576
B1021114202769N00044796EA0141101576
B1021124202769N00044796EA0141101576
B1021134202769N00044796EA0141101576
B1021144202769N00044796EA0141101576
B1021154202769N00044797EA0141101576
B1021164202769N00044797EA0141201576
B1021174202769N00044797EA0141101575
B1021184202769N00044797EA0141101575
B1021194202768N00044797EA0141101575
B1021204202768N00044797EA0141101575
B1021214202768N00044797EA0141101575
B1021224202768N00044797EA0141101575
B1021234202768N00044797EA0141101575
B1021244202769N00044798EA0141101575
B1021254202769N00044798EA0141101574
B1021264202769N00044799EA0141101575
B1021274202769N00044799EA0141101574
B1021284202769N00044800EA0141101575
B1021294202769N00044800EA0141101574
B1021304202769N00044800EA0141101574
B1021314202769N00044800EA0141101574
B1021324202769N00044800EA0141101574
B1021334202769N00044800EA0141101574
B1021344202770N00044800EA0141101574
B1021354202770N00044800EA0141101574
B1021364202770N00044800EA0141101573
B1021374202770N00044801EA0141101573
B1021384202770N00044801EA0141101573
B1021394202770N00044801EA0141101573
B1021404202770N00044801EA0141101573
B1021414202770N00044801EA0141101573
B1021424202770N00044801EA0141101573
B1021434202770N00044800EA0141101573
B1021444202770N00044800EA0141101573
B1021454202770N00044800EA0141101573
B1021464202769N00044800EA0141101573
B1021474202769N00044799EA0141101573
B1021484202769N00044799EA0141101573
B1021494202769N00044799EA0141101573
B1021504202769N00044799EA0141101573
B1021514202769N00044799EA0141101573
B1021524202768N00044798EA0141101573
B1021534202768N00044798EA0141101573
B1021544202768N00044798EA0141101573
B1021554202768N00044798EA0141101573
B1021564202768N00044798EA0141101572
B1021574202769N00044798EA0141101572
B1021584202769N00044798EA0141101572
B1021594202769N00044798EA0141201572
B1022004202769N00044798EA0141101572
B1022014202769N00044798EA0141101572
B1022024202769N00044798EA0141101572
B1022034202769N00044798EA0141101572
B1022044202769N00044798EA0141101573
B1022054202769N00044798EA0141101572
B1022064202768N00044797EA0141101572
B1022074202768N00044797EA0141101572
B1022084202768N00044797EA0141101572
B1022094202769N00044798EA0141101572
B1022104202769N00044798EA0141101572
B1022114202769N00044799EA0141101571
B1022124202769N00044799EA0141101571
B1022134202769N00044799EA0141101571
B1022144202769N00044800EA0141101571
B1022154202769N00044800EA0141101572
B1022164202770N00044800EA0141101571
B1022174202770N00044800EA0141101571
B1022184202770N00044800EA0141101571
B1022194202769N00044800EA0141101571
B1022204202769N00044800EA0141101572
B1022214202769N00044800EA0141101572
B1022224202770N00044800EA0141101572
B1022234202770N00044800EA0141101572
B1022244202770N00044800EA0141001572
B1022254202770N00044800EA0141001572
B1022264202770N00044800EA0141001572
B1022274202770N00044800EA0141101572
B1022284202770N00044800EA0141101572
B1022294202770N00044800EA0141101572
B1022304202770N00044800EA0141101572
B1022314202770N00044800EA0141101572
B1022324202770N00044800EA0141101572
B1022334202770N00044800EA0141101572
B1022344202770N00044800EA0141101572
B1022354202770N00044800EA0141101572
B1022364202770N00044800EA0141101572
B1022374202770N00044800EA0141101572
B1022384202770N00044800EA0141101572
B1022394202770N00044800EA0141101572
B1022404202770N00044800EA0141101572
B1022414202770N00044800EA0141101573
B1022424202770N00044800EA0141101573
B1022434202770N00044800EA0141101573
B1022444202770N00044800EA0141101573
B1022454202770N00044800EA0141101573
B1022464202770N00044800EA0141101573
B1022474202770N00044800EA0141101573
B1022484202770N00044800EA0141101572
B1022494202770N00044800EA0141101572
B1022504202770N00044800EA0141101572
B1022514202770N00044800EA0141101572
B1022524202770N00044800EA0141101572
B1022534202770N00044800EA0141101572
B1022544202770N00044800EA0141101572
B1022554202770N00044800EA0141101572
B1022564202769N00044800EA0141101572
B1022574202769N00044800EA0141101572
B1022584202770N00044800EA0141101572
B1022594202770N00044800EA0141201572
B1023004202770N00044800EA0141201571
B1023014202770N00044800EA0141201571
B1023024202770N00044800EA0141101571
B1023034202770N00044800EA0141101571
B1023044202770N00044800EA0141101572
B1023054202770N00044800EA0141101572
B1023064202770N00044800EA0141101572
B1023074202770N00044800EA0141101572
B1023084202770N00044800EA0141101572
B1023094202770N00044800EA0141101572
B1023104202770N00044800EA0141101572
B1023114202770N00044800EA0141101572
B1023124202770N00044800EA0141101572
B1023134202770N00044800EA0141101572
B1023144202770N00044800EA0141101572
B1023154202770N00044800EA0141201572
B1023164202770N00044800EA0141201572
B1023174202769N00044800EA0141101572
B1023184202769N00044800EA0141101572
B1023194202769N00044800EA0141101572
B1023204202769N00044800EA0141201572
B1023214202769N00044800EA0141201572
B1023224202770N00044800EA0141201572
B1023234202770N00044800EA0141201572
B1023244202770N00044800EA0141101572
B1023254202770N00044800EA0141101572
B1023264202770N00044800EA0141101572
B1023274202770N00044800EA0141101572
B1023284202769N00044799EA0141001571
B1023294202769N00044799EA0141101571
B1023304202769N00044799EA0141101571
B1023314202769N00044798EA0141101570
B1023324202769N00044797EA0141101570
B1023334202769N00044797EA0141101570
B1023344202768N00044796EA0141101570
B1023354202768N00044796EA0141101570
B1023364202768N00044795EA0141101570
B1023374202767N00044794EA0141101570
B1023384202767N00044794EA0141101570
B1023394202767N00044793EA0141101570
B1023404202767N00044793EA0141101570
B1023414202767N00044792EA0141101569
B1023424202766N00044792EA0141101569
B1023434202766N00044791EA0141001569
B1023444202766N00044790EA0141001568
B1023454202766N00044790EA0141101568
B1023464202766N00044789EA0141101568
B1023474202765N00044789EA0141101567
B1023484202765N00044788EA0141101567
B1023494202765N00044787EA0141101567
B1023504202765N00044787EA0141001567
B1023514202765N00044786EA0141101567
B1023524202765N00044786EA0141001567
B1023534202765N00044785EA0141001567
B1023544202765N00044785EA0141001567
B1023554202765N00044784EA0141001567
B1023564202765N00044784EA0141001567
B1023574202765N00044784EA0141001567
B1023584202765N00044784EA0141001567
B1023594202765N00044784EA0141001567
B1024004202765N00044784EA0141001567
B1024014202765N00044784EA0141001567
B1024024202765N00044784EA0141001567
B1024034202765N00044784EA0141001567
B1024044202765N00044784EA0141001567
B1024054202765N00044784EA0141001567
B1024064202765N00044784EA0141001567
B1024074202765N00044784EA0141001567
B1024084202765N00044784EA0141001567
B1024094202765N00044784EA0141001567
B1024104202765N00044784EA0141001567
B1024114202765N00044784EA0141001567
B1024124202765N00044784EA0141001568
B1024134202765N00044784EA0141001568
B1024144202765N00044784EA0140901568
B1024154202765N00044784EA0140901568
B1024164202765N00044784EA0141001568
B1024174202765N00044784EA0141001568
B1024184202765N00044784EA0141001568
B1024194202765N00044784EA0141001568
B1024204202765N00044783EA0141001568
B1024214202765N00044783EA0141001568
B1024224202765N00044783EA0141001568
B1024234202765N00044783EA0141001568
B1024244202765N00044783EA0141001568
B1024254202765N00044783EA0141001568
B1024264202765N00044783EA0141001568
B1024274202765N00044783EA0141001568
B1024284202765N00044783EA0141001568
B1024294202765N00044783EA0141001568
B1024304202765N00044783EA0141001568
B1024314202765N00044783EA0141001568
B1024324202765N00044783EA0141001568
B1024334202765N00044783EA0141001568
B1024344202765N00044783EA0141001568
B1024354202765N00044783EA0141001568
B1024364202765N00044783EA0141001568
B1024374202765N00044783EA0141001568
B1024384202765N00044783EA0141001568
B1024394202764N00044783EA0141001568
B1024404202764N00044783EA0141001569
B1024414202764N00044783EA0141001569
B1024424202764N00044783EA0141001569
B1024434202764N00044783EA0141001569
B1024444202764N00044783EA0141001569
B1024454202764N00044783EA0141001569
B1024464202764N00044783EA0141001569
B1024474202764N00044782EA0141001569
B1024484202764N00044782EA0141001569
B1024494202764N00044782EA0141001569
B1024504202764N00044782EA0141001569
B1024514202764N00044782EA0141001570
B1024524202764N00044782EA0140901570
B1024534202764N00044782EA0140901570
B1024544202764N00044782EA0140901569
B1024554202764N00044782EA0140901569
B1024564202764N00044782EA0140901569
B1024574202764N00044782EA0140901569
B1024584202764N00044782EA0140901569
B1024594202764N00044782EA0140901570
B1025004202764N00044782EA0140901570
B1025014202764N00044782EA0140901570
B1025024202764N00044782EA0140901570
B1025034202764N00044782EA0140901570
B1025044202764N00044782EA0141001570
B1025054202764N00044782EA0141001570
B1025064202764N00044782EA0141001570
B1025074202764N00044782EA0141001570
B1025084202764N00044782EA0141001570
B1025094202764N00044782EA0141001570
B1025104202764N00044782EA0141001570
B1025114202764N00044782EA0141001571
B1025124202764N00044782EA0141001571
B1025134202764N00044782EA0141001571
B1025144202764N00044782EA0141001571
B1025154202764N00044782EA0141001571
B1025164202764N00044782EA0141001571
B1025174202764N00044782EA0141001571
B1025184202764N00044782EA0140901572
B1025194202764N00044782EA0140901572
B1025204202764N00044782EA0140901572
B1025214202764N00044782EA0140901572
B1025224202764N00044782EA0140901572
B1025234202764N00044782EA0140901572
B1025244202764N00044782EA0140901573
B1025254202764N00044782EA0140901573
B1025264202764N00044782EA0140901573
B1025274202764N00044782EA0140901574
B1025284202764N00044782EA0140901574
B1025294202764N00044782EA0140901574
B1025304202764N00044782EA0140901574
B1025314202764N00044782EA0140901574
B1025324202764N00044782EA0140901574
B1025334202764N00044782EA0140901574
B1025344202764N00044782EA0140901574
B1025354202764N00044782EA0140901574
B1025364202764N00044782EA0140901574
B1025374202764N00044782EA0140901574
B1025384202764N00044782EA0140901574
B1025394202764N00044782EA0140901574
B1025404202764N00044782EA0140901574
B1025414202764N00044782EA0140901574
B1025424202764N00044782EA0140901574
B1025434202764N00044782EA0140901574
B1025444202764N00044782EA0140901574
B1025454202764N00044782EA0140901574
B1025464202764N00044782EA0140901573
B1025474202764N00044782EA0140901573
B1025484202764N00044782EA0140901573
B1025494202764N00044782EA0140901573
B1025504202764N00044782EA0140901573
B1025514202764N00044782EA0140901573
B1025524202764N00044781EA0140901574
B1025534202764N00044781EA0140901574
B1025544202763N00044781EA0140901574
B1025554202763N00044781EA0140901574
B1025564202763N00044781EA0140901574
B1025574202763N00044781EA0140901575
B1025584202763N00044781EA0140901574
B1025594202763N00044781EA0140901575
B1026004202763N00044781EA0140901575
B1026014202763N00044781EA0140901575
B1026024202763N00044781EA0140901575
B1026034202763N00044781EA0140901575
B1026044202763N00044781EA0140901575
B1026054202763N00044781EA0140901575
B1026064202763N00044781EA0140901575
B1026074202763N00044781EA0140901575
B1026084202763N00044781EA0141001575
B1026094202763N00044781EA0140901575
B1026104202763N00044781EA0141001575
B1026114202763N00044781EA0141001575
B1026124202763N00044781EA0140901575
B1026134202764N00044781EA0141001575
B1026144202764N00044781EA0141001575
B1026154202764N00044781EA0141001574
B1026164202764N00044781EA0141001574
B1026174202764N00044781EA0141001574
B1026184202764N00044781EA0141001574
B1026194202764N00044781EA0140901574
B1026204202764N00044781EA0140901574
B1026214202763N00044781EA0140901574
B1026224202763N00044781EA0140901573
B1026234202763N00044781EA0140901573
B1026244202763N00044781EA0140901573
B1026254202763N00044781EA0140901573
B1026264202763N00044781EA0140901573
B1026274202763N00044781EA0140901573
B1026284202763N00044781EA0140901573
B1026294202763N00044781EA0140901573
B1026304202763N00044781EA0140901573
B1026314202763N00044781EA0140901573
B1026324202763N00044781EA0140901574
B1026334202763N00044781EA0140901574
B1026344202763N00044781EA0140901574
B1026354202763N00044781EA0140901574
B1026364202763N00044781EA0140901574
B1026374202763N00044780EA0140901574
B1026384202763N00044780EA0140901574
B1026394202763N00044780EA0140901574
B1026404202763N00044780EA0140901574
B1026414202763N00044780EA0141001574
B1026424202763N00044780EA0140901574
B1026434202763N00044780EA0140901574
B1026444202763N00044780EA0140901574
B1026454202763N00044780EA0140901574
B1026464202763N00044780EA0141001574
B1026474202763N00044780EA0141001574
B1026484202763N00044780EA0141001574
B1026494202763N00044780EA0141001574
B1026504202763N00044780EA0141001574
B1026514202763N00044780EA0141001574
B1026524202763N00044780EA0141001574
B1026534202763N00044780EA0141001574
B1026544202763N00044780EA0141001574
B1026554202763N00044780EA0141001574
B1026564202763N00044780EA0141001574
B1026574202763N00044780EA0141001574
B1026584202763N00044780EA0140901574
B1026594202763N00044780EA0140901574
B1027004202763N00044780EA0140901574
B1027014202763N00044781EA0140901574
B1027024202763N00044781EA0140901574
B1027034202763N00044781EA0141001574
B1027044202763N00044781EA0141001574
B1027054202763N00044781EA0140901574
B1027064202764N00044781EA0140901574
B1027074202764N00044781EA0140901574
B1027084202764N00044781EA0140901574
B1027094202764N00044781EA0140901574
B1027104202764N00044781EA0141001574
B1027114202764N00044781EA0141001574
B1027124202764N00044781EA0140901574
B1027134202764N00044781EA0140901574
B1027144202764N00044781EA0140901574
B1027154202764N00044781EA0140901574
B1027164202764N00044781EA0140901574
B1027174202764N00044781EA0140901574
B1027184202764N00044781EA0140901574
B1027194202764N00044781EA0140901574
B1027204202763N00044781EA0141001574
B1027214202764N00044781EA0140901574
B1027224202764N00044781EA0140901574
B1027234202764N00044781EA0141001574
B1027244202763N00044781EA0140901573
B1027254202764N00044781EA0141001573
B1027264202764N00044781EA0141001573
B1027274202764N00044781EA0141001573
B1027284202764N00044781EA0141001573
B1027294202764N00044781EA0141001573
B1027304202764N00044781EA0141001573
B1027314202763N00044781EA0140901573
B1027324202763N00044781EA0140901573
B1027334202764N00044781EA0140801573
B1027344202764N00044781EA0140801573
B1027354202764N00044781EA0140801573
B1027364202764N00044781EA0140801572
B1027374202764N00044781EA0140801572
B1027384202764N00044782EA0140801572
B1027394202764N00044782EA0140801572
B1027404202764N00044782EA0140901572
B1027414202764N00044782EA0140901572
B1027424202764N00044782EA0140901572
B1027434202764N00044782EA0140901571
B1027444202764N00044782EA0140901571
B1027454202764N00044782EA0140801571
B1027464202764N00044782EA0140801571
B1027474202764N00044782EA0140801571
B1027484202764N00044782EA0140801571
B1027494202764N00044782EA0140901571
B1027504202764N00044782EA0140901571
B1027514202764N00044782EA0140901571
B1027524202764N00044782EA0140901571
B1027534202764N00044782EA0140901571
B1027544202764N00044782EA0140901571
B1027554202764N00044782EA0140901571
B1027564202764N00044782EA0140901571
B1027574202764N00044782EA0140901571
B1027584202764N00044782EA0140901571
B1027594202764N00044782EA0140901571
B1028004202764N00044782EA0140901571
B1028014202764N00044782EA0140901571
B1028024202764N00044782EA0141001571
B1028034202764N00044782EA0140901571
B1028044202764N00044782EA0140901571
B1028054202764N00044782EA0140901571
B1028064202764N00044781EA0140901571
B1028074202763N00044781EA0140901571
B1028084202763N00044781EA0140901571
B1028094202763N00044781EA0140901570
B1028104202763N00044781EA0140901570
B1028114202763N00044781EA0140901570
B1028124202763N00044781EA0140901570
B1028134202763N00044781EA0140901570
B1028144202763N00044781EA0140901570
B1028154202763N00044781EA0140901570
B1028164202763N00044781EA0140901570
B1028174202763N00044781EA0140901570
B1028184202763N00044781EA0140901570
B1028194202763N00044781EA0140901570
B1028204202763N00044781EA0140901570
B1028214202763N00044781EA0140901570
B1028224202763N00044781EA0140901570
B1028234202763N00044781EA0140901570
B1028244202763N00044781EA0140901570
B1028254202763N00044781EA0140901570
B1028264202763N00044781EA0140901570
B1028274202763N00044781EA0140901570
B1028284202763N00044781EA0140901570
B1028294202763N00044781EA0140901570
B1028304202763N00044781EA0140901570
B1028314202763N00044781EA0140901570
B1028324202763N00044781EA0140901570
B1028334202763N00044782EA0140901570
B1028344202763N00044782EA0140901570
B1028354202763N00044782EA0140901570
B1028364202763N00044782EA0140901570
B1028374202763N00044782EA0140901570
B1028384202763N00044782EA0140901570
B1028394202763N00044782EA0140901570
B1028404202763N00044782EA0140901570
B1028414202763N00044782EA0140901571
B1028424202763N00044782EA0140901571
B1028434202763N00044782EA0140901570
B1028444202763N00044782EA0140901570
B1028454202763N00044782EA0140901570
B1028464202763N00044782EA0140901570
B1028474202763N00044782EA0140801570
B1028484202763N00044782EA0140801570
B1028494202763N00044782EA0140801570
B1028504202763N00044782EA0140901570
B1028514202763N00044782EA0140901570
B1028524202763N00044782EA0140901570
B1028534202763N00044782EA0140901570
B1028544202763N00044782EA0140901570
B1028554202763N00044782EA0140901571
B1028564202763N00044782EA0140901571
B1028574202763N00044782EA0140901571
B1028584202763N00044782EA0140901571
B1028594202763N00044782EA0140901571
B1029004202763N00044782EA0140901571
B1029014202763N00044782EA0140901571
B1029024202763N00044782EA0141001571
B1029034202763N00044782EA0140901571
B1029044202763N00044782EA0140901571
B1029054202763N00044782EA0140901571
B1029064202763N00044782EA0140901571
B1029074202763N00044782EA0140901572
B1029084202763N00044782EA0140901571
B1029094202763N00044781EA0140801571
B1029104202762N00044781EA0140801571
B1029114202762N00044781EA0140801571
B1029124202761N00044780EA0140801570
B1029134202761N00044780EA0140801570
B1029144202760N00044779EA0140801570
B1029154202760N00044779EA0140701570
B1029164202759N00044779EA0140701570
B1029174202759N00044779EA0140701570
B1029184202758N00044778EA0140601569
B1029194202758N00044778EA0140701568
B1029204202758N00044778EA0140801568
B1029214202758N00044778EA0140801568
B1029224202758N00044779EA0140801568
B1029234202758N00044779EA0140801568
B1029244202758N00044779EA0140801568
B1029254202758N00044779EA0140801568
B1029264202758N00044779EA0140801568
B1029274202758N00044779EA0140801568
B1029284202758N00044779EA0140801568
B1029294202758N00044779EA0140801568
B1029304202758N00044779EA0140801568
B1029314202758N00044779EA0140801568
B1029324202758N00044779EA0140801568
B1029334202758N00044779EA0140801568
B1029344202758N00044779EA0140801568
B1029354202758N00044779EA0140701568
B1029364202757N00044779EA0140801568
B1029374202757N00044779EA0140801567
B1029384202756N00044778EA0140801568
B1029394202756N00044778EA0140801568
B1029404202755N00044778EA0140701569
B1029414202755N00044778EA0140801569
B1029424202755N00044778EA0140701569
B1029434202755N00044777EA0140701569
B1029444202754N00044777EA0140801568
B1029454202754N00044777EA0140701569
B1029464202754N00044777EA0140701569
B1029474202754N00044777EA0140701569
B1029484202754N00044777EA0140701569
B1029494202754N00044777EA0140701570
B1029504202754N00044777EA0140701570
B1029514202753N00044777EA0140701570
B1029524202753N00044777EA0140701570
B1029534202753N00044777EA0140701571
B1029544202753N00044777EA0140701570
B1029554202753N00044777EA0140701570
B1029564202753N00044777EA0140701570
B1029574202753N00044777EA0140601570
B1029584202753N00044777EA0140601570
B1029594202753N00044777EA0140601570
B1030004202753N00044777EA0140601570
B1030014202753N00044777EA0140601570
B1030024202753N00044777EA0140601570
B1030034202753N00044777EA0140601570
B1030044202753N00044776EA0140601570
B1030054202753N00044777EA0140601570
B1030064202753N00044777EA0140601570
B1030074202753N00044777EA0140601570
B1030084202753N00044777EA0140601570
B1030094202753N00044777EA0140601570
B1030104202753N00044776EA0140601570
B1030114202753N00044776EA0140601570
B1030124202753N00044777EA0140601570
B1030134202753N00044777EA0140601570
B1030144202753N00044777EA0140601570
B1030154202753N00044777EA0140601570
B1030164202753N00044777EA0140601570
B1030174202753N00044777EA0140601570
B1030184202753N00044777EA0140601570
B1030194202753N00044777EA0140601570
B1030204202753N00044777EA0140601570
B1030214202753N00044777EA0140601570
B1030224202753N00044777EA0140601570
B1030234202753N00044777EA0140601570
B1030244202753N00044777EA0140601570
B1030254202753N00044777EA0140601570
B1030264202753N00044777EA0140601570
B1030274202753N00044777EA0140601570
B1030284202753N00044777EA0140601570
B1030294202753N00044777EA0140601570
B1030304202753N00044777EA0140601570
B1030314202753N00044777EA0140601570
B1030324202753N00044777EA0140601570
B1030334202753N00044777EA0140601570
B1030344202753N00044777EA0140601570
B1030354202753N00044777EA0140601570
B1030364202753N00044777EA0140601570
B1030374202753N00044777EA0140601570
B1030384202753N00044777EA0140601570
B1030394202753N00044777EA0140601570
B1030404202753N00044778EA0140601570
B1030414202753N00044778EA0140601570
B1030424202753N00044778EA0140601570
B1030434202753N00044778EA0140601571
B1030444202753N00044778EA0140601571
B1030454202753N00044778EA0140601571
B1030464202753N00044778EA0140601571
B1030474202753N00044777EA0140601571
B1030484202753N00044777EA0140601571
B1030494202753N00044778EA0140601571
B1030504202753N00044777EA0140601571
B1030514202753N00044777EA0140601571
B1030524202753N00044777EA0140601571
B1030534202753N00044777EA0140601570
B1030544202753N00044777EA0140701570
B1030554202753N00044777EA0140601570
B1030564202753N00044777EA0140601570
B1030574202753N00044777EA0140601570
B1030584202753N00044777EA0140601569
B1030594202753N00044777EA0140601569
B1031004202753N00044777EA0140601569
B1031014202753N00044777EA0140601569
B1031024202753N00044777EA0140601569
B1031034202753N00044777EA0140601569
B1031044202753N00044777EA0140601569
B1031054202753N00044777EA0140601569
B1031064202753N00044777EA0140601569
B1031074202753N00044777EA0140601569
B1031084202753N00044777EA0140601569
B1031094202753N00044776EA0140601568
B1031104202753N00044777EA0140601568
B1031114202753N00044776EA0140601569
B1031124202753N00044777EA0140601569
B1031134202753N00044776EA0140601569
B1031144202753N00044776EA0140601569
B1031154202753N00044776EA0140601569
B1031164202753N00044776EA0140601569
B1031174202753N00044776EA0140601568
B1031184202753N00044776EA0140601568
B1031194202753N00044776EA0140601569
B1031204202753N00044776EA0140601569
B1031214202753N00044776EA0140601569
B1031224202753N00044776EA0140601569
B1031234202753N00044776EA0140601569
B1031244202753N00044776EA0140601569
B1031254202753N00044776EA0140701569
B1031264202753N00044776EA0140701568
B1031274202753N00044776EA0140601568
B1031284202753N00044776EA0140701568
B1031294202753N00044776EA0140701568
B1031304202753N00044776EA0140701568
B1031314202753N00044776EA0140701568
B1031324202753N00044776EA0140701568
B1031334202753N00044776EA0140701568
B1031344202753N00044776EA0140701569
B1031354202753N00044776EA0140701569
B1031364202753N00044776EA0140701569
B1031374202753N00044776EA0140701569
B1031384202753N00044776EA0140601569
B1031394202753N00044776EA0140601569
B1031404202753N00044776EA0140601569
B1031414202753N00044776EA0140601569
B1031424202753N00044776EA0140701569
B1031434202753N00044776EA0140701569
B1031444202753N00044776EA0140701569
B1031454202753N00044776EA0140701569
B1031464202753N00044776EA0140701569
B1031474202752N00044777EA0140701569
B1031484202752N00044777EA0140701569
B1031494202752N00044777EA0140701569
B1031504202752N00044777EA0140701570
B1031514202752N00044777EA0140801570
B1031524202752N00044777EA0140701570
B1031534202752N00044777EA0140801570
B1031544202752N00044777EA0140701570
B1031554202752N00044777EA0140701570
B1031564202752N00044777EA0140701570
B1031574202752N00044777EA0140701570
B1031584202752N00044777EA0140701570
B1031594202753N00044777EA0140601570
B1032004202753N00044777EA0140601570
B1032014202753N00044778EA0140701571
B1032024202753N00044778EA0140701571
B1032034202753N00044778EA0140701571
B1032044202754N00044778EA0140701571
B1032054202754N00044779EA0140701571
B1032064202754N00044779EA0140701571
B1032074202755N00044779EA0140701571
B1032084202755N00044779EA0140801572
B1032094202755N00044779EA0140801572
B1032104202755N00044779EA0140801572
B1032114202755N00044779EA0140801572
B1032124202755N00044779EA0140801571
B1032134202755N00044779EA0140801571
B1032144202755N00044779EA0140801571
B1032154202755N00044779EA0140801571
B1032164202755N00044779EA0140801571
B1032174202755N00044779EA0140801571
B1032184202755N00044779EA0140801571
B1032194202755N00044778EA0140801571
B1032204202755N00044778EA0140701571
B1032214202754N00044778EA0140801571
B1032224202754N00044777EA0140801570
B1032234202754N00044777EA0140801570
B1032244202754N00044776EA0140701570
B1032254202754N00044776EA0140701569
B1032264202753N00044776EA0140701569
B1032274202753N00044776EA0140701570
B1032284202753N00044776EA0140701569
B1032294202753N00044776EA0140701569
B1032304202753N00044776EA0140801569
B1032314202753N00044776EA0140701569
B1032324202753N00044776EA0140801569
B1032334202753N00044776EA0140801569
B1032344202753N00044776EA0140701569
B1032354202753N00044776EA0140701569
B1032364202753N00044776EA0140701570
B1032374202753N00044776EA0140701570
B1032384202753N00044776EA0140701570
B1032394202753N00044776EA0140701570
B1032404202753N00044776EA0140701570
B1032414202753N00044777EA0140701570
B1032424202753N00044777EA0140701570
B1032434202753N00044777EA0140701570
B1032444202753N00044777EA0140701570
B1032454202753N00044777EA0140701570
B1032464202753N00044777EA0140701570
B1032474202753N00044777EA0140701569
B1032484202753N00044777EA0140701569
B1032494202753N00044777EA0140701569
B1032504202753N00044777EA0140701569
B1032514202753N00044777EA0140701569
B1032524202753N00044777EA0140701570
B1032534202753N00044777EA0140701570
B1032544202753N00044777EA0140701570
B1032554202753N00044777EA0140701570
B1032564202753N00044777EA0140701570
B1032574202753N00044777EA0140701570
B1032584202753N00044777EA0140701570
B1032594202753N00044777EA0140701570
B1033004202753N00044777EA0140701570
B1033014202753N00044777EA0140701570
B1033024202753N00044777EA0140701570
B1033034202753N00044777EA0140701570
B1033044202753N00044777EA0140701570
B1033054202753N00044777EA0140701570
B1033064202753N00044777EA0140701570
B1033074202753N00044777EA0140701570
B1033084202753N00044777EA0140701570
B1033094202753N00044777EA0140701570
B1033104202753N00044777EA0140701570
B1033114202753N00044777EA0140701569
B1033124202753N00044776EA0140701569
B1033134202753N00044776EA0140701569
B1033144202753N00044776EA0140701569
B1033154202753N00044776EA0140701568
B1033164202753N00044776EA0140701568
B1033174202753N00044776EA0140701568
B1033184202753N00044776EA0140701568
B1033194202753N00044776EA0140701568
B1033204202753N00044776EA0140701568
B1033214202753N00044776EA0140701568
B1033224202753N00044776EA0140701568
B1033234202753N00044776EA0140701567
B1033244202753N00044776EA0140701567
B1033254202753N00044776EA0140701567
B1033264202753N00044776EA0140701567
B1033274202753N00044776EA0140701567
B1033284202753N00044776EA0140701567
B1033294202753N00044776EA0140701567
B1033304202754N00044776EA0140701567
B1033314202755N00044777EA0140701568
B1033324202755N00044777EA0140701568
B1033334202755N00044777EA0140701568
B1033344202755N00044777EA0140701568
B1033354202755N00044778EA0140801569
B1033364202755N00044778EA0140801569
B1033374202755N00044779EA0140801569
B1033384202755N00044779EA0140801570
B1033394202755N00044779EA0140801570
B1033404202755N00044779EA0140701570
B1033414202755N00044779EA0140901570
B1033424202755N00044779EA0140901570
B1033434202755N00044779EA0140901571
B1033444202755N00044779EA0140901572
B1033454202756N00044779EA0140901572
B1033464202757N00044779EA0140901572
B1033474202757N00044779EA0141001572
B1033484202757N00044779EA0140901572
B1033494202757N00044779EA0140901573
B1033504202756N00044780EA0140901573
B1033514202755N00044780EA0140801573
B1033524202753N00044781EA0140801572
B1033534202751N00044780EA0140701571
B1033544202748N00044780EA0140401571
B1033554202745N00044780EA0140501571
B1033564202742N00044780EA0140701573
B1033574202741N00044781EA0140901575
B1033584202739N00044781EA0141201577
B1033594202738N00044783EA0141301579
B1034004202736N00044784EA0141401579
B1034014202734N00044785EA0141501578
B1034024202732N00044787EA0141401577
B1034034202729N00044789EA0141401577
B1034044202727N00044791EA0141401577
B1034054202725N00044793EA0141501578
B1034064202723N00044795EA0141501579
B1034074202720N00044798EA0141601579
B1034084202718N00044801EA0141501578
B1034094202715N00044805EA0141401577
B1034104202712N00044809EA0141401577
B1034114202710N00044813EA0141501579
B1034124202707N00044817EA0141701581
B1034134202705N00044820EA0141901583
B1034144202704N00044822EA0142101585
B1034154202703N00044825EA0142201586
B1034164202701N00044828EA0142201585
B1034174202699N00044831EA0142201584
B1034184202695N00044834EA0142101584
B1034194202691N00044837EA0142101583
B1034204202688N00044841EA0142201585
B1034214202686N00044844EA0142501588
B1034224202685N00044848EA0142801590
B1034234202684N00044851EA0142901591
B1034244202682N00044854EA0142901591
B1034254202679N00044857EA0142701590
B1034264202675N00044862EA0142601589
B1034274202672N00044866EA0142701589
B1034284202668N00044870EA0142801591
B1034294202665N00044873EA0143001592
B1034304202663N00044875EA0143101594
B1034314202660N00044876EA0143301596
B1034324202657N00044877EA0143501598
B1034334202655N00044878EA0143701600
B1034344202653N00044878EA0143901602
B1034354202650N00044879EA0144101603
B1034364202647N00044880EA0144201604
B1034374202644N00044880EA0144301606
B1034384202641N00044881EA0144501607
B1034394202638N00044880EA0144601608
B1034404202635N00044879EA0144601609
B1034414202631N00044878EA0144701610
B1034424202628N00044877EA0144801611
B1034434202626N00044876EA0145001612
B1034444202623N00044874EA0145101613
B1034454202621N00044871EA0145101614
B1034464202620N00044868EA0145101614
B1034474202620N00044864EA0145101614
B1034484202621N00044861EA0145101614
B1034494202624N00044858EA0145201614
B1034504202626N00044855EA0145101613
B1034514202629N00044852EA0145101613
B1034524202632N00044849EA0145001612
B1034534202636N00044847EA0145001612
B1034544202640N00044843EA0144901611
B1034554202645N00044840EA0144901611
B1034564202649N00044836EA0144901611
B1034574202653N00044832EA0145001612
B1034584202657N00044828EA0145001613
B1034594202661N00044826EA0145101614
B1035004202665N00044823EA0145101614
B1035014202668N00044821EA0145101613
B1035024202670N00044817EA0145001612
B1035034202672N00044813EA0144901610
B1035044202672N00044809EA0144701610
B1035054202670N00044807EA0144701609
B1035064202668N00044806EA0144601609
B1035074202665N00044807EA0144501608
B1035084202662N00044810EA0144501608
B1035094202659N00044815EA0144401607
B1035104202657N00044821EA0144401607
B1035114202654N00044827EA0144501607
B1035124202652N00044832EA0144501608
B1035134202649N00044837EA0144501609
B1035144202646N00044841EA0144601610
B1035154202642N00044843EA0144701612
B1035164202638N00044845EA0144901614
B1035174202634N00044848EA0145101616
B1035184202630N00044851EA0145301618
B1035194202626N00044854EA0145301619
B1035204202622N00044857EA0145401619
B1035214202618N00044859EA0145301618
B1035224202614N00044861EA0145301618
B1035234202610N00044864EA0145401618
B1035244202606N00044867EA0145301618
B1035254202602N00044871EA0145301618
B1035264202599N00044875EA0145301618
B1035274202595N00044878EA0145201617
B1035284202592N00044883EA0145201617
B1035294202590N00044888EA0145101617
B1035304202588N00044896EA0145001615
B1035314202589N00044904EA0144901614
B1035324202592N00044912EA0144701612
B1035334202596N00044920EA0144501610
B1035344202602N00044925EA0144401609
B1035354202608N00044927EA0144301607
B1035364202614N00044927EA0144101605
B1035374202620N00044925EA0144001604
B1035384202625N00044922EA0143801602
B1035394202629N00044919EA0143701601
B1035404202633N00044915EA0143601599
B1035414202637N00044911EA0143501598
B1035424202641N00044907EA0143401597
B1035434202645N00044903EA0143301596
B1035444202649N00044899EA0143401597
B1035454202652N00044895EA0143501598
B1035464202655N00044891EA0143701600
B1035474202657N00044887EA0143801601
B1035484202658N00044882EA0144001603
B1035494202657N00044877EA0144001603
B1035504202654N00044872EA0144001604
B1035514202651N00044869EA0144201606
B1035524202647N00044867EA0144501610
B1035534202644N00044866EA0144901614
B1035544202642N00044866EA0145101616
B1035554202639N00044865EA0145201617
B1035564202635N00044865EA0145301617
B1035574202632N00044864EA0145401618
B1035584202627N00044864EA0145401619
B1035594202623N00044863EA0145501620
B1036004202619N00044861EA0145801622
B1036014202616N00044860EA0146101625
B1036024202614N00044859EA0146301628
B1036034202612N00044859EA0146501630
B1036044202609N00044859EA0146601630
B1036054202607N00044859EA0146601630
B1036064202604N00044859EA0146601630
B1036074202601N00044857EA0146601630
B1036084202597N00044855EA0146701630
B1036094202595N00044853EA0146801632
B1036104202593N00044851EA0147001634
B1036114202591N00044849EA0147201636
B1036124202590N00044847EA0147401638
B1036134202588N00044844EA0147601640
B1036144202587N00044841EA0147701642
B1036154202585N00044839EA0148001644
B1036164202583N00044838EA0148201647
B1036174202580N00044838EA0148401649
B1036184202578N00044840EA0148601651
B1036194202575N00044843EA0148801653
B1036204202572N00044848EA0148901655
B1036214202569N00044854EA0149101657
B1036224202569N00044862EA0149301660
B1036234202571N00044870EA0149401661
B1036244202575N00044878EA0149401662
B1036254202581N00044883EA0149601663
B1036264202587N00044885EA0149901665
B1036274202592N00044885EA0150101667
B1036284202597N00044883EA0150201669
B1036294202602N00044880EA0150301670
B1036304202606N00044876EA0150401671
B1036314202610N00044871EA0150701674
B1036324202612N00044867EA0150901677
B1036334202612N00044863EA0151201680
B1036344202613N00044859EA0151401682
B1036354202613N00044855EA0151601685
B1036364202612N00044850EA0151801687
B1036374202611N00044846EA0152101690
B1036384202611N00044841EA0152401693
B1036394202611N00044838EA0152701697
B1036404202611N00044835EA0153001700
B1036414202611N00044831EA0153201702
B1036424202610N00044828EA0153301703
B1036434202607N00044826EA0153401703
B1036444202603N00044824EA0153401703
B1036454202600N00044823EA0153701705
B1036464202598N00044823EA0154001709
B1036474202596N00044823EA0154201712
B1036484202594N00044823EA0154501715
B1036494202592N00044823EA0154701717
B1036504202590N00044824EA0154801718
B1036514202587N00044828EA0154901719
B1036524202586N00044833EA0155001720
B1036534202586N00044840EA0155001720
B1036544202586N00044847EA0155001721
B1036554202588N00044855EA0155101723
B1036564202590N00044861EA0155301725
B1036574202595N00044867EA0155401726
B1036584202600N00044872EA0155501726
B1036594202607N00044877EA0155501727
B1037004202613N00044880EA0155701728
B1037014202619N00044883EA0155901730
B1037024202625N00044885EA0156001732
B1037034202631N00044886EA0156201734
B1037044202638N00044885EA0156301736
B1037054202644N00044882EA0156501738
B1037064202649N00044879EA0156701740
B1037074202653N00044875EA0157001742
B1037084202655N00044871EA0157201744
B1037094202656N00044867EA0157301746
B1037104202657N00044862EA0157401747
B1037114202658N00044858EA0157601749
B1037124202658N00044854EA0157801751
B1037134202658N00044850EA0157901753
B1037144202658N00044846EA0158101754
B1037154202658N00044843EA0158201756
B1037164202658N00044839EA0158301757
B1037174202657N00044836EA0158401757
B1037184202656N00044834EA0158401758
B1037194202656N00044831EA0158501758
B1037204202655N00044829EA0158501758
B1037214202655N00044826EA0158501758
B1037224202654N00044823EA0158401757
B1037234202653N00044820EA0158401756
B1037244202651N00044817EA0158201754
B1037254202651N00044813EA0158001753
B1037264202651N00044809EA0157901752
B1037274202651N00044805EA0157901752
B1037284202651N00044802EA0157901752
B1037294202651N00044800EA0157801751
B1037304202651N00044797EA0157701750
B1037314202650N00044795EA0157501748
B1037324202648N00044794EA0157301746
B1037334202645N00044794EA0157201743
B1037344202641N00044793EA0157001741
B1037354202638N00044792EA0156801740
B1037364202635N00044790EA0156601738
B1037374202632N00044788EA0156501737
B1037384202629N00044786EA0156401736
B1037394202627N00044785EA0156401736
B1037404202624N00044784EA0156301735
B1037414202622N00044783EA0156201734
B1037424202619N00044781EA0156101733
B1037434202616N00044781EA0155901731
B1037444202612N00044781EA0155801729
B1037454202608N00044781EA0155701728
B1037464202605N00044782EA0155501726
B1037474202601N00044783EA0155401725
B1037484202597N00044784EA0155301724
B1037494202593N00044787EA0155201723
B1037504202589N00044791EA0155001722
B1037514202585N00044797EA0154901720
B1037524202582N00044803EA0154701718
B1037534202579N00044810EA0154501717
B1037544202577N00044818EA0154301716
B1037554202575N00044826EA0154201714
B1037564202573N00044834EA0153901712
B1037574202572N00044843EA0153701709
B1037584202570N00044853EA0153501707
B1037594202568N00044862EA0153401705
B1038004202566N00044871EA0153401705
B1038014202564N00044878EA0153301705
B1038024202561N00044885EA0153301705
B1038034202557N00044891EA0153301705
B1038044202554N00044898EA0153201705
B1038054202551N00044904EA0153201706
B1038064202549N00044911EA0153301706
B1038074202547N00044918EA0153301706
B1038084202546N00044926EA0153301706
B1038094202544N00044934EA0153201706
B1038104202542N00044943EA0153101705
B1038114202542N00044953EA0153101704
B1038124202542N00044962EA0153101705
B1038134202544N00044971EA0153301705
B1038144202546N00044979EA0153401706
B1038154202549N00044988EA0153501707
B1038164202553N00044996EA0153501708
B1038174202558N00045003EA0153601709
B1038184202564N00045009EA0153601709
B1038194202572N00045014EA0153601709
B1038204202579N00045018EA0153601709
B1038214202587N00045019EA0153701710
B1038224202593N00045018EA0153901712
B1038234202598N00045017EA0154001714
B1038244202602N00045014EA0154201716
B1038254202605N00045010EA0154401718
B1038264202606N00045006EA0154601720
B1038274202607N00045002EA0154801723
B1038284202607N00044999EA0155101726
B1038294202606N00044995EA0155401728
B1038304202607N00044992EA0155601731
B1038314202607N00044989EA0155801733
B1038324202607N00044987EA0156001735
B1038334202607N00044985EA0156001735
B1038344202606N00044983EA0156101735
B1038354202604N00044981EA0156001735
B1038364202603N00044979EA0156001734
B1038374202601N00044978EA0155901733
B1038384202600N00044976EA0155801732
B1038394202597N00044975EA0155801731
B1038404202595N00044974EA0155701730
B1038414202592N00044971EA0155601730
B1038424202590N00044969EA0155501729
B1038434202587N00044966EA0155401728
B1038444202585N00044963EA0155401728
B1038454202582N00044961EA0155401728
B1038464202580N00044960EA0155401728
B1038474202578N00044958EA0155301727
B1038484202575N00044957EA0155201726
B1038494202572N00044957EA0155101725
B1038504202569N00044958EA0154901723
B1038514202565N00044961EA0154701721
B1038524202561N00044966EA0154501718
B1038534202558N00044972EA0154301716
B1038544202555N00044980EA0154101715
B1038554202554N00044988EA0154101714
B1038564202553N00044997EA0154001713
B1038574202553N00045006EA0153901713
B1038584202553N00045015EA0153801711
B1038594202553N00045024EA0153601710
B1039004202555N00045034EA0153501709
B1039014202559N00045044EA0153401707
B1039024202564N00045052EA0153201706
B1039034202570N00045059EA0153101705
B1039044202577N00045063EA0153101705
B1039054202584N00045066EA0153301706
B1039064202590N00045067EA0153501708
B1039074202596N00045068EA0153701710
B1039084202602N00045068EA0153801712
B1039094202608N00045066EA0153901712
B1039104202613N00045064EA0153901712
B1039114202616N00045060EA0154001713
B1039124202618N00045057EA0154101713
B1039134202619N00045054EA0154101714
B1039144202619N00045052EA0154201715
B1039154202619N00045050EA0154301716
B1039164202618N00045050EA0154301716
B1039174202616N00045049EA0154201715
B1039184202613N00045049EA0154101714
B1039194202610N00045050EA0154001713
B1039204202607N00045050EA0153901712
B1039214202604N00045050EA0153901711
B1039224202601N00045050EA0153801710
B1039234202599N00045050EA0153701709
B1039244202596N00045049EA0153701708
B1039254202593N00045050EA0153601707
B1039264202589N00045052EA0153501707
B1039274202586N00045054EA0153401705
B1039284202582N00045057EA0153301705
B1039294202578N00045058EA0153201704
B1039304202575N00045058EA0153201704
B1039314202572N00045058EA0153201704
B1039324202569N00045058EA0153301704
B1039334202566N00045057EA0153201703
B1039344202562N00045057EA0153101702
B1039354202558N00045056EA0153001701
B1039364202554N00045056EA0152901700
B1039374202550N00045054EA0152801698
B1039384202547N00045053EA0152701698
B1039394202544N00045051EA0152701697
B1039404202541N00045048EA0152701698
B1039414202537N00045045EA0152701698
B1039424202533N00045042EA0152801698
B1039434202529N00045037EA0152901699
B1039444202525N00045032EA0153101701
B1039454202522N00045028EA0153401704
B1039464202519N00045022EA0153701708
B1039474202517N00045018EA0154101712
B1039484202515N00045013EA0154501717
B1039494202513N00045009EA0154901720
B1039504202511N00045006EA0155201724
B1039514202509N00045004EA0155401726
B1039524202506N00045004EA0155701729
B1039534202503N00045006EA0155801730
B1039544202500N00045011EA0155901731
B1039554202498N00045017EA0155901731
B1039564202496N00045025EA0155901731
B1039574202497N00045033EA0155901731
B1039584202499N00045042EA0155901731
B1039594202502N00045050EA0156001732
B1040004202506N00045057EA0156201735
B1040014202511N00045062EA0156401737
B1040024202516N00045066EA0156601739
B1040034202522N00045067EA0156901742
B1040044202528N00045066EA0157101744
B1040054202533N00045063EA0157301746
B1040064202537N00045059EA0157501749
B1040074202540N00045054EA0157801752
B1040084202541N00045048EA0158001755
B1040094202540N00045043EA0158301757
B1040104202538N00045040EA0158501760
B1040114202535N00045039EA0158801763
B1040124202532N00045041EA0159001765
B1040134202529N00045045EA0159201766
B1040144202527N00045050EA0159301767
B1040154202526N00045058EA0159301768
B1040164202527N00045067EA0159301768
B1040174202529N00045077EA0159401769
B1040184202533N00045086EA0159501770
B1040194202538N00045093EA0159701772
B1040204202544N00045096EA0160001775
B1040214202550N00045098EA0160301778
B1040224202556N00045099EA0160701783
B1040234202560N00045098EA0161101787
B1040244202565N00045096EA0161401790
B1040254202569N00045093EA0161801793
B1040264202573N00045088EA0161901795
B1040274202576N00045082EA0162001796
B1040284202577N00045076EA0162301798
B1040294202579N00045071EA0162601802
B1040304202580N00045067EA0162901806
B1040314202580N00045063EA0163201809
B1040324202579N00045060EA0163301811
B1040334202577N00045057EA0163401812
B1040344202574N00045054EA0163501812
B1040354202570N00045051EA0163601814
B1040364202566N00045049EA0163701816
B1040374202563N00045049EA0164001818
B1040384202560N00045049EA0164101819
B1040394202556N00045048EA0164001819
B1040404202552N00045047EA0163901818
B1040414202548N00045043EA0163801816
B1040424202545N00045039EA0163701816
B1040434202543N00045035EA0163701815
B1040444202541N00045032EA0163701814
B1040454202539N00045028EA0163501812
B1040464202536N00045025EA0163201809
B1040474202533N00045020EA0163101807
B1040484202531N00045015EA0163001806
B1040494202530N00045010EA0162901806
B1040504202529N00045005EA0163001807
B1040514202529N00045000EA0163101808
B1040524202529N00044996EA0163101809
B1040534202528N00044991EA0163101808
B1040544202528N00044985EA0163101808
B1040554202528N00044978EA0163101808
B1040564202528N00044971EA0163101808
B1040574202528N00044965EA0163201809
B1040584202529N00044960EA0163201809
B1040594202529N00044955EA0163301810
B1041004202529N00044951EA0163401811
B1041014202530N00044946EA0163401811
B1041024202530N00044941EA0163401812
B1041034202532N00044935EA0163501813
B1041044202533N00044931EA0163801815
B1041054202534N00044926EA0163901817
B1041064202535N00044922EA0164101819
B1041074202537N00044919EA0164201820
B1041084202539N00044916EA0164301821
B1041094202541N00044912EA0164301820
B1041104202542N00044907EA0164301821
B1041114202543N00044903EA0164501823
B1041124202545N00044900EA0164801826
B1041134202547N00044898EA0165001828
B1041144202550N00044896EA0165101829
B1041154202553N00044894EA0165001828
B1041164202556N00044891EA0164901827
B1041174202559N00044888EA0164801826
B1041184202562N00044884EA0164601825
B1041194202565N00044881EA0164601825
B1041204202568N00044877EA0164601825
B1041214202570N00044875EA0164601825
B1041224202572N00044871EA0164601824
B1041234202574N00044868EA0164501823
B1041244202576N00044864EA0164301821
B1041254202578N00044859EA0164201820
B1041264202579N00044855EA0164101819
B1041274202581N00044851EA0164101819
B1041284202582N00044846EA0164101819
B1041294202584N00044842EA0164001818
B1041304202585N00044838EA0164001818
B1041314202587N00044833EA0163901817
B1041324202588N00044828EA0163801816
B1041334202590N00044823EA0163601815
B1041344202591N00044817EA0163501814
B1041354202592N00044812EA0163501813
B1041364202593N00044807EA0163501814
B1041374202595N00044802EA0163501814
B1041384202596N00044798EA0163501814
B1041394202597N00044793EA0163501814
B1041404202598N00044789EA0163501813
B1041414202600N00044784EA0163401813
B1041424202601N00044779EA0163301812
B1041434202603N00044774EA0163301812
B1041444202604N00044770EA0163201812
B1041454202605N00044765EA0163201812
B1041464202606N00044760EA0163201811
B1041474202607N00044756EA0163101810
B1041484202608N00044750EA0163001809
B1041494202609N00044745EA0162901808
B1041504202611N00044740EA0162901808
B1041514202612N00044734EA0162801807
B1041524202613N00044729EA0162801807
B1041534202614N00044724EA0162801807
B1041544202615N00044719EA0162701806
B1041554202616N00044715EA0162701806
B1041564202616N00044710EA0162701806
B1041574202616N00044705EA0162701805
B1041584202617N00044701EA0162601805
B1041594202617N00044697EA0162701806
B1042004202617N00044693EA0162701807
B1042014202618N00044689EA0162801807
B1042024202618N00044685EA0162801808
B1042034202618N00044680EA0162901808
B1042044202618N00044675EA0162901809
B1042054202618N00044670EA0163001810
B1042064202618N00044666EA0163101812
B1042074202618N00044662EA0163301813
B1042084202619N00044659EA0163501815
B1042094202619N00044656EA0163601816
B1042104202620N00044653EA0163601816
B1042114202620N00044649EA0163501815
B1042124202621N00044644EA0163401814
B1042134202622N00044639EA0163401813
B1042144202623N00044634EA0163401813
B1042154202623N00044629EA0163401814
B1042164202624N00044624EA0163401814
B1042174202624N00044619EA0163501815
B1042184202625N00044613EA0163501815
B1042194202625N00044607EA0163701817
B1042204202625N00044601EA0163901819
B1042214202625N00044595EA0164101821
B1042224202625N00044590EA0164301823
B1042234202625N00044585EA0164501825
B1042244202624N00044581EA0164701827
B1042254202623N00044578EA0164801829
B1042264202622N00044575EA0164901829
B1042274202621N00044571EA0164901829
B1042284202621N00044567EA0164901829
B1042294202620N00044562EA0164801828
B1042304202620N00044558EA0164801828
B1042314202619N00044553EA0164801828
B1042324202619N00044549EA0164801827
B1042334202618N00044544EA0164801827
B1042344202617N00044541EA0164801827
B1042354202616N00044537EA0164801827
B1042364202615N00044534EA0164701826
B1042374202614N00044531EA0164701826
B1042384202613N00044527EA0164601825
B1042394202612N00044524EA0164501824
B1042404202611N00044521EA0164501823
B1042414202609N00044517EA0164401823
B1042424202608N00044514EA0164301822
B1042434202607N00044511EA0164301821
B1042444202605N00044508EA0164201821
B1042454202603N00044506EA0164201820
B1042464202601N00044504EA0164101820
B1042474202599N00044502EA0164001819
B1042484202597N00044499EA0163901818
B1042494202594N00044497EA0163801817
B1042504202592N00044494EA0163701816
B1042514202589N00044491EA0163601815
B1042524202587N00044489EA0163501814
B1042534202585N00044486EA0163501814
B1042544202582N00044484EA0163401813
B1042554202580N00044481EA0163301813
B1042564202578N00044479EA0163301812
B1042574202576N00044476EA0163201812
B1042584202574N00044473EA0163201811
B1042594202573N00044470EA0163201811
B1043004202571N00044467EA0163201811
B1043014202569N00044464EA0163201811
B1043024202567N00044462EA0163201811
B1043034202565N00044458EA0163101810
B1043044202563N00044455EA0163101810
B1043054202561N00044451EA0163101810
B1043064202559N00044448EA0163101810
B1043074202557N00044444EA0163101810
B1043084202556N00044441EA0163101811
B1043094202554N00044438EA0163101811
B1043104202552N00044435EA0163101810
B1043114202550N00044433EA0163101810
B1043124202548N00044430EA0163001809
B1043134202546N00044427EA0162901808
B1043144202544N00044424EA0162801807
B1043154202542N00044421EA0162701806
B1043164202540N00044418EA0162701806
B1043174202537N00044416EA0162701805
B1043184202536N00044413EA0162601805
B1043194202534N00044411EA0162501804
B1043204202532N00044408EA0162401803
B1043214202530N00044406EA0162401802
B1043224202528N00044403EA0162301802
B1043234202526N00044401EA0162201801
B1043244202524N00044398EA0162101800
B1043254202522N00044396EA0162001798
B1043264202519N00044393EA0161901797
B1043274202517N00044391EA0161801796
B1043284202515N00044388EA0161701795
B1043294202513N00044386EA0161601794
B1043304202511N00044384EA0161501793
B1043314202509N00044381EA0161401792
B1043324202507N00044379EA0161301791
B1043334202505N00044376EA0161201789
B1043344202503N00044374EA0161101788
B1043354202501N00044371EA0160901786
B1043364202499N00044368EA0160801785
B1043374202497N00044366EA0160801784
B1043384202495N00044364EA0160701783
B1043394202493N00044361EA0160601782
B1043404202491N00044359EA0160501781
B1043414202489N00044357EA0160301780
B1043424202487N00044354EA0160101778
B1043434202484N00044352EA0160001776
B1043444202481N00044349EA0159901775
B1043454202479N00044346EA0159801774
B1043464202477N00044344EA0159801774
B1043474202475N00044343EA0159801774
B1043484202474N00044342EA0159801773
B1043494202472N00044341EA0159701773
B1043504202470N00044338EA0159601771
B1043514202469N00044335EA0159401769
B1043524202468N00044332EA0159301768
B1043534202466N00044329EA0159101767
B1043544202464N00044327EA0159101766
B1043554202463N00044324EA0159001765
B1043564202461N00044322EA0158901764
B1043574202460N00044319EA0158801763
B1043584202458N00044316EA0158701761
B1043594202456N00044313EA0158501760
B1044004202455N00044310EA0158301758
B1044014202453N00044306EA0158201757
B1044024202451N00044303EA0158101756
B1044034202449N00044300EA0158101756
B1044044202448N00044297EA0158001755
B1044054202446N00044294EA0157901754
B1044064202445N00044291EA0157801752
B1044074202443N00044288EA0157701751
B1044084202442N00044285EA0157501749
B1044094202440N00044281EA0157401748
B1044104202438N00044278EA0157301747
B1044114202437N00044275EA0157301746
B1044124202435N00044272EA0157201745
B1044134202434N00044269EA0157201744
B1044144202432N00044266EA0157101743
B1044154202431N00044263EA0156901742
B1044164202429N00044260EA0156801740
B1044174202427N00044257EA0156601739
B1044184202426N00044254EA0156501738
B1044194202425N00044251EA0156501737
B1044204202423N00044248EA0156401737
B1044214202422N00044245EA0156301736
B1044224202421N00044242EA0156201735
B1044234202420N00044240EA0156101733
B1044244202418N00044237EA0156001732
B1044254202416N00044235EA0155901731
B1044264202414N00044233EA0155801730
B1044274202412N00044231EA0155701729
B1044284202410N00044230EA0155701729
B1044294202409N00044228EA0155601728
B1044304202407N00044226EA0155601727
B1044314202406N00044224EA0155501727
B1044324202404N00044222EA0155401725
B1044334202402N00044219EA0155201724
B1044344202400N00044217EA0155101723
B1044354202398N00044215EA0155001722
B1044364202395N00044213EA0154901721
B1044374202393N00044212EA0154901720
B1044384202391N00044210EA0154801720
B1044394202388N00044209EA0154701719
B1044404202386N00044207EA0154701719
B1044414202384N00044205EA0154701718
B1044424202381N00044203EA0154601717
B1044434202378N00044201EA0154501717
B1044444202376N00044199EA0154501716
B1044454202373N00044198EA0154501716
B1044464202371N00044196EA0154501716
B1044474202368N00044195EA0154501716
B1044484202365N00044195EA0154401716
B1044494202362N00044194EA0154401715
B1044504202359N00044194EA0154401714
B1044514202356N00044193EA0154401713
B1044524202354N00044192EA0154301713
B1044534202351N00044190EA0154301713
B1044544202348N00044189EA0154301713
B1044554202345N00044187EA0154401713
B1044564202341N00044186EA0154501714
B1044574202338N00044185EA0154601716
B1044584202335N00044184EA0154801718
B1044594202332N00044184EA0154901719
B1045004202329N00044184EA0154901720
B1045014202327N00044183EA0154901720
B1045024202323N00044181EA0154901719
B1045034202320N00044179EA0154801719
B1045044202316N00044177EA0154901720
B1045054202313N00044176EA0155101722
B1045064202311N00044175EA0155201723
B1045074202308N00044174EA0155301724
B1045084202306N00044172EA0155301724
B1045094202302N00044171EA0155201723
B1045104202299N00044171EA0155201722
B1045114202294N00044173EA0155101722
B1045124202291N00044175EA0155101722
B1045134202287N00044178EA0155101722
B1045144202284N00044182EA0155001722
B1045154202280N00044187EA0154901721
B1045164202276N00044193EA0154801720
B1045174202273N00044200EA0154701719
B1045184202270N00044207EA0154601718
B1045194202267N00044214EA0154601718
B1045204202266N00044221EA0154601718
B1045214202265N00044229EA0154501717
B1045224202265N00044238EA0154401715
B1045234202266N00044247EA0154201713
B1045244202267N00044257EA0154101712
B1045254202269N00044266EA0154101712
B1045264202270N00044276EA0154001712
B1045274202271N00044285EA0154101712
B1045284202272N00044295EA0154001711
B1045294202273N00044304EA0153901710
B1045304202277N00044313EA0153701708
B1045314202281N00044320EA0153401706
B1045324202287N00044324EA0153301705
B1045334202293N00044326EA0153201703
B1045344202298N00044324EA0153001702
B1045354202302N00044321EA0152901701
B1045364202305N00044318EA0152901700
B1045374202307N00044314EA0152901700
B1045384202308N00044311EA0152801700
B1045394202309N00044306EA0152901700
B1045404202309N00044303EA0152801700
B1045414202309N00044299EA0152801700
B1045424202308N00044296EA0152801700
B1045434202307N00044293EA0152701699
B1045444202307N00044289EA0152701699
B1045454202306N00044286EA0152601698
B1045464202304N00044282EA0152401696
B1045474202303N00044279EA0152401695
B1045484202301N00044276EA0152301695
B1045494202299N00044272EA0152201694
B1045504202297N00044269EA0152201693
B1045514202295N00044266EA0152101693
B1045524202293N00044263EA0152101692
B1045534202291N00044260EA0152001692
B1045544202289N00044256EA0152001691
B1045554202288N00044253EA0152001691
B1045564202286N00044249EA0151901690
B1045574202285N00044246EA0151801690
B1045584202283N00044242EA0151801689
B1045594202281N00044239EA0151701689
B1046004202278N00044236EA0151601688
B1046014202276N00044233EA0151501687
B1046024202274N00044231EA0151501687
B1046034202272N00044228EA0151401685
B1046044202269N00044226EA0151201684
B1046054202265N00044224EA0151101682
B1046064202261N00044225EA0151001681
B1046074202257N00044227EA0150901680
B1046084202253N00044231EA0150801680
B1046094202249N00044237EA0150701678
B1046104202246N00044244EA0150501677
B1046114202243N00044252EA0150401676
B1046124202241N00044260EA0150301675
B1046134202240N00044269EA0150201674
B1046144202239N00044278EA0150001673
B1046154202239N00044288EA0149901672
B1046164202239N00044298EA0149701670
B1046174202239N00044307EA0149601669
B1046184202239N00044317EA0149401668
B1046194202239N00044326EA0149301667
B1046204202240N00044335EA0149201666
B1046214202242N00044345EA0149001664
B1046224202244N00044354EA0148801662
B1046234202246N00044364EA0148601660
B1046244202249N00044373EA0148401658
B1046254202251N00044383EA0148201656
B1046264202253N00044393EA0148001654
B1046274202255N00044403EA0147901653
B1046284202257N00044413EA0147701651
B1046294202259N00044422EA0147601649
B1046304202262N00044432EA0147401647
B1046314202264N00044442EA0147101644
B1046324202267N00044452EA0146801642
B1046334202269N00044462EA0146601640
B1046344202272N00044471EA0146501638
B1046354202275N00044480EA0146401637
B1046364202278N00044488EA0146301635
B1046374202281N00044497EA0146101633
B1046384202285N00044506EA0145901631
B1046394202288N00044514EA0145701629
B1046404202291N00044523EA0145501627
B1046414202294N00044532EA0145401625
B1046424202298N00044540EA0145301624
B1046434202301N00044548EA0145101623
B1046444202305N00044556EA0145001622
B1046454202308N00044564EA0144901621
B1046464202312N00044571EA0144801620
B1046474202315N00044579EA0144701619
B1046484202318N00044586EA0144601618
B1046494202322N00044594EA0144401617
B1046504202325N00044602EA0144301615
B1046514202328N00044610EA0144201614
B1046524202331N00044618EA0144201614
B1046534202335N00044625EA0144101614
B1046544202339N00044632EA0144101613
B1046554202343N00044640EA0144001613
B1046564202347N00044648EA0143901612
B1046574202351N00044656EA0143901612
B1046584202354N00044664EA0144001613
B1046594202358N00044672EA0144101614
B1047004202362N00044679EA0144101615
B1047014202367N00044687EA0144201615
B1047024202373N00044694EA0144201615
B1047034202379N00044702EA0144301616
B1047044202383N00044710EA0144401618
B1047054202388N00044718EA0144501619
B1047064202392N00044725EA0144601621
B1047074202396N00044731EA0144801622
B1047084202400N00044737EA0145101625
B1047094202403N00044742EA0145301627
B1047104202405N00044747EA0145401628
B1047114202408N00044752EA0145401628
B1047124202412N00044757EA0145301626
B1047134202416N00044763EA0145101623
B1047144202421N00044769EA0145001622
B1047154202425N00044775EA0145001621
B1047164202428N00044781EA0144901621
B1047174202430N00044787EA0144901622
B1047184202433N00044794EA0144901622
B1047194202436N00044801EA0145001623
B1047204202439N00044806EA0145201625
B1047214202442N00044810EA0145401627
B1047224202444N00044815EA0145501629
B1047234202446N00044820EA0145501628
B1047244202450N00044825EA0145501628
B1047254202455N00044828EA0145401626
B1047264202460N00044829EA0145401624
B1047274202467N00044829EA0145401624
B1047284202473N00044826EA0145401625
B1047294202478N00044824EA0145601626
B1047304202483N00044822EA0145801628
B1047314202488N00044820EA0145801629
B1047324202494N00044817EA0145901630
B1047334202498N00044812EA0145801628
B1047344202501N00044804EA0145701628
B1047354202502N00044797EA0145701625
B1047364202502N00044790EA0145801627
B1047374202500N00044785EA0146001629
B1047384202498N00044782EA0146101630
B1047394202496N00044778EA0146201631
B1047404202494N00044775EA0146301632
B1047414202492N00044771EA0146301633
B1047424202492N00044767EA0146401633
B1047434202491N00044762EA0146401633
B1047444202491N00044757EA0146401633
B1047454202491N00044752EA0146301633
B1047464202490N00044746EA0146301633
B1047474202490N00044740EA0146301632
B1047484202489N00044734EA0146301633
B1047494202488N00044728EA0146501635
B1047504202488N00044723EA0146701638
B1047514202489N00044720EA0146801639
B1047524202489N00044716EA0146901640
B1047534202490N00044711EA0146901640
B1047544202490N00044705EA0147001640
B1047554202491N00044700EA0147101642
B1047564202491N00044695EA0147401644
B1047574202492N00044690EA0147601646
B1047584202494N00044686EA0147601647
B1047594202495N00044681EA0147601646
B1048004202496N00044675EA0147501645
B1048014202495N00044670EA0147401643
B1048024202493N00044665EA0147401642
B1048034202492N00044663EA0147401642
B1048044202490N00044662EA0147401642
B1048054202489N00044662EA0147501642
B1048064202488N00044663EA0147301641
B1048074202485N00044664EA0147101639
B1048084202483N00044666EA0146901637
B1048094202480N00044670EA0146701637
B1048104202479N00044675EA0146601636
B1048114202478N00044680EA0146501635
B1048124202477N00044686EA0146401633
B1048134202476N00044691EA0146201632
B1048144202475N00044697EA0146001629
B1048154202475N00044705EA0145901627
B1048164202475N00044714EA0145801626
B1048174202475N00044722EA0145801627
B1048184202475N00044730EA0146001629
B1048194202475N00044737EA0146101631
B1048204202474N00044744EA0146301633
B1048214202473N00044750EA0146501635
B1048224202473N00044757EA0146701637
B1048234202472N00044764EA0146901639
B1048244202470N00044771EA0147101641
B1048254202469N00044778EA0147301643
B1048264202468N00044784EA0147601646
B1048274202467N00044790EA0147901649
B1048284202467N00044796EA0148201651
B1048294202467N00044803EA0148301653
B1048304202466N00044810EA0148401654
B1048314202465N00044818EA0148601656
B1048324202467N00044826EA0148801658
B1048334202470N00044833EA0149001661
B1048344202474N00044839EA0149201662
B1048354202480N00044842EA0149301663
B1048364202486N00044843EA0149401665
B1048374202492N00044841EA0149401665
B1048384202497N00044836EA0149501666
B1048394202499N00044830EA0149601667
B1048404202499N00044824EA0149801669
B1048414202498N00044818EA0150101672
B1048424202497N00044814EA0150301675
B1048434202498N00044808EA0150501677
B1048444202499N00044803EA0150701679
B1048454202500N00044798EA0150901681
B1048464202501N00044794EA0151201684
B1048474202500N00044791EA0151401686
B1048484202499N00044789EA0151601688
B1048494202497N00044788EA0151701689
B1048504202494N00044787EA0151701689
B1048514202491N00044787EA0151701689
B1048524202487N00044787EA0151701689
B1048534202484N00044788EA0151701689
B1048544202480N00044788EA0151701689
B1048554202476N00044791EA0151601689
B1048564202473N00044795EA0151601687
B1048574202470N00044801EA0151501685
B1048584202467N00044806EA0151301684
B1048594202464N00044812EA0151201684
B1049004202463N00044819EA0151301683
B1049014202462N00044826EA0151301684
B1049024202461N00044833EA0151301684
B1049034202459N00044840EA0151301683
B1049044202456N00044848EA0151201682
B1049054202454N00044855EA0151101682
B1049064202452N00044862EA0151201682
B1049074202450N00044870EA0151301684
B1049084202448N00044876EA0151501686
B1049094202447N00044883EA0151601687
B1049104202445N00044890EA0151701688
B1049114202443N00044898EA0151701689
B1049124202441N00044906EA0151801690
B1049134202440N00044914EA0151901690
B1049144202439N00044922EA0152001691
B1049154202439N00044930EA0152001692
B1049164202440N00044938EA0152101693
B1049174202442N00044947EA0152101693
B1049184202445N00044955EA0152101694
B1049194202448N00044963EA0152301696
B1049204202451N00044969EA0152501699
B1049214202454N00044975EA0152701701
B1049224202457N00044981EA0152801702
B1049234202460N00044989EA0152801702
B1049244202463N00044998EA0152901703
B1049254202465N00045005EA0153001704
B1049264202468N00045011EA0153101706
B1049274202472N00045017EA0153201706
B1049284202477N00045021EA0153101706
B1049294202482N00045024EA0153001704
B1049304202488N00045026EA0152801703
B1049314202493N00045026EA0152801702
B1049324202498N00045025EA0152701701
B1049334202502N00045022EA0152601700
B1049344202506N00045019EA0152501699
B1049354202510N00045015EA0152501700
B1049364202514N00045012EA0152501700
B1049374202517N00045008EA0152601700
B1049384202521N00045005EA0152601701
B1049394202524N00045002EA0152601701
B1049404202528N00044998EA0152701701
B1049414202532N00044995EA0152601701
B1049424202536N00044991EA0152701701
B1049434202539N00044988EA0152801702
B1049444202543N00044985EA0152801702
B1049454202546N00044982EA0152801702
B1049464202549N00044978EA0152801701
B1049474202552N00044973EA0152701701
B1049484202554N00044968EA0152801701
B1049494202555N00044963EA0152901702
B1049504202555N00044958EA0153101704
B1049514202555N00044954EA0153101705
B1049524202554N00044950EA0153201706
B1049534202552N00044947EA0153301708
B1049544202550N00044945EA0153501709
B1049554202549N00044942EA0153601710
B1049564202547N00044940EA0153701710
B1049574202545N00044937EA0153701711
B1049584202543N00044934EA0153801712
B1049594202540N00044931EA0154001713
B1050004202538N00044928EA0154001714
B1050014202535N00044926EA0154001713
B1050024202532N00044924EA0154001713
B1050034202528N00044924EA0153901712
B1050044202525N00044924EA0153701710
B1050054202521N00044927EA0153501708
B1050064202517N00044930EA0153301706
B1050074202513N00044934EA0153101704
B1050084202510N00044938EA0153001702
B1050094202506N00044943EA0152801701
B1050104202501N00044948EA0152701701
B1050114202498N00044952EA0152701700
B1050124202494N00044956EA0152801700
B1050134202491N00044960EA0152701700
B1050144202487N00044965EA0152701700
B1050154202484N00044971EA0152601698
B1050164202481N00044978EA0152401697
B1050174202479N00044985EA0152401696
B1050184202477N00044992EA0152301696
B1050194202474N00044999EA0152301696
B1050204202472N00045006EA0152201695
B1050214202468N00045012EA0152101695
B1050224202465N00045018EA0151901693
B1050234202463N00045025EA0151801692
B1050244202461N00045031EA0151701691
B1050254202459N00045037EA0151601690
B1050264202457N00045043EA0151501689
B1050274202455N00045051EA0151401687
B1050284202454N00045058EA0151301687
B1050294202452N00045066EA0151301687
B1050304202452N00045074EA0151401688
B1050314202453N00045083EA0151401689
B1050324202454N00045092EA0151401689
B1050334202457N00045101EA0151501689
B1050344202460N00045110EA0151501689
B1050354202464N00045118EA0151501688
B1050364202467N00045126EA0151401687
B1050374202470N00045135EA0151301686
B1050384202472N00045143EA0151301686
B1050394202473N00045153EA0151301685
B1050404202473N00045162EA0151201685
B1050414202471N00045171EA0151101684
B1050424202468N00045178EA0151201684
B1050434202464N00045184EA0151201685
B1050444202461N00045188EA0151201685
B1050454202457N00045192EA0151301686
B1050464202454N00045194EA0151401686
B1050474202451N00045196EA0151401686
B1050484202448N00045198EA0151301686
B1050494202444N00045198EA0151101684
B1050504202440N00045197EA0151001682
B1050514202438N00045196EA0150901681
B1050524202436N00045194EA0150901681
B1050534202435N00045192EA0150901681
B1050544202434N00045189EA0150801680
B1050554202434N00045185EA0150701679
B1050564202433N00045181EA0150701679
B1050574202434N00045178EA0150801680
B1050584202436N00045175EA0150901682
B1050594202439N00045172EA0150901682
B1051004202441N00045169EA0150901682
B1051014202444N00045166EA0151001683
B1051024202445N00045163EA0151001683
B1051034202446N00045160EA0150901682
B1051044202447N00045157EA0150701680
B1051054202448N00045153EA0150501678
B1051064202449N00045148EA0150301676
B1051074202450N00045144EA0150101674
B1051084202451N00045139EA0150001673
B1051094202451N00045134EA0149901672
B1051104202451N00045130EA0149801671
B1051114202450N00045127EA0149801670
B1051124202449N00045123EA0149801669
B1051134202447N00045120EA0149701669
B1051144202446N00045115EA0149601668
B1051154202444N00045111EA0149601667
B1051164202443N00045106EA0149601668
B1051174202442N00045102EA0149701669
B1051184202442N00045098EA0149901671
B1051194202441N00045095EA0150001672
B1051204202441N00045092EA0150101672
B1051214202441N00045088EA0150001671
B1051224202440N00045083EA0149901670
B1051234202440N00045078EA0149901669
B1051244202439N00045073EA0149901670
B1051254202439N00045070EA0150101672
B1051264202439N00045067EA0150201673
B1051274202438N00045064EA0150201672
B1051284202436N00045060EA0150001670
B1051294202435N00045056EA0149801667
B1051304202433N00045050EA0149601664
B1051314202432N00045045EA0149401662
B1051324202430N00045040EA0149401662
B1051334202429N00045036EA0149401661
B1051344202427N00045033EA0149301661
B1051354202426N00045030EA0149201659
B1051364202424N00045026EA0149101658
B1051374202422N00045023EA0148901656
B1051384202420N00045019EA0148801655
B1051394202418N00045016EA0148701653
B1051404202415N00045013EA0148601653
B1051414202413N00045010EA0148601652
B1051424202410N00045007EA0148401651
B1051434202408N00045005EA0148201649
B1051444202404N00045001EA0148001647
B1051454202401N00044998EA0147901645
B1051464202398N00044995EA0147801644
B1051474202396N00044992EA0147801644
B1051484202394N00044990EA0147801644
B1051494202392N00044988EA0147701643
B1051504202390N00044985EA0147601641
B1051514202387N00044981EA0147401640
B1051524202384N00044977EA0147301639
B1051534202381N00044972EA0147301639
B1051544202378N00044969EA0147401640
B1051554202374N00044965EA0147601641
B1051564202371N00044963EA0147701643
B1051574202369N00044961EA0147901645
B1051584202366N00044959EA0148101647
B1051594202363N00044958EA0148201647
B1052004202360N00044955EA0148101646
B1052014202356N00044952EA0147901645
B1052024202353N00044948EA0147701643
B1052034202350N00044944EA0147601642
B1052044202347N00044941EA0147701643
B1052054202344N00044938EA0147801644
B1052064202342N00044936EA0147901645
B1052074202340N00044934EA0147801645
B1052084202338N00044930EA0147801644
B1052094202337N00044927EA0147801644
B1052104202336N00044923EA0147901645
B1052114202335N00044919EA0148001646
B1052124202334N00044915EA0148001647
B1052134202332N00044912EA0148101648
B1052144202331N00044908EA0148201648
B1052154202329N00044905EA0148201648
B1052164202327N00044901EA0148101647
B1052174202325N00044896EA0148001647
B1052184202323N00044892EA0148001646
B1052194202321N00044888EA0147901645
B1052204202320N00044884EA0147901645
B1052214202318N00044880EA0148001646
B1052224202317N00044877EA0148001647
B1052234202316N00044875EA0148001646
B1052244202313N00044872EA0147901645
B1052254202310N00044870EA0147801644
B1052264202307N00044868EA0147901645
B1052274202305N00044865EA0148001646
B1052284202303N00044862EA0148101647
B1052294202301N00044859EA0148201649
B1052304202300N00044855EA0148201649
B1052314202298N00044852EA0148201648
B1052324202296N00044848EA0148001646
B1052334202293N00044844EA0147801644
B1052344202290N00044840EA0147601642
B1052354202288N00044835EA0147501641
B1052364202285N00044831EA0147501641
B1052374202283N00044828EA0147501640
B1052384202281N00044825EA0147301639
B1052394202279N00044822EA0147301638
B1052404202276N00044818EA0147101636
B1052414202273N00044814EA0146901634
B1052424202269N00044811EA0146801633
B1052434202265N00044807EA0146801634
B1052444202262N00044804EA0146901634
B1052454202260N00044801EA0147001635
B1052464202257N00044799EA0147101635
B1052474202254N00044796EA0147001635
B1052484202251N00044794EA0146901634
B1052494202247N00044792EA0146801633
B1052504202243N00044790EA0146801632
B1052514202238N00044789EA0146801632
B1052524202234N00044788EA0146701631
B1052534202230N00044786EA0146701631
B1052544202227N00044784EA0146701631
B1052554202223N00044782EA0146601630
B1052564202219N00044779EA0146501629
B1052574202215N00044777EA0146401629
B1052584202210N00044773EA0146401628
B1052594202206N00044770EA0146401628
B1053004202201N00044767EA0146501629
B1053014202197N00044763EA0146601631
B1053024202194N00044760EA0146901633
B1053034202191N00044757EA0147101636
B1053044202189N00044754EA0147301638
B1053054202186N00044752EA0147601640
B1053064202183N00044751EA0147601640
B1053074202179N00044750EA0147601640
B1053084202175N00044747EA0147401638
B1053094202170N00044744EA0147201637
B1053104202166N00044741EA0147301637
B1053114202163N00044739EA0147401638
B1053124202161N00044738EA0147501639
B1053134202158N00044737EA0147401639
B1053144202155N00044736EA0147301637
B1053154202151N00044735EA0147101635
B1053164202146N00044737EA0147101635
B1053174202142N00044740EA0147101636
B1053184202138N00044746EA0147201636
B1053194202135N00044752EA0147201636
B1053204202133N00044759EA0147201636
B1053214202130N00044767EA0147201636
B1053224202127N00044774EA0147101636
B1053234202123N00044779EA0147101636
B1053244202119N00044783EA0147001635
B1053254202114N00044785EA0146901634
B1053264202110N00044786EA0146901634
B1053274202105N00044785EA0146901634
B1053284202101N00044784EA0147001635
B1053294202098N00044783EA0147001635
B1053304202094N00044781EA0147001635
B1053314202091N00044778EA0147001635
B1053324202088N00044774EA0146901635
B1053334202086N00044770EA0146901634
B1053344202083N00044767EA0146801634
B1053354202081N00044763EA0146801633
B1053364202078N00044759EA0146701633
B1053374202076N00044754EA0146701632
B1053384202073N00044750EA0146601631
B1053394202071N00044746EA0146601631
B1053404202068N00044742EA0146601630
B1053414202066N00044738EA0146501630
B1053424202064N00044734EA0146401629
B1053434202062N00044729EA0146401628
B1053444202060N00044724EA0146301627
B1053454202059N00044720EA0146301627
B1053464202058N00044715EA0146201626
B1053474202057N00044711EA0146201625
B1053484202055N00044707EA0146001623
B1053494202052N00044705EA0145901622
B1053504202048N00044704EA0145701620
B1053514202044N00044705EA0145501617
B1053524202039N00044707EA0145301615
B1053534202035N00044709EA0145101613
B1053544202032N00044711EA0144901612
B1053554202028N00044714EA0144801610
B1053564202025N00044718EA0144501607
B1053574202022N00044723EA0144301605
B1053584202019N00044729EA0144101602
B1053594202017N00044736EA0143701599
B1054004202016N00044744EA0143401596
B1054014202017N00044752EA0143301594
B1054024202019N00044760EA0143101592
B1054034202021N00044767EA0143001591
B1054044202024N00044773EA0142901589
B1054054202027N00044780EA0142701587
B1054064202030N00044787EA0142501585
B1054074202034N00044794EA0142301583
B1054084202037N00044800EA0142101581
B1054094202040N00044806EA0142101580
B1054104202044N00044812EA0142001579
B1054114202047N00044818EA0141801577
B1054124202052N00044824EA0141401574
B1054134202057N00044828EA0141201572
B1054144202062N00044831EA0141101570
B1054154202067N00044833EA0141001570
B1054164202071N00044835EA0140901569
B1054174202075N00044836EA0140801567
B1054184202080N00044835EA0140501565
B1054194202085N00044832EA0140301562
B1054204202089N00044828EA0140001559
B1054214202093N00044824EA0139901559
B1054224202095N00044820EA0140001559
B1054234202098N00044818EA0140001560
B1054244202100N00044816EA0140001559
B1054254202104N00044813EA0139801557
B1054264202107N00044810EA0139501554
B1054274202110N00044806EA0139401552
B1054284202114N00044803EA0139201551
B1054294202117N00044801EA0139101550
B1054304202121N00044798EA0138901548
B1054314202124N00044795EA0138801547
B1054324202127N00044793EA0138701546
B1054334202129N00044791EA0138601544
B1054344202132N00044789EA0138401542
B1054354202135N00044787EA0138201540
B1054364202139N00044784EA0137901536
B1054374202143N00044781EA0137601535
B1054384202147N00044779EA0137601534
B1054394202152N00044778EA0137601534
B1054404202155N00044776EA0137601534
B1054414202159N00044774EA0137601533
B1054424202163N00044771EA0137401532
B1054434202166N00044767EA0137301531
B1054444202170N00044763EA0137201530
B1054454202173N00044758EA0137201528
B1054464202176N00044755EA0137101528
B1054474202179N00044751EA0137101528
B1054484202182N00044748EA0137001528
B1054494202185N00044744EA0136901526
B1054504202189N00044740EA0136701524
B1054514202192N00044735EA0136401521
B1054524202196N00044730EA0136201519
B1054534202200N00044724EA0136001517
B1054544202204N00044716EA0135801516
B1054554202209N00044709EA0135801516
B1054564202214N00044704EA0136101520
B1054574202218N00044700EA0136501525
B1054584202223N00044699EA0136901528
B1054594202227N00044697EA0137001529
B1055004202233N00044695EA0137001529
B1055014202239N00044692EA0136901527
B1055024202245N00044687EA0137001528
B1055034202250N00044682EA0137201530
B1055044202254N00044679EA0137401533
B1055054202258N00044677EA0137501533
B1055064202263N00044674EA0137401533
B1055074202268N00044670EA0137301532
B1055084202272N00044665EA0137201531
B1055094202277N00044660EA0137101531
B1055104202280N00044655EA0137201532
B1055114202284N00044651EA0137201533
B1055124202288N00044647EA0137301534
B1055134202292N00044642EA0137401534
B1055144202296N00044637EA0137401534
B1055154202299N00044632EA0137401535
B1055164202303N00044627EA0137501535
B1055174202306N00044622EA0137501536
B1055184202310N00044617EA0137601537
B1055194202313N00044611EA0137801539
B1055204202317N00044605EA0137901540
B1055214202321N00044599EA0138001541
B1055224202325N00044593EA0138101542
B1055234202330N00044588EA0138201544
B1055244202334N00044582EA0138401545
B1055254202338N00044578EA0138501547
B1055264202342N00044573EA0138701548
B1055274202345N00044568EA0138701548
B1055284202349N00044562EA0138601548
B1055294202354N00044555EA0138501547
B1055304202358N00044547EA0138401546
B1055314202363N00044540EA0138501546
B1055324202368N00044533EA0138501546
B1055334202372N00044527EA0138601548
B1055344202376N00044521EA0138701548
B1055354202380N00044515EA0138701547
B1055364202385N00044509EA0138601546
B1055374202389N00044502EA0138501546
B1055384202394N00044495EA0138401545
B1055394202398N00044489EA0138401545
B1055404202403N00044483EA0138501544
B1055414202407N00044477EA0138501544
B1055424202412N00044473EA0138501545
B1055434202417N00044470EA0138401544
B1055444202423N00044468EA0138301543
B1055454202429N00044465EA0138201541
B1055464202435N00044462EA0138001540
B1055474202440N00044459EA0137901538
B1055484202445N00044455EA0137701536
B1055494202450N00044451EA0137401534
B1055504202455N00044445EA0137201531
B1055514202458N00044437EA0136901528
B1055524202459N00044430EA0136601525
B1055534202459N00044423EA0136501524
B1055544202457N00044418EA0136401523
B1055554202455N00044415EA0136301521
B1055564202452N00044413EA0136001518
B1055574202448N00044411EA0135801515
B1055584202445N00044410EA0135501512
B1055594202440N00044409EA0135201509
B1056004202436N00044409EA0134901506
B1056014202432N00044409EA0134701503
B1056024202429N00044410EA0134501501
B1056034202425N00044411EA0134301499
B1056044202422N00044411EA0134101496
B1056054202418N00044412EA0133901494
B1056064202415N00044412EA0133601491
B1056074202412N00044412EA0133401489
B1056084202408N00044413EA0133101486
B1056094202404N00044414EA0132801482
B1056104202400N00044415EA0132501479
B1056114202397N00044416EA0132301477
B1056124202393N00044416EA0132001475
B1056134202390N00044418EA0131801472
B1056144202387N00044419EA0131601470
B1056154202384N00044421EA0131401467
B1056164202381N00044422EA0131201465
B1056174202377N00044423EA0131001464
B1056184202374N00044424EA0130901462
B1056194202371N00044424EA0130701460
B1056204202368N00044424EA0130501458
B1056214202365N00044424EA0130301457
B1056224202361N00044424EA0130301456
B1056234202358N00044423EA0130301455
B1056244202355N00044423EA0130301455
B1056254202352N00044422EA0130201455
B1056264202348N00044421EA0130101453
B1056274202344N00044420EA0129901450
B1056284202339N00044418EA0129601449
B1056294202335N00044417EA0129601448
B1056304202331N00044416EA0129601448
B1056314202329N00044414EA0129701449
B1056324202327N00044413EA0129701449
B1056334202324N00044411EA0129601447
B1056344202321N00044410EA0129401444
B1056354202319N00044409EA0129301443
B1056364202316N00044409EA0129101442
B1056374202314N00044409EA0128901440
B1056384202312N00044411EA0128801438
B1056394202310N00044413EA0128701436
B1056404202307N00044413EA0128601436
B1056414202303N00044412EA0128601436
B1056424202300N00044409EA0128601437
B1056434202298N00044407EA0128801439
B1056444202296N00044407EA0129101442
B1056454202294N00044406EA0129201443
B1056464202291N00044405EA0129201444
B1056474202288N00044404EA0129001442
B1056484202285N00044404EA0128901440
B1056494202281N00044404EA0128801438
B1056504202277N00044404EA0128601437
B1056514202274N00044402EA0128501435
B1056524202270N00044400EA0128301433
B1056534202266N00044397EA0127901429
B1056544202262N00044396EA0127601425
B1056554202257N00044395EA0127201422
B1056564202252N00044395EA0127001419
B1056574202248N00044394EA0126801418
B1056584202244N00044393EA0126701416
B1056594202241N00044392EA0126501415
B1057004202237N00044391EA0126301413
B1057014202232N00044391EA0126201411
B1057024202228N00044391EA0125901409
B1057034202223N00044391EA0125701407
B1057044202219N00044391EA0125501405
B1057054202215N00044391EA0125401403
B1057064202211N00044391EA0125201401
B1057074202207N00044390EA0125001399
B1057084202202N00044390EA0124801397
B1057094202198N00044389EA0124701395
B1057104202195N00044388EA0124501393
B1057114202191N00044387EA0124401392
B1057124202188N00044386EA0124301391
B1057134202185N00044385EA0124101389
B1057144202181N00044384EA0124001387
B1057154202177N00044383EA0123801385
B1057164202173N00044383EA0123601383
B1057174202170N00044382EA0123401381
B1057184202166N00044382EA0123201380
B1057194202162N00044381EA0123001378
B1057204202158N00044380EA0122901376
B1057214202154N00044379EA0122701374
B1057224202151N00044377EA0122501372
B1057234202147N00044375EA0122401371
B1057244202143N00044373EA0122301369
B1057254202139N00044372EA0122101368
B1057264202135N00044371EA0121901366
B1057274202131N00044369EA0121801363
B1057284202126N00044367EA0121601361
B1057294202121N00044365EA0121501361
B1057304202117N00044362EA0121601362
B1057314202113N00044360EA0121801365
B1057324202110N00044359EA0122101368
B1057334202107N00044358EA0122201369
B1057344202104N00044357EA0122301370
B1057354202102N00044355EA0122301370
B1057364202100N00044354EA0122301370
B1057374202097N00044352EA0122301369
B1057384202095N00044350EA0122101368
B1057394202092N00044349EA0122001367
B1057404202089N00044347EA0122001366
B1057414202086N00044345EA0121901365
B1057424202083N00044342EA0121801365
B1057434202080N00044340EA0121801364
B1057444202077N00044337EA0121701363
B1057454202074N00044334EA0121601362
B1057464202071N00044332EA0121601361
B1057474202068N00044330EA0121501360
B1057484202065N00044327EA0121401360
B1057494202062N00044324EA0121401360
B1057504202060N00044321EA0121401359
B1057514202057N00044318EA0121301359
B1057524202053N00044316EA0121301358
B1057534202050N00044314EA0121101356
B1057544202045N00044312EA0121001355
B1057554202041N00044310EA0120901354
B1057564202037N00044309EA0120801353
B1057574202033N00044307EA0120701352
B1057584202029N00044305EA0120701351
B1057594202024N00044303EA0120601350
B1058004202020N00044301EA0120601350
B1058014202016N00044299EA0120601351
B1058024202013N00044297EA0120701352
B1058034202009N00044295EA0120801353
B1058044202006N00044294EA0120801353
B1058054202003N00044292EA0120701352
B1058064202000N00044289EA0120601351
B1058074201997N00044287EA0120601351
B1058084201993N00044285EA0120501350
B1058094201990N00044283EA0120501350
B1058104201986N00044281EA0120601351
B1058114201983N00044279EA0120701352
B1058124201979N00044277EA0120601352
B1058134201975N00044275EA0120501351
B1058144201971N00044274EA0120401350
B1058154201967N00044274EA0120301349
B1058164201963N00044274EA0120201348
B1058174201959N00044273EA0120101347
B1058184201955N00044272EA0120001345
B1058194201952N00044271EA0119901344
B1058204201948N00044270EA0119801343
B1058214201944N00044271EA0119801343
B1058224201940N00044272EA0119801342
B1058234201937N00044275EA0119701341
B1058244201934N00044280EA0119601340
B1058254201931N00044286EA0119401338
B1058264201930N00044293EA0119301337
B1058274201929N00044300EA0119201336
B1058284201930N00044307EA0119201336
B1058294201932N00044313EA0119101336
B1058304201935N00044319EA0119101336
B1058314201939N00044324EA0119001335
B1058324201944N00044330EA0118901335
B1058334201948N00044334EA0118801334
B1058344201953N00044339EA0118801334
B1058354201957N00044344EA0118901334
B1058364201962N00044348EA0118801334
B1058374201966N00044352EA0118801334
B1058384201971N00044356EA0118801333
B1058394201976N00044358EA0118701332
B1058404201981N00044358EA0118601331
B1058414201987N00044357EA0118501330
B1058424201992N00044355EA0118401330
B1058434201997N00044352EA0118401329
B1058444202002N00044350EA0118201328
B1058454202008N00044347EA0118101326
B1058464202014N00044345EA0118001325
B1058474202019N00044341EA0117901324
B1058484202024N00044338EA0117801323
B1058494202028N00044333EA0117701322
B1058504202032N00044329EA0117501321
B1058514202037N00044324EA0117401319
B1058524202042N00044319EA0117301318
B1058534202047N00044314EA0117301318
B1058544202052N00044310EA0117401319
B1058554202056N00044305EA0117401319
B1058564202061N00044299EA0117401319
B1058574202065N00044294EA0117401319
B1058584202069N00044287EA0117401319
B1058594202072N00044280EA0117401319
B1059004202074N00044272EA0117401319
B1059014202074N00044264EA0117301319
B1059024202073N00044256EA0117301319
B1059034202071N00044249EA0117501321
B1059044202069N00044243EA0117801324
B1059054202067N00044239EA0118001326
B1059064202065N00044234EA0118201328
B1059074202063N00044229EA0118201328
B1059084202061N00044224EA0118201328
B1059094202057N00044221EA0118201328
B1059104202054N00044218EA0118201328
B1059114202050N00044217EA0118301329
B1059124202047N00044216EA0118501331
B1059134202044N00044216EA0118701333
B1059144202043N00044215EA0118801334
B1059154202040N00044214EA0118701332
B1059164202037N00044212EA0118501330
B1059174202033N00044211EA0118301327
B1059184202028N00044210EA0118101325
B1059194202023N00044211EA0118001324
B1059204202019N00044214EA0117901323
B1059214202016N00044217EA0117901322
B1059224202012N00044220EA0117801321
B1059234202010N00044223EA0117601320
B1059244202007N00044228EA0117501318
B1059254202006N00044233EA0117201316
B1059264202005N00044239EA0116901312
B1059274202006N00044246EA0116701310
B1059284202007N00044252EA0116501308
B1059294202010N00044258EA0116401306
B1059304202012N00044262EA0116201305
B1059314202016N00044267EA0116101303
B1059324202019N00044272EA0115801301
B1059334202024N00044277EA0115601298
B1059344202028N00044284EA0115401297
B1059354202031N00044290EA0115501298
B1059364202033N00044296EA0115801301
B1059374202034N00044301EA0116001304
B1059384202035N00044305EA0116201305
B1059394202037N00044311EA0116301305
B1059404202039N00044318EA0116201305
B1059414202041N00044326EA0116201305
B1059424202043N00044333EA0116401307
B1059434202044N00044339EA0116801312
B1059444202044N00044343EA0117201316
B1059454202045N00044346EA0117501318
B1059464202045N00044349EA0117501319
B1059474202046N00044355EA0117401317
B1059484202046N00044362EA0117301315
B1059494202044N00044368EA0117201315
B1059504202042N00044373EA0117301317
B1059514202039N00044376EA0117501319
B1059524202037N00044380EA0117701320
B1059534202036N00044385EA0117901323
B1059544202037N00044392EA0118001324
B1059554202038N00044399EA0118201326
B1059564202040N00044405EA0118401329
B1059574202044N00044410EA0118601331
B1059584202049N00044413EA0118701332
B1059594202055N00044415EA0118801332
B1100004202061N00044416EA0118701332
B1100014202068N00044415EA0118701332
B1100024202074N00044411EA0118701333
B1100034202078N00044406EA0118801332
B1100044202082N00044400EA0118701332
B1100054202085N00044394EA0118701331
B1100064202088N00044387EA0118701331
B1100074202091N00044381EA0118601330
B1100084202093N00044374EA0118601329
B1100094202095N00044366EA0118401328
B1100104202096N00044358EA0118401328
B1100114202096N00044351EA0118401328
B1100124202097N00044343EA0118601330
B1100134202097N00044337EA0118701332
B1100144202096N00044332EA0118901334
B1100154202095N00044328EA0119001334
B1100164202093N00044323EA0118901334
B1100174202090N00044318EA0118801333
B1100184202086N00044314EA0118801333
B1100194202083N00044312EA0119101335
B1100204202081N00044312EA0119301338
B1100214202079N00044313EA0119501339
B1100224202077N00044315EA0119601340
B1100234202074N00044316EA0119601341
B1100244202072N00044320EA0119701341
B1100254202071N00044325EA0119801342
B1100264202070N00044331EA0119901344
B1100274202069N00044337EA0120101346
B1100284202068N00044341EA0120301348
B1100294202067N00044346EA0120401350
B1100304202066N00044352EA0120501351
B1100314202066N00044359EA0120601353
B1100324202069N00044364EA0120701354
B1100334202072N00044370EA0120801353
B1100344202076N00044375EA0120801353
B1100354202079N00044382EA0120701353
B1100364202081N00044390EA0120701352
B1100374202083N00044398EA0120701353
B1100384202082N00044405EA0120801354
B1100394202081N00044410EA0120901354
B1100404202079N00044415EA0120901354
B1100414202076N00044418EA0120801353
B1100424202073N00044421EA0120801352
B1100434202070N00044422EA0120601351
B1100444202066N00044421EA0120501350
B1100454202063N00044417EA0120301348
B1100464202059N00044412EA0120201346
B1100474202057N00044407EA0120201346
B1100484202055N00044402EA0120201346
B1100494202053N00044399EA0120101345
B1100504202052N00044394EA0120001343
B1100514202051N00044388EA0119901342
B1100524202049N00044381EA0119701340
B1100534202047N00044375EA0119701341
B1100544202044N00044369EA0119901343
B1100554202042N00044365EA0120101347
B1100564202040N00044362EA0120501351
B1100574202039N00044358EA0120801354
B1100584202037N00044355EA0121101357
B1100594202034N00044352EA0121301359
B1101004202032N00044348EA0121601362
B1101014202030N00044343EA0121701363
B1101024202029N00044338EA0121801365
B1101034202027N00044333EA0121901366
B1101044202025N00044327EA0121901366
B1101054202022N00044322EA0122001367
B1101064202020N00044317EA0122001367
B1101074202019N00044312EA0122001367
B1101084202018N00044308EA0121901366
B1101094202016N00044304EA0121701363
B1101104202013N00044300EA0121401360
B1101114202010N00044296EA0121201357
B1101124202007N00044292EA0120901355
B1101134202003N00044288EA0120801353
B1101144202000N00044285EA0120701352
B1101154201996N00044281EA0120601351
B1101164201992N00044278EA0120501350
B1101174201989N00044274EA0120401350
B1101184201985N00044272EA0120401350
B1101194201982N00044269EA0120401349
B1101204201978N00044268EA0120301349
B1101214201975N00044266EA0120301348
B1101224201971N00044265EA0120201348
B1101234201967N00044264EA0120201347
B1101244201964N00044263EA0120101346
B1101254201959N00044262EA0120001345
B1101264201955N00044262EA0119901344
B1101274201952N00044261EA0119901344
B1101284201948N00044261EA0120001345
B1101294201945N00044261EA0120001346
B1101304201943N00044260EA0120101346
B1101314201940N00044259EA0120101346
B1101324201936N00044258EA0120001345
B1101334201933N00044257EA0120001344
B1101344201929N00044257EA0119901344
B1101354201925N00044256EA0119901344
B1101364201922N00044256EA0120001345
B1101374201919N00044256EA0120001345
B1101384201916N00044255EA0119901344
B1101394201913N00044254EA0119801342
B1101404201909N00044254EA0119501339
B1101414201905N00044254EA0119301337
B1101424201901N00044255EA0119201335
B1101434201897N00044255EA0119101335
B1101444201894N00044256EA0119101335
B1101454201891N00044257EA0119001333
B1101464201886N00044258EA0118701331
B1101474201882N00044260EA0118501328
B1101484201877N00044262EA0118301326
B1101494201874N00044264EA0118201325
B1101504201870N00044266EA0118101324
B1101514201867N00044268EA0117901322
B1101524201863N00044269EA0117701320
B1101534201858N00044271EA0117501317
B1101544201854N00044274EA0117301315
B1101554201850N00044276EA0117201314
B1101564201846N00044278EA0117201313
B1101574201843N00044279EA0117001312
B1101584201839N00044281EA0116901310
B1101594201835N00044283EA0116601308
B1102004201830N00044284EA0116501306
B1102014201826N00044285EA0116301305
B1102024201823N00044284EA0116201304
B1102034201820N00044282EA0116201303
B1102044201818N00044278EA0116001301
B1102054201816N00044274EA0115801299
B1102064201815N00044270EA0115701298
B1102074201814N00044265EA0115501296
B1102084201814N00044259EA0115401295
B1102094201814N00044254EA0115401294
B1102104201816N00044249EA0115301293
B1102114201817N00044244EA0115201292
B1102124201820N00044239EA0115101291
B1102134201823N00044234EA0115001290
B1102144201827N00044230EA0114901289
B1102154201831N00044226EA0114801287
B1102164201835N00044222EA0114701286
B1102174201840N00044219EA0114601285
B1102184201845N00044217EA0114501284
B1102194201850N00044214EA0114301283
B1102204201856N00044212EA0114201281
B1102214201861N00044210EA0114101280
B1102224201867N00044208EA0114001280
B1102234201872N00044206EA0114001279
B1102244201878N00044205EA0113901278
B1102254201883N00044204EA0113801277
B1102264201889N00044203EA0113601276
B1102274201894N00044200EA0113401274
B1102284201899N00044196EA0113301273
B1102294201902N00044191EA0113101271
B1102304201903N00044186EA0113001269
B1102314201903N00044180EA0112701267
B1102324201901N00044176EA0112501264
B1102334201899N00044172EA0112301262
B1102344201897N00044170EA0112101259
B1102354201894N00044168EA0112001257
B1102364201890N00044167EA0111801255
B1102374201886N00044166EA0111501253
B1102384201883N00044166EA0111401252
B1102394201879N00044166EA0111401252
B1102404201876N00044167EA0111301251
B1102414201874N00044168EA0111301250
B1102424201870N00044169EA0111201249
B1102434201867N00044171EA0111001247
B1102444201864N00044172EA0110801245
B1102454201860N00044173EA0110701243
B1102464201856N00044175EA0110501242
B1102474201853N00044176EA0110401241
B1102484201850N00044178EA0110401241
B1102494201847N00044179EA0110401241
B1102504201844N00044181EA0110301240
B1102514201840N00044182EA0110201238
B1102524201836N00044183EA0110001237
B1102534201832N00044184EA0109901236
B1102544201829N00044185EA0109901236
B1102554201825N00044186EA0109901236
B1102564201822N00044187EA0109901236
B1102574201818N00044188EA0109801235
B1102584201814N00044189EA0109701234
B1102594201810N00044190EA0109601233
B1103004201806N00044191EA0109601233
B1103014201802N00044193EA0109601233
B1103024201799N00044194EA0109601233
B1103034201795N00044196EA0109601232
B1103044201791N00044198EA0109501232
B1103054201787N00044200EA0109401230
B1103064201783N00044203EA0109301229
B1103074201778N00044205EA0109301229
B1103084201774N00044207EA0109201229
B1103094201770N00044209EA0109301229
B1103104201766N00044211EA0109301229
B1103114201762N00044213EA0109201229
B1103124201758N00044215EA0109101228
B1103134201753N00044217EA0109001227
B1103144201749N00044219EA0108901226
B1103154201744N00044221EA0108801225
B1103164201739N00044223EA0108601224
B1103174201734N00044226EA0108501222
B1103184201729N00044229EA0108401221
B1103194201723N00044231EA0108201220
B1103204201719N00044234EA0108201219
B1103214201715N00044236EA0108201219
B1103224201711N00044239EA0108101218
B1103234201707N00044243EA0107901216
B1103244201702N00044247EA0107701214
B1103254201698N00044250EA0107501212
B1103264201693N00044254EA0107401210
B1103274201689N00044257EA0107401210
B1103284201686N00044260EA0107401210
B1103294201682N00044262EA0107401210
B1103304201679N00044263EA0107401210
B1103314201674N00044264EA0107201209
B1103324201670N00044265EA0107101207
B1103334201665N00044268EA0106901205
B1103344201660N00044270EA0106701203
B1103354201655N00044272EA0106701203
B1103364201652N00044274EA0106801204
B1103374201648N00044275EA0106801204
B1103384201644N00044276EA0106801204
B1103394201639N00044278EA0106701202
B1103404201634N00044280EA0106401201
B1103414201629N00044283EA0106301199
B1103424201624N00044285EA0106301199
B1103434201620N00044288EA0106301199
B1103444201617N00044290EA0106301200
B1103454201613N00044291EA0106201199
B1103464201609N00044293EA0106101197
B1103474201603N00044295EA0105901194
B1103484201598N00044297EA0105701192
B1103494201592N00044299EA0105601191
B1103504201587N00044301EA0105501191
B1103514201582N00044303EA0105501191
B1103524201578N00044305EA0105501191
B1103534201574N00044308EA0105501191
B1103544201570N00044311EA0105401190
B1103554201565N00044313EA0105201188
B1103564201561N00044315EA0105001186
B1103574201556N00044317EA0104801184
B1103584201552N00044319EA0104701182
B1103594201548N00044321EA0104601181
B1104004201544N00044322EA0104401180
B1104014201541N00044324EA0104301178
B1104024201536N00044326EA0104001175
B1104034201531N00044328EA0103801172
B1104044201527N00044332EA0103601170
B1104054201522N00044335EA0103401168
B1104064201518N00044338EA0103401167
B1104074201514N00044340EA0103401167
B1104084201510N00044341EA0103301167
B1104094201505N00044340EA0103201166
B1104104201500N00044340EA0103101165
B1104114201495N00044342EA0103001164
B1104124201489N00044344EA0102801162
B1104134201484N00044347EA0102701161
B1104144201478N00044349EA0102601160
B1104154201474N00044351EA0102601160
B1104164201469N00044353EA0102501159
B1104174201465N00044355EA0102401158
B1104184201461N00044357EA0102301156
B1104194201457N00044360EA0102001153
B1104204201453N00044363EA0101701150
B1104214201448N00044366EA0101401146
B1104224201443N00044370EA0101101143
B1104234201439N00044374EA0100901141
B1104244201434N00044377EA0100701140
B1104254201430N00044380EA0100601139
B1104264201427N00044383EA0100601138
B1104274201423N00044385EA0100401136
B1104284201418N00044387EA0100101134
B1104294201413N00044389EA0099901130
B1104304201408N00044392EA0099501127
B1104314201402N00044395EA0099301125
B1104324201397N00044397EA0099201123
B1104334201393N00044399EA0099101122
B1104344201388N00044400EA0099001121
B1104354201384N00044401EA0098801119
B1104364201378N00044402EA0098601117
B1104374201373N00044404EA0098401114
B1104384201367N00044406EA0098201112
B1104394201362N00044407EA0098001110
B1104404201357N00044408EA0097901108
B1104414201353N00044409EA0097701107
B1104424201348N00044411EA0097501104
B1104434201343N00044413EA0097301101
B1104444201338N00044415EA0097101100
B1104454201333N00044416EA0096901098
B1104464201328N00044415EA0096701096
B1104474201324N00044415EA0096501094
B1104484201319N00044415EA0096301092
B1104494201314N00044416EA0096101089
B1104504201309N00044417EA0095801086
B1104514201304N00044418EA0095601083
B1104524201299N00044419EA0095401082
B1104534201294N00044421EA0095301080
B1104544201290N00044423EA0095101079
B1104554201285N00044425EA0094901077
B1104564201280N00044428EA0094701075
B1104574201275N00044430EA0094501072
B1104584201270N00044433EA0094301070
B1104594201264N00044435EA0094101068
B1105004201259N00044437EA0093901065
B1105014201253N00044439EA0093701063
B1105024201248N00044440EA0093501061
B1105034201242N00044442EA0093301059
B1105044201237N00044444EA0093201058
B1105054201232N00044447EA0093201058
B1105064201227N00044449EA0093101057
B1105074201223N00044450EA0092901055
B1105084201217N00044452EA0092701053
B1105094201212N00044453EA0092501051
B1105104201206N00044454EA0092301049
B1105114201200N00044455EA0092201047
B1105124201195N00044456EA0092101046
B1105134201189N00044456EA0092001046
B1105144201184N00044454EA0091901044
B1105154201179N00044452EA0091701043
B1105164201174N00044450EA0091501041
B1105174201168N00044447EA0091301038
B1105184201162N00044445EA0091101037
B1105194201157N00044442EA0091001035
B1105204201151N00044438EA0090901035
B1105214201147N00044434EA0090901034
B1105224201142N00044430EA0090901033
B1105234201138N00044425EA0090801033
B1105244201134N00044420EA0090701032
B1105254201129N00044416EA0090801033
B1105264201124N00044412EA0090801033
B1105274201119N00044409EA0090901034
B1105284201114N00044406EA0091001036
B1105294201109N00044403EA0091201038
B1105304201104N00044401EA0091301040
B1105314201100N00044399EA0091501041
B1105324201095N00044397EA0091601042
B1105334201090N00044395EA0091501042
B1105344201085N00044394EA0091601042
B1105354201080N00044393EA0091801044
B1105364201076N00044392EA0092001045
B1105374201071N00044390EA0092101047
B1105384201066N00044388EA0092201048
B1105394201061N00044387EA0092301049
B1105404201056N00044385EA0092401050
B1105414201052N00044384EA0092601052
B1105424201047N00044383EA0092701053
B1105434201041N00044382EA0092901055
B1105444201036N00044380EA0093001056
B1105454201031N00044378EA0093101058
B1105464201026N00044377EA0093301060
B1105474201021N00044376EA0093401061
B1105484201016N00044376EA0093601063
B1105494201011N00044375EA0093701064
B1105504201006N00044373EA0093901066
B1105514201001N00044371EA0094001067
B1105524200996N00044369EA0094101069
B1105534200990N00044367EA0094301071
B1105544200985N00044366EA0094601073
B1105554200980N00044366EA0094701075
B1105564200975N00044366EA0095001077
B1105574200970N00044365EA0095101079
B1105584200964N00044363EA0095201080
B1105594200959N00044362EA0095301081
B1106004200953N00044362EA0095301081
B1106014200948N00044362EA0095401081
B1106024200942N00044361EA0095301081
B1106034200936N00044360EA0095201080
B1106044200930N00044359EA0095001078
B1106054200924N00044359EA0094901077
B1106064200919N00044359EA0094801076
B1106074200914N00044361EA0094801075
B1106084200910N00044362EA0094801075
B1106094200906N00044362EA0094701074
B1106104200901N00044362EA0094501072
B1106114200895N00044363EA0094301070
B1106124200890N00044364EA0094101067
B1106134200884N00044366EA0094001065
B1106144200879N00044367EA0093901065
B1106154200874N00044368EA0093901065
B1106164200870N00044368EA0093901065
B1106174200865N00044368EA0093701064
B1106184200860N00044368EA0093501061
B1106194200854N00044369EA0093301059
B1106204200849N00044370EA0093301058
B1106214200843N00044370EA0093301058
B1106224200839N00044370EA0093401059
B1106234200834N00044370EA0093401059
B1106244200828N00044370EA0093201057
B1106254200822N00044371EA0093001055
B1106264200816N00044374EA0092801053
B1106274200810N00044377EA0092801053
B1106284200805N00044380EA0092901054
B1106294200801N00044382EA0093001055
B1106304200798N00044383EA0092901054
B1106314200793N00044385EA0092701052
B1106324200787N00044388EA0092501049
B1106334200781N00044391EA0092401048
B1106344200776N00044394EA0092401048
B1106354200772N00044397EA0092401048
B1106364200768N00044400EA0092501049
B1106374200763N00044403EA0092401048
B1106384200759N00044405EA0092201045
B1106394200753N00044407EA0091801042
B1106404200748N00044409EA0091601039
B1106414200742N00044410EA0091401037
B1106424200738N00044411EA0091201036
B1106434200734N00044411EA0091201035
B1106444200730N00044411EA0091101034
B1106454200726N00044410EA0091001033
B1106464200722N00044410EA0090901032
B1106474200717N00044410EA0090701030
B1106484200712N00044411EA0090601028
B1106494200707N00044412EA0090501028
B1106504200703N00044414EA0090401027
B1106514200699N00044414EA0090401027
B1106524200695N00044413EA0090301026
B1106534200691N00044411EA0090201024
B1106544200687N00044408EA0090001022
B1106554200683N00044404EA0089801020
B1106564200679N00044399EA0089601019
B1106574200676N00044393EA0089401017
B1106584200674N00044387EA0089301015
B1106594200672N00044381EA0089101013
B1107004200671N00044373EA0088901011
B1107014200670N00044366EA0088701009
B1107024200670N00044358EA0088601007
B1107034200670N00044349EA0088401005
B1107044200671N00044342EA0088301004
B1107054200671N00044334EA0088201004
B1107064200672N00044326EA0088101003
B1107074200673N00044319EA0088001002
B1107084200674N00044312EA0087901001
B1107094200674N00044305EA0087801000
B1107104200674N00044297EA0087600998
B1107114200675N00044290EA0087500996
B1107124200675N00044282EA0087300994
B1107134200675N00044275EA0087200993
B1107144200676N00044267EA0087000991
B1107154200677N00044258EA0086900990
B1107164200679N00044250EA0086800988
B1107174200681N00044242EA0086700987
B1107184200684N00044235EA0086700987
B1107194200687N00044230EA0086700987
B1107204200689N00044224EA0086600987
B1107214200691N00044218EA0086500986
B1107224200693N00044210EA0086300983
B1107234200695N00044202EA0086000980
B1107244200697N00044193EA0085800979
B1107254200698N00044186EA0085800978
B1107264200700N00044179EA0085800978
B1107274200702N00044173EA0085800978
B1107284200704N00044167EA0085700977
B1107294200704N00044160EA0085500975
B1107304200703N00044153EA0085200972
B1107314200699N00044147EA0084900969
B1107324200695N00044143EA0084700966
B1107334200689N00044142EA0084600965
B1107344200685N00044143EA0084500965
B1107354200682N00044146EA0084500964
B1107364200679N00044149EA0084300963
B1107374200675N00044153EA0084100960
B1107384200672N00044157EA0083900958
B1107394200668N00044162EA0083700956
B1107404200665N00044167EA0083500954
B1107414200663N00044173EA0083400953
B1107424200661N00044179EA0083200951
B1107434200660N00044185EA0083100949
B1107444200659N00044191EA0082900947
B1107454200658N00044198EA0082700946
B1107464200658N00044204EA0082500944
B1107474200659N00044210EA0082300942
B1107484200660N00044216EA0082100940
B1107494200661N00044223EA0082000938
B1107504200662N00044229EA0081800937
B1107514200664N00044235EA0081700936
B1107524200666N00044241EA0081700935
B1107534200668N00044246EA0081700935
B1107544200671N00044250EA0081600935
B1107554200673N00044254EA0081600934
B1107564200676N00044259EA0081500933
B1107574200678N00044263EA0081400932
B1107584200681N00044268EA0081300932
B1107594200683N00044272EA0081200931
B1108004200686N00044275EA0081200930
B1108014200688N00044279EA0081000929
B1108024200691N00044284EA0080800927
B1108034200694N00044289EA0080600924
B1108044200697N00044295EA0080400922
B1108054200700N00044299EA0080400921
B1108064200702N00044302EA0080300920
B1108074200705N00044306EA0080200919
B1108084200708N00044310EA0080000917
B1108094200711N00044314EA0079800914
B1108104200713N00044319EA0079600912
B1108114200716N00044323EA0079400911
B1108124200719N00044327EA0079300909
B1108134200722N00044332EA0079100907
B1108144200724N00044337EA0078900906
B1108154200727N00044343EA0078900905
B1108164200729N00044347EA0079100907
B1108174200731N00044351EA0079200908
B1108184200733N00044355EA0079400910
B1108194200735N00044360EA0079400910
B1108204200737N00044365EA0079400910
B1108214200740N00044371EA0079400910
B1108224200743N00044376EA0079500911
B1108234200745N00044380EA0079600912
B1108244200748N00044385EA0079600913
B1108254200751N00044389EA0079600913
B1108264200754N00044394EA0079600912
B1108274200756N00044399EA0079400912
B1108284200757N00044405EA0079400911
B1108294200758N00044410EA0079300910
B1108304200759N00044415EA0079100908
B1108314200760N00044421EA0078900905
B1108324200760N00044428EA0078700904
B1108334200761N00044434EA0078600903
B1108344200762N00044440EA0078600903
B1108354200763N00044445EA0078600904
B1108364200764N00044449EA0078600904
B1108374200767N00044453EA0078600903
B1108384200771N00044456EA0078400901
B1108394200775N00044458EA0078200899
B1108404200780N00044459EA0078000897
B1108414200785N00044460EA0077800895
B1108424200790N00044458EA0077700894
B1108434200795N00044456EA0077600894
B1108444200799N00044453EA0077500892
B1108454200803N00044449EA0077400891
B1108464200808N00044445EA0077200890
B1108474200813N00044442EA0077100888
B1108484200817N00044438EA0077100888
B1108494200822N00044435EA0077000887
B1108504200826N00044432EA0077000886
B1108514200831N00044429EA0076800885
B1108524200836N00044426EA0076700883
B1108534200841N00044424EA0076500882
B1108544200846N00044422EA0076400881
B1108554200851N00044420EA0076400880
B1108564200856N00044418EA0076300879
B1108574200861N00044417EA0076200878
B1108584200866N00044415EA0076000876
B1108594200872N00044414EA0075800874
B1109004200877N00044412EA0075600872
B1109014200882N00044411EA0075600872
B1109024200886N00044409EA0075500871
B1109034200891N00044408EA0075400869
B1109044200897N00044406EA0075100866
B1109054200902N00044405EA0074800863
B1109064200908N00044404EA0074600861
B1109074200914N00044403EA0074500861
B1109084200919N00044401EA0074500860
B1109094200924N00044400EA0074500860
B1109104200930N00044399EA0074400860
B1109114200935N00044399EA0074300859
B1109124200940N00044398EA0074200857
B1109134200945N00044397EA0074100855
B1109144200950N00044397EA0074000854
B1109154200956N00044396EA0073800852
B1109164200961N00044397EA0073600851
B1109174200967N00044398EA0073500849
B1109184200972N00044399EA0073400848
B1109194200977N00044399EA0073300846
B1109204200982N00044399EA0073100845
B1109214200987N00044399EA0072900843
B1109224200992N00044400EA0072900842
B1109234200996N00044401EA0072900842
B1109244201000N00044401EA0072800841
B1109254201005N00044402EA0072700840
B1109264201010N00044402EA0072600839
B1109274201015N00044402EA0072600839
B1109284201020N00044403EA0072600839
B1109294201024N00044403EA0072600839
B1109304201029N00044403EA0072600839
B1109314201033N00044403EA0072500838
B1109324201038N00044403EA0072400837
B1109334201042N00044403EA0072400837
B1109344201047N00044404EA0072300836
B1109354201052N00044405EA0072200835
B1109364201057N00044407EA0072200834
B1109374201062N00044410EA0072100834
B1109384201066N00044411EA0072100833
B1109394201071N00044412EA0072200834
B1109404201076N00044413EA0072200834
B1109414201081N00044416EA0072200834
B1109424201086N00044421EA0072200834
B1109434201088N00044427EA0072300835
B1109444201089N00044433EA0072400837
B1109454201088N00044438EA0072700839
B1109464201087N00044443EA0072900841
B1109474201086N00044447EA0073000842
B1109484201083N00044451EA0073100843
B1109494201079N00044455EA0073000843
B1109504201074N00044456EA0073000843
B1109514201069N00044455EA0073100843
B1109524201065N00044452EA0073200845
B1109534201062N00044449EA0073500848
B1109544201059N00044447EA0073600850
B1109554201057N00044444EA0073700851
B1109564201053N00044441EA0073700850
B1109574201049N00044437EA0073600849
B1109584201044N00044433EA0073500848
B1109594201041N00044428EA0073600848
B1110004201037N00044423EA0073700849
B1110014201035N00044417EA0073800850
B1110024201032N00044411EA0073900851
B1110034201029N00044405EA0073900851
B1110044201026N00044402EA0073900852
B1110054201021N00044400EA0074000853
B1110064201017N00044400EA0074100853
B1110074201013N00044401EA0074100853
B1110084201009N00044401EA0074000853
B1110094201005N00044400EA0074000853
B1110104201001N00044399EA0074000852
B1110114200996N00044400EA0073900852
B1110124200992N00044401EA0073900851
B1110134200988N00044403EA0073800850
B1110144200984N00044404EA0073700848
B1110154200980N00044405EA0073500847
B1110164200976N00044406EA0073300845
B1110174200972N00044407EA0073200844
B1110184200968N00044408EA0073100843
B1110194200964N00044409EA0073100843
B1110204200961N00044410EA0073100843
B1110214200958N00044411EA0073000842
B1110224200954N00044411EA0072900840
B1110234200949N00044411EA0072700838
B1110244200945N00044411EA0072600837
B1110254200941N00044410EA0072500837
B1110264200938N00044409EA0072500837
B1110274200936N00044410EA0072400836
B1110284200933N00044412EA0072300835
B1110294200931N00044416EA0072100833
B1110304200930N00044421EA0071900830
B1110314200931N00044428EA0071700828
B1110324200935N00044434EA0071600827
B1110334200940N00044438EA0071500826
B1110344200945N00044440EA0071500825
B1110354200950N00044441EA0071400825
B1110364200956N00044442EA0071500825
B1110374200961N00044442EA0071500826
B1110384200967N00044442EA0071500826
B1110394200973N00044441EA0071400826
B1110404200979N00044440EA0071400825
B1110414200985N00044439EA0071300824
B1110424200990N00044439EA0071300824
B1110434200995N00044439EA0071400825
B1110444201001N00044438EA0071400824
B1110454201006N00044438EA0071300823
B1110464201012N00044438EA0071100822
B1110474201019N00044438EA0070900820
B1110484201025N00044439EA0071000821
B1110494201030N00044439EA0071200823
B1110504201034N00044440EA0071400825
B1110514201037N00044441EA0071600826
B1110524201042N00044441EA0071500825
B1110534201047N00044442EA0071200822
B1110544201054N00044441EA0071000820
B1110554201060N00044441EA0070900819
B1110564201066N00044441EA0071100820
B1110574201071N00044442EA0071200822
B1110584201076N00044445EA0071300823
B1110594201080N00044449EA0071300823
B1111004201084N00044453EA0071300823
B1111014201087N00044458EA0071300822
B1111024201089N00044463EA0071300822
B1111034201091N00044468EA0071200821
B1111044201092N00044474EA0071200820
B1111054201091N00044479EA0071100819
B1111064201090N00044484EA0071000818
B1111074201086N00044488EA0070800817
B1111084201082N00044490EA0070600815
B1111094201077N00044489EA0070300813
B1111104201073N00044487EA0070200811
B1111114201069N00044484EA0070100810
B1111124201066N00044481EA0070000809
B1111134201063N00044479EA0069800807
B1111144201060N00044477EA0069600805
B1111154201055N00044477EA0069400802
B1111164201051N00044479EA0069100799
B1111174201048N00044483EA0068900797
B1111184201046N00044488EA0068700796
B1111194201045N00044494EA0068500793
B1111204201047N00044500EA0068300790
B1111214201051N00044505EA0068000787
B1111224201056N00044509EA0067800785
B1111234201061N00044510EA0067700784
B1111244201066N00044510EA0067500783
B1111254201071N00044510EA0067400781
B1111264201075N00044512EA0067200779
B1111274201080N00044514EA0067000777
B1111284201084N00044518EA0066800774
B1111294201089N00044521EA0066600773
B1111304201093N00044524EA0066500771
B1111314201097N00044527EA0066400770
B1111324201100N00044531EA0066300769
B1111334201102N00044537EA0065900766
B1111344201102N00044544EA0065600763
B1111354201101N00044551EA0065400761
B1111364201099N00044556EA0065300760
B1111374201095N00044559EA0065200759
B1111384201090N00044559EA0065000757
B1111394201085N00044557EA0064800754
B1111404201081N00044553EA0064600752
B1111414201077N00044549EA0064500751
B1111424201074N00044545EA0064500750
B1111434201070N00044542EA0064500750
B1111444201066N00044541EA0064400749
B1111454201062N00044541EA0064200747
B1111464201056N00044543EA0064000745
B1111474201052N00044546EA0063800742
B1111484201048N00044551EA0063600740
B1111494201046N00044557EA0063500739
B1111504201045N00044562EA0063500738
B1111514201043N00044567EA0063500738
B1111524201042N00044572EA0063400738
B1111534201042N00044576EA0063400737
B1111544201042N00044579EA0062500735
B1111554201041N00044580EA0063100734
B1111564201041N00044582EA0063200734
B1111574201041N00044583EA0063200733
B1111584201041N00044583EA0063200732
B1111594201041N00044583EA0063200732
B1112004201041N00044583EA0063200732
B1112014201041N00044583EA0063200732
B1112024201041N00044583EA0063200732
B1112034201041N00044583EA0063200732
B1112044201041N00044583EA0063200732
B1112054201041N00044583EA0063200732
B1112064201041N00044583EA0063200732
B1112074201041N00044583EA0063200732
B1112084201041N00044582EA0063200733
B1112094201041N00044582EA0063200733
B1112104201040N00044581EA0063200733
B1112114201040N00044581EA0063200733
B1112124201040N00044581EA0063200733
B1112134201040N00044581EA0063200733
B1112144201040N00044580EA0063200733
B1112154201040N00044580EA0063100733
B1112164201040N00044581EA0063100733
B1112174201040N00044580EA0063200733
B1112184201040N00044581EA0063100733
B1112194201040N00044581EA0063200732
B1112204201040N00044581EA0063200732
B1112214201040N00044581EA0063100733
B1112224201040N00044581EA0063100733
B1112234201040N00044581EA0063100733
B1112244201040N00044581EA0063200733
B1112254201040N00044581EA0063100733
B1112264201040N00044581EA0063100733
B1112274201040N00044581EA0063100733
B1112284201040N00044581EA0063100733
B1112294201040N00044581EA0063100733
B1112304201040N00044581EA0063100734
B1112314201040N00044581EA0063100734
B1112324201040N00044581EA0063100734
B1112334201040N00044581EA0063100734
B1112344201040N00044581EA0063100734
B1112354201040N00044581EA0063100734
B1112364201040N00044581EA0063100734
B1112374201040N00044581EA0063100734
B1112384201040N00044581EA0063100734
B1112394201039N00044581EA0063100735
B1112404201039N00044582EA0063100735
B1112414201039N00044583EA0063100735
B1112424201039N00044583EA0063100735
B1112434201039N00044584EA0063100735
B1112444201039N00044585EA0063100735
B1112454201039N00044586EA0063100735
B1112464201039N00044586EA0063100735
B1112474201039N00044587EA0063100735
B1112484201039N00044588EA0063100735
B1112494201039N00044589EA0063100735
B1112504201039N00044590EA0063100735
B1112514201039N00044591EA0063100735
B1112524201039N00044592EA0063100736
B1112534201038N00044593EA0063100736
B1112544201038N00044593EA0063100735
B1112554201038N00044593EA0063100734
B1112564201038N00044593EA0063100735
B1112574201038N00044594EA0063100735
B1112584201038N00044595EA0063200735
B1112594201038N00044596EA0063200736
B1113004201037N00044596EA0063200735
B1113014201037N00044597EA0063200736
B1113024201037N00044598EA0063200736
B1113034201037N00044598EA0063200735
B1113044201037N00044599EA0063200734
B1113054201037N00044600EA0063200734
B1113064201036N00044601EA0063200734
B1113074201036N00044602EA0063100734
B1113084201036N00044602EA0063200734
B1113094201036N00044603EA0063100734
B1113104201036N00044604EA0063200734
B1113114201036N00044605EA0063200733
B1113124201035N00044606EA0063200734
B1113134201035N00044607EA0063100734
B1113144201035N00044608EA0063100733
B1113154201035N00044609EA0063100733
B1113164201035N00044609EA0063200733
B1113174201035N00044610EA0063200733
B1113184201035N00044611EA0063200733
B1113194201035N00044612EA0063200733
B1113204201035N00044613EA0063200733
B1113214201034N00044614EA0063200733
B1113224201034N00044615EA0063200733
B1113234201034N00044616EA0063100733
B1113244201034N00044617EA0063200733
B1113254201034N00044617EA0063200733
B1113264201034N00044618EA0063200733
B1113274201033N00044618EA0063200733
B1113284201033N00044618EA0063200733
B1113294201034N00044618EA0063200734
B1113304201034N00044618EA0063200734
B1113314201034N00044618EA0063200734
B1113324201034N00044618EA0063200734
B1113334201034N00044618EA0063200734
B1113344201034N00044618EA0063200734
B1113354201034N00044618EA0063200734
B1113364201034N00044618EA0063200735
B1113374201033N00044618EA0063200735
B1113384201033N00044618EA0063200735
B1113394201034N00044618EA0063200736
B1113404201034N00044618EA0063100736
B1113414201033N00044618EA0063100736
B1113424201033N00044618EA0063100737
B1113434201033N00044619EA0063200737
B1113444201033N00044619EA0063200737
B1113454201033N00044619EA0063100738
B1113464201033N00044619EA0063200738
B1113474201033N00044619EA0063100738
B1113484201033N00044619EA0063200738
B1113494201033N00044619EA0063200738
B1113504201033N00044619EA0063200738
B1113514201033N00044619EA0063100738
B1113524201032N00044620EA0063100738
B1113534201032N00044620EA0063200738
B1113544201032N00044620EA0063200738
B1113554201032N00044620EA0063200738
B1113564201032N00044620EA0063200738
B1113574201032N00044620EA0063100738
B1113584201032N00044620EA0063200738
B1113594201032N00044620EA0063200738
B1114004201032N00044620EA0063100737
B1114014201032N00044620EA0063100737
B1114024201032N00044620EA0063200737
B1114034201032N00044620EA0063100737
B1114044201033N00044620EA0063200737
B1114054201033N00044620EA0063200737
B1114064201032N00044620EA0063100737
B1114074201032N00044620EA0063100737
B1114084201032N00044619EA0063200737
B1114094201032N00044619EA0063100737
B1114104201033N00044619EA0063100737
B1114114201033N00044619EA0063100737
B1114124201033N00044619EA0063100737
B1114134201033N00044619EA0063100737
B1114144201033N00044619EA0063100738
B1114154201033N00044619EA0063200738
B1114164201033N00044619EA0063200738
B1114174201033N00044619EA0063100738
B1114184201033N00044619EA0063100738
B1114194201033N00044619EA0063100738
B1114204201033N00044619EA0063200738
B1114214201033N00044619EA0063200738
B1114224201033N00044619EA0063200737
B1114234201033N00044619EA0063100737
B1114244201033N00044619EA0063100737
B1114254201033N00044619EA0063200737
B1114264201033N00044619EA0063200736
B1114274201033N00044619EA0063200736
B1114284201033N00044619EA0063200736
B1114294201033N00044619EA0063200736
B1114304201033N00044619EA0063200735
B1114314201033N00044619EA0063100735
B1114324201033N00044619EA0063100735
B1114334201034N00044619EA0063100735
B1114344201034N00044619EA0063100735
B1114354201034N00044619EA0063100735
B1114364201034N00044619EA0063100735
B1114374201034N00044619EA0063100734
B1114384201034N00044619EA0063100735
B1114394201034N00044619EA0063200735
B1114404201034N00044619EA0063200735
B1114414201034N00044619EA0063200735
B1114424201034N00044619EA0063200735
B1114434201034N00044619EA0063200735
B1114444201034N00044619EA0063200736
B1114454201034N00044620EA0063200736
B1114464201034N00044620EA0063200736
B1114474201034N00044619EA0063200736
B1114484201034N00044619EA0063200736
B1114494201034N00044619EA0063200736
B1114504201034N00044619EA0063200736
B1114514201034N00044619EA0063100736
B1114524201034N00044618EA0063200736
B1114534201034N00044618EA0063200736
B1114544201034N00044618EA0063200736
B1114554201034N00044618EA0063200735
B1114564201034N00044618EA0063200735
B1114574201034N00044618EA0063200735
B1114584201034N00044618EA0063200734
B1114594201034N00044618EA0063200734
B1115004201034N00044618EA0063200734
B1115014201034N00044617EA0063200734
B1115024201034N00044617EA0063200734
B1115034201034N00044617EA0063200734
B1115044201034N00044617EA0063200734
B1115054201034N00044617EA0063200734
B1115064201034N00044617EA0063200734
B1115074201034N00044617EA0063200733
B1115084201034N00044617EA0063200733
B1115094201034N00044617EA0063200733
B1115104201034N00044617EA0063200733
B1115114201034N00044617EA0063200733
B1115124201034N00044617EA0063200733
B1115134201034N00044617EA0063200733
B1115144201034N00044617EA0063200732
B1115154201034N00044617EA0063200732
B1115164201034N00044617EA0063200732
B1115174201034N00044617EA0063200732
B1115184201034N00044617EA0063200732
B1115194201034N00044617EA0063200731
B1115204201034N00044617EA0063200731
B1115214201034N00044617EA0063200731
B1115224201034N00044617EA0063200731
B1115234201034N00044617EA0063200731
B1115244201034N00044617EA0063200731
B1115254201033N00044617EA0063200731
B1115264201033N00044617EA0063200731
B1115274201033N00044617EA0063200731
B1115284201033N00044617EA0063200730
B1115294201033N00044617EA0063200730
B1115304201033N00044617EA0063200730
B1115314201033N00044617EA0063200730
B1115324201033N00044617EA0063200730
B1115334201033N00044617EA0063200730
B1115344201033N00044617EA0063200730
B1115354201033N00044617EA0063200730
B1115364201033N00044617EA0063200730
B1115374201033N00044617EA0063200730
B1115384201033N00044617EA0063200729
B1115394201033N00044617EA0063200729
B1115404201033N00044617EA0063200729
B1115414201033N00044617EA0063200729
B1115424201033N00044617EA0063200729
B1115434201033N00044617EA0063200729
B1115444201033N00044617EA0063200729
B1115454201033N00044617EA0063200729
B1115464201033N00044617EA0063200729
B1115474201033N00044617EA0063100729
B1115484201033N00044617EA0063200729
B1115494201033N00044617EA0063100729
B1115504201033N00044617EA0063100729
B1115514201033N00044617EA0063200729
B1115524201033N00044617EA0063100729
B1115534201033N00044617EA0063200729
B1115544201033N00044617EA0063200729
B1115554201033N00044617EA0063100729
B1115564201033N00044617EA0063200729
B1115574201033N00044617EA0063200729
B1115584201033N00044617EA0063200729
B1115594201033N00044617EA0063200729
B1116004201033N00044617EA0063200729
B1116014201033N00044617EA0063200729
B1116024201033N00044618EA0063200729
B1116034201033N00044618EA0063200729
B1116044201033N00044618EA0063200729
B1116054201033N00044618EA0063200729
B1116064201033N00044618EA0063200729
B1116074201033N00044618EA0063200729
B1116084201033N00044618EA0063200729
B1116094201033N00044618EA0063200729
B1116104201033N00044618EA0063200728
B1116114201033N00044618EA0063200728
B1116124201033N00044618EA0063200728
B1116134201033N00044618EA0063200728
B1116144201033N00044618EA0063200728
B1116154201033N00044618EA0063200728
B1116164201033N00044618EA0063200728
B1116174201033N00044618EA0063200728
B1116184201033N00044618EA0063200728
B1116194201033N00044618EA0063200728
B1116204201033N00044618EA0063200728
B1116214201033N00044618EA0063200728
B1116224201033N00044618EA0063200728
B1116234201033N00044618EA0063200728
B1116244201033N00044618EA0063200728
B1116254201033N00044618EA0063200728
B1116264201033N00044618EA0063100729
B1116274201033N00044618EA0063100729
B1116284201033N00044618EA0063200729
B1116294201033N00044618EA0063100729
B1116304201033N00044618EA0063200729
B1116314201033N00044618EA0063200729
B1116324201033N00044618EA0063200729
B1116334201033N00044618EA0063200729
B1116344201033N00044618EA0063200729
B1116354201033N00044618EA0063200729
B1116364201033N00044618EA0063100729
B1116374201033N00044618EA0063200729
B1116384201033N00044618EA0063200729
B1116394201033N00044618EA0063200729
B1116404201033N00044618EA0063200729
B1116414201033N00044618EA0063200729
B1116424201034N00044618EA0063200729
B1116434201034N00044618EA0063200729
B1116444201034N00044618EA0063200729
B1116454201034N00044618EA0063200729
B1116464201034N00044618EA0063200729
B1116474201034N00044618EA0063200729
B1116484201034N00044618EA0063200729
B1116494201034N00044618EA0063200729
B1116504201034N00044618EA0063200729
B1116514201034N00044618EA0063200729
B1116524201034N00044618EA0063200729
B1116534201034N00044618EA0063200729
B1116544201034N00044617EA0063200729
B1116554201034N00044617EA0063200729
B1116564201034N00044617EA0063200729
B1116574201034N00044617EA0063200729
B1116584201034N00044617EA0063200729
B1116594201034N00044617EA0063200729
B1117004201034N00044617EA0063200729
B1117014201034N00044617EA0063200729
B1117024201034N00044617EA0063200729
B1117034201034N00044617EA0063200729
B1117044201034N00044617EA0063200729
B1117054201034N00044617EA0063200729
B1117064201034N00044617EA0063200729
B1117074201034N00044617EA0063200729
B1117084201034N00044617EA0063200729
B1117094201034N00044617EA0063200728
B1117104201034N00044617EA0063200728
B1117114201034N00044618EA0063200728
B1117124201034N00044618EA0063200728
B1117134201034N00044618EA0063200728
B1117144201034N00044618EA0063200728
B1117154201034N00044618EA0063200728
B1117164201034N00044618EA0063200728
B1117174201034N00044618EA0063200728
B1117184201034N00044618EA0063200728
B1117194201034N00044618EA0063200728
B1117204201034N00044618EA0063100728
B1117214201034N00044618EA0063200728
B1117224201034N00044618EA0063200728
B1117234201034N00044618EA0063200728
B1117244201034N00044618EA0063100728
B1117254201034N00044618EA0063200728
B1117264201034N00044618EA0063200728
B1117274201034N00044618EA0063200729
B1117284201034N00044617EA0063100729
B1117294201034N00044617EA0063100729
B1117304201034N00044617EA0063100729
B1117314201034N00044617EA0063100729
B1117324201034N00044617EA0063200729
B1117334201034N00044617EA0063200729
B1117344201034N00044617EA0063200729
B1117354201034N00044617EA0063200729
B1117364201034N00044617EA0063200729
B1117374201034N00044617EA0063200729
B1117384201034N00044617EA0063200729
B1117394201034N00044617EA0063200729
B1117404201034N00044617EA0063200730
B1117414201034N00044617EA0063200730
B1117424201034N00044617EA0063200730
B1117434201034N00044617EA0063100730
B1117444201034N00044617EA0063200730
B1117454201034N00044617EA0063200730
B1117464201034N00044617EA0063200730
B1117474201034N00044617EA0063200730
B1117484201035N00044617EA0063200730
B1117494201035N00044617EA0063200730
B1117504201035N00044617EA0063200730
B1117514201035N00044617EA0063200730
B1117524201035N00044617EA0063200730
B1117534201035N00044617EA0063200730
B1117544201035N00044617EA0063100730
B1117554201035N00044618EA0063200730
B1117564201035N00044618EA0063200730
B1117574201035N00044618EA0063200730
B1117584201035N00044618EA0063200730
B1117594201035N00044618EA0063100730
B1118004201035N00044618EA0063100729
B1118014201035N00044618EA0063200729
B1118024201035N00044618EA0063200729
B1118034201035N00044618EA0063200729
B1118044201035N00044618EA0063200729
B1118054201035N00044618EA0063200729
B1118064201035N00044618EA0063200729
B1118074201035N00044618EA0063200729
B1118084201035N00044618EA0063200729
B1118094201035N00044618EA0063200728
B1118104201035N00044618EA0063200728
B1118114201035N00044618EA0063200728
B1118124201035N00044618EA0063200728
B1118134201035N00044618EA0063200728
B1118144201035N00044618EA0063200728
B1118154201035N00044618EA0063200728
B1118164201035N00044618EA0063200728
B1118174201035N00044618EA0063200728
B1118184201035N00044618EA0063200728
B1118194201035N00044618EA0063200728
B1118204201035N00044618EA0063200729
B1118214201035N00044618EA0063200729
B1118224201035N00044618EA0063200729
B1118234201035N00044618EA0063200729
B1118244201035N00044618EA0063200729
B1118254201035N00044618EA0063200729
B1118264201035N00044617EA0063200729
B1118274201035N00044617EA0063200729
B1118284201035N00044617EA0063200730
B1118294201035N00044617EA0063200730
B1118304201035N00044617EA0063200730
B1118314201035N00044617EA0063200730
B1118324201035N00044617EA0063200730
B1118334201035N00044617EA0063200730
B1118344201035N00044617EA0063200730
B1118354201035N00044617EA0063200730
B1118364201035N00044617EA0063200730
B1118374201035N00044617EA0063200730
B1118384201035N00044617EA0063200730
B1118394201035N00044617EA0063200730
B1118404201035N00044617EA0063200730
B1118414201035N00044617EA0063200730
B1118424201035N00044617EA0063200730
B1118434201035N00044617EA0063200730
B1118444201035N00044617EA0063200730
B1118454201035N00044617EA0063200730
B1118464201035N00044617EA0063200730
B1118474201035N00044617EA0063200731
B1118484201035N00044617EA0063200731
B1118494201035N00044617EA0063200731
B1118504201035N00044617EA0063200731
B1118514201035N00044617EA0063200731
B1118524201035N00044617EA0063200731
B1118534201035N00044617EA0063200731
B1118544201035N00044617EA0063200731
B1118554201035N00044617EA0063200731
B1118564201035N00044617EA0063200731
B1118574201035N00044617EA0063200731
B1118584201035N00044617EA0063200731
B1118594201035N00044617EA0063200731
B1119004201035N00044617EA0063200730
B1119014201035N00044618EA0063200730
B1119024201035N00044618EA0063200730
B1119034201035N00044618EA0063200730
B1119044201035N00044618EA0063200730
B1119054201035N00044618EA0063200730
B1119064201035N00044618EA0063200730
B1119074201035N00044618EA0063200730
B1119084201035N00044618EA0063200730
B1119094201035N00044618EA0063200730
B1119104201035N00044618EA0063200730
B1119114201035N00044618EA0063200730
B1119124201035N00044618EA0063200730
B1119134201035N00044618EA0063200730
B1119144201035N00044618EA0063200730
B1119154201035N00044618EA0063200730
B1119164201035N00044618EA0063200731
B1119174201035N00044618EA0063200731
B1119184201035N00044618EA0063200731
B1119194201035N00044618EA0063200731
B1119204201035N00044618EA0063200731
B1119214201035N00044617EA0063200731
B1119224201035N00044617EA0063200731
B1119234201035N00044617EA0063200731
B1119244201035N00044617EA0063200731
B1119254201035N00044617EA0063200731
B1119264201035N00044617EA0063200731
B1119274201035N00044617EA0063200731
B1119284201035N00044617EA0063200731
B1119294201035N00044617EA0063200731
B1119304201035N00044617EA0063200731
B1119314201035N00044617EA0063200731
B1119324201035N00044617EA0063200731
B1119334201035N00044617EA0063200731
B1119344201035N00044617EA0063200731
B1119354201035N00044617EA0063200731
B1119364201035N00044617EA0063200731
B1119374201035N00044617EA0063200731
B1119384201035N00044617EA0063200731
B1119394201035N00044617EA0063200731
B1119404201035N00044617EA0063200731
B1119414201035N00044617EA0063200731
B1119424201035N00044617EA0063200731
B1119434201035N00044617EA0063200731
B1119444201035N00044617EA0063200731
B1119454201035N00044617EA0063200731
B1119464201035N00044617EA0063200731
B1119474201035N00044617EA0063200731
B1119484201035N00044617EA0063200731
B1119494201035N00044617EA0063200731
B1119504201035N00044617EA0063200731
B1119514201035N00044617EA0063200731
B1119524201035N00044617EA0063200731
B1119534201035N00044617EA0063200731
B1119544201035N00044617EA0063200731
B1119554201035N00044617EA0063200731
B1119564201035N00044617EA0063200731
B1119574201035N00044617EA0063200731
B1119584201035N00044617EA0063200731
B1119594201035N00044617EA0063200731
B1120004201035N00044617EA0063200731
B1120014201035N00044617EA0063200731
B1120024201035N00044617EA0063200731
B1120034201035N00044617EA0063200731
B1120044201035N00044617EA0063200731
B1120054201035N00044617EA0063200731
B1120064201035N00044617EA0063200731
B1120074201035N00044618EA0063200731
B1120084201035N00044618EA0063200731
B1120094201035N00044618EA0063200731
B1120104201035N00044618EA0063200730
B1120114201035N00044618EA0063200730
B1120124201035N00044618EA0063200731
B1120134201035N00044618EA0063200731
B1120144201035N00044618EA0063200731
B1120154201035N00044618EA0063200731
B1120164201035N00044618EA0063200730
B1120174201035N00044618EA0063200730
B1120184201035N00044618EA0063200730
B1120194201035N00044618EA0063200730
B1120204201035N00044618EA0063200730
B1120214201035N00044618EA0063200730
B1120224201035N00044618EA0063200730
B1120234201035N00044618EA0063200730
B1120244201035N00044618EA0063200730
B1120254201035N00044618EA0063200730
B1120264201035N00044618EA0063200730
B1120274201035N00044618EA0063200730
B1120284201035N00044618EA0063200730
B1120294201035N00044618EA0063200730
B1120304201035N00044618EA0063200730
B1120314201035N00044618EA0063200731
B1120324201035N00044618EA0063200731
B1120334201035N00044618EA0063200731
B1120344201035N00044618EA0063200731
B1120354201035N00044618EA0063200731
B1120364201035N00044618EA0063200731
B1120374201035N00044618EA0063200731
B1120384201035N00044618EA0063200732
B1120394201035N00044618EA0063200732
B1120404201035N00044618EA0063200732
B1120414201035N00044618EA0063200732
B1120424201035N00044618EA0063200732
B1120434201035N00044618EA0063200732
B1120444201035N00044618EA0063200732
B1120454201035N00044618EA0063200733
B1120464201035N00044618EA0063200733
B1120474201035N00044618EA0063200733
B1120484201035N00044618EA0063200733
B1120494201035N00044618EA0063200733
B1120504201035N00044618EA0063200733
B1120514201035N00044618EA0063200732
B1120524201035N00044618EA0063200732
B1120534201035N00044618EA0063200732
B1120544201035N00044618EA0063200732
B1120554201035N00044618EA0063200732
B1120564201034N00044618EA0063200732
B1120574201034N00044618EA0063200732
B1120584201034N00044618EA0063200732
B1120594201034N00044618EA0063200732
B1121004201034N00044618EA0063200732
B1121014201034N00044618EA0063200732
B1121024201034N00044618EA0063200732
B1121034201034N00044618EA0063200732
B1121044201034N00044618EA0063200732
B1121054201034N00044618EA0063200732
B1121064201034N00044618EA0063200732
B1121074201034N00044618EA0063200732
B1121084201034N00044618EA0063200732
B1121094201034N00044617EA0063200732
B1121104201034N00044617EA0063200732
B1121114201034N00044617EA0063200732
B1121124201034N00044617EA0063200732
B1121134201034N00044617EA0063200731
B1121144201034N00044617EA0063200731
B1121154201034N00044617EA0063200731
B1121164201034N00044617EA0063200731
B1121174201034N00044617EA0063200731
B1121184201034N00044617EA0063200731
B1121194201034N00044617EA0063200731
B1121204201034N00044617EA0063200731
B1121214201034N00044617EA0063200731
B1121224201034N00044617EA0063200731
B1121234201034N00044617EA0063200731
B1121244201034N00044617EA0063200731
B1121254201034N00044618EA0063200731
B1121264201034N00044618EA0063200731
B1121274201034N00044618EA0063200731
B1121284201034N00044618EA0063200731
B1121294201034N00044618EA0063200731
B1121304201034N00044618EA0063200731
B1121314201034N00044618EA0063200731
B1121324201034N00044618EA0063200731
B1121334201034N00044618EA0063200731
B1121344201034N00044617EA0063200731
B1121354201034N00044617EA0063200731
B1121364201034N00044617EA0063200731
B1121374201034N00044617EA0063200731
B1121384201034N00044617EA0063200731
B1121394201034N00044617EA0063200731
B1121404201034N00044617EA0063200731
B1121414201034N00044617EA0063200731
B1121424201034N00044617EA0063200732
B1121434201034N00044617EA0063200732
B1121444201034N00044617EA0063200732
B1121454201034N00044617EA0063200732
B1121464201034N00044617EA0063200732
B1121474201034N00044617EA0063200732
B1121484201034N00044617EA0063200732
B1121494201034N00044617EA0063200733
B1121504201034N00044617EA0063200733
B1121514201034N00044617EA0063200733
B1121524201034N00044617EA0063200733
B1121534201034N00044617EA0063200733
B1121544201034N00044617EA0063200733
B1121554201034N00044618EA0063200733
B1121564201034N00044618EA0063200733
B1121574201034N00044618EA0063200733
B1121584201034N00044618EA0063200733
B1121594201034N00044618EA0063200733
B1122004201034N00044618EA0063200733
B1122014201034N00044618EA0063200733
B1122024201034N00044618EA0063200733
B1122034201034N00044618EA0063200733
B1122044201034N00044618EA0063200732
B1122054201034N00044618EA0063200732
B1122064201034N00044618EA0063200732
B1122074201034N00044618EA0063200733
B1122084201034N00044618EA0063200733
B1122094201034N00044618EA0063200733
B1122104201034N00044618EA0063200733
B1122114201034N00044618EA0063200733
B1122124201034N00044618EA0063200733
B1122134201034N00044618EA0063200733
B1122144201034N00044618EA0063200734
B1122154201034N00044618EA0063200733
B1122164201034N00044618EA0063200733
B1122174201034N00044618EA0063200733
B1122184201034N00044618EA0063200733
B1122194201034N00044618EA0063200733
B1122204201034N00044618EA0063200733
B1122214201034N00044618EA0063200733
B1122224201034N00044618EA0063200733
B1122234201034N00044618EA0063200733
B1122244201034N00044618EA0063200733
B1122254201034N00044618EA0063200733
B1122264201034N00044618EA0063200733
B1122274201034N00044618EA0063200733
B1122284201034N00044618EA0063200733
B1122294201035N00044618EA0063200733
B1122304201035N00044618EA0063200733
B1122314201035N00044618EA0063200733
B1122324201035N00044618EA0063200733
B1122334201035N00044618EA0063200733
B1122344201035N00044618EA0063200733
B1122354201035N00044618EA0063200733
B1122364201035N00044618EA0063200733
B1122374201035N00044618EA0063200733
B1122384201035N00044618EA0063200733
B1122394201035N00044618EA0063200734
B1122404201035N00044618EA0063200734
B1122414201035N00044618EA0063200734
B1122424201034N00044618EA0063200733
B1122434201034N00044618EA0063200733
B1122444201034N00044618EA0063200733
B1122454201034N00044618EA0063200733
B1122464201034N00044618EA0063200733
B1122474201034N00044618EA0063200733
B1122484201034N00044618EA0063200733
B1122494201034N00044618EA0063200733
B1122504201034N00044618EA0063200733
B1122514201034N00044618EA0063200733
B1122524201034N00044618EA0063200732
B1122534201034N00044618EA0063200732
B1122544201034N00044618EA0063200732
B1122554201034N00044618EA0063100732
B1122564201034N00044618EA0063200732
B1122574201034N00044618EA0063200732
B1122584201034N00044618EA0063200732
B1122594201034N00044618EA0063200732
B1123004201034N00044618EA0063100732
B1123014201034N00044618EA0063200732
B1123024201034N00044618EA0063200732
B1123034201034N00044618EA0063200732
B1123044201034N00044618EA0063200732
B1123054201034N00044618EA0063200732
B1123064201034N00044618EA0063200732
B1123074201034N00044618EA0063200732
B1123084201034N00044618EA0063200732
B1123094201034N00044618EA0063200732
B1123104201034N00044618EA0063200732
B1123114201034N00044618EA0063200732
B1123124201034N00044618EA0063200732
B1123134201034N00044618EA0063200732
B1123144201034N00044618EA0063200732
B1123154201034N00044618EA0063200732
B1123164201034N00044618EA0063200732
B1123174201034N00044618EA0063200732
B1123184201034N00044618EA0063200732
B1123194201034N00044618EA0063200732
B1123204201034N00044618EA0063200732
B1123214201034N00044618EA0063200732
B1123224201034N00044618EA0063200732
B1123234201034N00044618EA0063200732
B1123244201034N00044618EA0063200732
B1123254201034N00044618EA0063200732
B1123264201034N00044618EA0063200732
B1123274201034N00044618EA0063200732
B1123284201034N00044618EA0063200732
B1123294201034N00044618EA0063200732
B1123304201034N00044618EA0063200732
B1123314201034N00044618EA0063200732
B1123324201034N00044618EA0063200733
B1123334201034N00044618EA0063200733
B1123344201034N00044618EA0063200733
B1123354201034N00044618EA0063200733
B1123364201034N00044618EA0063200733
B1123374201034N00044618EA0063200733
B1123384201034N00044618EA0063200733
B1123394201034N00044618EA0063200733
B1123404201034N00044618EA0063200733
B1123414201034N00044618EA0063200733
B1123424201034N00044618EA0063200733
B1123434201034N00044618EA0063200733
B1123444201034N00044618EA0063200734
B1123454201034N00044618EA0063200734
B1123464201034N00044618EA0063200734
B1123474201034N00044618EA0063200734
B1123484201034N00044618EA0063200734
B1123494201034N00044618EA0063200734
B1123504201034N00044618EA0063200734
B1123514201034N00044618EA0063200734
B1123524201034N00044618EA0063200734
B1123534201034N00044618EA0063200734
B1123544201034N00044618EA0063200734
B1123554201034N00044618EA0063200734
B1123564201034N00044618EA0063200734
B1123574201034N00044618EA0063200734
B1123584201034N00044618EA0063200733
B1123594201035N00044618EA0063200733
B1124004201035N00044618EA0063200733
B1124014201035N00044618EA0063200733
B1124024201035N00044618EA0063200733
B1124034201035N00044618EA0063200733
B1124044201035N00044618EA0063200733
B1124054201035N00044618EA0063200733
B1124064201035N00044618EA0063200733
B1124074201035N00044618EA0063200733
B1124084201035N00044618EA0063200733
B1124094201035N00044618EA0063200733
B1124104201035N00044618EA0063200733
B1124114201035N00044618EA0063200733
B1124124201035N00044618EA0063200733
B1124134201035N00044618EA0063200733
B1124144201035N00044618EA0063200733
B1124154201035N00044618EA0063200733
B1124164201035N00044618EA0063200733
B1124174201035N00044618EA0063200733
B1124184201035N00044618EA0063200733
B1124194201035N00044618EA0063200733
B1124204201035N00044618EA0063200733
B1124214201035N00044618EA0063200733
B1124224201035N00044618EA0063200733
B1124234201035N00044618EA0063200733
B1124244201035N00044618EA0063200733
B1124254201035N00044618EA0063200732
B1124264201035N00044618EA0063200732
B1124274201035N00044618EA0063200732
B1124284201035N00044618EA0063200732
B1124294201035N00044618EA0063200732
B1124304201035N00044618EA0063200732
B1124314201035N00044618EA0063200732
B1124324201035N00044618EA0063200732
B1124334201035N00044618EA0063200733
B1124344201035N00044618EA0063200733
B1124354201035N00044618EA0063200733
B1124364201035N00044618EA0063200733
B1124374201035N00044618EA0063200733
B1124384201035N00044618EA0063200733
B1124394201035N00044618EA0063200733
B1124404201035N00044618EA0063200733
B1124414201035N00044618EA0063200733
B1124424201035N00044618EA0063200733
B1124434201035N00044618EA0063200733
B1124444201035N00044618EA0063200733
B1124454201035N00044618EA0063200733
B1124464201035N00044618EA0063200733
B1124474201035N00044618EA0063200733
B1124484201035N00044618EA0063200733
B1124494201035N00044618EA0063200734
B1124504201035N00044618EA0063200734
B1124514201035N00044618EA0063200734
B1124524201035N00044618EA0063200734
B1124534201035N00044618EA0063200734
B1124544201035N00044618EA0063200734
B1124554201035N00044618EA0063200734
B1124564201035N00044618EA0063200734
B1124574201035N00044618EA0063200734
B1124584201035N00044618EA0063200734
B1124594201035N00044618EA0063200734
B1125004201035N00044618EA0063200734
B1125014201035N00044618EA0063200734
B1125024201035N00044618EA0063200734
B1125034201035N00044618EA0063200734
B1125044201035N00044618EA0063200733
B1125054201035N00044618EA0063200733
B1125064201035N00044618EA0063200734
B1125074201035N00044618EA0063200734
B1125084201035N00044618EA0063200733
B1125094201035N00044618EA0063200733
B1125104201035N00044618EA0063200734
B1125114201035N00044618EA0063200734
B1125124201035N00044618EA0063200733
B1125134201035N00044618EA0063200733
B1125144201035N00044618EA0063200733
B1125154201035N00044618EA0063200733
B1125164201035N00044618EA0063200733
B1125174201035N00044618EA0063200733
B1125184201035N00044618EA0063200733
B1125194201035N00044618EA0063200733
B1125204201035N00044618EA0063200733
B1125214201035N00044618EA0063200733
B1125224201035N00044618EA0063200733
B1125234201035N00044618EA0063200733
B1125244201035N00044618EA0063200733
B1125254201035N00044618EA0063200733
B1125264201035N00044618EA0063200733
B1125274201035N00044618EA0063200733
B1125284201034N00044618EA0063200733
B1125294201034N00044618EA0063200733
B1125304201034N00044618EA0063200733
B1125314201034N00044618EA0063200733
B1125324201034N00044618EA0063200733
B1125334201034N00044618EA0063200733
B1125344201034N00044618EA0063200733
B1125354201034N00044618EA0063200733
B1125364201034N00044618EA0063200733
B1125374201034N00044618EA0063200733
B1125384201034N00044618EA0063200733
B1125394201034N00044618EA0063200733
B1125404201035N00044618EA0063200733
B1125414201035N00044618EA0063200732
B1125424201035N00044618EA0063200732
B1125434201035N00044618EA0063200732
B1125444201035N00044618EA0063200732
B1125454201035N00044618EA0063200732
B1125464201035N00044618EA0063200732
B1125474201035N00044618EA0063200732
B1125484201035N00044618EA0063200732
B1125494201035N00044618EA0063200732
B1125504201035N00044618EA0063200732
B1125514201035N00044618EA0063200732
B1125524201035N00044618EA0063200732
B1125534201035N00044618EA0063200732
B1125544201035N00044618EA0063200732
B1125554201035N00044618EA0063200733
B1125564201035N00044618EA0063200733
B1125574201035N00044618EA0063200733
B1125584201035N00044618EA0063200733
B1125594201035N00044618EA0063200733
B1126004201035N00044618EA0063200733
B1126014201035N00044618EA0063200733
B1126024201035N00044618EA0063200733
B1126034201035N00044618EA0063200734
B1126044201035N00044618EA0063200734
B1126054201035N00044618EA0063200734
B1126064201035N00044617EA0063200734
B1126074201035N00044617EA0063200734
B1126084201035N00044617EA0063200734
B1126094201035N00044617EA0063200734
B1126104201035N00044617EA0063200734
B1126114201035N00044617EA0063300734
B1126124201035N00044617EA0063200734
B1126134201035N00044617EA0063200734
B1126144201035N00044617EA0063200734
B1126154201035N00044617EA0063200734
B1126164201035N00044617EA0063200734
B1126174201035N00044617EA0063200734
B1126184201035N00044617EA0063200734
B1126194201035N00044617EA0063200734
B1126204201035N00044617EA0063200734
B1126214201035N00044617EA0063200734
B1126224201035N00044617EA0063200735
B1126234201035N00044617EA0063200735
B1126244201035N00044617EA0063200735
B1126254201034N00044617EA0063200735
B1126264201034N00044617EA0063200735
B1126274201034N00044617EA0063200735
B1126284201034N00044617EA0063200736
B1126294201034N00044617EA0063200736
B1126304201034N00044617EA0063200736
B1126314201034N00044617EA0063200736
B1126324201034N00044617EA0063200736
B1126334201034N00044617EA0063200736
B1126344201034N00044618EA0063200736
B1126354201034N00044618EA0063200736
B1126364201034N00044618EA0063200736
B1126374201034N00044618EA0063200736
B1126384201034N00044618EA0063200736
B1126394201034N00044618EA0063200736
B1126404201034N00044618EA0063200736
B1126414201034N00044618EA0063300736
B1126424201034N00044618EA0063300736
B1126434201034N00044618EA0063300736
B1126444201034N00044618EA0063200736
B1126454201034N00044618EA0063200736
B1126464201034N00044618EA0063300736
B1126474201034N00044618EA0063300736
B1126484201034N00044618EA0063300736
B1126494201034N00044618EA0063300736
B1126504201034N00044618EA0063300736
B1126514201034N00044618EA0063300736
B1126524201034N00044618EA0063300736
B1126534201034N00044617EA0063300736
B1126544201034N00044617EA0063300736
B1126554201034N00044617EA0063200736
B1126564201034N00044617EA0063200736
B1126574201034N00044617EA0063300736
B1126584201034N00044617EA0063300736
B1126594201034N00044618EA0063300736
B1127004201034N00044618EA0063300736
B1127014201034N00044618EA0063300736
B1127024201034N00044618EA0063300736
B1127034201034N00044618EA0063300736
B1127044201034N00044617EA0063300736
B1127054201034N00044617EA0063300736
B1127064201034N00044617EA0063300736
B1127074201034N00044617EA0063300736
B1127084201034N00044617EA0063300736
B1127094201034N00044617EA0063300736
B1127104201034N00044617EA0063300736
B1127114201034N00044617EA0063300736
B1127124201034N00044617EA0063300736
B1127134201034N00044617EA0063300736
B1127144201034N00044617EA0063300736
B1127154201034N00044617EA0063300736
B1127164201034N00044617EA0063300736
B1127174201034N00044617EA0063300736
B1127184201034N00044617EA0063300736
B1127194201034N00044617EA0063300736
B1127204201034N00044617EA0063300737
B1127214201034N00044617EA0063300737
B1127224201034N00044617EA0063300736
B1127234201034N00044617EA0063300736
B1127244201034N00044617EA0063300736
B1127254201034N00044617EA0063300736
B1127264201034N00044617EA0063300736
B1127274201034N00044617EA0063300736
B1127284201034N00044617EA0063300736
B1127294201034N00044617EA0063300736
B1127304201034N00044617EA0063300736
B1127314201034N00044617EA0063300735
B1127324201034N00044617EA0063300735
B1127334201034N00044617EA0063300735
B1127344201034N00044617EA0063300735
B1127354201034N00044617EA0063300735
B1127364201034N00044617EA0063300735
B1127374201034N00044617EA0063300735
B1127384201034N00044617EA0063300735
B1127394201034N00044617EA0063300735
B1127404201034N00044617EA0063300735
B1127414201034N00044617EA0063300735
B1127424201034N00044617EA0063300735
B1127434201034N00044617EA0063300734
B1127444201034N00044617EA0063300734
B1127454201034N00044617EA0063300734
B1127464201034N00044617EA0063300734
B1127474201034N00044617EA0063300734
B1127484201034N00044617EA0063300735
B1127494201034N00044617EA0063300735
B1127504201034N00044617EA0063300735
B1127514201034N00044617EA0063300735
B1127524201034N00044617EA0063300735
B1127534201034N00044617EA0063300735
B1127544201034N00044617EA0063300735
B1127554201034N00044617EA0063300735
B1127564201034N00044617EA0063300735
B1127574201034N00044617EA0063300735
B1127584201034N00044617EA0063300735
B1127594201034N00044617EA0063300735
B1128004201034N00044617EA0063300736
B1128014201034N00044618EA0063300736
B1128024201034N00044618EA0063300736
B1128034201034N00044618EA0063300736
B1128044201034N00044618EA0063300736
B1128054201034N00044618EA0063300736
B1128064201034N00044618EA0063300736
B1128074201034N00044618EA0063300736
B1128084201034N00044618EA0063300736
B1128094201034N00044617EA0063300736
B1128104201034N00044617EA0063300737
B1128114201034N00044617EA0063300737
B1128124201034N00044617EA0063300737
B1128134201034N00044617EA0063300737
B1128144201034N00044617EA0063300737
B1128154201034N00044617EA0063300737
B1128164201034N00044617EA0063300737
B1128174201034N00044617EA0063300737
B1128184201034N00044617EA0063300737
B1128194201034N00044617EA0063300737
B1128204201034N00044617EA0063300737
B1128214201034N00044617EA0063300737
B1128224201034N00044617EA0063300737
B1128234201034N00044617EA0063300737
B1128244201034N00044617EA0063300737
B1128254201034N00044617EA0063300736
B1128264201034N00044617EA0063300736
B1128274201034N00044617EA0063300736
B1128284201034N00044617EA0063300736
B1128294201034N00044617EA0063300736
B1128304201034N00044617EA0063200736
B1128314201034N00044617EA0063200736
B1128324201034N00044617EA0063300736
B1128334201034N00044617EA0063300736
B1128344201034N00044617EA0063300736
B1128354201034N00044617EA0063300736
B1128364201034N00044617EA0063300736
B1128374201034N00044617EA0063300736
B1128384201034N00044617EA0063200736
B1128394201034N00044617EA0063200736
B1128404201034N00044617EA0063200736
B1128414201034N00044617EA0063200736
B1128424201034N00044617EA0063200736
B1128434201034N00044618EA0063300736
B1128444201034N00044618EA0063200736
B1128454201034N00044618EA0063200736
B1128464201034N00044618EA0063200735
B1128474201034N00044618EA0063200735
B1128484201034N00044618EA0063300735
B1128494201034N00044618EA0063200735
B1128504201034N00044618EA0063200735
B1128514201034N00044618EA0063300735
B1128524201034N00044618EA0063300735
B1128534201034N00044618EA0063300735
B1128544201034N00044618EA0063200735
B1128554201034N00044618EA0063200735
B1128564201034N00044618EA0063300735
B1128574201034N00044618EA0063300735
B1128584201034N00044618EA0063200735
B1128594201034N00044618EA0063300735
B1129004201034N00044618EA0063300735
B1129014201034N00044618EA0063300735
B1129024201034N00044618EA0063300735
B1129034201034N00044618EA0063300735
B1129044201034N00044618EA0063300735
B1129054201034N00044618EA0063300735
B1129064201034N00044618EA0063300735
B1129074201034N00044618EA0063300735
B1129084201034N00044618EA0063300735
B1129094201034N00044618EA0063300735
B1129104201034N00044618EA0063300735
B1129114201034N00044618EA0063300735
B1129124201034N00044618EA0063300735
B1129134201034N00044618EA0063300735
B1129144201034N00044618EA0063300735
B1129154201034N00044618EA0063300735
B1129164201034N00044618EA0063300735
B1129174201034N00044618EA0063300735
B1129184201034N00044618EA0063300735
B1129194201034N00044618EA0063300735
B1129204201034N00044618EA0063300735
B1129214201034N00044618EA0063300735
B1129224201034N00044618EA0063300735
B1129234201034N00044618EA0063300735
B1129244201034N00044618EA0063300735
B1129254201034N00044618EA0063300735
B1129264201034N00044618EA0063300735
B1129274201034N00044618EA0063200735
B1129284201034N00044618EA0063200736
B1129294201034N00044618EA0063200735
B1129304201034N00044618EA0062900735
B1129314201034N00044618EA0063100735
B1129324201034N00044618EA0063300737
B1129334201034N00044618EA0063300737
B1129344201034N00044618EA0063300737
B1129354201034N00044618EA0063300737
B1129364201034N00044618EA0063300737
B1129374201034N00044618EA0063300736
B1129384201034N00044618EA0063300736
B1129394201034N00044618EA0063300736
B1129404201034N00044618EA0063300736
B1129414201034N00044617EA0063100736
B1129424201034N00044618EA0063100736
B1129434201034N00044618EA0063200736
B1129444201034N00044618EA0063200736
B1129454201034N00044618EA0063300736
B1129464201034N00044618EA0063300736
B1129474201034N00044617EA0063300736
B1129484201034N00044617EA0063100737
B1129494201034N00044617EA0062300738
B1129504201034N00044617EA0062800737
B1129514201034N00044617EA0063000737
B1129524201034N00044617EA0063000737
B1129534201034N00044617EA0063200737
B1129544201034N00044617EA0063200737
B1129554201034N00044618EA0063200737
B1129564201034N00044618EA0063300737
B1129574201034N00044618EA0063200738
B1129584201034N00044618EA0063300738
B1129594201034N00044618EA0063300738
B1130004201034N00044618EA0063300738
B1130014201034N00044618EA0063300738
B1130024201034N00044618EA0063200738
B1130034201034N00044618EA0063200738
B1130044201034N00044618EA0064900738
B1130054201034N00044618EA0064400738
B1130064201034N00044618EA0064000738
B1130074201034N00044618EA0063600738
B1130084201033N00044618EA0063400738
B1130094201034N00044618EA0063400738
B1130104201034N00044618EA0063300738
B1130114201034N00044618EA0063300738
B1130124201034N00044618EA0063300739
B1130134201034N00044618EA0063300739
B1130144201034N00044618EA0063300739
B1130154201034N00044618EA0063300739
B1130164201034N00044618EA0063300739
B1130174201034N00044618EA0063300739
B1130184201034N00044618EA0063300739
B1130194201034N00044618EA0063300739
B1130204201034N00044618EA0063300739
B1130214201034N00044618EA0063300739
B1130224201034N00044618EA0063300739
B1130234201034N00044618EA0063300739
B1130244201034N00044618EA0063300739
B1130254201034N00044618EA0063300739
B1130264201034N00044618EA0063300739
B1130274201034N00044618EA0063300739
B1130284201034N00044618EA0063300739
B1130294201034N00044618EA0063300739
B1130304201034N00044618EA0063300739
B1130314201034N00044618EA0063300739
B1130324201034N00044618EA0063300739
B1130334201034N00044618EA0063300739
B1130344201034N00044618EA0063300739
B1130354201034N00044618EA0063300738
B1130364201034N00044618EA0063300738
B1130374201034N00044618EA0063300738
B1130384201034N00044618EA0063300738
B1130394201034N00044618EA0063300738
B1130404201034N00044618EA0063300738
B1130414201034N00044618EA0063300737
B1130424201034N00044618EA0063300737
B1130434201034N00044618EA0063200737
B1130444201034N00044618EA0063300737
B1130454201035N00044617EA0063300737
B1130464201035N00044617EA0063300737
B1130474201035N00044617EA0063300736
B1130484201035N00044618EA0063300736
B1130494201035N00044618EA0063300736
B1130504201035N00044618EA0063300736
B1130514201035N00044618EA0063300736
B1130524201036N00044618EA0063300736
B1130534201036N00044618EA0063300735
B1130544201036N00044618EA0063300735
B1130554201036N00044619EA0063300735
B1130564201036N00044619EA0063300734
B1130574201036N00044619EA0063300734
B1130584201036N00044619EA0063300734
B1130594201036N00044619EA0063300733
B1131004201036N00044619EA0063300733
B1131014201036N00044619EA0063300733
B1131024201036N00044619EA0063300733
B1131034201036N00044619EA0063300732
B1131044201036N00044619EA0063300732
B1131054201036N00044619EA0063300732
B1131064201036N00044619EA0063200732
B1131074201036N00044619EA0063200731
B1131084201036N00044619EA0063200731
B1131094201036N00044619EA0063200731
B1131104201036N00044619EA0063200731
B1131114201036N00044619EA0063200731
B1131124201036N00044619EA0063200731
B1131134201036N00044619EA0063200731
B1131144201036N00044619EA0063200731
B1131154201036N00044619EA0063300731
B1131164201036N00044619EA0063200730
B1131174201036N00044619EA0063300730
B1131184201036N00044619EA0063300730
B1131194201036N00044619EA0063300730
B1131204201036N00044619EA0063300730
B1131214201036N00044619EA0063300730
B1131224201036N00044619EA0063300730
B1131234201036N00044619EA0063300730
B1131244201036N00044619EA0063300730
B1131254201036N00044619EA0063300730
B1131264201036N00044619EA0063300730
B1131274201036N00044619EA0063300730
B1131284201036N00044619EA0063300730
B1131294201036N00044619EA0063300729
B1131304201036N00044619EA0063200729
B1131314201036N00044619EA0063300729
B1131324201036N00044619EA0063200729
B1131334201036N00044619EA0063200729
B1131344201036N00044619EA0063200729
B1131354201036N00044619EA0063200729
B1131364201036N00044619EA0063200729
B1131374201036N00044619EA0063200729
B1131384201036N00044619EA0063300729
B1131394201036N00044619EA0063200729
B1131404201036N00044619EA0063300729
B1131414201036N00044619EA0063200729
B1131424201036N00044619EA0063300729
B1131434201036N00044619EA0063200729
B1131444201036N00044619EA0063300729
B1131454201036N00044619EA0063300729
B1131464201036N00044619EA0063200729
B1131474201036N00044619EA0063300729
B1131484201036N00044619EA0063200729
B1131494201036N00044619EA0063200729
B1131504201036N00044619EA0063200729
B1131514201036N00044619EA0063300729
B1131524201036N00044619EA0063300729
B1131534201036N00044619EA0063200729
B1131544201036N00044619EA0063300729
B1131554201036N00044619EA0063300729
B1131564201036N00044619EA0063300729
B1131574201036N00044619EA0063300729
B1131584201036N00044619EA0063300729
B1131594201036N00044619EA0063300729
B1132004201036N00044619EA0063300729
B1132014201036N00044619EA0063300729
B1132024201036N00044619EA0063300729
B1132034201036N00044619EA0063300729
B1132044201036N00044619EA0063300729
B1132054201036N00044619EA0063300729
B1132064201036N00044619EA0063300729
B1132074201036N00044618EA0063200729
B1132084201036N00044618EA0063200729
B1132094201036N00044618EA0063200729
B1132104201036N00044618EA0063200730
B1132114201036N00044618EA0063200730
B1132124201036N00044618EA0063200730
B1132134201036N00044618EA0062800730
B1132144201035N00044618EA0063200730
B1132154201035N00044618EA0063400730
B1132164201035N00044618EA0063400730
B1132174201035N00044618EA0063400729
B1132184201035N00044618EA0063300730
B1132194201034N00044619EA0063300729
B1132204201034N00044619EA0063300729
B1132214201034N00044618EA0063300729
B1132224201034N00044618EA0063300730
B1132234201034N00044618EA0063200730
B1132244201034N00044618EA0063200730
B1132254201034N00044618EA0063300730
B1132264201034N00044618EA0063300730
B1132274201034N00044618EA0063300730
B1132284201034N00044618EA0063300730
B1132294201034N00044618EA0063300730
B1132304201034N00044618EA0063300730
B1132314201034N00044618EA0063300731
B1132324201034N00044618EA0063300731
B1132334201034N00044618EA0063300731
B1132344201034N00044618EA0063300731
B1132354201034N00044618EA0063300731
B1132364201034N00044618EA0063300731
B1132374201034N00044618EA0063300731
B1132384201034N00044618EA0063300731
B1132394201034N00044618EA0063300731
B1132404201034N00044618EA0063300731
B1132414201034N00044618EA0063300731
B1132424201034N00044618EA0063300731
B1132434201034N00044618EA0063300731
B1132444201034N00044618EA0063300731
B1132454201034N00044618EA0063300731
B1132464201034N00044618EA0063300731
B1132474201034N00044618EA0063300731
B1132484201034N00044618EA0063300731
B1132494201034N00044618EA0063300731
B1132504201034N00044618EA0063300731
B1132514201034N00044618EA0063300731
B1132524201034N00044618EA0063300731
B1132534201034N00044618EA0063300730
B1132544201034N00044618EA0063300730
B1132554201034N00044617EA0063300730
B1132564201034N00044617EA0063300730
B1132574201034N00044617EA0063300730
B1132584201034N00044617EA0063300730
B1132594201034N00044617EA0063300730
B1133004201034N00044617EA0063300730
B1133014201034N00044617EA0063300730
B1133024201034N00044617EA0063300730
B1133034201034N00044617EA0063300730
B1133044201034N00044617EA0063300730
B1133054201034N00044617EA0063300730
B1133064201034N00044617EA0063200730
B1133074201034N00044617EA0063300730
B1133084201034N00044617EA0063300730
B1133094201034N00044617EA0063300730
B1133104201034N00044617EA0063300730
B1133114201034N00044617EA0063300730
B1133124201034N00044617EA0063300730
B1133134201034N00044617EA0063200730
B1133144201034N00044617EA0063200730
B1133154201034N00044617EA0063200730
B1133164201034N00044617EA0063200730
B1133174201034N00044617EA0063200730
B1133184201034N00044617EA0063300730
B1133194201034N00044617EA0063300730
B1133204201034N00044617EA0063300730
B1133214201034N00044617EA0063300730
B1133224201034N00044617EA0063300730
B1133234201034N00044617EA0063300730
B1133244201034N00044617EA0063300730
B1133254201034N00044617EA0063300730
B1133264201034N00044617EA0063300730
B1133274201034N00044617EA0063300730
B1133284201034N00044617EA0063300730
B1133294201034N00044617EA0063300730
B1133304201034N00044617EA0063300730
B1133314201034N00044617EA0063300730
B1133324201034N00044617EA0063300730
B1133334201034N00044617EA0063300730
B1133344201034N00044617EA0063300731
B1133354201034N00044617EA0063300731
B1133364201035N00044617EA0063300730
B1133374201035N00044617EA0063300730
B1133384201035N00044617EA0063300730
B1133394201035N00044617EA0063300730
B1133404201035N00044617EA0063300730
B1133414201035N00044617EA0063300731
B1133424201035N00044617EA0063300731
B1133434201035N00044617EA0063300730
B1133444201035N00044617EA0063300730
B1133454201035N00044617EA0063300730
B1133464201035N00044618EA0063300731
B1133474201035N00044618EA0063300730
B1133484201035N00044618EA0063300730
B1133494201035N00044618EA0063300730
B1133504201035N00044618EA0063300730
B1133514201035N00044618EA0063300730
B1133524201035N00044618EA0063300730
B1133534201035N00044618EA0063300730
B1133544201035N00044618EA0063300730
B1133554201035N00044618EA0063300730
B1133564201035N00044618EA0063300730
B1133574201035N00044618EA0063300730
B1133584201035N00044618EA0063300730
B1133594201035N00044618EA0063300730
B1134004201035N00044618EA0063300730
B1134014201035N00044618EA0063300730
B1134024201035N00044618EA0063300730
B1134034201035N00044618EA0063300730
B1134044201035N00044618EA0063200730
B1134054201035N00044618EA0063300730
B1134064201035N00044618EA0063300730
B1134074201035N00044618EA0063300730
B1134084201035N00044618EA0063200730
B1134094201035N00044618EA0063200730
B1134104201035N00044618EA0063300730
B1134114201035N00044618EA0063300730
B1134124201035N00044618EA0063300730
B1134134201035N00044618EA0063300730
B1134144201035N00044618EA0063300730
B1134154201035N00044618EA0063300730
B1134164201035N00044618EA0063300730
B1134174201035N00044618EA0063200730
B1134184201035N00044618EA0063200730
B1134194201035N00044618EA0063200730
B1134204201035N00044618EA0063200730
B1134214201035N00044618EA0063200730
B1134224201035N00044618EA0063200730
B1134234201035N00044618EA0063300730
B1134244201035N00044618EA0063300730
B1134254201035N00044618EA0063300730
B1134264201035N00044618EA0063300730
B1134274201035N00044618EA0063300729
B1134284201035N00044618EA0063300729
B1134294201035N00044618EA0063300729
B1134304201035N00044618EA0063300729
B1134314201035N00044618EA0063300729
B1134324201035N00044618EA0063300729
B1134334201035N00044618EA0063300729
B1134344201035N00044618EA0063300729
B1134354201035N00044618EA0063300729
B1134364201035N00044618EA0063300729
B1134374201035N00044618EA0063300729
B1134384201035N00044618EA0063300729
B1134394201035N00044618EA0063300729
B1134404201035N00044618EA0063300729
B1134414201035N00044618EA0063300729
B1134424201035N00044618EA0063300729
B1134434201035N00044618EA0063200729
B1134444201035N00044618EA0063200729
B1134454201035N00044618EA0063200729
B1134464201035N00044618EA0063200729
B1134474201035N00044618EA0063200729
B1134484201035N00044618EA0063200729
B1134494201035N00044618EA0063200729
B1134504201035N00044618EA0063200729
B1134514201035N00044618EA0063200729
B1134524201035N00044618EA0063200729
B1134534201035N00044618EA0063200729
B1134544201035N00044618EA0063200729
B1134554201035N00044618EA0063200729
B1134564201035N00044618EA0063200729
B1134574201035N00044618EA0063300729
B1134584201035N00044618EA0063300729
B1134594201035N00044618EA0063300729
B1135004201035N00044618EA0063300729
B1135014201035N00044618EA0063300729
B1135024201035N00044618EA0063300729
B1135034201035N00044618EA0063300729
B1135044201035N00044618EA0063300729
B1135054201035N00044618EA0063300729
B1135064201035N00044618EA0063300729
B1135074201035N00044618EA0063300729
B1135084201035N00044618EA0063300730
B1135094201035N00044618EA0063300730
B1135104201035N00044618EA0063200730
B1135114201035N00044618EA0063200730
B1135124201035N00044618EA0063200730
B1135134201035N00044618EA0063200730
B1135144201035N00044618EA0063300730
B1135154201035N00044618EA0063300730
B1135164201035N00044618EA0063300730
B1135174201035N00044618EA0063300730
B1135184201035N00044618EA0063300730
B1135194201035N00044618EA0063300730
B1135204201035N00044618EA0063300730
B1135214201035N00044618EA0063300730
B1135224201035N00044618EA0063300730
B1135234201035N00044618EA0063300730
B1135244201035N00044618EA0063300730
B1135254201035N00044618EA0063300730
B1135264201035N00044618EA0063300730
B1135274201035N00044618EA0063300730
B1135284201035N00044618EA0063300730
B1135294201035N00044618EA0063300730
B1135304201035N00044618EA0063300730
B1135314201035N00044618EA0063300730
B1135324201035N00044618EA0063300730
B1135334201035N00044618EA0063300730
B1135344201035N00044618EA0063300730
B1135354201035N00044618EA0063200730
B1135364201035N00044618EA0063200730
B1135374201035N00044618EA0063300730
B1135384201035N00044618EA0063300730
B1135394201035N00044618EA0063200730
B1135404201035N00044618EA0063200730
B1135414201035N00044618EA0063200730
B1135424201035N00044618EA0063200730
B1135434201035N00044618EA0063300730
B1135444201035N00044618EA0063300730
B1135454201035N00044618EA0063300730
B1135464201035N00044618EA0063300730
B1135474201035N00044618EA0063300730
B1135484201035N00044618EA0063300730
B1135494201035N00044618EA0063300730
B1135504201035N00044618EA0063300730
B1135514201035N00044618EA0063300730
B1135524201035N00044618EA0063300730
B1135534201035N00044618EA0063300730
B1135544201035N00044618EA0063300730
B1135554201035N00044618EA0063300730
B1135564201035N00044618EA0063300730
B1135574201035N00044618EA0063300730
B1135584201035N00044618EA0063300730
B1135594201035N00044618EA0063300730
B1136004201035N00044618EA0063300730
B1136014201035N00044618EA0063300730
B1136024201035N00044618EA0063300730
B1136034201035N00044618EA0063300730
B1136044201035N00044618EA0063300730
B1136054201035N00044618EA0063300730
B1136064201035N00044618EA0063300730
B1136074201035N00044618EA0063300730
B1136084201035N00044618EA0063300730
B1136094201035N00044618EA0063300730
B1136104201035N00044618EA0063300730
B1136114201035N00044618EA0063300730
B1136124201035N00044618EA0063300730
B1136134201035N00044618EA0063300730
B1136144201035N00044618EA0063300730
B1136154201035N00044618EA0063300730
B1136164201035N00044618EA0063300730
B1136174201035N00044618EA0063300730
B1136184201035N00044618EA0063300730
B1136194201035N00044618EA0063300730
B1136204201035N00044618EA0063300730
B1136214201035N00044618EA0063300729
B1136224201035N00044618EA0063300729
B1136234201035N00044618EA0063300729
B1136244201035N00044618EA0063300729
B1136254201035N00044618EA0063300729
B1136264201035N00044618EA0063300729
B1136274201035N00044618EA0063300729
B1136284201035N00044618EA0063300729
B1136294201035N00044618EA0063300729
B1136304201035N00044618EA0063300729
B1136314201035N00044618EA0063300729
B1136324201035N00044618EA0063300729
B1136334201035N00044618EA0063300729
B1136344201035N00044618EA0063300729
B1136354201035N00044618EA0063300729
B1136364201035N00044618EA0063300729
B1136374201035N00044618EA0063300729
B1136384201035N00044618EA0063300729
B1136394201035N00044618EA0063300729
B1136404201035N00044618EA0063300729
B1136414201035N00044618EA0063300729
B1136424201035N00044618EA0063300729
B1136434201035N00044618EA0063300729
B1136444201035N00044618EA0063300729
B1136454201035N00044618EA0063300729
B1136464201035N00044618EA0063300729
B1136474201035N00044618EA0063300729
B1136484201035N00044618EA0063300729
B1136494201035N00044618EA0063300729
B1136504201035N00044618EA0063300729
B1136514201035N00044618EA0063300729
B1136524201035N00044618EA0063200729
B1136534201035N00044618EA0063200729
B1136544201035N00044618EA0063200729
B1136554201035N00044618EA0063300729
B1136564201036N00044618EA0063300729
B1136574201036N00044618EA0063300729
B1136584201036N00044618EA0063300729
B1136594201036N00044618EA0063300729
B1137004201035N00044618EA0063300729
B1137014201035N00044618EA0063300729
B1137024201035N00044618EA0063300730
B1137034201035N00044618EA0063300729
B1137044201035N00044618EA0063300730
B1137054201035N00044618EA0063300730
B1137064201035N00044619EA0063300730
B1137074201035N00044619EA0063300730
B1137084201035N00044619EA0063300730
B1137094201035N00044619EA0063300730
B1137104201035N00044619EA0063300731
B1137114201035N00044619EA0063300731
B1137124201035N00044618EA0063300731
B1137134201035N00044618EA0063300731
B1137144201035N00044618EA0063300731
B1137154201035N00044618EA0063300732
B1137164201035N00044618EA0063300732
B1137174201035N00044618EA0063300732
B1137184201035N00044618EA0063300732
B1137194201035N00044618EA0063300732
B1137204201034N00044618EA0063300732
B1137214201034N00044618EA0063300732
B1137224201034N00044618EA0063300732
B1137234201035N00044618EA0063300732
B1137244201035N00044618EA0063300732
B1137254201035N00044618EA0063300733
B1137264201035N00044618EA0063300733
B1137274201035N00044618EA0063300733
B1137284201035N00044618EA0063400733
B1137294201035N00044618EA0063300733
B1137304201035N00044618EA0063300733
B1137314201036N00044618EA0063400733
B1137324201036N00044618EA0063400733
B1137334201035N00044618EA0063400733
B1137344201035N00044618EA0063400733
B1137354201035N00044619EA0063400733
B1137364201034N00044620EA0063300734
B1137374201034N00044621EA0063400734
B1137384201033N00044621EA0063400733
B1137394201033N00044622EA0063400733
B1137404201033N00044622EA0063400733
B1137414201033N00044623EA0063400733
B1137424201033N00044624EA0063300733
B1137434201033N00044624EA0063300734
B1137444201033N00044625EA0063300734
B1137454201034N00044625EA0063300734
B1137464201034N00044625EA0063300733
B1137474201034N00044626EA0063300732
B1137484201035N00044626EA0063300732
B1137494201035N00044626EA0063300732
B1137504201036N00044627EA0063200732
B1137514201036N00044627EA0063200732
B1137524201037N00044628EA0063200732
B1137534201037N00044628EA0063200732
B1137544201037N00044629EA0063300732
B1137554201037N00044630EA0063200733
B1137564201036N00044631EA0063200733
B1137574201036N00044631EA0063300733
B1137584201036N00044632EA0063300733
B1137594201036N00044632EA0063300733
B1138004201036N00044633EA0063300734
B1138014201036N00044633EA0063400734
B1138024201036N00044634EA0063300734
B1138034201036N00044634EA0063400734
B1138044201036N00044635EA0063300735
B1138054201036N00044635EA0063400735
B1138064201036N00044636EA0063300736
B1138074201036N00044637EA0063400736
B1138084201036N00044637EA0063400736
B1138094201036N00044638EA0063400736
B1138104201036N00044639EA0063400736
B1138114201036N00044640EA0063400736
B1138124201036N00044641EA0063400736
B1138134201036N00044641EA0063400736
B1138144201036N00044642EA0063400736
B1138154201036N00044642EA0063400735
B1138164201036N00044642EA0063400735
B1138174201036N00044643EA0063400735
B1138184201036N00044643EA0063400734
B1138194201037N00044643EA0063400735
B1138204201037N00044643EA0063400735
B1138214201037N00044644EA0063400735
B1138224201038N00044644EA0063500735
B1138234201038N00044644EA0063500736
B1138244201039N00044644EA0063500736
B1138254201039N00044644EA0063500736
B1138264201039N00044644EA0063500736
B1138274201040N00044645EA0063500736
B1138284201040N00044645EA0063500737
B1138294201041N00044645EA0063600737
B1138304201041N00044645EA0063600737
B1138314201042N00044645EA0063600736
B1138324201042N00044645EA0063500736
B1138334201043N00044646EA0063600736
B1138344201044N00044646EA0063600735
B1138354201044N00044646EA0063600733
B1138364201045N00044647EA0063600733
B1138374201045N00044647EA0063600733
B1138384201045N00044648EA0063600733
B1138394201046N00044649EA0063600734
B1138404201046N00044649EA0063600734
B1138414201046N00044649EA0063600733
B1138424201047N00044650EA0063600733
B1138434201047N00044651EA0063600733
B1138444201047N00044651EA0063600733
B1138454201048N00044652EA0063600734
B1138464201048N00044652EA0063600734
B1138474201048N00044652EA0063600734
B1138484201048N00044652EA0063600734
B1138494201049N00044652EA0063600735
B1138504201050N00044652EA0063600736
B1138514201050N00044652EA0063600738
B1138524201050N00044652EA0063600738
B1138534201051N00044653EA0063600738
B1138544201051N00044653EA0063600737
B1138554201051N00044653EA0063600737
B1138564201051N00044653EA0063600738
B1138574201051N00044652EA0063600739
B1138584201051N00044652EA0063600740
B1138594201052N00044652EA0063700739
B1139004201052N00044652EA0063600738
B1139014201053N00044652EA0063700738
B1139024201053N00044651EA0063600738
B1139034201053N00044651EA0063700739
B1139044201053N00044651EA0063600739
B1139054201053N00044650EA0063700738
B1139064201053N00044650EA0063600738
B1139074201053N00044650EA0063600736
B1139084201053N00044651EA0063600736
B1139094201053N00044650EA0063700736
B1139104201053N00044650EA0063600736
B1139114201053N00044650EA0063600736
B1139124201053N00044650EA0063600736
B1139134201053N00044650EA0063600736
B1139144201053N00044650EA0063600735
B1139154201053N00044650EA0063600735
B1139164201053N00044651EA0063600734
B1139174201053N00044651EA0063600734
B1139184201053N00044651EA0063600734
B1139194201052N00044651EA0063600733
B1139204201053N00044651EA0063600733
B1139214201053N00044651EA0063600732
B1139224201053N00044651EA0063700732
B1139234201053N00044651EA0063600732
B1139244201053N00044651EA0063600731
B1139254201053N00044651EA0063600731
B1139264201054N00044651EA0063600731
B1139274201054N00044652EA0063600731
B1139284201054N00044652EA0063600731
B1139294201054N00044652EA0063600731
B1139304201055N00044652EA0063600730
B1139314201055N00044652EA0063600730
B1139324201055N00044652EA0063600730
B1139334201055N00044651EA0063600729
B1139344201056N00044652EA0063600729
B1139354201056N00044651EA0063600729
B1139364201055N00044651EA0063600729
B1139374201056N00044651EA0063600729
B1139384201056N00044651EA0063600730
B1139394201056N00044651EA0063600729
B1139404201056N00044652EA0063600729
B1139414201056N00044652EA0063600729
B1139424201056N00044652EA0063600729
B1139434201056N00044653EA0063600730
B1139444201056N00044653EA0063600731
B1139454201056N00044654EA0063600732
B1139464201056N00044653EA0063600732
B1139474201056N00044653EA0063600732
B1139484201056N00044653EA0063600732
B1139494201056N00044653EA0063600732
B1139504201056N00044653EA0063600733
B1139514201056N00044652EA0063600733
B1139524201056N00044651EA0063600735
B1139534201056N00044650EA0063700735
B1139544201057N00044650EA0063700735
B1139554201057N00044650EA0063600736
B1139564201057N00044649EA0063700737
B1139574201057N00044649EA0063700738
B1139584201056N00044648EA0063700740
B1139594201055N00044648EA0063700740
B1140004201054N00044648EA0063700741
B1140014201054N00044648EA0063700740
B1140024201055N00044648EA0063700739
B1140034201055N00044649EA0063700738
B1140044201055N00044649EA0063700737
B1140054201055N00044650EA0063700738
B1140064201056N00044650EA0063700738
B1140074201055N00044650EA0063600738
B1140084201055N00044651EA0063600738
B1140094201055N00044650EA0063600737
B1140104201055N00044650EA0063700736
B1140114201056N00044650EA0063700736
B1140124201055N00044650EA0063700736
B1140134201054N00044650EA0063700735
B1140144201054N00044650EA0063600734
B1140154201054N00044650EA0063600734
B1140164201054N00044650EA0063600733
B1140174201053N00044651EA0063700733
B1140184201054N00044650EA0063700733
B1140194201054N00044650EA0063700736
B1140204201055N00044651EA0063700737
B1140214201055N00044648EA0063600735
B1140224201056N00044648EA0063600736
B1140234201056N00044648EA0063700736
B1140244201057N00044649EA0063700736
B1140254201057N00044649EA0063600737
B1140264201058N00044649EA0063600737
B1140274201059N00044651EA0063600737
B1140284201060N00044651EA0063600737
B1140294201061N00044651EA0063700737
B1140304201061N00044654EA0063600737
B1140314201061N00044654EA0063700735
B1140324201061N00044654EA0063600735
B1140334201060N00044654EA0063600734
B1140344201059N00044654EA0063600734
B1140354201059N00044655EA0063600735
B1140364201057N00044655EA0063600736
B1140374201057N00044655EA0063600736
B1140384201056N00044656EA0063600736
B1140394201053N00044655EA0063600736
B1140404201052N00044655EA0063600734
B1140414201052N00044656EA0063600734
B1140424201052N00044653EA0063600734
B1140434201052N00044653EA0063600736
B1140444201051N00044653EA0063600736
B1140454201053N00044654EA0063600736
B1140464201053N00044654EA0063600738
B1140474201052N00044654EA0063600738
B1140484201052N00044656EA0063600738
B1140494201052N00044657EA0063600738
B1140504201052N00044658EA0063600739
B1140514201054N00044656EA0063600739
B1140524201054N00044657EA0063600743
B1140534201054N00044658EA0063600742
B1140544201053N00044658EA0063600741
B1140554201052N00044658EA0063600740
B1140564201052N00044659EA0063600739
B1140574201053N00044657EA0063600739
B1140584201054N00044658EA0063600741
B1140594201053N00044659EA0063600741
B1141004201052N00044664EA0063600740
B1141014201052N00044664EA0063600736
B1141024201052N00044665EA0063600734
B1141034201052N00044663EA0063600733
B1141044201052N00044664EA0063600734
B1141054201052N00044665EA0063600733
B1141064201051N00044663EA0063600733
B1141074201052N00044663EA0063600733
B1141084201051N00044664EA0063600732
B1141094201052N00044664EA0063600732
B1141104201052N00044664EA0063600733
B1141114201051N00044665EA0063600733
B1141124201051N00044665EA0063600734
B1141134201051N00044665EA0063600733
B1141144201050N00044666EA0063600733
B1141154201051N00044668EA0063600732
B1141164201051N00044669EA0063600731
B1141174201051N00044670EA0063600730
B1141184201050N00044669EA0063600729
B1141194201050N00044669EA0063600729
B1141204201050N00044670EA0063600728
B1141214201050N00044670EA0063600728
B1141224201050N00044671EA0063600727
B1141234201049N00044671EA0063600726
B1141244201049N00044673EA0063600725
B1141254201049N00044673EA0063600724
B1141264201049N00044674EA0063600724
B1141274201048N00044672EA0063600723
B1141284201048N00044673EA0063600723
B1141294201048N00044673EA0063700723
B1141304201049N00044673EA0063600722
B1141314201049N00044673EA0063700722
B1141324201049N00044674EA0063600721
B1141334201050N00044675EA0063600721
B1141344201050N00044676EA0063600719
B1141354201050N00044676EA0063600718
B1141364201051N00044676EA0063600718
B1141374201051N00044677EA0063600718
B1141384201051N00044677EA0063600718
B1141394201050N00044673EA0063700717
B1141404201050N00044673EA0063600720
B1141414201050N00044673EA0063600719
B1141424201052N00044672EA0063600719
B1141434201052N00044672EA0063600721
B1141444201053N00044673EA0063600721
B1141454201052N00044669EA0063700720
B1141464201052N00044669EA0063600722
B1141474201052N00044670EA0063600722
B1141484201054N00044668EA0063600722
B1141494201053N00044669EA0063700723
B1141504201053N00044669EA0063600723
B1141514201052N00044671EA0063600722
B1141524201052N00044671EA0063600719
B1141534201052N00044671EA0063600718
B1141544201052N00044670EA0063600718
B1141554201052N00044670EA0063600718
B1141564201052N00044671EA0063600718
B1141574201052N00044669EA0063600718
B1141584201052N00044669EA0063600719
B1141594201052N00044669EA0063600718
B1142004201051N00044668EA0063600718
B1142014201051N00044668EA0063600719
B1142024201051N00044669EA0063600719
B1142034201052N00044668EA0063600719
B1142044201051N00044669EA0063600719
B1142054201051N00044670EA0063600719
B1142064201048N00044667EA0063600720
B1142074201048N00044667EA0063600720
B1142084201048N00044668EA0063600720
B1142094201046N00044666EA0063600721
B1142104201046N00044665EA0063700722
B1142114201046N00044665EA0063700721
B1142124201044N00044662EA0063700720
B1142134201044N00044662EA0063700720
B1142144201043N00044662EA0063700720
B1142154201042N00044662EA0063600720
B1142164201043N00044662EA0063600718
B1142174201044N00044662EA0063700718
B1142184201045N00044661EA0063600718
B1142194201044N00044661EA0063600719
B1142204201044N00044661EA0063700719
B1142214201046N00044659EA0063700718
B1142224201045N00044659EA0063700717
B1142234201046N00044659EA0063700717
B1142244201046N00044661EA0063700717
B1142254201047N00044661EA0063600715
B1142264201046N00044662EA0063600714
B1142274201045N00044662EA0063600714
B1142284201045N00044664EA0063600713
B1142294201045N00044665EA0063600713
B1142304201043N00044664EA0063600712
B1142314201042N00044666EA0063600711
B1142324201043N00044666EA0063600711
B1142334201045N00044664EA0063600710
B1142344201045N00044664EA0063600710
B1142354201045N00044664EA0063600710
B1142364201044N00044666EA0063600709
B1142374201045N00044666EA0063600708
B1142384201045N00044666EA0063600707
B1142394201043N00044665EA0063600707
B1142404201043N00044666EA0063600706
B1142414201043N00044666EA0063600706
B1142424201043N00044669EA0063600705
B1142434201043N00044670EA0063600702
B1142444201043N00044671EA0063600701
B1142454201042N00044670EA0063600701
B1142464201042N00044670EA0063600701
B1142474201042N00044671EA0063600700
B1142484201044N00044673EA0063600700
B1142494201044N00044676EA0063600699
B1142504201043N00044677EA0063600699
B1142514201043N00044675EA0063600699
B1142524201043N00044676EA0063600700
B1142534201043N00044676EA0063600700
B1142544201043N00044677EA0063600699
B1142554201043N00044677EA0063600697
B1142564201043N00044677EA0063600696
B1142574201042N00044676EA0063600696
B1142584201042N00044676EA0063600696
B1142594201041N00044676EA0063600695
B1143004201042N00044674EA0063600695
B1143014201042N00044674EA0063600696
B1143024201043N00044674EA0063600695
B1143034201043N00044675EA0063600695
B1143044201043N00044675EA0063600696
B1143054201043N00044675EA0063600696
B1143064201042N00044677EA0063600695
B1143074201042N00044677EA0063600693
B1143084201042N00044677EA0063600693
B1143094201042N00044679EA0063600692
B1143104201041N00044679EA0063600690
B1143114201040N00044680EA0063600690
B1143124201039N00044680EA0063600689
B1143134201038N00044681EA0063600688
B1143144201038N00044681EA0063600687
B1143154201041N00044682EA0063600687
B1143164201041N00044683EA0063600688
B1143174201039N00044684EA0063600688
B1143184201039N00044688EA0063600687
B1143194201039N00044689EA0063600686
B1143204201038N00044691EA0063600685
B1143214201037N00044690EA0063600685
B1143224201037N00044691EA0063600684
B1143234201037N00044692EA0063600683
B1143244201038N00044693EA0063600682
B1143254201039N00044694EA0063600682
B1143264201039N00044695EA0063600682
B1143274201039N00044698EA0063600682
B1143284201039N00044701EA0063600680
B1143294201039N00044702EA0063600680
B1143304201042N00044705EA0063600681
B1143314201042N00044706EA0063600681
B1143324201042N00044707EA0063600681
B1143334201043N00044711EA0063600681
B1143344201043N00044713EA0063600681
B1143354201043N00044714EA0063600680
B1143364201041N00044714EA0063600680
B1143374201040N00044715EA0063600680
B1143384201040N00044716EA0063600680
B1143394201040N00044716EA0063600680
B1143404201040N00044717EA0063600680
B1143414201040N00044719EA0063600680
B1143424201039N00044726EA0063600680
B1143434201039N00044728EA0063600677
B1143444201039N00044729EA0063600677
B1143454201042N00044735EA0063600677
B1143464201043N00044737EA0063600677
B1143474201042N00044739EA0063600677
B1143484201041N00044737EA0063600677
B1143494201041N00044738EA0063600676
B1143504201041N00044740EA0063600676
B1143514201042N00044743EA0063600676
B1143524201042N00044745EA0063600675
B1143534201042N00044746EA0063600675
B1143544201041N00044753EA0063600675
B1143554201041N00044755EA0063600672
B1143564201041N00044757EA0063600672
B1143574201043N00044758EA0063600672
B1143584201043N00044759EA0063600672
B1143594201043N00044761EA0063600671
B1144004201045N00044764EA0063600671
B1144014201046N00044765EA0063600671
B1144024201046N00044767EA0063600671
B1144034201044N00044766EA0063600670
B1144044201044N00044767EA0063600669
B1144054201045N00044769EA0063600668
B1144064201041N00044772EA0063600668
B1144074201042N00044774EA0063600665
B1144084201041N00044775EA0063600665
B1144094201041N00044777EA0063600664
B1144104201040N00044779EA0063600663
B1144114201042N00044780EA0063600662
B1144124201042N00044781EA0063600661
B1144134201042N00044782EA0063600660
B1144144201042N00044784EA0063600659
B1144154201043N00044787EA0063600658
B1144164201043N00044788EA0063600656
B1144174201044N00044789EA0063600656
B1144184201046N00044788EA0063600655
B1144194201047N00044790EA0063600657
B1144204201048N00044792EA0063600656
B1144214201047N00044788EA0063600656
B1144224201048N00044789EA0063600657
B1144234201049N00044791EA0063600656
B1144244201048N00044786EA0063600655
B1144254201048N00044787EA0063600657
B1144264201048N00044788EA0063600657
B1144274201048N00044785EA0063600656
B1144284201048N00044786EA0063600655
B1144294201048N00044787EA0063600655
B1144304201048N00044788EA0063600654
B1144314201048N00044788EA0063600655
B1144324201055N00044785EA0063600654
B1144334201054N00044788EA0063600657
B1144344201055N00044788EA0063600655
B1144354201055N00044789EA0063600655
B1144364201056N00044790EA0063600654
B1144374201057N00044791EA0063600656
B1144384201058N00044791EA0063600655
B1144394201058N00044795EA0063600655
B1144404201059N00044795EA0063600654
B1144414201059N00044796EA0063600653
B1144424201058N00044797EA0063600653
B1144434201058N00044798EA0063600651
B1144444201058N00044800EA0063600650
B1144454201059N00044795EA0063600650
B1144464201059N00044796EA0063600651
B1144474201059N00044796EA0063600651
B1144484201060N00044794EA0063600650
B1144494201062N00044795EA0063600650
B1144504201062N00044796EA0063600649
B1144514201064N00044796EA0063600649
B1144524201065N00044797EA0063600649
B1144534201066N00044798EA0063600648
B1144544201068N00044798EA0063600648
B1144554201068N00044799EA0063600647
B1144564201068N00044799EA0063600647
B1144574201068N00044796EA0063600647
B1144584201069N00044796EA0063600648
B1144594201069N00044797EA0063600647
B1145004201068N00044793EA0063600647
B1145014201068N00044794EA0063600648
B1145024201069N00044795EA0063600648
B1145034201069N00044790EA0063600647
B1145044201069N00044791EA0063600647
B1145054201069N00044792EA0063600647
B1145064201069N00044791EA0063600646
B1145074201069N00044792EA0063600645
B1145084201069N00044793EA0063600645
B1145094201068N00044788EA0063600645
B1145104201068N00044788EA0063700646
B1145114201068N00044789EA0063600645
B1145124201068N00044788EA0063600645
B1145134201068N00044788EA0063600644
B1145144201068N00044789EA0063600644
B1145154201069N00044786EA0063600644
B1145164201069N00044787EA0063600647
B1145174201069N00044787EA0063700647
B1145184201065N00044784EA0063600647
B1145194201065N00044784EA0063600645
B1145204201065N00044784EA0063600644
B1145214201064N00044784EA0063600644
B1145224201064N00044784EA0063600643
B1145234201064N00044785EA0063600643
B1145244201065N00044784EA0063600642
B1145254201065N00044784EA0063600645
B1145264201065N00044785EA0063600645
B1145274201067N00044781EA0063600644
B1145284201067N00044781EA0063600644
B1145294201067N00044782EA0063600644
B1145304201067N00044780EA0063600643
B1145314201067N00044780EA0063600642
B1145324201067N00044781EA0063600642
B1145334201065N00044778EA0063600642
B1145344201065N00044778EA0063600640
B1145354201065N00044778EA0063600640
B1145364201064N00044775EA0063600639
B1145374201064N00044775EA0063600637
B1145384201064N00044775EA0063600637
B1145394201065N00044772EA0063600637
B1145404201065N00044772EA0063600635
B1145414201064N00044772EA0063600635
B1145424201064N00044770EA0063600635
B1145434201064N00044770EA0063600632
B1145444201063N00044770EA0063600632
B1145454201064N00044770EA0063600632
B1145464201064N00044771EA0063600631
B1145474201064N00044771EA0063600630
B1145484201064N00044769EA0063600630
B1145494201064N00044769EA0063700629
B1145504201064N00044769EA0063600628
B1145514201063N00044765EA0063700628
B1145524201063N00044765EA0063600625
B1145534201063N00044765EA0063600625
B1145544201061N00044763EA0063600625
B1145554201061N00044763EA0063600623
B1145564201061N00044763EA0063600622
B1145574201061N00044759EA0063600622
B1145584201061N00044759EA0063600621
B1145594201061N00044759EA0063600621
B1146004201062N00044759EA0063600620
B1146014201061N00044759EA0063600619
B1146024201061N00044760EA0063600618
B1146034201061N00044757EA0063700618
B1146044201061N00044757EA0063700617
B1146054201060N00044756EA0063600617
B1146064201059N00044753EA0063700617
B1146074201060N00044753EA0063600616
B1146084201059N00044753EA0063600616
B1146094201059N00044750EA0063600616
B1146104201059N00044750EA0063600616
B1146114201057N00044750EA0063600616
B1146124201055N00044749EA0063600616
B1146134201055N00044748EA0063600615
B1146144201055N00044748EA0063600615
B1146154201055N00044746EA0063600615
B1146164201055N00044746EA0063600615
B1146174201054N00044746EA0063600615
B1146184201054N00044746EA0063600615
B1146194201054N00044746EA0063600615
B1146204201054N00044746EA0063600615
B1146214201054N00044744EA0063600615
B1146224201054N00044744EA0063600615
B1146234201053N00044744EA0063600615
B1146244201053N00044743EA0063600615
B1146254201053N00044743EA0063600615
B1146264201052N00044743EA0063600615
B1146274201051N00044741EA0063600616
B1146284201050N00044741EA0063600616
B1146294201050N00044741EA0063600616
B1146304201051N00044741EA0063600616
B1146314201050N00044741EA0063600616
B1146324201050N00044741EA0063600616
B1146334201050N00044738EA0063600617
B1146344201049N00044738EA0063600618
B1146354201048N00044738EA0063600618
B1146364201048N00044737EA0063600618
B1146374201048N00044737EA0063600619
B1146384201047N00044737EA0063600619
B1146394201047N00044734EA0063600619
B1146404201046N00044735EA0063600620
B1146414201046N00044735EA0063600620
B1146424201047N00044733EA0063600620
B1146434201047N00044733EA0063600621
B1146444201046N00044733EA0063600621
B1146454201048N00044729EA0063600621
B1146464201048N00044730EA0063600624
B1146474201048N00044730EA0063600624
B1146484201049N00044729EA0063600624
B1146494201049N00044729EA0063600624
B1146504201049N00044729EA0063600624
B1146514201048N00044725EA0063600625
B1146524201047N00044725EA0063600625
B1146534201047N00044725EA0063600625
B1146544201047N00044721EA0063600625
B1146554201046N00044721EA0063600627
B1146564201046N00044721EA0063600627
B1146574201045N00044721EA0063600628
B1146584201044N00044721EA0063600628
B1146594201043N00044721EA0063600628
B1147004201044N00044720EA0063600629
B1147014201044N00044719EA0063600629
B1147024201043N00044719EA0063600629
B1147034201044N00044721EA0063600629
B1147044201043N00044720EA0063600628
B1147054201044N00044720EA0063600629
B1147064201044N00044718EA0063600628
B1147074201044N00044718EA0063600630
B1147084201044N00044718EA0063600629
B1147094201044N00044717EA0063600629
B1147104201043N00044717EA0063600629
B1147114201043N00044717EA0063600629
B1147124201042N00044716EA0063600629
B1147134201042N00044717EA0063600629
B1147144201042N00044717EA0063600629
B1147154201042N00044715EA0063600629
B1147164201041N00044716EA0063600631
B1147174201041N00044715EA0063600631
B1147184201040N00044715EA0063600631
B1147194201039N00044716EA0063600630
B1147204201039N00044715EA0063600630
B1147214201040N00044714EA0063600630
B1147224201040N00044714EA0063600632
B1147234201040N00044714EA0063600632
B1147244201040N00044712EA0063600631
B1147254201040N00044712EA0063600631
B1147264201040N00044712EA0063600631
B1147274201041N00044713EA0063600630
B1147284201041N00044713EA0063700631
B1147294201041N00044713EA0063600630
B1147304201042N00044711EA0063600630
B1147314201042N00044710EA0063600630
B1147324201042N00044711EA0063600629
B1147334201043N00044710EA0063600629
B1147344201043N00044709EA0063600629
B1147354201043N00044709EA0063600628
B1147364201044N00044712EA0063600628
B1147374201043N00044711EA0063600628
B1147384201044N00044711EA0063600627
B1147394201044N00044712EA0063600627
B1147404201044N00044712EA0063600628
B1147414201045N00044712EA0063600627
B1147424201046N00044714EA0063600627
B1147434201046N00044714EA0063600627
B1147444201046N00044714EA0063600627
B1147454201045N00044710EA0063600626
B1147464201045N00044711EA0063600628
B1147474201045N00044711EA0063600628
B1147484201046N00044710EA0063600628
B1147494201046N00044710EA0063600629
B1147504201046N00044710EA0063600629
B1147514201047N00044708EA0063600629
B1147524201047N00044709EA0063600630
B1147534201048N00044709EA0063600630
B1147544201048N00044710EA0063600630
B1147554201048N00044710EA0063600630
B1147564201048N00044710EA0063600630
B1147574201048N00044711EA0063600630
B1147584201048N00044711EA0063600630
B1147594201048N00044711EA0063700630
B1148004201049N00044709EA0063600630
B1148014201049N00044709EA0063600631
B1148024201050N00044710EA0063700631
B1148034201049N00044711EA0063600631
B1148044201049N00044711EA0063600630
B1148054201050N00044712EA0063600630
B1148064201049N00044712EA0063600630
B1148074201049N00044712EA0063600629
B1148084201050N00044713EA0063600629
B1148094201049N00044711EA0063600629
B1148104201048N00044711EA0063600629
B1148114201048N00044711EA0063600629
B1148124201052N00044710EA0063600630
B1148134201052N00044709EA0063600632
B1148144201052N00044709EA0063600633
B1148154201053N00044707EA0063600634
B1148164201053N00044707EA0063600636
B1148174201055N00044708EA0063600637
B1148184201053N00044710EA0063600638
B1148194201054N00044710EA0063600638
B1148204201054N00044711EA0063600638
B1148214201054N00044716EA0063600639
B1148224201054N00044717EA0063600636
B1148234201054N00044717EA0063600637
B1148244201053N00044719EA0063600637
B1148254201053N00044720EA0063600638
B1148264201053N00044721EA0063600638
B1148274201054N00044720EA0063600638
B1148284201054N00044721EA0063600639
B1148294201054N00044722EA0063600639
B1148304201056N00044721EA0063600640
B1148314201056N00044722EA0063600642
B1148324201056N00044722EA0063600642
B1148334201058N00044723EA0063600642
B1148344201058N00044723EA0063600642
B1148354201058N00044724EA0063600642
B1148364201058N00044722EA0063600643
B1148374201059N00044723EA0063600644
B1148384201059N00044723EA0063600644
B1148394201062N00044719EA0063600644
B1148404201062N00044718EA0063600645
B1148414201062N00044717EA0063600645
B1148424201062N00044712EA0063600645
B1148434201062N00044712EA0063600647
B1148444201062N00044712EA0063600647
B1148454201063N00044709EA0063600647
B1148464201063N00044710EA0063600648
B1148474201064N00044710EA0063600648
B1148484201065N00044709EA0063600648
B1148494201065N00044709EA0063600650
B1148504201065N00044709EA0063600650
B1148514201066N00044710EA0063600650
B1148524201066N00044710EA0063600650
B1148534201066N00044711EA0063600650
B1148544201064N00044714EA0063600650
B1148554201063N00044714EA0063600648
B1148564201063N00044714EA0063600648
B1148574201061N00044711EA0063600648
B1148584201061N00044712EA0063600650
B1148594201061N00044711EA0063600651
B1149004201065N00044707EA0063600651
B1149014201066N00044708EA0063600651
B1149024201065N00044706EA0063600651
B1149034201066N00044706EA0063600651
B1149044201066N00044706EA0063600652
B1149054201066N00044706EA0063600652
B1149064201064N00044702EA0063600652
B1149074201064N00044702EA0063600655
B1149084201064N00044702EA0063600656
B1149094201065N00044701EA0063600656
B1149104201065N00044701EA0063600656
B1149114201065N00044700EA0063600656
B1149124201065N00044698EA0063600656
B1149134201065N00044698EA0063600657
B1149144201065N00044697EA0063600657
B1149154201066N00044698EA0063600657
B1149164201068N00044697EA0063600657
B1149174201069N00044696EA0063600656
B1149184201068N00044694EA0063600656
B1149194201068N00044694EA0063600657
B1149204201069N00044693EA0063600658
B1149214201066N00044694EA0063600658
B1149224201066N00044693EA0063600658
B1149234201067N00044693EA0063600658
B1149244201068N00044692EA0063600658
B1149254201068N00044692EA0063600658
B1149264201067N00044692EA0063600658
B1149274201066N00044688EA0063600658
B1149284201066N00044688EA0063600660
B1149294201066N00044687EA0063600660
B1149304201066N00044687EA0063600660
B1149314201066N00044686EA0063600660
B1149324201066N00044686EA0063600661
B1149334201065N00044687EA0063600661
B1149344201065N00044687EA0063600661
B1149354201065N00044687EA0063600662
B1149364201065N00044685EA0063600662
B1149374201066N00044685EA0063600664
B1149384201066N00044685EA0063600665
B1149394201066N00044685EA0063600666
B1149404201066N00044685EA0063600667
B1149414201066N00044685EA0063600667
B1149424201066N00044686EA0063600668
B1149434201065N00044685EA0063600667
B1149444201065N00044684EA0063600667
B1149454201064N00044682EA0063600667
B1149464201064N00044682EA0063600667
B1149474201064N00044682EA0063600668
B1149484201064N00044681EA0063600668
B1149494201063N00044682EA0063600669
B1149504201063N00044683EA0063600669
B1149514201063N00044683EA0063600669
B1149524201062N00044683EA0063600670
B1149534201063N00044684EA0063600670
B1149544201063N00044685EA0063600671
B1149554201062N00044684EA0063600671
B1149564201061N00044685EA0063600672
B1149574201061N00044686EA0063600669
B1149584201061N00044686EA0063600669
B1149594201062N00044690EA0063600669
B1150004201062N00044690EA0063600666
B1150014201062N00044690EA0063600666
B1150024201062N00044688EA0063600666
B1150034201063N00044687EA0063600668
B1150044201063N00044687EA0063600668
B1150054201064N00044687EA0063600668
B1150064201064N00044687EA0063600667
B1150074201065N00044685EA0063600667
B1150084201068N00044684EA0063600667
B1150094201068N00044684EA0063600669
B1150104201068N00044683EA0063600669
B1150114201068N00044683EA0063600669
B1150124201069N00044683EA0063600670
B1150134201070N00044683EA0063600670
B1150144201071N00044686EA0063600671
B1150154201071N00044686EA0063600669
B1150164201072N00044686EA0063700669
B1150174201072N00044684EA0063700670
B1150184201072N00044684EA0063600672
B1150194201073N00044685EA0063700673
B1150204201075N00044686EA0063600673
B1150214201075N00044686EA0063600674
B1150224201076N00044688EA0063600675
B1150234201076N00044686EA0063600676
B1150244201076N00044686EA0063700678
B1150254201077N00044686EA0063700678
B1150264201081N00044690EA0063700678
B1150274201082N00044691EA0063700676
B1150284201082N00044691EA0063700676
B1150294201081N00044690EA0063700677
B1150304201081N00044691EA0063700677
B1150314201083N00044690EA0063700677
B1150324201084N00044692EA0063700677
B1150334201085N00044691EA0063700674
B1150344201084N00044691EA0063700674
B1150354201082N00044691EA0063700674
B1150364201082N00044692EA0063700674
B1150374201082N00044692EA0063600674
B1150384201081N00044691EA0063700674
B1150394201080N00044691EA0063600675
B1150404201080N00044692EA0063700675
B1150414201080N00044692EA0063600675
B1150424201080N00044692EA0063600676
B1150434201080N00044692EA0063600676
B1150444201081N00044695EA0063700676
B1150454201081N00044695EA0063600673
B1150464201082N00044695EA0063600673
B1150474201082N00044696EA0063600673
B1150484201083N00044696EA0063600673
B1150494201083N00044696EA0063600673
B1150504201084N00044696EA0063600673
B1150514201084N00044697EA0063700674
B1150524201085N00044697EA0063600674
B1150534201083N00044696EA0063700674
B1150544201084N00044696EA0063700675
B1150554201084N00044696EA0063700675
B1150564201082N00044694EA0063600675
B1150574201081N00044695EA0063700676
B1150584201081N00044695EA0063600677
B1150594201079N00044693EA0063600677
B1151004201079N00044693EA0063600679
B1151014201079N00044693EA0063600680
B1151024201077N00044691EA0063600681
B1151034201077N00044691EA0063600683
B1151044201077N00044691EA0063600684
B1151054201077N00044690EA0063600684
B1151064201077N00044690EA0063600686
B1151074201077N00044689EA0063600687
B1151084201076N00044687EA0063600688
B1151094201077N00044687EA0063600691
B1151104201077N00044687EA0063600691
B1151114201075N00044685EA0063600692
B1151124201075N00044684EA0063600693
B1151134201074N00044684EA0063600693
B1151144201072N00044681EA0063600693
B1151154201071N00044680EA0063600695
B1151164201071N00044680EA0063600695
B1151174201069N00044677EA0063600695
B1151184201068N00044676EA0063600698
B1151194201067N00044676EA0063600698
B1151204201067N00044675EA0063600698
B1151214201068N00044674EA0063600701
B1151224201068N00044673EA0063700702
B1151234201067N00044672EA0063600702
B1151244201066N00044672EA0063600704
B1151254201066N00044671EA0063600704
B1151264201065N00044670EA0063700704
B1151274201065N00044670EA0063700706
B1151284201065N00044670EA0063700707
B1151294201064N00044667EA0063600707
B1151304201064N00044667EA0063700709
B1151314201064N00044667EA0063600710
B1151324201063N00044664EA0063700710
B1151334201063N00044663EA0063600711
B1151344201063N00044663EA0063600712
B1151354201063N00044662EA0063600712
B1151364201062N00044662EA0063600714
B1151374201062N00044662EA0063600715
B1151384201061N00044660EA0063600715
B1151394201061N00044660EA0063600718
B1151404201061N00044660EA0063600719
B1151414201060N00044658EA0063600719
B1151424201060N00044657EA0063600721
B1151434201060N00044657EA0063600721
B1151444201061N00044657EA0063600721
B1151454201061N00044656EA0063600721
B1151464201061N00044657EA0063600721
B1151474201061N00044657EA0063600722
B1151484201061N00044657EA0063600722
B1151494201061N00044658EA0063600722
B1151504201062N00044657EA0063600723
B1151514201061N00044657EA0063700723
B1151524201060N00044657EA0063600723
B1151534201060N00044658EA0063600724
B1151544201059N00044658EA0063700723
B1151554201058N00044658EA0063600723
B1151564201056N00044657EA0063600724
B1151574201056N00044657EA0063600724
B1151584201055N00044657EA0063600725
B1151594201055N00044657EA0063700725
B1152004201055N00044657EA0063600724
B1152014201054N00044657EA0063700725
B1152024201053N00044654EA0063600725
B1152034201053N00044653EA0063600728
B1152044201054N00044653EA0063600728
B1152054201054N00044654EA0063600729
B1152064201054N00044654EA0063600729
B1152074201054N00044653EA0063600729
B1152084201055N00044656EA0063600729
B1152094201055N00044656EA0063600727
B1152104201055N00044656EA0063700727
B1152114201054N00044655EA0063700727
B1152124201054N00044655EA0063600727
B1152134201054N00044655EA0063700727
B1152144201054N00044657EA0063700727
B1152154201054N00044657EA0063600725
B1152164201054N00044657EA0063600725
B1152174201055N00044657EA0063700725
B1152184201056N00044657EA0063700728
B1152194201056N00044657EA0063600728
B1152204201056N00044655EA0063600727
B1152214201056N00044655EA0063700730
B1152224201057N00044655EA0063700730
B1152234201057N00044656EA0063700731
B1152244201056N00044657EA0063700729
B1152254201055N00044657EA0063700729
B1152264201054N00044658EA0063700729
B1152274201054N00044658EA0063700727
B1152284201054N00044658EA0063700727
B1152294201054N00044656EA0063700727
B1152304201053N00044656EA0063700730
B1152314201054N00044656EA0063700730
B1152324201053N00044654EA0063700730
B1152334201054N00044654EA0063700733
B1152344201054N00044654EA0063700733
B1152354201055N00044653EA0063700734
B1152364201055N00044653EA0063600736
B1152374201054N00044652EA0063700736
B1152384201054N00044651EA0063700737
B1152394201053N00044651EA0063600739
B1152404201052N00044651EA0063600740
B1152414201053N00044652EA0063600740
B1152424201053N00044652EA0063600740
B1152434201054N00044653EA0063600740
B1152444201053N00044652EA0063600741
B1152454201053N00044652EA0063700742
B1152464201053N00044651EA0063700742
B1152474201053N00044649EA0063600743
B1152484201053N00044649EA0063600746
B1152494201053N00044649EA0063700746
B1152504201053N00044649EA0063600747
B1152514201053N00044649EA0063600747
B1152524201054N00044649EA0063600747
B1152534201054N00044646EA0063600748
B1152544201054N00044647EA0063700748
B1152554201054N00044646EA0063600749
B1152564201054N00044646EA0063600750
B1152574201055N00044644EA0063600750
B1152584201056N00044643EA0063600752
B1152594201057N00044644EA0063600753
B1153004201057N00044644EA0063600753
B1153014201057N00044644EA0063600753
B1153024201058N00044644EA0063600754
B1153034201058N00044644EA0063600754
B1153044201058N00044643EA0063600754
B1153054201058N00044645EA0063600755
B1153064201059N00044645EA0063600754
B1153074201059N00044645EA0063600754
B1153084201059N00044644EA0063600754
B1153094201059N00044643EA0063600755
B1153104201059N00044643EA0063600756
B1153114201059N00044643EA0063600755
B1153124201059N00044643EA0063600756
B1153134201060N00044644EA0063600755
B1153144201060N00044644EA0063600755
B1153154201060N00044645EA0063600754
B1153164201061N00044645EA0063600754
B1153174201061N00044643EA0063600754
B1153184201061N00044643EA0063600755
B1153194201061N00044643EA0063600754
B1153204201061N00044641EA0063600754
B1153214201061N00044641EA0063600755
B1153224201061N00044640EA0063600755
B1153234201060N00044640EA0063600755
B1153244201060N00044639EA0063600755
B1153254201060N00044639EA0063600755
B1153264201060N00044639EA0063600755
B1153274201060N00044640EA0063600755
B1153284201060N00044639EA0063600755
B1153294201060N00044641EA0063600755
B1153304201060N00044641EA0063600754
B1153314201060N00044640EA0063600754
B1153324201060N00044639EA0063600754
B1153334201060N00044639EA0063600754
B1153344201060N00044639EA0063600754
B1153354201059N00044636EA0063600754
B1153364201059N00044636EA0063600755
B1153374201059N00044636EA0063600755
B1153384201059N00044637EA0063600755
B1153394201059N00044638EA0063600754
B1153404201059N00044637EA0063600754
B1153414201059N00044637EA0063600754
B1153424201059N00044637EA0063600754
B1153434201059N00044637EA0063600754
B1153444201060N00044639EA0063600754
B1153454201060N00044639EA0063600753
B1153464201060N00044639EA0063600753
B1153474201060N00044639EA0063600752
B1153484201060N00044640EA0063600753
B1153494201060N00044640EA0063600753
B1153504201060N00044639EA0063600753
B1153514201060N00044639EA0063600753
B1153524201060N00044639EA0063600754
B1153534201059N00044639EA0063600754
B1153544201059N00044639EA0063600753
B1153554201060N00044639EA0063600753
B1153564201060N00044639EA0063600753
B1153574201060N00044638EA0063600754
B1153584201060N00044639EA0063600754
B1153594201060N00044639EA0063600754
B1154004201060N00044639EA0063600754
B1154014201060N00044639EA0063600754
B1154024201059N00044639EA0063600754
B1154034201059N00044639EA0063600754
B1154044201060N00044639EA0063600755
B1154054201059N00044638EA0063600755
B1154064201059N00044638EA0063600755
B1154074201059N00044639EA0063600755
B1154084201059N00044639EA0063600755
B1154094201059N00044638EA0063600756
B1154104201059N00044638EA0063600756
B1154114201059N00044638EA0063600756
B1154124201059N00044638EA0063600755
B1154134201059N00044638EA0063600756
B1154144201059N00044639EA0063600756
B1154154201059N00044639EA0063600756
B1154164201059N00044639EA0063600756
B1154174201059N00044640EA0063600756
B1154184201059N00044640EA0063600755
B1154194201058N00044640EA0063600756
B1154204201058N00044640EA0063600756
B1154214201058N00044640EA0063600756
B1154224201058N00044640EA0063600755
B1154234201058N00044639EA0063600755
B1154244201057N00044640EA0063600755
B1154254201057N00044640EA0063600755
B1154264201057N00044641EA0063600755
B1154274201058N00044642EA0063600754
B1154284201057N00044642EA0063600754
B1154294201057N00044642EA0063600753
B1154304201057N00044642EA0063600753
B1154314201057N00044642EA0063600753
B1154324201057N00044643EA0063600753
B1154334201057N00044643EA0063600751
B1154344201057N00044643EA0063600750
B1154354201057N00044644EA0063600750
B1154364201057N00044644EA0063600749
B1154374201057N00044645EA0063600749
B1154384201057N00044645EA0063600748
B1154394201057N00044645EA0063600748
B1154404201058N00044645EA0063600748
B1154414201057N00044645EA0063600748
B1154424201058N00044645EA0063600747
B1154434201058N00044645EA0063600747
B1154444201058N00044645EA0063600747
B1154454201058N00044646EA0063600746
B1154464201058N00044646EA0063600746
B1154474201059N00044646EA0063600745
B1154484201059N00044646EA0063600745
B1154494201060N00044646EA0063600745
B1154504201060N00044646EA0063600745
B1154514201060N00044646EA0063600745
B1154524201060N00044646EA0063600745
B1154534201059N00044646EA0063600745
B1154544201059N00044647EA0063600744
B1154554201059N00044647EA0063600744
B1154564201059N00044647EA0063600744
B1154574201059N00044647EA0063600743
B1154584201058N00044647EA0063600743
B1154594201058N00044647EA0063600743
B1155004201058N00044647EA0063600743
B1155014201058N00044647EA0063600743
B1155024201058N00044647EA0063600743
B1155034201058N00044647EA0063600743
B1155044201058N00044647EA0063600743
B1155054201058N00044647EA0063600743
B1155064201058N00044647EA0063600743
B1155074201058N00044647EA0063600743
B1155084201058N00044646EA0063600743
B1155094201058N00044646EA0063600743
B1155104201058N00044647EA0063600743
B1155114201058N00044646EA0063600742
B1155124201058N00044646EA0063600743
B1155134201058N00044646EA0063600743
B1155144201058N00044647EA0063600743
B1155154201057N00044647EA0063700742
B1155164201057N00044646EA0063600742
B1155174201057N00044646EA0063600742
B1155184201057N00044647EA0063600742
B1155194201057N00044646EA0063600742
B1155204201056N00044646EA0063600742
B1155214201056N00044646EA0063700742
B1155224201057N00044647EA0063600742
B1155234201057N00044647EA0063600742
B1155244201057N00044647EA0063600742
B1155254201057N00044647EA0063600742
B1155264201058N00044649EA0063700741
B1155274201058N00044648EA0063600740
B1155284201058N00044648EA0063600740
B1155294201057N00044647EA0063700741
B1155304201058N00044647EA0063600741
B1155314201057N00044647EA0063600742
B1155324201058N00044648EA0063600742
B1155334201058N00044649EA0063600741
B1155344201058N00044649EA0063600740
B1155354201059N00044649EA0063600740
B1155364201059N00044650EA0063600740
B1155374201059N00044650EA0063600740
B1155384201058N00044649EA0063600740
B1155394201059N00044649EA0063600741
B1155404201058N00044649EA0063600741
B1155414201059N00044649EA0063600741
B1155424201059N00044650EA0063600741
B1155434201059N00044650EA0063600741
B1155444201059N00044650EA0063600741
B1155454201059N00044650EA0063600741
B1155464201060N00044651EA0063600741
B1155474201061N00044652EA0063600741
B1155484201061N00044652EA0063600741
B1155494201061N00044652EA0063600741
B1155504201061N00044652EA0063700741
B1155514201061N00044652EA0063700741
B1155524201061N00044652EA0063600740
B1155534201061N00044652EA0063700740
B1155544201061N00044652EA0063600741
B1155554201061N00044652EA0063600740
B1155564201060N00044652EA0063600740
B1155574201061N00044652EA0063600741
B1155584201061N00044652EA0063600740
B1155594201060N00044652EA0063600740
B1156004201060N00044652EA0063600741
B1156014201060N00044652EA0063600741
B1156024201060N00044651EA0063600741
B1156034201060N00044651EA0063600741
B1156044201060N00044651EA0063600741
B1156054201059N00044651EA0063600741
B1156064201059N00044650EA0063600741
B1156074201059N00044651EA0063600741
B1156084201059N00044650EA0063600741
B1156094201059N00044650EA0063600741
B1156104201059N00044650EA0063600741
B1156114201058N00044650EA0063600741
B1156124201058N00044649EA0063600741
B1156134201058N00044649EA0063600741
B1156144201058N00044649EA0063700741
B1156154201058N00044650EA0063600741
B1156164201058N00044649EA0063600741
B1156174201058N00044648EA0063700741
B1156184201058N00044648EA0063600742
B1156194201058N00044648EA0063600742
B1156204201058N00044648EA0063600742
B1156214201058N00044648EA0063600742
B1156224201058N00044648EA0063600742
B1156234201057N00044646EA0063600742
B1156244201057N00044646EA0063700743
B1156254201057N00044646EA0063600743
B1156264201057N00044647EA0063600743
B1156274201058N00044647EA0063700743
B1156284201058N00044647EA0063700743
B1156294201058N00044648EA0063600743
B1156304201058N00044648EA0063600743
B1156314201058N00044648EA0063600742
B1156324201058N00044649EA0063700743
B1156334201058N00044649EA0063700742
B1156344201058N00044649EA0063700741
B1156354201058N00044649EA0063700740
B1156364201058N00044650EA0063700740
B1156374201058N00044650EA0063700739
B1156384201058N00044651EA0063700738
B1156394201058N00044651EA0063700737
B1156404201058N00044652EA0063700736
B1156414201058N00044651EA0063700735
B1156424201057N00044652EA0063700735
B1156434201057N00044652EA0063700734
B1156444201057N00044652EA0063700733
B1156454201057N00044652EA0063700733
B1156464201057N00044652EA0063700733
B1156474201057N00044652EA0063700733
B1156484201057N00044653EA0063700732
B1156494201057N00044653EA0063700732
B1156504201057N00044652EA0063600732
B1156514201057N00044652EA0063700732
B1156524201057N00044652EA0063700732
B1156534201057N00044653EA0063600731
B1156544201056N00044653EA0063600731
B1156554201057N00044653EA0063700730
B1156564201057N00044653EA0063700730
B1156574201057N00044653EA0063700730
B1156584201057N00044653EA0063700730
B1156594201057N00044654EA0063700730
B1157004201057N00044654EA0063700729
B1157014201057N00044654EA0063600729
B1157024201057N00044653EA0063600729
B1157034201057N00044653EA0063700729
B1157044201057N00044653EA0063700729
B1157054201056N00044652EA0063700729
B1157064201056N00044652EA0063600729
B1157074201056N00044652EA0063600729
B1157084201055N00044652EA0063600728
B1157094201055N00044652EA0063600728
B1157104201055N00044652EA0063600728
B1157114201054N00044651EA0063600727
B1157124201055N00044651EA0063600727
B1157134201055N00044651EA0063700727
B1157144201055N00044650EA0063700727
B1157154201056N00044650EA0063600728
B1157164201056N00044650EA0063600728
B1157174201056N00044649EA0063600728
B1157184201056N00044649EA0063600728
B1157194201056N00044649EA0063600728
B1157204201056N00044649EA0063700728
B1157214201057N00044650EA0063700728
B1157224201057N00044649EA0063600728
B1157234201057N00044649EA0063700728
B1157244201057N00044648EA0063700729
B1157254201057N00044648EA0063700729
B1157264201057N00044648EA0063600729
B1157274201057N00044649EA0063600728
B1157284201057N00044649EA0063700728
B1157294201056N00044648EA0063700728
B1157304201056N00044648EA0063700729
B1157314201056N00044648EA0063700729
B1157324201055N00044647EA0063700729
B1157334201055N00044647EA0063700729
B1157344201055N00044647EA0063700729
B1157354201054N00044645EA0063700730
B1157364201055N00044646EA0063600730
B1157374201055N00044646EA0063600730
B1157384201054N00044644EA0063600730
B1157394201054N00044644EA0063600731
B1157404201054N00044644EA0063600730
B1157414201055N00044645EA0063600730
B1157424201055N00044645EA0063600730
B1157434201055N00044645EA0063600729
B1157444201055N00044647EA0063600729
B1157454201054N00044647EA0063600728
B1157464201054N00044647EA0063600728
B1157474201054N00044647EA0063600727
B1157484201054N00044647EA0063600727
B1157494201054N00044648EA0063600726
B1157504201055N00044649EA0063700726
B1157514201054N00044649EA0063600725
B1157524201054N00044649EA0063600725
B1157534201054N00044650EA0063600725
B1157544201053N00044650EA0063600725
B1157554201053N00044651EA0063600725
B1157564201054N00044652EA0063600725
B1157574201053N00044651EA0063600725
B1157584201053N00044652EA0063600725
B1157594201053N00044653EA0063600725
B1158004201053N00044653EA0063600725
B1158014201053N00044653EA0063600725
B1158024201054N00044654EA0063600725
B1158034201054N00044654EA0063600725
B1158044201054N00044655EA0063600725
B1158054201054N00044655EA0063600725
B1158064201054N00044654EA0063600725
B1158074201054N00044654EA0063600726
B1158084201054N00044655EA0063600726
B1158094201054N00044655EA0063600725
B1158104201054N00044655EA0063600725
B1158114201056N00044658EA0063600725
B1158124201056N00044657EA0063600725
B1158134201056N00044658EA0063600725
B1158144201056N00044659EA0063600725
B1158154201056N00044659EA0063600725
B1158164201056N00044659EA0063600725
B1158174201056N00044657EA0063600726
B1158184201056N00044657EA0063600727
B1158194201055N00044656EA0063600726
B1158204201055N00044657EA0063600727
B1158214201055N00044657EA0063600726
B1158224201055N00044657EA0063600727
B1158234201054N00044654EA0063600727
B1158244201054N00044654EA0063600728
B1158254201054N00044654EA0063600728
B1158264201054N00044653EA0063700728
B1158274201054N00044652EA0063600729
B1158284201053N00044652EA0063600730
B1158294201053N00044651EA0063600730
B1158304201053N00044651EA0063600731
B1158314201053N00044651EA0063600731
B1158324201053N00044651EA0063600731
B1158334201053N00044651EA0063600731
B1158344201053N00044652EA0063600731
B1158354201053N00044653EA0063600731
B1158364201053N00044653EA0063600730
B1158374201054N00044654EA0063600730
B1158384201053N00044653EA0063600730
B1158394201054N00044654EA0063600730
B1158404201054N00044654EA0063600731
B1158414201054N00044655EA0063600731
B1158424201055N00044655EA0063600731
B1158434201055N00044655EA0063600731
B1158444201056N00044657EA0063600731
B1158454201056N00044657EA0063600730
B1158464201056N00044657EA0063600730
B1158474201056N00044657EA0063600730
B1158484201056N00044657EA0063600731
B1158494201056N00044657EA0063600731
B1158504201056N00044658EA0063600731
B1158514201056N00044658EA0063600732
B1158524201057N00044659EA0063600732
B1158534201056N00044657EA0063600732
B1158544201056N00044657EA0063600733
B1158554201057N00044657EA0063600733
B1158564201057N00044656EA0063600734
B1158574201057N00044656EA0063600734
B1158584201057N00044657EA0063600734
B1158594201057N00044656EA0063600734
B1159004201057N00044656EA0063600734
B1159014201057N00044656EA0063600734
B1159024201057N00044655EA0063600734
B1159034201057N00044655EA0063600735
B1159044201057N00044655EA0063600735
B1159054201057N00044655EA0063600735
B1159064201058N00044655EA0063600735
B1159074201058N00044656EA0063600735
B1159084201057N00044655EA0063600735
B1159094201057N00044655EA0063600735
B1159104201057N00044656EA0063600735
B1159114201057N00044657EA0063600734
B1159124201057N00044657EA0063600733
B1159134201057N00044656EA0063600734
B1159144201057N00044657EA0063600734
B1159154201057N00044657EA0063600734
B1159164201057N00044657EA0063600734
B1159174201057N00044657EA0063600734
B1159184201057N00044657EA0063600733
B1159194201057N00044657EA0063600733
B1159204201057N00044657EA0063600732
B1159214201057N00044656EA0063600733
B1159224201057N00044656EA0063600733
B1159234201057N00044657EA0063600733
B1159244201057N00044658EA0063600732
B1159254201057N00044658EA0063600732
B1159264201057N00044657EA0063600732
B1159274201057N00044657EA0063600733
B1159284201057N00044658EA0063600733
B1159294201057N00044659EA0063600733
B1159304201058N00044659EA0063600732
B1159314201058N00044659EA0063600733
B1159324201058N00044659EA0063600733
B1159334201058N00044659EA0063600733
B1159344201058N00044659EA0063600733
B1159354201058N00044658EA0063600733
B1159364201058N00044659EA0063600734
B1159374201058N00044659EA0063600734
B1159384201059N00044659EA0063600734
B1159394201059N00044659EA0063600735
B1159404201059N00044659EA0063600735
B1159414201059N00044659EA0063600735
B1159424201059N00044659EA0063600735
B1159434201059N00044659EA0063600735
B1159444201059N00044659EA0063600735
B1159454201059N00044659EA0063600734
B1159464201059N00044659EA0063600734
B1159474201059N00044659EA0063600734
B1159484201059N00044658EA0063600736
B1159494201059N00044658EA0063600735
B1159504201059N00044659EA0063600736
B1159514201059N00044659EA0063600735
B1159524201059N00044658EA0063600735
B1159534201060N00044660EA0063600736
B1159544201060N00044659EA0063600735
B1159554201060N00044659EA0063600735
B1159564201060N00044660EA0063600735
B1159574201060N00044660EA0063600735
B1159584201061N00044660EA0063600735
B1159594201061N00044658EA0063600735
B1200004201061N00044658EA0063600736
B1200014201061N00044658EA0063600736
B1200024201061N00044655EA0063600737
B1200034201061N00044655EA0063600738
B1200044201061N00044655EA0063600739
B1200054201061N00044654EA0063600739
B1200064201061N00044653EA0063600739
B1200074201060N00044653EA0063600739
B1200084201060N00044652EA0063600739
B1200094201060N00044652EA0063600739
B1200104201060N00044651EA0063600739
B1200114201060N00044652EA0063600740
B1200124201060N00044651EA0063600739
B1200134201059N00044650EA0063600739
B1200144201060N00044652EA0063600739
B1200154201060N00044652EA0063600739
B1200164201059N00044652EA0063600739
B1200174201059N00044653EA0063600739
B1200184201059N00044650EA0063600739
B1200194201059N00044648EA0063600740
B1200204201058N00044646EA0063600742
B1200214201058N00044643EA0063600743
B1200224201058N00044641EA0063600744
B1200234201057N00044639EA0063600746
B1200244201057N00044637EA0063700747
B1200254201056N00044636EA0063700748
B1200264201056N00044636EA0063700749
B1200274201056N00044635EA0063600748
B1200284201056N00044636EA0063600748
B1200294201056N00044636EA0063600748
B1200304201056N00044636EA0063700747
B1200314201056N00044636EA0063600747
B1200324201056N00044636EA0063600746
B1200334201056N00044636EA0063600746
B1200344201056N00044636EA0063600746
B1200354201057N00044636EA0063600745
B1200364201057N00044636EA0063600745
B1200374201057N00044637EA0063600745
B1200384201057N00044637EA0063600744
B1200394201058N00044638EA0063600744
B1200404201058N00044638EA0063600743
B1200414201058N00044638EA0063600743
B1200424201058N00044638EA0063600743
B1200434201058N00044639EA0063600743
B1200444201058N00044639EA0063600742
B1200454201058N00044639EA0063600742
B1200464201058N00044639EA0063600742
B1200474201058N00044639EA0063600741
B1200484201058N00044639EA0063600741
B1200494201059N00044639EA0063600741
B1200504201059N00044639EA0063600740
B1200514201059N00044639EA0063600741
B1200524201059N00044640EA0063600741
B1200534201059N00044640EA0063600741
B1200544201059N00044639EA0063600741
B1200554201058N00044639EA0063600741
B1200564201058N00044639EA0063600741
B1200574201058N00044639EA0063600741
B1200584201057N00044638EA0063600740
B1200594201057N00044639EA0063600740
B1201004201058N00044639EA0063600740
B1201014201058N00044639EA0063600740
B1201024201057N00044639EA0063600740
B1201034201057N00044639EA0063600740
B1201044201057N00044639EA0063600740
B1201054201057N00044638EA0063600740
B1201064201057N00044638EA0063600741
B1201074201057N00044638EA0063600741
B1201084201057N00044639EA0063600741
B1201094201057N00044639EA0063600741
B1201104201057N00044639EA0063600741
B1201114201057N00044639EA0063600741
B1201124201058N00044639EA0063600742
B1201134201058N00044640EA0063600742
B1201144201057N00044639EA0063600742
B1201154201057N00044640EA0063600742
B1201164201058N00044640EA0063600742
B1201174201058N00044640EA0063600742
B1201184201058N00044640EA0063600742
B1201194201058N00044640EA0063600742
B1201204201058N00044640EA0063600742
B1201214201057N00044640EA0063600743
B1201224201057N00044640EA0063600742
B1201234201057N00044640EA0063600742
B1201244201056N00044639EA0063600742
B1201254201056N00044639EA0063600741
B1201264201057N00044640EA0063600741
B1201274201057N00044640EA0063600741
B1201284201057N00044640EA0063600741
B1201294201057N00044640EA0063600741
B1201304201057N00044640EA0063600741
B1201314201056N00044640EA0063600741
B1201324201058N00044642EA0063600741
B1201334201058N00044642EA0063600742
B1201344201058N00044642EA0063600742
B1201354201059N00044643EA0063600742
B1201364201059N00044643EA0063600741
B1201374201059N00044643EA0063700741
B1201384201058N00044642EA0063700741
B1201394201058N00044642EA0063600741
B1201404201058N00044642EA0063600741
B1201414201059N00044643EA0063600741
B1201424201059N00044643EA0063700741
B1201434201058N00044643EA0063700741
B1201444201058N00044643EA0063600741
B1201454201058N00044643EA0063600741
B1201464201058N00044643EA0063600740
B1201474201058N00044643EA0063600740
B1201484201057N00044643EA0063700740
B1201494201057N00044643EA0063700739
B1201504201057N00044643EA0063700739
B1201514201057N00044643EA0063700739
B1201524201057N00044643EA0063700739
B1201534201057N00044643EA0063700739
B1201544201057N00044643EA0063700738
B1201554201057N00044643EA0063700738
B1201564201057N00044643EA0063700738
B1201574201058N00044644EA0063600738
B1201584201057N00044643EA0063600738
B1201594201057N00044644EA0063600738
B1202004201057N00044644EA0063600737
B1202014201057N00044643EA0063700737
B1202024201057N00044643EA0063700737
B1202034201057N00044643EA0063700737
B1202044201056N00044643EA0063700737
B1202054201056N00044643EA0063600737
B1202064201056N00044643EA0063600737
B1202074201056N00044643EA0063600737
B1202084201056N00044643EA0063600737
B1202094201056N00044643EA0063600736
B1202104201056N00044643EA0063600736
B1202114201056N00044643EA0063600736
B1202124201056N00044643EA0063600736
B1202134201056N00044643EA0063600735
B1202144201056N00044643EA0063600735
B1202154201056N00044644EA0063600735
B1202164201056N00044644EA0063600735
B1202174201056N00044644EA0063700735
B1202184201056N00044644EA0063600735
B1202194201056N00044644EA0063600735
B1202204201056N00044644EA0063600735
B1202214201055N00044644EA0063600735
B1202224201055N00044644EA0063600734
B1202234201056N00044644EA0063600735
B1202244201055N00044644EA0063600735
B1202254201055N00044644EA0063600735
B1202264201055N00044644EA0063600735
B1202274201055N00044644EA0063600735
B1202284201055N00044644EA0063600735
B1202294201055N00044644EA0063600735
B1202304201055N00044644EA0063700736
B1202314201055N00044644EA0063700736
B1202324201054N00044644EA0063700736
B1202334201054N00044644EA0063600736
B1202344201055N00044644EA0063700737
B1202354201054N00044644EA0063600737
B1202364201055N00044644EA0063600737
B1202374201055N00044644EA0063600737
B1202384201055N00044645EA0063600737
B1202394201055N00044645EA0063600737
B1202404201055N00044645EA0063600737
B1202414201054N00044644EA0063600737
B1202424201054N00044644EA0063600738
B1202434201054N00044644EA0063600738
B1202444201054N00044644EA0063600738
B1202454201055N00044645EA0063600738
B1202464201055N00044645EA0063600738
B1202474201055N00044645EA0063600738
B1202484201055N00044645EA0063600738
B1202494201055N00044645EA0063600739
B1202504201055N00044646EA0063600739
B1202514201056N00044646EA0063600739
B1202524201055N00044646EA0063600739
B1202534201056N00044646EA0063600739
B1202544201056N00044646EA0063600739
B1202554201056N00044646EA0063600739
B1202564201056N00044647EA0063600739
B1202574201057N00044647EA0063600739
B1202584201057N00044647EA0063600740
B1202594201058N00044648EA0063600740
B1203004201058N00044648EA0063600740
B1203014201058N00044648EA0063600740
B1203024201057N00044647EA0063600740
B1203034201057N00044648EA0063600740
B1203044201057N00044648EA0063600740
B1203054201057N00044648EA0063600740
B1203064201058N00044648EA0063600741
B1203074201058N00044648EA0063600741
B1203084201058N00044648EA0063600741
B1203094201058N00044649EA0063600741
B1203104201058N00044649EA0063600741
B1203114201058N00044649EA0063600741
B1203124201058N00044649EA0063600741
B1203134201058N00044649EA0063600741
B1203144201057N00044648EA0063600741
B1203154201057N00044648EA0063600741
B1203164201057N00044648EA0063600741
B1203174201057N00044648EA0063600741
B1203184201057N00044648EA0063600741
B1203194201057N00044648EA0063600741
B1203204201057N00044648EA0063600742
B1203214201057N00044648EA0063600742
B1203224201057N00044648EA0063600742
B1203234201056N00044647EA0063600742
B1203244201056N00044647EA0063600742
B1203254201056N00044647EA0063600742
B1203264201056N00044647EA0063600742
B1203274201056N00044647EA0063600742
B1203284201056N00044647EA0063600742
B1203294201055N00044647EA0063600742
B1203304201055N00044647EA0063600742
B1203314201055N00044647EA0063600742
B1203324201055N00044646EA0063600742
B1203334201055N00044647EA0063600742
B1203344201055N00044647EA0063600742
B1203354201055N00044646EA0063600742
B1203364201055N00044646EA0063600742
B1203374201054N00044646EA0063600742
B1203384201054N00044645EA0063600742
B1203394201054N00044645EA0063600741
B1203404201054N00044645EA0063600741
B1203414201053N00044644EA0063600741
B1203424201053N00044644EA0063600741
B1203434201052N00044644EA0063600741
B1203444201053N00044645EA0063600741
B1203454201053N00044645EA0063600741
B1203464201053N00044645EA0063600741
B1203474201053N00044645EA0063600741
B1203484201053N00044645EA0063600741
B1203494201053N00044645EA0063600741
B1203504201054N00044645EA0063600741
B1203514201054N00044646EA0063600741
B1203524201054N00044645EA0063600741
B1203534201053N00044645EA0063600741
B1203544201053N00044645EA0063600741
B1203554201055N00044646EA0063600741
B1203564201056N00044647EA0063600741
B1203574201056N00044647EA0063600741
B1203584201056N00044647EA0063600741
B1203594201057N00044648EA0063600741
B1204004201057N00044648EA0063600741
B1204014201057N00044648EA0063600741
B1204024201057N00044648EA0063600741
B1204034201057N00044648EA0063600740
B1204044201057N00044648EA0063600740
B1204054201056N00044647EA0063600740
B1204064201056N00044648EA0063600740
B1204074201057N00044648EA0063600740
B1204084201056N00044647EA0063600740
B1204094201056N00044647EA0063600739
B1204104201056N00044647EA0063600739
B1204114201056N00044647EA0063600739
B1204124201056N00044647EA0063600739
B1204134201056N00044647EA0063600739
B1204144201056N00044647EA0063600739
B1204154201056N00044647EA0063600739
B1204164201056N00044647EA0063600740
B1204174201056N00044647EA0063600740
B1204184201056N00044647EA0063600739
B1204194201055N00044646EA0063600739
B1204204201055N00044646EA0063600739
B1204214201055N00044647EA0063600739
B1204224201055N00044646EA0063600739
B1204234201056N00044647EA0063600739
B1204244201056N00044647EA0063600739
B1204254201055N00044646EA0063600739
B1204264201055N00044646EA0063600739
B1204274201055N00044646EA0063600739
B1204284201055N00044646EA0063600739
B1204294201055N00044646EA0063600739
B1204304201056N00044646EA0063600738
B1204314201055N00044646EA0063600738
B1204324201055N00044646EA0063600738
B1204334201055N00044646EA0063600738
B1204344201056N00044646EA0063600738
B1204354201056N00044647EA0063600738
B1204364201056N00044646EA0063600738
B1204374201055N00044646EA0063600738
B1204384201055N00044646EA0063600738
B1204394201056N00044646EA0063600738
B1204404201055N00044646EA0063600739
B1204414201055N00044646EA0063600738
B1204424201055N00044646EA0063600739
B1204434201056N00044646EA0063600739
B1204444201056N00044646EA0063600739
B1204454201056N00044646EA0063600739
B1204464201056N00044647EA0063600739
B1204474201056N00044647EA0063600739
B1204484201056N00044647EA0063600739
B1204494201056N00044647EA0063600739
B1204504201057N00044648EA0063600739
B1204514201058N00044648EA0063600740
B1204524201058N00044649EA0063600740
B1204534201058N00044649EA0063600740
B1204544201058N00044649EA0063600740
B1204554201058N00044649EA0063600740
B1204564201058N00044649EA0063600741
B1204574201059N00044650EA0063600741
B1204584201059N00044650EA0063600741
B1204594201059N00044650EA0063600741
B1205004201059N00044650EA0063600741
B1205014201059N00044650EA0063600741
B1205024201059N00044650EA0063600741
B1205034201059N00044650EA0063600741
B1205044201059N00044649EA0063600740
B1205054201058N00044649EA0063600740
B1205064201058N00044649EA0063600740
B1205074201058N00044649EA0063600740
B1205084201059N00044649EA0063600739
B1205094201059N00044650EA0063600739
B1205104201059N00044650EA0063600739
B1205114201059N00044650EA0063600739
B1205124201059N00044650EA0063600739
B1205134201059N00044650EA0063600739
B1205144201060N00044651EA0063600739
B1205154201060N00044651EA0063600738
B1205164201060N00044651EA0063600738
B1205174201060N00044651EA0063600738
B1205184201060N00044651EA0063600737
B1205194201060N00044651EA0063600737
B1205204201059N00044650EA0063600737
B1205214201059N00044650EA0063600736
B1205224201059N00044650EA0063600736
B1205234201060N00044651EA0063600736
B1205244201060N00044651EA0063600736
B1205254201061N00044651EA0063600736
B1205264201061N00044651EA0063600735
B1205274201060N00044651EA0063600736
B1205284201060N00044651EA0063600735
B1205294201060N00044650EA0063600735
B1205304201060N00044650EA0063600735
B1205314201060N00044650EA0063600735
B1205324201060N00044651EA0063600735
B1205334201061N00044651EA0063600735
B1205344201061N00044651EA0063600734
B1205354201061N00044651EA0063600734
B1205364201061N00044650EA0063600734
B1205374201061N00044650EA0063600734
B1205384201061N00044650EA0063600734
B1205394201061N00044650EA0063600734
B1205404201061N00044650EA0063600734
B1205414201061N00044650EA0063600734
B1205424201061N00044650EA0063600733
B1205434201061N00044650EA0063600733
B1205444201061N00044649EA0063600733
B1205454201061N00044649EA0063600733
B1205464201061N00044649EA0063600733
B1205474201060N00044648EA0063600733
B1205484201060N00044648EA0063600733
B1205494201059N00044648EA0063600733
B1205504201060N00044648EA0063600732
B1205514201060N00044648EA0063600732
B1205524201059N00044648EA0063600731
B1205534201059N00044648EA0063600731
B1205544201059N00044648EA0063600731
B1205554201059N00044648EA0063600730
B1205564201060N00044649EA0063600730
B1205574201060N00044649EA0063600730
B1205584201060N00044649EA0063600730
B1205594201061N00044650EA0063600729
B1206004201061N00044650EA0063600729
B1206014201061N00044650EA0063600729
B1206024201061N00044650EA0063600729
B1206034201061N00044650EA0063600729
B1206044201062N00044650EA0063600729
B1206054201061N00044650EA0063600729
B1206064201061N00044650EA0063600729
B1206074201061N00044650EA0063600730
B1206084201062N00044651EA0063600730
B1206094201062N00044651EA0063600730
B1206104201062N00044651EA0063600730
B1206114201061N00044650EA0063600730
B1206124201061N00044650EA0063600730
B1206134201062N00044651EA0063600730
B1206144201061N00044650EA0063600731
B1206154201062N00044650EA0063600731
B1206164201062N00044651EA0063600731
B1206174201061N00044650EA0063600731
B1206184201061N00044649EA0063600731
B1206194201061N00044649EA0063600731
B1206204201060N00044649EA0063600732
B1206214201060N00044649EA0063600732
B1206224201060N00044648EA0063600732
B1206234201060N00044649EA0063600732
B1206244201061N00044649EA0063600732
B1206254201061N00044649EA0063600733
B1206264201060N00044648EA0063600733
B1206274201061N00044648EA0063600733
B1206284201061N00044648EA0063600733
B1206294201061N00044648EA0063600734
B1206304201061N00044648EA0063600734
B1206314201061N00044648EA0063600734
B1206324201060N00044648EA0063600734
B1206334201060N00044648EA0063600735
B1206344201060N00044648EA0063600736
B1206354201059N00044648EA0063600737
B1206364201059N00044648EA0063600738
B1206374201059N00044648EA0063600739
B1206384201058N00044647EA0063600740
B1206394201058N00044647EA0063600740
B1206404201058N00044647EA0063600741
B1206414201058N00044648EA0063600742
B1206424201058N00044647EA0063600742
B1206434201058N00044648EA0063600743
B1206444201058N00044648EA0063600743
B1206454201057N00044647EA0063600744
B1206464201057N00044647EA0063600744
B1206474201057N00044647EA0063600745
B1206484201057N00044648EA0063600745
B1206494201058N00044648EA0063600746
B1206504201058N00044648EA0063600746
B1206514201057N00044648EA0063600747
B1206524201058N00044648EA0063600748
B1206534201058N00044648EA0063600748
B1206544201058N00044648EA0063600748
B1206554201058N00044648EA0063600749
B1206564201058N00044649EA0063600749
B1206574201058N00044649EA0063600749
B1206584201058N00044649EA0063600750
B1206594201058N00044649EA0063600750
B1207004201058N00044649EA0063600751
B1207014201058N00044649EA0063600751
B1207024201058N00044649EA0063600752
B1207034201058N00044649EA0063600751
B1207044201058N00044649EA0063600752
B1207054201058N00044649EA0063600752
B1207064201058N00044649EA0063600753
B1207074201058N00044649EA0063600753
B1207084201058N00044649EA0063600754
B1207094201057N00044649EA0063600754
B1207104201057N00044649EA0063600754
B1207114201057N00044649EA0063600755
B1207124201056N00044649EA0063600755
B1207134201056N00044648EA0063600756
B1207144201056N00044649EA0063600756
B1207154201056N00044649EA0063600756
B1207164201056N00044648EA0063600756
B1207174201056N00044648EA0063600756
B1207184201056N00044648EA0063600756
B1207194201055N00044648EA0063600756
B1207204201055N00044647EA0063600757
B1207214201055N00044647EA0063600757
B1207224201054N00044647EA0063600757
B1207234201054N00044647EA0063600757
B1207244201054N00044647EA0063600757
B1207254201053N00044646EA0063600757
B1207264201053N00044646EA0063600757
B1207274201053N00044646EA0063600757
B1207284201053N00044646EA0063600757
B1207294201054N00044646EA0063600757
B1207304201054N00044647EA0063600757
B1207314201053N00044646EA0063600757
B1207324201053N00044646EA0063600756
B1207334201053N00044645EA0063600756
B1207344201053N00044645EA0063600756
B1207354201054N00044646EA0063600757
B1207364201054N00044645EA0063600757
B1207374201053N00044645EA0063600757
B1207384201053N00044645EA0063600757
B1207394201053N00044645EA0063600757
B1207404201053N00044645EA0063600757
B1207414201054N00044645EA0063700757
B1207424201054N00044645EA0063600757
B1207434201054N00044645EA0063600757
B1207444201054N00044646EA0063600757
B1207454201054N00044646EA0063600757
B1207464201054N00044646EA0063600757
B1207474201054N00044646EA0063700757
B1207484201054N00044646EA0063700756
B1207494201055N00044646EA0063600756
B1207504201054N00044646EA0063600756
B1207514201054N00044646EA0063600756
B1207524201054N00044646EA0063600756
B1207534201055N00044646EA0063600756
B1207544201054N00044646EA0063700755
B1207554201055N00044646EA0063600755
B1207564201055N00044647EA0063700755
B1207574201055N00044647EA0063600755
B1207584201055N00044647EA0063600755
B1207594201054N00044647EA0063600754
B1208004201055N00044647EA0063600754
B1208014201054N00044647EA0063600754
B1208024201055N00044647EA0063600754
B1208034201055N00044647EA0063600754
B1208044201055N00044647EA0063600754
B1208054201054N00044646EA0063600754
B1208064201055N00044646EA0063600754
B1208074201055N00044647EA0063600754
B1208084201056N00044647EA0063600754
B1208094201056N00044647EA0063600753
B1208104201055N00044647EA0063600753
B1208114201055N00044647EA0063600753
B1208124201055N00044647EA0063600753
B1208134201055N00044647EA0063600753
B1208144201055N00044646EA0063600753
B1208154201054N00044646EA0063600753
B1208164201054N00044646EA0063600753
B1208174201053N00044645EA0063600752
B1208184201053N00044645EA0063600752
B1208194201053N00044644EA0063600752
B1208204201052N00044644EA0063600750
B1208214201052N00044644EA0063600749
B1208224201052N00044644EA0063600748
B1208234201053N00044644EA0063600748
B1208244201053N00044645EA0063600747
B1208254201053N00044645EA0063600747
B1208264201054N00044645EA0063600747
B1208274201054N00044646EA0063600747
B1208284201054N00044646EA0063600747
B1208294201054N00044647EA0063600746
B1208304201054N00044647EA0063600746
B1208314201054N00044646EA0063600746
B1208324201054N00044647EA0063600746
B1208334201054N00044647EA0063600746
B1208344201054N00044647EA0063600746
B1208354201055N00044647EA0063600745
B1208364201054N00044647EA0063600746
B1208374201054N00044647EA0063600746
B1208384201055N00044647EA0063600745
B1208394201055N00044647EA0063600745
B1208404201056N00044648EA0063600745
B1208414201055N00044647EA0063600745
B1208424201055N00044647EA0063600745
B1208434201056N00044648EA0063600745
B1208444201056N00044648EA0063600746
B1208454201056N00044647EA0063600746
B1208464201057N00044648EA0063600746
B1208474201056N00044647EA0063600746
B1208484201055N00044646EA0063600746
B1208494201056N00044647EA0063600745
B1208504201055N00044646EA0063600745
B1208514201055N00044646EA0063600745
B1208524201055N00044646EA0063600745
B1208534201056N00044646EA0063600745
B1208544201056N00044647EA0063600745
B1208554201057N00044647EA0063600744
B1208564201057N00044648EA0063600745
B1208574201057N00044648EA0063600745
B1208584201057N00044648EA0063600745
B1208594201058N00044649EA0063600745
B1209004201058N00044649EA0063600745
B1209014201058N00044650EA0063600744
B1209024201057N00044647EA0063600744
B1209034201057N00044648EA0063600744
B1209044201057N00044648EA0063600745
B1209054201057N00044648EA0063600745
B1209064201057N00044648EA0063600745
B1209074201057N00044648EA0063600745
B1209084201058N00044649EA0063600745
B1209094201058N00044649EA0063600745
B1209104201058N00044649EA0063600745
B1209114201058N00044648EA0063600745
B1209124201058N00044648EA0063600745
B1209134201058N00044648EA0063600745
B1209144201058N00044648EA0063600744
B1209154201058N00044648EA0063600744
B1209164201058N00044648EA0063600744
B1209174201058N00044648EA0063600744
B1209184201058N00044648EA0063600744
B1209194201058N00044648EA0063600744
B1209204201058N00044648EA0063600744
B1209214201058N00044648EA0063600745
B1209224201058N00044648EA0063600745
B1209234201058N00044648EA0063600745
B1209244201058N00044647EA0063600746
B1209254201058N00044647EA0063600746
B1209264201058N00044647EA0063600746
B1209274201058N00044647EA0063600745
B1209284201058N00044647EA0063600745
B1209294201059N00044648EA0063600745
B1209304201059N00044649EA0063600745
B1209314201059N00044649EA0063600744
B1209324201059N00044648EA0063600744
B1209334201059N00044649EA0063600744
B1209344201059N00044649EA0063600745
B1209354201059N00044649EA0063600744
B1209364201059N00044649EA0063600744
B1209374201060N00044649EA0063600744
B1209384201060N00044649EA0063600745
B1209394201060N00044649EA0063600744
B1209404201060N00044649EA0063600744
B1209414201061N00044651EA0063600743
B1209424201061N00044651EA0063600743
B1209434201061N00044651EA0063600743
B1209444201061N00044652EA0063600743
B1209454201061N00044651EA0063600743
B1209464201061N00044651EA0063600743
B1209474201060N00044650EA0063600743
B1209484201060N00044650EA0063600743
B1209494201060N00044650EA0063600742
B1209504201060N00044649EA0063600742
B1209514201060N00044649EA0063600742
B1209524201060N00044649EA0063600742
B1209534201059N00044649EA0063600742
B1209544201059N00044649EA0063600743
B1209554201059N00044649EA0063600743
B1209564201059N00044648EA0063600742
B1209574201059N00044648EA0063600742
B1209584201059N00044648EA0063600742
B1209594201058N00044647EA0063600743
B1210004201058N00044647EA0063600742
B1210014201057N00044647EA0063600742
B1210024201057N00044647EA0063600742
B1210034201057N00044646EA0063600743
B1210044201057N00044646EA0063600743
B1210054201056N00044645EA0063600743
B1210064201056N00044646EA0063600742
B1210074201056N00044645EA0063600742
B1210084201056N00044645EA0063600742
B1210094201056N00044646EA0063600742
B1210104201056N00044645EA0063600742
B1210114201055N00044645EA0063700742
B1210124201056N00044645EA0063700742
B1210134201056N00044645EA0063600742
B1210144201055N00044645EA0063600742
B1210154201055N00044645EA0063600742
B1210164201056N00044645EA0063600742
B1210174201056N00044645EA0063600742
B1210184201056N00044645EA0063700742
B1210194201056N00044646EA0063600742
B1210204201056N00044645EA0063600742
B1210214201056N00044645EA0063700742
B1210224201056N00044645EA0063700743
B1210234201055N00044644EA0063600743
B1210244201055N00044644EA0063600743
B1210254201056N00044645EA0063700743
B1210264201057N00044646EA0063600743
B1210274201057N00044646EA0063700744
B1210284201057N00044646EA0063700743
B1210294201056N00044645EA0063700743
B1210304201056N00044645EA0063700743
B1210314201056N00044645EA0063700743
B1210324201056N00044645EA0063700743
B1210334201056N00044645EA0063700743
B1210344201056N00044645EA0063600743
B1210354201056N00044645EA0063600743
B1210364201056N00044645EA0063600744
B1210374201056N00044645EA0063600745
B1210384201056N00044644EA0063700745
B1210394201056N00044644EA0063700745
B1210404201056N00044644EA0063700745
B1210414201055N00044643EA0063600745
B1210424201055N00044644EA0063600745
B1210434201055N00044644EA0063600745
B1210444201055N00044644EA0063700745
B1210454201055N00044644EA0063700744
B1210464201055N00044643EA0063700744
B1210474201056N00044644EA0063700744
B1210484201056N00044644EA0063700743
B1210494201056N00044644EA0063600743
B1210504201056N00044644EA0063700743
B1210514201056N00044645EA0063700743
B1210524201056N00044644EA0063700743
B1210534201057N00044646EA0063700743
B1210544201057N00044646EA0063700743
B1210554201057N00044646EA0063700744
B1210564201057N00044646EA0063700744
B1210574201057N00044646EA0063700744
B1210584201057N00044646EA0063700743
B1210594201057N00044646EA0063700743
B1211004201057N00044646EA0063700743
B1211014201058N00044646EA0063700742
B1211024201058N00044646EA0063700742
B1211034201058N00044646EA0063700742
B1211044201058N00044646EA0063700742
B1211054201058N00044646EA0063700742
B1211064201058N00044646EA0063700742
B1211074201058N00044646EA0063700742
B1211084201058N00044647EA0063700741
B1211094201058N00044647EA0063700742
B1211104201059N00044647EA0063700741
B1211114201059N00044647EA0063700742
B1211124201059N00044647EA0063700742
B1211134201059N00044648EA0063700742
B1211144201059N00044647EA0063700741
B1211154201059N00044647EA0063700741
B1211164201059N00044647EA0063700741
B1211174201060N00044648EA0063700741
B1211184201060N00044648EA0063700740
B1211194201060N00044648EA0063700740
B1211204201059N00044648EA0063700740
B1211214201059N00044648EA0063700740
B1211224201060N00044648EA0063700740
B1211234201059N00044648EA0063700740
B1211244201059N00044648EA0063700740
B1211254201060N00044649EA0063700740
B1211264201060N00044649EA0063700740
B1211274201061N00044650EA0063700740
B1211284201061N00044650EA0063700740
B1211294201060N00044649EA0063700740
B1211304201061N00044650EA0063700740
B1211314201061N00044650EA0063700740
B1211324201062N00044651EA0063700740
B1211334201062N00044651EA0063700740
B1211344201062N00044651EA0063700740
B1211354201061N00044651EA0063700740
B1211364201061N00044651EA0063700739
B1211374201061N00044651EA0063700739
B1211384201062N00044652EA0063700739
B1211394201062N00044652EA0063700739
B1211404201062N00044652EA0063700739
B1211414201062N00044651EA0063700740
B1211424201062N00044651EA0063700740
B1211434201061N00044651EA0063700740
B1211444201062N00044651EA0063700740
B1211454201062N00044651EA0063700740
B1211464201062N00044651EA0063700740
B1211474201061N00044650EA0063700740
B1211484201061N00044650EA0063700740
B1211494201062N00044651EA0063700740
B1211504201062N00044651EA0063700740
B1211514201062N00044651EA0063700739
B1211524201062N00044651EA0063700740
B1211534201062N00044651EA0063700739
B1211544201062N00044650EA0063700739
B1211554201062N00044650EA0063700739
B1211564201061N00044649EA0063700739
B1211574201061N00044649EA0063700738
B1211584201061N00044649EA0063700738
B1211594201060N00044648EA0063700737
B1212004201060N00044648EA0063700737
B1212014201060N00044648EA0063700737
B1212024201061N00044649EA0063700737
B1212034201061N00044649EA0063700737
B1212044201061N00044649EA0063700737
B1212054201061N00044649EA0063700737
B1212064201061N00044649EA0063700737
B1212074201061N00044648EA0063700736
B1212084201061N00044649EA0063700736
B1212094201061N00044649EA0063700736
B1212104201061N00044649EA0063700736
B1212114201061N00044649EA0063700736
B1212124201062N00044650EA0063700736
B1212134201062N00044650EA0063700736
B1212144201062N00044650EA0063700737
B1212154201062N00044650EA0063700736
B1212164201062N00044650EA0063700736
B1212174201063N00044652EA0063700736
B1212184201064N00044652EA0063700736
B1212194201064N00044652EA0063700736
B1212204201064N00044653EA0063700736
B1212214201065N00044653EA0063700736
B1212224201065N00044654EA0063700736
B1212234201065N00044653EA0063700736
B1212244201065N00044653EA0063700736
B1212254201065N00044653EA0063700736
B1212264201065N00044654EA0063700736
B1212274201065N00044654EA0063700735
B1212284201065N00044654EA0063700735
B1212294201065N00044654EA0063700735
B1212304201065N00044653EA0063700735
B1212314201065N00044653EA0063700735
B1212324201065N00044653EA0063700735
B1212334201065N00044653EA0063700736
B1212344201065N00044653EA0063700735
B1212354201065N00044653EA0063700735
B1212364201065N00044653EA0063700735
B1212374201065N00044653EA0063700735
B1212384201065N00044653EA0063700734
B1212394201065N00044653EA0063700734
B1212404201066N00044653EA0063700734
B1212414201065N00044653EA0063700734
B1212424201065N00044653EA0063700734
B1212434201065N00044652EA0063700734
B1212444201065N00044653EA0063700733
B1212454201065N00044653EA0063700734
B1212464201065N00044652EA0063700734
B1212474201064N00044652EA0063700734
B1212484201064N00044651EA0063700734
B1212494201064N00044651EA0063700733
B1212504201063N00044650EA0063700734
B1212514201062N00044649EA0063700733
B1212524201062N00044649EA0063700733
B1212534201061N00044648EA0063700733
B1212544201061N00044648EA0063700733
B1212554201061N00044647EA0063700734
B1212564201061N00044647EA0063700733
B1212574201061N00044647EA0063700732
B1212584201060N00044646EA0063700732
B1212594201060N00044646EA0063700732
B1213004201060N00044646EA0063700732
B1213014201060N00044646EA0063700732
B1213024201060N00044646EA0063700732
B1213034201060N00044645EA0063700731
B1213044201059N00044645EA0063700731
B1213054201059N00044644EA0063700731
B1213064201058N00044644EA0063700731
B1213074201058N00044644EA0063700731
B1213084201058N00044644EA0063700731
B1213094201058N00044644EA0063700732
B1213104201058N00044644EA0063700732
B1213114201059N00044644EA0063700732
B1213124201059N00044645EA0063700730
B1213134201060N00044645EA0063700730
B1213144201059N00044644EA0063700729
B1213154201060N00044645EA0063700729
B1213164201060N00044645EA0063700729
B1213174201061N00044646EA0063700728
B1213184201061N00044646EA0063700727
B1213194201062N00044647EA0063700727
B1213204201062N00044647EA0063700727
B1213214201062N00044647EA0063700726
B1213224201063N00044648EA0063700726
B1213234201063N00044648EA0063700725
B1213244201063N00044648EA0063700725
B1213254201063N00044648EA0063700725
B1213264201062N00044647EA0063700725
B1213274201062N00044647EA0063700726
B1213284201062N00044647EA0063700726
B1213294201061N00044647EA0063700726
B1213304201061N00044647EA0063700726
B1213314201062N00044647EA0063700726
B1213324201061N00044647EA0063700726
B1213334201061N00044646EA0063700726
B1213344201061N00044646EA0063700726
B1213354201060N00044646EA0063700726
B1213364201060N00044645EA0063700727
B1213374201060N00044646EA0063700727
B1213384201060N00044645EA0063700727
B1213394201060N00044645EA0063700728
B1213404201060N00044645EA0063700728
B1213414201060N00044646EA0063700728
B1213424201060N00044646EA0063700729
B1213434201060N00044646EA0063700729
B1213444201060N00044645EA0063700729
B1213454201060N00044646EA0063700729
B1213464201060N00044646EA0063700729
B1213474201060N00044646EA0063700729
B1213484201060N00044646EA0063700729
B1213494201060N00044646EA0063700729
B1213504201060N00044646EA0063700729
B1213514201060N00044646EA0063700730
B1213524201060N00044646EA0063700730
B1213534201060N00044647EA0063700730
B1213544201060N00044647EA0063700731
B1213554201060N00044647EA0063700731
B1213564201060N00044647EA0063700731
B1213574201060N00044647EA0063700731
B1213584201060N00044647EA0063700731
B1213594201061N00044648EA0063700731
B1214004201061N00044648EA0063700732
B1214014201060N00044648EA0063700732
B1214024201060N00044647EA0063600732
B1214034201060N00044647EA0063600732
B1214044201060N00044647EA0063700732
B1214054201059N00044646EA0063700732
B1214064201059N00044646EA0063700732
B1214074201060N00044647EA0063700733
B1214084201060N00044648EA0063700733
B1214094201060N00044648EA0063700734
B1214104201060N00044648EA0063700734
B1214114201060N00044648EA0063700734
B1214124201060N00044648EA0063700734
B1214134201060N00044648EA0063700735
B1214144201060N00044647EA0063700735
B1214154201060N00044648EA0063700735
B1214164201060N00044648EA0063700735
B1214174201061N00044649EA0063700735
B1214184201061N00044649EA0063700735
B1214194201061N00044648EA0063700735
B1214204201060N00044648EA0063700735
B1214214201060N00044648EA0063700736
B1214224201061N00044649EA0063700736
B1214234201061N00044649EA0063700736
B1214244201061N00044649EA0063700737
B1214254201060N00044648EA0063700737
B1214264201060N00044649EA0063700738
B1214274201061N00044649EA0063700738
B1214284201061N00044649EA0063700738
B1214294201060N00044648EA0063700738
B1214304201060N00044648EA0063700738
B1214314201060N00044648EA0063700738
B1214324201060N00044649EA0063700739
B1214334201060N00044648EA0063700739
B1214344201060N00044648EA0063600740
B1214354201060N00044648EA0063600740
B1214364201060N00044648EA0063600740
B1214374201060N00044649EA0063600741
B1214384201060N00044649EA0063600741
B1214394201061N00044649EA0063600741
B1214404201061N00044650EA0063600741
B1214414201061N00044650EA0063600742
B1214424201061N00044650EA0063600742
B1214434201061N00044650EA0063600742
B1214444201061N00044650EA0063600743
B1214454201061N00044651EA0063600742
B1214464201061N00044651EA0063600742
B1214474201062N00044651EA0063700743
B1214484201062N00044651EA0063600741
B1214494201061N00044651EA0063700742
B1214504201062N00044651EA0063700742
B1214514201062N00044651EA0063600742
B1214524201062N00044651EA0063600742
B1214534201061N00044650EA0063600742
B1214544201061N00044650EA0063700741
B1214554201061N00044650EA0063700741
B1214564201061N00044651EA0063700741
B1214574201061N00044650EA0063600742
B1214584201062N00044651EA0063600742
B1214594201062N00044651EA0063600742
B1215004201062N00044651EA0063600742
B1215014201062N00044651EA0063600742
B1215024201062N00044651EA0063600742
B1215034201062N00044651EA0063600742
B1215044201062N00044651EA0063600742
B1215054201062N00044652EA0063600742
B1215064201062N00044652EA0063600742
B1215074201062N00044652EA0063600742
B1215084201062N00044652EA0063600742
B1215094201062N00044652EA0063600743
B1215104201062N00044652EA0063600743
B1215114201061N00044651EA0063600743
B1215124201061N00044651EA0063600744
B1215134201061N00044650EA0063600744
B1215144201061N00044650EA0063600744
B1215154201061N00044650EA0063600744
B1215164201061N00044650EA0063600744
B1215174201060N00044648EA0063600744
B1215184201060N00044648EA0063600744
B1215194201060N00044649EA0063600745
B1215204201061N00044649EA0063600744
B1215214201061N00044650EA0063600743
B1215224201061N00044650EA0063600743
B1215234201061N00044650EA0063600743
B1215244201061N00044650EA0063600744
B1215254201061N00044650EA0063700744
B1215264201061N00044650EA0063700744
B1215274201061N00044650EA0063700744
B1215284201061N00044650EA0063700744
B1215294201061N00044649EA0063700744
B1215304201061N00044649EA0063700744
B1215314201061N00044649EA0063700744
B1215324201060N00044648EA0063700744
B1215334201060N00044648EA0063700744
B1215344201060N00044648EA0063700745
B1215354201061N00044649EA0063700745
B1215364201061N00044649EA0063700744
B1215374201061N00044649EA0063700744
B1215384201061N00044649EA0063700744
B1215394201061N00044649EA0063700744
B1215404201061N00044649EA0063700744
B1215414201061N00044649EA0063700744
B1215424201061N00044649EA0063700744
B1215434201062N00044649EA0063700743
B1215444201061N00044649EA0063700743
B1215454201061N00044649EA0063700743
B1215464201061N00044649EA0063700743
B1215474201061N00044649EA0063700744
B1215484201061N00044649EA0063700743
B1215494201062N00044649EA0063700743
B1215504201061N00044649EA0063700743
B1215514201061N00044649EA0063700742
B1215524201061N00044649EA0063700742
B1215534201062N00044649EA0063700742
B1215544201062N00044649EA0063700742
B1215554201062N00044650EA0063700741
B1215564201062N00044649EA0063700741
B1215574201062N00044649EA0063700741
B1215584201062N00044649EA0063700740
B1215594201062N00044649EA0063700740
B1216004201062N00044649EA0063700740
B1216014201062N00044649EA0063700740
B1216024201062N00044649EA0063700740
B1216034201062N00044649EA0063700740
B1216044201062N00044649EA0063700740
B1216054201062N00044649EA0063700740
B1216064201062N00044649EA0063700739
B1216074201062N00044649EA0063700739
B1216084201062N00044648EA0063700739
B1216094201062N00044648EA0063700738
B1216104201062N00044648EA0063700738
B1216114201062N00044648EA0063700738
B1216124201062N00044648EA0063700738
B1216134201062N00044648EA0063700738
B1216144201062N00044648EA0063700738
B1216154201062N00044649EA0063700738
B1216164201062N00044648EA0063600738
B1216174201062N00044649EA0063700737
B1216184201063N00044649EA0063700737
B1216194201063N00044649EA0063700737
B1216204201062N00044649EA0063700737
B1216214201063N00044649EA0063700737
B1216224201063N00044649EA0063700736
B1216234201063N00044649EA0063700736
B1216244201063N00044650EA0063700736
B1216254201063N00044650EA0063700737
B1216264201063N00044649EA0063700737
B1216274201063N00044649EA0063700737
B1216284201063N00044649EA0063700736
B1216294201063N00044649EA0063700736
B1216304201063N00044649EA0063700736
B1216314201063N00044649EA0063700736
B1216324201063N00044648EA0063700736
B1216334201063N00044649EA0063700736
B1216344201063N00044649EA0063700736
B1216354201063N00044649EA0063700736
B1216364201063N00044649EA0063700736
B1216374201063N00044649EA0063700736
B1216384201063N00044649EA0063700736
B1216394201063N00044649EA0063700736
B1216404201063N00044650EA0063700735
B1216414201063N00044649EA0063700736
B1216424201063N00044649EA0063700735
B1216434201063N00044649EA0063700735
B1216444201063N00044649EA0063700735
B1216454201063N00044649EA0063700735
B1216464201063N00044649EA0063600734
B1216474201063N00044649EA0063600734
B1216484201063N00044649EA0063700734
B1216494201063N00044649EA0063700733
B1216504201063N00044648EA0063700733
B1216514201063N00044648EA0063700733
B1216524201063N00044648EA0063600733
B1216534201063N00044649EA0063600732
B1216544201063N00044649EA0063600732
B1216554201063N00044649EA0063600732
B1216564201063N00044649EA0063600732
B1216574201063N00044649EA0063600733
B1216584201063N00044649EA0063600733
B1216594201062N00044649EA0063600733
B1217004201062N00044649EA0063600733
B1217014201062N00044649EA0063600733
B1217024201062N00044648EA0063600733
B1217034201062N00044648EA0063600733
B1217044201062N00044648EA0063600733
B1217054201062N00044648EA0063600733
B1217064201062N00044648EA0063600733
B1217074201062N00044648EA0063600733
B1217084201062N00044648EA0063600733
B1217094201062N00044648EA0063600732
B1217104201061N00044648EA0063600732
B1217114201061N00044647EA0063600732
B1217124201061N00044647EA0063600733
B1217134201061N00044647EA0063600733
B1217144201061N00044647EA0063600733
B1217154201061N00044648EA0063600732
B1217164201061N00044648EA0063600732
B1217174201061N00044648EA0063600732
B1217184201061N00044648EA0063600732
B1217194201061N00044648EA0063600733
B1217204201061N00044647EA0063600732
B1217214201061N00044647EA0063600732
B1217224201061N00044647EA0063600732
B1217234201061N00044647EA0063600732
B1217244201061N00044647EA0063600732
B1217254201061N00044647EA0063600732
B1217264201061N00044647EA0063600733
B1217274201061N00044647EA0063600732
B1217284201061N00044647EA0063600732
B1217294201061N00044647EA0063600732
B1217304201061N00044647EA0063600732
B1217314201061N00044647EA0063600732
B1217324201061N00044647EA0063600732
B1217334201061N00044647EA0063600732
B1217344201061N00044647EA0063600733
B1217354201060N00044646EA0063600733
B1217364201060N00044646EA0063600733
B1217374201060N00044647EA0063600733
B1217384201060N00044647EA0063600733
B1217394201061N00044647EA0063600733
B1217404201060N00044647EA0063600734
B1217414201060N00044647EA0063600734
B1217424201061N00044647EA0063600734
B1217434201060N00044647EA0063600735
B1217444201060N00044647EA0063600735
B1217454201060N00044647EA0063600735
B1217464201060N00044647EA0063600735
B1217474201060N00044647EA0063600735
B1217484201060N00044647EA0063600735
B1217494201060N00044647EA0063600736
B1217504201060N00044647EA0063600736
B1217514201060N00044647EA0063600735
B1217524201060N00044647EA0063600735
B1217534201061N00044648EA0063600736
B1217544201061N00044648EA0063600735
B1217554201061N00044647EA0063600735
B1217564201061N00044648EA0063600735
B1217574201061N00044648EA0063600736
B1217584201061N00044647EA0063700736
B1217594201061N00044648EA0063700736
B1218004201061N00044648EA0063700736
B1218014201061N00044648EA0063600736
B1218024201061N00044648EA0063600736
B1218034201061N00044647EA0063600735
B1218044201061N00044648EA0063600735
B1218054201061N00044648EA0063600735
B1218064201061N00044648EA0063600735
B1218074201061N00044648EA0063600735
B1218084201061N00044648EA0063600735
B1218094201061N00044648EA0063600735
B1218104201061N00044648EA0063600735
B1218114201061N00044648EA0063700734
B1218124201061N00044648EA0063700734
B1218134201061N00044648EA0063700734
B1218144201061N00044648EA0063700734
B1218154201061N00044648EA0063700733
B1218164201061N00044648EA0063700733
B1218174201061N00044648EA0063600734
B1218184201061N00044648EA0063600734
B1218194201061N00044648EA0063600734
B1218204201061N00044648EA0063700734
B1218214201061N00044648EA0063700734
B1218224201061N00044648EA0063700734
B1218234201061N00044648EA0063600734
B1218244201060N00044648EA0063600734
B1218254201060N00044648EA0063600734
B1218264201060N00044648EA0063600734
B1218274201060N00044647EA0063600734
B1218284201060N00044647EA0063600734
B1218294201060N00044647EA0063600734
B1218304201060N00044647EA0063600734
B1218314201060N00044647EA0063600734
B1218324201059N00044646EA0063700734
B1218334201059N00044646EA0063600734
B1218344201059N00044646EA0063600734
B1218354201059N00044646EA0063600734
B1218364201059N00044646EA0063600734
B1218374201059N00044646EA0063600734
B1218384201059N00044646EA0063600734
B1218394201059N00044646EA0063600735
B1218404201059N00044646EA0063600734
B1218414201059N00044646EA0063600734
B1218424201059N00044646EA0063600734
B1218434201059N00044646EA0063600734
B1218444201060N00044646EA0063600733
B1218454201059N00044646EA0063600733
B1218464201059N00044646EA0063600733
B1218474201060N00044647EA0063600733
B1218484201060N00044647EA0063600732
B1218494201060N00044647EA0063600732
B1218504201060N00044647EA0063600732
B1218514201060N00044647EA0063600732
B1218524201060N00044647EA0063600732
B1218534201060N00044647EA0063600732
B1218544201060N00044647EA0063700732
B1218554201060N00044647EA0063700732
B1218564201060N00044647EA0063700732
B1218574201060N00044647EA0063600732
B1218584201060N00044647EA0063600732
B1218594201060N00044647EA0063600732
B1219004201060N00044647EA0063600732
B1219014201060N00044647EA0063600731
B1219024201060N00044647EA0063600732
B1219034201060N00044647EA0063600732
B1219044201060N00044647EA0063600732
B1219054201060N00044647EA0063600732
B1219064201060N00044647EA0063600732
B1219074201060N00044647EA0063600732
B1219084201060N00044647EA0063600732
B1219094201060N00044647EA0063600733
B1219104201060N00044647EA0063600733
B1219114201060N00044647EA0063600732
B1219124201060N00044647EA0063600732
B1219134201060N00044647EA0063600732
B1219144201060N00044647EA0063600732
B1219154201060N00044647EA0063600732
B1219164201060N00044647EA0063600732
B1219174201061N00044647EA0063600731
B1219184201061N00044647EA0063600731
B1219194201061N00044647EA0063600731
B1219204201060N00044646EA0063600731
B1219214201060N00044646EA0063600732
B1219224201060N00044646EA0063600731
B1219234201061N00044646EA0063600731
B1219244201061N00044646EA0063600731
B1219254201061N00044646EA0063600731
B1219264201060N00044646EA0063600731
B1219274201060N00044646EA0063700732
B1219284201060N00044646EA0063700731
B1219294201059N00044645EA0063600731
B1219304201060N00044646EA0063600732
B1219314201060N00044646EA0063600732
B1219324201059N00044646EA0063600732
B1219334201059N00044645EA0063600733
B1219344201059N00044645EA0063600733
B1219354201059N00044645EA0063700733
B1219364201059N00044645EA0063700734
B1219374201059N00044645EA0063700734
B1219384201059N00044645EA0063700734
B1219394201059N00044645EA0063700735
B1219404201059N00044645EA0063700735
B1219414201058N00044644EA0063700735
B1219424201058N00044644EA0063700736
B1219434201058N00044644EA0063700736
B1219444201058N00044644EA0063700736
B1219454201058N00044645EA0063700736
B1219464201058N00044645EA0063700736
B1219474201059N00044645EA0063700736
B1219484201059N00044645EA0063700736
B1219494201059N00044645EA0063700735
B1219504201060N00044645EA0063700736
B1219514201060N00044646EA0063700735
B1219524201060N00044646EA0063700735
B1219534201061N00044646EA0063700735
B1219544201061N00044646EA0063700734
B1219554201061N00044646EA0063600734
B1219564201061N00044646EA0063700734
B1219574201061N00044645EA0063700733
B1219584201061N00044645EA0063700733
B1219594201061N00044645EA0063600733
B1220004201062N00044645EA0063700731
B1220014201062N00044646EA0063600731
B1220024201062N00044646EA0063600731
B1220034201062N00044646EA0063700732
B1220044201062N00044646EA0063700731
B1220054201062N00044645EA0063700732
B1220064201062N00044645EA0063700731
B1220074201062N00044646EA0063700731
B1220084201063N00044647EA0063700731
B1220094201063N00044647EA0063700730
B1220104201064N00044647EA0063700730
B1220114201064N00044648EA0063700730
B1220124201064N00044648EA0063700729
B1220134201064N00044648EA0063600729
B1220144201064N00044648EA0063700729
B1220154201064N00044648EA0063700729
B1220164201064N00044648EA0063700728
B1220174201064N00044649EA0063700728
B1220184201064N00044649EA0063700728
B1220194201065N00044649EA0063700728
B1220204201064N00044649EA0063600728
B1220214201064N00044649EA0063700729
B1220224201064N00044649EA0063700729
B1220234201065N00044649EA0063700728
B1220244201065N00044649EA0063700727
B1220254201065N00044649EA0063700727
B1220264201065N00044649EA0063700727
B1220274201065N00044649EA0063600727
B1220284201065N00044649EA0063600727
B1220294201065N00044649EA0063700726
B1220304201066N00044650EA0063700726
B1220314201066N00044650EA0063700726
B1220324201066N00044650EA0063700726
B1220334201067N00044650EA0063600726
B1220344201067N00044650EA0063600726
B1220354201067N00044650EA0063600725
B1220364201067N00044650EA0063600725
B1220374201067N00044651EA0063700725
B1220384201067N00044650EA0063700726
B1220394201067N00044650EA0063700726
B1220404201066N00044650EA0063700726
B1220414201067N00044651EA0063700726
B1220424201067N00044651EA0063700725
B1220434201067N00044651EA0063700725
B1220444201067N00044651EA0063700726
B1220454201067N00044651EA0063700726
B1220464201067N00044651EA0063700726
B1220474201067N00044651EA0063700726
B1220484201067N00044651EA0063700726
B1220494201067N00044651EA0063700726
B1220504201067N00044651EA0063700726
B1220514201067N00044651EA0063700727
B1220524201067N00044651EA0063700727
B1220534201066N00044651EA0063700727
B1220544201066N00044651EA0063700728
B1220554201067N00044651EA0063700728
B1220564201067N00044651EA0063700728
B1220574201067N00044651EA0063700729
B1220584201066N00044651EA0063700729
B1220594201066N00044650EA0063700730
B1221004201066N00044650EA0063700731
B1221014201066N00044650EA0063700732
B1221024201065N00044650EA0063700732
B1221034201064N00044650EA0063700734
B1221044201064N00044650EA0063700734
B1221054201063N00044649EA0063700734
B1221064201063N00044649EA0063700735
B1221074201063N00044649EA0063700735
B1221084201063N00044649EA0063700736
B1221094201063N00044650EA0063700736
B1221104201063N00044650EA0063700737
B1221114201064N00044650EA0063700737
B1221124201063N00044650EA0063700736
B1221134201063N00044650EA0063700736
B1221144201063N00044649EA0063700735
B1221154201063N00044649EA0063700736
B1221164201063N00044649EA0063700736
B1221174201063N00044649EA0063700736
B1221184201063N00044649EA0063700735
B1221194201063N00044649EA0063700735
B1221204201063N00044649EA0063700734
B1221214201063N00044649EA0063700734
B1221224201063N00044649EA0063700734
B1221234201063N00044649EA0063700735
B1221244201063N00044649EA0063700735
B1221254201062N00044649EA0063700735
B1221264201061N00044648EA0063700735
B1221274201061N00044648EA0063700736
B1221284201062N00044648EA0063700736
B1221294201061N00044648EA0063700736
B1221304201062N00044648EA0063700736
B1221314201061N00044648EA0063700737
B1221324201062N00044648EA0063700737
B1221334201062N00044648EA0063700737
B1221344201062N00044648EA0063700737
B1221354201061N00044647EA0063700737
B1221364201061N00044648EA0063700739
B1221374201061N00044648EA0063700739
B1221384201061N00044647EA0063700739
B1221394201062N00044648EA0063700740
B1221404201062N00044648EA0063700740
B1221414201061N00044647EA0063700740
B1221424201061N00044647EA0063700740
B1221434201061N00044647EA0063700739
B1221444201061N00044646EA0063700739
B1221454201061N00044646EA0063700740
B1221464201061N00044646EA0063700740
B1221474201061N00044647EA0063700740
B1221484201061N00044646EA0063700739
B1221494201062N00044647EA0063700739
B1221504201061N00044646EA0063700739
B1221514201061N00044646EA0063700739
B1221524201061N00044645EA0063700739
B1221534201061N00044645EA0063700738
B1221544201060N00044644EA0063700738
B1221554201060N00044644EA0063700738
B1221564201060N00044644EA0063700738
B1221574201060N00044644EA0063700738
B1221584201060N00044644EA0063700738
B1221594201060N00044644EA0063700738
B1222004201059N00044644EA0063700738
B1222014201059N00044645EA0063700738
B1222024201059N00044645EA0063700738
B1222034201059N00044645EA0063700738
B1222044201059N00044645EA0063700738
B1222054201060N00044646EA0063700738
B1222064201060N00044646EA0063700737
B1222074201060N00044646EA0063700737
B1222084201061N00044647EA0063700737
B1222094201061N00044648EA0063700736
B1222104201061N00044648EA0063700736
B1222114201061N00044648EA0063700736
B1222124201062N00044648EA0063700737
B1222134201062N00044649EA0063700737
B1222144201061N00044647EA0063700737
B1222154201061N00044647EA0063700738
B1222164201061N00044647EA0063700738
B1222174201061N00044647EA0063700738
B1222184201062N00044647EA0063700738
B1222194201062N00044647EA0063700738
B1222204201061N00044646EA0063700739
B1222214201061N00044646EA0063800740
B1222224201061N00044646EA0063700740
B1222234201060N00044645EA0063800740
B1222244201060N00044645EA0063700742
B1222254201060N00044645EA0063700742
B1222264201060N00044645EA0063700743
B1222274201059N00044645EA0063700743
B1222284201059N00044644EA0063700743
B1222294201059N00044644EA0063700743
B1222304201059N00044644EA0063700743
B1222314201059N00044644EA0063700743
B1222324201058N00044643EA0063700743
B1222334201058N00044643EA0063700744
B1222344201058N00044643EA0063700744
B1222354201058N00044644EA0063700744
B1222364201058N00044643EA0063700743
B1222374201058N00044643EA0063700743
B1222384201059N00044642EA0063700743
B1222394201059N00044642EA0063700742
B1222404201059N00044642EA0063700742
B1222414201059N00044641EA0063700742
B1222424201058N00044640EA0063700742
B1222434201058N00044640EA0063700742
B1222444201058N00044640EA0063700742
B1222454201058N00044641EA0063700742
B1222464201058N00044640EA0063700742
B1222474201059N00044641EA0063700742
B1222484201059N00044642EA0063700740
B1222494201059N00044642EA0063700740
B1222504201059N00044642EA0063700740
B1222514201059N00044643EA0063700740
B1222524201058N00044643EA0063700741
B1222534201058N00044644EA0063700741
B1222544201058N00044644EA0063700741
B1222554201058N00044644EA0063700741
B1222564201057N00044644EA0063700742
B1222574201057N00044643EA0063700742
B1222584201057N00044642EA0063700742
B1222594201056N00044642EA0063700743
B1223004201056N00044642EA0063700744
B1223014201056N00044641EA0063700744
B1223024201055N00044641EA0063700744
B1223034201055N00044641EA0063700744
B1223044201055N00044641EA0063700745
B1223054201055N00044641EA0063700745
B1223064201056N00044642EA0063700745
B1223074201055N00044641EA0063700745
B1223084201056N00044642EA0063700746
B1223094201056N00044642EA0063700745
B1223104201056N00044642EA0063700746
B1223114201055N00044642EA0063700746
B1223124201055N00044641EA0063700746
B1223134201055N00044641EA0063700746
B1223144201055N00044642EA0063700746
B1223154201055N00044642EA0063700746
B1223164201055N00044641EA0063700746
B1223174201055N00044641EA0063700746
B1223184201055N00044641EA0063700747
B1223194201055N00044641EA0063700747
B1223204201055N00044642EA0063700747
B1223214201055N00044641EA0063800747
B1223224201055N00044641EA0063700747
B1223234201055N00044642EA0063700747
B1223244201055N00044642EA0063700747
B1223254201055N00044642EA0063700747
B1223264201056N00044643EA0063700747
B1223274201056N00044643EA0063700746
B1223284201056N00044642EA0063700746
B1223294201056N00044643EA0063700746
B1223304201056N00044643EA0063700745
B1223314201056N00044642EA0063700746
B1223324201057N00044643EA0063700745
B1223334201057N00044643EA0063700745
B1223344201056N00044642EA0063700744
B1223354201056N00044642EA0063700745
B1223364201056N00044642EA0063700745
B1223374201056N00044642EA0063700745
B1223384201056N00044643EA0063700745
B1223394201056N00044642EA0063700744
B1223404201056N00044643EA0063700744
B1223414201056N00044642EA0063700744
B1223424201056N00044642EA0063700745
B1223434201056N00044642EA0063700745
B1223444201056N00044642EA0063800746
B1223454201055N00044641EA0063800746
B1223464201056N00044642EA0063800746
B1223474201056N00044641EA0063800746
B1223484201056N00044641EA0063800746
B1223494201056N00044641EA0063700746
B1223504201056N00044642EA0063700746
B1223514201056N00044641EA0063700746
B1223524201056N00044641EA0063700746
B1223534201056N00044642EA0063700746
B1223544201056N00044642EA0063700746
B1223554201056N00044642EA0063700747
B1223564201057N00044643EA0063700747
B1223574201057N00044643EA0063700747
B1223584201057N00044643EA0063700747
B1223594201057N00044643EA0063700748
B1224004201057N00044643EA0063700748
B1224014201057N00044643EA0063700749
B1224024201057N00044644EA0063700749
B1224034201057N00044644EA0063700749
B1224044201057N00044644EA0063800749
B1224054201057N00044644EA0063800749
B1224064201057N00044644EA0063700749
B1224074201057N00044644EA0063700750
B1224084201057N00044644EA0063700750
B1224094201057N00044644EA0063700751
B1224104201057N00044645EA0063700751
B1224114201056N00044645EA0063700751
B1224124201056N00044645EA0063700753
B1224134201056N00044646EA0063700753
B1224144201056N00044646EA0063700754
B1224154201056N00044645EA0063800754
B1224164201056N00044645EA0063700754
B1224174201056N00044645EA0063700754
B1224184201056N00044645EA0063700755
B1224194201056N00044645EA0063700755
B1224204201056N00044644EA0063700756
B1224214201056N00044644EA0063700755
B1224224201056N00044644EA0063700756
B1224234201056N00044644EA0063700756
B1224244201056N00044644EA0063700755
B1224254201057N00044644EA0063700756
B1224264201057N00044644EA0063700756
B1224274201056N00044643EA0063700756
B1224284201056N00044643EA0063700756
B1224294201056N00044643EA0063700756
B1224304201056N00044643EA0063700757
B1224314201055N00044643EA0063800757
B1224324201054N00044642EA0063800757
B1224334201054N00044643EA0063800758
B1224344201054N00044642EA0063800758
B1224354201055N00044643EA0063800758
B1224364201054N00044643EA0063700758
B1224374201055N00044644EA0063700758
B1224384201055N00044644EA0063800758
B1224394201054N00044644EA0063800758
B1224404201055N00044644EA0063800758
B1224414201055N00044644EA0063700758
B1224424201054N00044643EA0063800757
B1224434201054N00044643EA0063800757
B1224444201054N00044642EA0063800757
B1224454201054N00044642EA0063800757
B1224464201054N00044642EA0063800757
B1224474201054N00044643EA0063700758
B1224484201054N00044643EA0063700757
B1224494201054N00044643EA0063700757
B1224504201055N00044643EA0063800757
B1224514201055N00044643EA0063800756
B1224524201055N00044642EA0063800755
B1224534201056N00044644EA0063800755
B1224544201056N00044643EA0063800754
B1224554201056N00044643EA0063700754
B1224564201056N00044643EA0063700754
B1224574201057N00044643EA0063700755
B1224584201057N00044643EA0063700755
B1224594201057N00044643EA0063700755
B1225004201057N00044643EA0063800754
B1225014201057N00044643EA0063800754
B1225024201056N00044642EA0063800754
B1225034201056N00044642EA0063800755
B1225044201056N00044642EA0063800756
B1225054201056N00044643EA0063800756
B1225064201056N00044643EA0063800757
B1225074201056N00044643EA0063800757
B1225084201056N00044643EA0063800757
B1225094201055N00044643EA0063700756
B1225104201055N00044643EA0063700756
B1225114201055N00044643EA0063700756
B1225124201055N00044643EA0063700756
B1225134201055N00044643EA0063800756
B1225144201055N00044643EA0063700757
B1225154201055N00044643EA0063800756
B1225164201055N00044644EA0063700756
B1225174201055N00044644EA0063700756
B1225184201055N00044644EA0063700756
B1225194201055N00044644EA0063800756
B1225204201055N00044645EA0063700756
B1225214201056N00044646EA0063700755
B1225224201056N00044646EA0063700755
B1225234201056N00044646EA0063700754
B1225244201056N00044645EA0063700753
B1225254201056N00044646EA0063700753
B1225264201056N00044646EA0063700753
B1225274201056N00044646EA0063700753
B1225284201056N00044646EA0063700753
B1225294201055N00044645EA0063700752
B1225304201054N00044645EA0063700752
B1225314201054N00044645EA0063700752
B1225324201054N00044645EA0063800752
B1225334201054N00044645EA0063800752
B1225344201054N00044645EA0063800752
B1225354201054N00044644EA0063800752
B1225364201053N00044642EA0063800752
B1225374201053N00044642EA0063700751
B1225384201055N00044645EA0063800752
B1225394201055N00044645EA0063800750
B1225404201055N00044645EA0063700750
B1225414201054N00044645EA0063700749
B1225424201054N00044644EA0063700749
B1225434201054N00044644EA0063700749
B1225444201055N00044644EA0063700749
B1225454201054N00044643EA0063800748
B1225464201055N00044643EA0063800747
B1225474201055N00044644EA0063800747
B1225484201055N00044644EA0063800746
B1225494201055N00044644EA0063800745
B1225504201055N00044645EA0063800745
B1225514201055N00044645EA0063800745
B1225524201055N00044645EA0063800745
B1225534201055N00044645EA0063700745
B1225544201055N00044645EA0063700744
B1225554201055N00044645EA0063800744
B1225564201057N00044647EA0063800744
B1225574201057N00044647EA0063700742
B1225584201057N00044647EA0063700742
B1225594201058N00044649EA0063700742
B1226004201058N00044649EA0063700740
B1226014201058N00044649EA0063700740
B1226024201057N00044649EA0063700740
B1226034201058N00044649EA0063700741
B1226044201058N00044650EA0063700741
B1226054201059N00044652EA0063700740
B1226064201059N00044652EA0063700739
B1226074201060N00044652EA0063700738
B1226084201059N00044652EA0063700738
B1226094201060N00044653EA0063700739
B1226104201060N00044653EA0063700739
B1226114201060N00044653EA0063700738
B1226124201060N00044652EA0063800737
B1226134201060N00044652EA0063800737
B1226144201060N00044651EA0063800736
B1226154201061N00044651EA0063800735
B1226164201061N00044651EA0063800734
B1226174201061N00044651EA0063800734
B1226184201061N00044652EA0063700734
B1226194201061N00044652EA0063700734
B1226204201060N00044651EA0063700733
B1226214201061N00044652EA0063700734
B1226224201061N00044651EA0063700734
B1226234201062N00044652EA0063800734
B1226244201062N00044652EA0063800732
B1226254201062N00044652EA0063700732
B1226264201062N00044653EA0063700731
B1226274201062N00044652EA0063700730
B1226284201063N00044653EA0063700730
B1226294201063N00044653EA0063700730
B1226304201063N00044653EA0063700730
B1226314201063N00044653EA0063700730
B1226324201063N00044652EA0063700730
B1226334201063N00044652EA0063800730
B1226344201063N00044651EA0063800730
B1226354201063N00044651EA0063700730
B1226364201063N00044651EA0063800730
B1226374201063N00044651EA0063800731
B1226384201063N00044651EA0063700730
B1226394201063N00044651EA0063700730
B1226404201063N00044652EA0063700730
B1226414201062N00044651EA0063800730
B1226424201062N00044651EA0063800732
B1226434201062N00044651EA0063800731
B1226444201062N00044651EA0063800731
B1226454201063N00044651EA0063800730
B1226464201063N00044651EA0063800730
B1226474201063N00044651EA0063800729
B1226484201063N00044651EA0063700729
B1226494201063N00044651EA0063700728
B1226504201063N00044652EA0063700728
B1226514201063N00044652EA0063700727
B1226524201063N00044652EA0063700727
B1226534201063N00044651EA0063700727
B1226544201063N00044651EA0063700728
B1226554201063N00044651EA0063700727
B1226564201063N00044651EA0063700726
B1226574201063N00044652EA0063700725
B1226584201063N00044651EA0063700725
B1226594201063N00044651EA0063700725
B1227004201063N00044650EA0063700727
B1227014201063N00044650EA0063700727
B1227024201063N00044651EA0063700727
B1227034201064N00044651EA0063700725
B1227044201064N00044652EA0063700725
B1227054201064N00044652EA0063700725
B1227064201064N00044652EA0063700724
B1227074201064N00044652EA0063700723
B1227084201064N00044653EA0063700723
B1227094201065N00044654EA0063700722
B1227104201065N00044653EA0063700722
B1227114201065N00044654EA0063700721
B1227124201065N00044654EA0063800721
B1227134201066N00044654EA0063800721
B1227144201066N00044653EA0063800720
B1227154201066N00044654EA0063700720
B1227164201066N00044653EA0063700719
B1227174201066N00044653EA0063700719
B1227184201066N00044653EA0063700719
B1227194201066N00044653EA0063700718
B1227204201066N00044652EA0063700718
B1227214201065N00044652EA0063700719
B1227224201065N00044652EA0063700718
B1227234201066N00044652EA0063700718
B1227244201066N00044652EA0063700718
B1227254201066N00044652EA0063700717
B1227264201066N00044652EA0063700717
B1227274201065N00044652EA0063700718
B1227284201065N00044652EA0063800718
B1227294201065N00044651EA0063800718
B1227304201065N00044651EA0063800718
B1227314201065N00044652EA0063700718
B1227324201064N00044651EA0063700718
B1227334201064N00044651EA0063700718
B1227344201064N00044652EA0063700718
B1227354201064N00044650EA0063700718
B1227364201064N00044650EA0063700719
B1227374201064N00044650EA0063700719
B1227384201063N00044649EA0063700720
B1227394201063N00044649EA0063700721
B1227404201063N00044650EA0063700721
B1227414201063N00044650EA0063700721
B1227424201063N00044650EA0063700720
B1227434201063N00044649EA0063700720
B1227444201064N00044651EA0063700721
B1227454201063N00044651EA0063700721
B1227464201063N00044651EA0063700721
B1227474201062N00044650EA0063700722
B1227484201062N00044649EA0063800723
B1227494201062N00044648EA0063800723
B1227504201063N00044649EA0063700723
B1227514201062N00044649EA0063700723
B1227524201062N00044649EA0063700724
B1227534201062N00044649EA0063700724
B1227544201062N00044648EA0063700724
B1227554201062N00044648EA0063700724
B1227564201063N00044649EA0063800724
B1227574201063N00044649EA0063800723
B1227584201063N00044649EA0063800723
B1227594201062N00044649EA0063800723
B1228004201063N00044649EA0063800723
B1228014201063N00044649EA0063800724
B1228024201063N00044650EA0063800724
B1228034201063N00044650EA0063700723
B1228044201063N00044650EA0063700724
B1228054201063N00044649EA0063700724
B1228064201063N00044650EA0063700724
B1228074201063N00044650EA0063700725
B1228084201063N00044649EA0063800725
B1228094201063N00044649EA0063700725
B1228104201063N00044650EA0063800725
B1228114201063N00044650EA0063800725
B1228124201063N00044650EA0063800726
B1228134201063N00044650EA0063700726
B1228144201063N00044650EA0063700726
B1228154201063N00044651EA0063700727
B1228164201063N00044651EA0063700727
B1228174201064N00044652EA0063700728
B1228184201064N00044652EA0063700727
B1228194201064N00044652EA0063700727
B1228204201063N00044652EA0063700728
B1228214201063N00044652EA0063800728
B1228224201063N00044653EA0063800728
B1228234201063N00044652EA0063800728
B1228244201062N00044651EA0063800730
B1228254201062N00044651EA0063700730
B1228264201062N00044651EA0063700730
B1228274201063N00044652EA0063700729
B1228284201063N00044652EA0063700730
B1228294201063N00044651EA0063800730
B1228304201063N00044651EA0063800730
B1228314201063N00044650EA0063800730
B1228324201062N00044650EA0063800730
B1228334201062N00044650EA0063800730
B1228344201062N00044650EA0063800730
B1228354201062N00044650EA0063800730
B1228364201063N00044651EA0063700729
B1228374201063N00044651EA0063700729
B1228384201063N00044650EA0063700729
B1228394201063N00044650EA0063700730
B1228404201063N00044650EA0063700730
B1228414201063N00044651EA0063700730
B1228424201064N00044651EA0063800729
B1228434201063N00044650EA0063800729
B1228444201064N00044651EA0063800729
B1228454201064N00044651EA0063800730
B1228464201064N00044651EA0063700730
B1228474201064N00044650EA0063700730
B1228484201064N00044650EA0063800729
B1228494201064N00044650EA0063700729
B1228504201065N00044651EA0063700729
B1228514201065N00044651EA0063700728
B1228524201065N00044651EA0063700727
B1228534201065N00044651EA0063700727
B1228544201065N00044651EA0063700727
B1228554201065N00044651EA0063700727
B1228564201066N00044653EA0063700727
B1228574201066N00044654EA0063700726
B1228584201066N00044654EA0063700725
B1228594201067N00044655EA0063700725
B1229004201067N00044655EA0063700724
B1229014201067N00044655EA0063700724
B1229024201066N00044654EA0063700723
B1229034201067N00044654EA0063700723
B1229044201067N00044655EA0063700723
B1229054201066N00044654EA0063700723
B1229064201066N00044653EA0063700723
B1229074201066N00044653EA0063700723
B1229084201066N00044653EA0063700723
B1229094201065N00044653EA0063700723
B1229104201065N00044654EA0063700723
B1229114201066N00044654EA0063700723
B1229124201066N00044654EA0063700722
B1229134201066N00044655EA0063700722
B1229144201067N00044657EA0063700722
B1229154201067N00044657EA0063700721
B1229164201067N00044657EA0063700721
B1229174201067N00044658EA0063700721
B1229184201067N00044658EA0063700721
B1229194201067N00044659EA0063700720
B1229204201067N00044659EA0063700720
B1229214201067N00044660EA0063700720
B1229224201067N00044659EA0063700720
B1229234201067N00044659EA0063700720
B1229244201067N00044659EA0063700720
B1229254201068N00044660EA0063700720
B1229264201068N00044659EA0063700721
B1229274201068N00044659EA0063700724
B1229284201068N00044660EA0063700724
B1229294201068N00044660EA0063700724
B1229304201068N00044660EA0063700724
B1229314201069N00044660EA0063700724
B1229324201069N00044660EA0063700724
B1229334201069N00044661EA0063700724
B1229344201069N00044661EA0063700724
B1229354201070N00044661EA0063700724
B1229364201070N00044662EA0063700723
B1229374201069N00044662EA0063700723
B1229384201069N00044661EA0063700723
B1229394201069N00044661EA0063700723
B1229404201069N00044661EA0063700723
B1229414201068N00044659EA0063700723
B1229424201067N00044658EA0063700724
B1229434201067N00044658EA0063700724
B1229444201067N00044658EA0063700724
B1229454201067N00044658EA0063700723
B1229464201067N00044658EA0063700722
B1229474201067N00044658EA0063700722
B1229484201067N00044658EA0063700722
B1229494201066N00044657EA0063700722
B1229504201066N00044656EA0063700723
B1229514201066N00044656EA0063700724
B1229524201065N00044655EA0063700724
B1229534201065N00044654EA0063700725
B1229544201064N00044653EA0063700726
B1229554201064N00044653EA0063700726
B1229564201063N00044651EA0063700726
B1229574201063N00044650EA0063700727
B1229584201063N00044649EA0063700727
B1229594201062N00044649EA0063700728
B1230004201062N00044649EA0063700728
B1230014201062N00044649EA0063700728
B1230024201061N00044647EA0063700729
B1230034201061N00044647EA0063700729
B1230044201061N00044647EA0063700729
B1230054201060N00044646EA0063700730
B1230064201060N00044646EA0063700730
B1230074201060N00044646EA0063700730
B1230084201059N00044644EA0063700731
B1230094201059N00044644EA0063700731
B1230104201058N00044643EA0063700731
B1230114201058N00044643EA0063700731
B1230124201058N00044642EA0063700731
B1230134201058N00044642EA0063700731
B1230144201058N00044642EA0063700731
B1230154201057N00044641EA0063700731
B1230164201057N00044641EA0063700731
B1230174201058N00044642EA0063700731
B1230184201058N00044643EA0063700731
B1230194201058N00044643EA0063700731
B1230204201057N00044642EA0063700731
B1230214201057N00044641EA0063700732
B1230224201057N00044641EA0063700732
B1230234201057N00044642EA0063700732
B1230244201057N00044642EA0063700731
B1230254201057N00044642EA0063700731
B1230264201057N00044643EA0063700731
B1230274201057N00044643EA0063700732
B1230284201058N00044643EA0063700732
B1230294201058N00044643EA0063700733
B1230304201057N00044644EA0063700733
B1230314201057N00044643EA0063700734
B1230324201057N00044643EA0063700734
B1230334201057N00044643EA0063700734
B1230344201057N00044643EA0063700734
B1230354201056N00044642EA0063700734
B1230364201056N00044643EA0063700735
B1230374201057N00044644EA0063700735
B1230384201056N00044643EA0063700735
B1230394201056N00044643EA0063700736
B1230404201057N00044644EA0063700737
B1230414201056N00044644EA0063700737
B1230424201057N00044644EA0063700737
B1230434201057N00044645EA0063700737
B1230444201057N00044645EA0063700737
B1230454201057N00044644EA0063700737
B1230464201057N00044645EA0063700736
B1230474201057N00044645EA0063700736
B1230484201057N00044646EA0063700736
B1230494201057N00044646EA0063700736
B1230504201057N00044646EA0063700736
B1230514201057N00044646EA0063700735
B1230524201058N00044646EA0063700735
B1230534201057N00044645EA0063700735
B1230544201057N00044645EA0063700735
B1230554201057N00044645EA0063700735
B1230564201057N00044645EA0063700735
B1230574201057N00044646EA0063700736
B1230584201058N00044646EA0063700736
B1230594201058N00044645EA0063700735
B1231004201058N00044645EA0063700735
B1231014201058N00044645EA0063700735
B1231024201058N00044644EA0063700735
B1231034201058N00044644EA0063700734
B1231044201058N00044644EA0063700734
B1231054201057N00044644EA0063700734
B1231064201057N00044643EA0063700734
B1231074201056N00044642EA0063700734
B1231084201056N00044641EA0063700734
B1231094201056N00044641EA0063700735
B1231104201056N00044641EA0063700735
B1231114201056N00044642EA0063700735
B1231124201056N00044642EA0063700735
B1231134201056N00044641EA0063700735
B1231144201055N00044641EA0063700735
B1231154201056N00044641EA0063700735
B1231164201056N00044641EA0063700736
B1231174201056N00044642EA0063700736
B1231184201056N00044642EA0063700735
B1231194201056N00044642EA0063700735
B1231204201056N00044642EA0063700735
B1231214201056N00044642EA0063700735
B1231224201056N00044642EA0063700735
B1231234201056N00044641EA0063700735
B1231244201056N00044641EA0063700736
B1231254201056N00044641EA0063700736
B1231264201056N00044642EA0063700736
B1231274201056N00044642EA0063700735
B1231284201057N00044642EA0063700735
B1231294201057N00044642EA0063700736
B1231304201057N00044643EA0063700735
B1231314201057N00044643EA0063700736
B1231324201057N00044643EA0063700736
B1231334201057N00044643EA0063700735
B1231344201057N00044643EA0063700735
B1231354201056N00044641EA0063700735
B1231364201056N00044640EA0063700736
B1231374201056N00044641EA0063700736
B1231384201056N00044640EA0063700736
B1231394201056N00044641EA0063700737
B1231404201056N00044641EA0063700737
B1231414201056N00044642EA0063700738
B1231424201056N00044642EA0063700738
B1231434201056N00044642EA0063700739
B1231444201056N00044643EA0063700739
B1231454201057N00044643EA0063700739
B1231464201057N00044643EA0063700739
B1231474201058N00044645EA0063700739
B1231484201058N00044646EA0063700738
B1231494201058N00044645EA0063700738
B1231504201057N00044643EA0063700738
B1231514201057N00044642EA0063700739
B1231524201057N00044642EA0063700739
B1231534201056N00044640EA0063700739
B1231544201056N00044640EA0063700740
B1231554201056N00044640EA0063700740
B1231564201055N00044639EA0063700741
B1231574201055N00044639EA0063700742
B1231584201055N00044639EA0063700742
B1231594201055N00044640EA0063700742
B1232004201055N00044640EA0063700742
B1232014201055N00044640EA0063700742
B1232024201055N00044640EA0063700742
B1232034201055N00044640EA0063700742
B1232044201055N00044640EA0063800742
B1232054201055N00044641EA0063800742
B1232064201055N00044641EA0063800741
B1232074201055N00044641EA0063800742
B1232084201055N00044641EA0063800742
B1232094201055N00044641EA0063700743
B1232104201055N00044641EA0063700743
B1232114201055N00044641EA0063700743
B1232124201055N00044641EA0063700743
B1232134201055N00044640EA0063800743
B1232144201055N00044641EA0063800743
B1232154201055N00044641EA0063700743
B1232164201055N00044641EA0063700743
B1232174201054N00044640EA0063700743
B1232184201054N00044640EA0063700742
B1232194201054N00044640EA0063700743
B1232204201055N00044641EA0063700743
B1232214201055N00044641EA0063700742
B1232224201055N00044640EA0063700741
B1232234201054N00044637EA0063700742
B1232244201054N00044637EA0063800742
B1232254201054N00044637EA0063800742
B1232264201054N00044637EA0063800742
B1232274201054N00044637EA0063800742
B1232284201054N00044636EA0063800741
B1232294201054N00044636EA0063700742
B1232304201054N00044636EA0063700742
B1232314201054N00044637EA0063700742
B1232324201054N00044637EA0063700742
B1232334201054N00044636EA0063700741
B1232344201054N00044636EA0063700741
B1232354201054N00044635EA0063700741
B1232364201053N00044634EA0063800741
B1232374201053N00044634EA0063800741
B1232384201054N00044635EA0063800741
B1232394201054N00044635EA0063800740
B1232404201054N00044636EA0063800740
B1232414201054N00044636EA0063800740
B1232424201054N00044636EA0063800741
B1232434201054N00044636EA0063800741
B1232444201055N00044638EA0063800741
B1232454201056N00044639EA0063700742
B1232464201056N00044639EA0063700742
B1232474201055N00044638EA0063700742
B1232484201056N00044639EA0063700743
B1232494201056N00044639EA0063700743
B1232504201057N00044642EA0063700743
B1232514201057N00044642EA0063800741
B1232524201058N00044643EA0063800741
B1232534201058N00044643EA0063800741
B1232544201058N00044643EA0063800740
B1232554201058N00044643EA0063800741
B1232564201058N00044643EA0063800741
B1232574201058N00044643EA0063800739
B1232584201058N00044644EA0063800739
B1232594201059N00044644EA0063800739
B1233004201059N00044644EA0063800738
B1233014201059N00044644EA0063800738
B1233024201059N00044644EA0063800738
B1233034201059N00044645EA0063800737
B1233044201059N00044645EA0063800737
B1233054201059N00044644EA0063800737
B1233064201059N00044644EA0063800737
B1233074201059N00044644EA0063800737
B1233084201060N00044644EA0063800737
B1233094201059N00044643EA0063800735
B1233104201059N00044644EA0063800735
B1233114201059N00044644EA0063700735
B1233124201059N00044644EA0063800735
B1233134201059N00044644EA0063800736
B1233144201058N00044642EA0063800736
B1233154201059N00044643EA0063800736
B1233164201059N00044643EA0063800736
B1233174201059N00044644EA0063800736
B1233184201059N00044644EA0063800734
B1233194201059N00044643EA0063800734
B1233204201059N00044644EA0063800735
B1233214201059N00044643EA0063700734
B1233224201058N00044642EA0063700734
B1233234201058N00044642EA0063800735
B1233244201058N00044641EA0063800736
B1233254201057N00044640EA0063800736
B1233264201058N00044641EA0063800736
B1233274201057N00044640EA0063800736
B1233284201057N00044640EA0063700737
B1233294201057N00044641EA0063800737
B1233304201057N00044641EA0063800737
B1233314201057N00044641EA0063800737
B1233324201056N00044640EA0063800738
B1233334201056N00044640EA0063800739
B1233344201056N00044640EA0063800739
B1233354201056N00044640EA0063800739
B1233364201056N00044640EA0063800741
B1233374201055N00044639EA0063800741
B1233384201055N00044639EA0063800742
B1233394201055N00044639EA0063800743
B1233404201054N00044638EA0063800744
B1233414201054N00044638EA0063700744
B1233424201054N00044637EA0063700743
B1233434201054N00044638EA0063800744
B1233444201054N00044638EA0063800744
B1233454201054N00044638EA0063800744
B1233464201054N00044638EA0063800744
B1233474201053N00044638EA0063800745
B1233484201053N00044637EA0063800747
B1233494201053N00044637EA0063800748
B1233504201053N00044638EA0063800749
B1233514201053N00044638EA0063800749
B1233524201053N00044638EA0063800750
B1233534201054N00044639EA0063800751
B1233544201054N00044639EA0063800750
B1233554201054N00044639EA0063800751
B1233564201054N00044639EA0063800752
B1233574201054N00044639EA0063800753
B1233584201054N00044640EA0063800754
B1233594201054N00044640EA0063800755
B1234004201054N00044640EA0063800756
B1234014201054N00044641EA0063800756
B1234024201054N00044641EA0063800757
B1234034201054N00044641EA0063800758
B1234044201054N00044641EA0063800758
B1234054201054N00044641EA0063800759
B1234064201054N00044641EA0063800760
B1234074201054N00044641EA0063800760
B1234084201055N00044642EA0063800760
B1234094201055N00044642EA0063800760
B1234104201055N00044642EA0063800760
B1234114201056N00044643EA0063800761
B1234124201056N00044643EA0063800761
B1234134201056N00044644EA0063800761
B1234144201056N00044643EA0063800761
B1234154201056N00044643EA0063800762
B1234164201056N00044644EA0063800762
B1234174201056N00044644EA0063800762
B1234184201056N00044644EA0063800761
B1234194201056N00044644EA0063800761
B1234204201057N00044644EA0063800761
B1234214201057N00044644EA0063800759
B1234224201057N00044645EA0063800760
B1234234201057N00044644EA0063800760
B1234244201057N00044645EA0063800760
B1234254201057N00044645EA0063800761
B1234264201057N00044644EA0063800761
B1234274201057N00044645EA0063800762
B1234284201057N00044645EA0063800762
B1234294201058N00044646EA0063800762
B1234304201058N00044646EA0063800760
B1234314201058N00044647EA0063800760
B1234324201058N00044647EA0063800760
B1234334201058N00044647EA0063800759
B1234344201058N00044647EA0063800759
B1234354201059N00044647EA0063800759
B1234364201059N00044648EA0063800759
B1234374201059N00044648EA0063800758
B1234384201059N00044647EA0063800759
B1234394201059N00044647EA0063800759
B1234404201059N00044647EA0063700759
B1234414201059N00044647EA0063800758
B1234424201059N00044647EA0063700758
B1234434201059N00044648EA0063700758
B1234444201059N00044647EA0063700758
B1234454201059N00044647EA0063700758
B1234464201059N00044647EA0063800758
B1234474201058N00044646EA0063800758
B1234484201058N00044646EA0063800759
B1234494201058N00044646EA0063800759
B1234504201058N00044646EA0063800759
B1234514201058N00044646EA0063800760
B1234524201058N00044646EA0063700760
B1234534201057N00044645EA0063700760
B1234544201057N00044645EA0063700761
B1234554201056N00044645EA0063800760
B1234564201057N00044645EA0063800760
B1234574201056N00044645EA0063700760
B1234584201056N00044645EA0063700760
B1234594201056N00044644EA0063700760
B1235004201056N00044645EA0063700759
B1235014201056N00044645EA0063700759
B1235024201057N00044645EA0063700759
B1235034201056N00044645EA0063800758
B1235044201056N00044645EA0063800757
B1235054201056N00044645EA0063700757
B1235064201057N00044645EA0063700756
B1235074201057N00044645EA0063700755
B1235084201057N00044645EA0063700755
B1235094201057N00044645EA0063700755
B1235104201057N00044646EA0063700754
B1235114201057N00044646EA0063700754
B1235124201058N00044646EA0063700753
B1235134201058N00044646EA0063700752
B1235144201058N00044646EA0063700752
B1235154201058N00044646EA0063700752
B1235164201058N00044647EA0063800752
B1235174201059N00044648EA0063800751
B1235184201059N00044649EA0063700750
B1235194201060N00044649EA0063700749
B1235204201060N00044649EA0063700748
B1235214201060N00044650EA0063700749
B1235224201060N00044650EA0063700748
B1235234201061N00044651EA0063700748
B1235244201061N00044651EA0063700746
B1235254201061N00044651EA0063700746
B1235264201061N00044650EA0063700745
B1235274201061N00044651EA0063700745
B1235284201061N00044650EA0063700745
B1235294201062N00044652EA0063700744
B1235304201062N00044652EA0063800743
B1235314201062N00044652EA0063800742
B1235324201062N00044652EA0063700742
B1235334201062N00044652EA0063800741
B1235344201062N00044652EA0063800741
B1235354201062N00044652EA0063700740
B1235364201063N00044652EA0063700740
B1235374201063N00044652EA0063700740
B1235384201063N00044652EA0063700740
B1235394201063N00044653EA0063800739
B1235404201063N00044653EA0063800739
B1235414201063N00044653EA0063800740
B1235424201063N00044652EA0063700741
B1235434201063N00044653EA0063700741
B1235444201063N00044653EA0063700741
B1235454201063N00044653EA0063700740
B1235464201064N00044654EA0063700740
B1235474201064N00044654EA0063700740
B1235484201064N00044654EA0063700741
B1235494201064N00044654EA0063700740
B1235504201063N00044654EA0063700740
B1235514201063N00044653EA0063700741
B1235524201063N00044654EA0063700740
B1235534201064N00044654EA0063700740
B1235544201064N00044654EA0063700740
B1235554201064N00044654EA0063700740
B1235564201064N00044654EA0063800740
B1235574201064N00044655EA0063800738
B1235584201064N00044654EA0063800738
B1235594201064N00044654EA0063800738
B1236004201064N00044654EA0063800738
B1236014201064N00044654EA0063800738
B1236024201064N00044654EA0063800738
B1236034201064N00044654EA0063800737
B1236044201064N00044654EA0063800737
B1236054201065N00044656EA0063800737
B1236064201065N00044655EA0063800734
B1236074201065N00044656EA0063800734
B1236084201065N00044657EA0063700734
B1236094201065N00044656EA0063800734
B1236104201065N00044657EA0063800733
B1236114201066N00044658EA0063800733
B1236124201066N00044658EA0063800731
B1236134201066N00044658EA0063700731
B1236144201066N00044658EA0063700730
B1236154201066N00044658EA0063800729
B1236164201066N00044658EA0063800729
B1236174201066N00044657EA0063800728
B1236184201066N00044657EA0063800729
B1236194201065N00044657EA0063800728
B1236204201065N00044656EA0063800728
B1236214201065N00044656EA0063800729
B1236224201065N00044656EA0063800728
B1236234201065N00044656EA0063800728
B1236244201065N00044656EA0063800727
B1236254201065N00044656EA0063800727
B1236264201064N00044656EA0063800727
B1236274201064N00044656EA0063800729
B1236284201064N00044656EA0063800728
B1236294201064N00044655EA0063800728
B1236304201064N00044655EA0063800729
B1236314201064N00044656EA0063800729
B1236324201065N00044656EA0063800730
B1236334201065N00044657EA0063700729
B1236344201065N00044656EA0063700729
B1236354201066N00044657EA0063700728
B1236364201066N00044657EA0063700727
B1236374201066N00044657EA0063800727
B1236384201065N00044656EA0063800728
B1236394201065N00044656EA0063800728
B1236404201066N00044656EA0063800728
B1236414201065N00044656EA0063800728
B1236424201065N00044656EA0063700728
B1236434201065N00044655EA0063700728
B1236444201065N00044656EA0063700728
B1236454201066N00044656EA0063700728
B1236464201066N00044656EA0063700728
B1236474201066N00044656EA0063700728
B1236484201066N00044657EA0063800728
B1236494201066N00044656EA0063800728
B1236504201066N00044657EA0063800728
B1236514201066N00044657EA0063800728
B1236524201066N00044656EA0063800728
B1236534201066N00044656EA0063700728
B1236544201066N00044656EA0063700728
B1236554201066N00044656EA0063700728
B1236564201065N00044656EA0063700728
B1236574201065N00044656EA0063700729
B1236584201065N00044656EA0063700729
B1236594201066N00044657EA0063800729
B1237004201066N00044657EA0063800726
B1237014201066N00044657EA0063700726
B1237024201065N00044656EA0063700726
B1237034201065N00044657EA0063700726
B1237044201066N00044656EA0063700726
B1237054201065N00044656EA0063700725
B1237064201066N00044656EA0063700726
B1237074201066N00044655EA0063700726
B1237084201065N00044655EA0063700726
B1237094201065N00044655EA0063800726
B1237104201065N00044655EA0063800726
B1237114201064N00044654EA0063700726
B1237124201064N00044654EA0063700728
B1237134201064N00044654EA0063700727
B1237144201064N00044654EA0063700727
B1237154201064N00044655EA0063800726
B1237164201064N00044654EA0063700726
B1237174201065N00044655EA0063800726
B1237184201065N00044655EA0063800726
B1237194201065N00044655EA0063800726
B1237204201064N00044654EA0063700726
B1237214201065N00044654EA0063700727
B1237224201065N00044654EA0063700727
B1237234201065N00044655EA0063800727
B1237244201066N00044655EA0063800726
B1237254201066N00044655EA0063700726
B1237264201066N00044655EA0063700726
B1237274201066N00044655EA0063700726
B1237284201066N00044655EA0063700726
B1237294201066N00044654EA0063700725
B1237304201066N00044655EA0063800726
B1237314201066N00044655EA0063700726
B1237324201065N00044654EA0063700724
B1237334201066N00044654EA0063800727
B1237344201066N00044654EA0063800726
B1237354201065N00044654EA0063800726
B1237364201065N00044654EA0063800726
B1237374201065N00044653EA0063800725
B1237384201067N00044656EA0063800725
B1237394201067N00044655EA0063800722
B1237404201066N00044655EA0063800722
B1237414201067N00044656EA0063800722
B1237424201067N00044655EA0063800721
B1237434201067N00044656EA0063800721
B1237444201066N00044654EA0063800720
B1237454201066N00044654EA0063800722
B1237464201066N00044654EA0063800722
B1237474201065N00044652EA0063800722
B1237484201065N00044652EA0063800723
B1237494201065N00044652EA0063800723
B1237504201065N00044652EA0063800723
B1237514201065N00044652EA0063800723
B1237524201065N00044652EA0063800723
B1237534201067N00044655EA0063800723
B1237544201068N00044655EA0063800720
B1237554201068N00044655EA0063800719
B1237564201068N00044656EA0063800719
B1237574201068N00044656EA0063800718
B1237584201069N00044656EA0063800718
B1237594201067N00044653EA0063800718
B1238004201067N00044653EA0063800720
B1238014201067N00044653EA0063800720
B1238024201068N00044654EA0063800720
B1238034201068N00044654EA0063800718
B1238044201068N00044654EA0063800718
B1238054201068N00044655EA0063800718
B1238064201068N00044655EA0063800718
B1238074201068N00044655EA0063800718
B1238084201068N00044654EA0063800718
B1238094201068N00044655EA0063800719
B1238104201069N00044654EA0063800719
B1238114201069N00044654EA0063800719
B1238124201069N00044654EA0063800718
B1238134201070N00044654EA0063800717
B1238144201070N00044654EA0063800717
B1238154201070N00044655EA0063800717
B1238164201070N00044655EA0063800716
B1238174201070N00044655EA0063800715
B1238184201071N00044655EA0063800713
B1238194201071N00044654EA0063800713
B1238204201071N00044655EA0063800713
B1238214201071N00044655EA0063800713
B1238224201071N00044655EA0063800713
B1238234201072N00044656EA0063800713
B1238244201072N00044656EA0063800712
B1238254201072N00044656EA0063800712
B1238264201073N00044658EA0063800712
B1238274201073N00044658EA0063800709
B1238284201073N00044658EA0063800709
B1238294201074N00044659EA0063800709
B1238304201074N00044659EA0063800707
B1238314201073N00044659EA0063800707
B1238324201073N00044658EA0063800706
B1238334201073N00044658EA0063800708
B1238344201073N00044658EA0063800708
B1238354201073N00044658EA0063800707
B1238364201073N00044659EA0063800708
B1238374201072N00044659EA0063800708
B1238384201071N00044658EA0063800707
B1238394201071N00044658EA0063800710
B1238404201071N00044658EA0063800710
B1238414201071N00044658EA0063800709
B1238424201071N00044658EA0063800710
B1238434201071N00044659EA0063800709
B1238444201071N00044659EA0063800709
B1238454201071N00044659EA0063800707
B1238464201071N00044659EA0063800706
B1238474201071N00044659EA0063800705
B1238484201071N00044659EA0063800705
B1238494201071N00044660EA0063800705
B1238504201072N00044661EA0063800705
B1238514201071N00044661EA0063800703
B1238524201071N00044661EA0063800703
B1238534201071N00044661EA0063800703
B1238544201071N00044661EA0063800703
B1238554201071N00044661EA0063800704
B1238564201071N00044661EA0063800704
B1238574201071N00044660EA0063800704
B1238584201070N00044660EA0063800704
B1238594201070N00044660EA0063800704
B1239004201070N00044660EA0063800706
B1239014201070N00044660EA0063800706
B1239024201070N00044659EA0063800706
B1239034201069N00044659EA0063800706
B1239044201069N00044659EA0063800707
B1239054201070N00044659EA0063800707
B1239064201069N00044659EA0063800706
B1239074201069N00044659EA0063800706
B1239084201069N00044659EA0063800707
B1239094201069N00044659EA0063800706
B1239104201069N00044659EA0063800707
B1239114201068N00044658EA0063800708
B1239124201068N00044658EA0063800710
B1239134201068N00044658EA0063800710
B1239144201067N00044657EA0063800711
B1239154201067N00044657EA0063800712
B1239164201067N00044657EA0063800713
B1239174201067N00044656EA0063800714
B1239184201067N00044656EA0063800715
B1239194201066N00044656EA0063800716
B1239204201066N00044656EA0063800716
B1239214201066N00044656EA0063800717
B1239224201066N00044655EA0063800717
B1239234201066N00044655EA0063800718
B1239244201066N00044655EA0063800717
B1239254201066N00044655EA0063800718
B1239264201066N00044655EA0063800719
B1239274201066N00044655EA0063800719
B1239284201065N00044655EA0063800719
B1239294201065N00044655EA0063800720
B1239304201065N00044655EA0063800721
B1239314201065N00044654EA0063800722
B1239324201065N00044654EA0063800723
B1239334201065N00044654EA0063800724
B1239344201064N00044654EA0063800724
B1239354201064N00044653EA0063800724
B1239364201064N00044653EA0063800727
B1239374201063N00044653EA0063800727
B1239384201064N00044653EA0063800728
B1239394201063N00044653EA0063800728
B1239404201063N00044653EA0063800728
B1239414201063N00044653EA0063800728
B1239424201063N00044653EA0063800729
B1239434201063N00044653EA0063800730
B1239444201063N00044652EA0063800730
B1239454201062N00044652EA0063800731
B1239464201062N00044652EA0063800732
B1239474201062N00044652EA0063800732
B1239484201062N00044651EA0063800733
B1239494201062N00044651EA0063800734
B1239504201062N00044651EA0063800734
B1239514201062N00044651EA0063800736
B1239524201062N00044650EA0063800736
B1239534201062N00044651EA0063800736
B1239544201062N00044651EA0063800735
B1239554201062N00044651EA0063800736
B1239564201061N00044651EA0063800736
B1239574201061N00044650EA0063800737
B1239584201061N00044650EA0063800737
B1239594201061N00044650EA0063800737
B1240004201061N00044650EA0063800738
B1240014201061N00044650EA0063800738
B1240024201061N00044650EA0063800738
B1240034201061N00044650EA0063800738
B1240044201061N00044650EA0063800738
B1240054201061N00044650EA0063800739
B1240064201061N00044650EA0063800739
B1240074201061N00044650EA0063800739
B1240084201062N00044650EA0063800739
B1240094201062N00044650EA0063800739
B1240104201062N00044650EA0063800739
B1240114201061N00044649EA0063800739
B1240124201061N00044649EA0063800740
B1240134201061N00044649EA0063800740
B1240144201062N00044650EA0063800740
B1240154201062N00044650EA0063800739
B1240164201062N00044650EA0063800739
B1240174201062N00044650EA0063800739
B1240184201062N00044650EA0063800739
B1240194201062N00044650EA0063800739
B1240204201062N00044651EA0063800739
B1240214201062N00044651EA0063800739
B1240224201062N00044651EA0063800739
B1240234201062N00044650EA0063800739
B1240244201062N00044650EA0063800741
B1240254201061N00044649EA0063800741
B1240264201061N00044649EA0063800741
B1240274201061N00044649EA0063800742
B1240284201061N00044649EA0063800742
B1240294201061N00044649EA0063800743
B1240304201061N00044649EA0063800743
B1240314201061N00044649EA0063800743
B1240324201062N00044650EA0063800743
B1240334201062N00044650EA0063800742
B1240344201061N00044649EA0063800742
B1240354201061N00044649EA0063800743
B1240364201061N00044649EA0063800743
B1240374201061N00044649EA0063800744
B1240384201061N00044649EA0063800744
B1240394201061N00044649EA0063800744
B1240404201061N00044649EA0063800743
B1240414201060N00044648EA0063800743
B1240424201060N00044648EA0063800745
B1240434201060N00044648EA0063800745
B1240444201061N00044648EA0063800745
B1240454201061N00044648EA0063800745
B1240464201061N00044648EA0063800745
B1240474201061N00044648EA0063800745
B1240484201061N00044648EA0063800746
B1240494201061N00044648EA0063800746
B1240504201061N00044648EA0063800746
B1240514201061N00044648EA0063800746
B1240524201061N00044648EA0063800746
B1240534201061N00044649EA0063800746
B1240544201061N00044649EA0063800745
B1240554201061N00044648EA0063800745
B1240564201061N00044649EA0063800745
B1240574201061N00044649EA0063800745
B1240584201061N00044648EA0063800745
B1240594201061N00044648EA0063800745
B1241004201061N00044648EA0063800746
B1241014201061N00044648EA0063800746
B1241024201060N00044648EA0063800746
B1241034201060N00044648EA0063800747
B1241044201060N00044648EA0063800747
B1241054201060N00044647EA0063800747
B1241064201060N00044648EA0063800747
B1241074201060N00044647EA0063800747
B1241084201060N00044647EA0063800748
B1241094201060N00044647EA0063800749
B1241104201060N00044647EA0063800748
B1241114201061N00044648EA0063800749
B1241124201061N00044648EA0063800745
B1241134201061N00044648EA0063800746
B1241144201061N00044649EA0063800746
B1241154201061N00044649EA0063800745
B1241164201061N00044649EA0063800745
B1241174201061N00044649EA0063800745
B1241184201061N00044648EA0063800745
B1241194201061N00044648EA0063800745
B1241204201060N00044648EA0063800745
B1241214201060N00044648EA0063800746
B1241224201060N00044648EA0063800746
B1241234201060N00044648EA0063800746
B1241244201060N00044648EA0063800747
B1241254201060N00044648EA0063800747
B1241264201060N00044647EA0063800747
B1241274201060N00044648EA0063800746
B1241284201060N00044648EA0063800747
B1241294201060N00044647EA0063800747
B1241304201060N00044647EA0063800748
B1241314201060N00044647EA0063800748
B1241324201060N00044647EA0063800748
B1241334201060N00044647EA0063800748
B1241344201060N00044647EA0063800748
B1241354201060N00044648EA0063800748
B1241364201060N00044648EA0063800748
B1241374201060N00044648EA0063800748
B1241384201060N00044647EA0063800748
B1241394201060N00044647EA0063800750
B1241404201060N00044648EA0063800750
B1241414201060N00044648EA0063800750
B1241424201060N00044648EA0063800749
B1241434201060N00044648EA0063800749
B1241444201060N00044648EA0063800749
B1241454201061N00044648EA0063800748
B1241464201061N00044648EA0063800748
B1241474201061N00044647EA0063800748
B1241484201061N00044648EA0063800748
B1241494201061N00044648EA0063800748
B1241504201061N00044650EA0063800748
B1241514201061N00044650EA0063800746
B1241524201061N00044650EA0063800746
B1241534201062N00044651EA0063800746
B1241544201062N00044651EA0063800745
B1241554201062N00044652EA0063800745
B1241564201061N00044650EA0063800746
B1241574201061N00044651EA0063800747
B1241584201061N00044651EA0063800747
B1241594201061N00044651EA0063800747
B1242004201061N00044651EA0063800748
B1242014201061N00044651EA0063800748
B1242024201061N00044651EA0063800748
B1242034201061N00044651EA0063800747
B1242044201061N00044651EA0063800747
B1242054201062N00044652EA0063800747
B1242064201062N00044652EA0063800745
B1242074201062N00044652EA0063800745
B1242084201062N00044653EA0063800745
B1242094201062N00044653EA0063800744
B1242104201062N00044653EA0063800744
B1242114201062N00044653EA0063800744
B1242124201062N00044652EA0063800744
B1242134201062N00044652EA0063800744
B1242144201063N00044653EA0063800744
B1242154201063N00044653EA0063800742
B1242164201063N00044652EA0063800741
B1242174201062N00044652EA0063800741
B1242184201062N00044651EA0063800742
B1242194201063N00044652EA0063800741
B1242204201062N00044651EA0063800741
B1242214201062N00044651EA0063800742
B1242224201062N00044651EA0063800742
B1242234201061N00044650EA0063800742
B1242244201062N00044650EA0063800744
B1242254201062N00044650EA0063800744
B1242264201062N00044649EA0063800744
B1242274201062N00044649EA0063800744
B1242284201062N00044649EA0063800744
B1242294201062N00044650EA0063800744
B1242304201062N00044650EA0063800744
B1242314201062N00044650EA0063800744
B1242324201062N00044649EA0063800744
B1242334201062N00044649EA0063800745
B1242344201062N00044649EA0063800746
B1242354201062N00044650EA0063800746
B1242364201062N00044650EA0063800746
B1242374201063N00044651EA0063800746
B1242384201063N00044650EA0063800746
B1242394201063N00044651EA0063800746
B1242404201063N00044651EA0063800746
B1242414201063N00044651EA0063800746
B1242424201063N00044652EA0063800746
B1242434201063N00044652EA0063800745
B1242444201064N00044653EA0063800746
B1242454201064N00044654EA0063800745
B1242464201065N00044654EA0063800745
B1242474201065N00044656EA0063800745
B1242484201065N00044656EA0063800745
B1242494201065N00044656EA0063800745
B1242504201065N00044656EA0063800745
B1242514201065N00044656EA0063800746
B1242524201065N00044656EA0063800746
B1242534201065N00044656EA0063800747
B1242544201065N00044656EA0063800746
B1242554201065N00044657EA0063800747
B1242564201065N00044656EA0063800747
B1242574201065N00044656EA0063800747
B1242584201065N00044656EA0063800748
B1242594201065N00044657EA0063800748
B1243004201065N00044657EA0063800747
B1243014201065N00044657EA0063800747
B1243024201065N00044656EA0063800747
B1243034201065N00044656EA0063800747
B1243044201065N00044656EA0063800747
B1243054201065N00044656EA0063800747
B1243064201065N00044656EA0063800747
B1243074201064N00044655EA0063800746
B1243084201065N00044655EA0063800746
B1243094201065N00044655EA0063800745
B1243104201065N00044655EA0063800745
B1243114201065N00044655EA0063800745
B1243124201065N00044655EA0063800744
B1243134201065N00044655EA0063800744
B1243144201064N00044654EA0063800744
B1243154201065N00044654EA0063800745
B1243164201064N00044654EA0063800744
B1243174201065N00044655EA0063800744
B1243184201065N00044655EA0063800743
B1243194201065N00044654EA0063800744
B1243204201065N00044655EA0063800744
B1243214201065N00044655EA0063800743
B1243224201065N00044654EA0063800742
B1243234201065N00044654EA0063800742
B1243244201065N00044654EA0063800743
B1243254201065N00044654EA0063800743
B1243264201065N00044654EA0063800742
B1243274201065N00044654EA0063800743
B1243284201065N00044655EA0063800743
B1243294201065N00044656EA0063800742
B1243304201065N00044658EA0063800741
B1243314201065N00044658EA0063800740
B1243324201065N00044658EA0063800740
B1243334201065N00044658EA0063800740
B1243344201065N00044658EA0063800740
B1243354201065N00044658EA0063800740
B1243364201065N00044659EA0063800739
B1243374201065N00044659EA0063800738
B1243384201066N00044658EA0063800738
B1243394201066N00044658EA0063800737
B1243404201066N00044658EA0063800736
B1243414201066N00044658EA0063800736
B1243424201066N00044658EA0063800735
B1243434201066N00044658EA0063800734
B1243444201067N00044659EA0063800734
B1243454201067N00044659EA0063800731
B1243464201067N00044659EA0063800730
B1243474201067N00044659EA0063800730
B1243484201067N00044659EA0063800729
B1243494201067N00044659EA0063800728
B1243504201068N00044660EA0063800728
B1243514201068N00044660EA0063900726
B1243524201068N00044660EA0063900725
B1243534201068N00044659EA0063800725
B1243544201068N00044659EA0063800725
B1243554201068N00044659EA0063800724
B1243564201068N00044661EA0063800724
B1243574201068N00044661EA0063800722
B1243584201068N00044661EA0063800722
B1243594201068N00044660EA0063800722
B1244004201068N00044660EA0063800723
B1244014201068N00044660EA0063800723
B1244024201067N00044658EA0063800723
B1244034201067N00044658EA0063800724
B1244044201067N00044659EA0063800724
B1244054201068N00044659EA0063800724
B1244064201068N00044658EA0063800723
B1244074201068N00044658EA0063800722
B1244084201067N00044657EA0063800722
B1244094201067N00044657EA0063800723
B1244104201067N00044658EA0063800723
B1244114201067N00044658EA0063800723
B1244124201067N00044657EA0063800724
B1244134201067N00044658EA0063800724
B1244144201068N00044659EA0063800724
B1244154201068N00044660EA0063800722
B1244164201068N00044660EA0063800722
B1244174201068N00044661EA0063800722
B1244184201068N00044661EA0063800721
B1244194201068N00044661EA0063800721
B1244204201069N00044662EA0063800720
B1244214201069N00044663EA0063800721
B1244224201069N00044663EA0063800721
B1244234201069N00044663EA0063800720
B1244244201069N00044663EA0063800720
B1244254201069N00044662EA0063800720
B1244264201069N00044661EA0063800719
B1244274201069N00044660EA0063800720
B1244284201069N00044660EA0063800720
B1244294201068N00044659EA0063800720
B1244304201068N00044659EA0063800723
B1244314201068N00044659EA0063800723
B1244324201068N00044660EA0063800723
B1244334201068N00044660EA0063800723
B1244344201068N00044660EA0063800723
B1244354201069N00044659EA0063800723
B1244364201069N00044660EA0063800724
B1244374201069N00044660EA0063800724
B1244384201068N00044658EA0063800724
B1244394201068N00044658EA0063800724
B1244404201068N00044657EA0063800723
B1244414201069N00044657EA0063800723
B1244424201069N00044657EA0063800723
B1244434201069N00044657EA0063800723
B1244444201068N00044657EA0063800723
B1244454201068N00044658EA0063800723
B1244464201068N00044658EA0063800723
B1244474201069N00044660EA0063800724
B1244484201069N00044661EA0063800724
B1244494201068N00044662EA0063800724
B1244504201069N00044663EA0063800724
B1244514201069N00044663EA0063800724
B1244524201068N00044664EA0063800725
B1244534201068N00044663EA0063800726
B1244544201068N00044663EA0063800727
B1244554201068N00044663EA0063800728
B1244564201068N00044664EA0063800728
B1244574201068N00044664EA0063900728
B1244584201068N00044665EA0063800728
B1244594201068N00044665EA0063800728
B1245004201067N00044664EA0063800730
B1245014201067N00044665EA0063800730
B1245024201068N00044666EA0063800730
B1245034201068N00044666EA0063800729
B1245044201067N00044665EA0063800729
B1245054201067N00044664EA0063800730
B1245064201067N00044664EA0063800731
B1245074201067N00044664EA0063800731
B1245084201067N00044663EA0063800731
B1245094201066N00044662EA0063800731
B1245104201066N00044661EA0063800731
B1245114201066N00044660EA0063800731
B1245124201066N00044659EA0063800730
B1245134201066N00044659EA0063800730
B1245144201066N00044659EA0063800730
B1245154201066N00044659EA0063800728
B1245164201065N00044658EA0063800728
B1245174201065N00044658EA0063800728
B1245184201066N00044658EA0063800728
B1245194201065N00044657EA0063800728
B1245204201066N00044658EA0063800728
B1245214201066N00044657EA0063800727
B1245224201066N00044657EA0063800727
B1245234201065N00044657EA0063900727
B1245244201065N00044657EA0063900728
B1245254201065N00044657EA0063800728
B1245264201065N00044656EA0063800728
B1245274201065N00044655EA0063800726
B1245284201065N00044655EA0063800726
B1245294201065N00044655EA0063800727
B1245304201065N00044655EA0063800727
B1245314201065N00044655EA0063800727
B1245324201066N00044655EA0063900728
B1245334201065N00044655EA0063900726
B1245344201065N00044654EA0063900726
B1245354201064N00044653EA0063900726
B1245364201064N00044653EA0063900727
B1245374201064N00044653EA0063900728
B1245384201064N00044653EA0063900728
B1245394201064N00044653EA0063900727
B1245404201064N00044652EA0063900727
B1245414201064N00044652EA0063900727
B1245424201064N00044652EA0063900726
B1245434201063N00044651EA0063900725
B1245444201063N00044651EA0063800725
B1245454201063N00044651EA0063800724
B1245464201064N00044651EA0063800724
B1245474201063N00044650EA0063800724
B1245484201063N00044650EA0063800724
B1245494201062N00044650EA0063800724
B1245504201063N00044651EA0063800725
B1245514201063N00044651EA0063900724
B1245524201063N00044650EA0063800724
B1245534201063N00044650EA0063800724
B1245544201063N00044650EA0063800725
B1245554201063N00044651EA0063800726
B1245564201062N00044649EA0063800726
B1245574201062N00044650EA0063800728
B1245584201062N00044650EA0063800729
B1245594201062N00044650EA0063900729
B1246004201062N00044649EA0063900731
B1246014201062N00044649EA0063900731
B1246024201063N00044650EA0063900732
B1246034201062N00044648EA0063900730
B1246044201062N00044647EA0063900730
B1246054201062N00044648EA0063900731
B1246064201062N00044648EA0063900728
B1246074201062N00044647EA0063900728
B1246084201062N00044647EA0063900728
B1246094201062N00044647EA0063900729
B1246104201062N00044647EA0063900729
B1246114201062N00044646EA0063800729
B1246124201062N00044645EA0063800729
B1246134201062N00044645EA0063900730
B1246144201062N00044645EA0063900730
B1246154201062N00044645EA0063900729
B1246164201062N00044645EA0063900729
B1246174201063N00044646EA0063900728
B1246184201063N00044646EA0063900726
B1246194201063N00044646EA0063900726
B1246204201063N00044647EA0063900726
B1246214201063N00044647EA0063900725
B1246224201063N00044648EA0063900725
B1246234201062N00044647EA0063900725
B1246244201063N00044648EA0063900724
B1246254201063N00044648EA0063900724
B1246264201063N00044648EA0063900724
B1246274201062N00044648EA0063900724
B1246284201062N00044648EA0063900724
B1246294201063N00044649EA0063900724
B1246304201063N00044649EA0063900722
B1246314201063N00044649EA0063900723
B1246324201063N00044650EA0063900723
B1246334201064N00044651EA0063900723
B1246344201064N00044651EA0063900723
B1246354201064N00044650EA0063900723
B1246364201063N00044650EA0063900724
B1246374201063N00044650EA0063900724
B1246384201063N00044650EA0063900724
B1246394201063N00044650EA0063900723
B1246404201063N00044651EA0063900723
B1246414201063N00044650EA0063900724
B1246424201063N00044650EA0063900725
B1246434201063N00044650EA0063900725
B1246444201063N00044650EA0063900726
B1246454201063N00044650EA0063900725
B1246464201063N00044650EA0063900725
B1246474201063N00044650EA0063900726
B1246484201063N00044650EA0063900727
B1246494201063N00044650EA0063900727
B1246504201063N00044651EA0063900728
B1246514201063N00044651EA0063900727
B1246524201064N00044652EA0063900727
B1246534201063N00044651EA0063900728
B1246544201063N00044651EA0063900728
B1246554201064N00044651EA0063900729
B1246564201064N00044651EA0063900729
B1246574201064N00044651EA0063900729
B1246584201064N00044652EA0063900729
B1246594201064N00044651EA0063900729
B1247004201064N00044651EA0063900731
B1247014201064N00044651EA0063900731
B1247024201064N00044652EA0063900731
B1247034201064N00044652EA0063900730
B1247044201064N00044652EA0063900730
B1247054201064N00044652EA0063900730
B1247064201064N00044652EA0063900731
B1247074201064N00044652EA0063900731
B1247084201064N00044653EA0063900731
B1247094201064N00044653EA0063900729
B1247104201065N00044652EA0063900729
B1247114201065N00044652EA0063900730
B1247124201065N00044653EA0063900730
B1247134201065N00044653EA0063900731
B1247144201065N00044653EA0063900731
B1247154201065N00044653EA0063900729
B1247164201065N00044652EA0063900730
B1247174201064N00044652EA0063900730
B1247184201064N00044652EA0063900733
B1247194201064N00044652EA0063900733
B1247204201064N00044651EA0063900734
B1247214201064N00044651EA0063900734
B1247224201064N00044652EA0063900734
B1247234201064N00044652EA0063900733
B1247244201064N00044652EA0063900732
B1247254201064N00044653EA0063900733
B1247264201064N00044654EA0063900732
B1247274201064N00044654EA0063900732
B1247284201064N00044654EA0063900731
B1247294201064N00044654EA0063900731
B1247304201065N00044654EA0063900731
B1247314201065N00044654EA0063900730
B1247324201065N00044655EA0063900730
B1247334201065N00044655EA0063900729
B1247344201065N00044655EA0063900729
B1247354201065N00044655EA0063900729
B1247364201065N00044655EA0063900730
B1247374201065N00044655EA0063900729
B1247384201066N00044657EA0063900729
B1247394201066N00044657EA0063900726
B1247404201066N00044657EA0063900726
B1247414201066N00044657EA0063900725
B1247424201066N00044658EA0063900726
B1247434201067N00044658EA0063900726
B1247444201067N00044658EA0063900725
B1247454201067N00044658EA0063900724
B1247464201067N00044659EA0063900724
B1247474201067N00044658EA0063900724
B1247484201067N00044657EA0063900726
B1247494201067N00044657EA0063900726
B1247504201067N00044659EA0063900726
B1247514201067N00044658EA0063900723
B1247524201067N00044658EA0063900723
B1247534201068N00044658EA0063900723
B1247544201068N00044658EA0063900722
B1247554201067N00044658EA0063900723
B1247564201068N00044659EA0063900723
B1247574201068N00044659EA0063900721
B1247584201068N00044658EA0063900722
B1247594201068N00044659EA0063900721
B1248004201068N00044658EA0063900721
B1248014201067N00044658EA0063900721
B1248024201068N00044658EA0063900721
B1248034201067N00044658EA0063900720
B1248044201067N00044658EA0063900721
B1248054201067N00044658EA0063900721
B1248064201067N00044657EA0063900720
B1248074201067N00044657EA0063900720
B1248084201067N00044657EA0063900720
B1248094201067N00044658EA0063900720
B1248104201067N00044658EA0063900720
B1248114201067N00044658EA0063900720
B1248124201067N00044658EA0063900720
B1248134201067N00044658EA0063900720
B1248144201068N00044659EA0063900721
B1248154201068N00044658EA0063900719
B1248164201068N00044658EA0063900719
B1248174201068N00044659EA0063900719
B1248184201068N00044659EA0063900718
B1248194201068N00044659EA0063900719
B1248204201068N00044659EA0063900719
B1248214201068N00044658EA0063900720
B1248224201068N00044659EA0063900720
B1248234201068N00044659EA0063900720
B1248244201068N00044659EA0063900720
B1248254201068N00044659EA0063900720
B1248264201068N00044658EA0063900720
B1248274201068N00044658EA0063900721
B1248284201068N00044658EA0063900720
B1248294201068N00044659EA0063900721
B1248304201068N00044659EA0063900720
B1248314201068N00044659EA0063900720
B1248324201068N00044659EA0063900720
B1248334201068N00044659EA0063900720
B1248344201068N00044659EA0063900720
B1248354201068N00044660EA0063900721
B1248364201068N00044661EA0063900721
B1248374201068N00044660EA0063900721
B1248384201068N00044661EA0063900721
B1248394201068N00044660EA0063900721
B1248404201068N00044660EA0063900721
B1248414201068N00044661EA0063900721
B1248424201068N00044661EA0063900720
B1248434201068N00044661EA0063900720
B1248444201068N00044660EA0063900720
B1248454201068N00044660EA0063900722
B1248464201068N00044659EA0063900722
B1248474201068N00044660EA0063900721
B1248484201068N00044660EA0063900721
B1248494201068N00044660EA0063900721
B1248504201068N00044660EA0063900720
B1248514201068N00044660EA0063900721
B1248524201068N00044659EA0063900721
B1248534201068N00044660EA0063900721
B1248544201068N00044660EA0063900719
B1248554201068N00044659EA0063900719
B1248564201068N00044659EA0063900719
B1248574201068N00044658EA0063900719
B1248584201067N00044658EA0063900719
B1248594201067N00044657EA0063800719
B1249004201067N00044656EA0063800720
B1249014201066N00044656EA0063800720
B1249024201066N00044656EA0063800721
B1249034201066N00044655EA0063900720
B1249044201066N00044655EA0063900720
B1249054201066N00044655EA0063900720
B1249064201066N00044655EA0063900721
B1249074201066N00044654EA0063900721
B1249084201066N00044655EA0063900721
B1249094201065N00044655EA0063900721
B1249104201065N00044654EA0063900721
B1249114201065N00044654EA0063900721
B1249124201065N00044654EA0063900722
B1249134201065N00044654EA0063900722
B1249144201065N00044654EA0063900722
B1249154201066N00044653EA0063900721
B1249164201066N00044653EA0063900722
B1249174201066N00044653EA0063900722
B1249184201066N00044653EA0063900722
B1249194201066N00044652EA0063900722
B1249204201065N00044651EA0063900722
B1249214201065N00044650EA0063900724
B1249224201065N00044650EA0063900724
B1249234201065N00044650EA0063900724
B1249244201065N00044649EA0063900725
B1249254201065N00044648EA0063900726
B1249264201065N00044649EA0063900726
B1249274201065N00044648EA0063900726
B1249284201065N00044648EA0063900726
B1249294201065N00044648EA0063900727
B1249304201065N00044648EA0063900727
B1249314201064N00044649EA0063900727
B1249324201065N00044650EA0063900727
B1249334201065N00044650EA0063900725
B1249344201065N00044650EA0063900724
B1249354201064N00044649EA0063900725
B1249364201064N00044649EA0063900726
B1249374201064N00044650EA0063900726
B1249384201063N00044648EA0063900726
B1249394201063N00044648EA0063900728
B1249404201064N00044648EA0063900728
B1249414201064N00044648EA0063900728
B1249424201064N00044648EA0063900728
B1249434201063N00044648EA0063900728
B1249444201063N00044647EA0063900728
B1249454201062N00044647EA0063900729
B1249464201062N00044647EA0063900729
B1249474201061N00044646EA0063900729
B1249484201061N00044645EA0063900730
B1249494201061N00044644EA0063900730
B1249504201060N00044644EA0063900730
B1249514201060N00044643EA0063900730
B1249524201059N00044642EA0063900730
B1249534201060N00044644EA0063900730
B1249544201060N00044643EA0063900729
B1249554201060N00044643EA0063900729
B1249564201059N00044644EA0063900729
B1249574201059N00044643EA0063900729
B1249584201059N00044643EA0063900729
B1249594201056N00044641EA0063900729
B1250004201056N00044641EA0063900731
B1250014201056N00044641EA0063900731
B1250024201055N00044641EA0063900731
B1250034201054N00044640EA0063900732
B1250044201054N00044640EA0063900732
B1250054201054N00044639EA0063900732
B1250064201053N00044639EA0063900733
B1250074201052N00044639EA0063900733
B1250084201051N00044640EA0063900733
B1250094201051N00044639EA0063900733
B1250104201051N00044640EA0063900733
B1250114201052N00044642EA0063900733
B1250124201052N00044642EA0063900732
B1250134201052N00044642EA0063900732
B1250144201052N00044643EA0063900732
B1250154201051N00044643EA0063900732
B1250164201051N00044643EA0063900732
B1250174201051N00044643EA0063900733
B1250184201051N00044644EA0063900733
B1250194201051N00044644EA0063900733
B1250204201051N00044643EA0063900733
B1250214201052N00044643EA0063900734
B1250224201051N00044643EA0063900735
B1250234201051N00044641EA0063900735
B1250244201051N00044641EA0063900736
B1250254201051N00044641EA0063900737
B1250264201052N00044643EA0063900737
B1250274201052N00044643EA0063900736
B1250284201052N00044643EA0063900736
B1250294201052N00044643EA0063800737
B1250304201053N00044643EA0063900737
B1250314201053N00044643EA0063900738
B1250324201053N00044644EA0063900738
B1250334201054N00044644EA0063900738
B1250344201054N00044644EA0063900738
B1250354201054N00044645EA0063900739
B1250364201054N00044645EA0063900737
B1250374201054N00044645EA0063900738
B1250384201054N00044645EA0063900738
B1250394201055N00044644EA0063900739
B1250404201055N00044644EA0063900740
B1250414201055N00044644EA0063900740
B1250424201055N00044645EA0063900740
B1250434201055N00044645EA0063900740
B1250444201055N00044641EA0063900741
B1250454201055N00044641EA0063900742
B1250464201055N00044641EA0063900743
B1250474201055N00044641EA0063900744
B1250484201055N00044641EA0063900746
B1250494201055N00044641EA0063900746
B1250504201056N00044641EA0063900747
B1250514201056N00044640EA0063900746
B1250524201056N00044640EA0063900746
B1250534201057N00044641EA0063900747
B1250544201057N00044641EA0063900744
B1250554201057N00044640EA0063900745
B1250564201058N00044643EA0063900745
B1250574201058N00044643EA0063900744
B1250584201058N00044643EA0063900744
B1250594201058N00044643EA0063900744
B1251004201058N00044643EA0063900744
B1251014201058N00044642EA0063900744
B1251024201058N00044644EA0063900744
B1251034201058N00044643EA0063900742
B1251044201058N00044643EA0063900742
B1251054201058N00044644EA0063900742
B1251064201058N00044644EA0063900743
B1251074201058N00044644EA0063800744
B1251084201058N00044644EA0063800745
B1251094201058N00044644EA0063800743
B1251104201058N00044644EA0063900744
B1251114201059N00044646EA0063800744
B1251124201059N00044646EA0063800741
B1251134201059N00044646EA0063900741
B1251144201059N00044645EA0063900742
B1251154201059N00044644EA0063900743
B1251164201059N00044645EA0063900744
B1251174201058N00044643EA0063900745
B1251184201058N00044643EA0063900748
B1251194201058N00044643EA0063900749
B1251204201058N00044644EA0063900750
B1251214201058N00044644EA0063900749
B1251224201058N00044644EA0063800751
B1251234201057N00044643EA0063900751
B1251244201057N00044643EA0063900754
B1251254201057N00044643EA0063900755
B1251264201057N00044643EA0063900755
B1251274201057N00044643EA0063900755
B1251284201057N00044643EA0063900756
B1251294201058N00044643EA0063900756
B1251304201058N00044644EA0063900755
B1251314201057N00044644EA0063900756
B1251324201058N00044644EA0063900756
B1251334201058N00044644EA0063900756
B1251344201057N00044644EA0063900757
B1251354201057N00044643EA0063900757
B1251364201057N00044644EA0063900759
B1251374201056N00044644EA0063900760
B1251384201056N00044641EA0063900761
B1251394201056N00044641EA0063900763
B1251404201055N00044641EA0063900764
B1251414201056N00044641EA0063900765
B1251424201055N00044641EA0063900764
B1251434201055N00044641EA0063900765
B1251444201056N00044643EA0063900766
B1251454201056N00044643EA0063900763
B1251464201056N00044643EA0063900764
B1251474201056N00044645EA0063900765
B1251484201056N00044645EA0063900764
B1251494201056N00044644EA0063900764
B1251504201055N00044642EA0063900765
B1251514201055N00044642EA0063800768
B1251524201055N00044641EA0063800768
B1251534201055N00044642EA0063800769
B1251544201055N00044642EA0063900768
B1251554201055N00044642EA0063900769
B1251564201055N00044640EA0063900769
B1251574201055N00044639EA0063900772
B1251584201055N00044639EA0063800772
B1251594201055N00044640EA0063800773
B1252004201055N00044640EA0063800771
B1252014201055N00044640EA0063800772
B1252024201055N00044639EA0063900772
B1252034201055N00044639EA0063900772
B1252044201055N00044639EA0063900773
B1252054201055N00044639EA0063900773
B1252064201055N00044639EA0063900771
B1252074201055N00044638EA0063900771
B1252084201056N00044639EA0063900771
B1252094201055N00044639EA0063900769
B1252104201056N00044639EA0063900769
B1252114201055N00044640EA0063900769
B1252124201055N00044640EA0063900769
B1252134201055N00044639EA0063900769
B1252144201055N00044639EA0063900769
B1252154201055N00044639EA0063900770
B1252164201055N00044639EA0063900770
B1252174201056N00044639EA0063900770
B1252184201056N00044639EA0063900769
B1252194201056N00044639EA0063900768
B1252204201056N00044640EA0063900769
B1252214201056N00044640EA0063900767
B1252224201055N00044639EA0063900767
B1252234201055N00044640EA0063900767
B1252244201055N00044640EA0063900766
B1252254201055N00044639EA0063900766
B1252264201054N00044638EA0063900766
B1252274201054N00044637EA0063900767
B1252284201054N00044637EA0063900767
B1252294201055N00044637EA0063900767
B1252304201055N00044638EA0063900767
B1252314201055N00044637EA0063900767
B1252324201055N00044637EA0063900767
B1252334201056N00044637EA0063900767
B1252344201056N00044637EA0063900767
B1252354201056N00044637EA0063900766
B1252364201057N00044637EA0063900766
B1252374201057N00044638EA0063900766
B1252384201057N00044639EA0063900766
B1252394201057N00044639EA0063900765
B1252404201058N00044640EA0063900764
B1252414201059N00044642EA0063900764
B1252424201059N00044642EA0063900762
B1252434201059N00044642EA0063900762
B1252444201060N00044642EA0063800762
B1252454201060N00044643EA0063900761
B1252464201060N00044642EA0063800761
B1252474201061N00044644EA0063800760
B1252484201061N00044645EA0063800757
B1252494201061N00044644EA0063800756
B1252504201062N00044645EA0063900756
B1252514201062N00044646EA0063900753
B1252524201061N00044646EA0063900753
B1252534201061N00044646EA0063900753
B1252544201061N00044646EA0063900753
B1252554201061N00044646EA0063900753
B1252564201060N00044645EA0063900752
B1252574201061N00044645EA0063900752
B1252584201061N00044645EA0063900752
B1252594201062N00044648EA0063900752
B1253004201062N00044648EA0063900749
B1253014201063N00044649EA0063900749
B1253024201063N00044648EA0063900749
B1253034201063N00044649EA0063900748
B1253044201063N00044649EA0063900748
B1253054201062N00044648EA0063900747
B1253064201062N00044648EA0063900748
B1253074201062N00044649EA0063900748
B1253084201062N00044650EA0063900748
B1253094201062N00044650EA0063900746
B1253104201062N00044650EA0063900745
B1253114201062N00044651EA0063900745
B1253124201062N00044650EA0063900745
B1253134201062N00044650EA0063900744
B1253144201062N00044649EA0063900744
B1253154201062N00044649EA0063900744
B1253164201062N00044649EA0063900744
B1253174201062N00044649EA0063900744
B1253184201062N00044649EA0063900744
B1253194201062N00044649EA0063900744
B1253204201063N00044650EA0063900744
B1253214201063N00044650EA0063900743
B1253224201063N00044650EA0063800743
B1253234201064N00044651EA0063900742
B1253244201064N00044651EA0063900742
B1253254201064N00044651EA0063900741
B1253264201064N00044652EA0063900741
B1253274201065N00044653EA0063900738
B1253284201064N00044653EA0063900738
B1253294201063N00044652EA0063900738
B1253304201063N00044652EA0063900739
B1253314201063N00044652EA0063900739
B1253324201063N00044651EA0063900739
B1253334201063N00044651EA0063900741
B1253344201063N00044651EA0063900741
B1253354201064N00044653EA0063900740
B1253364201063N00044653EA0063900737
B1253374201063N00044653EA0063900737
B1253384201063N00044653EA0063900737
B1253394201062N00044653EA0063900737
B1253404201063N00044653EA0063900737
B1253414201063N00044655EA0063900737
B1253424201063N00044654EA0063900735
B1253434201063N00044654EA0063900735
B1253444201063N00044654EA0063800735
B1253454201063N00044654EA0063800736
B1253464201062N00044654EA0063800736
B1253474201063N00044655EA0063800736
B1253484201064N00044655EA0063800733
B1253494201063N00044655EA0063800734
B1253504201063N00044654EA0063900734
B1253514201063N00044654EA0063900734
B1253524201063N00044654EA0063900733
B1253534201063N00044654EA0063900733
B1253544201063N00044653EA0063900734
B1253554201063N00044654EA0063900734
B1253564201061N00044651EA0063900734
B1253574201061N00044650EA0063900736
B1253584201061N00044650EA0063900736
B1253594201060N00044649EA0063900736
B1254004201060N00044649EA0063900736
B1254014201060N00044649EA0063900736
B1254024201059N00044648EA0063900736
B1254034201059N00044648EA0063900737
B1254044201058N00044648EA0063900737
B1254054201058N00044648EA0063900736
B1254064201058N00044647EA0063900735
B1254074201057N00044647EA0063900735
B1254084201057N00044647EA0063900735
B1254094201057N00044646EA0063900735
B1254104201056N00044646EA0063900735
B1254114201057N00044648EA0063900734
B1254124201057N00044648EA0063900733
B1254134201058N00044648EA0063900732
B1254144201058N00044648EA0063900732
B1254154201059N00044648EA0063900732
B1254164201059N00044649EA0063900732
B1254174201058N00044648EA0063900732
B1254184201059N00044648EA0063900732
B1254194201059N00044648EA0063900732
B1254204201059N00044649EA0063900732
B1254214201059N00044649EA0063900730
B1254224201059N00044649EA0063900730
B1254234201060N00044649EA0063900730
B1254244201060N00044648EA0063900731
B1254254201060N00044649EA0063900731
B1254264201059N00044648EA0063900731
B1254274201058N00044646EA0063900730
B1254284201058N00044645EA0063900731
B1254294201057N00044645EA0063900732
B1254304201058N00044646EA0063800733
B1254314201058N00044647EA0063800733
B1254324201059N00044649EA0063900733
B1254334201059N00044650EA0063900730
B1254344201059N00044651EA0063900729
B1254354201057N00044649EA0063900729
B1254364201057N00044650EA0063900731
B1254374201057N00044651EA0063900731
B1254384201057N00044650EA0063900731
B1254394201060N00044655EA0063900732
B1254404201060N00044655EA0063900729
B1254414201058N00044653EA0063900729
B1254424201058N00044653EA0063900731
B1254434201058N00044653EA0063900731
B1254444201057N00044653EA0063900731
B1254454201057N00044652EA0063900732
B1254464201057N00044652EA0063900732
B1254474201058N00044652EA0063900732
B1254484201058N00044652EA0063900732
B1254494201058N00044652EA0063900731
B1254504201057N00044651EA0063900731
B1254514201057N00044651EA0063900732
B1254524201057N00044651EA0063900731
B1254534201057N00044650EA0063800731
B1254544201057N00044650EA0063800732
B1254554201057N00044649EA0063900732
B1254564201059N00044653EA0063800731
B1254574201058N00044653EA0063800728
B1254584201058N00044652EA0063900727
B1254594201059N00044653EA0063900727
B1255004201059N00044654EA0063900726
B1255014201060N00044654EA0063900726
B1255024201060N00044654EA0063900726
B1255034201060N00044654EA0063900726
B1255044201060N00044654EA0063900725
B1255054201061N00044656EA0063900725
B1255064201061N00044656EA0063800723
B1255074201061N00044656EA0063800723
B1255084201062N00044656EA0063800723
B1255094201062N00044657EA0063800722
B1255104201062N00044656EA0063800721
B1255114201061N00044654EA0063800721
B1255124201061N00044654EA0063800721
B1255134201061N00044654EA0063900721
B1255144201063N00044657EA0063900721
B1255154201063N00044657EA0063900718
B1255164201063N00044656EA0063900718
B1255174201063N00044654EA0063900717
B1255184201063N00044654EA0063900720
B1255194201062N00044655EA0063900720
B1255204201061N00044653EA0063900721
B1255214201061N00044652EA0063900720
B1255224201061N00044652EA0063900720
B1255234201061N00044652EA0063900720
B1255244201061N00044652EA0063900719
B1255254201062N00044653EA0063900719
B1255264201062N00044654EA0063900719
B1255274201061N00044654EA0063900718
B1255284201061N00044654EA0063900718
B1255294201061N00044654EA0063900717
B1255304201061N00044654EA0063900717
B1255314201062N00044654EA0063900717
B1255324201063N00044656EA0063900717
B1255334201063N00044656EA0063900716
B1255344201062N00044657EA0063900716
B1255354201064N00044658EA0063900715
B1255364201064N00044659EA0063900715
B1255374201064N00044659EA0063900715
B1255384201065N00044662EA0063900715
B1255394201065N00044662EA0063900712
B1255404201065N00044662EA0063900712
B1255414201066N00044662EA0063900712
B1255424201066N00044662EA0063900711
B1255434201066N00044662EA0063900711
B1255444201068N00044665EA0063900711
B1255454201068N00044665EA0063900708
B1255464201067N00044666EA0063900708
B1255474201067N00044666EA0063900708
B1255484201067N00044666EA0063900709
B1255494201067N00044665EA0063900709
B1255504201065N00044665EA0063900709
B1255514201065N00044665EA0063900708
B1255524201065N00044665EA0063900708
B1255534201065N00044664EA0063900708
B1255544201065N00044663EA0063900709
B1255554201065N00044663EA0063900709
B1255564201066N00044664EA0063900709
B1255574201066N00044663EA0063900709
B1255584201066N00044662EA0063900709
B1255594201066N00044662EA0063900709
B1256004201066N00044662EA0063800712
B1256014201066N00044661EA0063800711
B1256024201066N00044661EA0063800711
B1256034201066N00044661EA0063800713
B1256044201066N00044661EA0063900713
B1256054201066N00044660EA0063900713
B1256064201066N00044660EA0063800713
B1256074201065N00044660EA0063900712
B1256084201068N00044662EA0063900712
B1256094201068N00044662EA0063900710
B1256104201068N00044661EA0063900710
B1256114201067N00044659EA0063900709
B1256124201067N00044658EA0063900707
B1256134201067N00044658EA0063900707
B1256144201068N00044659EA0063900707
B1256154201067N00044659EA0063900705
B1256164201067N00044658EA0063900705
B1256174201066N00044658EA0063900705
B1256184201066N00044657EA0063900705
B1256194201065N00044657EA0063900705
B1256204201065N00044657EA0063900705
B1256214201065N00044657EA0063900703
B1256224201065N00044656EA0063900703
B1256234201065N00044654EA0063900703
B1256244201065N00044653EA0063900703
B1256254201065N00044653EA0063900703
B1256264201064N00044652EA0063900704
B1256274201065N00044652EA0063900706
B1256284201064N00044651EA0063900705
B1256294201064N00044651EA0063900706
B1256304201064N00044650EA0063900704
B1256314201064N00044650EA0063900704
B1256324201064N00044649EA0063900704
B1256334201064N00044649EA0063900704
B1256344201065N00044650EA0063900704
B1256354201065N00044650EA0063900705
B1256364201065N00044650EA0063900704
B1256374201065N00044650EA0063900704
B1256384201066N00044652EA0063900704
B1256394201067N00044652EA0063900703
B1256404201067N00044652EA0063900703
B1256414201066N00044651EA0063900703
B1256424201067N00044651EA0063900705
B1256434201067N00044651EA0063900705
B1256444201067N00044651EA0063900705
B1256454201067N00044651EA0063900705
B1256464201067N00044651EA0063900705
B1256474201067N00044652EA0063900705
B1256484201066N00044652EA0063900703
B1256494201066N00044652EA0063900704
B1256504201067N00044653EA0063900704
B1256514201067N00044653EA0063900703
B1256524201067N00044653EA0063900703
B1256534201067N00044654EA0063900703
B1256544201067N00044654EA0063900701
B1256554201067N00044654EA0063900701
B1256564201067N00044654EA0063900701
B1256574201067N00044654EA0063900702
B1256584201067N00044654EA0063900702
B1256594201066N00044653EA0063900702
B1257004201067N00044653EA0063900702
B1257014201067N00044653EA0063900703
B1257024201066N00044652EA0063900703
B1257034201067N00044652EA0063900704
B1257044201067N00044652EA0063900703
B1257054201068N00044653EA0063900703
B1257064201067N00044653EA0063900701
B1257074201068N00044652EA0063900701
B1257084201068N00044653EA0063900701
B1257094201068N00044653EA0063900702
B1257104201067N00044653EA0063900702
B1257114201068N00044654EA0063900702
B1257124201068N00044654EA0063900700
B1257134201068N00044654EA0063900701
B1257144201069N00044655EA0063900701
B1257154201069N00044655EA0063900699
B1257164201069N00044655EA0063900699
B1257174201069N00044656EA0063900700
B1257184201069N00044656EA0063900699
B1257194201069N00044656EA0063900699
B1257204201069N00044655EA0063900699
B1257214201069N00044655EA0063900701
B1257224201070N00044655EA0063900701
B1257234201070N00044656EA0064000701
B1257244201070N00044656EA0064000701
B1257254201070N00044655EA0063900701
B1257264201070N00044656EA0064000701
B1257274201070N00044655EA0063900700
B1257284201070N00044655EA0063900700
B1257294201070N00044656EA0064000700
B1257304201070N00044656EA0064000701
B1257314201070N00044656EA0064000701
B1257324201070N00044655EA0064000701
B1257334201070N00044655EA0064000700
B1257344201070N00044655EA0064000700
B1257354201070N00044654EA0064000700
B1257364201070N00044654EA0064000703
B1257374201070N00044654EA0064000703
B1257384201070N00044653EA0064000703
B1257394201070N00044653EA0064000702
B1257404201070N00044652EA0064000703
B1257414201070N00044653EA0064000703
B1257424201070N00044653EA0063900704
B1257434201070N00044653EA0063900705
B1257444201070N00044655EA0064000705
B1257454201070N00044654EA0064000703
B1257464201070N00044654EA0064000703
B1257474201071N00044654EA0064000704
B1257484201070N00044653EA0064000703
B1257494201070N00044654EA0064000703
B1257504201069N00044653EA0064000703
B1257514201069N00044652EA0064000707
B1257524201069N00044652EA0064000707
B1257534201070N00044653EA0064000707
B1257544201070N00044653EA0064000706
B1257554201070N00044653EA0064000706
B1257564201069N00044653EA0064000706
B1257574201069N00044653EA0064000707
B1257584201069N00044653EA0064000707
B1257594201069N00044651EA0063900707
B1258004201069N00044652EA0063900709
B1258014201068N00044651EA0064000709
B1258024201067N00044651EA0064000710
B1258034201067N00044651EA0064000713
B1258044201067N00044651EA0063900713
B1258054201066N00044649EA0063900714
B1258064201066N00044649EA0063900718
B1258074201066N00044649EA0063900718
B1258084201065N00044648EA0063900719
B1258094201065N00044648EA0063900721
B1258104201065N00044649EA0063900721
B1258114201065N00044649EA0063900722
B1258124201065N00044649EA0063900724
B1258134201065N00044649EA0063900725
B1258144201064N00044650EA0063900725
B1258154201064N00044650EA0063900726
B1258164201064N00044650EA0063900727
B1258174201064N00044650EA0063900727
B1258184201064N00044650EA0063900730
B1258194201063N00044650EA0063900730
B1258204201063N00044651EA0063900730
B1258214201064N00044652EA0063900729
B1258224201064N00044652EA0063900730
B1258234201064N00044652EA0063900730
B1258244201064N00044653EA0063900728
B1258254201064N00044653EA0063900728
B1258264201065N00044653EA0063900729
B1258274201065N00044653EA0063900728
B1258284201065N00044653EA0063900728
B1258294201066N00044653EA0063900728
B1258304201066N00044653EA0063900725
B1258314201066N00044653EA0063900725
B1258324201064N00044651EA0063900725
B1258334201064N00044651EA0063900729
B1258344201064N00044651EA0063900729
B1258354201064N00044650EA0063900729
B1258364201064N00044650EA0063900728
B1258374201064N00044650EA0063900729
B1258384201066N00044651EA0063900729
B1258394201066N00044652EA0063900727
B1258404201066N00044652EA0063900727
B1258414201066N00044651EA0063900728
B1258424201067N00044650EA0063900728
B1258434201068N00044650EA0063900728
B1258444201070N00044650EA0063900729
B1258454201069N00044650EA0063900726
B1258464201070N00044650EA0063900726
B1258474201070N00044650EA0063900726
B1258484201070N00044650EA0063900726
B1258494201070N00044650EA0063900726
B1258504201071N00044651EA0063900726
B1258514201071N00044651EA0063900724
B1258524201071N00044651EA0063900724
B1258534201069N00044649EA0063900724
B1258544201068N00044649EA0063900726
B1258554201068N00044648EA0063900726
B1258564201068N00044647EA0063900725
B1258574201068N00044647EA0063900727
B1258584201068N00044646EA0063900727
B1258594201068N00044646EA0063900727
B1259004201068N00044646EA0063900728
B1259014201068N00044646EA0063900727
B1259024201067N00044645EA0063900727
B1259034201067N00044644EA0063900728
B1259044201067N00044643EA0063900728
B1259054201068N00044644EA0063900728
B1259064201067N00044643EA0063900728
B1259074201067N00044643EA0063900728
B1259084201067N00044642EA0063900728
B1259094201067N00044642EA0063900727
B1259104201067N00044642EA0063900727
B1259114201068N00044643EA0063900726
B1259124201068N00044643EA0063900724
B1259134201067N00044642EA0063900723
B1259144201068N00044644EA0063900722
B1259154201068N00044644EA0063900720
B1259164201067N00044643EA0063900720
B1259174201068N00044645EA0063900721
B1259184201068N00044644EA0063900719
B1259194201068N00044644EA0063900719
B1259204201067N00044644EA0063900719
B1259214201067N00044643EA0063900721
B1259224201067N00044644EA0063900721
B1259234201067N00044644EA0063900721
B1259244201066N00044645EA0063900723
B1259254201066N00044645EA0063900723
B1259264201066N00044646EA0063900723
B1259274201066N00044646EA0063900722
B1259284201066N00044646EA0063900722
B1259294201067N00044647EA0063900722
B1259304201066N00044647EA0063900722
B1259314201066N00044647EA0063900721
B1259324201066N00044647EA0063900721
B1259334201066N00044647EA0063900721
B1259344201066N00044647EA0063900722
B1259354201065N00044647EA0063900722
B1259364201064N00044646EA0063900724
B1259374201064N00044647EA0063900724
B1259384201064N00044648EA0063900724
B1259394201064N00044647EA0063900723
B1259404201064N00044647EA0063900723
B1259414201065N00044647EA0063900724
B1259424201065N00044648EA0063900724
B1259434201065N00044648EA0063900724
B1259444201065N00044648EA0063900724
B1259454201065N00044649EA0063900725
B1259464201065N00044648EA0063900725
B1259474201065N00044649EA0063900724
B1259484201065N00044649EA0063900723
B1259494201065N00044650EA0063900723
B1259504201064N00044648EA0063900723
B1259514201064N00044648EA0063900724
B1259524201064N00044648EA0063900724
B1259534201064N00044649EA0063900723
B1259544201064N00044649EA0063900721
B1259554201064N00044649EA0063900721
B1259564201063N00044649EA0063900721
B1259574201063N00044649EA0063900722
B1259584201064N00044649EA0063900722
B1259594201063N00044647EA0063900722
B1300004201063N00044647EA0063900723
B1300014201063N00044647EA0063900723
B1300024201063N00044648EA0063900722
B1300034201064N00044648EA0063900721
B1300044201064N00044648EA0063900721
B1300054201063N00044647EA0063900721
B1300064201062N00044647EA0063900722
B1300074201062N00044648EA0063900722
B1300084201062N00044648EA0063900722
B1300094201062N00044648EA0063900720
B1300104201062N00044649EA0063900720
B1300114201061N00044649EA0063900719
B1300124201061N00044649EA0063900722
B1300134201061N00044650EA0063900722
B1300144201060N00044649EA0063900722
B1300154201060N00044650EA0063900724
B1300164201060N00044650EA0063900724
B1300174201060N00044651EA0063900723
B1300184201060N00044652EA0063900721
B1300194201060N00044652EA0063900721
B1300204201060N00044651EA0063900720
B1300214201060N00044651EA0063900721
B1300224201059N00044651EA0063900721
B1300234201058N00044649EA0063900721
B1300244201058N00044650EA0063900723
B1300254201057N00044649EA0063900724
B1300264201058N00044650EA0063900724
B1300274201057N00044650EA0063900723
B1300284201057N00044650EA0063900723
B1300294201057N00044650EA0063900723
B1300304201057N00044651EA0063900726
B1300314201057N00044651EA0063900726
B1300324201056N00044650EA0063900726
B1300334201057N00044650EA0063900728
B1300344201056N00044650EA0063900728
B1300354201056N00044649EA0063900728
B1300364201055N00044649EA0063900730
B1300374201055N00044649EA0063900730
B1300384201056N00044649EA0063900730
B1300394201055N00044650EA0064000731
B1300404201056N00044650EA0064000731
B1300414201055N00044650EA0064000731
B1300424201056N00044650EA0063900731
B1300434201056N00044650EA0063900732
B1300444201055N00044650EA0063900732
B1300454201055N00044650EA0063900733
B1300464201055N00044650EA0063900733
B1300474201055N00044650EA0063900733
B1300484201055N00044650EA0063900730
B1300494201056N00044650EA0063900730
B1300504201056N00044651EA0063900730
B1300514201056N00044651EA0063900729
B1300524201056N00044651EA0063900729
B1300534201056N00044652EA0063900729
B1300544201056N00044652EA0063900729
B1300554201057N00044652EA0063900729
B1300564201056N00044650EA0063900729
B1300574201056N00044651EA0063900729
B1300584201056N00044651EA0063900729
B1300594201056N00044650EA0063900729
B1301004201057N00044650EA0063900728
B1301014201057N00044650EA0063900728
B1301024201057N00044652EA0063900728
B1301034201057N00044652EA0063900726
B1301044201058N00044652EA0063900726
B1301054201058N00044653EA0063900726
B1301064201058N00044653EA0063900725
B1301074201058N00044653EA0063900725
B1301084201058N00044652EA0063900725
B1301094201058N00044652EA0063900728
B1301104201058N00044653EA0063900728
B1301114201058N00044653EA0063900728
B1301124201058N00044653EA0064000724
B1301134201058N00044652EA0064000724
B1301144201058N00044651EA0063900725
B1301154201058N00044651EA0063900725
B1301164201058N00044651EA0063900725
B1301174201057N00044649EA0063900725
B1301184201058N00044649EA0063900727
B1301194201058N00044649EA0063900727
B1301204201058N00044649EA0063900727
B1301214201058N00044649EA0063900727
B1301224201058N00044649EA0063900727
B1301234201058N00044649EA0063900727
B1301244201058N00044649EA0063900729
B1301254201058N00044650EA0063900729
B1301264201058N00044650EA0063900729
B1301274201058N00044650EA0063900730
B1301284201058N00044649EA0063900730
B1301294201057N00044649EA0063900730
B1301304201057N00044649EA0063900731
B1301314201057N00044649EA0063900731
B1301324201057N00044650EA0063900731
B1301334201057N00044649EA0063900729
B1301344201057N00044649EA0063900729
B1301354201058N00044650EA0063900729
B1301364201058N00044650EA0063900727
B1301374201058N00044650EA0063900727
B1301384201057N00044649EA0063900726
B1301394201057N00044649EA0063900729
B1301404201057N00044649EA0063900729
B1301414201058N00044650EA0063900729
B1301424201058N00044650EA0063900727
B1301434201058N00044650EA0063900726
B1301444201058N00044649EA0063900726
B1301454201058N00044649EA0063900725
B1301464201058N00044649EA0063900725
B1301474201058N00044649EA0063900724
B1301484201058N00044649EA0063900725
B1301494201058N00044649EA0063900725
B1301504201057N00044648EA0063900724
B1301514201057N00044648EA0063900727
B1301524201058N00044649EA0063900727
B1301534201058N00044649EA0063900727
B1301544201058N00044649EA0063900727
B1301554201058N00044649EA0063900727
B1301564201058N00044650EA0063900726
B1301574201058N00044650EA0063900724
B1301584201059N00044650EA0063900724
B1301594201059N00044650EA0063900724
B1302004201059N00044650EA0063900723
B1302014201059N00044649EA0063900723
B1302024201059N00044650EA0063900723
B1302034201059N00044650EA0063900722
B1302044201059N00044649EA0063900722
B1302054201059N00044649EA0063900722
B1302064201059N00044649EA0063900721
B1302074201059N00044650EA0063900721
B1302084201059N00044649EA0063900721
B1302094201060N00044650EA0063900724
B1302104201060N00044650EA0063900724
B1302114201059N00044650EA0063900724
B1302124201060N00044650EA0063900726
B1302134201059N00044650EA0063900726
B1302144201060N00044650EA0063900726
B1302154201060N00044650EA0063900726
B1302164201060N00044649EA0063900726
B1302174201060N00044650EA0063900727
B1302184201060N00044651EA0063900726
B1302194201060N00044651EA0063900727
B1302204201060N00044651EA0063900728
B1302214201060N00044651EA0063900727
B1302224201060N00044651EA0063900727
B1302234201060N00044650EA0063900727
B1302244201059N00044651EA0063900730
B1302254201059N00044651EA0063900731
B1302264201059N00044651EA0063900732
B1302274201059N00044651EA0063900733
B1302284201059N00044651EA0063900734
B1302294201059N00044652EA0063900735
B1302304201059N00044652EA0063900734
B1302314201058N00044651EA0063900735
B1302324201058N00044651EA0063900736
B1302334201058N00044651EA0063900736
B1302344201058N00044651EA0063900737
B1302354201058N00044651EA0063900738
B1302364201058N00044651EA0063900737
B1302374201058N00044651EA0063900737
B1302384201058N00044651EA0063900738
B1302394201058N00044651EA0063900738
B1302404201058N00044650EA0063900738
B1302414201058N00044650EA0063900738
B1302424201058N00044649EA0063900741
B1302434201058N00044650EA0063900741
B1302444201058N00044649EA0063900741
B1302454201058N00044649EA0063900740
B1302464201058N00044649EA0063900740
B1302474201058N00044649EA0063900741
B1302484201058N00044649EA0063900741
B1302494201057N00044649EA0063900741
B1302504201057N00044648EA0063900742
B1302514201057N00044648EA0063900744
B1302524201056N00044647EA0063900744
B1302534201056N00044647EA0063900745
B1302544201057N00044647EA0063900745
B1302554201056N00044647EA0063900745
B1302564201057N00044647EA0063900746
B1302574201057N00044648EA0063900745
B1302584201056N00044647EA0063900745
B1302594201057N00044648EA0063900745
B1303004201057N00044648EA0063900745
B1303014201056N00044647EA0063900745
B1303024201056N00044646EA0063900745
B1303034201056N00044646EA0063900745
B1303044201055N00044646EA0063900745
B1303054201055N00044645EA0063900745
B1303064201056N00044646EA0063900745
B1303074201056N00044646EA0063900745
B1303084201055N00044644EA0063900745
B1303094201054N00044644EA0063900746
B1303104201054N00044644EA0063900746
B1303114201054N00044643EA0063900746
B1303124201053N00044643EA0063900747
B1303134201053N00044643EA0063900747
B1303144201051N00044641EA0063900747
B1303154201051N00044641EA0063900748
B1303164201050N00044640EA0063900748
B1303174201051N00044641EA0063900748
B1303184201051N00044640EA0063900748
B1303194201050N00044640EA0063900748
B1303204201050N00044640EA0063900748
B1303214201050N00044640EA0063900748
B1303224201049N00044640EA0063900748
B1303234201048N00044638EA0063900748
B1303244201048N00044638EA0063900748
B1303254201048N00044638EA0063900748
B1303264201050N00044640EA0063900748
B1303274201050N00044640EA0063900748
B1303284201050N00044639EA0063900748
B1303294201051N00044641EA0063900748
B1303304201051N00044641EA0063900748
B1303314201051N00044640EA0063900748
B1303324201054N00044642EA0063900748
B1303334201054N00044643EA0063900748
B1303344201054N00044642EA0063900748
B1303354201053N00044641EA0063900748
B1303364201053N00044641EA0063900750
B1303374201053N00044641EA0063900750
B1303384201056N00044643EA0063900750
B1303394201056N00044643EA0063900748
B1303404201056N00044643EA0063900748
B1303414201057N00044644EA0063900748
B1303424201057N00044644EA0063900746
B1303434201057N00044644EA0063900747
B1303444201059N00044646EA0063900747
B1303454201059N00044646EA0063900744
B1303464201059N00044646EA0063900745
B1303474201059N00044645EA0063900745
B1303484201059N00044645EA0063900746
B1303494201060N00044646EA0063900746
B1303504201059N00044645EA0063900747
B1303514201059N00044645EA0063900745
B1303524201059N00044645EA0063900746
B1303534201058N00044644EA0063900746
B1303544201058N00044644EA0063900744
B1303554201057N00044644EA0063900744
B1303564201058N00044645EA0063900744
B1303574201058N00044644EA0063900745
B1303584201058N00044644EA0063900745
B1303594201058N00044644EA0063900745
B1304004201058N00044644EA0063900743
B1304014201058N00044644EA0063900743
B1304024201059N00044645EA0063900743
B1304034201059N00044645EA0063900744
B1304044201059N00044645EA0063900744
B1304054201063N00044648EA0063900744
B1304064201063N00044648EA0063900742
B1304074201063N00044648EA0063900742
B1304084201063N00044648EA0063900742
B1304094201063N00044648EA0063900740
B1304104201063N00044648EA0063900740
B1304114201062N00044647EA0063900740
B1304124201062N00044647EA0063900741
B1304134201062N00044646EA0063900741
B1304144201061N00044645EA0063900741
B1304154201061N00044645EA0063900743
B1304164201062N00044644EA0063900743
B1304174201064N00044648EA0063900743
B1304184201064N00044647EA0063900744
B1304194201065N00044648EA0063900744
B1304204201065N00044648EA0063900743
B1304214201064N00044648EA0063900744
B1304224201065N00044648EA0063900744
B1304234201063N00044646EA0063900744
B1304244201063N00044646EA0063900742
B1304254201063N00044645EA0063900742
B1304264201061N00044644EA0063900743
B1304274201060N00044643EA0063900744
B1304284201060N00044643EA0063900745
B1304294201060N00044643EA0063900745
B1304304201059N00044642EA0063900745
B1304314201058N00044642EA0063900745
B1304324201058N00044643EA0063900745
B1304334201057N00044643EA0063900746
B1304344201057N00044643EA0063900747
B1304354201059N00044646EA0063900747
B1304364201059N00044645EA0063900745
B1304374201058N00044645EA0063900745
B1304384201058N00044644EA0063900745
B1304394201058N00044644EA0063900746
B1304404201058N00044644EA0063900746
B1304414201057N00044644EA0063900746
B1304424201056N00044645EA0063900747
B1304434201056N00044645EA0063900748
B1304444201055N00044645EA0063900748
B1304454201055N00044645EA0063900746
B1304464201055N00044645EA0063900746
B1304474201054N00044645EA0063900746
B1304484201054N00044645EA0063900747
B1304494201053N00044645EA0063900747
B1304504201054N00044648EA0063900748
B1304514201054N00044647EA0063900745
B1304524201054N00044647EA0063900745
B1304534201052N00044646EA0063900745
B1304544201053N00044646EA0063900748
B1304554201053N00044646EA0063900748
B1304564201056N00044651EA0063900748
B1304574201056N00044651EA0063900745
B1304584201057N00044652EA0063900745
B1304594201058N00044652EA0063900745
B1305004201059N00044652EA0063900746
B1305014201059N00044652EA0063900746
B1305024201059N00044653EA0063900746
B1305034201060N00044654EA0063900745
B1305044201060N00044654EA0063900745
B1305054201060N00044653EA0063900745
B1305064201059N00044653EA0063900746
B1305074201059N00044653EA0063900746
B1305084201059N00044654EA0063900747
B1305094201059N00044655EA0063900747
B1305104201059N00044654EA0063900748
B1305114201057N00044651EA0063900748
B1305124201057N00044651EA0063900750
B1305134201058N00044652EA0063900750
B1305144201056N00044649EA0063900750
B1305154201057N00044649EA0063900753
B1305164201057N00044649EA0063900753
B1305174201056N00044647EA0063900753
B1305184201056N00044647EA0063900756
B1305194201056N00044648EA0063900756
B1305204201056N00044649EA0063900756
B1305214201056N00044649EA0063900753
B1305224201056N00044649EA0063900754
B1305234201054N00044646EA0063900753
B1305244201053N00044646EA0063900756
B1305254201052N00044645EA0063900756
B1305264201051N00044642EA0063900755
B1305274201051N00044642EA0063900758
B1305284201050N00044642EA0063900758
B1305294201052N00044644EA0063900758
B1305304201052N00044644EA0063900757
B1305314201051N00044644EA0063900756
B1305324201052N00044645EA0063900756
B1305334201051N00044645EA0063900755
B1305344201051N00044645EA0063900755
B1305354201052N00044644EA0063900755
B1305364201052N00044643EA0063900756
B1305374201052N00044643EA0063900756
B1305384201053N00044643EA0063900756
B1305394201053N00044643EA0063900754
B1305404201053N00044643EA0063900753
B1305414201053N00044640EA0063900753
B1305424201053N00044640EA0063900755
B1305434201053N00044639EA0063900755
B1305444201053N00044637EA0063900754
B1305454201053N00044636EA0063900756
B1305464201053N00044636EA0063900756
B1305474201051N00044634EA0063900756
B1305484201051N00044634EA0063900759
B1305494201051N00044634EA0063900759
B1305504201054N00044638EA0063900759
B1305514201053N00044638EA0063900755
B1305524201053N00044638EA0063900755
B1305534201052N00044635EA0063900756
B1305544201051N00044635EA0063900758
B1305554201051N00044634EA0063900758
B1305564201050N00044632EA0063900758
B1305574201050N00044632EA0063900760
B1305584201050N00044631EA0063900760
B1305594201050N00044631EA0063900760
B1306004201050N00044631EA0063900761
B1306014201050N00044631EA0063900761
B1306024201050N00044632EA0063900761
B1306034201051N00044632EA0063900759
B1306044201051N00044632EA0063900759
B1306054201050N00044630EA0063900759
B1306064201051N00044631EA0063900762
B1306074201051N00044631EA0063900762
B1306084201051N00044632EA0063900762
B1306094201052N00044631EA0063900763
B1306104201053N00044631EA0063900763
B1306114201052N00044632EA0063900763
B1306124201052N00044633EA0063900763
B1306134201052N00044633EA0063900764
B1306144201053N00044634EA0063900764
B1306154201053N00044635EA0063900762
B1306164201053N00044635EA0063900763
B1306174201053N00044634EA0063900763
B1306184201054N00044635EA0063900765
B1306194201054N00044635EA0063900765
B1306204201055N00044638EA0063900765
B1306214201055N00044638EA0063900762
B1306224201054N00044638EA0063900762
B1306234201057N00044642EA0063900763
B1306244201057N00044642EA0063900760
B1306254201057N00044643EA0063900760
B1306264201057N00044644EA0063900760
B1306274201057N00044644EA0063900759
B1306284201056N00044644EA0063900759
B1306294201056N00044645EA0063900759
B1306304201055N00044646EA0063900757
B1306314201054N00044646EA0063900757
B1306324201055N00044648EA0063900757
B1306334201056N00044648EA0063900756
B1306344201055N00044649EA0063900756
B1306354201056N00044649EA0063900756
B1306364201056N00044649EA0063900755
B1306374201056N00044650EA0063900755
B1306384201055N00044647EA0063900755
B1306394201054N00044647EA0063900756
B1306404201054N00044646EA0063900757
B1306414201054N00044645EA0063900757
B1306424201053N00044645EA0063900757
B1306434201053N00044644EA0063900757
B1306444201054N00044644EA0063900757
B1306454201053N00044644EA0063900756
B1306464201053N00044644EA0063900757
B1306474201053N00044642EA0063900757
B1306484201053N00044642EA0063900759
B1306494201053N00044641EA0063900760
B1306504201054N00044643EA0063900760
B1306514201054N00044643EA0063900756
B1306524201054N00044643EA0063900756
B1306534201054N00044645EA0063900757
B1306544201054N00044644EA0063900754
B1306554201054N00044644EA0063900754
B1306564201055N00044645EA0063900754
B1306574201055N00044645EA0063900754
B1306584201055N00044645EA0063900754
B1306594201055N00044645EA0063900754
B1307004201055N00044645EA0063900754
B1307014201055N00044645EA0063900754
B1307024201055N00044645EA0063900755
B1307034201055N00044644EA0063900754
B1307044201055N00044644EA0063900754
B1307054201056N00044644EA0063900754
B1307064201056N00044644EA0063900752
B1307074201055N00044644EA0063900752
B1307084201056N00044645EA0063900753
B1307094201056N00044644EA0063900751
B1307104201055N00044644EA0063900751
B1307114201056N00044645EA0063900751
B1307124201056N00044644EA0063900749
B1307134201056N00044644EA0063900750
B1307144201056N00044645EA0063900750
B1307154201057N00044646EA0063900748
B1307164201057N00044645EA0063900748
B1307174201056N00044643EA0063900749
B1307184201056N00044643EA0063900751
B1307194201055N00044643EA0063900751
B1307204201055N00044641EA0063900751
B1307214201055N00044641EA0063900751
B1307224201055N00044641EA0063900751
B1307234201055N00044639EA0063900751
B1307244201055N00044639EA0063900752
B1307254201055N00044639EA0063900753
B1307264201056N00044640EA0063900753
B1307274201056N00044640EA0063900752
B1307284201056N00044640EA0063900753
B1307294201057N00044642EA0063900753
B1307304201057N00044642EA0063900750
B1307314201056N00044642EA0063900750
B1307324201057N00044641EA0063900750
B1307334201056N00044641EA0063900749
B1307344201057N00044641EA0063900749
B1307354201057N00044641EA0063900749
B1307364201057N00044641EA0063900749
B1307374201056N00044641EA0063900749
B1307384201057N00044643EA0063900749
B1307394201056N00044643EA0063900747
B1307404201056N00044643EA0063900747
B1307414201056N00044642EA0063900747
B1307424201056N00044641EA0063900748
B1307434201056N00044641EA0063900748
B1307444201056N00044641EA0063900748
B1307454201056N00044640EA0063900749
B1307464201055N00044640EA0063900749
B1307474201055N00044639EA0063900748
B1307484201055N00044639EA0063900749
B1307494201055N00044639EA0063900749
B1307504201055N00044639EA0063900748
B1307514201054N00044638EA0063900748
B1307524201055N00044638EA0063900748
B1307534201055N00044640EA0064000748
B1307544201055N00044639EA0064000746
B1307554201055N00044639EA0064000746
B1307564201055N00044640EA0064000746
B1307574201055N00044640EA0063900745
B1307584201055N00044639EA0063900745
B1307594201055N00044639EA0063900745
B1308004201055N00044639EA0063900746
B1308014201055N00044638EA0063900746
B1308024201055N00044638EA0063900746
B1308034201055N00044637EA0063900746
B1308044201055N00044637EA0063900746
B1308054201056N00044640EA0063900746
B1308064201056N00044640EA0063900744
B1308074201055N00044639EA0063900744
B1308084201055N00044642EA0063900743
B1308094201055N00044641EA0063900741
B1308104201055N00044641EA0063900741
B1308114201055N00044642EA0063900741
B1308124201055N00044642EA0063900740
B1308134201055N00044642EA0063900740
B1308144201055N00044642EA0063900740
B1308154201055N00044642EA0063900739
B1308164201055N00044641EA0063900739
B1308174201055N00044641EA0063900739
B1308184201055N00044641EA0063900738
B1308194201055N00044641EA0063900738
B1308204201055N00044642EA0063900738
B1308214201055N00044642EA0064000736
B1308224201055N00044642EA0064000736
B1308234201056N00044642EA0064000736
B1308244201056N00044642EA0064000735
B1308254201056N00044642EA0064000735
B1308264201056N00044643EA0064000735
B1308274201056N00044643EA0064000736
B1308284201056N00044642EA0064000735
B1308294201056N00044642EA0064000735
B1308304201056N00044642EA0064000734
B1308314201056N00044642EA0064000734
B1308324201056N00044641EA0064000734
B1308334201056N00044641EA0064000734
B1308344201056N00044640EA0063900734
B1308354201056N00044641EA0063900734
B1308364201057N00044641EA0063900733
B1308374201057N00044641EA0063900733
B1308384201057N00044641EA0063900732
B1308394201057N00044640EA0063900732
B1308404201057N00044640EA0064000732
B1308414201057N00044641EA0064000732
B1308424201057N00044641EA0064000731
B1308434201057N00044641EA0063900730
B1308444201057N00044640EA0063900730
B1308454201057N00044640EA0063900731
B1308464201057N00044639EA0063900732
B1308474201057N00044639EA0063900732
B1308484201057N00044639EA0063900733
B1308494201057N00044639EA0063900733
B1308504201056N00044637EA0063900733
B1308514201056N00044637EA0063900735
B1308524201056N00044637EA0063900735
B1308534201057N00044638EA0063900735
B1308544201057N00044638EA0064000734
B1308554201057N00044638EA0063900734
B1308564201057N00044639EA0064000735
B1308574201057N00044639EA0064000733
B1308584201057N00044638EA0064000734
B1308594201057N00044639EA0064000733
B1309004201057N00044639EA0064000732
B1309014201057N00044639EA0064000732
B1309024201057N00044638EA0064000733
B1309034201057N00044638EA0064000734
B1309044201057N00044639EA0064000734
B1309054201057N00044640EA0064000734
B1309064201057N00044640EA0064000733
B1309074201057N00044640EA0064000732
B1309084201058N00044643EA0064000733
B1309094201057N00044643EA0064000730
B1309104201057N00044643EA0064000730
B1309114201057N00044642EA0064000730
B1309124201057N00044642EA0064000732
B1309134201057N00044642EA0064000732
B1309144201057N00044643EA0064000732
B1309154201057N00044642EA0064000732
B1309164201057N00044642EA0064000732
B1309174201057N00044642EA0064000732
B1309184201058N00044641EA0064000732
B1309194201058N00044641EA0064000732
B1309204201058N00044641EA0064000732
B1309214201058N00044640EA0064000732
B1309224201058N00044640EA0064000733
B1309234201058N00044641EA0064000733
B1309244201058N00044641EA0064000731
B1309254201057N00044641EA0064000731
B1309264201058N00044642EA0064000732
B1309274201058N00044642EA0064000731
B1309284201058N00044641EA0064000731
B1309294201058N00044641EA0064000731
B1309304201058N00044641EA0064000731
B1309314201058N00044641EA0064000731
B1309324201058N00044639EA0064000731
B1309334201058N00044639EA0064000733
B1309344201058N00044639EA0064000733
B1309354201058N00044639EA0064000733
B1309364201058N00044640EA0064000733
B1309374201057N00044640EA0064000733
B1309384201057N00044640EA0064000733
B1309394201057N00044640EA0064000734
B1309404201057N00044640EA0064000734
B1309414201057N00044642EA0064000735
B1309424201057N00044642EA0064000732
B1309434201057N00044642EA0064000732
B1309444201057N00044643EA0064000732
B1309454201057N00044643EA0064000731
B1309464201057N00044643EA0064000731
B1309474201057N00044642EA0064000731
B1309484201057N00044642EA0064000731
B1309494201057N00044642EA0064000731
B1309504201057N00044642EA0064000731
B1309514201057N00044642EA0064000730
B1309524201057N00044642EA0064000730
B1309534201057N00044642EA0064000730
B1309544201057N00044642EA0064000731
B1309554201057N00044641EA0064000731
B1309564201057N00044642EA0064000731
B1309574201057N00044642EA0064000731
B1309584201057N00044642EA0064000731
B1309594201057N00044643EA0064000731
B1310004201057N00044643EA0064000731
B1310014201057N00044643EA0064000731
B1310024201058N00044643EA0064000731
B1310034201057N00044643EA0064000729
B1310044201057N00044644EA0064000729
B1310054201057N00044643EA0064000730
B1310064201057N00044643EA0064000730
B1310074201057N00044643EA0064000731
B1310084201057N00044643EA0064000730
B1310094201056N00044643EA0064000731
B1310104201056N00044643EA0064000731
B1310114201056N00044644EA0064000732
B1310124201056N00044644EA0064000732
B1310134201056N00044644EA0064000732
B1310144201055N00044644EA0064000733
B1310154201055N00044645EA0064000733
B1310164201055N00044645EA0064000733
B1310174201055N00044644EA0064000733
B1310184201055N00044644EA0064000734
B1310194201055N00044644EA0064000734
B1310204201055N00044645EA0064000734
B1310214201055N00044645EA0064000733
B1310224201055N00044645EA0064000733
B1310234201055N00044645EA0064000732
B1310244201055N00044645EA0064000732
B1310254201055N00044645EA0064000732
B1310264201055N00044646EA0064000732
B1310274201055N00044646EA0064000730
B1310284201055N00044646EA0063900730
B1310294201055N00044646EA0063900730
B1310304201055N00044646EA0064000732
B1310314201055N00044646EA0064000732
B1310324201055N00044646EA0064000731
B1310334201056N00044646EA0064000731
B1310344201056N00044646EA0064000731
B1310354201056N00044645EA0064000731
B1310364201056N00044646EA0064000732
B1310374201056N00044646EA0064000732
B1310384201056N00044646EA0063900731
B1310394201056N00044646EA0063900730
B1310404201056N00044646EA0063900730
B1310414201056N00044646EA0063900729
B1310424201056N00044646EA0064000731
B1310434201056N00044646EA0064000731
B1310444201057N00044647EA0064000731
B1310454201057N00044647EA0064000729
B1310464201057N00044647EA0064000729
B1310474201057N00044647EA0064000729
B1310484201057N00044647EA0064000729
B1310494201058N00044647EA0063900729
B1310504201058N00044647EA0063900729
B1310514201058N00044647EA0063900727
B1310524201058N00044647EA0063900727
B1310534201058N00044647EA0063900727
B1310544201058N00044647EA0063900726
B1310554201058N00044647EA0063900727
B1310564201058N00044647EA0063900726
B1310574201058N00044647EA0063900727
B1310584201058N00044647EA0063900727
B1310594201058N00044646EA0063900727
B1311004201058N00044646EA0063900727
B1311014201058N00044646EA0063900727
B1311024201058N00044646EA0063900727
B1311034201058N00044646EA0063900727
B1311044201058N00044646EA0063900727
B1311054201059N00044647EA0063900727
B1311064201059N00044647EA0063900725
B1311074201059N00044647EA0063900725
B1311084201059N00044648EA0063900726
B1311094201059N00044648EA0063900724
B1311104201059N00044648EA0063900724
B1311114201059N00044648EA0063900724
B1311124201059N00044648EA0063900725
B1311134201059N00044648EA0063900725
B1311144201058N00044648EA0063900725
B1311154201059N00044647EA0063900727
B1311164201059N00044647EA0063900727
B1311174201059N00044648EA0063900727
B1311184201059N00044648EA0063900726
B1311194201059N00044648EA0063900726
B1311204201059N00044647EA0063900726
B1311214201059N00044647EA0063900727
B1311224201059N00044647EA0063900727
B1311234201058N00044647EA0063900727
B1311244201058N00044647EA0063900729
B1311254201058N00044647EA0064000730
B1311264201058N00044647EA0064000730
B1311274201058N00044647EA0064000730
B1311284201058N00044647EA0064000730
B1311294201058N00044647EA0064000731
B1311304201057N00044647EA0063900732
B1311314201057N00044647EA0063900732
B1311324201057N00044647EA0063900732
B1311334201057N00044647EA0063900732
B1311344201057N00044647EA0063900732
B1311354201058N00044648EA0063900732
B1311364201058N00044648EA0063900730
B1311374201058N00044648EA0063900730
B1311384201058N00044649EA0063900730
B1311394201058N00044649EA0063900728
B1311404201058N00044648EA0063900728
B1311414201058N00044648EA0063900728
B1311424201058N00044648EA0064000730
B1311434201058N00044648EA0064000730
B1311444201058N00044647EA0064000730
B1311454201058N00044647EA0063900731
B1311464201058N00044647EA0063900731
B1311474201058N00044647EA0063900731
B1311484201058N00044647EA0063900732
B1311494201058N00044647EA0063900732
B1311504201057N00044647EA0063900732
B1311514201057N00044647EA0063900733
B1311524201057N00044647EA0063900733
B1311534201057N00044646EA0064000733
B1311544201057N00044646EA0064000733
B1311554201057N00044646EA0064000734
B1311564201057N00044647EA0064000734
B1311574201057N00044647EA0064000731
B1311584201057N00044648EA0064000731
B1311594201057N00044648EA0064000731
B1312004201057N00044648EA0064000730
B1312014201057N00044647EA0064000730
B1312024201057N00044648EA0064000730
B1312034201057N00044648EA0064000729
B1312044201058N00044647EA0064000729
B1312054201058N00044648EA0064000729
B1312064201058N00044648EA0063900726
B1312074201058N00044648EA0064000726
B1312084201058N00044649EA0064000726
B1312094201058N00044649EA0064000724
B1312104201058N00044649EA0064000724
B1312114201058N00044648EA0064000724
B1312124201059N00044648EA0064000724
B1312134201059N00044647EA0064000724
B1312144201059N00044647EA0064000723
B1312154201059N00044647EA0064000722
B1312164201059N00044647EA0064000723
B1312174201060N00044645EA0064000723
B1312184201060N00044645EA0064000725
B1312194201059N00044645EA0064000725
B1312204201059N00044646EA0064000725
B1312214201059N00044645EA0064000725
B1312224201059N00044645EA0064000725
B1312234201059N00044645EA0064000726
B1312244201059N00044645EA0064000728
B1312254201059N00044645EA0064000728
B1312264201058N00044646EA0064000728
B1312274201058N00044646EA0064000728
B1312284201058N00044646EA0064000728
B1312294201057N00044647EA0064000729
B1312304201058N00044647EA0064000729
B1312314201057N00044647EA0064000729
B1312324201057N00044648EA0064000729
B1312334201057N00044648EA0064000727
B1312344201057N00044648EA0064000727
B1312354201057N00044647EA0064000727
B1312364201058N00044646EA0064000729
B1312374201058N00044646EA0064000729
B1312384201059N00044645EA0064000730
B1312394201058N00044645EA0064000731
B1312404201058N00044645EA0064000731
B1312414201058N00044645EA0064000731
B1312424201059N00044645EA0064000731
B1312434201059N00044645EA0064000732
B1312444201059N00044643EA0064000732
B1312454201059N00044643EA0064000734
B1312464201059N00044643EA0064000734
B1312474201059N00044643EA0064000735
B1312484201059N00044643EA0064000734
B1312494201059N00044643EA0064000735
B1312504201059N00044643EA0064000735
B1312514201059N00044643EA0063900735
B1312524201060N00044642EA0063900735
B1312534201060N00044642EA0064000735
B1312544201060N00044641EA0064000735
B1312554201060N00044641EA0064000735
B1312564201060N00044643EA0064000736
B1312574201060N00044643EA0064000733
B1312584201060N00044643EA0063900733
B1312594201060N00044641EA0063900734
B1313004201061N00044641EA0063900734
B1313014201061N00044641EA0063900735
B1313024201061N00044641EA0064000735
B1313034201061N00044641EA0063900733
B1313044201062N00044641EA0063900733
B1313054201062N00044639EA0063900733
B1313064201062N00044640EA0063900733
B1313074201062N00044640EA0064000733
B1313084201061N00044639EA0064000733
B1313094201061N00044639EA0064000735
B1313104201060N00044640EA0064000735
B1313114201060N00044640EA0064000735
B1313124201060N00044641EA0064000733
B1313134201060N00044641EA0063900734
B1313144201060N00044641EA0063900734
B1313154201059N00044641EA0063900733
B1313164201059N00044641EA0063900733
B1313174201059N00044641EA0063900734
B1313184201059N00044640EA0063900736
B1313194201059N00044640EA0063900736
B1313204201058N00044641EA0064000736
B1313214201057N00044642EA0064000737
B1313224201057N00044642EA0064000737
B1313234201057N00044642EA0064000737
B1313244201056N00044642EA0064000736
B1313254201057N00044641EA0064000736
B1313264201057N00044642EA0064000736
B1313274201057N00044642EA0064000735
B1313284201056N00044642EA0064000735
B1313294201056N00044642EA0064000736
B1313304201056N00044642EA0064000736
B1313314201056N00044641EA0064000735
B1313324201056N00044641EA0064000735
B1313334201056N00044641EA0064000736
B1313344201056N00044641EA0064000736
B1313354201056N00044641EA0064000736
B1313364201055N00044641EA0064000736
B1313374201056N00044641EA0064000736
B1313384201056N00044640EA0064000736
B1313394201055N00044640EA0064000736
B1313404201055N00044640EA0064000736
B1313414201055N00044640EA0064000736
B1313424201055N00044640EA0064000737
B1313434201055N00044640EA0064000737
B1313444201054N00044640EA0064000737
B1313454201054N00044640EA0064000739
B1313464201054N00044640EA0064000739
B1313474201054N00044640EA0064000739
B1313484201054N00044640EA0064000738
B1313494201054N00044640EA0064000738
B1313504201054N00044641EA0064000738
B1313514201053N00044641EA0064000739
B1313524201053N00044641EA0064000739
B1313534201053N00044641EA0064000740
B1313544201052N00044641EA0064000740
B1313554201052N00044641EA0063900740
B1313564201052N00044642EA0063900740
B1313574201051N00044642EA0064000740
B1313584201051N00044642EA0064000740
B1313594201050N00044641EA0063900740
B1314004201050N00044641EA0063900743
B1314014201050N00044641EA0064000743
B1314024201050N00044641EA0064000744
B1314034201050N00044641EA0064000742
B1314044201050N00044641EA0064000743
B1314054201049N00044640EA0064000743
B1314064201050N00044640EA0064000746
B1314074201049N00044640EA0064000746
B1314084201049N00044639EA0064000746
B1314094201049N00044639EA0064000746
B1314104201049N00044639EA0064000746
B1314114201049N00044640EA0064000747
B1314124201050N00044639EA0064000746
B1314134201050N00044639EA0064000746
B1314144201050N00044638EA0064000747
B1314154201050N00044638EA0064000748
B1314164201050N00044638EA0064000748
B1314174201050N00044638EA0064000749
B1314184201050N00044639EA0064000748
B1314194201050N00044638EA0064000749
B1314204201050N00044639EA0063900749
B1314214201050N00044638EA0064000750
B1314224201050N00044638EA0064000750
B1314234201051N00044639EA0064000750
B1314244201051N00044639EA0064000748
B1314254201051N00044639EA0064000749
B1314264201051N00044641EA0064000749
B1314274201051N00044641EA0064000747
B1314284201051N00044641EA0063900747
B1314294201051N00044641EA0063900747
B1314304201051N00044641EA0063900747
B1314314201052N00044641EA0063900747
B1314324201052N00044641EA0063900747
B1314334201053N00044641EA0063900744
B1314344201053N00044640EA0063900744
B1314354201053N00044640EA0064000744
B1314364201053N00044640EA0064000744
B1314374201053N00044640EA0064000744
B1314384201054N00044640EA0064000744
B1314394201054N00044640EA0063900743
B1314404201054N00044640EA0063900743
B1314414201054N00044639EA0063900744
B1314424201054N00044639EA0063900744
B1314434201055N00044639EA0063900745
B1314444201054N00044641EA0063900745
B1314454201054N00044640EA0064000743
B1314464201055N00044640EA0063900743
B1314474201054N00044640EA0063900743
B1314484201055N00044640EA0063900744
B1314494201055N00044639EA0063900744
B1314504201055N00044639EA0063900744
B1314514201055N00044639EA0063900744
B1314524201055N00044639EA0063900744
B1314534201055N00044640EA0063900744
B1314544201055N00044640EA0063900743
B1314554201056N00044640EA0064000743
B1314564201055N00044639EA0064000743
B1314574201056N00044640EA0064000745
B1314584201057N00044639EA0064000745
B1314594201057N00044642EA0064000745
B1315004201057N00044642EA0063900744
B1315014201057N00044642EA0063900744
B1315024201057N00044644EA0063900744
B1315034201057N00044643EA0063900741
B1315044201057N00044643EA0063900742
B1315054201058N00044645EA0063900741
B1315064201057N00044645EA0064000741
B1315074201058N00044644EA0064000741
B1315084201057N00044644EA0064000741
B1315094201057N00044644EA0064000742
B1315104201057N00044644EA0064000742
B1315114201058N00044646EA0063900742
B1315124201058N00044646EA0063900739
B1315134201058N00044646EA0063900739
B1315144201058N00044645EA0063900739
B1315154201058N00044645EA0063900742
B1315164201058N00044645EA0064000742
B1315174201059N00044647EA0064000743
B1315184201059N00044647EA0063900740
B1315194201059N00044647EA0063900740
B1315204201059N00044647EA0063900740
B1315214201059N00044647EA0063900739
B1315224201059N00044647EA0063900739
B1315234201059N00044647EA0063900739
B1315244201060N00044647EA0063900738
B1315254201060N00044647EA0063900738
B1315264201060N00044647EA0063900738
B1315274201060N00044648EA0063900737
B1315284201060N00044648EA0063900738
B1315294201060N00044648EA0063900738
B1315304201060N00044649EA0063900738
B1315314201060N00044649EA0063900738
B1315324201060N00044648EA0063900738
B1315334201060N00044649EA0063900739
B1315344201060N00044649EA0063900739
B1315354201060N00044650EA0063900739
B1315364201060N00044649EA0063900737
B1315374201060N00044649EA0063900737
B1315384201060N00044651EA0063900737
B1315394201060N00044651EA0063900735
B1315404201060N00044651EA0063900735
B1315414201060N00044651EA0063900736
B1315424201060N00044651EA0063900734
B1315434201060N00044651EA0063900734
B1315444201060N00044649EA0063900734
B1315454201060N00044649EA0063900736
B1315464201060N00044649EA0063900736
B1315474201060N00044650EA0064000736
B1315484201060N00044650EA0063900734
B1315494201060N00044650EA0063900734
B1315504201060N00044650EA0063900733
B1315514201060N00044649EA0063900734
B1315524201060N00044649EA0063900734
B1315534201060N00044649EA0064000734
B1315544201060N00044649EA0063900734
B1315554201060N00044648EA0064000734
B1315564201060N00044648EA0064000734
B1315574201060N00044648EA0064000735
B1315584201060N00044648EA0064000735
B1315594201061N00044649EA0064000735
B1316004201060N00044649EA0064000733
B1316014201060N00044649EA0064000732
B1316024201061N00044650EA0064000732
B1316034201060N00044650EA0064000730
B1316044201060N00044650EA0064000730
B1316054201060N00044649EA0064000730
B1316064201060N00044649EA0064000730
B1316074201060N00044649EA0064000730
B1316084201060N00044651EA0064000730
B1316094201061N00044650EA0064000726
B1316104201061N00044650EA0064000725
B1316114201061N00044650EA0064000725
B1316124201062N00044650EA0064000724
B1316134201062N00044650EA0064000724
B1316144201061N00044650EA0064000723
B1316154201061N00044649EA0064000725
B1316164201061N00044649EA0064000725
B1316174201061N00044650EA0064000725
B1316184201061N00044649EA0064000724
B1316194201061N00044649EA0064000724
B1316204201061N00044649EA0064000725
B1316214201061N00044649EA0064000724
B1316224201060N00044648EA0064000724
B1316234201060N00044649EA0064000724
B1316244201060N00044649EA0064000723
B1316254201059N00044648EA0064000723
B1316264201059N00044650EA0064000723
B1316274201059N00044650EA0064000721
B1316284201059N00044650EA0064000721
B1316294201059N00044650EA0064000721
B1316304201058N00044650EA0064000721
B1316314201058N00044650EA0064000722
B1316324201058N00044650EA0064000722
B1316334201058N00044650EA0064000722
B1316344201058N00044649EA0064000722
B1316354201057N00044649EA0064000722
B1316364201057N00044648EA0064000723
B1316374201057N00044648EA0064000723
B1316384201057N00044648EA0064000723
B1316394201057N00044647EA0064000724
B1316404201057N00044647EA0064000724
B1316414201057N00044646EA0064000725
B1316424201057N00044646EA0064000726
B1316434201057N00044646EA0064000726
B1316444201058N00044646EA0064000727
B1316454201058N00044646EA0064000726
B1316464201058N00044646EA0064000726
B1316474201058N00044647EA0064000726
B1316484201058N00044647EA0064000723
B1316494201058N00044647EA0064000723
B1316504201059N00044648EA0064000723
B1316514201059N00044647EA0064000722
B1316524201059N00044647EA0064000723
B1316534201058N00044645EA0064000723
B1316544201059N00044644EA0064000726
B1316554201059N00044644EA0064000726
B1316564201059N00044643EA0064000726
B1316574201059N00044643EA0064000727
B1316584201060N00044643EA0064000727
B1316594201060N00044643EA0064000728
B1317004201061N00044643EA0064000727
B1317014201061N00044643EA0064000727
B1317024201061N00044643EA0064000727
B1317034201061N00044642EA0064000727
B1317044201060N00044642EA0064000727
B1317054201061N00044642EA0064000727
B1317064201061N00044642EA0064000725
B1317074201061N00044642EA0064000725
B1317084201061N00044641EA0064000726
B1317094201061N00044641EA0064000726
B1317104201061N00044640EA0064000726
B1317114201060N00044642EA0064000726
B1317124201060N00044642EA0064000724
B1317134201061N00044643EA0064000724
B1317144201061N00044643EA0064000725
B1317154201061N00044643EA0064000724
B1317164201060N00044644EA0064000723
B1317174201061N00044645EA0064000723
B1317184201062N00044646EA0064000721
B1317194201062N00044646EA0064000721
B1317204201062N00044645EA0064000721
B1317214201062N00044645EA0064000723
B1317224201062N00044645EA0064000723
B1317234201062N00044645EA0064000723
B1317244201062N00044644EA0064000725
B1317254201061N00044644EA0064000725
B1317264201062N00044646EA0064000726
B1317274201062N00044646EA0064000723
B1317284201062N00044646EA0064000723
B1317294201062N00044644EA0064000723
B1317304201062N00044643EA0064000726
B1317314201062N00044643EA0064000727
B1317324201062N00044643EA0064000727
B1317334201062N00044643EA0064000726
B1317344201062N00044642EA0064000726
B1317354201062N00044641EA0064000727
B1317364201062N00044641EA0064000728
B1317374201062N00044640EA0064000729
B1317384201063N00044641EA0064000729
B1317394201063N00044641EA0064000726
B1317404201063N00044641EA0064000727
B1317414201062N00044640EA0064000728
B1317424201062N00044640EA0064000728
B1317434201062N00044639EA0064000729
B1317444201061N00044638EA0064000730
B1317454201061N00044637EA0064000733
B1317464201060N00044637EA0064000734
B1317474201061N00044640EA0064000735
B1317484201061N00044639EA0064000732
B1317494201060N00044639EA0064000733
B1317504201061N00044640EA0064000734
B1317514201061N00044640EA0064000735
B1317524201060N00044640EA0064000736
B1317534201061N00044642EA0064000737
B1317544201061N00044641EA0064000735
B1317554201061N00044642EA0064000735
B1317564201061N00044642EA0064000736
B1317574201061N00044642EA0064000737
B1317584201061N00044643EA0064000737
B1317594201062N00044644EA0064000738
B1318004201062N00044644EA0064000737
B1318014201062N00044644EA0064000738
B1318024201062N00044645EA0064000738
B1318034201062N00044645EA0064000738
B1318044201062N00044645EA0064000738
B1318054201062N00044647EA0064000739
B1318064201062N00044647EA0064000736
B1318074201062N00044647EA0064000736
B1318084201062N00044649EA0064000736
B1318094201062N00044648EA0064000734
B1318104201062N00044648EA0064000734
B1318114201062N00044646EA0064000734
B1318124201062N00044646EA0064000737
B1318134201062N00044646EA0064000737
B1318144201061N00044644EA0064000738
B1318154201061N00044644EA0064000740
B1318164201060N00044644EA0064000741
B1318174201061N00044645EA0064000741
B1318184201061N00044645EA0064000739
B1318194201060N00044644EA0064000739
B1318204201059N00044643EA0064000740
B1318214201060N00044643EA0064000742
B1318224201060N00044642EA0064000742
B1318234201060N00044642EA0064000742
B1318244201059N00044642EA0064000742
B1318254201060N00044643EA0064000742
B1318264201059N00044642EA0064000743
B1318274201058N00044643EA0064000744
B1318284201058N00044642EA0064000744
B1318294201057N00044640EA0064000744
B1318304201057N00044640EA0064000746
B1318314201056N00044640EA0064000746
B1318324201056N00044639EA0064000747
B1318334201055N00044639EA0064000747
B1318344201056N00044639EA0064000747
B1318354201056N00044641EA0064000747
B1318364201056N00044641EA0064000744
B1318374201055N00044640EA0064000744
B1318384201055N00044639EA0064000745
B1318394201054N00044639EA0064000746
B1318404201054N00044639EA0064000747
B1318414201055N00044640EA0064000746
B1318424201055N00044640EA0064000745
B1318434201054N00044640EA0064000745
B1318444201053N00044640EA0064000746
B1318454201053N00044640EA0064000746
B1318464201053N00044640EA0064000746
B1318474201054N00044640EA0064000746
B1318484201054N00044640EA0064000745
B1318494201055N00044640EA0064000745
B1318504201055N00044641EA0064000746
B1318514201055N00044641EA0064000744
B1318524201055N00044641EA0064000744
B1318534201056N00044643EA0064000744
B1318544201057N00044643EA0064000743
B1318554201057N00044642EA0064000743
B1318564201057N00044642EA0064000743
B1318574201056N00044641EA0064000742
B1318584201056N00044641EA0064000742
B1318594201057N00044641EA0064000742
B1319004201056N00044640EA0064000742
B1319014201056N00044640EA0064000742
B1319024201055N00044639EA0064000743
B1319034201056N00044639EA0064000743
B1319044201055N00044639EA0064000743
B1319054201056N00044640EA0064000743
B1319064201055N00044640EA0064000741
B1319074201056N00044639EA0064000741
B1319084201057N00044642EA0064000741
B1319094201057N00044642EA0064000738
B1319104201056N00044642EA0064000738
B1319114201056N00044642EA0064000738
B1319124201055N00044642EA0064000737
B1319134201055N00044642EA0064000737
B1319144201057N00044643EA0064000737
B1319154201058N00044643EA0064000736
B1319164201058N00044643EA0064000736
B1319174201058N00044643EA0064000736
B1319184201058N00044643EA0064000737
B1319194201058N00044643EA0064000738
B1319204201059N00044642EA0064000738
B1319214201059N00044643EA0063900740
B1319224201059N00044643EA0063900740
B1319234201058N00044642EA0064000740
B1319244201058N00044642EA0064000741
B1319254201058N00044642EA0064000741
B1319264201058N00044641EA0064000741
B1319274201059N00044641EA0064000741
B1319284201058N00044641EA0064000741
B1319294201060N00044642EA0064000741
B1319304201060N00044642EA0064000741
B1319314201061N00044642EA0064000741
B1319324201058N00044641EA0064000741
B1319334201057N00044641EA0064000743
B1319344201057N00044641EA0064000743
B1319354201059N00044642EA0064000743
B1319364201058N00044642EA0064000742
B1319374201058N00044642EA0064000742
B1319384201059N00044641EA0064000742
B1319394201058N00044641EA0064000743
B1319404201058N00044640EA0064000744
B1319414201056N00044640EA0064000744
B1319424201056N00044640EA0064000744
B1319434201056N00044640EA0064000745
B1319444201056N00044642EA0064000745
B1319454201056N00044641EA0064000743
B1319464201055N00044641EA0064000744
B1319474201055N00044640EA0064000744
B1319484201054N00044639EA0064000744
B1319494201053N00044639EA0064000744
B1319504201053N00044640EA0064000744
B1319514201053N00044640EA0064000742
B1319524201054N00044640EA0064000742
B1319534201053N00044640EA0064000742
B1319544201053N00044640EA0064000743
B1319554201053N00044639EA0064000743
B1319564201053N00044638EA0064000743
B1319574201053N00044638EA0064000744
B1319584201052N00044637EA0064000744
B1319594201053N00044636EA0064000744
B1320004201053N00044636EA0064000745
B1320014201054N00044636EA0064000745
B1320024201053N00044636EA0064000745
B1320034201053N00044635EA0064000746
B1320044201053N00044635EA0064000746
B1320054201052N00044637EA0064000746
B1320064201053N00044636EA0064000745
B1320074201053N00044637EA0064000746
B1320084201053N00044638EA0064000746
B1320094201053N00044638EA0064000743
B1320104201052N00044638EA0064000744
B1320114201052N00044638EA0064000744
B1320124201052N00044638EA0064000742
B1320134201052N00044637EA0064000743
B1320144201053N00044639EA0064000743
B1320154201054N00044638EA0064000739
B1320164201053N00044638EA0064000739
B1320174201052N00044638EA0064000739
B1320184201051N00044637EA0064000737
B1320194201051N00044637EA0064000737
B1320204201052N00044637EA0064000737
B1320214201052N00044637EA0064000736
B1320224201053N00044637EA0064000736
B1320234201053N00044638EA0064000737
B1320244201053N00044638EA0064000737
B1320254201053N00044638EA0064000737
B1320264201052N00044638EA0064000737
B1320274201051N00044638EA0064000736
B1320284201051N00044639EA0064000736
B1320294201052N00044639EA0064000736
B1320304201052N00044639EA0064000735
B1320314201052N00044639EA0064000735
B1320324201052N00044640EA0064000735
B1320334201053N00044640EA0064000733
B1320344201053N00044640EA0064000733
B1320354201052N00044639EA0064000734
B1320364201052N00044639EA0064000735
B1320374201052N00044640EA0064000736
B1320384201052N00044641EA0064000736
B1320394201051N00044642EA0064000736
B1320404201051N00044643EA0064000736
B1320414201051N00044643EA0064000737
B1320424201051N00044643EA0064000738
B1320434201052N00044643EA0064000738
B1320444201052N00044645EA0064000738
B1320454201052N00044645EA0064000740
B1320464201053N00044645EA0064000739
B1320474201052N00044644EA0064000739
B1320484201052N00044644EA0064000741
B1320494201053N00044645EA0064000740
B1320504201054N00044645EA0064000741
B1320514201054N00044646EA0064000738
B1320524201054N00044645EA0064000738
B1320534201053N00044644EA0064000738
B1320544201053N00044644EA0064000742
B1320554201052N00044645EA0064000742
B1320564201052N00044645EA0064000741
B1320574201051N00044645EA0064000740
B1320584201051N00044645EA0064000740
B1320594201052N00044645EA0064000740
B1321004201052N00044645EA0064000738
B1321014201052N00044644EA0064000738
B1321024201052N00044643EA0064000738
B1321034201051N00044643EA0064000740
B1321044201051N00044642EA0064000741
B1321054201051N00044643EA0064000741
B1321064201051N00044643EA0064000741
B1321074201051N00044643EA0064000741
B1321084201051N00044644EA0064000741
B1321094201050N00044644EA0064000740
B1321104201050N00044644EA0064000741
B1321114201051N00044645EA0064000740
B1321124201051N00044645EA0064000738
B1321134201051N00044645EA0064000738
B1321144201051N00044645EA0064000738
B1321154201052N00044645EA0064000736
B1321164201052N00044645EA0064000736
B1321174201053N00044646EA0064000735
B1321184201052N00044646EA0064000735
B1321194201052N00044645EA0064000735
B1321204201052N00044645EA0064000735
B1321214201053N00044646EA0064000735
B1321224201053N00044646EA0064000734
B1321234201053N00044645EA0064000734
B1321244201054N00044646EA0064000734
B1321254201054N00044645EA0064000734
B1321264201053N00044644EA0064000734
B1321274201053N00044644EA0064000735
B1321284201052N00044644EA0064000735
B1321294201051N00044643EA0064000735
B1321304201051N00044642EA0064000737
B1321314201051N00044642EA0064000737
B1321324201050N00044641EA0064000737
B1321334201050N00044640EA0064000739
B1321344201050N00044640EA0064000739
B1321354201051N00044641EA0064000739
B1321364201051N00044641EA0064000739
B1321374201050N00044641EA0064000739
B1321384201050N00044641EA0064000739
B1321394201050N00044641EA0064000739
B1321404201050N00044640EA0064000738
B1321414201051N00044642EA0064000738
B1321424201051N00044641EA0064000736
B1321434201051N00044641EA0064000736
B1321444201051N00044642EA0064000736
B1321454201051N00044642EA0064000736
B1321464201051N00044642EA0064000736
B1321474201051N00044642EA0064000737
B1321484201051N00044642EA0064000737
B1321494201051N00044642EA0064000737
B1321504201052N00044644EA0064000737
B1321514201052N00044644EA0064000734
B1321524201052N00044644EA0064000734
B1321534201052N00044644EA0064000734
B1321544201053N00044644EA0064000734
B1321554201053N00044644EA0064000734
B1321564201053N00044644EA0064000734
B1321574201053N00044644EA0064000735
B1321584201053N00044643EA0064000736
B1321594201054N00044643EA0064000736
B1322004201054N00044643EA0064000735
B1322014201055N00044643EA0064000736
B1322024201055N00044646EA0064000736
B1322034201055N00044646EA0064000732
B1322044201055N00044646EA0064000733
B1322054201055N00044646EA0064000733
B1322064201054N00044645EA0064000734
B1322074201054N00044645EA0064000734
B1322084201053N00044643EA0064000735
B1322094201053N00044643EA0064000737
B1322104201053N00044643EA0064000737
B1322114201053N00044643EA0064000737
B1322124201053N00044642EA0064000738
B1322134201053N00044642EA0064000738
B1322144201053N00044642EA0064000738
B1322154201053N00044642EA0064000741
B1322164201053N00044641EA0064000741
B1322174201052N00044640EA0064000741
B1322184201052N00044640EA0064000743
B1322194201053N00044640EA0064000744
B1322204201052N00044641EA0064000744
B1322214201052N00044640EA0064000743
B1322224201052N00044640EA0064000743
B1322234201053N00044641EA0064000743
B1322244201053N00044640EA0064000743
B1322254201053N00044640EA0064000743
B1322264201053N00044640EA0064000744
B1322274201053N00044640EA0064000743
B1322284201054N00044640EA0064000743
B1322294201054N00044641EA0064000744
B1322304201054N00044640EA0064000743
B1322314201054N00044640EA0064000743
B1322324201055N00044640EA0064000743
B1322334201055N00044640EA0064000742
B1322344201055N00044640EA0064000742
B1322354201055N00044637EA0064000743
B1322364201055N00044636EA0064000746
B1322374201055N00044636EA0064000746
B1322384201055N00044637EA0064000747
B1322394201055N00044637EA0064000746
B1322404201055N00044637EA0064000747
B1322414201054N00044636EA0064000748
B1322424201054N00044636EA0064000749
B1322434201054N00044636EA0064000750
B1322444201054N00044634EA0064000750
B1322454201054N00044634EA0064000752
B1322464201053N00044635EA0064000753
B1322474201054N00044635EA0064000754
B1322484201054N00044634EA0064000755
B1322494201055N00044634EA0064000755
B1322504201054N00044632EA0064000755
B1322514201053N00044631EA0064000758
B1322524201053N00044631EA0064000759
B1322534201053N00044631EA0064000759
B1322544201052N00044631EA0064000760
B1322554201052N00044630EA0064000761
B1322564201052N00044631EA0064000761
B1322574201053N00044631EA0064000761
B1322584201052N00044630EA0064000762
B1322594201052N00044631EA0064000762
B1323004201051N00044631EA0064000762
B1323014201050N00044631EA0064000762
B1323024201050N00044632EA0064000763
B1323034201050N00044632EA0064000760
B1323044201050N00044632EA0064000760
B1323054201050N00044632EA0064000761
B1323064201050N00044631EA0064000760
B1323074201050N00044632EA0064000760
B1323084201051N00044635EA0064000761
B1323094201051N00044635EA0064000757
B1323104201051N00044635EA0064000758
B1323114201052N00044634EA0064000758
B1323124201052N00044634EA0064000759
B1323134201052N00044634EA0064000759
B1323144201053N00044634EA0064000760
B1323154201053N00044634EA0064000759
B1323164201054N00044634EA0064000759
B1323174201053N00044632EA0064000759
B1323184201054N00044632EA0064000761
B1323194201054N00044632EA0064000761
B1323204201055N00044634EA0064000761
B1323214201054N00044634EA0064000758
B1323224201054N00044633EA0064000758
B1323234201054N00044635EA0064000758
B1323244201054N00044636EA0064000755
B1323254201053N00044635EA0064000756
B1323264201053N00044636EA0064000756
B1323274201054N00044636EA0064000756
B1323284201053N00044636EA0064000756
B1323294201054N00044636EA0064000756
B1323304201054N00044636EA0064000756
B1323314201054N00044636EA0064000757
B1323324201055N00044636EA0064000757
B1323334201054N00044636EA0064000756
B1323344201054N00044636EA0064000756
B1323354201055N00044636EA0063900756
B1323364201055N00044636EA0063900754
B1323374201055N00044636EA0064000754
B1323384201056N00044636EA0064000754
B1323394201056N00044636EA0064000753
B1323404201056N00044636EA0064000753
B1323414201057N00044637EA0064000753
B1323424201057N00044637EA0064000752
B1323434201057N00044637EA0064000752
B1323444201058N00044636EA0064000752
B1323454201058N00044636EA0064000754
B1323464201058N00044636EA0064000754
B1323474201057N00044634EA0064000753
B1323484201057N00044634EA0064000756
B1323494201057N00044634EA0064000756
B1323504201057N00044634EA0064000756
B1323514201057N00044634EA0063900755
B1323524201057N00044634EA0063900755
B1323534201057N00044632EA0063900755
B1323544201057N00044632EA0064000757
B1323554201058N00044632EA0064000756
B1323564201058N00044634EA0064000757
B1323574201058N00044634EA0064000754
B1323584201058N00044634EA0064000754
B1323594201060N00044637EA0064000754
B1324004201060N00044637EA0064000751
B1324014201060N00044637EA0064000751
B1324024201060N00044637EA0064000751
B1324034201060N00044637EA0064000749
B1324044201060N00044637EA0064000749
B1324054201060N00044637EA0064000749
B1324064201060N00044637EA0064000749
B1324074201059N00044637EA0064000749
B1324084201061N00044640EA0064000749
B1324094201061N00044640EA0064000745
B1324104201061N00044640EA0064000745
B1324114201062N00044642EA0064000745
B1324124201062N00044642EA0064000742
B1324134201062N00044642EA0064000741
B1324144201062N00044642EA0064000741
B1324154201062N00044642EA0064000742
B1324164201062N00044642EA0064000742
B1324174201063N00044643EA0064000741
B1324184201063N00044642EA0064000741
B1324194201063N00044643EA0064000740
B1324204201063N00044643EA0064000740
B1324214201063N00044643EA0064000739
B1324224201063N00044643EA0064000739
B1324234201063N00044643EA0064000739
B1324244201064N00044644EA0064000738
B1324254201064N00044643EA0064000738
B1324264201065N00044645EA0064000737
B1324274201065N00044645EA0064000734
B1324284201065N00044645EA0064000734
B1324294201067N00044648EA0064000734
B1324304201067N00044648EA0064000730
B1324314201067N00044647EA0064000730
B1324324201070N00044652EA0064000730
B1324334201070N00044652EA0064000725
B1324344201070N00044652EA0064000724
B1324354201070N00044652EA0064000724
B1324364201070N00044653EA0064000723
B1324374201070N00044653EA0064000723
B1324384201070N00044653EA0064000723
B1324394201070N00044653EA0064000722
B1324404201070N00044653EA0064000722
B1324414201070N00044655EA0064000722
B1324424201070N00044655EA0064000720
B1324434201070N00044655EA0064000720
B1324444201070N00044654EA0064000721
B1324454201070N00044654EA0064000722
B1324464201069N00044654EA0064000722
B1324474201069N00044654EA0064000722
B1324484201069N00044654EA0064000723
B1324494201068N00044654EA0064000723
B1324504201068N00044654EA0064000723
B1324514201068N00044654EA0064000724
B1324524201068N00044654EA0064000724
B1324534201068N00044655EA0064000724
B1324544201068N00044655EA0064000722
B1324554201068N00044655EA0064000722
B1324564201067N00044653EA0064000721
B1324574201067N00044653EA0064000724
B1324584201067N00044653EA0064000724
B1324594201067N00044654EA0064000724
B1325004201067N00044654EA0064000723
B1325014201067N00044654EA0064000723
B1325024201066N00044653EA0064000723
B1325034201067N00044652EA0064000724
B1325044201067N00044652EA0064000724
B1325054201067N00044652EA0064000724
B1325064201067N00044652EA0064000723
B1325074201067N00044651EA0064000723
B1325084201068N00044652EA0064000723
B1325094201067N00044652EA0064000722
B1325104201067N00044652EA0064000723
B1325114201066N00044651EA0064000723
B1325124201066N00044651EA0064000725
B1325134201065N00044650EA0064000725
B1325144201065N00044648EA0064000726
B1325154201064N00044648EA0064000728
B1325164201064N00044648EA0064000728
B1325174201063N00044647EA0064000728
B1325184201063N00044647EA0064000729
B1325194201063N00044647EA0064000729
B1325204201062N00044647EA0064000729
B1325214201062N00044646EA0064000729
B1325224201062N00044646EA0064000729
B1325234201062N00044645EA0064000730
B1325244201062N00044645EA0063900730
B1325254201062N00044645EA0063900730
B1325264201061N00044642EA0064000731
B1325274201061N00044642EA0064000734
B1325284201061N00044642EA0064000734
B1325294201061N00044641EA0064000734
B1325304201061N00044641EA0064000736
B1325314201061N00044642EA0064000736
B1325324201062N00044642EA0064000736
B1325334201062N00044642EA0064000734
B1325344201061N00044642EA0064000735
B1325354201061N00044645EA0064000735
B1325364201060N00044644EA0064000732
B1325374201059N00044645EA0064000733
B1325384201059N00044642EA0064000733
B1325394201059N00044642EA0064000734
B1325404201059N00044642EA0064000734
B1325414201057N00044642EA0064000734
B1325424201057N00044642EA0064000736
B1325434201058N00044642EA0064000736
B1325444201059N00044645EA0064000736
B1325454201059N00044645EA0064000733
B1325464201059N00044645EA0064000733
B1325474201058N00044643EA0064000733
B1325484201058N00044642EA0064000735
B1325494201058N00044642EA0064000736
B1325504201057N00044642EA0064000736
B1325514201058N00044641EA0064000736
B1325524201058N00044641EA0064000736
B1325534201059N00044643EA0064000736
B1325544201059N00044643EA0064000733
B1325554201059N00044643EA0064000733
B1325564201059N00044643EA0064000733
B1325574201059N00044643EA0064000733
B1325584201059N00044643EA0064000733
B1325594201059N00044642EA0064000733
B1326004201059N00044642EA0064000735
B1326014201060N00044642EA0064000735
B1326024201059N00044643EA0064000735
B1326034201059N00044643EA0064000736
B1326044201059N00044643EA0064000736
B1326054201059N00044642EA0064000736
B1326064201059N00044642EA0064000736
B1326074201059N00044642EA0064000736
B1326084201058N00044641EA0064000736
B1326094201059N00044641EA0064000737
B1326104201059N00044641EA0064000737
B1326114201059N00044641EA0064000737
B1326124201060N00044641EA0064000737
B1326134201060N00044641EA0064000737
B1326144201060N00044643EA0064000737
B1326154201061N00044643EA0064000735
B1326164201061N00044643EA0064000735
B1326174201062N00044644EA0064000735
B1326184201062N00044644EA0064000733
B1326194201062N00044644EA0064000732
B1326204201063N00044644EA0063900732
B1326214201063N00044644EA0063900730
B1326224201063N00044644EA0064000730
B1326234201063N00044646EA0064000730
B1326244201062N00044647EA0064000730
B1326254201062N00044647EA0064000730
B1326264201062N00044645EA0064000730
B1326274201062N00044645EA0064000732
B1326284201063N00044645EA0064000732
B1326294201064N00044646EA0064000732
B1326304201064N00044645EA0064000730
B1326314201064N00044645EA0064000730
B1326324201064N00044644EA0064000731
B1326334201064N00044644EA0064000731
B1326344201064N00044644EA0064000731
B1326354201062N00044643EA0064000732
B1326364201062N00044642EA0064000733
B1326374201062N00044642EA0063900733
B1326384201061N00044641EA0064000733
B1326394201061N00044641EA0064000735
B1326404201060N00044640EA0064000735
B1326414201060N00044640EA0064000735
B1326424201061N00044640EA0064000734
B1326434201060N00044640EA0064000733
B1326444201060N00044640EA0064000734
B1326454201061N00044639EA0064000732
B1326464201061N00044639EA0064000732
B1326474201061N00044638EA0064000732
B1326484201061N00044638EA0064000733
B1326494201061N00044637EA0064000733
B1326504201061N00044640EA0064000733
B1326514201062N00044640EA0064000731
B1326524201061N00044639EA0064000731
B1326534201062N00044641EA0064000731
B1326544201062N00044641EA0064000730
B1326554201062N00044640EA0064000730
B1326564201063N00044641EA0064000730
B1326574201062N00044641EA0064000728
B1326584201061N00044640EA0064000728
B1326594201061N00044641EA0064000728
B1327004201061N00044641EA0064000728
B1327014201059N00044641EA0064000728
B1327024201059N00044640EA0064000728
B1327034201060N00044640EA0064000727
B1327044201060N00044639EA0064000727
B1327054201060N00044639EA0064000727
B1327064201060N00044638EA0064000727
B1327074201060N00044638EA0064000727
B1327084201061N00044639EA0064000727
B1327094201061N00044639EA0063900725
B1327104201061N00044639EA0063900725
B1327114201061N00044638EA0063900725
B1327124201061N00044638EA0063900726
B1327134201061N00044638EA0063900726
B1327144201060N00044636EA0063900726
B1327154201060N00044636EA0064000727
B1327164201061N00044637EA0064000727
B1327174201059N00044635EA0064000727
B1327184201059N00044635EA0064000728
B1327194201059N00044635EA0064000728
B1327204201059N00044636EA0064000728
B1327214201059N00044636EA0064000727
B1327224201059N00044636EA0064000727
B1327234201059N00044638EA0063900727
B1327244201058N00044638EA0064000725
B1327254201058N00044638EA0064000726
B1327264201058N00044640EA0064000726
B1327274201057N00044640EA0064000724
B1327284201057N00044640EA0064000724
B1327294201056N00044640EA0064000725
B1327304201057N00044640EA0064000725
B1327314201057N00044641EA0064000726
B1327324201057N00044640EA0064000726
B1327334201056N00044640EA0064000728
B1327344201056N00044641EA0064000728
B1327354201056N00044640EA0064000729
B1327364201056N00044641EA0064000730
B1327374201055N00044641EA0064000730
B1327384201055N00044643EA0064000731
B1327394201056N00044643EA0064000730
B1327404201057N00044643EA0064000729
B1327414201057N00044643EA0064000729
B1327424201057N00044643EA0064000731
B1327434201057N00044643EA0064000731
B1327444201057N00044642EA0064000731
B1327454201056N00044643EA0064000732
B1327464201056N00044643EA0064000733
B1327474201056N00044643EA0064000733
B1327484201056N00044644EA0064000734
B1327494201055N00044643EA0064000735
B1327504201056N00044643EA0063900736
B1327514201055N00044643EA0064000737
B1327524201055N00044643EA0064000738
B1327534201057N00044644EA0064000738
B1327544201057N00044644EA0063900737
B1327554201057N00044644EA0064000738
B1327564201058N00044643EA0063900738
B1327574201058N00044643EA0063900740
B1327584201058N00044643EA0064000740
B1327594201057N00044643EA0064000740
B1328004201057N00044643EA0064000740
B1328014201057N00044644EA0064000740
B1328024201058N00044642EA0064000740
B1328034201057N00044643EA0064000742
B1328044201058N00044643EA0064000742
B1328054201059N00044644EA0064000742
B1328064201059N00044644EA0064000740
B1328074201059N00044644EA0064000740
B1328084201059N00044643EA0064000740
B1328094201060N00044643EA0064000742
B1328104201060N00044643EA0064000742
B1328114201062N00044643EA0064000742
B1328124201063N00044642EA0064000741
B1328134201062N00044643EA0064000741
B1328144201063N00044641EA0064000741
B1328154201063N00044642EA0064000743
B1328164201062N00044642EA0064000743
B1328174201062N00044641EA0064000743
B1328184201062N00044641EA0064000744
B1328194201061N00044641EA0064000744
B1328204201061N00044642EA0064000744
B1328214201061N00044642EA0064000743
B1328224201060N00044642EA0064000743
B1328234201060N00044642EA0064000743
B1328244201059N00044642EA0064000743
B1328254201059N00044642EA0064000743
B1328264201060N00044642EA0064000743
B1328274201059N00044641EA0064000745
B1328284201058N00044642EA0064000745
B1328294201058N00044642EA0064000745
B1328304201058N00044642EA0064000744
B1328314201058N00044642EA0064000744
B1328324201058N00044642EA0064000744
B1328334201057N00044641EA0064000744
B1328344201058N00044641EA0063900744
B1328354201057N00044640EA0063900744
B1328364201057N00044639EA0063900746
B1328374201058N00044639EA0063900746
B1328384201058N00044639EA0064000746
B1328394201058N00044638EA0064000747
B1328404201059N00044638EA0064000748
B1328414201060N00044639EA0063900748
B1328424201060N00044639EA0063900745
B1328434201060N00044639EA0063900745
B1328444201059N00044640EA0063900746
B1328454201058N00044639EA0063900746
B1328464201058N00044639EA0063900746
B1328474201059N00044639EA0063900746
B1328484201059N00044639EA0063900746
B1328494201059N00044639EA0063900746
B1328504201057N00044639EA0063900746
B1328514201058N00044638EA0063900748
B1328524201057N00044638EA0063900748
B1328534201055N00044637EA0063900748
B1328544201054N00044638EA0063900751
B1328554201055N00044638EA0064000751
B1328564201055N00044639EA0064000751
B1328574201055N00044639EA0064000748
B1328584201055N00044639EA0064000748
B1328594201055N00044639EA0064000747
B1329004201056N00044639EA0064000747
B1329014201056N00044639EA0064000747
B1329024201056N00044640EA0064000746
B1329034201057N00044640EA0064000745
B1329044201057N00044640EA0064000745
B1329054201057N00044637EA0064000745
B1329064201058N00044637EA0064000747
B1329074201058N00044637EA0064000747
B1329084201057N00044636EA0064000747
B1329094201057N00044636EA0064000748
B1329104201058N00044635EA0064000748
B1329114201059N00044636EA0064000748
B1329124201059N00044636EA0063900746
B1329134201058N00044636EA0064000747
B1329144201058N00044637EA0064000747
B1329154201058N00044637EA0064000745
B1329164201058N00044637EA0064000745
B1329174201058N00044638EA0064000746
B1329184201058N00044638EA0064000745
B1329194201059N00044638EA0064000746
B1329204201059N00044638EA0064000746
B1329214201059N00044639EA0064000745
B1329224201060N00044639EA0064000745
B1329234201058N00044638EA0064000745
B1329244201058N00044638EA0064000746
B1329254201058N00044638EA0064000746
B1329264201059N00044639EA0064000746
B1329274201058N00044639EA0064000745
B1329284201058N00044639EA0064000745
B1329294201056N00044638EA0063900745
B1329304201055N00044639EA0063900746
B1329314201054N00044638EA0063900747
B1329324201054N00044638EA0063900747
B1329334201053N00044638EA0064000746
B1329344201053N00044638EA0064000747
B1329354201052N00044637EA0064000747
B1329364201051N00044637EA0064000748
B1329374201051N00044637EA0064000749
B1329384201052N00044636EA0064000749
B1329394201051N00044636EA0064000748
B1329404201051N00044635EA0064000748
B1329414201051N00044635EA0064000748
B1329424201051N00044635EA0064000748
B1329434201051N00044634EA0064000749
B1329444201050N00044634EA0064000749
B1329454201049N00044634EA0064000748
B1329464201048N00044633EA0063900749
B1329474201048N00044635EA0064000749
B1329484201048N00044635EA0063900749
B1329494201047N00044635EA0063900749
B1329504201047N00044637EA0063900750
B1329514201047N00044638EA0063900748
B1329524201046N00044637EA0063900748
B1329534201046N00044637EA0063900748
B1329544201046N00044638EA0064000749
B1329554201046N00044639EA0064000749
B1329564201045N00044637EA0064000750
B1329574201045N00044636EA0064000752
B1329584201045N00044636EA0064000752
B1329594201045N00044636EA0064000753
B1330004201046N00044635EA0064000753
B1330014201046N00044635EA0064000753
B1330024201045N00044636EA0064000754
B1330034201046N00044636EA0064000755
B1330044201046N00044636EA0064000756
B1330054201045N00044635EA0064000757
B1330064201045N00044635EA0064000759
B1330074201045N00044635EA0064000759
B1330084201045N00044635EA0064000760
B1330094201045N00044635EA0064000760
B1330104201045N00044634EA0064000761
B1330114201045N00044633EA0064000762
B1330124201045N00044633EA0064000762
B1330134201045N00044633EA0064000763
B1330144201046N00044633EA0064000764
B1330154201046N00044634EA0064000763
B1330164201045N00044634EA0064000764
B1330174201046N00044634EA0064000764
B1330184201046N00044634EA0064000763
B1330194201046N00044634EA0064000764
B1330204201046N00044634EA0064000764
B1330214201046N00044635EA0064000764
B1330224201046N00044636EA0064000765
B1330234201047N00044637EA0064000765
B1330244201047N00044637EA0064000764
B1330254201047N00044638EA0064000765
B1330264201047N00044638EA0064000765
B1330274201047N00044638EA0063900765
B1330284201047N00044638EA0063900766
B1330294201047N00044637EA0063900766
B1330304201047N00044637EA0063900768
B1330314201047N00044637EA0063900768
B1330324201046N00044636EA0063900768
B1330334201047N00044636EA0063900769
B1330344201047N00044635EA0063900769
B1330354201047N00044634EA0063900769
B1330364201047N00044633EA0063900771
B1330374201047N00044633EA0063900771
B1330384201048N00044632EA0063900771
B1330394201048N00044632EA0063900770
B1330404201048N00044632EA0063900770
B1330414201048N00044632EA0063900770
B1330424201048N00044631EA0063900770
B1330434201048N00044631EA0063900770
B1330444201048N00044632EA0063900770
B1330454201048N00044632EA0064000768
B1330464201048N00044631EA0064000768
B1330474201048N00044632EA0064000768
B1330484201048N00044632EA0064000767
B1330494201048N00044632EA0064000767
B1330504201047N00044631EA0064000767
B1330514201048N00044630EA0064000768
B1330524201048N00044629EA0064000768
B1330534201048N00044629EA0064000768
B1330544201049N00044628EA0064000768
B1330554201048N00044628EA0064000767
B1330564201049N00044629EA0064000768
B1330574201049N00044629EA0064000766
B1330584201049N00044629EA0063900766
B1330594201049N00044630EA0063900766
B1331004201049N00044630EA0064000765
B1331014201049N00044630EA0064000765
B1331024201049N00044628EA0064000765
B1331034201049N00044628EA0063900765
B1331044201049N00044627EA0063900765
B1331054201050N00044630EA0063900765
B1331064201050N00044629EA0063900763
B1331074201050N00044629EA0063900763
B1331084201050N00044630EA0063900763
B1331094201050N00044629EA0063900761
B1331104201050N00044629EA0064000761
B1331114201051N00044632EA0064000761
B1331124201051N00044632EA0064000759
B1331134201052N00044632EA0064000759
B1331144201052N00044630EA0064000759
B1331154201052N00044631EA0064000760
B1331164201052N00044631EA0064000759
B1331174201052N00044630EA0064000759
B1331184201052N00044630EA0064000759
B1331194201052N00044630EA0064000759
B1331204201053N00044630EA0064000759
B1331214201053N00044630EA0064000758
B1331224201053N00044630EA0064000758
B1331234201053N00044630EA0064000758
B1331244201053N00044630EA0064000758
B1331254201053N00044629EA0064000758
B1331264201054N00044630EA0064000758
B1331274201054N00044630EA0064000757
B1331284201054N00044629EA0063900757
B1331294201055N00044629EA0063900757
B1331304201055N00044629EA0063900757
B1331314201055N00044629EA0063900757
B1331324201055N00044628EA0063900757
B1331334201055N00044628EA0063900757
B1331344201055N00044627EA0064000756
B1331354201055N00044626EA0063900756
B1331364201054N00044626EA0063900758
B1331374201055N00044626EA0063900758
B1331384201056N00044628EA0064000758
B1331394201055N00044628EA0064000755
B1331404201055N00044629EA0064000756
B1331414201055N00044628EA0064000756
B1331424201055N00044628EA0064000758
B1331434201055N00044628EA0064000758
B1331444201054N00044630EA0064000758
B1331454201055N00044630EA0064000759
B1331464201055N00044630EA0064000759
B1331474201056N00044632EA0064000759
B1331484201056N00044632EA0064000757
B1331494201056N00044632EA0064000757
B1331504201056N00044633EA0064000756
B1331514201056N00044634EA0064000755
B1331524201056N00044634EA0063900755
B1331534201057N00044636EA0064000755
B1331544201057N00044636EA0064000754
B1331554201057N00044636EA0064000753
B1331564201057N00044635EA0064000753
B1331574201056N00044635EA0064000754
B1331584201057N00044635EA0064000754
B1331594201057N00044636EA0064000753
B1332004201057N00044637EA0064000752
B1332014201057N00044637EA0064000752
B1332024201057N00044636EA0064000752
B1332034201056N00044636EA0064000753
B1332044201056N00044636EA0064000753
B1332054201056N00044637EA0063900753
B1332064201056N00044637EA0063900752
B1332074201056N00044637EA0063900752
B1332084201055N00044636EA0063900752
B1332094201055N00044636EA0063900754
B1332104201055N00044636EA0063900753
B1332114201055N00044636EA0063900753
B1332124201055N00044635EA0063900753
B1332134201055N00044635EA0064000753
B1332144201055N00044634EA0063900753
B1332154201054N00044634EA0063900755
B1332164201054N00044633EA0063900754
B1332174201054N00044632EA0063900755
B1332184201054N00044631EA0063900756
B1332194201054N00044631EA0063900757
B1332204201054N00044633EA0063900757
B1332214201054N00044633EA0063900756
B1332224201054N00044632EA0063900756
B1332234201054N00044633EA0063900756
B1332244201054N00044633EA0063900756
B1332254201054N00044634EA0063900756
B1332264201054N00044634EA0063900756
B1332274201054N00044634EA0063900756
B1332284201055N00044634EA0063900755
B1332294201055N00044634EA0063900755
B1332304201055N00044634EA0064000756
B1332314201055N00044633EA0064000756
B1332324201054N00044632EA0064000756
B1332334201054N00044631EA0064000758
B1332344201054N00044632EA0064000758
B1332354201054N00044631EA0064000758
B1332364201054N00044631EA0063900759
B1332374201054N00044631EA0063900758
B1332384201054N00044630EA0063900759
B1332394201054N00044631EA0063900759
B1332404201054N00044631EA0063900759
B1332414201054N00044632EA0063900759
B1332424201054N00044632EA0063900757
B1332434201054N00044633EA0063900757
B1332444201055N00044634EA0064000756
B1332454201055N00044635EA0064000755
B1332464201055N00044635EA0064000755
B1332474201055N00044636EA0064000754
B1332484201055N00044636EA0064000752
B1332494201055N00044636EA0064000752
B1332504201055N00044636EA0064000752
B1332514201055N00044637EA0064000753
B1332524201055N00044637EA0064000753
B1332534201055N00044636EA0064000753
B1332544201055N00044636EA0064000753
B1332554201054N00044637EA0064000753
B1332564201054N00044636EA0064000753
B1332574201055N00044635EA0064000753
B1332584201055N00044635EA0064000753
B1332594201055N00044636EA0064000753
B1333004201055N00044636EA0064000753
B1333014201055N00044636EA0064000752
B1333024201055N00044636EA0064000752
B1333034201055N00044636EA0063900752
B1333044201056N00044636EA0064000752
B1333054201056N00044636EA0064000752
B1333064201056N00044635EA0064000753
B1333074201056N00044635EA0064000752
B1333084201056N00044635EA0063900752
B1333094201056N00044634EA0063900753
B1333104201056N00044635EA0063900753
B1333114201057N00044636EA0063900752
B1333124201057N00044637EA0063900752
B1333134201057N00044638EA0063900752
B1333144201057N00044637EA0063900752
B1333154201057N00044637EA0063900753
B1333164201057N00044636EA0063900753
B1333174201057N00044637EA0063900753
B1333184201057N00044637EA0063900752
B1333194201057N00044636EA0063900752
B1333204201057N00044638EA0063900752
B1333214201057N00044639EA0063900751
B1333224201057N00044639EA0063900751
B1333234201058N00044640EA0063900751
B1333244201058N00044640EA0064000749
B1333254201057N00044640EA0064000750
B1333264201058N00044640EA0064000750
B1333274201057N00044640EA0064000750
B1333284201057N00044639EA0064000750
B1333294201057N00044640EA0064000750
B1333304201056N00044639EA0064000749
B1333314201056N00044639EA0064000749
B1333324201055N00044639EA0064000749
B1333334201056N00044638EA0064000749
B1333344201056N00044638EA0064000749
B1333354201055N00044636EA0064000750
B1333364201055N00044636EA0064000751
B1333374201055N00044636EA0063900752
B1333384201054N00044637EA0064000752
B1333394201054N00044637EA0063900753
B1333404201054N00044637EA0063900753
B1333414201055N00044638EA0064000753
B1333424201055N00044638EA0063900752
B1333434201055N00044638EA0063900752
B1333444201055N00044643EA0063900752
B1333454201055N00044642EA0063900750
B1333464201056N00044642EA0064000751
B1333474201056N00044645EA0064000751
B1333484201056N00044644EA0064000750
B1333494201056N00044643EA0064000750
B1333504201056N00044642EA0064000750
B1333514201057N00044642EA0064000749
B1333524201058N00044641EA0064000749
B1333534201058N00044641EA0064000750
B1333544201058N00044640EA0064000749
B1333554201058N00044640EA0064000749
B1333564201058N00044642EA0064000749
B1333574201058N00044641EA0064000747
B1333584201058N00044641EA0064000747
B1333594201057N00044640EA0064000747
B1334004201057N00044640EA0064000748
B1334014201056N00044641EA0064000749
B1334024201056N00044642EA0064000749
B1334034201056N00044642EA0064000748
B1334044201054N00044642EA0064000748
B1334054201055N00044641EA0064000748
B1334064201055N00044642EA0064000750
B1334074201054N00044641EA0064000750
B1334084201054N00044641EA0064000750
B1334094201054N00044641EA0064000750
B1334104201054N00044641EA0064000750
B1334114201053N00044641EA0064000750
B1334124201053N00044641EA0064000751
B1334134201053N00044641EA0064000751
B1334144201053N00044639EA0064000751
B1334154201053N00044639EA0064000752
B1334164201053N00044639EA0064000753
B1334174201053N00044639EA0064000752
B1334184201053N00044638EA0064000752
B1334194201053N00044638EA0064000752
B1334204201053N00044636EA0064000752
B1334214201053N00044635EA0064000753
B1334224201053N00044635EA0064000753
B1334234201052N00044634EA0064000754
B1334244201052N00044634EA0064000756
B1334254201053N00044633EA0064000756
B1334264201052N00044634EA0064000756
B1334274201052N00044634EA0064000754
B1334284201051N00044635EA0064000754
B1334294201052N00044634EA0064000754
B1334304201051N00044635EA0064000755
B1334314201051N00044634EA0064000755
B1334324201049N00044633EA0064000755
B1334334201049N00044633EA0064000756
B1334344201049N00044632EA0064000756
B1334354201048N00044633EA0064000756
B1334364201048N00044633EA0064000756
B1334374201049N00044633EA0064000756
B1334384201049N00044633EA0064000756
B1334394201049N00044633EA0064000755
B1334404201049N00044632EA0064000755
B1334414201048N00044632EA0064000755
B1334424201048N00044631EA0064000756
B1334434201048N00044631EA0064000756
B1334444201048N00044630EA0064000756
B1334454201048N00044630EA0064000756
B1334464201048N00044630EA0064000756
B1334474201049N00044631EA0064000756
B1334484201048N00044631EA0064000755
B1334494201049N00044632EA0064000755
B1334504201049N00044633EA0064000755
B1334514201049N00044633EA0064000753
B1334524201049N00044633EA0064000753
B1334534201047N00044633EA0064000752
B1334544201047N00044633EA0064000754
B1334554201047N00044633EA0064000753
B1334564201046N00044634EA0064000753
B1334574201047N00044634EA0064000753
B1334584201046N00044634EA0064000752
B1334594201047N00044635EA0064000752
B1335004201047N00044635EA0064000751
B1335014201047N00044636EA0064000751
B1335024201047N00044636EA0064000751
B1335034201047N00044636EA0064000750
B1335044201047N00044636EA0064000750
B1335054201046N00044635EA0064000749
B1335064201046N00044635EA0064000750
B1335074201046N00044636EA0064000750
B1335084201045N00044634EA0064000749
B1335094201046N00044634EA0064000751
B1335104201046N00044635EA0064000751
B1335114201046N00044635EA0064000751
B1335124201047N00044635EA0064000750
B1335134201047N00044635EA0064000750
B1335144201047N00044636EA0064000750
B1335154201047N00044636EA0064000749
B1335164201047N00044637EA0064000749
B1335174201047N00044637EA0064000749
B1335184201048N00044637EA0064000749
B1335194201048N00044637EA0064000749
B1335204201048N00044637EA0064000749
B1335214201049N00044637EA0064000750
B1335224201049N00044637EA0064000750
B1335234201049N00044635EA0064000750
B1335244201049N00044635EA0064000752
B1335254201050N00044635EA0064000752
B1335264201050N00044635EA0064000752
B1335274201050N00044635EA0064000752
B1335284201050N00044636EA0064000751
B1335294201050N00044635EA0064000751
B1335304201050N00044634EA0064000753
B1335314201050N00044635EA0064000752
B1335324201050N00044633EA0064000753
B1335334201050N00044633EA0064000754
B1335344201051N00044633EA0064000754
B1335354201051N00044634EA0064000754
B1335364201051N00044634EA0064000752
B1335374201051N00044633EA0064000752
B1335384201052N00044635EA0064000752
B1335394201052N00044634EA0064000750
B1335404201053N00044634EA0064000750
B1335414201053N00044634EA0064000750
B1335424201053N00044634EA0063900751
B1335434201053N00044634EA0063900751
B1335444201054N00044634EA0063900750
B1335454201053N00044633EA0064000750
B1335464201054N00044633EA0064000750
B1335474201053N00044635EA0064000750
B1335484201053N00044635EA0064000748
B1335494201054N00044635EA0064000748
B1335504201054N00044635EA0064000748
B1335514201054N00044635EA0064000747
B1335524201054N00044635EA0064000747
B1335534201054N00044635EA0064000747
B1335544201053N00044635EA0064000747
B1335554201054N00044635EA0064000747
B1335564201054N00044635EA0064000747
B1335574201054N00044635EA0064000747
B1335584201054N00044635EA0064000747
B1335594201054N00044636EA0064000747
B1336004201055N00044636EA0064000746
B1336014201054N00044636EA0064000746
B1336024201055N00044638EA0064000746
B1336034201055N00044638EA0064000743
B1336044201056N00044638EA0063900743
B1336054201055N00044637EA0063900743
B1336064201055N00044637EA0063900745
B1336074201055N00044637EA0063900745
B1336084201054N00044636EA0063900745
B1336094201054N00044637EA0063900747
B1336104201054N00044637EA0063900747
B1336114201054N00044636EA0063900747
B1336124201054N00044636EA0063900748
B1336134201054N00044636EA0063900749
B1336144201054N00044635EA0063900749
B1336154201054N00044635EA0063900750
B1336164201054N00044635EA0063900751
B1336174201054N00044635EA0063900751
B1336184201054N00044635EA0063900751
B1336194201055N00044635EA0063900752
B1336204201055N00044637EA0063900752
B1336214201056N00044637EA0063900749
B1336224201056N00044637EA0063900749
B1336234201055N00044637EA0063900749
B1336244201055N00044637EA0063900750
B1336254201055N00044637EA0063900750
B1336264201056N00044640EA0064000750
B1336274201056N00044640EA0063900748
B1336284201056N00044640EA0064000748
B1336294201057N00044640EA0064000748
B1336304201057N00044640EA0064000746
B1336314201056N00044640EA0064000746
B1336324201056N00044641EA0064000746
B1336334201056N00044641EA0064000744
B1336344201056N00044641EA0064000744
B1336354201056N00044642EA0064000744
B1336364201056N00044642EA0064000743
B1336374201056N00044643EA0064000743
B1336384201056N00044643EA0064000743
B1336394201056N00044643EA0064000743
B1336404201056N00044643EA0064000743
B1336414201056N00044643EA0064000743
B1336424201056N00044642EA0064000742
B1336434201056N00044642EA0064000743
B1336444201056N00044643EA0064000743
B1336454201056N00044642EA0064000741
B1336464201056N00044642EA0064000741
B1336474201056N00044640EA0064000741
B1336484201055N00044640EA0064000742
B1336494201055N00044640EA0064000742
B1336504201055N00044639EA0064000742
B1336514201055N00044639EA0064000742
B1336524201056N00044638EA0064000743
B1336534201056N00044638EA0064000743
B1336544201056N00044638EA0064000742
B1336554201056N00044638EA0064000742
B1336564201056N00044636EA0064000743
B1336574201056N00044636EA0064000744
B1336584201056N00044636EA0064000744
B1336594201056N00044637EA0064000744
B1337004201056N00044637EA0064000742
B1337014201056N00044636EA0064000742
B1337024201056N00044636EA0064000742
B1337034201055N00044637EA0064000743
B1337044201055N00044636EA0064000743
B1337054201054N00044635EA0064000743
B1337064201054N00044635EA0064000744
B1337074201054N00044635EA0064000744
B1337084201053N00044633EA0064000745
B1337094201053N00044633EA0064000746
B1337104201052N00044633EA0064000746
B1337114201053N00044635EA0064000747
B1337124201053N00044636EA0064000745
B1337134201053N00044636EA0064000745
B1337144201052N00044635EA0064000746
B1337154201052N00044636EA0064000747
B1337164201051N00044636EA0064000748
B1337174201051N00044637EA0064000748
B1337184201051N00044636EA0064000747
B1337194201051N00044636EA0064000747
B1337204201051N00044635EA0064000747
B1337214201051N00044635EA0064000748
B1337224201050N00044635EA0064000748
B1337234201050N00044633EA0064000749
B1337244201050N00044633EA0064000751
B1337254201050N00044634EA0064000751
B1337264201049N00044633EA0064000751
B1337274201049N00044633EA0064000753
B1337284201050N00044633EA0064000754
B1337294201050N00044633EA0064000754
B1337304201050N00044633EA0064000753
B1337314201050N00044633EA0064000754
B1337324201051N00044634EA0064000754
B1337334201051N00044634EA0064000752
B1337344201051N00044634EA0064000752
B1337354201052N00044636EA0064000752
B1337364201052N00044636EA0064000749
B1337374201052N00044636EA0064000749
B1337384201052N00044636EA0064000750
B1337394201053N00044636EA0064000749
B1337404201053N00044636EA0064000749
B1337414201052N00044635EA0064000749
B1337424201052N00044635EA0064000751
B1337434201052N00044635EA0064000751
B1337444201052N00044634EA0064000751
B1337454201052N00044634EA0064000751
B1337464201052N00044634EA0064000751
B1337474201053N00044635EA0064000751
B1337484201053N00044634EA0064000750
B1337494201053N00044634EA0064000750
B1337504201053N00044635EA0064000750
B1337514201053N00044635EA0064000750
B1337524201053N00044634EA0064000750
B1337534201053N00044634EA0064000750
B1337544201053N00044634EA0064000751
B1337554201053N00044634EA0064000751
B1337564201053N00044633EA0064000752
B1337574201053N00044633EA0064000752
B1337584201053N00044633EA0064000753
B1337594201054N00044635EA0064000753
B1338004201053N00044635EA0064000751
B1338014201053N00044635EA0064000751
B1338024201053N00044634EA0064000751
B1338034201053N00044634EA0064000752
B1338044201054N00044634EA0064000753
B1338054201055N00044635EA0064000753
B1338064201055N00044635EA0064000751
B1338074201055N00044635EA0064000751
B1338084201056N00044636EA0064000751
B1338094201056N00044637EA0064000749
B1338104201057N00044637EA0064000749
B1338114201057N00044636EA0064000749
B1338124201057N00044636EA0064000749
B1338134201057N00044636EA0064000749
B1338144201058N00044637EA0064000749
B1338154201058N00044637EA0064000747
B1338164201058N00044637EA0064000747
B1338174201058N00044637EA0064000747
B1338184201057N00044637EA0064000747
B1338194201057N00044636EA0064000747
B1338204201057N00044636EA0064000746
B1338214201057N00044636EA0064000748
B1338224201057N00044636EA0064000748
B1338234201058N00044637EA0064000747
B1338244201058N00044637EA0064000746
B1338254201058N00044636EA0064000746
B1338264201059N00044637EA0064000746
B1338274201058N00044637EA0064000745
B1338284201059N00044637EA0064000745
B1338294201058N00044636EA0064000745
B1338304201059N00044636EA0064000746
B1338314201059N00044636EA0064000746
B1338324201059N00044637EA0064000746
B1338334201059N00044637EA0064000746
B1338344201059N00044637EA0064000746
B1338354201060N00044638EA0064000745
B1338364201060N00044638EA0064000744
B1338374201060N00044638EA0064000744
B1338384201060N00044639EA0064000744
B1338394201061N00044639EA0064000742
B1338404201061N00044639EA0063900742
B1338414201060N00044638EA0063900742
B1338424201060N00044638EA0063900743
B1338434201060N00044638EA0063900743
B1338444201060N00044639EA0063900744
B1338454201060N00044639EA0063900744
B1338464201060N00044639EA0063900744
B1338474201060N00044639EA0063900744
B1338484201060N00044639EA0063900745
B1338494201060N00044639EA0063900745
B1338504201061N00044641EA0063900745
B1338514201061N00044640EA0063900743
B1338524201061N00044641EA0063900743
B1338534201061N00044639EA0064000743
B1338544201061N00044640EA0064000743
B1338554201061N00044640EA0064000743
B1338564201061N00044640EA0064000743
B1338574201061N00044640EA0064000742
B1338584201061N00044640EA0064000742
B1338594201061N00044639EA0064000742
B1339004201061N00044640EA0063900742
B1339014201062N00044640EA0063900742
B1339024201061N00044638EA0063900741
B1339034201061N00044638EA0063900744
B1339044201062N00044638EA0063900744
B1339054201061N00044638EA0064000744
B1339064201061N00044638EA0064000745
B1339074201061N00044638EA0064000745
B1339084201061N00044638EA0064000745
B1339094201062N00044637EA0064000745
B1339104201062N00044638EA0064000745
B1339114201062N00044637EA0064000745
B1339124201063N00044638EA0064000745
B1339134201065N00044639EA0064000744
B1339144201065N00044639EA0064000744
B1339154201065N00044639EA0064000744
B1339164201065N00044640EA0064000744
B1339174201066N00044641EA0064000744
B1339184201067N00044642EA0064000741
B1339194201067N00044643EA0064000741
B1339204201068N00044645EA0064000741
B1339214201068N00044645EA0064000739
B1339224201068N00044646EA0064000739
B1339234201067N00044646EA0064000738
B1339244201067N00044646EA0064000740
B1339254201067N00044646EA0064000739
B1339264201067N00044646EA0064000739
B1339274201067N00044647EA0064000740
B1339284201067N00044647EA0063900739
B1339294201067N00044647EA0063900739
B1339304201068N00044648EA0063900739
B1339314201067N00044648EA0063900739
B1339324201068N00044649EA0064000738
B1339334201068N00044649EA0064000737
B1339344201067N00044649EA0064000737
B1339354201068N00044650EA0064000737
B1339364201067N00044650EA0064000735
B1339374201067N00044651EA0064000735
B1339384201066N00044650EA0064000735
B1339394201067N00044650EA0064000736
B1339404201066N00044650EA0064000736
B1339414201065N00044650EA0064000736
B1339424201065N00044650EA0064000736
B1339434201064N00044651EA0064000736
B1339444201063N00044651EA0064000736
B1339454201063N00044651EA0064000737
B1339464201062N00044652EA0064000737
B1339474201061N00044650EA0064000737
B1339484201061N00044650EA0064000738
B1339494201061N00044650EA0064000739
B1339504201061N00044651EA0064000738
B1339514201061N00044650EA0064000737
B1339524201061N00044651EA0064000737
B1339534201060N00044652EA0064000737
B1339544201060N00044651EA0064000736
B1339554201060N00044651EA0063900736
B1339564201059N00044650EA0063900736
B1339574201060N00044650EA0063900738
B1339584201060N00044650EA0063900738
B1339594201060N00044649EA0064000738
B1340004201062N00044649EA0063900737
B1340014201062N00044648EA0063900737
B1340024201062N00044647EA0063900737
B1340034201062N00044647EA0063900738
B1340044201062N00044647EA0063900738
B1340054201062N00044646EA0063900738
B1340064201062N00044645EA0063900738
B1340074201062N00044645EA0064000738
B1340084201063N00044645EA0063900738
B1340094201063N00044645EA0064000738
B1340104201064N00044645EA0064000738
B1340114201063N00044645EA0064000738
B1340124201064N00044645EA0063900737
B1340134201063N00044645EA0063900737
B1340144201063N00044644EA0063900737
B1340154201063N00044644EA0063900738
B1340164201064N00044644EA0063900738
B1340174201063N00044644EA0063900738
B1340184201063N00044644EA0063900738
B1340194201063N00044644EA0063900738
B1340204201064N00044644EA0063900738
B1340214201064N00044643EA0063900738
B1340224201064N00044643EA0064000738
B1340234201064N00044644EA0064000738
B1340244201063N00044643EA0064000738
B1340254201063N00044643EA0064000738
B1340264201062N00044641EA0064000738
B1340274201063N00044641EA0064000740
B1340284201063N00044641EA0064000740
B1340294201063N00044641EA0064000740
B1340304201062N00044641EA0064000738
B1340314201063N00044640EA0064000738
B1340324201064N00044642EA0064000738
B1340334201063N00044642EA0064000735
B1340344201063N00044642EA0064000736
B1340354201062N00044642EA0064000735
B1340364201061N00044642EA0064000737
B1340374201061N00044642EA0064000736
B1340384201061N00044641EA0064000737
B1340394201061N00044641EA0064000737
B1340404201061N00044641EA0064000738
B1340414201061N00044642EA0064000738
B1340424201061N00044642EA0064000736
B1340434201060N00044642EA0064000736
B1340444201060N00044643EA0064000736
B1340454201060N00044642EA0064000735
B1340464201060N00044642EA0064000736
B1340474201059N00044642EA0064000736
B1340484201060N00044642EA0064000736
B1340494201060N00044642EA0064000737
B1340504201059N00044641EA0064000737
B1340514201059N00044641EA0064000738
B1340524201059N00044641EA0064000738
B1340534201059N00044642EA0064000739
B1340544201059N00044642EA0064000738
B1340554201059N00044642EA0064000738
B1340564201058N00044642EA0064000738
B1340574201058N00044642EA0064000738
B1340584201057N00044643EA0064000738
B1340594201058N00044641EA0064000738
B1341004201057N00044641EA0064000739
B1341014201058N00044641EA0064000739
B1341024201056N00044643EA0064000739
B1341034201057N00044643EA0064000739
B1341044201056N00044643EA0064000738
B1341054201056N00044644EA0064000738
B1341064201056N00044644EA0064000738
B1341074201056N00044644EA0064000738
B1341084201056N00044644EA0064000738
B1341094201056N00044644EA0064000739
B1341104201056N00044644EA0064000738
B1341114201055N00044643EA0064000738
B1341124201055N00044642EA0064000740
B1341134201056N00044642EA0064000740
B1341144201056N00044642EA0064000740
B1341154201056N00044641EA0064000740
B1341164201056N00044641EA0064000740
B1341174201057N00044641EA0064000741
B1341184201058N00044641EA0064000740
B1341194201058N00044640EA0064000740
B1341204201058N00044640EA0064000740
B1341214201058N00044640EA0064000740
B1341224201058N00044640EA0064000740
B1341234201059N00044641EA0064000740
B1341244201059N00044641EA0064000739
B1341254201058N00044641EA0064000739
B1341264201058N00044640EA0064000739
B1341274201058N00044640EA0064000740
B1341284201058N00044641EA0064000740
B1341294201057N00044641EA0064000740
B1341304201057N00044641EA0064000739
B1341314201058N00044641EA0064000739
B1341324201057N00044641EA0064000739
B1341334201058N00044641EA0064000739
B1341344201058N00044640EA0064000739
B1341354201058N00044640EA0064000739
B1341364201058N00044640EA0064000740
B1341374201059N00044640EA0064000740
B1341384201058N00044640EA0064000740
B1341394201058N00044640EA0064000740
B1341404201058N00044640EA0064000740
B1341414201058N00044640EA0064000740
B1341424201058N00044639EA0064000741
B1341434201058N00044640EA0064000741
B1341444201058N00044640EA0064000741
B1341454201058N00044640EA0064000741
B1341464201058N00044640EA0064000741
B1341474201059N00044641EA0064000741
B1341484201059N00044641EA0064000741
B1341494201059N00044641EA0064000740
B1341504201059N00044641EA0064000740
B1341514201059N00044641EA0064000741
B1341524201058N00044641EA0064000741
B1341534201059N00044640EA0064000741
B1341544201058N00044640EA0064000741
B1341554201059N00044640EA0064000741
B1341564201059N00044640EA0064000740
B1341574201059N00044640EA0064000741
B1341584201060N00044641EA0064000741
B1341594201059N00044640EA0064000741
B1342004201060N00044640EA0064000741
B1342014201060N00044640EA0064000741
B1342024201060N00044640EA0064000741
B1342034201061N00044640EA0064000739
B1342044201060N00044640EA0064000739
B1342054201060N00044640EA0064000739
B1342064201060N00044640EA0064000740
B1342074201060N00044639EA0064000740
B1342084201061N00044641EA0064000740
B1342094201061N00044641EA0064000738
B1342104201061N00044642EA0064000738
B1342114201060N00044640EA0064000738
B1342124201060N00044640EA0064000740
B1342134201060N00044641EA0064000741
B1342144201062N00044643EA0064000741
B1342154201062N00044643EA0064000738
B1342164201062N00044643EA0064000739
B1342174201063N00044644EA0064000739
B1342184201064N00044644EA0064000737
B1342194201064N00044644EA0064000737
B1342204201065N00044645EA0064000737
B1342214201065N00044645EA0064000737
B1342224201065N00044645EA0064000737
B1342234201065N00044643EA0064000737
B1342244201065N00044643EA0064000738
B1342254201065N00044643EA0064000738
B1342264201065N00044643EA0064000738
B1342274201064N00044643EA0064000740
B1342284201064N00044643EA0064000740
B1342294201063N00044642EA0064000739
B1342304201062N00044642EA0064000742
B1342314201062N00044642EA0064000742
B1342324201061N00044642EA0064000742
B1342334201061N00044642EA0064000742
B1342344201061N00044643EA0064000742
B1342354201060N00044643EA0064000742
B1342364201059N00044643EA0064000743
B1342374201059N00044642EA0064000743
B1342384201058N00044642EA0064000743
B1342394201058N00044641EA0064000745
B1342404201058N00044641EA0064000745
B1342414201058N00044640EA0064000745
B1342424201058N00044641EA0064000746
B1342434201057N00044641EA0064000746
B1342444201057N00044639EA0064000746
B1342454201057N00044639EA0064000746
B1342464201056N00044639EA0064000746
B1342474201058N00044640EA0064000746
B1342484201057N00044640EA0064000744
B1342494201057N00044640EA0064000744
B1342504201056N00044638EA0064000744
B1342514201056N00044638EA0064000747
B1342524201056N00044638EA0064000747
B1342534201056N00044637EA0064000747
B1342544201055N00044637EA0064000748
B1342554201056N00044637EA0064000748
B1342564201055N00044637EA0064000748
B1342574201055N00044637EA0064000749
B1342584201055N00044636EA0064000749
B1342594201055N00044637EA0064000749
B1343004201055N00044637EA0064000749
B1343014201056N00044637EA0064000749
B1343024201056N00044638EA0064000749
B1343034201056N00044637EA0064000748
B1343044201055N00044637EA0064000748
B1343054201056N00044638EA0064000748
B1343064201056N00044638EA0064000748
B1343074201056N00044638EA0064000748
B1343084201056N00044638EA0064000748
B1343094201056N00044638EA0064000748
B1343104201056N00044638EA0064000748
B1343114201056N00044639EA0064000748
B1343124201056N00044639EA0064000749
B1343134201056N00044639EA0064000749
B1343144201057N00044641EA0064000749
B1343154201057N00044641EA0064000746
B1343164201057N00044641EA0064000746
B1343174201057N00044639EA0064000746
B1343184201057N00044639EA0064000747
B1343194201058N00044639EA0064000747
B1343204201059N00044640EA0064000747
B1343214201059N00044640EA0064000745
B1343224201059N00044640EA0064000745
B1343234201060N00044641EA0064000745
B1343244201060N00044642EA0064000743
B1343254201061N00044642EA0064000743
B1343264201061N00044643EA0064000743
B1343274201061N00044643EA0064000742
B1343284201061N00044643EA0064000742
B1343294201062N00044644EA0064000742
B1343304201062N00044644EA0064000741
B1343314201062N00044644EA0064000741
B1343324201063N00044645EA0064000740
B1343334201063N00044645EA0064000737
B1343344201063N00044645EA0064000737
B1343354201062N00044644EA0064000737
B1343364201062N00044644EA0064000738
B1343374201062N00044644EA0064000738
B1343384201062N00044645EA0064000738
B1343394201062N00044645EA0064000738
B1343404201062N00044645EA0064000738
B1343414201063N00044647EA0064000738
B1343424201062N00044648EA0064000736
B1343434201062N00044648EA0064000736
B1343444201062N00044648EA0064100736
B1343454201062N00044648EA0064100735
B1343464201062N00044648EA0064100735
B1343474201062N00044647EA0064100735
B1343484201062N00044647EA0064000735
B1343494201062N00044647EA0064000735
B1343504201063N00044647EA0064000735
B1343514201063N00044646EA0064000734
B1343524201063N00044647EA0064000734
B1343534201064N00044647EA0064000734
B1343544201064N00044647EA0064000732
B1343554201064N00044647EA0064000733
B1343564201064N00044648EA0064000732
B1343574201064N00044648EA0064000732
B1343584201064N00044648EA0064000732
B1343594201064N00044650EA0064000731
B1344004201064N00044650EA0064000730
B1344014201064N00044651EA0064000729
B1344024201064N00044650EA0064000729
B1344034201064N00044650EA0064000730
B1344044201064N00044650EA0064000730
B1344054201064N00044649EA0064100730
B1344064201064N00044648EA0064100731
B1344074201064N00044649EA0064100731
B1344084201063N00044647EA0064000731
B1344094201063N00044647EA0064100731
B1344104201063N00044648EA0064000731
B1344114201063N00044647EA0064000731
B1344124201063N00044647EA0064000732
B1344134201064N00044647EA0064000732
B1344144201063N00044647EA0064000732
B1344154201064N00044647EA0064000732
B1344164201064N00044647EA0064000732
B1344174201064N00044648EA0064000732
B1344184201065N00044648EA0064000729
B1344194201065N00044649EA0064000729
B1344204201065N00044649EA0064000729
B1344214201065N00044649EA0064000730
B1344224201065N00044650EA0064000730
B1344234201064N00044651EA0064000729
B1344244201064N00044651EA0064000729
B1344254201064N00044651EA0064100729
B1344264201065N00044652EA0064000729
B1344274201065N00044652EA0064000728
B1344284201065N00044652EA0064000728
B1344294201064N00044651EA0064000728
B1344304201064N00044651EA0064000729
B1344314201064N00044651EA0064000730
B1344324201064N00044652EA0064000729
B1344334201064N00044651EA0064000728
B1344344201064N00044651EA0064000728
B1344354201065N00044652EA0064000728
B1344364201065N00044652EA0064000727
B1344374201065N00044651EA0064000727
B1344384201065N00044651EA0064000727
B1344394201064N00044651EA0064000726
B1344404201064N00044651EA0064000726
B1344414201064N00044651EA0064000726
B1344424201064N00044651EA0064000727
B1344434201064N00044650EA0064000728
B1344444201065N00044651EA0064000728
B1344454201065N00044650EA0064000726
B1344464201064N00044651EA0064000726
B1344474201064N00044649EA0064000726
B1344484201064N00044649EA0064000728
B1344494201064N00044649EA0064000728
B1344504201064N00044648EA0064000728
B1344514201064N00044648EA0064000729
B1344524201064N00044647EA0064000730
B1344534201064N00044646EA0064000730
B1344544201063N00044646EA0064000731
B1344554201063N00044646EA0064000731
B1344564201062N00044646EA0064000732
B1344574201062N00044647EA0064000732
B1344584201062N00044646EA0064000732
B1344594201061N00044646EA0064000732
B1345004201061N00044646EA0064100733
B1345014201061N00044646EA0064100733
B1345024201062N00044647EA0064100733
B1345034201062N00044647EA0064100731
B1345044201062N00044647EA0064000732
B1345054201061N00044647EA0064000732
B1345064201061N00044647EA0064000733
B1345074201060N00044647EA0064000733
B1345084201061N00044647EA0064000733
B1345094201061N00044646EA0064000732
B1345104201061N00044646EA0064000733
B1345114201060N00044645EA0064000733
B1345124201060N00044645EA0064000734
B1345134201059N00044645EA0064000734
B1345144201059N00044647EA0064000734
B1345154201059N00044646EA0064000733
B1345164201059N00044646EA0064000733
B1345174201058N00044645EA0064000733
B1345184201058N00044645EA0064000735
B1345194201058N00044645EA0064000735
B1345204201059N00044645EA0064000735
B1345214201059N00044645EA0064000734
B1345224201059N00044646EA0064000735
B1345234201059N00044646EA0064000735
B1345244201059N00044646EA0064000735
B1345254201059N00044646EA0064000735
B1345264201058N00044646EA0064000735
B1345274201058N00044646EA0064000735
B1345284201057N00044646EA0064000736
B1345294201057N00044646EA0064000736
B1345304201057N00044645EA0064000736
B1345314201057N00044645EA0064000736
B1345324201057N00044645EA0064000736
B1345334201058N00044645EA0064000735
B1345344201057N00044646EA0064000735
B1345354201057N00044645EA0064000735
B1345364201057N00044645EA0064000737
B1345374201057N00044644EA0064000737
B1345384201056N00044642EA0064000737
B1345394201056N00044642EA0064000739
B1345404201057N00044642EA0064000739
B1345414201057N00044642EA0064000740
B1345424201057N00044642EA0064000740
B1345434201057N00044642EA0064000740
B1345444201057N00044641EA0064000740
B1345454201056N00044641EA0064000742
B1345464201056N00044642EA0064000742
B1345474201056N00044642EA0064000742
B1345484201056N00044641EA0064000742
B1345494201056N00044641EA0064000742
B1345504201055N00044639EA0064000743
B1345514201055N00044640EA0064000744
B1345524201055N00044640EA0064000745
B1345534201054N00044639EA0064000745
B1345544201053N00044638EA0064000747
B1345554201053N00044638EA0064000747
B1345564201053N00044638EA0064000747
B1345574201053N00044638EA0064100747
B1345584201053N00044638EA0064100748
B1345594201052N00044637EA0064100748
B1346004201053N00044637EA0064000749
B1346014201053N00044637EA0064000749
B1346024201054N00044637EA0064000749
B1346034201053N00044637EA0064000748
B1346044201054N00044637EA0064000748
B1346054201054N00044639EA0064000748
B1346064201054N00044640EA0064000745
B1346074201055N00044639EA0064000745
B1346084201055N00044640EA0064000745
B1346094201056N00044640EA0064000744
B1346104201056N00044640EA0064000744
B1346114201056N00044641EA0064000744
B1346124201056N00044641EA0064000743
B1346134201056N00044641EA0064000743
B1346144201056N00044640EA0064000743
B1346154201056N00044641EA0064000743
B1346164201056N00044641EA0064000743
B1346174201057N00044641EA0064000743
B1346184201057N00044641EA0064000743
B1346194201057N00044641EA0064000743
B1346204201057N00044641EA0064000743
B1346214201058N00044641EA0064000743
B1346224201058N00044641EA0064000743
B1346234201058N00044641EA0064000743
B1346244201058N00044641EA0064000742
B1346254201059N00044641EA0064000742
B1346264201059N00044643EA0064000742
B1346274201060N00044643EA0064000741
B1346284201060N00044643EA0064000741
B1346294201062N00044643EA0064000741
B1346304201061N00044643EA0064000741
B1346314201061N00044644EA0064000741
B1346324201061N00044645EA0064000741
B1346334201061N00044645EA0064000739
B1346344201061N00044645EA0064000739
B1346354201060N00044645EA0064000739
B1346364201060N00044645EA0064000739
B1346374201061N00044645EA0064000739
B1346384201059N00044647EA0064000739
B1346394201059N00044647EA0064000738
B1346404201059N00044647EA0064000738
B1346414201059N00044647EA0064000737
B1346424201059N00044647EA0064000737
B1346434201059N00044647EA0064000737
B1346444201058N00044646EA0064000737
B1346454201058N00044646EA0064000738
B1346464201058N00044646EA0064000738
B1346474201057N00044648EA0064000738
B1346484201057N00044648EA0064000736
B1346494201057N00044647EA0064000736
B1346504201056N00044645EA0064000736
B1346514201056N00044645EA0064000738
B1346524201056N00044645EA0064000738
B1346534201058N00044643EA0064000738
B1346544201058N00044642EA0064000739
B1346554201058N00044642EA0064000739
B1346564201058N00044645EA0064000739
B1346574201058N00044645EA0064000738
B1346584201058N00044645EA0064000738
B1346594201061N00044646EA0064000738
B1347004201061N00044646EA0064000736
B1347014201060N00044646EA0064000736
B1347024201058N00044647EA0064000736
B1347034201058N00044647EA0064000737
B1347044201058N00044647EA0064000737
B1347054201059N00044647EA0064000737
B1347064201059N00044647EA0064000735
B1347074201058N00044647EA0064000735
B1347084201056N00044646EA0064000735
B1347094201057N00044646EA0064000737
B1347104201056N00044646EA0064000737
B1347114201057N00044647EA0064000737
B1347124201058N00044646EA0064000735
B1347134201058N00044646EA0064000735
B1347144201059N00044648EA0064000735
B1347154201058N00044648EA0064000733
B1347164201058N00044648EA0064000733
B1347174201060N00044649EA0064000733
B1347184201060N00044649EA0064000731
B1347194201060N00044649EA0064000731
B1347204201062N00044649EA0064000731
B1347214201063N00044650EA0064000731
B1347224201063N00044650EA0064000731
B1347234201063N00044651EA0064000732
B1347244201064N00044651EA0064000733
B1347254201064N00044651EA0064000733
B1347264201063N00044649EA0064000732
B1347274201064N00044649EA0064000734
B1347284201064N00044650EA0064000734
B1347294201064N00044649EA0064000734
B1347304201064N00044649EA0064000735
B1347314201063N00044650EA0064000735
B1347324201065N00044651EA0064000735
B1347334201066N00044651EA0064000734
B1347344201066N00044651EA0064000733
B1347354201065N00044650EA0064000733
B1347364201065N00044650EA0064000735
B1347374201065N00044650EA0064000735
B1347384201067N00044651EA0064000735
B1347394201067N00044651EA0064000733
B1347404201067N00044651EA0064000733
B1347414201066N00044650EA0064000732
B1347424201067N00044650EA0064000733
B1347434201067N00044650EA0064000733
B1347444201068N00044653EA0064000733
B1347454201068N00044654EA0064000729
B1347464201068N00044654EA0064000728
B1347474201067N00044652EA0064000728
B1347484201067N00044652EA0064000730
B1347494201068N00044652EA0064000730
B1347504201068N00044653EA0064000730
B1347514201068N00044653EA0064000728
B1347524201069N00044653EA0064000728
B1347534201069N00044651EA0064000727
B1347544201070N00044651EA0064000729
B1347554201070N00044651EA0064000728
B1347564201070N00044650EA0064000728
B1347574201070N00044649EA0064000730
B1347584201070N00044649EA0064000730
B1347594201071N00044651EA0064000730
B1348004201072N00044651EA0064000727
B1348014201072N00044651EA0064000727
B1348024201070N00044651EA0064000726
B1348034201069N00044651EA0064000727
B1348044201069N00044650EA0064000727
B1348054201070N00044650EA0064000727
B1348064201070N00044650EA0064000726
B1348074201070N00044650EA0064000726
B1348084201069N00044651EA0064000726
B1348094201071N00044650EA0064000724
B1348104201071N00044650EA0064000724
B1348114201070N00044648EA0064000724
B1348124201070N00044648EA0064000726
B1348134201071N00044648EA0064000726
B1348144201073N00044648EA0064000726
B1348154201074N00044648EA0064000726
B1348164201073N00044648EA0064000726
B1348174201072N00044650EA0064000726
B1348184201073N00044650EA0064000725
B1348194201073N00044650EA0064000725
B1348204201071N00044653EA0064000725
B1348214201070N00044653EA0064000723
B1348224201071N00044653EA0064000723
B1348234201071N00044651EA0064000723
B1348244201071N00044651EA0064000725
B1348254201072N00044651EA0064000725
B1348264201071N00044649EA0064000724
B1348274201071N00044649EA0064000726
B1348284201071N00044649EA0064000726
B1348294201072N00044650EA0064000726
B1348304201072N00044650EA0064000723
B1348314201072N00044650EA0064000723
B1348324201069N00044650EA0064000723
B1348334201068N00044649EA0064000725
B1348344201068N00044650EA0064000725
B1348354201067N00044651EA0064000725
B1348364201067N00044651EA0064000724
B1348374201066N00044651EA0064000724
B1348384201064N00044650EA0064000724
B1348394201064N00044650EA0064000726
B1348404201062N00044650EA0064000726
B1348414201060N00044652EA0064000726
B1348424201060N00044652EA0064100725
B1348434201060N00044652EA0064100725
B1348444201060N00044649EA0064100725
B1348454201060N00044649EA0064100727
B1348464201060N00044649EA0064100727
B1348474201061N00044646EA0064100727
B1348484201061N00044646EA0064100729
B1348494201062N00044645EA0064100729
B1348504201062N00044644EA0064100729
B1348514201063N00044643EA0064100729
B1348524201063N00044642EA0064100730
B1348534201064N00044641EA0064100730
B1348544201064N00044641EA0064100730
B1348554201063N00044640EA0064000730
B1348564201064N00044639EA0064000731
B1348574201064N00044639EA0064000732
B1348584201064N00044639EA0064100732
B1348594201064N00044638EA0064100732
B1349004201063N00044638EA0064100733
B1349014201063N00044638EA0064100733
B1349024201064N00044639EA0064100733
B1349034201064N00044638EA0064100732
B1349044201064N00044637EA0064000732
B1349054201065N00044638EA0064000732
B1349064201065N00044638EA0064000730
B1349074201065N00044638EA0064000731
B1349084201066N00044639EA0064000731
B1349094201065N00044639EA0064000728
B1349104201063N00044640EA0064000729
B1349114201062N00044639EA0064000729
B1349124201063N00044639EA0064000730
B1349134201063N00044638EA0064000731
B1349144201064N00044638EA0064000731
B1349154201065N00044637EA0064000730
B1349164201067N00044637EA0064000730
B1349174201065N00044636EA0064000731
B1349184201066N00044635EA0064000732
B1349194201067N00044634EA0064000732
B1349204201068N00044635EA0064000733
B1349214201069N00044634EA0064000732
B1349224201069N00044633EA0064000733
B1349234201069N00044632EA0064000733
B1349244201069N00044632EA0064000734
B1349254201068N00044632EA0064000734
B1349264201069N00044630EA0064000735
B1349274201069N00044629EA0064000737
B1349284201069N00044629EA0064000737
B1349294201070N00044631EA0064000737
B1349304201070N00044631EA0064000735
B1349314201069N00044630EA0064000736
B1349324201068N00044630EA0064000736
B1349334201067N00044630EA0064000737
B1349344201067N00044629EA0064000738
B1349354201068N00044628EA0064000738
B1349364201067N00044628EA0064000739
B1349374201066N00044627EA0064000739
B1349384201065N00044629EA0064000740
B1349394201065N00044629EA0064000740
B1349404201064N00044629EA0064000740
B1349414201064N00044631EA0064000740
B1349424201064N00044631EA0064000738
B1349434201064N00044631EA0064000738
B1349444201064N00044631EA0064000738
B1349454201063N00044631EA0064000737
B1349464201062N00044632EA0064000738
B1349474201063N00044633EA0064000738
B1349484201063N00044633EA0064000736
B1349494201062N00044633EA0064000736
B1349504201063N00044632EA0064000736
B1349514201063N00044632EA0064000737
B1349524201062N00044632EA0064000738
B1349534201062N00044633EA0064000738
B1349544201061N00044633EA0064000737
B1349554201061N00044634EA0064000737
B1349564201061N00044634EA0064000737
B1349574201061N00044634EA0064000737
B1349584201061N00044634EA0064000737
B1349594201060N00044635EA0064000737
B1350004201060N00044635EA0064000736
B1350014201059N00044635EA0064000736
B1350024201058N00044635EA0064000736
B1350034201057N00044635EA0064000737
B1350044201057N00044635EA0064100737
B1350054201056N00044635EA0064100738
B1350064201056N00044635EA0064100736
B1350074201057N00044634EA0064000737
B1350084201055N00044634EA0064000737
B1350094201055N00044634EA0064000738
B1350104201054N00044634EA0064000738
B1350114201054N00044633EA0064000738
B1350124201053N00044632EA0064000739
B1350134201054N00044632EA0064000739
B1350144201055N00044633EA0064000739
B1350154201055N00044632EA0064000738
B1350164201055N00044632EA0064000738
B1350174201056N00044633EA0064000738
B1350184201055N00044633EA0064000738
B1350194201056N00044633EA0064100738
B1350204201055N00044632EA0064100738
B1350214201056N00044632EA0064100739
B1350224201055N00044631EA0064100740
B1350234201053N00044630EA0064100740
B1350244201054N00044631EA0064000742
B1350254201054N00044631EA0064000742
B1350264201054N00044632EA0064000742
B1350274201055N00044631EA0064000742
B1350284201056N00044631EA0064000742
B1350294201056N00044633EA0064000743
B1350304201057N00044633EA0064000741
B1350314201058N00044633EA0064000742
B1350324201059N00044634EA0064000742
B1350334201059N00044633EA0064000741
B1350344201059N00044633EA0064000741
B1350354201060N00044633EA0064000742
B1350364201060N00044633EA0064000741
B1350374201060N00044633EA0064000741
B1350384201061N00044632EA0064000741
B1350394201060N00044632EA0064000743
B1350404201059N00044632EA0064100743
B1350414201059N00044632EA0064100743
B1350424201059N00044632EA0064100742
B1350434201057N00044632EA0064100742
B1350444201057N00044633EA0064100743
B1350454201057N00044633EA0064100742
B1350464201057N00044633EA0064100742
B1350474201055N00044632EA0064100742
B1350484201055N00044632EA0064100744
B1350494201055N00044632EA0064100745
B1350504201056N00044631EA0064100745
B1350514201055N00044631EA0064100747
B1350524201056N00044631EA0064100747
B1350534201055N00044630EA0064000748
B1350544201056N00044630EA0064100749
B1350554201055N00044629EA0064100750
B1350564201056N00044631EA0064100751
B1350574201057N00044630EA0064100750
B1350584201057N00044630EA0064100750
B1350594201057N00044631EA0064100751
B1351004201057N00044631EA0064100750
B1351014201058N00044631EA0064000750
B1351024201058N00044631EA0064000751
B1351034201059N00044630EA0064000752
B1351044201059N00044631EA0064000753
B1351054201058N00044632EA0064000753
B1351064201058N00044632EA0064100753
B1351074201059N00044633EA0064100753
B1351084201058N00044633EA0064100753
B1351094201059N00044632EA0064100753
B1351104201058N00044633EA0064100753
B1351114201058N00044633EA0064100752
B1351124201058N00044633EA0064100753
B1351134201057N00044634EA0064100753
B1351144201058N00044635EA0064100753
B1351154201057N00044635EA0064100752
B1351164201057N00044635EA0064100752
B1351174201058N00044636EA0064100752
B1351184201058N00044636EA0064100751
B1351194201060N00044637EA0064100751
B1351204201059N00044637EA0064100751
B1351214201060N00044637EA0064100752
B1351224201061N00044637EA0064100752
B1351234201062N00044638EA0064100751
B1351244201063N00044638EA0064100751
B1351254201062N00044638EA0064100750
B1351264201063N00044639EA0064100750
B1351274201063N00044639EA0064100748
B1351284201063N00044640EA0064100748
B1351294201062N00044640EA0064100748
B1351304201062N00044641EA0064100747
B1351314201062N00044641EA0064100747
B1351324201062N00044639EA0064100747
B1351334201062N00044639EA0064100747
B1351344201062N00044639EA0064100747
B1351354201062N00044639EA0064100747
B1351364201063N00044638EA0064100748
B1351374201064N00044638EA0064100748
B1351384201064N00044640EA0064100749
B1351394201064N00044639EA0064100748
B1351404201063N00044639EA0064100748
B1351414201062N00044637EA0064100748
B1351424201062N00044636EA0064100751
B1351434201062N00044636EA0064100751
B1351444201061N00044637EA0064100752
B1351454201061N00044637EA0064100752
B1351464201060N00044637EA0064100753
B1351474201059N00044636EA0064100753
B1351484201059N00044636EA0064100755
B1351494201059N00044637EA0064100755
B1351504201058N00044635EA0064100755
B1351514201057N00044635EA0064100757
B1351524201057N00044635EA0064100758
B1351534201056N00044634EA0064100758
B1351544201055N00044635EA0064100759
B1351554201055N00044635EA0064100760
B1351564201056N00044637EA0064100760
B1351574201056N00044637EA0064100758
B1351584201055N00044638EA0064100758
B1351594201055N00044636EA0064100759
B1352004201054N00044636EA0064100759
B1352014201055N00044636EA0064100759
B1352024201054N00044634EA0064100759
B1352034201055N00044635EA0064100760
B1352044201055N00044634EA0064100761
B1352054201053N00044633EA0064100760
B1352064201053N00044633EA0064100762
B1352074201053N00044634EA0064100762
B1352084201054N00044635EA0064100762
B1352094201054N00044635EA0064100761
B1352104201053N00044635EA0064100761
B1352114201053N00044635EA0064100761
B1352124201053N00044635EA0064100762
B1352134201051N00044635EA0064100762
B1352144201052N00044636EA0064100762
B1352154201052N00044636EA0064100761
B1352164201052N00044636EA0064100761
B1352174201051N00044636EA0064100761
B1352184201051N00044635EA0064100762
B1352194201052N00044635EA0064100762
B1352204201052N00044636EA0064100762
B1352214201052N00044636EA0064100763
B1352224201052N00044637EA0064100763
B1352234201052N00044638EA0064100762
B1352244201052N00044638EA0064100762
B1352254201051N00044638EA0064100762
B1352264201050N00044637EA0064100762
B1352274201050N00044637EA0064100762
B1352284201050N00044637EA0064100762
B1352294201050N00044637EA0064100761
B1352304201049N00044637EA0064100762
B1352314201049N00044637EA0064100761
B1352324201049N00044638EA0064100761
B1352334201049N00044639EA0064100761
B1352344201050N00044638EA0064100760
B1352354201049N00044639EA0064100760
B1352364201049N00044639EA0064100760
B1352374201049N00044639EA0064100759
B1352384201052N00044642EA0064100759
B1352394201052N00044642EA0064100756
B1352404201053N00044642EA0064100756
B1352414201055N00044643EA0064100756
B1352424201056N00044643EA0064100754
B1352434201057N00044643EA0064100754
B1352444201056N00044640EA0064100754
B1352454201057N00044639EA0064100755
B1352464201057N00044639EA0064000755
B1352474201057N00044640EA0064100754
B1352484201059N00044639EA0064100754
B1352494201059N00044640EA0064100754
B1352504201056N00044642EA0064100754
B1352514201057N00044641EA0064100754
B1352524201056N00044642EA0064100754
B1352534201056N00044643EA0064100753
B1352544201056N00044643EA0064100752
B1352554201055N00044643EA0064100752
B1352564201055N00044646EA0064100752
B1352574201055N00044646EA0064100749
B1352584201054N00044646EA0064100749
B1352594201054N00044645EA0064100748
B1353004201054N00044645EA0064100749
B1353014201053N00044646EA0064100748
B1353024201054N00044647EA0064100748
B1353034201053N00044648EA0064100746
B1353044201054N00044648EA0064100746
B1353054201053N00044651EA0064100746
B1353064201052N00044651EA0064100744
B1353074201052N00044651EA0064100743
B1353084201053N00044649EA0064100743
B1353094201052N00044650EA0064100742
B1353104201051N00044650EA0064100742
B1353114201051N00044647EA0064100742
B1353124201051N00044647EA0064100744
B1353134201051N00044647EA0064100743
B1353144201051N00044648EA0064100743
B1353154201050N00044648EA0064100741
B1353164201050N00044649EA0064100741
B1353174201051N00044648EA0064100741
B1353184201051N00044649EA0064100741
B1353194201052N00044649EA0064100741
B1353204201052N00044646EA0064100741
B1353214201053N00044645EA0064100743
B1353224201053N00044645EA0064100743
B1353234201052N00044643EA0064100743
B1353244201052N00044643EA0064100744
B1353254201053N00044642EA0064100744
B1353264201053N00044642EA0064100744
B1353274201053N00044641EA0064100744
B1353284201052N00044641EA0064100744
B1353294201050N00044641EA0064100744
B1353304201051N00044641EA0064100742
B1353314201051N00044641EA0064100743
B1353324201051N00044642EA0064100743
B1353334201052N00044642EA0064100742
B1353344201051N00044641EA0064100742
B1353354201051N00044643EA0064100742
B1353364201051N00044643EA0064100740
B1353374201051N00044643EA0064100740
B1353384201051N00044645EA0064100741
B1353394201050N00044646EA0064100739
B1353404201048N00044646EA0064100739
B1353414201048N00044647EA0064100739
B1353424201047N00044648EA0064100740
B1353434201046N00044649EA0064100740
B1353444201047N00044649EA0064100740
B1353454201047N00044649EA0064100741
B1353464201047N00044650EA0064100741
B1353474201047N00044649EA0064100741
B1353484201047N00044649EA0064100742
B1353494201047N00044650EA0064100741
B1353504201046N00044649EA0064100741
B1353514201046N00044650EA0064100742
B1353524201045N00044650EA0064100742
B1353534201045N00044649EA0064100742
B1353544201045N00044649EA0064100743
B1353554201045N00044649EA0064100743
B1353564201043N00044649EA0064100742
B1353574201044N00044648EA0064100743
B1353584201044N00044648EA0064100743
B1353594201044N00044648EA0064100743
B1354004201045N00044648EA0064100742
B1354014201046N00044648EA0064100742
B1354024201045N00044646EA0064100742
B1354034201045N00044646EA0064100744
B1354044201046N00044646EA0064100745
B1354054201046N00044644EA0064100744
B1354064201046N00044645EA0064100745
B1354074201046N00044644EA0064100745
B1354084201045N00044644EA0064100745
B1354094201046N00044644EA0064100746
B1354104201046N00044644EA0064100746
B1354114201046N00044646EA0064100746
B1354124201047N00044645EA0064100745
B1354134201047N00044646EA0064100745
B1354144201049N00044647EA0064100744
B1354154201049N00044647EA0064100743
B1354164201049N00044647EA0064100743
B1354174201048N00044647EA0064100743
B1354184201048N00044648EA0064100743
B1354194201049N00044648EA0064100743
B1354204201049N00044649EA0064100743
B1354214201049N00044648EA0064100742
B1354224201049N00044648EA0064100742
B1354234201048N00044647EA0064100741
B1354244201048N00044647EA0064100743
B1354254201048N00044646EA0064100743
B1354264201046N00044645EA0064100743
B1354274201046N00044644EA0064100743
B1354284201047N00044644EA0064100743
B1354294201048N00044644EA0064100743
B1354304201048N00044644EA0064100742
B1354314201048N00044644EA0064100742
B1354324201047N00044644EA0064100742
B1354334201047N00044643EA0064100742
B1354344201047N00044643EA0064100741
B1354354201048N00044642EA0064100741
B1354364201048N00044642EA0064100741
B1354374201048N00044643EA0064100741
B1354384201048N00044642EA0064100740
B1354394201049N00044642EA0064100741
B1354404201049N00044643EA0064100741
B1354414201050N00044644EA0064100741
B1354424201050N00044645EA0064100738
B1354434201050N00044645EA0064100738
B1354444201050N00044646EA0064100738
B1354454201050N00044646EA0064100737
B1354464201050N00044646EA0064100737
B1354474201049N00044645EA0064100737
B1354484201049N00044645EA0064100738
B1354494201050N00044645EA0064100738
B1354504201051N00044647EA0064100737
B1354514201051N00044647EA0064100735
B1354524201051N00044647EA0064100734
B1354534201051N00044650EA0064100734
B1354544201051N00044650EA0064100731
B1354554201051N00044650EA0064100731
B1354564201053N00044651EA0064100730
B1354574201052N00044651EA0064100729
B1354584201052N00044651EA0064100728
B1354594201051N00044654EA0064100728
B1355004201051N00044653EA0064100726
B1355014201051N00044653EA0064100726
B1355024201051N00044652EA0064100726
B1355034201051N00044651EA0064100726
B1355044201051N00044651EA0064100726
B1355054201053N00044651EA0064100726
B1355064201054N00044651EA0064100725
B1355074201055N00044651EA0064100725
B1355084201057N00044650EA0064100725
B1355094201058N00044650EA0064100724
B1355104201059N00044650EA0064100724
B1355114201060N00044652EA0064100725
B1355124201060N00044651EA0064100723
B1355134201061N00044650EA0064100723
B1355144201062N00044651EA0064100723
B1355154201063N00044651EA0064100722
B1355164201064N00044650EA0064100722
B1355174201063N00044649EA0064100723
B1355184201063N00044647EA0064100724
B1355194201063N00044647EA0064100724
B1355204201063N00044645EA0064100724
B1355214201063N00044645EA0064100726
B1355224201063N00044646EA0064100726
B1355234201062N00044647EA0064100726
B1355244201062N00044647EA0064100725
B1355254201062N00044647EA0064100726
B1355264201061N00044646EA0064100726
B1355274201062N00044646EA0064100727
B1355284201062N00044646EA0064100727
B1355294201063N00044645EA0064100728
B1355304201062N00044645EA0064100727
B1355314201062N00044645EA0064100727
B1355324201061N00044644EA0064100728
B1355334201060N00044644EA0064100729
B1355344201058N00044645EA0064100729
B1355354201058N00044644EA0064100730
B1355364201058N00044644EA0064100731
B1355374201058N00044644EA0064100731
B1355384201058N00044644EA0064100731
B1355394201058N00044643EA0064100732
B1355404201059N00044644EA0064100732
B1355414201059N00044644EA0064100732
B1355424201059N00044644EA0064100733
B1355434201059N00044644EA0064100733
B1355444201059N00044643EA0064100733
B1355454201059N00044644EA0064100733
B1355464201059N00044643EA0064100732
B1355474201059N00044643EA0064100732
B1355484201059N00044643EA0064100732
B1355494201059N00044643EA0064100732
B1355504201059N00044644EA0064100732
B1355514201059N00044644EA0064100732
B1355524201058N00044644EA0064100732
B1355534201057N00044643EA0064100732
B1355544201056N00044642EA0064100733
B1355554201056N00044642EA0064100733
B1355564201055N00044641EA0064100733
B1355574201055N00044641EA0064100733
B1355584201055N00044640EA0064100733
B1355594201057N00044640EA0064100733
B1356004201057N00044640EA0064100732
B1356014201057N00044639EA0064100732
B1356024201056N00044638EA0064100732
B1356034201056N00044638EA0064100733
B1356044201057N00044637EA0064100733
B1356054201056N00044634EA0064100733
B1356064201056N00044633EA0064100734
B1356074201056N00044633EA0064100734
B1356084201055N00044632EA0064100734
B1356094201055N00044632EA0064100734
B1356104201055N00044632EA0064100734
B1356114201054N00044630EA0064100734
B1356124201055N00044629EA0064100736
B1356134201055N00044628EA0064100736
B1356144201056N00044632EA0064100736
B1356154201057N00044632EA0064100734
B1356164201056N00044632EA0064100734
B1356174201058N00044634EA0064100734
B1356184201057N00044633EA0064100731
B1356194201057N00044633EA0064100731
B1356204201056N00044636EA0064100731
B1356214201055N00044636EA0064100733
B1356224201056N00044636EA0064100733
B1356234201057N00044642EA0064100733
B1356244201057N00044642EA0064100731
B1356254201057N00044642EA0064100732
B1356264201057N00044641EA0064100731
B1356274201057N00044640EA0064100731
B1356284201056N00044640EA0064100730
B1356294201056N00044640EA0064100729
B1356304201055N00044640EA0064100729
B1356314201055N00044640EA0064100729
B1356324201057N00044642EA0064100729
B1356334201057N00044643EA0064100726
B1356344201058N00044642EA0064100726
B1356354201059N00044640EA0064100726
B1356364201059N00044640EA0064100727
B1356374201059N00044641EA0064100727
B1356384201059N00044645EA0064100727
B1356394201059N00044645EA0064100724
B1356404201059N00044646EA0064100724
B1356414201058N00044649EA0064100724
B1356424201059N00044649EA0064100723
B1356434201060N00044649EA0064200723
B1356444201062N00044650EA0064200722
B1356454201061N00044651EA0064100720
B1356464201060N00044651EA0064100720
B1356474201059N00044651EA0064100719
B1356484201059N00044652EA0064200720
B1356494201058N00044653EA0064200719
B1356504201060N00044654EA0064200719
B1356514201060N00044655EA0064100716
B1356524201060N00044655EA0064100716
B1356534201058N00044656EA0064100716
B1356544201057N00044656EA0064100717
B1356554201057N00044656EA0064100717
B1356564201057N00044655EA0064100717
B1356574201057N00044656EA0064100718
B1356584201056N00044657EA0064100718
B1356594201055N00044660EA0064100717
B1357004201054N00044660EA0064200716
B1357014201056N00044656EA0064200716
B1357024201058N00044654EA0064100717
B1357034201058N00044654EA0064200718
B1357044201058N00044654EA0064200718
B1357054201058N00044652EA0064200718
B1357064201057N00044652EA0064200720
B1357074201057N00044652EA0064100720
B1357084201058N00044650EA0064100720
B1357094201057N00044651EA0064100720
B1357104201058N00044652EA0064100720
B1357114201057N00044653EA0064200720
B1357124201056N00044654EA0064200719
B1357134201056N00044654EA0064200719
B1357144201060N00044656EA0064200718
B1357154201060N00044656EA0064200716
B1357164201060N00044656EA0064100716
B1357174201059N00044653EA0064100715
B1357184201059N00044654EA0064200717
B1357194201059N00044654EA0064200716
B1357204201061N00044650EA0064100716
B1357214201062N00044651EA0064200717
B1357224201063N00044651EA0064200717
B1357234201063N00044651EA0064200716
B1357244201064N00044652EA0064200716
B1357254201065N00044652EA0064200716
B1357264201068N00044652EA0064200716
B1357274201067N00044653EA0064200714
B1357284201067N00044653EA0064200714
B1357294201067N00044657EA0064100714
B1357304201068N00044657EA0064200711
B1357314201069N00044657EA0064100710
B1357324201069N00044661EA0064100710
B1357334201069N00044661EA0064100707
B1357344201069N00044662EA0064100706
B1357354201068N00044660EA0064100706
B1357364201068N00044660EA0064100708
B1357374201068N00044661EA0064100708
B1357384201069N00044660EA0064100708
B1357394201070N00044661EA0064100707
B1357404201069N00044661EA0064200707
B1357414201069N00044660EA0064100707
B1357424201069N00044661EA0064100707
B1357434201068N00044661EA0064100707
B1357444201069N00044662EA0064100707
B1357454201068N00044663EA0064100705
B1357464201068N00044664EA0064100705
B1357474201069N00044661EA0064100705
B1357484201069N00044661EA0064200707
B1357494201069N00044662EA0064100707
B1357504201069N00044664EA0064100707
B1357514201069N00044665EA0064100705
B1357524201068N00044665EA0064200705
B1357534201069N00044663EA0064200705
B1357544201069N00044663EA0064200705
B1357554201069N00044664EA0064200705
B1357564201068N00044664EA0064200705
B1357574201068N00044664EA0064200705
B1357584201068N00044664EA0064200705
B1357594201067N00044666EA0064200705
B1358004201066N00044667EA0064200704
B1358014201066N00044667EA0064200704
B1358024201067N00044669EA0064200704
B1358034201067N00044670EA0064100701
B1358044201066N00044670EA0064100701
B1358054201067N00044667EA0064100701
B1358064201066N00044668EA0064100702
B1358074201066N00044668EA0064100702
B1358084201066N00044668EA0064100702
B1358094201065N00044669EA0064100701
B1358104201064N00044670EA0064100701
B1358114201063N00044666EA0064100702
B1358124201064N00044666EA0064100704
B1358134201063N00044667EA0064100705
B1358144201062N00044668EA0064100705
B1358154201062N00044668EA0064100704
B1358164201062N00044668EA0064100704
B1358174201060N00044670EA0064100704
B1358184201060N00044670EA0064100703
B1358194201059N00044670EA0064100703
B1358204201059N00044669EA0064100703
B1358214201059N00044669EA0064100704
B1358224201059N00044670EA0064100704
B1358234201060N00044671EA0064100704
B1358244201059N00044671EA0064100703
B1358254201058N00044671EA0064100703
B1358264201059N00044669EA0064100703
B1358274201059N00044670EA0064100705
B1358284201059N00044669EA0064100705
B1358294201058N00044670EA0064100705
B1358304201058N00044670EA0064100705
B1358314201058N00044670EA0064100705
B1358324201058N00044670EA0064100705
B1358334201058N00044670EA0064100705
B1358344201057N00044670EA0064100705
B1358354201057N00044670EA0064100705
B1358364201056N00044670EA0064100706
B1358374201056N00044670EA0064200706
B1358384201055N00044670EA0064100706
B1358394201055N00044670EA0064100707
B1358404201055N00044670EA0064100707
B1358414201053N00044669EA0064100707
B1358424201053N00044669EA0064200709
B1358434201054N00044669EA0064100709
B1358444201054N00044669EA0064100710
B1358454201055N00044669EA0064200709
B1358464201055N00044669EA0064200709
B1358474201056N00044669EA0064200709
B1358484201056N00044668EA0064200709
B1358494201057N00044668EA0064100709
B1358504201058N00044669EA0064100710
B1358514201057N00044669EA0064100709
B1358524201057N00044669EA0064100709
B1358534201057N00044668EA0064100709
B1358544201057N00044668EA0064100711
B1358554201058N00044668EA0064100711
B1358564201057N00044665EA0064100712
B1358574201058N00044665EA0064100714
B1358584201059N00044665EA0064200715
B1358594201060N00044664EA0064200715
LXFM live.flymaster.net version 1.01
LXFM Created 2026-09-05 18:02:56
LXFM flight id 1843779
G9E8B8874C9B98F6787963D828C81058A
