AXFMSFP Flymaster Live, V1.0, S/N 431630
HFFXA010
HFPLTPILOT:21-Albert Sarda
HFGTYGLIDERTYPE:19 Niviuk IP6 Rioja
HFGIDGLIDERID:
HFDTM100GPSDATUM:WGS-1984
HFCIDCOMPETITIONID:41341
HFCCLCOMPETITIONCLASS:
HOSITSITE:unknown-XX
HFGPSRECEIVER:UBLOX,CAM-M8Q,72,50000,GPS,GLO,GAL
HFPRSPRESSALTSENSOR:BOSCH,BMP280,9163
HFRFWFIRMWAREVERSION:202h
HFRHWHARDWAREVERSION:1.0R2
HFFTYFRTYPE:Flymaster,TRACKER
HFDTE240526
B0941354151956N00049101EA0046100617
B0941364151956N00049101EA0046100619
B0941374151957N00049101EA0046100618
B0941384151957N00049101EA0046100619
B0941394151957N00049101EA0046000620
B0941404151957N00049101EA0046000619
B0941414151957N00049101EA0046100619
B0941424151957N00049100EA0046100619
B0941434151957N00049100EA0046100619
B0941444151957N00049100EA0046100619
B0941454151957N00049100EA0046100620
B0941464151957N00049100EA0046100620
B0941474151957N00049099EA0046100620
B0941484151958N00049099EA0046200621
B0941494151958N00049099EA0046100621
B0941504151957N00049098EA0046000620
B0941514151957N00049098EA0046000622
B0941524151957N00049098EA0046100622
B0941534151957N00049098EA0046000623
B0941544151957N00049098EA0046100624
B0941554151957N00049098EA0046100624
B0941564151957N00049098EA0046000624
B0941574151957N00049098EA0046100625
B0941584151957N00049098EA0046100625
B0941594151957N00049098EA0046100625
B0942004151957N00049098EA0046100626
B0942014151957N00049098EA0046000626
B0942024151957N00049098EA0046000627
B0942034151957N00049098EA0046100627
B0942044151957N00049098EA0046100628
B0942054151956N00049097EA0046100628
B0942064151956N00049097EA0046000628
B0942074151956N00049097EA0046100629
B0942084151956N00049097EA0046100629
B0942094151956N00049097EA0046100629
B0942104151956N00049097EA0046100629
B0942114151956N00049097EA0046100629
B0942124151956N00049097EA0046100629
B0942134151956N00049097EA0046100630
B0942144151956N00049097EA0046100630
B0942154151956N00049097EA0046100630
B0942164151956N00049097EA0046100630
B0942174151956N00049097EA0046100630
B0942184151956N00049097EA0046100630
B0942194151956N00049097EA0046100630
B0942204151956N00049097EA0046100630
B0942214151956N00049097EA0046100630
B0942224151956N00049096EA0046200630
B0942234151956N00049097EA0046200630
B0942244151956N00049097EA0046100629
B0942254151956N00049097EA0046200629
B0942264151956N00049097EA0046100629
B0942274151956N00049097EA0046100629
B0942284151956N00049097EA0046100630
B0942294151956N00049097EA0046200630
B0942304151956N00049097EA0046200630
B0942314151956N00049096EA0046200630
B0942324151956N00049096EA0046100630
B0942334151956N00049096EA0046100630
B0942344151956N00049096EA0046200630
B0942354151955N00049096EA0046100630
B0942364151955N00049096EA0046100630
B0942374151955N00049096EA0046100630
B0942384151955N00049096EA0046100630
B0942394151955N00049096EA0046100630
B0942404151955N00049096EA0046100630
B0942414151955N00049096EA0046100630
B0942424151955N00049097EA0046100630
B0942434151955N00049097EA0046000630
B0942444151955N00049097EA0046100630
B0942454151955N00049097EA0046100630
B0942464151955N00049098EA0046100630
B0942474151955N00049098EA0046100630
B0942484151955N00049098EA0046100630
B0942494151955N00049098EA0046000630
B0942504151956N00049098EA0046100630
B0942514151955N00049098EA0046100630
B0942524151956N00049098EA0046100630
B0942534151955N00049098EA0046100630
B0942544151955N00049098EA0046100630
B0942554151955N00049098EA0046100630
B0942564151955N00049098EA0046100630
B0942574151955N00049098EA0046100630
B0942584151955N00049097EA0046100630
B0942594151955N00049097EA0046100630
B0943004151955N00049097EA0046100630
B0943014151955N00049097EA0046100630
B0943024151956N00049098EA0046100630
B0943034151956N00049098EA0046100630
B0943044151956N00049098EA0046000629
B0943054151956N00049098EA0046100629
B0943064151956N00049098EA0046100629
B0943074151956N00049098EA0046100629
B0943084151956N00049098EA0046100628
B0943094151956N00049098EA0046000629
B0943104151956N00049098EA0046000629
B0943114151956N00049098EA0046100629
B0943124151956N00049098EA0046200628
B0943134151956N00049098EA0046200629
B0943144151956N00049098EA0046100629
B0943154151956N00049097EA0046100629
B0943164151955N00049098EA0046100629
B0943174151955N00049098EA0046000629
B0943184151955N00049098EA0046100629
B0943194151955N00049098EA0046100629
B0943204151955N00049098EA0046100629
B0943214151955N00049098EA0046100629
B0943224151955N00049098EA0046000629
B0943234151955N00049098EA0046000629
B0943244151955N00049098EA0046100629
B0943254151955N00049098EA0046100630
B0943264151955N00049097EA0046100630
B0943274151955N00049097EA0046100630
B0943284151955N00049097EA0046100630
B0943294151955N00049097EA0046100630
B0943304151955N00049097EA0046000630
B0943314151955N00049097EA0046100630
B0943324151955N00049098EA0046200630
B0943334151955N00049098EA0046100630
B0943344151955N00049098EA0046200629
B0943354151955N00049098EA0046100629
B0943364151955N00049098EA0046200629
B0943374151955N00049098EA0046200629
B0943384151955N00049098EA0046100629
B0943394151955N00049098EA0046100629
B0943404151955N00049098EA0046200629
B0943414151955N00049098EA0046100629
B0943424151955N00049098EA0046100629
B0943434151955N00049098EA0046100629
B0943444151956N00049099EA0046100628
B0943454151956N00049099EA0046100628
B0943464151956N00049099EA0046100628
B0943474151955N00049098EA0046000628
B0943484151956N00049099EA0046000628
B0943494151956N00049099EA0046000628
B0943504151956N00049099EA0046000628
B0943514151956N00049099EA0046100629
B0943524151956N00049099EA0046100629
B0943534151957N00049099EA0046000628
B0943544151957N00049099EA0046000628
B0943554151957N00049099EA0046000628
B0943564151957N00049099EA0046100628
B0943574151957N00049099EA0046000627
B0943584151957N00049099EA0046100628
B0943594151957N00049099EA0046000627
B0944004151957N00049099EA0046000628
B0944014151957N00049099EA0046100627
B0944024151957N00049099EA0046100628
B0944034151957N00049099EA0046100628
B0944044151957N00049099EA0046100628
B0944054151957N00049099EA0046100628
B0944064151957N00049100EA0046000628
B0944074151957N00049100EA0046000627
B0944084151957N00049100EA0046000627
B0944094151957N00049100EA0046100627
B0944104151956N00049100EA0046100627
B0944114151956N00049100EA0046000627
B0944124151956N00049101EA0046000627
B0944134151956N00049101EA0046100627
B0944144151956N00049101EA0046100627
B0944154151956N00049101EA0046100626
B0944164151957N00049101EA0046100625
B0944174151956N00049101EA0046100625
B0944184151956N00049102EA0046100625
B0944194151956N00049102EA0046000624
B0944204151956N00049102EA0046000624
B0944214151956N00049102EA0046100624
B0944224151956N00049102EA0046100624
B0944234151955N00049102EA0046100624
B0944244151955N00049102EA0046000624
B0944254151955N00049103EA0045900624
B0944264151955N00049103EA0045900624
B0944274151955N00049104EA0046000623
B0944284151955N00049105EA0045900622
B0944294151954N00049105EA0046000622
B0944304151954N00049105EA0046000622
B0944314151954N00049105EA0046000622
B0944324151954N00049106EA0046000622
B0944334151953N00049106EA0046000621
B0944344151953N00049107EA0046000621
B0944354151953N00049107EA0046000621
B0944364151953N00049108EA0046000621
B0944374151953N00049108EA0046000621
B0944384151953N00049108EA0046000621
B0944394151953N00049109EA0046000621
B0944404151953N00049109EA0045900621
B0944414151952N00049109EA0045900620
B0944424151953N00049110EA0045900621
B0944434151952N00049110EA0046000620
B0944444151952N00049111EA0045900620
B0944454151952N00049111EA0045900620
B0944464151952N00049112EA0045900621
B0944474151952N00049112EA0046000621
B0944484151952N00049112EA0046000621
B0944494151952N00049112EA0045900621
B0944504151952N00049112EA0045900621
B0944514151952N00049111EA0046000621
B0944524151952N00049111EA0046000621
B0944534151952N00049111EA0045900621
B0944544151952N00049111EA0046000621
B0944554151952N00049111EA0045900621
B0944564151952N00049111EA0046000621
B0944574151952N00049111EA0046000621
B0944584151952N00049112EA0045900622
B0944594151951N00049112EA0046000622
B0945004151951N00049111EA0046000622
B0945014151951N00049111EA0046000622
B0945024151951N00049110EA0045900623
B0945034151951N00049110EA0045900623
B0945044151951N00049110EA0045900622
B0945054151951N00049110EA0046000622
B0945064151951N00049110EA0046000623
B0945074151951N00049110EA0046000623
B0945084151951N00049110EA0046000623
B0945094151951N00049110EA0046000623
B0945104151951N00049110EA0046000622
B0945114151951N00049111EA0046000622
B0945124151952N00049111EA0045900621
B0945134151952N00049112EA0046000620
B0945144151953N00049112EA0046000620
B0945154151953N00049112EA0046000620
B0945164151954N00049113EA0046000619
B0945174151954N00049113EA0046000618
B0945184151955N00049113EA0046000617
B0945194151955N00049113EA0046000617
B0945204151954N00049113EA0046000617
B0945214151953N00049112EA0046000617
B0945224151953N00049112EA0046000618
B0945234151953N00049112EA0046000619
B0945244151953N00049112EA0046000619
B0945254151953N00049112EA0046000619
B0945264151953N00049112EA0046000619
B0945274151954N00049113EA0046000619
B0945284151954N00049113EA0046000618
B0945294151954N00049113EA0046000618
B0945304151954N00049113EA0046000618
B0945314151954N00049113EA0046000618
B0945324151954N00049113EA0046000618
B0945334151954N00049114EA0046000618
B0945344151955N00049114EA0046000617
B0945354151955N00049114EA0046000617
B0945364151955N00049114EA0046000616
B0945374151955N00049114EA0045900617
B0945384151955N00049114EA0046000616
B0945394151954N00049113EA0046000615
B0945404151954N00049113EA0046000617
B0945414151953N00049113EA0046100618
B0945424151953N00049112EA0046100620
B0945434151953N00049112EA0046000621
B0945444151953N00049112EA0046000621
B0945454151953N00049112EA0046000622
B0945464151952N00049112EA0045900622
B0945474151952N00049112EA0046000622
B0945484151952N00049112EA0046000623
B0945494151952N00049112EA0046000623
B0945504151951N00049112EA0046000623
B0945514151951N00049112EA0045900623
B0945524151951N00049111EA0046000622
B0945534151951N00049111EA0046000622
B0945544151951N00049111EA0046000621
B0945554151950N00049111EA0046000621
B0945564151950N00049111EA0046000620
B0945574151950N00049111EA0046000621
B0945584151950N00049111EA0046000621
B0945594151950N00049111EA0046000621
B0946004151950N00049111EA0046000621
B0946014151950N00049111EA0046000620
B0946024151949N00049111EA0046000620
B0946034151949N00049110EA0046000620
B0946044151949N00049111EA0045900619
B0946054151949N00049111EA0045900620
B0946064151949N00049111EA0045900620
B0946074151949N00049111EA0046000620
B0946084151949N00049111EA0046000619
B0946094151949N00049111EA0045900618
B0946104151949N00049111EA0045900618
B0946114151949N00049111EA0045900618
B0946124151949N00049111EA0045900618
B0946134151949N00049111EA0045800618
B0946144151949N00049111EA0045900618
B0946154151949N00049111EA0045800618
B0946164151949N00049111EA0045900618
B0946174151949N00049111EA0045900618
B0946184151949N00049111EA0045900618
B0946194151949N00049111EA0045900618
B0946204151949N00049111EA0045900618
B0946214151948N00049111EA0045900618
B0946224151948N00049111EA0045900618
B0946234151948N00049111EA0045900618
B0946244151948N00049111EA0046000618
B0946254151948N00049111EA0045900618
B0946264151948N00049112EA0045900618
B0946274151948N00049112EA0045900618
B0946284151948N00049112EA0045900618
B0946294151948N00049112EA0045900619
B0946304151948N00049113EA0045900619
B0946314151948N00049113EA0045900619
B0946324151948N00049112EA0045900619
B0946334151948N00049112EA0045900619
B0946344151948N00049112EA0046000618
B0946354151948N00049112EA0045900618
B0946364151948N00049112EA0045800618
B0946374151948N00049112EA0045900617
B0946384151949N00049113EA0045900617
B0946394151949N00049112EA0046000617
B0946404151949N00049111EA0046000617
B0946414151950N00049111EA0045900614
B0946424151950N00049111EA0045900614
B0946434151950N00049112EA0045900615
B0946444151950N00049112EA0045900615
B0946454151950N00049112EA0046000615
B0946464151951N00049112EA0045900615
B0946474151951N00049112EA0045900615
B0946484151951N00049112EA0045900615
B0946494151951N00049112EA0045900615
B0946504151951N00049112EA0045900615
B0946514151951N00049111EA0045900615
B0946524151951N00049112EA0045900615
B0946534151951N00049112EA0046000615
B0946544151951N00049112EA0045900615
B0946554151951N00049112EA0045900615
B0946564151951N00049112EA0045900615
B0946574151951N00049112EA0045900615
B0946584151952N00049112EA0045900615
B0946594151952N00049112EA0045900615
B0947004151951N00049112EA0045900615
B0947014151951N00049112EA0045900615
B0947024151951N00049112EA0046000615
B0947034151952N00049112EA0046000615
B0947044151952N00049112EA0045900614
B0947054151952N00049112EA0045900614
B0947064151952N00049112EA0045900614
B0947074151952N00049112EA0045900614
B0947084151952N00049112EA0045900614
B0947094151952N00049112EA0046000614
B0947104151952N00049112EA0045900614
B0947114151952N00049112EA0045900615
B0947124151952N00049112EA0046000614
B0947134151952N00049112EA0045900615
B0947144151952N00049112EA0045900615
B0947154151952N00049113EA0046000615
B0947164151952N00049113EA0046000615
B0947174151952N00049113EA0045900615
B0947184151952N00049113EA0045800615
B0947194151952N00049113EA0045900614
B0947204151952N00049113EA0046000614
B0947214151952N00049113EA0046000614
B0947224151952N00049113EA0045900614
B0947234151952N00049113EA0045900614
B0947244151952N00049113EA0045900614
B0947254151952N00049113EA0046000614
B0947264151952N00049113EA0046000614
B0947274151952N00049113EA0045900614
B0947284151952N00049113EA0045900614
B0947294151952N00049113EA0045900614
B0947304151952N00049113EA0045900614
B0947314151952N00049113EA0045900614
B0947324151952N00049113EA0045900613
B0947334151952N00049113EA0045900613
B0947344151952N00049113EA0045900613
B0947354151952N00049113EA0046000613
B0947364151952N00049113EA0046000613
B0947374151952N00049113EA0046000612
B0947384151952N00049113EA0046000612
B0947394151953N00049113EA0045900612
B0947404151953N00049113EA0045900612
B0947414151953N00049113EA0045900611
B0947424151953N00049113EA0045900611
B0947434151953N00049113EA0045900611
B0947444151953N00049114EA0045900611
B0947454151953N00049114EA0045900611
B0947464151953N00049114EA0045800611
B0947474151953N00049114EA0045900611
B0947484151953N00049114EA0045900611
B0947494151953N00049114EA0045900611
B0947504151953N00049114EA0045900611
B0947514151953N00049114EA0045900611
B0947524151953N00049114EA0045900611
B0947534151953N00049114EA0045900611
B0947544151953N00049114EA0045900611
B0947554151953N00049114EA0045900611
B0947564151953N00049114EA0045900611
B0947574151953N00049114EA0045900611
B0947584151953N00049114EA0045800610
B0947594151953N00049114EA0045900611
B0948004151953N00049114EA0045900611
B0948014151953N00049114EA0045900611
B0948024151953N00049114EA0045900611
B0948034151953N00049114EA0045900611
B0948044151953N00049114EA0045900611
B0948054151953N00049114EA0045900610
B0948064151953N00049114EA0045900610
B0948074151953N00049114EA0045900610
B0948084151954N00049114EA0045900610
B0948094151954N00049114EA0045900610
B0948104151954N00049113EA0045900610
B0948114151954N00049113EA0046000610
B0948124151954N00049114EA0046000610
B0948134151954N00049113EA0045900611
B0948144151954N00049113EA0046000610
B0948154151954N00049113EA0045900610
B0948164151954N00049113EA0046000610
B0948174151954N00049112EA0045900610
B0948184151955N00049112EA0046000609
B0948194151955N00049112EA0046000609
B0948204151955N00049112EA0046000609
B0948214151955N00049112EA0046000608
B0948224151955N00049112EA0045900608
B0948234151954N00049112EA0045900608
B0948244151954N00049111EA0045900608
B0948254151954N00049111EA0045900609
B0948264151954N00049111EA0046000609
B0948274151954N00049111EA0046000609
B0948284151954N00049111EA0046000609
B0948294151954N00049111EA0045900609
B0948304151954N00049111EA0046000609
B0948314151954N00049111EA0045900609
B0948324151954N00049111EA0045900609
B0948334151953N00049111EA0046000609
B0948344151952N00049110EA0045900610
B0948354151952N00049110EA0045900612
B0948364151952N00049110EA0046000612
B0948374151952N00049110EA0046000612
B0948384151952N00049110EA0045900613
B0948394151952N00049110EA0045900613
B0948404151952N00049109EA0045900614
B0948414151952N00049109EA0045900614
B0948424151952N00049109EA0045900615
B0948434151952N00049109EA0046000615
B0948444151952N00049109EA0045900615
B0948454151952N00049109EA0046000615
B0948464151952N00049109EA0045900615
B0948474151952N00049109EA0045900615
B0948484151952N00049109EA0045900615
B0948494151952N00049109EA0045900615
B0948504151952N00049109EA0045900615
B0948514151952N00049109EA0045900615
B0948524151951N00049109EA0046000616
B0948534151951N00049109EA0045900616
B0948544151951N00049109EA0045900616
B0948554151951N00049109EA0045900616
B0948564151951N00049109EA0045900617
B0948574151951N00049109EA0045900618
B0948584151951N00049109EA0045900618
B0948594151951N00049109EA0045900618
B0949004151951N00049109EA0045900618
B0949014151951N00049109EA0045900618
B0949024151951N00049109EA0045900618
B0949034151951N00049109EA0046000618
B0949044151951N00049109EA0045900618
B0949054151950N00049109EA0045900618
B0949064151950N00049109EA0045900618
B0949074151950N00049109EA0045900619
B0949084151950N00049109EA0045900619
B0949094151950N00049109EA0045900619
B0949104151950N00049109EA0045900619
B0949114151950N00049109EA0045900619
B0949124151950N00049110EA0045900619
B0949134151950N00049110EA0045900618
B0949144151951N00049110EA0045900618
B0949154151951N00049110EA0045900617
B0949164151951N00049110EA0045800616
B0949174151951N00049110EA0045800616
B0949184151951N00049111EA0045900616
B0949194151951N00049110EA0045900616
B0949204151951N00049111EA0046000616
B0949214151951N00049110EA0046000617
B0949224151951N00049110EA0045900617
B0949234151951N00049110EA0045900617
B0949244151951N00049110EA0045900617
B0949254151951N00049111EA0045900617
B0949264151951N00049111EA0045900618
B0949274151951N00049111EA0045800618
B0949284151951N00049111EA0045900618
B0949294151951N00049111EA0045900618
B0949304151951N00049111EA0045900618
B0949314151951N00049111EA0045900618
B0949324151951N00049111EA0045900618
B0949334151951N00049111EA0046000618
B0949344151951N00049111EA0045900618
B0949354151950N00049111EA0045900618
B0949364151950N00049111EA0045900618
B0949374151950N00049111EA0046000619
B0949384151950N00049111EA0045900618
B0949394151950N00049111EA0045900618
B0949404151950N00049111EA0045900619
B0949414151950N00049111EA0045900619
B0949424151950N00049111EA0045900619
B0949434151950N00049111EA0045900619
B0949444151951N00049111EA0045900618
B0949454151951N00049111EA0045900618
B0949464151951N00049111EA0045900618
B0949474151951N00049110EA0046000618
B0949484151951N00049110EA0046000617
B0949494151951N00049110EA0046000617
B0949504151951N00049110EA0046000617
B0949514151951N00049109EA0045900617
B0949524151951N00049110EA0046000617
B0949534151951N00049110EA0046000618
B0949544151951N00049109EA0046000618
B0949554151951N00049109EA0046000619
B0949564151951N00049109EA0045900619
B0949574151951N00049109EA0045900619
B0949584151950N00049109EA0045900619
B0949594151950N00049110EA0045900619
B0950004151950N00049110EA0045800619
B0950014151950N00049110EA0046000619
B0950024151950N00049111EA0045900620
B0950034151950N00049111EA0045900619
B0950044151950N00049111EA0045900618
B0950054151950N00049111EA0045900618
B0950064151950N00049112EA0045900618
B0950074151950N00049112EA0046000618
B0950084151950N00049112EA0045900619
B0950094151950N00049112EA0045900619
B0950104151949N00049112EA0045900619
B0950114151949N00049112EA0045800620
B0950124151949N00049112EA0046000620
B0950134151949N00049112EA0045900620
B0950144151949N00049112EA0045900620
B0950154151950N00049112EA0045900620
B0950164151950N00049113EA0045900620
B0950174151950N00049112EA0045900620
B0950184151951N00049113EA0045900619
B0950194151951N00049113EA0046000620
B0950204151951N00049112EA0045900620
B0950214151951N00049112EA0045900620
B0950224151951N00049112EA0045900620
B0950234151951N00049112EA0046000620
B0950244151951N00049112EA0045900620
B0950254151951N00049112EA0046000619
B0950264151951N00049112EA0045900618
B0950274151951N00049112EA0045900617
B0950284151951N00049112EA0046000617
B0950294151952N00049112EA0045900617
B0950304151952N00049112EA0045900616
B0950314151952N00049113EA0045900616
B0950324151952N00049113EA0045900616
B0950334151952N00049113EA0045900616
B0950344151952N00049113EA0045900616
B0950354151952N00049113EA0045900616
B0950364151952N00049113EA0045900616
B0950374151952N00049112EA0045900616
B0950384151952N00049112EA0045900616
B0950394151952N00049112EA0046000616
B0950404151952N00049112EA0045900616
B0950414151952N00049112EA0046000616
B0950424151952N00049112EA0046000616
B0950434151951N00049112EA0046000616
B0950444151951N00049112EA0046000616
B0950454151951N00049112EA0046000616
B0950464151951N00049112EA0046000616
B0950474151951N00049112EA0046000616
B0950484151951N00049112EA0045900615
B0950494151951N00049112EA0046000614
B0950504151951N00049112EA0045900614
B0950514151951N00049112EA0045900613
B0950524151951N00049112EA0045900613
B0950534151951N00049112EA0046000613
B0950544151951N00049112EA0046000613
B0950554151951N00049112EA0045900613
B0950564151951N00049112EA0045900613
B0950574151951N00049112EA0046000614
B0950584151951N00049112EA0045900614
B0950594151951N00049112EA0046000614
B0951004151951N00049112EA0045900614
B0951014151951N00049113EA0046000614
B0951024151951N00049113EA0045900614
B0951034151951N00049113EA0045900614
B0951044151950N00049113EA0046000614
B0951054151950N00049113EA0046000614
B0951064151950N00049113EA0046000614
B0951074151950N00049113EA0046000615
B0951084151950N00049113EA0045900615
B0951094151950N00049113EA0046000615
B0951104151950N00049113EA0046000615
B0951114151950N00049113EA0046000614
B0951124151950N00049112EA0046000614
B0951134151950N00049112EA0046000614
B0951144151950N00049112EA0046000615
B0951154151950N00049112EA0045900615
B0951164151949N00049112EA0046000614
B0951174151949N00049112EA0045900615
B0951184151949N00049112EA0046000615
B0951194151949N00049112EA0046000615
B0951204151949N00049112EA0046000615
B0951214151949N00049112EA0045900615
B0951224151949N00049112EA0046000615
B0951234151949N00049112EA0045900615
B0951244151949N00049112EA0046000615
B0951254151949N00049112EA0045900615
B0951264151949N00049113EA0046000615
B0951274151949N00049113EA0046000616
B0951284151949N00049113EA0046000616
B0951294151949N00049113EA0045900616
B0951304151949N00049113EA0046000616
B0951314151949N00049113EA0046000616
B0951324151949N00049113EA0046000617
B0951334151949N00049114EA0046100617
B0951344151949N00049114EA0046000617
B0951354151949N00049114EA0046100618
B0951364151949N00049114EA0046000618
B0951374151949N00049114EA0046000618
B0951384151949N00049113EA0046100618
B0951394151949N00049113EA0046100618
B0951404151949N00049113EA0046000617
B0951414151948N00049113EA0046100617
B0951424151948N00049113EA0046100617
B0951434151948N00049113EA0046100617
B0951444151948N00049113EA0046000617
B0951454151948N00049113EA0045900617
B0951464151949N00049113EA0046100617
B0951474151949N00049113EA0046100617
B0951484151949N00049112EA0046100617
B0951494151949N00049112EA0046000617
B0951504151948N00049112EA0046000617
B0951514151948N00049112EA0046000617
B0951524151948N00049112EA0046000617
B0951534151948N00049112EA0046000618
B0951544151948N00049111EA0046000618
B0951554151948N00049111EA0045900618
B0951564151948N00049111EA0045900618
B0951574151948N00049111EA0046000618
B0951584151948N00049111EA0046100619
B0951594151948N00049111EA0046000619
B0952004151948N00049111EA0045900619
B0952014151948N00049111EA0045900619
B0952024151948N00049111EA0046100619
B0952034151948N00049111EA0045900620
B0952044151948N00049110EA0045900620
B0952054151948N00049110EA0046100620
B0952064151948N00049110EA0046000620
B0952074151948N00049110EA0046000619
B0952084151949N00049110EA0046000620
B0952094151948N00049110EA0046000619
B0952104151948N00049110EA0046100619
B0952114151949N00049110EA0046000619
B0952124151949N00049110EA0045900619
B0952134151949N00049110EA0046000619
B0952144151949N00049110EA0046000619
B0952154151949N00049110EA0045900619
B0952164151949N00049110EA0046000619
B0952174151949N00049110EA0046000618
B0952184151949N00049110EA0046100618
B0952194151949N00049110EA0046100618
B0952204151950N00049109EA0046100618
B0952214151950N00049109EA0046000619
B0952224151950N00049108EA0046100619
B0952234151950N00049108EA0046100619
B0952244151950N00049108EA0046100619
B0952254151950N00049107EA0046100619
B0952264151950N00049107EA0046100619
B0952274151950N00049107EA0046100619
B0952284151950N00049107EA0046100619
B0952294151950N00049107EA0046100619
B0952304151950N00049107EA0046100619
B0952314151950N00049106EA0046100619
B0952324151950N00049106EA0046100619
B0952334151950N00049106EA0046100619
B0952344151950N00049106EA0046100619
B0952354151951N00049106EA0046200619
B0952364151951N00049106EA0046100619
B0952374151951N00049105EA0046100619
B0952384151951N00049105EA0046100619
B0952394151952N00049105EA0046100620
B0952404151952N00049104EA0046100620
B0952414151952N00049104EA0046100620
B0952424151953N00049104EA0046100620
B0952434151953N00049103EA0046100620
B0952444151953N00049103EA0046100620
B0952454151954N00049103EA0046200620
B0952464151954N00049103EA0046100621
B0952474151954N00049103EA0046100621
B0952484151955N00049103EA0046200621
B0952494151955N00049102EA0046100621
B0952504151956N00049102EA0046100620
B0952514151956N00049102EA0046000620
B0952524151955N00049103EA0046100621
B0952534151956N00049103EA0046100621
B0952544151956N00049103EA0046100620
B0952554151956N00049103EA0046000620
B0952564151956N00049103EA0046000620
B0952574151956N00049103EA0046000620
B0952584151957N00049103EA0046100620
B0952594151957N00049103EA0046100620
B0953004151957N00049102EA0046100621
B0953014151957N00049102EA0046100621
B0953024151957N00049102EA0046100622
B0953034151958N00049102EA0046100622
B0953044151958N00049102EA0046100621
B0953054151958N00049102EA0046100621
B0953064151958N00049102EA0046100621
B0953074151958N00049102EA0046100621
B0953084151958N00049102EA0046100621
B0953094151958N00049102EA0046100621
B0953104151958N00049102EA0046100621
B0953114151958N00049102EA0046000621
B0953124151958N00049102EA0046100621
B0953134151958N00049102EA0046100621
B0953144151958N00049102EA0046100622
B0953154151958N00049102EA0046100622
B0953164151958N00049102EA0046000622
B0953174151958N00049102EA0046000622
B0953184151958N00049102EA0045900622
B0953194151958N00049103EA0046000622
B0953204151958N00049103EA0046000621
B0953214151958N00049103EA0046000620
B0953224151958N00049103EA0046100620
B0953234151958N00049103EA0046100620
B0953244151958N00049104EA0046100620
B0953254151958N00049104EA0046100620
B0953264151958N00049104EA0046100620
B0953274151958N00049104EA0046100620
B0953284151958N00049104EA0046100619
B0953294151957N00049105EA0046100619
B0953304151958N00049105EA0046100619
B0953314151957N00049104EA0046200619
B0953324151957N00049104EA0046100620
B0953334151957N00049104EA0046100618
B0953344151957N00049104EA0046100619
B0953354151957N00049104EA0046100619
B0953364151957N00049103EA0046100619
B0953374151957N00049103EA0046000619
B0953384151957N00049103EA0046100620
B0953394151957N00049102EA0046100620
B0953404151957N00049102EA0046100619
B0953414151957N00049102EA0046100620
B0953424151957N00049103EA0046100620
B0953434151958N00049103EA0046100620
B0953444151958N00049103EA0046100620
B0953454151958N00049103EA0046000621
B0953464151958N00049103EA0046100620
B0953474151958N00049103EA0046100621
B0953484151958N00049104EA0046000621
B0953494151958N00049104EA0046100621
B0953504151958N00049104EA0046100621
B0953514151959N00049104EA0046100621
B0953524151959N00049104EA0046000620
B0953534151958N00049105EA0046100620
B0953544151959N00049105EA0046100619
B0953554151959N00049105EA0046100619
B0953564151959N00049105EA0046100619
B0953574151959N00049105EA0046100618
B0953584151959N00049105EA0046000617
B0953594151959N00049105EA0046100616
B0954004151959N00049105EA0046100616
B0954014151959N00049105EA0046100617
B0954024151959N00049105EA0046100616
B0954034151959N00049105EA0046100616
B0954044151959N00049105EA0046100616
B0954054151959N00049105EA0046100616
B0954064151959N00049105EA0046100616
B0954074151959N00049105EA0046100616
B0954084151959N00049105EA0046100617
B0954094151959N00049105EA0046100617
B0954104151959N00049105EA0046100617
B0954114151959N00049105EA0046100617
B0954124151959N00049105EA0046100617
B0954134151959N00049104EA0046100617
B0954144151958N00049104EA0046000618
B0954154151958N00049103EA0046000618
B0954164151958N00049103EA0046100618
B0954174151958N00049103EA0046100618
B0954184151958N00049103EA0046100617
B0954194151957N00049103EA0046000617
B0954204151957N00049102EA0046000618
B0954214151957N00049102EA0046000618
B0954224151956N00049102EA0046000618
B0954234151956N00049102EA0046000618
B0954244151956N00049102EA0046000619
B0954254151956N00049102EA0046000619
B0954264151956N00049102EA0046000619
B0954274151956N00049102EA0046000618
B0954284151956N00049102EA0046100618
B0954294151956N00049102EA0046100619
B0954304151956N00049103EA0046100619
B0954314151956N00049103EA0046100619
B0954324151956N00049103EA0046100619
B0954334151956N00049103EA0046100620
B0954344151956N00049103EA0046100619
B0954354151956N00049103EA0046100619
B0954364151957N00049103EA0046100620
B0954374151957N00049103EA0046100620
B0954384151957N00049103EA0046000620
B0954394151957N00049103EA0046000621
B0954404151957N00049103EA0046100622
B0954414151957N00049103EA0046000622
B0954424151957N00049103EA0046100623
B0954434151956N00049103EA0046100623
B0954444151956N00049103EA0046000624
B0954454151956N00049103EA0046000625
B0954464151955N00049103EA0046000626
B0954474151955N00049103EA0046000626
B0954484151955N00049103EA0046100626
B0954494151955N00049103EA0046100627
B0954504151955N00049103EA0046100627
B0954514151955N00049103EA0046100627
B0954524151955N00049103EA0046100626
B0954534151955N00049103EA0046100626
B0954544151955N00049103EA0046100626
B0954554151955N00049103EA0046100626
B0954564151955N00049103EA0046100626
B0954574151955N00049103EA0046100626
B0954584151955N00049103EA0046100627
B0954594151955N00049103EA0046100627
B0955004151955N00049103EA0046100627
B0955014151955N00049104EA0046100627
B0955024151955N00049104EA0046000627
B0955034151955N00049104EA0046100627
B0955044151955N00049104EA0046100627
B0955054151956N00049104EA0046100627
B0955064151956N00049104EA0046100627
B0955074151956N00049104EA0046100626
B0955084151956N00049104EA0046000626
B0955094151956N00049104EA0046100626
B0955104151956N00049104EA0046100625
B0955114151956N00049104EA0046100625
B0955124151956N00049104EA0046100625
B0955134151956N00049104EA0046100625
B0955144151956N00049104EA0046100625
B0955154151956N00049105EA0046200625
B0955164151956N00049105EA0046100624
B0955174151956N00049105EA0046200624
B0955184151956N00049105EA0046200623
B0955194151956N00049105EA0046100623
B0955204151956N00049105EA0046100622
B0955214151956N00049105EA0046100622
B0955224151956N00049105EA0046200622
B0955234151956N00049105EA0046200622
B0955244151956N00049105EA0046100622
B0955254151956N00049105EA0046200623
B0955264151956N00049105EA0046100622
B0955274151956N00049105EA0046100622
B0955284151956N00049104EA0046100622
B0955294151956N00049104EA0046100622
B0955304151957N00049104EA0046100622
B0955314151957N00049104EA0046100622
B0955324151957N00049104EA0046100622
B0955334151957N00049104EA0046200622
B0955344151957N00049105EA0046200622
B0955354151957N00049105EA0046100621
B0955364151957N00049105EA0046100621
B0955374151957N00049105EA0046100621
B0955384151957N00049105EA0046100622
B0955394151957N00049105EA0046200622
B0955404151957N00049105EA0046100621
B0955414151957N00049105EA0046100621
B0955424151957N00049105EA0046100621
B0955434151957N00049105EA0046100622
B0955444151957N00049105EA0046100622
B0955454151957N00049105EA0046100621
B0955464151957N00049105EA0046100621
B0955474151957N00049105EA0046100621
B0955484151957N00049105EA0046100621
B0955494151957N00049105EA0046100621
B0955504151957N00049105EA0046100621
B0955514151957N00049105EA0046100621
B0955524151957N00049105EA0046100621
B0955534151957N00049104EA0046100621
B0955544151957N00049105EA0046100621
B0955554151957N00049104EA0046100621
B0955564151957N00049104EA0046000620
B0955574151957N00049105EA0046100620
B0955584151957N00049105EA0046100621
B0955594151957N00049105EA0046000621
B0956004151957N00049105EA0046100621
B0956014151957N00049105EA0046100621
B0956024151957N00049105EA0046100622
B0956034151957N00049105EA0046100622
B0956044151957N00049105EA0046000622
B0956054151957N00049105EA0046100622
B0956064151956N00049105EA0046000622
B0956074151957N00049105EA0046000622
B0956084151957N00049105EA0046000622
B0956094151956N00049105EA0046000622
B0956104151956N00049105EA0046100623
B0956114151957N00049105EA0046100623
B0956124151957N00049105EA0046100623
B0956134151957N00049105EA0046100623
B0956144151956N00049105EA0046000623
B0956154151957N00049105EA0046100623
B0956164151957N00049105EA0046100623
B0956174151957N00049106EA0046100623
B0956184151957N00049105EA0046100623
B0956194151957N00049105EA0046100623
B0956204151957N00049106EA0046100623
B0956214151957N00049105EA0046100623
B0956224151957N00049105EA0046100623
B0956234151957N00049105EA0046100622
B0956244151957N00049105EA0046100622
B0956254151957N00049105EA0046100622
B0956264151957N00049105EA0046100622
B0956274151957N00049105EA0046100622
B0956284151957N00049105EA0046100622
B0956294151957N00049105EA0046100621
B0956304151957N00049105EA0046100621
B0956314151957N00049105EA0046100621
B0956324151957N00049105EA0046100621
B0956334151957N00049105EA0046100621
B0956344151957N00049105EA0046200621
B0956354151957N00049105EA0046100621
B0956364151957N00049105EA0046100621
B0956374151957N00049105EA0046100621
B0956384151957N00049105EA0046100621
B0956394151957N00049105EA0046100621
B0956404151956N00049105EA0046100622
B0956414151956N00049105EA0046100622
B0956424151956N00049105EA0046100622
B0956434151956N00049105EA0046100623
B0956444151956N00049105EA0046100623
B0956454151956N00049106EA0046100623
B0956464151956N00049106EA0046100623
B0956474151956N00049106EA0046000623
B0956484151956N00049106EA0046000623
B0956494151956N00049106EA0046100623
B0956504151956N00049106EA0046000623
B0956514151956N00049106EA0046000623
B0956524151956N00049106EA0046000623
B0956534151956N00049106EA0046000623
B0956544151956N00049106EA0046100623
B0956554151956N00049106EA0046000623
B0956564151956N00049106EA0046000624
B0956574151956N00049106EA0046100624
B0956584151956N00049107EA0046100624
B0956594151956N00049107EA0046100624
B0957004151956N00049106EA0046100624
B0957014151956N00049106EA0046100623
B0957024151956N00049106EA0046100624
B0957034151956N00049106EA0046100624
B0957044151956N00049107EA0046100624
B0957054151956N00049107EA0046100624
B0957064151956N00049107EA0046100624
B0957074151956N00049107EA0046100624
B0957084151956N00049107EA0046100624
B0957094151956N00049107EA0046100625
B0957104151956N00049107EA0046100625
B0957114151956N00049107EA0046100625
B0957124151956N00049107EA0046100625
B0957134151955N00049107EA0046000625
B0957144151955N00049108EA0046100626
B0957154151955N00049108EA0046100626
B0957164151955N00049108EA0046100626
B0957174151955N00049108EA0046100626
B0957184151955N00049108EA0046100627
B0957194151955N00049108EA0046100627
B0957204151955N00049108EA0046100627
B0957214151955N00049108EA0046100627
B0957224151955N00049108EA0046100626
B0957234151955N00049108EA0046100626
B0957244151955N00049108EA0046100626
B0957254151955N00049108EA0046100626
B0957264151955N00049108EA0046000626
B0957274151955N00049108EA0046100626
B0957284151955N00049107EA0046100626
B0957294151955N00049107EA0046100626
B0957304151955N00049107EA0046000626
B0957314151955N00049107EA0046000626
B0957324151955N00049107EA0046000625
B0957334151955N00049107EA0046100625
B0957344151955N00049107EA0046100625
B0957354151955N00049107EA0046000625
B0957364151955N00049107EA0046000626
B0957374151955N00049108EA0046100626
B0957384151955N00049108EA0046100626
B0957394151955N00049108EA0046000626
B0957404151955N00049108EA0046100626
B0957414151955N00049108EA0046000627
B0957424151955N00049108EA0046100627
B0957434151955N00049108EA0046100627
B0957444151955N00049108EA0046000627
B0957454151955N00049108EA0046100627
B0957464151955N00049108EA0046100626
B0957474151955N00049107EA0046100626
B0957484151955N00049107EA0046100626
B0957494151955N00049107EA0046100627
B0957504151955N00049107EA0046100626
B0957514151955N00049106EA0046100626
B0957524151955N00049106EA0046100626
B0957534151955N00049107EA0046100627
B0957544151955N00049106EA0046100627
B0957554151955N00049106EA0046100627
B0957564151955N00049106EA0046100626
B0957574151955N00049106EA0046200626
B0957584151955N00049106EA0046200626
B0957594151955N00049106EA0046200626
B0958004151955N00049106EA0046200626
B0958014151956N00049106EA0046300626
B0958024151956N00049106EA0046200626
B0958034151956N00049106EA0046200626
B0958044151956N00049106EA0046200626
B0958054151956N00049106EA0046200626
B0958064151956N00049106EA0046100626
B0958074151956N00049106EA0046200626
B0958084151956N00049106EA0046200626
B0958094151956N00049106EA0046100626
B0958104151956N00049106EA0046100626
B0958114151956N00049106EA0046100625
B0958124151956N00049106EA0046100625
B0958134151956N00049106EA0046200625
B0958144151956N00049106EA0046200625
B0958154151956N00049106EA0046100625
B0958164151956N00049106EA0046200625
B0958174151956N00049106EA0046200625
B0958184151956N00049106EA0046100625
B0958194151956N00049106EA0046100625
B0958204151956N00049106EA0046100625
B0958214151956N00049106EA0046100625
B0958224151956N00049106EA0046100625
B0958234151956N00049105EA0046100625
B0958244151956N00049105EA0046100625
B0958254151956N00049105EA0046100625
B0958264151956N00049105EA0046100624
B0958274151956N00049105EA0046100624
B0958284151956N00049105EA0046100624
B0958294151956N00049105EA0046200624
B0958304151956N00049105EA0046100624
B0958314151956N00049105EA0046100624
B0958324151956N00049105EA0046100625
B0958334151956N00049105EA0046100624
B0958344151956N00049105EA0046100625
B0958354151956N00049105EA0046000624
B0958364151956N00049105EA0046100624
B0958374151956N00049105EA0046100624
B0958384151956N00049105EA0046100624
B0958394151956N00049105EA0046100624
B0958404151956N00049105EA0046000624
B0958414151956N00049105EA0046100624
B0958424151956N00049105EA0046100624
B0958434151956N00049105EA0046100623
B0958444151956N00049105EA0046100624
B0958454151956N00049105EA0046100624
B0958464151956N00049104EA0046100623
B0958474151956N00049104EA0046000624
B0958484151956N00049104EA0046100623
B0958494151956N00049104EA0046100623
B0958504151956N00049104EA0046100623
B0958514151956N00049104EA0046100623
B0958524151956N00049104EA0046200623
B0958534151956N00049104EA0046100623
B0958544151956N00049104EA0046100623
B0958554151956N00049104EA0046100623
B0958564151956N00049103EA0046100622
B0958574151957N00049103EA0046100622
B0958584151957N00049103EA0046100622
B0958594151957N00049103EA0046100622
B0959004151957N00049103EA0046100622
B0959014151957N00049103EA0046100622
B0959024151957N00049103EA0046100623
B0959034151957N00049103EA0046100622
B0959044151957N00049102EA0046100622
B0959054151957N00049102EA0046200622
B0959064151957N00049102EA0046100622
B0959074151957N00049102EA0046200622
B0959084151957N00049102EA0046100622
B0959094151956N00049102EA0046200622
B0959104151956N00049102EA0046200622
B0959114151956N00049102EA0046100622
B0959124151956N00049102EA0046100622
B0959134151956N00049102EA0046100622
B0959144151956N00049102EA0046100622
B0959154151956N00049102EA0046100621
B0959164151956N00049102EA0046100621
B0959174151956N00049102EA0046200621
B0959184151957N00049102EA0046100621
B0959194151957N00049102EA0046200621
B0959204151957N00049102EA0046100621
B0959214151957N00049102EA0046200621
B0959224151957N00049102EA0046100621
B0959234151957N00049102EA0046100621
B0959244151957N00049102EA0046100621
B0959254151957N00049102EA0046100621
B0959264151956N00049103EA0046100621
B0959274151956N00049102EA0046100622
B0959284151956N00049102EA0046000622
B0959294151956N00049102EA0046100621
B0959304151956N00049103EA0046100622
B0959314151956N00049103EA0046100623
B0959324151956N00049103EA0046100624
B0959334151956N00049103EA0046000624
B0959344151956N00049104EA0046100624
B0959354151956N00049104EA0046100624
B0959364151956N00049104EA0046000624
B0959374151956N00049104EA0046100625
B0959384151956N00049104EA0046100625
B0959394151956N00049104EA0046100625
B0959404151956N00049104EA0046100626
B0959414151956N00049104EA0046100626
B0959424151956N00049105EA0046100626
B0959434151955N00049105EA0046100626
B0959444151955N00049105EA0046100626
B0959454151955N00049105EA0046100626
B0959464151955N00049105EA0046100626
B0959474151955N00049105EA0046100626
B0959484151955N00049105EA0046100626
B0959494151955N00049105EA0046100626
B0959504151955N00049105EA0046100626
B0959514151955N00049105EA0046100626
B0959524151955N00049105EA0046100626
B0959534151955N00049105EA0046100626
B0959544151955N00049105EA0046100626
B0959554151955N00049105EA0046100626
B0959564151955N00049105EA0046100626
B0959574151955N00049105EA0046100627
B0959584151955N00049105EA0046100627
B0959594151955N00049105EA0046100627
B1000004151955N00049105EA0046100627
B1000014151955N00049105EA0046100627
B1000024151955N00049105EA0046100627
B1000034151955N00049105EA0046100627
B1000044151955N00049105EA0046100627
B1000054151955N00049105EA0046100627
B1000064151955N00049105EA0046100627
B1000074151955N00049105EA0046100627
B1000084151955N00049105EA0046100627
B1000094151955N00049105EA0046100627
B1000104151955N00049105EA0046100627
B1000114151955N00049105EA0046100627
B1000124151955N00049105EA0046100627
B1000134151955N00049105EA0046100627
B1000144151955N00049105EA0046100627
B1000154151955N00049105EA0046100627
B1000164151955N00049105EA0046100627
B1000174151955N00049105EA0046100627
B1000184151955N00049105EA0046100627
B1000194151955N00049105EA0046100627
B1000204151955N00049105EA0046100627
B1000214151955N00049105EA0046100627
B1000224151955N00049105EA0046100627
B1000234151955N00049105EA0046100627
B1000244151955N00049105EA0046000627
B1000254151955N00049105EA0046100627
B1000264151955N00049105EA0046100627
B1000274151955N00049105EA0046100627
B1000284151955N00049106EA0046100627
B1000294151955N00049106EA0046100627
B1000304151955N00049106EA0046100628
B1000314151955N00049106EA0046100628
B1000324151955N00049106EA0046100628
B1000334151955N00049106EA0046100628
B1000344151955N00049106EA0046100628
B1000354151955N00049106EA0046100628
B1000364151955N00049106EA0046100628
B1000374151955N00049106EA0046100628
B1000384151955N00049106EA0046100628
B1000394151955N00049106EA0046100628
B1000404151955N00049106EA0046100628
B1000414151955N00049106EA0046100628
B1000424151955N00049106EA0046100628
B1000434151955N00049106EA0046100628
B1000444151955N00049106EA0046100628
B1000454151955N00049106EA0046100628
B1000464151955N00049106EA0046100628
B1000474151955N00049106EA0046100628
B1000484151955N00049106EA0046100628
B1000494151955N00049106EA0046100628
B1000504151955N00049106EA0046100628
B1000514151955N00049106EA0046100628
B1000524151955N00049106EA0046100628
B1000534151955N00049106EA0046100628
B1000544151954N00049106EA0046100628
B1000554151954N00049106EA0046100628
B1000564151954N00049106EA0046100629
B1000574151954N00049106EA0046000629
B1000584151955N00049106EA0046100629
B1000594151955N00049106EA0046100628
B1001004151955N00049106EA0046100628
B1001014151955N00049106EA0046100628
B1001024151955N00049106EA0046100628
B1001034151955N00049106EA0046100628
B1001044151954N00049106EA0046100628
B1001054151954N00049106EA0046100628
B1001064151954N00049105EA0046100628
B1001074151954N00049106EA0046100627
B1001084151954N00049106EA0046000627
B1001094151955N00049106EA0046000628
B1001104151955N00049106EA0046100627
B1001114151955N00049106EA0046100628
B1001124151955N00049106EA0046100628
B1001134151955N00049106EA0046100628
B1001144151955N00049106EA0046200628
B1001154151955N00049106EA0046100628
B1001164151955N00049106EA0046100628
B1001174151955N00049106EA0046100627
B1001184151954N00049106EA0046000628
B1001194151954N00049106EA0046100628
B1001204151954N00049106EA0046100628
B1001214151955N00049106EA0046100627
B1001224151955N00049106EA0046100628
B1001234151955N00049106EA0046100627
B1001244151954N00049106EA0046100627
B1001254151954N00049106EA0046000627
B1001264151955N00049106EA0046000628
B1001274151955N00049106EA0046100627
B1001284151955N00049107EA0046000627
B1001294151955N00049106EA0046100627
B1001304151954N00049106EA0046100627
B1001314151954N00049106EA0046100627
B1001324151954N00049106EA0046100627
B1001334151954N00049106EA0046000627
B1001344151954N00049106EA0046100627
B1001354151954N00049106EA0046100626
B1001364151954N00049106EA0046200626
B1001374151954N00049105EA0046100626
B1001384151954N00049105EA0046100626
B1001394151954N00049105EA0046100626
B1001404151954N00049106EA0046200626
B1001414151954N00049106EA0046100626
B1001424151954N00049106EA0046100626
B1001434151954N00049106EA0046100626
B1001444151954N00049106EA0046100626
B1001454151954N00049106EA0046200626
B1001464151954N00049106EA0046200627
B1001474151954N00049106EA0046200626
B1001484151954N00049105EA0046200627
B1001494151954N00049104EA0046100627
B1001504151954N00049103EA0046200626
B1001514151954N00049103EA0046100625
B1001524151954N00049103EA0046100625
B1001534151955N00049103EA0046100625
B1001544151954N00049103EA0046100625
B1001554151954N00049103EA0046100625
B1001564151954N00049103EA0046200625
B1001574151954N00049103EA0046100625
B1001584151954N00049103EA0046100626
B1001594151954N00049104EA0046100626
B1002004151954N00049104EA0046100626
B1002014151954N00049104EA0046100626
B1002024151954N00049104EA0046100626
B1002034151954N00049104EA0046100626
B1002044151954N00049104EA0046100626
B1002054151954N00049104EA0046100626
B1002064151954N00049104EA0046100626
B1002074151954N00049104EA0046100626
B1002084151954N00049104EA0046100626
B1002094151954N00049104EA0046100625
B1002104151953N00049104EA0046100625
B1002114151953N00049104EA0046000625
B1002124151953N00049104EA0046100625
B1002134151953N00049104EA0046100625
B1002144151953N00049104EA0046100625
B1002154151953N00049104EA0046100625
B1002164151953N00049104EA0046100625
B1002174151953N00049104EA0046100625
B1002184151953N00049104EA0046000625
B1002194151953N00049104EA0046000625
B1002204151953N00049104EA0046100625
B1002214151953N00049104EA0046100625
B1002224151953N00049104EA0046100625
B1002234151953N00049104EA0046100625
B1002244151953N00049104EA0046100625
B1002254151953N00049104EA0046100625
B1002264151953N00049104EA0046200624
B1002274151953N00049104EA0046100624
B1002284151953N00049104EA0046100624
B1002294151953N00049104EA0046100624
B1002304151953N00049104EA0046100624
B1002314151953N00049104EA0046100624
B1002324151953N00049104EA0046100624
B1002334151953N00049104EA0046100624
B1002344151953N00049104EA0046100624
B1002354151953N00049104EA0046100624
B1002364151953N00049104EA0046100624
B1002374151953N00049104EA0046100624
B1002384151953N00049104EA0046100625
B1002394151953N00049104EA0046100625
B1002404151953N00049104EA0046100625
B1002414151953N00049104EA0046100625
B1002424151953N00049104EA0046100625
B1002434151953N00049104EA0046100625
B1002444151953N00049104EA0046100625
B1002454151953N00049104EA0046200625
B1002464151953N00049104EA0046100624
B1002474151953N00049104EA0046100624
B1002484151953N00049104EA0046100625
B1002494151953N00049104EA0046100625
B1002504151953N00049104EA0046100625
B1002514151953N00049104EA0046000625
B1002524151953N00049104EA0046100625
B1002534151953N00049104EA0046100625
B1002544151953N00049104EA0046100625
B1002554151953N00049104EA0046200625
B1002564151953N00049104EA0046100625
B1002574151953N00049104EA0046100625
B1002584151953N00049104EA0046100625
B1002594151953N00049104EA0046100625
B1003004151953N00049104EA0046100625
B1003014151953N00049104EA0046100625
B1003024151953N00049104EA0046100625
B1003034151953N00049104EA0046200625
B1003044151953N00049104EA0046100625
B1003054151953N00049104EA0046100625
B1003064151953N00049104EA0046200626
B1003074151953N00049104EA0046200625
B1003084151953N00049104EA0046100625
B1003094151953N00049104EA0046200625
B1003104151953N00049104EA0046100625
B1003114151953N00049104EA0046100625
B1003124151953N00049104EA0046100625
B1003134151953N00049104EA0046100625
B1003144151953N00049104EA0046100625
B1003154151953N00049104EA0046200625
B1003164151953N00049104EA0046100625
B1003174151954N00049104EA0046100625
B1003184151954N00049104EA0046100625
B1003194151954N00049104EA0046100625
B1003204151954N00049104EA0046100625
B1003214151954N00049104EA0046100625
B1003224151954N00049104EA0046100625
B1003234151954N00049104EA0046100625
B1003244151954N00049104EA0046100625
B1003254151954N00049105EA0046100625
B1003264151954N00049105EA0046000625
B1003274151954N00049105EA0046100625
B1003284151954N00049105EA0046100625
B1003294151954N00049105EA0046100625
B1003304151954N00049105EA0046100625
B1003314151954N00049105EA0046100625
B1003324151954N00049105EA0046100625
B1003334151954N00049105EA0046100625
B1003344151954N00049105EA0046100625
B1003354151954N00049105EA0046100625
B1003364151954N00049105EA0046000625
B1003374151954N00049105EA0046000625
B1003384151954N00049105EA0046100625
B1003394151954N00049105EA0046100625
B1003404151954N00049105EA0046200625
B1003414151954N00049105EA0046100625
B1003424151954N00049105EA0046100625
B1003434151954N00049105EA0046100625
B1003444151954N00049105EA0046100625
B1003454151954N00049105EA0046100625
B1003464151954N00049105EA0046100625
B1003474151954N00049105EA0046100625
B1003484151954N00049105EA0046100625
B1003494151954N00049105EA0046100625
B1003504151954N00049105EA0046100625
B1003514151954N00049105EA0046100625
B1003524151954N00049105EA0046100625
B1003534151954N00049105EA0046100625
B1003544151954N00049105EA0046200625
B1003554151954N00049105EA0046100625
B1003564151954N00049105EA0046100625
B1003574151954N00049105EA0046100625
B1003584151953N00049105EA0046100625
B1003594151953N00049105EA0046100625
B1004004151953N00049105EA0046100625
B1004014151953N00049104EA0046100625
B1004024151953N00049104EA0046100625
B1004034151954N00049104EA0046100625
B1004044151954N00049104EA0046100625
B1004054151954N00049104EA0046100625
B1004064151954N00049104EA0046100625
B1004074151953N00049104EA0046100624
B1004084151953N00049104EA0046100625
B1004094151953N00049104EA0046100624
B1004104151952N00049104EA0046100624
B1004114151952N00049104EA0046100624
B1004124151952N00049104EA0046100623
B1004134151952N00049105EA0046100623
B1004144151952N00049105EA0046100624
B1004154151951N00049106EA0046200624
B1004164151951N00049106EA0046100624
B1004174151951N00049106EA0046200624
B1004184151950N00049107EA0046100624
B1004194151950N00049107EA0046100624
B1004204151950N00049107EA0046100624
B1004214151950N00049108EA0046100624
B1004224151949N00049108EA0046100624
B1004234151949N00049108EA0046100623
B1004244151949N00049109EA0046000623
B1004254151949N00049109EA0046100624
B1004264151948N00049109EA0046100624
B1004274151948N00049110EA0046000623
B1004284151948N00049110EA0046100623
B1004294151948N00049111EA0046100623
B1004304151948N00049112EA0046100623
B1004314151948N00049112EA0046100623
B1004324151948N00049112EA0046100622
B1004334151947N00049113EA0046100622
B1004344151947N00049113EA0046100622
B1004354151947N00049114EA0045900622
B1004364151947N00049114EA0045900622
B1004374151947N00049115EA0046000622
B1004384151946N00049115EA0045900622
B1004394151946N00049115EA0045900621
B1004404151946N00049116EA0045900621
B1004414151946N00049116EA0046000621
B1004424151946N00049117EA0046000621
B1004434151946N00049117EA0045900620
B1004444151946N00049117EA0045900620
B1004454151946N00049117EA0046000619
B1004464151946N00049117EA0046000619
B1004474151946N00049117EA0046000618
B1004484151946N00049117EA0045900618
B1004494151946N00049117EA0045900617
B1004504151946N00049117EA0046000617
B1004514151946N00049117EA0045900617
B1004524151947N00049117EA0045900616
B1004534151947N00049117EA0046000616
B1004544151947N00049117EA0045900615
B1004554151947N00049117EA0045900615
B1004564151947N00049117EA0045900617
B1004574151947N00049117EA0046100617
B1004584151947N00049117EA0046000617
B1004594151947N00049117EA0046100618
B1005004151947N00049117EA0046000618
B1005014151947N00049117EA0046000618
B1005024151947N00049117EA0046000617
B1005034151947N00049117EA0046000617
B1005044151947N00049117EA0046000617
B1005054151947N00049117EA0046000617
B1005064151947N00049117EA0046000618
B1005074151947N00049117EA0046100618
B1005084151947N00049117EA0046000618
B1005094151947N00049117EA0046000618
B1005104151947N00049117EA0046100618
B1005114151947N00049117EA0046000618
B1005124151947N00049117EA0046000618
B1005134151947N00049117EA0046000618
B1005144151947N00049117EA0046000617
B1005154151947N00049117EA0046000617
B1005164151947N00049117EA0046000616
B1005174151947N00049118EA0046000617
B1005184151947N00049118EA0046000616
B1005194151947N00049118EA0046000617
B1005204151947N00049118EA0046000616
B1005214151946N00049118EA0045900615
B1005224151946N00049118EA0046000615
B1005234151946N00049118EA0046000615
B1005244151946N00049118EA0046000615
B1005254151946N00049118EA0046000615
B1005264151946N00049117EA0046000615
B1005274151946N00049117EA0046000615
B1005284151946N00049117EA0046000615
B1005294151946N00049117EA0046000616
B1005304151946N00049117EA0046000616
B1005314151946N00049117EA0046000616
B1005324151946N00049117EA0046000616
B1005334151946N00049117EA0046000616
B1005344151946N00049117EA0045900617
B1005354151946N00049117EA0046000618
B1005364151946N00049117EA0046000618
B1005374151946N00049117EA0046000618
B1005384151946N00049117EA0045900618
B1005394151946N00049117EA0046000618
B1005404151946N00049117EA0046000619
B1005414151946N00049117EA0045900619
B1005424151946N00049117EA0046000619
B1005434151946N00049117EA0046000619
B1005444151946N00049117EA0045900619
B1005454151946N00049117EA0046000619
B1005464151945N00049117EA0046000620
B1005474151945N00049117EA0046100620
B1005484151946N00049117EA0046000620
B1005494151946N00049117EA0046000620
B1005504151946N00049117EA0046000620
B1005514151946N00049117EA0046000620
B1005524151946N00049117EA0045900621
B1005534151946N00049117EA0045900621
B1005544151946N00049117EA0046000621
B1005554151946N00049117EA0046000621
B1005564151946N00049117EA0046000621
B1005574151946N00049117EA0046000622
B1005584151946N00049117EA0046000622
B1005594151946N00049117EA0045900622
B1006004151946N00049117EA0046000621
B1006014151946N00049118EA0045900622
B1006024151946N00049118EA0046000622
B1006034151946N00049118EA0045900622
B1006044151946N00049118EA0045900621
B1006054151946N00049118EA0045900622
B1006064151946N00049118EA0046000622
B1006074151946N00049117EA0045900622
B1006084151946N00049117EA0045900622
B1006094151946N00049117EA0045900622
B1006104151946N00049117EA0046000623
B1006114151946N00049117EA0045900623
B1006124151946N00049117EA0046000623
B1006134151946N00049117EA0046000623
B1006144151946N00049117EA0046000623
B1006154151945N00049117EA0046000623
B1006164151945N00049117EA0046000623
B1006174151945N00049117EA0046000623
B1006184151945N00049117EA0045900623
B1006194151945N00049117EA0046000623
B1006204151945N00049117EA0046000623
B1006214151945N00049117EA0046000623
B1006224151945N00049116EA0045900624
B1006234151945N00049117EA0046000624
B1006244151945N00049116EA0045900624
B1006254151945N00049116EA0046000624
B1006264151945N00049116EA0046000623
B1006274151945N00049116EA0046000624
B1006284151945N00049116EA0046000623
B1006294151945N00049116EA0046000623
B1006304151945N00049116EA0046000623
B1006314151945N00049116EA0046000623
B1006324151944N00049116EA0046000623
B1006334151944N00049116EA0046000623
B1006344151945N00049116EA0046000624
B1006354151945N00049116EA0046000624
B1006364151945N00049116EA0046000624
B1006374151945N00049116EA0046000624
B1006384151945N00049116EA0046000625
B1006394151945N00049116EA0046000625
B1006404151945N00049116EA0046000625
B1006414151945N00049116EA0046000625
B1006424151945N00049116EA0046100625
B1006434151945N00049116EA0046000625
B1006444151945N00049116EA0046000625
B1006454151945N00049116EA0046000625
B1006464151945N00049116EA0046000625
B1006474151945N00049116EA0046000625
B1006484151945N00049116EA0046000625
B1006494151945N00049116EA0046000626
B1006504151945N00049116EA0046000625
B1006514151945N00049116EA0046000626
B1006524151945N00049116EA0046000626
B1006534151945N00049116EA0046000626
B1006544151945N00049116EA0046000626
B1006554151945N00049116EA0046000625
B1006564151945N00049116EA0046000625
B1006574151945N00049116EA0046000625
B1006584151945N00049116EA0046000625
B1006594151945N00049116EA0046000626
B1007004151945N00049116EA0046000626
B1007014151945N00049116EA0046000626
B1007024151945N00049116EA0046000626
B1007034151945N00049115EA0046000626
B1007044151945N00049115EA0045900626
B1007054151945N00049115EA0046000626
B1007064151945N00049115EA0046000625
B1007074151945N00049115EA0046000625
B1007084151945N00049115EA0046000625
B1007094151945N00049115EA0046000625
B1007104151945N00049115EA0046000624
B1007114151945N00049115EA0046000624
B1007124151945N00049115EA0046000624
B1007134151945N00049115EA0046000624
B1007144151945N00049115EA0046000624
B1007154151945N00049115EA0046000624
B1007164151945N00049115EA0046100623
B1007174151945N00049115EA0046000623
B1007184151945N00049115EA0046000623
B1007194151945N00049115EA0046000623
B1007204151945N00049115EA0046000623
B1007214151945N00049115EA0046100623
B1007224151945N00049115EA0046000623
B1007234151945N00049115EA0046000623
B1007244151945N00049115EA0046000624
B1007254151945N00049115EA0046000623
B1007264151945N00049115EA0046000624
B1007274151945N00049115EA0046100624
B1007284151945N00049115EA0046000623
B1007294151945N00049115EA0046100623
B1007304151945N00049116EA0046100623
B1007314151945N00049116EA0046100624
B1007324151945N00049115EA0046000624
B1007334151945N00049116EA0046000624
B1007344151945N00049115EA0046000624
B1007354151945N00049115EA0046000623
B1007364151945N00049115EA0046000624
B1007374151945N00049115EA0045900623
B1007384151945N00049115EA0046000623
B1007394151945N00049115EA0046000623
B1007404151945N00049116EA0045900623
B1007414151945N00049116EA0046000623
B1007424151945N00049116EA0046000622
B1007434151945N00049116EA0046000622
B1007444151945N00049116EA0046000622
B1007454151945N00049116EA0046000621
B1007464151945N00049116EA0046000621
B1007474151945N00049116EA0046000621
B1007484151945N00049116EA0046000621
B1007494151945N00049116EA0046000621
B1007504151945N00049116EA0046000621
B1007514151945N00049116EA0046000620
B1007524151945N00049116EA0046000621
B1007534151945N00049116EA0046000620
B1007544151945N00049116EA0046000621
B1007554151945N00049116EA0046000621
B1007564151945N00049116EA0046000621
B1007574151945N00049116EA0046000621
B1007584151945N00049116EA0046000622
B1007594151945N00049116EA0046000622
B1008004151945N00049115EA0046000623
B1008014151945N00049115EA0046000624
B1008024151945N00049115EA0046000624
B1008034151945N00049115EA0046000624
B1008044151945N00049115EA0046000624
B1008054151945N00049115EA0046000624
B1008064151945N00049115EA0046000624
B1008074151945N00049115EA0046000624
B1008084151945N00049115EA0046000624
B1008094151945N00049115EA0046000624
B1008104151945N00049115EA0046000624
B1008114151945N00049115EA0046000624
B1008124151945N00049115EA0046000624
B1008134151944N00049115EA0046000624
B1008144151944N00049115EA0046000624
B1008154151944N00049115EA0046000624
B1008164151944N00049115EA0046000624
B1008174151944N00049115EA0046000624
B1008184151944N00049115EA0046000624
B1008194151944N00049115EA0046000624
B1008204151944N00049115EA0046000624
B1008214151944N00049115EA0046000624
B1008224151944N00049115EA0046000625
B1008234151944N00049115EA0046000625
B1008244151944N00049115EA0046000625
B1008254151944N00049115EA0045900625
B1008264151944N00049115EA0046000625
B1008274151944N00049115EA0046000625
B1008284151944N00049114EA0045900626
B1008294151944N00049114EA0046000626
B1008304151944N00049114EA0046000626
B1008314151944N00049114EA0045900626
B1008324151944N00049115EA0046000626
B1008334151944N00049115EA0045900626
B1008344151944N00049115EA0046000626
B1008354151944N00049115EA0045900626
B1008364151944N00049115EA0046000626
B1008374151944N00049115EA0046000626
B1008384151944N00049115EA0045900625
B1008394151944N00049115EA0046000625
B1008404151944N00049115EA0046000624
B1008414151944N00049115EA0046000623
B1008424151944N00049115EA0046000622
B1008434151944N00049115EA0045900621
B1008444151944N00049115EA0046000621
B1008454151944N00049116EA0046000621
B1008464151944N00049116EA0046000620
B1008474151944N00049116EA0046000621
B1008484151944N00049116EA0046000620
B1008494151944N00049116EA0045900620
B1008504151944N00049116EA0046000620
B1008514151945N00049116EA0046000620
B1008524151945N00049116EA0046000620
B1008534151945N00049116EA0045900619
B1008544151945N00049116EA0046000620
B1008554151945N00049116EA0046000620
B1008564151945N00049116EA0046000621
B1008574151945N00049116EA0045900620
B1008584151945N00049116EA0046000620
B1008594151945N00049116EA0046000620
B1009004151945N00049116EA0045900620
B1009014151945N00049116EA0046000620
B1009024151945N00049115EA0046000620
B1009034151945N00049115EA0046000620
B1009044151945N00049114EA0046000620
B1009054151945N00049114EA0046000621
B1009064151946N00049113EA0046000622
B1009074151946N00049113EA0046000622
B1009084151947N00049113EA0046100622
B1009094151947N00049113EA0046000622
B1009104151947N00049112EA0046100622
B1009114151948N00049112EA0046000622
B1009124151948N00049112EA0046000621
B1009134151948N00049112EA0046100621
B1009144151948N00049112EA0046000621
B1009154151948N00049111EA0046000621
B1009164151949N00049111EA0046100621
B1009174151949N00049111EA0046100620
B1009184151949N00049110EA0046100621
B1009194151949N00049110EA0046100621
B1009204151949N00049110EA0046000620
B1009214151949N00049110EA0046000621
B1009224151949N00049110EA0046000621
B1009234151950N00049110EA0046100621
B1009244151950N00049110EA0046100621
B1009254151950N00049110EA0046000621
B1009264151950N00049110EA0046000621
B1009274151950N00049110EA0046100622
B1009284151950N00049110EA0046100622
B1009294151950N00049110EA0046100622
B1009304151950N00049110EA0046000622
B1009314151950N00049110EA0046000622
B1009324151950N00049110EA0046100623
B1009334151950N00049110EA0046100623
B1009344151950N00049110EA0046000623
B1009354151950N00049111EA0046000623
B1009364151950N00049111EA0046000623
B1009374151950N00049111EA0046000623
B1009384151950N00049111EA0046000623
B1009394151950N00049111EA0046100623
B1009404151950N00049111EA0046100623
B1009414151950N00049111EA0046100622
B1009424151950N00049111EA0046100623
B1009434151950N00049111EA0046100623
B1009444151950N00049110EA0046100623
B1009454151950N00049110EA0046100623
B1009464151950N00049110EA0046100623
B1009474151950N00049110EA0046100623
B1009484151950N00049110EA0046100624
B1009494151950N00049110EA0046100624
B1009504151950N00049110EA0046200624
B1009514151950N00049110EA0046100624
B1009524151950N00049110EA0046100624
B1009534151950N00049110EA0046200624
B1009544151950N00049110EA0046100624
B1009554151950N00049110EA0046100624
B1009564151951N00049110EA0046100624
B1009574151951N00049110EA0046100624
B1009584151951N00049110EA0046100624
B1009594151951N00049110EA0046100624
B1010004151951N00049110EA0046200624
B1010014151951N00049110EA0046100624
B1010024151951N00049110EA0046100624
B1010034151951N00049110EA0046100624
B1010044151951N00049110EA0046100624
B1010054151951N00049110EA0046100624
B1010064151951N00049109EA0046000624
B1010074151951N00049109EA0046100624
B1010084151951N00049109EA0046100624
B1010094151951N00049109EA0046100624
B1010104151951N00049109EA0046100624
B1010114151951N00049109EA0046100624
B1010124151951N00049109EA0046100624
B1010134151951N00049109EA0046100624
B1010144151952N00049109EA0046000624
B1010154151952N00049109EA0046100624
B1010164151952N00049109EA0046100624
B1010174151952N00049109EA0046100624
B1010184151952N00049109EA0046100624
B1010194151952N00049109EA0046100624
B1010204151952N00049109EA0046100623
B1010214151952N00049109EA0046100623
B1010224151952N00049109EA0046100623
B1010234151952N00049108EA0046100624
B1010244151952N00049109EA0046100624
B1010254151952N00049109EA0046100624
B1010264151952N00049109EA0046100624
B1010274151952N00049108EA0046100624
B1010284151952N00049109EA0046100624
B1010294151952N00049109EA0046100623
B1010304151952N00049109EA0046100623
B1010314151952N00049109EA0046100623
B1010324151952N00049108EA0046100623
B1010334151952N00049108EA0046200623
B1010344151952N00049108EA0046100623
B1010354151952N00049108EA0046100623
B1010364151952N00049108EA0046100623
B1010374151952N00049108EA0046200623
B1010384151952N00049107EA0046100622
B1010394151952N00049107EA0046100623
B1010404151952N00049106EA0046100622
B1010414151952N00049106EA0046200622
B1010424151953N00049106EA0046200622
B1010434151953N00049106EA0046200623
B1010444151953N00049105EA0046200622
B1010454151953N00049105EA0046200622
B1010464151953N00049106EA0046200622
B1010474151953N00049106EA0046200621
B1010484151953N00049106EA0046200621
B1010494151953N00049106EA0046200621
B1010504151953N00049106EA0046100621
B1010514151953N00049106EA0046100621
B1010524151954N00049107EA0046100621
B1010534151954N00049107EA0046200621
B1010544151954N00049107EA0046100621
B1010554151954N00049107EA0046100621
B1010564151954N00049107EA0046200621
B1010574151954N00049107EA0046200621
B1010584151954N00049107EA0046200621
B1010594151954N00049107EA0046200621
B1011004151954N00049107EA0046100621
B1011014151954N00049107EA0046100621
B1011024151954N00049107EA0046200621
B1011034151954N00049107EA0046100621
B1011044151954N00049107EA0046100621
B1011054151954N00049107EA0046100621
B1011064151955N00049107EA0046200621
B1011074151955N00049107EA0046100621
B1011084151955N00049107EA0046100621
B1011094151955N00049107EA0046100621
B1011104151955N00049108EA0046200621
B1011114151955N00049107EA0046200621
B1011124151955N00049107EA0046200621
B1011134151955N00049107EA0046200621
B1011144151955N00049107EA0046200621
B1011154151955N00049107EA0046100621
B1011164151955N00049107EA0046100621
B1011174151954N00049107EA0046100621
B1011184151954N00049107EA0046100621
B1011194151954N00049106EA0046100621
B1011204151954N00049106EA0046100621
B1011214151954N00049106EA0046200621
B1011224151954N00049106EA0046100621
B1011234151954N00049106EA0046100621
B1011244151954N00049106EA0046100620
B1011254151954N00049106EA0046100620
B1011264151954N00049106EA0046100620
B1011274151954N00049106EA0046100620
B1011284151955N00049105EA0046200620
B1011294151954N00049105EA0046100620
B1011304151954N00049105EA0046200620
B1011314151954N00049105EA0046100620
B1011324151954N00049105EA0046200620
B1011334151954N00049105EA0046100620
B1011344151954N00049105EA0046100619
B1011354151954N00049105EA0046200619
B1011364151954N00049105EA0046200619
B1011374151954N00049105EA0046200619
B1011384151954N00049105EA0046200619
B1011394151954N00049105EA0046200619
B1011404151955N00049105EA0046200619
B1011414151955N00049105EA0046200619
B1011424151955N00049105EA0046200619
B1011434151955N00049105EA0046200619
B1011444151955N00049105EA0046200619
B1011454151955N00049105EA0046200619
B1011464151954N00049105EA0046200619
B1011474151955N00049105EA0046200619
B1011484151955N00049104EA0046200619
B1011494151955N00049104EA0046200619
B1011504151955N00049104EA0046200619
B1011514151955N00049105EA0046200619
B1011524151955N00049105EA0046200619
B1011534151955N00049105EA0046100619
B1011544151955N00049105EA0046200619
B1011554151955N00049105EA0046200619
B1011564151955N00049105EA0046300619
B1011574151955N00049105EA0046200619
B1011584151955N00049105EA0046300618
B1011594151955N00049105EA0046200618
B1012004151955N00049105EA0046300618
B1012014151955N00049105EA0046200618
B1012024151955N00049105EA0046200618
B1012034151955N00049105EA0046200619
B1012044151955N00049105EA0046200619
B1012054151955N00049105EA0046200619
B1012064151954N00049105EA0046200619
B1012074151954N00049105EA0046300619
B1012084151954N00049105EA0046200619
B1012094151954N00049105EA0046200619
B1012104151954N00049105EA0046200619
B1012114151954N00049105EA0046100619
B1012124151954N00049105EA0046200619
B1012134151954N00049105EA0046200619
B1012144151954N00049105EA0046200619
B1012154151954N00049105EA0046100619
B1012164151954N00049105EA0046100619
B1012174151954N00049105EA0046100620
B1012184151954N00049105EA0046100620
B1012194151954N00049105EA0046100620
B1012204151954N00049105EA0046100620
B1012214151954N00049105EA0046100620
B1012224151954N00049105EA0046100620
B1012234151954N00049105EA0046100620
B1012244151953N00049105EA0046100621
B1012254151953N00049105EA0046100621
B1012264151953N00049105EA0046100621
B1012274151953N00049106EA0046100621
B1012284151953N00049106EA0046100622
B1012294151954N00049106EA0046100622
B1012304151954N00049106EA0046100622
B1012314151953N00049106EA0046100622
B1012324151954N00049106EA0046200622
B1012334151954N00049106EA0046100622
B1012344151954N00049106EA0046100622
B1012354151954N00049106EA0046100622
B1012364151954N00049106EA0046100622
B1012374151954N00049106EA0046100622
B1012384151954N00049106EA0046100622
B1012394151954N00049106EA0046100622
B1012404151954N00049106EA0046100622
B1012414151954N00049106EA0046100622
B1012424151954N00049106EA0046100622
B1012434151954N00049106EA0046100623
B1012444151954N00049107EA0046100623
B1012454151954N00049107EA0046000624
B1012464151954N00049107EA0046100624
B1012474151954N00049107EA0046100624
B1012484151954N00049107EA0046100624
B1012494151954N00049107EA0046100624
B1012504151954N00049107EA0046100624
B1012514151954N00049107EA0046000624
B1012524151954N00049107EA0046100624
B1012534151954N00049107EA0046100624
B1012544151954N00049107EA0046100624
B1012554151954N00049107EA0046100624
B1012564151954N00049107EA0046100624
B1012574151954N00049107EA0046100624
B1012584151954N00049107EA0046100624
B1012594151954N00049107EA0046100624
B1013004151954N00049107EA0046200625
B1013014151954N00049107EA0046100624
B1013024151954N00049107EA0046100625
B1013034151954N00049107EA0046100625
B1013044151954N00049107EA0046100625
B1013054151954N00049107EA0046000624
B1013064151954N00049107EA0046200625
B1013074151954N00049107EA0046200625
B1013084151954N00049107EA0046100625
B1013094151954N00049107EA0046100625
B1013104151954N00049107EA0046100625
B1013114151954N00049107EA0046100625
B1013124151954N00049107EA0046100624
B1013134151954N00049107EA0046100624
B1013144151954N00049107EA0046100624
B1013154151954N00049107EA0046000624
B1013164151954N00049107EA0046100624
B1013174151954N00049107EA0046100624
B1013184151955N00049107EA0046100624
B1013194151955N00049107EA0046000624
B1013204151955N00049107EA0046100623
B1013214151955N00049107EA0046100623
B1013224151955N00049107EA0046000623
B1013234151955N00049107EA0046100623
B1013244151955N00049107EA0046100622
B1013254151955N00049107EA0046100622
B1013264151955N00049107EA0046100622
B1013274151955N00049107EA0046100622
B1013284151955N00049106EA0046100622
B1013294151955N00049106EA0046000622
B1013304151955N00049106EA0046100622
B1013314151955N00049106EA0046100622
B1013324151955N00049106EA0046100622
B1013334151955N00049106EA0046100622
B1013344151956N00049106EA0046200622
B1013354151955N00049106EA0046200622
B1013364151955N00049106EA0046200622
B1013374151956N00049106EA0046200622
B1013384151956N00049106EA0046100621
B1013394151955N00049107EA0046200621
B1013404151955N00049107EA0046200621
B1013414151955N00049107EA0046100621
B1013424151955N00049107EA0046100621
B1013434151955N00049107EA0046200621
B1013444151955N00049107EA0046200621
B1013454151955N00049107EA0046100622
B1013464151955N00049107EA0046200622
B1013474151955N00049107EA0046200622
B1013484151955N00049107EA0046100622
B1013494151955N00049107EA0046200622
B1013504151955N00049106EA0046100622
B1013514151955N00049106EA0046200622
B1013524151955N00049106EA0046200622
B1013534151955N00049106EA0046100622
B1013544151955N00049106EA0046100622
B1013554151955N00049106EA0046100622
B1013564151955N00049106EA0046200622
B1013574151955N00049106EA0046200622
B1013584151955N00049106EA0046200622
B1013594151955N00049106EA0046200622
B1014004151955N00049106EA0046200622
B1014014151955N00049106EA0046200623
B1014024151955N00049106EA0046100623
B1014034151955N00049106EA0046200623
B1014044151955N00049106EA0046200623
B1014054151955N00049106EA0046100623
B1014064151955N00049106EA0046100623
B1014074151955N00049106EA0046100623
B1014084151954N00049106EA0046100623
B1014094151954N00049106EA0046100623
B1014104151954N00049106EA0046100624
B1014114151954N00049106EA0046100624
B1014124151954N00049106EA0046100624
B1014134151954N00049106EA0046100624
B1014144151954N00049106EA0046100624
B1014154151954N00049106EA0046100624
B1014164151954N00049106EA0046100624
B1014174151954N00049106EA0046200625
B1014184151954N00049106EA0046200625
B1014194151954N00049107EA0046100626
B1014204151954N00049106EA0046200626
B1014214151954N00049106EA0046100626
B1014224151953N00049106EA0046100625
B1014234151953N00049106EA0046100626
B1014244151953N00049106EA0046100626
B1014254151953N00049106EA0046200625
B1014264151953N00049106EA0046200626
B1014274151953N00049107EA0046100626
B1014284151953N00049106EA0046100626
B1014294151953N00049106EA0046200625
B1014304151953N00049106EA0046200626
B1014314151953N00049106EA0046100626
B1014324151953N00049106EA0046100626
B1014334151953N00049106EA0046100626
B1014344151953N00049106EA0046200626
B1014354151953N00049106EA0046200626
B1014364151953N00049106EA0046200626
B1014374151953N00049106EA0046200626
B1014384151953N00049106EA0046200626
B1014394151953N00049106EA0046200626
B1014404151953N00049106EA0046200626
B1014414151953N00049106EA0046200626
B1014424151953N00049106EA0046300625
B1014434151953N00049106EA0046300625
B1014444151953N00049106EA0046200625
B1014454151954N00049106EA0046200625
B1014464151954N00049106EA0046300625
B1014474151954N00049106EA0046300624
B1014484151954N00049106EA0046200624
B1014494151954N00049106EA0046200624
B1014504151954N00049106EA0046100624
B1014514151954N00049105EA0046200623
B1014524151954N00049105EA0046200623
B1014534151954N00049105EA0046200623
B1014544151954N00049105EA0046200623
B1014554151954N00049105EA0046300623
B1014564151954N00049105EA0046300623
B1014574151954N00049105EA0046300623
B1014584151954N00049105EA0046300623
B1014594151954N00049105EA0046300623
B1015004151954N00049105EA0046300623
B1015014151954N00049105EA0046100623
B1015024151954N00049105EA0046200623
B1015034151954N00049105EA0046400623
B1015044151954N00049105EA0046300622
B1015054151954N00049105EA0046300622
B1015064151954N00049105EA0046300622
B1015074151954N00049105EA0046300622
B1015084151955N00049105EA0046200622
B1015094151955N00049105EA0046200622
B1015104151955N00049105EA0046100622
B1015114151955N00049105EA0046200622
B1015124151955N00049105EA0046200622
B1015134151955N00049105EA0046200622
B1015144151955N00049105EA0046300622
B1015154151955N00049105EA0046200622
B1015164151955N00049105EA0046200622
B1015174151955N00049105EA0046200622
B1015184151955N00049105EA0046300622
B1015194151955N00049105EA0046200622
B1015204151955N00049106EA0046200622
B1015214151955N00049106EA0046200622
B1015224151954N00049106EA0046200622
B1015234151955N00049106EA0046200623
B1015244151955N00049106EA0046200622
B1015254151955N00049106EA0046200622
B1015264151955N00049106EA0046200622
B1015274151955N00049106EA0046200622
B1015284151955N00049106EA0046200622
B1015294151955N00049105EA0046200622
B1015304151955N00049106EA0046200622
B1015314151955N00049106EA0046200622
B1015324151955N00049106EA0046200622
B1015334151955N00049106EA0046200622
B1015344151955N00049106EA0046100622
B1015354151955N00049106EA0046200622
B1015364151955N00049106EA0046200622
B1015374151955N00049106EA0046300622
B1015384151955N00049106EA0046200622
B1015394151955N00049106EA0046200622
B1015404151955N00049105EA0046300622
B1015414151955N00049106EA0046200622
B1015424151955N00049105EA0046300622
B1015434151955N00049105EA0046300622
B1015444151955N00049105EA0046200622
B1015454151955N00049105EA0046300622
B1015464151955N00049105EA0046200622
B1015474151955N00049105EA0046300622
B1015484151955N00049105EA0046300622
B1015494151955N00049105EA0046200622
B1015504151955N00049105EA0046200621
B1015514151956N00049105EA0046200621
B1015524151956N00049105EA0046400621
B1015534151956N00049105EA0046300621
B1015544151956N00049105EA0046300621
B1015554151956N00049106EA0046300621
B1015564151956N00049106EA0046300621
B1015574151956N00049106EA0046300621
B1015584151956N00049105EA0046300621
B1015594151956N00049105EA0046200621
B1016004151956N00049105EA0046200621
B1016014151956N00049105EA0046200621
B1016024151956N00049105EA0046200621
B1016034151956N00049105EA0046200621
B1016044151956N00049105EA0046200621
B1016054151956N00049105EA0046200621
B1016064151956N00049105EA0046200621
B1016074151956N00049105EA0046200621
B1016084151956N00049105EA0046200621
B1016094151956N00049105EA0046200621
B1016104151956N00049105EA0046100621
B1016114151956N00049105EA0046200621
B1016124151955N00049105EA0046200621
B1016134151955N00049105EA0046200622
B1016144151955N00049105EA0046200622
B1016154151955N00049105EA0046300622
B1016164151955N00049105EA0046300621
B1016174151956N00049105EA0046200621
B1016184151956N00049105EA0046200621
B1016194151956N00049105EA0046200621
B1016204151955N00049105EA0046200621
B1016214151955N00049105EA0046300621
B1016224151955N00049105EA0046200621
B1016234151955N00049105EA0046300621
B1016244151955N00049105EA0046200621
B1016254151955N00049105EA0046200621
B1016264151955N00049105EA0046200621
B1016274151955N00049105EA0046200621
B1016284151955N00049105EA0046300621
B1016294151955N00049105EA0046200621
B1016304151955N00049105EA0046300622
B1016314151955N00049105EA0046200622
B1016324151955N00049105EA0046200622
B1016334151955N00049105EA0046200622
B1016344151955N00049105EA0046300622
B1016354151955N00049105EA0046100622
B1016364151955N00049105EA0046300622
B1016374151955N00049105EA0046300622
B1016384151955N00049105EA0046300622
B1016394151955N00049105EA0046300622
B1016404151955N00049105EA0046300622
B1016414151955N00049105EA0046200622
B1016424151955N00049105EA0046200622
B1016434151955N00049105EA0046100622
B1016444151955N00049105EA0046100622
B1016454151955N00049105EA0046000622
B1016464151955N00049105EA0046200622
B1016474151955N00049105EA0046100622
B1016484151955N00049105EA0046100622
B1016494151955N00049105EA0046200622
B1016504151955N00049106EA0046100623
B1016514151955N00049106EA0046100623
B1016524151955N00049106EA0046200623
B1016534151955N00049105EA0046200623
B1016544151955N00049105EA0046100622
B1016554151955N00049105EA0046200622
B1016564151955N00049105EA0046200622
B1016574151956N00049105EA0046200621
B1016584151956N00049105EA0046200620
B1016594151956N00049105EA0046200620
B1017004151956N00049104EA0046100620
B1017014151957N00049104EA0046200620
B1017024151957N00049104EA0046100620
B1017034151957N00049103EA0046200620
B1017044151957N00049103EA0046100620
B1017054151958N00049103EA0046200620
B1017064151958N00049103EA0046100620
B1017074151958N00049103EA0046200620
B1017084151958N00049103EA0046200620
B1017094151959N00049102EA0046100620
B1017104151959N00049102EA0046100620
B1017114151959N00049102EA0046100620
B1017124151959N00049102EA0046100620
B1017134151959N00049102EA0046100619
B1017144151960N00049102EA0046100619
B1017154151960N00049102EA0046100619
B1017164151960N00049102EA0046200619
B1017174151960N00049102EA0046200619
B1017184151960N00049102EA0046100619
B1017194151960N00049102EA0046100619
B1017204151960N00049102EA0046100619
B1017214151960N00049102EA0046200619
B1017224151960N00049102EA0046100619
B1017234151960N00049102EA0046100618
B1017244151960N00049102EA0046100618
B1017254151960N00049102EA0046100618
B1017264151960N00049102EA0046100618
B1017274151960N00049102EA0046100618
B1017284151960N00049102EA0046200618
B1017294151960N00049102EA0046100618
B1017304151960N00049102EA0046100618
B1017314151960N00049102EA0046100618
B1017324151960N00049102EA0046200618
B1017334151960N00049102EA0046200617
B1017344151960N00049102EA0046100617
B1017354151961N00049102EA0046100617
B1017364151961N00049102EA0046100617
B1017374151961N00049102EA0046100617
B1017384151961N00049102EA0046100617
B1017394151961N00049102EA0046100617
B1017404151961N00049102EA0046200617
B1017414151960N00049102EA0046200617
B1017424151960N00049101EA0046100617
B1017434151960N00049102EA0046200617
B1017444151960N00049102EA0046100617
B1017454151960N00049102EA0046100617
B1017464151960N00049102EA0046100617
B1017474151960N00049102EA0046200617
B1017484151960N00049103EA0046100617
B1017494151959N00049103EA0046100617
B1017504151959N00049103EA0046200617
B1017514151959N00049103EA0046100617
B1017524151959N00049104EA0046100617
B1017534151959N00049104EA0046100616
B1017544151958N00049104EA0046200616
B1017554151958N00049104EA0046200616
B1017564151958N00049105EA0046100617
B1017574151958N00049105EA0046100616
B1017584151958N00049105EA0046100616
B1017594151957N00049105EA0046200616
B1018004151957N00049105EA0046100616
B1018014151957N00049106EA0046100616
B1018024151957N00049106EA0046200617
B1018034151956N00049106EA0046100616
B1018044151956N00049106EA0046100616
B1018054151956N00049106EA0046100616
B1018064151956N00049106EA0046100616
B1018074151956N00049106EA0046100617
B1018084151956N00049106EA0046100616
B1018094151956N00049106EA0046100616
B1018104151956N00049106EA0046100616
B1018114151956N00049106EA0046100617
B1018124151956N00049106EA0046100617
B1018134151956N00049106EA0046100617
B1018144151957N00049106EA0046100617
B1018154151956N00049106EA0046100617
B1018164151956N00049106EA0046100617
B1018174151956N00049106EA0046100618
B1018184151956N00049106EA0046000620
B1018194151956N00049106EA0046200619
B1018204151956N00049106EA0046100620
B1018214151956N00049106EA0046000620
B1018224151956N00049106EA0046100619
B1018234151956N00049107EA0046000619
B1018244151956N00049107EA0046100619
B1018254151956N00049107EA0046100619
B1018264151956N00049107EA0046100619
B1018274151956N00049107EA0046100619
B1018284151956N00049107EA0046100619
B1018294151956N00049107EA0046100619
B1018304151956N00049107EA0046100619
B1018314151956N00049107EA0046100619
B1018324151956N00049107EA0046100619
B1018334151956N00049107EA0046100619
B1018344151956N00049107EA0046100619
B1018354151956N00049107EA0046100619
B1018364151956N00049107EA0046100619
B1018374151956N00049108EA0046000619
B1018384151956N00049108EA0046000619
B1018394151956N00049108EA0046000620
B1018404151956N00049108EA0046100620
B1018414151956N00049108EA0046100620
B1018424151956N00049108EA0046000620
B1018434151956N00049108EA0046100620
B1018444151956N00049108EA0046000620
B1018454151956N00049108EA0046100620
B1018464151956N00049108EA0046000620
B1018474151956N00049108EA0046000620
B1018484151956N00049108EA0046100620
B1018494151956N00049108EA0046100620
B1018504151956N00049108EA0046000620
B1018514151956N00049108EA0046000620
B1018524151956N00049108EA0046000620
B1018534151956N00049108EA0046000620
B1018544151956N00049108EA0046100620
B1018554151955N00049108EA0046000620
B1018564151955N00049108EA0046100620
B1018574151955N00049108EA0046100620
B1018584151955N00049108EA0046100620
B1018594151955N00049108EA0046100621
B1019004151956N00049108EA0046100621
B1019014151956N00049108EA0046100620
B1019024151955N00049109EA0046100620
B1019034151955N00049109EA0046100621
B1019044151955N00049109EA0046100621
B1019054151955N00049109EA0046000621
B1019064151956N00049109EA0046000621
B1019074151955N00049109EA0046100621
B1019084151955N00049109EA0046100621
B1019094151955N00049109EA0046100621
B1019104151955N00049109EA0046000621
B1019114151955N00049109EA0046000621
B1019124151955N00049109EA0046000621
B1019134151955N00049109EA0046000621
B1019144151955N00049109EA0046000621
B1019154151955N00049110EA0046100621
B1019164151955N00049110EA0046100621
B1019174151955N00049110EA0046100621
B1019184151955N00049110EA0046100621
B1019194151955N00049110EA0046100621
B1019204151955N00049110EA0046000621
B1019214151955N00049110EA0046000621
B1019224151955N00049110EA0046100621
B1019234151955N00049110EA0046100621
B1019244151955N00049110EA0046100621
B1019254151955N00049110EA0046100621
B1019264151955N00049110EA0046100621
B1019274151955N00049110EA0046100621
B1019284151955N00049110EA0046100620
B1019294151955N00049110EA0046100620
B1019304151955N00049110EA0046100620
B1019314151955N00049110EA0046100620
B1019324151955N00049109EA0046100620
B1019334151955N00049109EA0046100619
B1019344151955N00049109EA0046100619
B1019354151955N00049109EA0046100619
B1019364151955N00049109EA0046100619
B1019374151955N00049109EA0046100619
B1019384151955N00049109EA0046100619
B1019394151955N00049109EA0046100619
B1019404151955N00049109EA0046100619
B1019414151955N00049109EA0046100619
B1019424151955N00049109EA0046100619
B1019434151955N00049109EA0046100619
B1019444151955N00049109EA0046100618
B1019454151955N00049109EA0046100618
B1019464151955N00049109EA0046100618
B1019474151955N00049109EA0046100618
B1019484151955N00049109EA0046100618
B1019494151955N00049109EA0046100618
B1019504151956N00049110EA0046000618
B1019514151956N00049110EA0046100618
B1019524151956N00049110EA0046100618
B1019534151956N00049110EA0046100618
B1019544151956N00049110EA0046200618
B1019554151956N00049110EA0046100618
B1019564151955N00049110EA0046200618
B1019574151955N00049110EA0046100619
B1019584151955N00049110EA0046200619
B1019594151955N00049110EA0046200619
B1020004151955N00049110EA0046100619
B1020014151955N00049110EA0046100619
B1020024151955N00049110EA0046000619
B1020034151955N00049110EA0046100619
B1020044151955N00049110EA0046100619
B1020054151955N00049110EA0046000619
B1020064151955N00049110EA0046200619
B1020074151955N00049110EA0046100619
B1020084151955N00049110EA0046100619
B1020094151955N00049110EA0046100619
B1020104151955N00049110EA0046100619
B1020114151955N00049110EA0046100619
B1020124151955N00049110EA0046100619
B1020134151955N00049110EA0046100619
B1020144151955N00049110EA0046100619
B1020154151955N00049110EA0046100619
B1020164151955N00049110EA0046100619
B1020174151955N00049110EA0046100619
B1020184151955N00049110EA0046100619
B1020194151955N00049110EA0046100619
B1020204151955N00049110EA0046100619
B1020214151955N00049110EA0046200619
B1020224151955N00049110EA0046100619
B1020234151955N00049110EA0046100619
B1020244151955N00049110EA0046100619
B1020254151955N00049110EA0046100619
B1020264151955N00049110EA0046100619
B1020274151955N00049110EA0046100619
B1020284151955N00049110EA0046100619
B1020294151955N00049110EA0046100619
B1020304151955N00049110EA0046100619
B1020314151955N00049110EA0046100618
B1020324151955N00049110EA0046100618
B1020334151955N00049110EA0046100618
B1020344151955N00049110EA0046000618
B1020354151955N00049110EA0046100618
B1020364151955N00049110EA0046100619
B1020374151955N00049110EA0046100619
B1020384151955N00049110EA0046100619
B1020394151955N00049111EA0046000619
B1020404151955N00049111EA0046000619
B1020414151955N00049112EA0046100619
B1020424151955N00049112EA0046000619
B1020434151955N00049113EA0046000619
B1020444151955N00049113EA0046000619
B1020454151954N00049113EA0046000619
B1020464151954N00049113EA0046000619
B1020474151954N00049113EA0046000619
B1020484151954N00049113EA0046000619
B1020494151954N00049113EA0046000619
B1020504151955N00049113EA0046000619
B1020514151955N00049113EA0046000619
B1020524151955N00049112EA0046000618
B1020534151955N00049112EA0046000618
B1020544151955N00049112EA0046100618
B1020554151955N00049112EA0046100618
B1020564151955N00049113EA0046100618
B1020574151954N00049113EA0046000617
B1020584151954N00049113EA0046100618
B1020594151954N00049113EA0046100619
B1021004151953N00049112EA0046100619
B1021014151953N00049112EA0046100618
B1021024151952N00049112EA0046100619
B1021034151953N00049112EA0046100619
B1021044151953N00049113EA0046100619
B1021054151953N00049113EA0046000619
B1021064151953N00049114EA0046100619
B1021074151953N00049114EA0046100619
B1021084151953N00049114EA0046100620
B1021094151953N00049114EA0046100620
B1021104151953N00049114EA0046000620
B1021114151953N00049114EA0046100620
B1021124151953N00049114EA0046100620
B1021134151953N00049114EA0046100620
B1021144151953N00049114EA0046000620
B1021154151953N00049114EA0046100620
B1021164151953N00049114EA0046000620
B1021174151953N00049114EA0046000620
B1021184151953N00049114EA0046100620
B1021194151953N00049114EA0046100620
B1021204151953N00049114EA0046000620
B1021214151954N00049114EA0046100620
B1021224151954N00049114EA0046000620
B1021234151954N00049113EA0046100620
B1021244151954N00049113EA0046100620
B1021254151954N00049113EA0046100620
B1021264151954N00049113EA0046000620
B1021274151954N00049113EA0046100620
B1021284151954N00049113EA0046100620
B1021294151954N00049113EA0046100620
B1021304151954N00049113EA0046100620
B1021314151954N00049113EA0046100620
B1021324151954N00049113EA0046100620
B1021334151954N00049113EA0046100620
B1021344151954N00049113EA0046000620
B1021354151954N00049113EA0046100620
B1021364151954N00049113EA0046100620
B1021374151954N00049113EA0046100620
B1021384151954N00049113EA0046100619
B1021394151954N00049113EA0046100619
B1021404151954N00049113EA0046100619
B1021414151954N00049113EA0046100619
B1021424151954N00049113EA0046100618
B1021434151954N00049113EA0046100618
B1021444151954N00049113EA0046100618
B1021454151954N00049113EA0046000619
B1021464151954N00049113EA0046100619
B1021474151954N00049113EA0046100619
B1021484151954N00049113EA0046100619
B1021494151954N00049113EA0046100618
B1021504151954N00049112EA0046100618
B1021514151955N00049112EA0046200618
B1021524151955N00049112EA0046200618
B1021534151955N00049112EA0046100618
B1021544151955N00049112EA0046100618
B1021554151955N00049112EA0046100619
B1021564151955N00049111EA0046100619
B1021574151955N00049111EA0046100618
B1021584151955N00049111EA0046100619
B1021594151955N00049111EA0046100619
B1022004151955N00049111EA0046000619
B1022014151955N00049111EA0046000619
B1022024151955N00049111EA0046100619
B1022034151955N00049111EA0046100619
B1022044151955N00049111EA0046100619
B1022054151955N00049111EA0046000620
B1022064151955N00049111EA0046100620
B1022074151955N00049111EA0046100620
B1022084151955N00049111EA0046000620
B1022094151955N00049111EA0046100620
B1022104151955N00049111EA0046100619
B1022114151954N00049111EA0046100620
B1022124151955N00049111EA0046100620
B1022134151955N00049111EA0046100620
B1022144151955N00049111EA0046100621
B1022154151955N00049111EA0046100620
B1022164151955N00049111EA0046100620
B1022174151956N00049112EA0046100620
B1022184151956N00049111EA0046100620
B1022194151956N00049111EA0046100620
B1022204151956N00049112EA0046100620
B1022214151955N00049112EA0046100620
B1022224151955N00049112EA0046100620
B1022234151955N00049113EA0046100619
B1022244151955N00049113EA0046100619
B1022254151955N00049113EA0046100618
B1022264151955N00049113EA0046100618
B1022274151955N00049113EA0046200618
B1022284151955N00049113EA0046100618
B1022294151955N00049113EA0046100618
B1022304151955N00049113EA0046100617
B1022314151955N00049113EA0046200617
B1022324151955N00049113EA0046100617
B1022334151955N00049113EA0046200616
B1022344151956N00049114EA0046200616
B1022354151956N00049114EA0046200615
B1022364151956N00049114EA0046200614
B1022374151956N00049114EA0046200614
B1022384151956N00049114EA0046100614
B1022394151956N00049114EA0046100613
B1022404151956N00049114EA0046100612
B1022414151956N00049114EA0046200612
B1022424151956N00049114EA0046100611
B1022434151956N00049114EA0046100610
B1022444151956N00049114EA0046200610
B1022454151957N00049114EA0046100611
B1022464151957N00049114EA0046200611
B1022474151957N00049114EA0046200611
B1022484151957N00049114EA0046200611
B1022494151957N00049114EA0046100611
B1022504151956N00049114EA0046200611
B1022514151956N00049114EA0046200611
B1022524151956N00049114EA0046100612
B1022534151956N00049114EA0046200612
B1022544151956N00049114EA0046200612
B1022554151956N00049114EA0046100612
B1022564151956N00049115EA0046200612
B1022574151956N00049115EA0046200613
B1022584151956N00049115EA0046200614
B1022594151956N00049115EA0046100613
B1023004151956N00049115EA0046100613
B1023014151956N00049115EA0046200613
B1023024151956N00049115EA0046100613
B1023034151956N00049115EA0046100613
B1023044151956N00049115EA0046100613
B1023054151956N00049114EA0046100613
B1023064151956N00049114EA0046100612
B1023074151957N00049114EA0046200612
B1023084151957N00049114EA0046100611
B1023094151957N00049114EA0046100612
B1023104151957N00049114EA0046200612
B1023114151957N00049114EA0046100613
B1023124151957N00049114EA0046100612
B1023134151957N00049114EA0046100612
B1023144151957N00049114EA0046100612
B1023154151957N00049114EA0046100611
B1023164151957N00049113EA0046100611
B1023174151957N00049113EA0046100610
B1023184151957N00049112EA0046100609
B1023194151957N00049112EA0046000609
B1023204151957N00049112EA0046100610
B1023214151957N00049112EA0046100611
B1023224151957N00049112EA0046200611
B1023234151957N00049112EA0046200612
B1023244151957N00049111EA0046200612
B1023254151957N00049111EA0046200612
B1023264151957N00049111EA0046100612
B1023274151957N00049111EA0046200612
B1023284151957N00049111EA0046200612
B1023294151957N00049111EA0046100612
B1023304151957N00049111EA0046100612
B1023314151956N00049111EA0046100613
B1023324151956N00049111EA0046100613
B1023334151956N00049111EA0046200613
B1023344151956N00049111EA0046100613
B1023354151956N00049111EA0046100613
B1023364151956N00049111EA0046100613
B1023374151956N00049111EA0046100612
B1023384151956N00049111EA0046100613
B1023394151956N00049111EA0046200613
B1023404151956N00049111EA0046100613
B1023414151956N00049110EA0046100613
B1023424151956N00049110EA0046100613
B1023434151955N00049110EA0046200613
B1023444151955N00049110EA0046200614
B1023454151955N00049110EA0046200614
B1023464151955N00049110EA0046200614
B1023474151955N00049110EA0046200614
B1023484151955N00049110EA0046100614
B1023494151955N00049110EA0046100614
B1023504151955N00049109EA0046100615
B1023514151955N00049109EA0046200615
B1023524151955N00049109EA0046100615
B1023534151955N00049109EA0046100615
B1023544151955N00049109EA0046000616
B1023554151955N00049109EA0046000615
B1023564151955N00049109EA0046100615
B1023574151955N00049109EA0046100616
B1023584151955N00049109EA0046000616
B1023594151955N00049109EA0046000616
B1024004151955N00049109EA0046000616
B1024014151956N00049109EA0046000615
B1024024151956N00049109EA0046000615
B1024034151956N00049110EA0046000615
B1024044151956N00049110EA0046100615
B1024054151955N00049110EA0046100617
B1024064151955N00049110EA0046000618
B1024074151955N00049111EA0046100618
B1024084151955N00049112EA0046100619
B1024094151955N00049112EA0046100620
B1024104151955N00049112EA0046200620
B1024114151955N00049112EA0046200620
B1024124151954N00049112EA0046200620
B1024134151955N00049112EA0046200620
B1024144151955N00049112EA0046200620
B1024154151955N00049112EA0046200619
B1024164151955N00049112EA0046100619
B1024174151955N00049112EA0046100619
B1024184151955N00049112EA0046200618
B1024194151955N00049111EA0046200618
B1024204151955N00049111EA0046200618
B1024214151955N00049111EA0046100618
B1024224151953N00049114EA0046100620
B1024224151955N00049111EA0046100618
B1024234151955N00049111EA0046100618
B1024244151955N00049111EA0046100618
B1024254151955N00049111EA0046100618
B1024264151955N00049111EA0046000618
B1024274151956N00049111EA0046100618
B1024284151956N00049111EA0046100618
B1024294151956N00049111EA0046000618
B1024304151956N00049111EA0046100617
B1024314151956N00049111EA0046100617
B1024324151955N00049111EA0046200617
B1024334151955N00049112EA0046200617
B1024344151955N00049112EA0046200616
B1024354151955N00049111EA0046100616
B1024364151956N00049111EA0046100615
B1024374151956N00049111EA0046100615
B1024384151956N00049111EA0046100615
B1024394151956N00049111EA0046100614
B1024404151956N00049111EA0046100614
B1024414151956N00049111EA0046100614
B1024424151956N00049111EA0046200614
B1024434151956N00049111EA0046100615
B1024444151955N00049111EA0046100615
B1024454151955N00049111EA0046100615
B1024464151956N00049111EA0046100615
B1024474151956N00049111EA0046200615
B1024484151956N00049111EA0046100615
B1024494151956N00049111EA0046200615
B1024504151955N00049111EA0046200615
B1024514151955N00049111EA0046200615
B1024524151955N00049111EA0046200615
B1024534151955N00049111EA0046100615
B1024544151955N00049111EA0046100616
B1024554151955N00049111EA0046200615
B1024564151955N00049111EA0046200615
B1024574151955N00049111EA0046100615
B1024584151955N00049112EA0046100615
B1024594151955N00049112EA0046100615
B1025004151955N00049111EA0046200615
B1025014151955N00049111EA0046200614
B1025024151955N00049111EA0046200615
B1025034151955N00049111EA0046100615
B1025044151955N00049111EA0046100615
B1025054151955N00049111EA0046100615
B1025064151955N00049112EA0046100615
B1025074151955N00049112EA0046100615
B1025084151955N00049112EA0046100614
B1025094151956N00049112EA0046200614
B1025104151956N00049112EA0046100614
B1025114151956N00049112EA0046100614
B1025124151956N00049112EA0046100614
B1025134151956N00049112EA0046100613
B1025144151956N00049112EA0046100613
B1025154151956N00049112EA0046100613
B1025164151956N00049112EA0046100612
B1025174151957N00049112EA0046100612
B1025184151957N00049112EA0046100611
B1025194151957N00049112EA0046200610
B1025204151957N00049112EA0046200610
B1025214151957N00049112EA0046200611
B1025224151957N00049111EA0046200611
B1025234151957N00049112EA0046200611
B1025244151957N00049112EA0046200611
B1025254151957N00049112EA0046200611
B1025264151957N00049112EA0046100611
B1025274151957N00049112EA0046100612
B1025284151957N00049112EA0046100612
B1025294151957N00049112EA0046200612
B1025304151957N00049112EA0046100612
B1025314151957N00049112EA0046200612
B1025324151957N00049113EA0046100612
B1025334151957N00049113EA0046100612
B1025344151957N00049112EA0046100612
B1025354151957N00049112EA0046100612
B1025364151957N00049111EA0046100613
B1025374151957N00049111EA0046100613
B1025384151957N00049111EA0046200613
B1025394151957N00049111EA0046200613
B1025404151957N00049111EA0046100612
B1025414151957N00049112EA0046100613
B1025424151957N00049112EA0046200612
B1025434151957N00049112EA0046200613
B1025444151957N00049112EA0046100613
B1025454151956N00049112EA0046100613
B1025464151956N00049112EA0046100613
B1025474151956N00049112EA0046100613
B1025484151956N00049112EA0046100613
B1025494151956N00049112EA0046100613
B1025504151956N00049112EA0046100612
B1025514151956N00049112EA0046100611
B1025524151956N00049112EA0046100611
B1025534151956N00049112EA0046100611
B1025544151956N00049112EA0046100611
B1025554151956N00049112EA0046000611
B1025564151956N00049112EA0046100611
B1025574151956N00049113EA0046100611
B1025584151956N00049113EA0046000612
B1025594151956N00049113EA0046100613
B1026004151956N00049114EA0046000613
B1026014151956N00049114EA0046000612
B1026024151956N00049114EA0046000613
B1026034151956N00049114EA0046100613
B1026044151956N00049114EA0046000613
B1026054151956N00049113EA0046100613
B1026064151956N00049112EA0046100613
B1026074151956N00049112EA0046100612
B1026084151956N00049112EA0046100611
B1026094151956N00049112EA0046100611
B1026104151956N00049111EA0046100611
B1026114151957N00049111EA0046100612
B1026124151957N00049111EA0046100612
B1026134151957N00049111EA0046100611
B1026144151957N00049111EA0046100612
B1026154151956N00049111EA0046200612
B1026164151956N00049111EA0046200612
B1026174151956N00049111EA0046100612
B1026184151955N00049110EA0046100612
B1026194151955N00049110EA0046100612
B1026204151955N00049110EA0046100612
B1026214151955N00049109EA0046200612
B1026224151954N00049109EA0046100612
B1026234151954N00049109EA0046100613
B1026244151954N00049109EA0046100614
B1026254151954N00049109EA0046100614
B1026264151954N00049109EA0046100614
B1026274151954N00049109EA0046100614
B1026284151954N00049109EA0046100614
B1026294151954N00049109EA0046100614
B1026304151953N00049109EA0046100614
B1026314151953N00049109EA0046200614
B1026324151953N00049109EA0046100614
B1026334151953N00049109EA0046000614
B1026344151953N00049109EA0046100615
B1026354151953N00049109EA0046100615
B1026364151954N00049109EA0046100615
B1026374151954N00049108EA0046200616
B1026384151954N00049109EA0046200616
B1026394151954N00049109EA0046100616
B1026404151954N00049109EA0046100616
B1026414151954N00049109EA0046200616
B1026424151954N00049109EA0046100616
B1026434151954N00049109EA0046100615
B1026444151954N00049109EA0046100615
B1026454151954N00049109EA0046200615
B1026464151954N00049109EA0046100614
B1026474151954N00049109EA0046200614
B1026484151954N00049109EA0046100614
B1026494151954N00049109EA0046100615
B1026504151954N00049108EA0046200615
B1026514151954N00049108EA0046100615
B1026524151954N00049108EA0046100615
B1026534151954N00049109EA0046100615
B1026544151954N00049109EA0046100615
B1026554151954N00049109EA0046100615
B1026564151954N00049109EA0046100616
B1026574151954N00049109EA0046200617
B1026584151954N00049109EA0046200617
B1026594151954N00049109EA0046200617
B1027004151954N00049109EA0046200617
B1027014151954N00049109EA0046200617
B1027024151954N00049109EA0046200617
B1027034151954N00049110EA0046100617
B1027044151954N00049110EA0046100617
B1027054151954N00049110EA0046100617
B1027064151954N00049109EA0046200618
B1027074151954N00049109EA0046100618
B1027084151954N00049109EA0046300617
B1027094151954N00049109EA0046200617
B1027104151954N00049109EA0046000617
B1027114151954N00049109EA0046100617
B1027124151954N00049109EA0046100617
B1027134151955N00049108EA0046200617
B1027144151954N00049108EA0046100616
B1027154151954N00049108EA0046200616
B1027164151955N00049108EA0046200616
B1027174151955N00049108EA0046100617
B1027184151955N00049108EA0046200616
B1027194151955N00049108EA0046200615
B1027204151954N00049108EA0046200615
B1027214151954N00049108EA0046200616
B1027224151954N00049108EA0046200616
B1027234151954N00049108EA0046200616
B1027244151954N00049108EA0046200616
B1027254151954N00049108EA0046200617
B1027264151954N00049108EA0046300616
B1027274151954N00049108EA0046200616
B1027284151954N00049108EA0046300616
B1027294151954N00049108EA0046200616
B1027304151954N00049108EA0046300616
B1027314151954N00049108EA0046200615
B1027324151954N00049108EA0046300615
B1027334151954N00049108EA0046300616
B1027344151954N00049108EA0046200616
B1027354151954N00049108EA0046200616
B1027364151954N00049108EA0046200616
B1027374151954N00049108EA0046300616
B1027384151954N00049108EA0046200616
B1027394151954N00049108EA0046300616
B1027404151954N00049108EA0046300616
B1027414151954N00049108EA0046200616
B1027424151954N00049107EA0046200616
B1027434151954N00049107EA0046200616
B1027444151954N00049107EA0046100616
B1027454151954N00049107EA0046200616
B1027464151954N00049107EA0046200616
B1027474151954N00049107EA0046200616
B1027484151954N00049107EA0046200616
B1027494151954N00049107EA0046200616
B1027504151954N00049107EA0046300616
B1027514151954N00049107EA0046200615
B1027524151954N00049107EA0046200615
B1027534151954N00049107EA0046300615
B1027544151954N00049107EA0046300615
B1027554151954N00049107EA0046300615
B1027564151954N00049107EA0046300615
B1027574151954N00049107EA0046300615
B1027584151954N00049107EA0046300615
B1027594151954N00049107EA0046300616
B1028004151954N00049107EA0046300616
B1028014151954N00049107EA0046300616
B1028024151954N00049107EA0046200615
B1028034151954N00049107EA0046200615
B1028044151954N00049107EA0046200615
B1028054151954N00049107EA0046300615
B1028064151954N00049107EA0046200614
B1028074151954N00049107EA0046200614
B1028084151954N00049107EA0046200614
B1028094151954N00049107EA0046200614
B1028104151954N00049107EA0046200614
B1028114151954N00049107EA0046200614
B1028124151954N00049107EA0046100614
B1028134151954N00049107EA0046200613
B1028144151954N00049107EA0046200613
B1028154151954N00049107EA0046300613
B1028164151954N00049107EA0046200613
B1028174151954N00049107EA0046200613
B1028184151954N00049107EA0046300613
B1028194151954N00049107EA0046300613
B1028204151954N00049107EA0046200613
B1028214151954N00049107EA0046300613
B1028224151954N00049107EA0046200613
B1028234151954N00049107EA0046200613
B1028244151954N00049108EA0046200613
B1028254151954N00049108EA0046100615
B1028264151954N00049108EA0046100616
B1028274151954N00049108EA0046100616
B1028284151954N00049108EA0046100616
B1028294151954N00049108EA0046100617
B1028304151954N00049108EA0046100617
B1028314151954N00049108EA0046200617
B1028324151954N00049108EA0046200617
B1028334151954N00049108EA0046200618
B1028344151954N00049108EA0046200618
B1028354151954N00049108EA0046200618
B1028364151954N00049108EA0046200618
B1028374151954N00049108EA0046200618
B1028384151954N00049108EA0046300618
B1028394151954N00049108EA0046200618
B1028404151954N00049108EA0046200619
B1028414151953N00049108EA0046200619
B1028424151953N00049109EA0046200620
B1028434151953N00049109EA0046200621
B1028444151953N00049109EA0046200621
B1028454151953N00049110EA0046200621
B1028464151953N00049110EA0046200622
B1028474151954N00049110EA0046200622
B1028484151954N00049110EA0046300622
B1028494151954N00049110EA0046300622
B1028504151954N00049110EA0046300622
B1028514151954N00049109EA0046300622
B1028524151955N00049109EA0046300621
B1028534151955N00049109EA0046300621
B1028544151955N00049108EA0046300620
B1028554151955N00049108EA0046300620
B1028564151955N00049107EA0046300619
B1028574151955N00049107EA0046300619
B1028584151955N00049106EA0046300619
B1028594151955N00049106EA0046300619
B1029004151956N00049106EA0046300619
B1029014151956N00049105EA0046300619
B1029024151956N00049105EA0046300619
B1029034151957N00049105EA0046400619
B1029044151957N00049104EA0046300618
B1029054151957N00049103EA0046400618
B1029064151957N00049103EA0046300619
B1029074151957N00049103EA0046400619
B1029084151958N00049103EA0046200619
B1029094151958N00049103EA0046300619
B1029104151958N00049102EA0046300617
B1029114151958N00049102EA0046200617
B1029124151959N00049102EA0046200618
B1029134151959N00049102EA0046300618
B1029144151959N00049102EA0046200618
B1029154151959N00049102EA0046200618
B1029164151959N00049102EA0046200618
B1029174151959N00049102EA0046200618
B1029184151959N00049101EA0046200619
B1029194151959N00049101EA0046200619
B1029204151960N00049101EA0046300619
B1029214151960N00049101EA0046200619
B1029224151960N00049101EA0046200619
B1029234151960N00049101EA0046300619
B1029244151960N00049101EA0046300619
B1029254151960N00049101EA0046300619
B1029264151960N00049101EA0046300619
B1029274151960N00049101EA0046300619
B1029284151960N00049101EA0046300619
B1029294151960N00049101EA0046300619
B1029304151960N00049101EA0046200619
B1029314151960N00049101EA0046300619
B1029324151960N00049101EA0046200619
B1029334151960N00049101EA0046300619
B1029344151960N00049100EA0046300619
B1029354151960N00049100EA0046200619
B1029364151960N00049101EA0046200619
B1029374151960N00049101EA0046200619
B1029384151960N00049101EA0046200619
B1029394151959N00049102EA0046200618
B1029404151959N00049102EA0046200618
B1029414151959N00049102EA0046200618
B1029424151959N00049102EA0046200617
B1029434151959N00049102EA0046300618
B1029444151960N00049103EA0046200617
B1029454151959N00049103EA0046200617
B1029464151959N00049103EA0046200616
B1029474151959N00049103EA0046200616
B1029484151960N00049103EA0046300616
B1029494151960N00049103EA0046200616
B1029504151960N00049103EA0046200616
B1029514151960N00049103EA0046200616
B1029524151960N00049103EA0046300616
B1029534151960N00049103EA0046200615
B1029544151960N00049103EA0046200615
B1029554151960N00049103EA0046300615
B1029564151960N00049103EA0046300614
B1029574151960N00049103EA0046300615
B1029584151960N00049103EA0046200615
B1029594151960N00049103EA0046200615
B1030004151960N00049103EA0046300615
B1030014151960N00049104EA0046200614
B1030024151960N00049104EA0046200614
B1030034151960N00049104EA0046200614
B1030044151960N00049104EA0046300615
B1030054151961N00049104EA0046300615
B1030064151961N00049104EA0046200615
B1030074151961N00049104EA0046300615
B1030084151961N00049104EA0046200615
B1030094151961N00049104EA0046200615
B1030104151961N00049104EA0046200615
B1030114151961N00049104EA0046200615
B1030124151961N00049104EA0046200615
B1030134151961N00049104EA0046300615
B1030144151961N00049104EA0046300615
B1030154151961N00049104EA0046300614
B1030164151961N00049104EA0046200614
B1030174151961N00049104EA0046200614
B1030184151961N00049104EA0046100614
B1030194151961N00049104EA0046200614
B1030204151961N00049104EA0046200614
B1030214151961N00049104EA0046200614
B1030224151961N00049105EA0046200614
B1030234151961N00049105EA0046200614
B1030244151962N00049104EA0046200614
B1030254151961N00049104EA0046200614
B1030264151961N00049105EA0046200614
B1030274151961N00049105EA0046300613
B1030284151961N00049104EA0046200612
B1030294151961N00049104EA0046200611
B1030304151961N00049104EA0046200612
B1030314151961N00049104EA0046300611
B1030324151961N00049104EA0046200611
B1030334151962N00049104EA0046200610
B1030344151962N00049104EA0046200609
B1030354151962N00049104EA0046300608
B1030364151962N00049104EA0046200608
B1030374151962N00049104EA0046200607
B1030384151962N00049104EA0046200607
B1030394151962N00049104EA0046200608
B1030404151962N00049104EA0046200608
B1030414151962N00049104EA0046300608
B1030424151962N00049104EA0046200609
B1030434151962N00049105EA0046200608
B1030444151962N00049105EA0046300607
B1030454151962N00049105EA0046300607
B1030464151962N00049105EA0046200608
B1030474151962N00049105EA0046200608
B1030484151962N00049105EA0046200608
B1030494151962N00049105EA0046200608
B1030504151962N00049105EA0046200608
B1030514151962N00049105EA0046200609
B1030524151962N00049105EA0046200609
B1030534151962N00049105EA0046200609
B1030544151962N00049105EA0046200609
B1030554151962N00049105EA0046300609
B1030564151962N00049105EA0046300610
B1030574151962N00049105EA0046300611
B1030584151961N00049105EA0046200612
B1030594151961N00049105EA0046200613
B1031004151961N00049105EA0046200614
B1031014151961N00049106EA0046200613
B1031024151961N00049106EA0046300614
B1031034151961N00049106EA0046300614
B1031044151961N00049106EA0046300614
B1031054151961N00049106EA0046200614
B1031064151961N00049106EA0046300613
B1031074151961N00049106EA0046200612
B1031084151961N00049106EA0046200613
B1031094151961N00049106EA0046300613
B1031104151962N00049107EA0046200612
B1031114151961N00049106EA0046200612
B1031124151961N00049106EA0046200613
B1031134151961N00049106EA0046200614
B1031144151961N00049106EA0046200615
B1031154151961N00049106EA0046200615
B1031164151961N00049106EA0046300614
B1031174151961N00049107EA0046300614
B1031184151961N00049107EA0046300614
B1031194151961N00049107EA0046300614
B1031204151961N00049106EA0046300615
B1031214151960N00049106EA0046200615
B1031224151960N00049106EA0046200616
B1031234151960N00049107EA0046300616
B1031244151960N00049107EA0046200617
B1031254151960N00049107EA0046300618
B1031264151959N00049106EA0046200619
B1031274151959N00049106EA0046200620
B1031284151959N00049106EA0046200620
B1031294151959N00049106EA0046200621
B1031304151958N00049106EA0046200621
B1031314151958N00049106EA0046200622
B1031324151958N00049105EA0046200622
B1031334151958N00049105EA0046200622
B1031344151958N00049105EA0046200622
B1031354151958N00049105EA0046200622
B1031364151957N00049105EA0046200621
B1031374151957N00049105EA0046200621
B1031384151957N00049105EA0046200621
B1031394151957N00049105EA0046200620
B1031404151958N00049105EA0046200620
B1031414151958N00049105EA0046300619
B1031424151958N00049105EA0046200618
B1031434151958N00049105EA0046200618
B1031444151958N00049105EA0046200618
B1031454151958N00049105EA0046200617
B1031464151959N00049106EA0046200617
B1031474151959N00049106EA0046200616
B1031484151959N00049106EA0046200616
B1031494151959N00049106EA0046200615
B1031504151959N00049107EA0046200615
B1031514151959N00049107EA0046200614
B1031524151960N00049107EA0046200614
B1031534151959N00049107EA0046300613
B1031544151959N00049107EA0046200614
B1031554151959N00049107EA0046200614
B1031564151959N00049107EA0046200613
B1031574151960N00049107EA0046300613
B1031584151960N00049107EA0046300613
B1031594151960N00049107EA0046300613
B1032004151960N00049107EA0046300613
B1032014151960N00049107EA0046300613
B1032024151960N00049107EA0046200614
B1032034151960N00049107EA0046200613
B1032044151960N00049107EA0046200613
B1032054151960N00049107EA0046200612
B1032064151960N00049107EA0046200612
B1032074151960N00049107EA0046300612
B1032084151961N00049106EA0046200611
B1032094151961N00049107EA0046300611
B1032104151960N00049106EA0046200611
B1032114151961N00049106EA0046200612
B1032124151961N00049106EA0046200612
B1032134151961N00049106EA0046300611
B1032144151961N00049106EA0046300611
B1032154151961N00049106EA0046200612
B1032164151961N00049106EA0046300611
B1032174151961N00049106EA0046200610
B1032184151961N00049106EA0046300610
B1032194151961N00049106EA0046200610
B1032204151961N00049106EA0046200611
B1032214151961N00049106EA0046300611
B1032224151961N00049106EA0046300611
B1032234151961N00049106EA0046300611
B1032244151961N00049106EA0046200611
B1032254151961N00049105EA0046200611
B1032264151961N00049105EA0046200611
B1032274151961N00049105EA0046300612
B1032284151960N00049105EA0046200612
B1032294151960N00049105EA0046200613
B1032304151960N00049105EA0046300612
B1032314151960N00049105EA0046300613
B1032324151959N00049104EA0046300614
B1032334151959N00049104EA0046200614
B1032344151959N00049104EA0046200614
B1032354151959N00049104EA0046300615
B1032364151959N00049104EA0046300615
B1032374151959N00049104EA0046300615
B1032384151959N00049103EA0046300616
B1032394151959N00049103EA0046300616
B1032404151959N00049104EA0046300617
B1032414151959N00049103EA0046200617
B1032424151959N00049103EA0046200618
B1032434151959N00049103EA0046200618
B1032444151959N00049103EA0046200619
B1032454151959N00049103EA0046200619
B1032464151959N00049103EA0046200619
B1032474151959N00049103EA0046200619
B1032484151959N00049103EA0046200620
B1032494151959N00049103EA0046200620
B1032504151959N00049103EA0046200620
B1032514151959N00049103EA0046200620
B1032524151959N00049103EA0046200620
B1032534151958N00049103EA0046200620
B1032544151958N00049103EA0046200620
B1032554151959N00049103EA0046200620
B1032564151958N00049103EA0046200621
B1032574151958N00049103EA0046200621
B1032584151958N00049103EA0046200621
B1032594151958N00049103EA0046200621
B1033004151958N00049103EA0046200621
B1033014151957N00049103EA0046200621
B1033024151957N00049103EA0046200622
B1033034151957N00049103EA0046200622
B1033044151957N00049103EA0046200622
B1033054151957N00049103EA0046200622
B1033064151957N00049103EA0046200622
B1033074151956N00049103EA0046200622
B1033084151956N00049103EA0046200623
B1033094151956N00049103EA0046200623
B1033104151956N00049103EA0046100623
B1033114151956N00049104EA0046200622
B1033124151956N00049104EA0046100622
B1033134151956N00049104EA0046200622
B1033144151956N00049104EA0046300622
B1033154151956N00049104EA0046200621
B1033164151956N00049104EA0046200621
B1033174151957N00049104EA0046200621
B1033184151957N00049104EA0046100621
B1033194151957N00049104EA0046300620
B1033204151957N00049104EA0046200620
B1033214151956N00049104EA0046200620
B1033224151956N00049104EA0046200620
B1033234151956N00049104EA0046200620
B1033244151956N00049104EA0046200621
B1033254151956N00049104EA0046200621
B1033264151956N00049104EA0046200621
B1033274151956N00049104EA0046200621
B1033284151956N00049104EA0046200621
B1033294151956N00049104EA0046100621
B1033304151956N00049104EA0046200621
B1033314151956N00049104EA0046200622
B1033324151956N00049105EA0046100622
B1033334151956N00049105EA0046200623
B1033344151956N00049105EA0046100623
B1033354151956N00049105EA0046100624
B1033364151956N00049105EA0046100624
B1033374151956N00049105EA0046200624
B1033384151956N00049105EA0046200624
B1033394151956N00049105EA0046100624
B1033404151956N00049105EA0046200624
B1033414151956N00049105EA0046100624
B1033424151956N00049105EA0046100625
B1033434151956N00049105EA0046100624
B1033444151956N00049105EA0046100625
B1033454151956N00049105EA0046200624
B1033464151956N00049105EA0046100624
B1033474151956N00049105EA0046200624
B1033484151956N00049105EA0046100624
B1033494151956N00049105EA0046100624
B1033504151956N00049105EA0046100624
B1033514151956N00049105EA0046100624
B1033524151956N00049105EA0046200624
B1033534151956N00049105EA0046200624
B1033544151956N00049105EA0046200624
B1033554151956N00049105EA0046200624
B1033564151956N00049105EA0046200624
B1033574151956N00049105EA0046200624
B1033584151956N00049106EA0046200624
B1033594151956N00049106EA0046200624
B1034004151956N00049106EA0046100623
B1034014151956N00049106EA0046100623
B1034024151956N00049106EA0046200623
B1034034151956N00049106EA0046300623
B1034044151956N00049105EA0046200622
B1034054151956N00049105EA0046300621
B1034064151956N00049105EA0046300620
B1034074151956N00049105EA0046300620
B1034084151957N00049105EA0046300620
B1034094151957N00049105EA0046200620
B1034104151957N00049105EA0046200620
B1034114151957N00049105EA0046200620
B1034124151957N00049105EA0046200620
B1034134151957N00049105EA0046200619
B1034144151957N00049105EA0046200619
B1034154151957N00049105EA0046200619
B1034164151957N00049105EA0046200618
B1034174151957N00049105EA0046200617
B1034184151957N00049105EA0046200617
B1034194151957N00049105EA0046200617
B1034204151957N00049105EA0046200617
B1034214151957N00049105EA0046300617
B1034224151957N00049105EA0046200617
B1034234151957N00049106EA0046200618
B1034244151957N00049106EA0046200618
B1034254151957N00049106EA0046200617
B1034264151957N00049106EA0046200617
B1034274151957N00049106EA0046300617
B1034284151957N00049106EA0046300617
B1034294151957N00049106EA0046200616
B1034304151957N00049105EA0046300617
B1034314151957N00049105EA0046200617
B1034324151957N00049105EA0046300618
B1034334151957N00049105EA0046300618
B1034344151957N00049105EA0046200619
B1034354151957N00049106EA0046300619
B1034364151956N00049106EA0046300619
B1034374151956N00049106EA0046300620
B1034384151957N00049106EA0046300620
B1034394151957N00049106EA0046200620
B1034404151957N00049106EA0046300621
B1034414151957N00049106EA0046200621
B1034424151957N00049106EA0046300622
B1034434151957N00049106EA0046300621
B1034444151957N00049106EA0046300620
B1034454151957N00049106EA0046300620
B1034464151957N00049106EA0046300620
B1034474151957N00049106EA0046300620
B1034484151957N00049106EA0046300621
B1034494151957N00049106EA0046300622
B1034504151957N00049106EA0046200622
B1034514151957N00049106EA0046300621
B1034524151958N00049106EA0046200620
B1034534151958N00049106EA0046300619
B1034544151958N00049106EA0046200619
B1034554151958N00049106EA0046300619
B1034564151958N00049106EA0046300619
B1034574151958N00049105EA0046300619
B1034584151958N00049105EA0046300618
B1034594151958N00049105EA0046200617
B1035004151958N00049105EA0046200617
B1035014151958N00049105EA0046200617
B1035024151958N00049105EA0046200616
B1035034151958N00049105EA0046300616
B1035044151959N00049105EA0046300616
B1035054151959N00049105EA0046300614
B1035064151959N00049105EA0046300614
B1035074151959N00049105EA0046300614
B1035084151959N00049105EA0046200614
B1035094151960N00049105EA0046200613
B1035104151960N00049105EA0046200612
B1035114151960N00049105EA0046300610
B1035124151961N00049105EA0046300609
B1035134151961N00049105EA0046300609
B1035144151961N00049105EA0046200609
B1035154151961N00049105EA0046300609
B1035164151961N00049105EA0046300609
B1035174151961N00049105EA0046300609
B1035184151961N00049105EA0046300609
B1035194151961N00049105EA0046200609
B1035204151962N00049105EA0046200609
B1035214151961N00049105EA0046200609
B1035224151961N00049105EA0046300610
B1035234151961N00049105EA0046300610
B1035244151960N00049106EA0046300610
B1035254151960N00049106EA0046200611
B1035264151960N00049106EA0046300611
B1035274151960N00049106EA0046300611
B1035284151959N00049106EA0046300610
B1035294151959N00049106EA0046300611
B1035304151959N00049107EA0046400611
B1035314151959N00049107EA0046300611
B1035324151959N00049107EA0046400610
B1035334151959N00049108EA0046400610
B1035344151959N00049108EA0046300611
B1035354151959N00049108EA0046300611
B1035364151959N00049108EA0046300610
B1035374151959N00049108EA0046300611
B1035384151959N00049108EA0046300612
B1035394151958N00049108EA0046300612
B1035404151958N00049108EA0046300613
B1035414151958N00049108EA0046300614
B1035424151958N00049108EA0046300614
B1035434151958N00049108EA0046400615
B1035444151957N00049108EA0046300615
B1035454151957N00049108EA0046300616
B1035464151957N00049108EA0046300616
B1035474151957N00049108EA0046300616
B1035484151957N00049108EA0046300616
B1035494151957N00049108EA0046300617
B1035504151957N00049108EA0046300617
B1035514151957N00049108EA0046200617
B1035524151957N00049109EA0046200618
B1035534151957N00049109EA0046300617
B1035544151957N00049109EA0046200617
B1035554151957N00049109EA0046200616
B1035564151957N00049110EA0046300616
B1035574151957N00049110EA0046300616
B1035584151957N00049110EA0046400615
B1035594151957N00049110EA0046400615
B1036004151957N00049110EA0046300615
B1036014151957N00049111EA0046300615
B1036024151957N00049111EA0046300616
B1036034151957N00049111EA0046200616
B1036044151957N00049111EA0046200615
B1036054151957N00049111EA0046300615
B1036064151957N00049111EA0046300615
B1036074151957N00049110EA0046200615
B1036084151957N00049110EA0046300615
B1036094151957N00049110EA0046200614
B1036104151957N00049110EA0046300614
B1036114151957N00049110EA0046300614
B1036124151958N00049110EA0046300614
B1036134151958N00049111EA0046300614
B1036144151958N00049111EA0046300615
B1036154151957N00049111EA0046300615
B1036164151958N00049111EA0046200616
B1036174151958N00049111EA0046200616
B1036184151957N00049111EA0046200616
B1036194151957N00049111EA0046300617
B1036204151957N00049111EA0046300617
B1036214151957N00049111EA0046200617
B1036224151957N00049111EA0046200618
B1036234151957N00049111EA0046300618
B1036244151957N00049111EA0046300618
B1036254151957N00049112EA0046300618
B1036264151957N00049112EA0046200618
B1036274151957N00049112EA0046300618
B1036284151958N00049112EA0046200619
B1036294151957N00049112EA0046300619
B1036304151957N00049112EA0046300619
B1036314151957N00049112EA0046200619
B1036324151957N00049112EA0046300619
B1036334151957N00049111EA0046300619
B1036344151957N00049111EA0046300618
B1036354151957N00049111EA0046300618
B1036364151957N00049111EA0046300618
B1036374151957N00049111EA0046200618
B1036384151957N00049111EA0046300618
B1036394151958N00049111EA0046400617
B1036404151958N00049111EA0046200616
B1036414151958N00049111EA0046300616
B1036424151958N00049111EA0046300616
B1036434151958N00049111EA0046300615
B1036444151958N00049111EA0046300615
B1036454151958N00049111EA0046300614
B1036464151958N00049111EA0046300614
B1036474151958N00049111EA0046300615
B1036484151958N00049111EA0046300615
B1036494151958N00049111EA0046300615
B1036504151958N00049111EA0046300615
B1036514151958N00049111EA0046300616
B1036524151958N00049111EA0046300616
B1036534151958N00049111EA0046300617
B1036544151958N00049111EA0046200618
B1036554151958N00049111EA0046300618
B1036564151958N00049111EA0046300618
B1036574151958N00049111EA0046200618
B1036584151958N00049111EA0046200618
B1036594151958N00049111EA0046200619
B1037004151958N00049111EA0046300619
B1037014151958N00049111EA0046200620
B1037024151958N00049111EA0046300620
B1037034151958N00049110EA0046200622
B1037044151958N00049110EA0046300624
B1037054151958N00049110EA0046300626
B1037064151957N00049110EA0046300627
B1037074151957N00049110EA0046200628
B1037084151957N00049110EA0046200630
B1037094151957N00049110EA0046200631
B1037104151957N00049110EA0046200631
B1037114151957N00049110EA0046200631
B1037124151958N00049109EA0046200631
B1037134151958N00049109EA0046300630
B1037144151958N00049109EA0046300630
B1037154151958N00049109EA0046300630
B1037164151958N00049109EA0046300630
B1037174151958N00049109EA0046300630
B1037184151958N00049109EA0046300630
B1037194151958N00049109EA0046300630
B1037204151958N00049109EA0046300631
B1037214151958N00049109EA0046400631
B1037224151958N00049109EA0046300631
B1037234151958N00049109EA0046300631
B1037244151958N00049109EA0046300629
B1037254151959N00049109EA0046300629
B1037264151959N00049109EA0046300628
B1037274151959N00049109EA0046300627
B1037284151959N00049109EA0046300627
B1037294151959N00049109EA0046300626
B1037304151959N00049109EA0046400624
B1037314151959N00049109EA0046400624
B1037324151959N00049110EA0046300623
B1037334151958N00049110EA0046300624
B1037344151958N00049110EA0046300624
B1037354151958N00049110EA0046300624
B1037364151958N00049110EA0046300625
B1037374151958N00049110EA0046300625
B1037384151958N00049110EA0046200625
B1037394151958N00049110EA0046200626
B1037404151958N00049110EA0046200626
B1037414151958N00049110EA0046300627
B1037424151957N00049110EA0046300627
B1037434151957N00049110EA0046300627
B1037444151957N00049110EA0046300627
B1037454151957N00049110EA0046300626
B1037464151957N00049110EA0046300625
B1037474151957N00049110EA0046300625
B1037484151957N00049111EA0046300625
B1037494151957N00049111EA0046300623
B1037504151957N00049111EA0046300623
B1037514151957N00049111EA0046300624
B1037524151957N00049111EA0046300623
B1037534151957N00049111EA0046300623
B1037544151957N00049111EA0046300623
B1037554151957N00049111EA0046300623
B1037564151957N00049111EA0046300622
B1037574151957N00049111EA0046200622
B1037584151957N00049111EA0046300622
B1037594151957N00049111EA0046300623
B1038004151957N00049111EA0046200623
B1038014151957N00049111EA0046200624
B1038024151957N00049111EA0046200623
B1038034151957N00049111EA0046200623
B1038044151957N00049111EA0046200623
B1038054151957N00049111EA0046200624
B1038064151957N00049111EA0046200623
B1038074151957N00049111EA0046300624
B1038084151957N00049111EA0046300623
B1038094151957N00049111EA0046300623
B1038104151956N00049111EA0046300623
B1038114151956N00049111EA0046300622
B1038124151957N00049111EA0046300622
B1038134151957N00049110EA0046200620
B1038144151958N00049110EA0046200619
B1038154151958N00049111EA0046300617
B1038164151958N00049111EA0046300616
B1038174151958N00049111EA0046200616
B1038184151958N00049111EA0046300615
B1038194151958N00049111EA0046300614
B1038204151958N00049111EA0046200614
B1038214151957N00049111EA0046300614
B1038224151957N00049111EA0046200614
B1038234151958N00049111EA0046200614
B1038244151958N00049111EA0046200612
B1038254151957N00049111EA0046200612
B1038264151957N00049111EA0046200612
B1038274151957N00049111EA0046200613
B1038284151957N00049111EA0046200614
B1038294151956N00049111EA0046200616
B1038304151956N00049111EA0046100617
B1038314151956N00049111EA0046200618
B1038324151955N00049111EA0046200619
B1038334151955N00049111EA0046200620
B1038344151955N00049111EA0046300620
B1038354151955N00049111EA0046300621
B1038364151955N00049111EA0046200621
B1038374151956N00049111EA0046200622
B1038384151956N00049110EA0046200620
B1038394151956N00049110EA0046300619
B1038404151956N00049110EA0046300617
B1038414151956N00049110EA0046300617
B1038424151956N00049110EA0046200617
B1038434151956N00049110EA0046200616
B1038444151956N00049110EA0046300616
B1038454151955N00049110EA0046200616
B1038464151955N00049110EA0046200616
B1038474151956N00049111EA0046300616
B1038484151955N00049111EA0046200616
B1038494151955N00049111EA0046200617
B1038504151956N00049111EA0046300616
B1038514151956N00049110EA0046200615
B1038524151957N00049110EA0046200614
B1038534151957N00049110EA0046200612
B1038544151956N00049110EA0046300614
B1038554151956N00049110EA0046200615
B1038564151956N00049110EA0046200615
B1038574151956N00049110EA0046100616
B1038584151956N00049110EA0046200616
B1038594151956N00049110EA0046200617
B1039004151956N00049110EA0046200618
B1039014151956N00049110EA0046100620
B1039024151956N00049110EA0046100620
B1039034151956N00049110EA0046100621
B1039044151955N00049110EA0046100622
B1039054151955N00049110EA0046100623
B1039064151955N00049111EA0046100623
B1039074151955N00049111EA0046200623
B1039084151955N00049111EA0046200624
B1039094151955N00049111EA0046200625
B1039104151955N00049111EA0046200625
B1039114151955N00049111EA0046200625
B1039124151955N00049111EA0046200625
B1039134151955N00049111EA0046200625
B1039144151955N00049111EA0046200625
B1039154151955N00049111EA0046200625
B1039164151955N00049111EA0046200624
B1039174151955N00049111EA0046100625
B1039184151955N00049111EA0046200625
B1039194151955N00049111EA0046200626
B1039204151955N00049111EA0046200626
B1039214151955N00049111EA0046200626
B1039224151955N00049111EA0046200627
B1039234151955N00049111EA0046200627
B1039244151955N00049111EA0046200628
B1039254151955N00049111EA0046100628
B1039264151955N00049111EA0046100628
B1039274151955N00049111EA0046100629
B1039284151955N00049112EA0046100629
B1039294151955N00049112EA0046200630
B1039304151955N00049112EA0046100630
B1039314151955N00049112EA0046200630
B1039324151955N00049112EA0046100630
B1039334151955N00049111EA0046100630
B1039344151955N00049112EA0046200630
B1039354151955N00049112EA0046100630
B1039364151955N00049112EA0046100630
B1039374151955N00049112EA0046100630
B1039384151955N00049112EA0046200630
B1039394151955N00049112EA0046200630
B1039404151955N00049112EA0046100630
B1039414151955N00049112EA0046100630
B1039424151955N00049112EA0046100631
B1039434151955N00049111EA0046200631
B1039444151955N00049111EA0046100631
B1039454151955N00049111EA0046100631
B1039464151955N00049111EA0046200630
B1039474151955N00049111EA0046300629
B1039484151955N00049111EA0046200628
B1039494151955N00049111EA0046200628
B1039504151955N00049111EA0046200628
B1039514151955N00049111EA0046200627
B1039524151955N00049111EA0046200626
B1039534151955N00049111EA0046200626
B1039544151955N00049111EA0046300626
B1039554151955N00049111EA0046200626
B1039564151955N00049111EA0046200626
B1039574151955N00049111EA0046200625
B1039584151955N00049111EA0046200625
B1039594151955N00049111EA0046200625
B1040004151955N00049111EA0046100625
B1040014151955N00049111EA0046200625
B1040024151955N00049111EA0046200625
B1040034151955N00049111EA0046200626
B1040044151955N00049111EA0046200626
B1040054151955N00049111EA0046200625
B1040064151955N00049111EA0046200627
B1040074151954N00049111EA0046200629
B1040084151954N00049111EA0046200630
B1040094151954N00049111EA0046200630
B1040104151954N00049111EA0046200630
B1040114151954N00049111EA0046200631
B1040124151954N00049111EA0046200631
B1040134151954N00049110EA0046200631
B1040144151954N00049110EA0046200631
B1040154151954N00049110EA0046300630
B1040164151954N00049110EA0046200630
B1040174151954N00049110EA0046200629
B1040184151954N00049110EA0046200629
B1040194151954N00049110EA0046300628
B1040204151954N00049110EA0046200628
B1040214151954N00049110EA0046200628
B1040224151954N00049110EA0046100628
B1040234151955N00049110EA0046200627
B1040244151954N00049110EA0046200627
B1040254151954N00049110EA0046200627
B1040264151954N00049110EA0046200626
B1040274151954N00049110EA0046300626
B1040284151954N00049110EA0046200626
B1040294151954N00049110EA0046200626
B1040304151954N00049110EA0046200626
B1040314151954N00049110EA0046300626
B1040324151954N00049110EA0046200625
B1040334151954N00049110EA0046300625
B1040344151954N00049110EA0046300625
B1040354151954N00049110EA0046200625
B1040364151954N00049110EA0046200625
B1040374151954N00049110EA0046200625
B1040384151954N00049110EA0046200625
B1040394151954N00049110EA0046200626
B1040404151954N00049110EA0046200626
B1040414151954N00049110EA0046200626
B1040424151954N00049110EA0046200626
B1040434151954N00049110EA0046200626
B1040444151955N00049110EA0046200626
B1040454151954N00049110EA0046200625
B1040464151954N00049110EA0046300625
B1040474151954N00049110EA0046300625
B1040484151954N00049109EA0046200625
B1040494151954N00049109EA0046200624
B1040504151954N00049109EA0046200624
B1040514151954N00049108EA0046200623
B1040524151954N00049108EA0046300623
B1040534151954N00049108EA0046200623
B1040544151954N00049109EA0046200622
B1040554151954N00049109EA0046300622
B1040564151954N00049109EA0046200621
B1040574151954N00049108EA0046200620
B1040584151954N00049108EA0046200619
B1040594151954N00049108EA0046200617
B1041004151954N00049108EA0046200617
B1041014151955N00049108EA0046200615
B1041024151955N00049107EA0046200615
B1041034151955N00049107EA0046300615
B1041044151955N00049107EA0046300614
B1041054151955N00049107EA0046200614
B1041064151955N00049106EA0046200614
B1041074151955N00049106EA0046200615
B1041084151955N00049106EA0046300614
B1041094151955N00049106EA0046200614
B1041104151955N00049106EA0046200614
B1041114151955N00049106EA0046200615
B1041124151956N00049106EA0046200615
B1041134151956N00049106EA0046200615
B1041144151956N00049105EA0046300616
B1041154151957N00049105EA0046200614
B1041164151957N00049105EA0046100614
B1041174151957N00049105EA0046200614
B1041184151957N00049106EA0046200615
B1041194151957N00049105EA0046300614
B1041204151958N00049106EA0046200614
B1041214151958N00049106EA0046200613
B1041224151959N00049107EA0046300614
B1041234151960N00049107EA0046300614
B1041244151959N00049107EA0046300614
B1041254151958N00049106EA0046200613
B1041264151957N00049106EA0046300614
B1041274151956N00049106EA0046300614
B1041284151956N00049106EA0046300614
B1041294151956N00049106EA0046300615
B1041304151956N00049105EA0046300615
B1041314151958N00049105EA0046300615
B1041324151962N00049107EA0046300616
B1041334151966N00049109EA0046300617
B1041344151969N00049109EA0046300619
B1041354151971N00049110EA0046300618
B1041364151974N00049110EA0046300619
B1041374151979N00049112EA0046300619
B1043194151964N00049089EA0046300620
B1043204151963N00049090EA0046200620
B1043214151963N00049096EA0046200621
B1043224151962N00049102EA0046200619
B1043234151961N00049104EA0046200615
B1043244151960N00049103EA0046300615
B1043254151960N00049103EA0046200615
B1043264151960N00049103EA0046200615
B1043274151959N00049103EA0046200614
B1043284151959N00049104EA0046300614
B1043294151959N00049104EA0046300614
B1043304151959N00049104EA0046300614
B1043314151959N00049104EA0046300614
B1043324151959N00049104EA0046300614
B1043334151959N00049104EA0046300615
B1043344151959N00049105EA0046300615
B1043354151958N00049104EA0046300615
B1043364151958N00049104EA0046300616
B1043374151957N00049104EA0046300616
B1043384151957N00049104EA0046200616
B1043394151957N00049104EA0046300616
B1043404151957N00049104EA0046200616
B1043414151956N00049104EA0046200616
B1043424151956N00049104EA0046200616
B1043434151956N00049104EA0046200616
B1043444151956N00049104EA0046200617
B1043454151956N00049104EA0046200617
B1043464151956N00049104EA0046300617
B1043474151955N00049105EA0046200617
B1043484151955N00049105EA0046200616
B1043494151955N00049105EA0046300616
B1043504151955N00049105EA0046300616
B1043514151955N00049105EA0046400617
B1043524151955N00049105EA0046300617
B1043534151955N00049105EA0046300617
B1043544151955N00049105EA0046200617
B1043554151954N00049105EA0046300617
B1043564151954N00049105EA0046300617
B1043574151954N00049105EA0046300617
B1043584151954N00049105EA0046300617
B1043594151954N00049105EA0046200617
B1044004151954N00049105EA0046300617
B1044014151954N00049105EA0046200617
B1044024151954N00049105EA0046200617
B1044034151954N00049105EA0046200617
B1044044151954N00049105EA0046200617
B1044054151954N00049105EA0046200617
B1044064151954N00049105EA0046200617
B1044074151954N00049105EA0046200617
B1044084151954N00049105EA0046200617
B1044094151954N00049105EA0046300617
B1044104151954N00049105EA0046200618
B1044114151954N00049105EA0046200618
B1044124151954N00049105EA0046300618
B1044134151954N00049105EA0046200618
B1044144151954N00049105EA0046300619
B1044154151954N00049105EA0046300619
B1044164151954N00049105EA0046300619
B1044174151954N00049105EA0046300619
B1044184151954N00049104EA0046300618
B1044194151955N00049104EA0046200618
B1044204151955N00049104EA0046300617
B1044214151955N00049104EA0046200617
B1044224151955N00049104EA0046300617
B1044234151955N00049103EA0046200617
B1044244151955N00049103EA0046300617
B1044254151955N00049103EA0046200618
B1044264151955N00049102EA0046300618
B1044274151955N00049102EA0046300618
B1044284151955N00049102EA0046300618
B1044294151955N00049102EA0046300618
B1044304151955N00049102EA0046200618
B1044314151955N00049102EA0046200619
B1044324151955N00049102EA0046300619
B1044334151955N00049102EA0046200619
B1044344151955N00049102EA0046300619
B1044354151955N00049102EA0046300619
B1044364151955N00049102EA0046200619
B1044374151955N00049102EA0046300619
B1044384151955N00049103EA0046200619
B1044394151955N00049103EA0046300619
B1044404151955N00049103EA0046200619
B1044414151955N00049103EA0046200619
B1044424151955N00049103EA0046200619
B1044434151955N00049103EA0046300619
B1044444151955N00049103EA0046200619
B1044454151955N00049103EA0046300619
B1044464151955N00049103EA0046300619
B1044474151955N00049104EA0046300619
B1044484151955N00049104EA0046300618
B1044494151956N00049104EA0046300618
B1044504151956N00049104EA0046300618
B1044514151956N00049104EA0046300617
B1044524151956N00049104EA0046300617
B1044534151956N00049104EA0046300616
B1044544151956N00049104EA0046300616
B1044554151956N00049104EA0046200618
B1044564151956N00049104EA0046200617
B1044574151956N00049104EA0046200617
B1044584151956N00049104EA0046200617
B1044594151956N00049104EA0046300616
B1045004151957N00049104EA0046200616
B1045014151957N00049104EA0046200616
B1045024151957N00049104EA0046300616
B1045034151957N00049104EA0046300616
B1045044151957N00049104EA0046200616
B1045054151957N00049104EA0046200616
B1045064151957N00049104EA0046300616
B1045074151956N00049104EA0046200615
B1045084151956N00049104EA0046200616
B1045094151956N00049104EA0046200617
B1045104151956N00049104EA0046300618
B1045114151956N00049104EA0046200618
B1045124151956N00049104EA0046200619
B1045134151956N00049104EA0046200620
B1045144151956N00049104EA0046200620
B1045154151956N00049103EA0046200619
B1045164151956N00049103EA0046300620
B1045174151956N00049104EA0046200620
B1045184151956N00049103EA0046200619
B1045194151956N00049103EA0046300619
B1045204151956N00049103EA0046300618
B1045214151956N00049103EA0046200618
B1045224151956N00049103EA0046200618
B1045234151955N00049103EA0046300618
B1045244151956N00049103EA0046200618
B1045254151956N00049104EA0046300617
B1045264151955N00049104EA0046200617
B1045274151956N00049104EA0046200617
B1045284151956N00049104EA0046200617
B1045294151956N00049104EA0046300618
B1045304151956N00049104EA0046300618
B1045314151956N00049104EA0046300617
B1045324151956N00049104EA0046300617
B1045334151956N00049104EA0046300617
B1045344151955N00049104EA0046300617
B1045354151955N00049104EA0046200618
B1045364151956N00049104EA0046300617
B1045374151956N00049104EA0046300617
B1045384151956N00049104EA0046300616
B1045394151956N00049104EA0046300617
B1045404151956N00049104EA0046300617
B1045414151956N00049104EA0046300617
B1045424151956N00049104EA0046300617
B1045434151956N00049105EA0046300617
B1045444151955N00049105EA0046300618
B1045454151955N00049105EA0046300618
B1045464151955N00049105EA0046300619
B1045474151955N00049105EA0046300620
B1045484151955N00049105EA0046300620
B1045494151955N00049105EA0046300620
B1045504151955N00049105EA0046300621
B1045514151954N00049105EA0046300622
B1045524151954N00049105EA0046300623
B1045534151954N00049105EA0046200624
B1045544151954N00049105EA0046200625
B1045554151954N00049105EA0046300625
B1045564151954N00049105EA0046300625
B1045574151954N00049105EA0046300625
B1045584151954N00049105EA0046300626
B1045594151954N00049105EA0046300627
B1046004151954N00049105EA0046300626
B1046014151954N00049105EA0046300626
B1046024151954N00049105EA0046300625
B1046034151954N00049105EA0046300625
B1046044151954N00049105EA0046300624
B1046054151955N00049105EA0046300624
B1046064151955N00049105EA0046300624
B1046074151955N00049105EA0046300623
B1046084151955N00049105EA0046300623
B1046094151955N00049105EA0046300622
B1046104151955N00049105EA0046300622
B1046114151955N00049105EA0046300621
B1046124151955N00049105EA0046300621
B1046134151955N00049105EA0046300621
B1046144151955N00049105EA0046300621
B1046154151955N00049105EA0046400621
B1046164151955N00049105EA0046300621
B1046174151955N00049105EA0046300622
B1046184151955N00049105EA0046400622
B1046194151955N00049105EA0046300622
B1046204151955N00049105EA0046300621
B1046214151955N00049105EA0046300621
B1046224151955N00049105EA0046300621
B1046234151956N00049105EA0046300621
B1046244151956N00049105EA0046300620
B1046254151956N00049105EA0046300620
B1046264151956N00049105EA0046300620
B1046274151956N00049105EA0046300620
B1046284151956N00049105EA0046300620
B1046294151956N00049105EA0046300621
B1046304151956N00049105EA0046200621
B1046314151956N00049105EA0046300621
B1046324151956N00049104EA0046300621
B1046334151955N00049104EA0046200620
B1046344151956N00049104EA0046300620
B1046354151955N00049104EA0046300620
B1046364151955N00049103EA0046300620
B1046374151955N00049103EA0046300620
B1046384151955N00049103EA0046300620
B1046394151955N00049103EA0046300620
B1046404151954N00049103EA0046300620
B1046414151954N00049103EA0046300620
B1046424151954N00049104EA0046300621
B1046434151954N00049103EA0046300621
B1046444151954N00049104EA0046300621
B1046454151954N00049104EA0046300623
B1046464151955N00049104EA0046300623
B1046474151955N00049104EA0046300623
B1046484151955N00049104EA0046300622
B1046494151955N00049104EA0046300623
B1046504151955N00049104EA0046300622
B1046514151955N00049104EA0046300622
B1046524151955N00049104EA0046300622
B1046534151955N00049104EA0046300622
B1046544151955N00049104EA0046300623
B1046554151955N00049104EA0046300622
B1046564151955N00049104EA0046300622
B1046574151955N00049104EA0046300622
B1046584151955N00049104EA0046300622
B1046594151955N00049104EA0046300622
B1047004151955N00049104EA0046300622
B1047014151955N00049104EA0046300622
B1047024151955N00049105EA0046200622
B1047034151955N00049105EA0046300622
B1047044151955N00049105EA0046300622
B1047054151955N00049106EA0046200623
B1047064151955N00049106EA0046300623
B1047074151955N00049106EA0046300622
B1047084151955N00049106EA0046300622
B1047094151955N00049106EA0046300622
B1047104151955N00049106EA0046300621
B1047114151955N00049106EA0046300620
B1047124151955N00049106EA0046300620
B1047134151955N00049106EA0046200619
B1047144151956N00049106EA0046300619
B1047154151956N00049106EA0046300619
B1047164151956N00049106EA0046300619
B1047174151956N00049106EA0046300618
B1047184151956N00049106EA0046300618
B1047194151956N00049106EA0046300618
B1047204151956N00049106EA0046300618
B1047214151956N00049106EA0046300618
B1047224151956N00049106EA0046300618
B1047234151956N00049106EA0046300619
B1047244151956N00049105EA0046300618
B1047254151956N00049106EA0046300619
B1047264151956N00049106EA0046300619
B1047274151956N00049106EA0046300619
B1047284151955N00049106EA0046200619
B1047294151955N00049106EA0046200620
B1047304151955N00049106EA0046200620
B1047314151955N00049106EA0046200620
B1047324151955N00049106EA0046200620
B1047334151955N00049106EA0046300620
B1047344151955N00049107EA0046400621
B1047354151955N00049107EA0046300621
B1047364151955N00049107EA0046300621
B1047374151955N00049107EA0046400621
B1047384151955N00049107EA0046300621
B1047394151955N00049107EA0046300621
B1047404151955N00049107EA0046300621
B1047414151955N00049107EA0046300621
B1047424151955N00049107EA0046300621
B1047434151954N00049107EA0046200621
B1047444151954N00049106EA0046300621
B1047454151954N00049106EA0046200621
B1047464151954N00049106EA0046200621
B1047474151954N00049107EA0046200621
B1047484151954N00049107EA0046300621
B1047494151954N00049107EA0046300621
B1047504151954N00049107EA0046300621
B1047514151954N00049107EA0046200621
B1047524151954N00049107EA0046300620
B1047534151954N00049107EA0046200620
B1047544151954N00049107EA0046200621
B1047554151955N00049107EA0046200621
B1047564151954N00049107EA0046200621
B1047574151954N00049107EA0046200621
B1047584151954N00049107EA0046200622
B1047594151954N00049107EA0046200622
B1048004151954N00049107EA0046200622
B1048014151954N00049107EA0046200622
B1048024151954N00049107EA0046200623
B1048034151954N00049107EA0046200623
B1048044151954N00049107EA0046200623
B1048054151954N00049107EA0046200622
B1048064151954N00049107EA0046200623
B1048074151954N00049106EA0046300622
B1048084151954N00049106EA0046200621
B1048094151954N00049106EA0046300621
B1048104151954N00049106EA0046200622
B1048114151954N00049106EA0046200621
B1048124151954N00049106EA0046200621
B1048134151954N00049106EA0046200621
B1048144151953N00049105EA0046200620
B1048154151953N00049105EA0046200620
B1048164151953N00049105EA0046300620
B1048174151952N00049105EA0046300619
B1048184151952N00049105EA0046200620
B1048194151952N00049104EA0046300621
B1048204151952N00049104EA0046200622
B1048214151952N00049104EA0046200621
B1048224151951N00049105EA0046200621
B1048234151951N00049105EA0046200621
B1048244151951N00049105EA0046200621
B1048254151951N00049105EA0046200621
B1048264151951N00049105EA0046300621
B1048274151951N00049105EA0046300620
B1048284151951N00049104EA0046300620
B1048294151951N00049104EA0046200620
B1048304151951N00049104EA0046200620
B1048314151951N00049104EA0046200619
B1048324151950N00049104EA0046300619
B1048334151950N00049104EA0046200619
B1048344151950N00049104EA0046200619
B1048354151950N00049104EA0046200620
B1048364151950N00049104EA0046200621
B1048374151949N00049104EA0046100621
B1048384151949N00049104EA0046200621
B1048394151949N00049104EA0046200621
B1048404151949N00049104EA0046200621
B1048414151949N00049104EA0046200621
B1048424151949N00049104EA0046200621
B1048434151949N00049104EA0046200621
B1048444151949N00049104EA0046200621
B1048454151949N00049104EA0046200621
B1048464151949N00049103EA0046200621
B1048474151949N00049103EA0046200620
B1048484151949N00049103EA0046300621
B1048494151949N00049104EA0046200621
B1048504151949N00049104EA0046200621
B1048514151949N00049104EA0046200620
B1048524151949N00049104EA0046200621
B1048534151949N00049103EA0046200621
B1048544151949N00049103EA0046200621
B1048554151949N00049103EA0046300621
B1048564151949N00049104EA0046200621
B1048574151949N00049104EA0046200621
B1048584151949N00049104EA0046200621
B1048594151949N00049104EA0046200621
B1049004151949N00049104EA0046200621
B1049014151949N00049104EA0046200621
B1049024151948N00049104EA0046200621
B1049034151948N00049104EA0046200621
B1049044151948N00049104EA0046200621
B1049054151948N00049104EA0046200621
B1049064151948N00049104EA0046100622
B1049074151949N00049104EA0046200622
B1049084151949N00049105EA0046200622
B1049094151948N00049105EA0046200622
B1049104151949N00049105EA0046100621
B1049114151948N00049105EA0046200621
B1049124151948N00049105EA0046200621
B1049134151948N00049105EA0046100621
B1049144151947N00049105EA0046200621
B1049154151947N00049105EA0046100621
B1049164151947N00049105EA0046200620
B1049174151946N00049105EA0046200620
B1049184151945N00049105EA0046200619
B1049194151945N00049105EA0046200619
B1049204151944N00049104EA0046200619
B1049214151944N00049104EA0046100619
B1049224151945N00049104EA0046200619
B1049234151945N00049105EA0046100619
B1049244151945N00049105EA0046100619
B1049254151945N00049106EA0046100619
B1049264151944N00049106EA0046100619
B1049274151944N00049106EA0046000619
B1049284151945N00049106EA0046100620
B1049294151945N00049106EA0046100619
B1049304151946N00049105EA0046200620
B1049314151946N00049105EA0046200620
B1049324151946N00049105EA0046200620
B1049334151946N00049105EA0046100619
B1049344151947N00049105EA0046100619
B1049354151947N00049105EA0046100619
B1049364151948N00049105EA0046100619
B1049374151948N00049105EA0046100620
B1049384151947N00049105EA0046100620
B1049394151947N00049105EA0046200620
B1049404151947N00049105EA0046200620
B1049414151947N00049106EA0046100620
B1049424151947N00049106EA0046200621
B1049434151947N00049106EA0046100621
B1049444151948N00049106EA0046200621
B1049454151948N00049106EA0046100621
B1049464151948N00049106EA0046200622
B1049474151947N00049106EA0046200622
B1049484151947N00049106EA0046200622
B1049494151947N00049106EA0046200622
B1049504151947N00049106EA0046200622
B1049514151947N00049106EA0046200622
B1049524151947N00049106EA0046100622
B1049534151947N00049106EA0046200622
B1049544151947N00049106EA0046200621
B1049554151947N00049106EA0046100621
B1049564151947N00049106EA0046200621
B1049574151947N00049106EA0046200621
B1049584151947N00049106EA0046100621
B1049594151948N00049106EA0046200621
B1050004151948N00049106EA0046200621
B1050014151948N00049106EA0046200621
B1050024151948N00049106EA0046200621
B1050034151948N00049106EA0046200621
B1050044151948N00049106EA0046100621
B1050054151948N00049106EA0046100621
B1050064151948N00049106EA0046200621
B1050074151948N00049106EA0046200621
B1050084151948N00049106EA0046100622
B1050094151948N00049106EA0046100622
B1050104151948N00049106EA0046200622
B1050114151948N00049106EA0046200622
B1050124151948N00049106EA0046100622
B1050134151948N00049106EA0046100622
B1050144151948N00049106EA0046200623
B1050154151948N00049106EA0046200623
B1050164151948N00049106EA0046200623
B1050174151948N00049106EA0046200623
B1050184151948N00049106EA0046200623
B1050194151948N00049106EA0046200624
B1050204151948N00049106EA0046200624
B1050214151948N00049106EA0046200624
B1050224151948N00049106EA0046100624
B1050234151948N00049106EA0046200624
B1050244151948N00049106EA0046200625
B1050254151948N00049106EA0046300625
B1050264151948N00049106EA0046200625
B1050274151948N00049106EA0046200626
B1050284151948N00049106EA0046200626
B1050294151948N00049106EA0046200626
B1050304151948N00049106EA0046200626
B1050314151948N00049106EA0046200626
B1050324151948N00049106EA0046200626
B1050334151948N00049106EA0046200626
B1050344151947N00049106EA0046200626
B1050354151947N00049106EA0046200626
B1050364151947N00049106EA0046200627
B1050374151947N00049106EA0046200627
B1050384151947N00049106EA0046200627
B1050394151947N00049105EA0046200627
B1050404151947N00049105EA0046200627
B1050414151947N00049105EA0046200626
B1050424151947N00049105EA0046200626
B1050434151947N00049105EA0046300625
B1050444151947N00049105EA0046200625
B1050454151948N00049105EA0046300625
B1050464151948N00049105EA0046300625
B1050474151948N00049105EA0046300624
B1050484151948N00049105EA0046200624
B1050494151948N00049105EA0046200624
B1050504151948N00049105EA0046200624
B1050514151948N00049105EA0046200623
B1050524151948N00049105EA0046200624
B1050534151948N00049105EA0046200623
B1050544151948N00049105EA0046200623
B1050554151948N00049105EA0046300623
B1050564151948N00049105EA0046300623
B1050574151948N00049105EA0046300623
B1050584151948N00049105EA0046200624
B1050594151948N00049105EA0046200624
B1051004151948N00049105EA0046300624
B1051014151948N00049105EA0046300623
B1051024151948N00049105EA0046300623
B1051034151948N00049105EA0046200623
B1051044151948N00049105EA0046200623
B1051054151948N00049105EA0046200623
B1051064151948N00049105EA0046300623
B1051074151948N00049105EA0046200623
B1051084151948N00049105EA0046300623
B1051094151948N00049105EA0046200622
B1051104151948N00049105EA0046200623
B1051114151948N00049105EA0046300622
B1051124151948N00049105EA0046200622
B1051134151948N00049105EA0046300623
B1051144151948N00049105EA0046300623
B1051154151948N00049105EA0046300623
B1051164151948N00049105EA0046300623
B1051174151948N00049105EA0046200623
B1051184151948N00049105EA0046300623
B1051194151948N00049105EA0046300623
B1051204151948N00049105EA0046200623
B1051214151948N00049105EA0046300623
B1051224151948N00049105EA0046300623
B1051234151948N00049105EA0046300623
B1051244151948N00049105EA0046300624
B1051254151948N00049105EA0046300623
B1051264151948N00049105EA0046200623
B1051274151948N00049105EA0046300624
B1051284151948N00049106EA0046200623
B1051294151948N00049105EA0046300623
B1051304151948N00049105EA0046300623
B1051314151948N00049105EA0046300623
B1051324151948N00049105EA0046300623
B1051334151948N00049106EA0046300623
B1051344151948N00049106EA0046300623
B1051354151948N00049105EA0046300623
B1051364151948N00049105EA0046300623
B1051374151948N00049106EA0046300623
B1051384151948N00049106EA0046300623
B1051394151948N00049106EA0046300623
B1051404151948N00049106EA0046400623
B1051414151948N00049105EA0046400623
B1051424151948N00049105EA0046300623
B1051434151948N00049106EA0046300622
B1051444151948N00049106EA0046300622
B1051454151948N00049106EA0046300622
B1051464151948N00049106EA0046300622
B1051474151948N00049106EA0046300622
B1051484151948N00049106EA0046200622
B1051494151948N00049106EA0046200622
B1051504151948N00049106EA0046300622
B1051514151948N00049106EA0046300622
B1051524151948N00049106EA0046300622
B1051534151948N00049106EA0046300622
B1051544151948N00049106EA0046300622
B1051554151948N00049105EA0046300622
B1051564151948N00049105EA0046300622
B1051574151948N00049105EA0046300622
B1051584151948N00049105EA0046400623
B1051594151948N00049105EA0046300623
B1052004151948N00049105EA0046300623
B1052014151948N00049105EA0046300623
B1052024151948N00049105EA0046300623
B1052034151948N00049105EA0046300623
B1052044151948N00049105EA0046300623
B1052054151948N00049105EA0046300623
B1052064151948N00049105EA0046300623
B1052074151948N00049105EA0046300623
B1052084151948N00049105EA0046300623
B1052094151948N00049105EA0046300622
B1052104151948N00049105EA0046300622
B1052114151948N00049105EA0046300622
B1052124151948N00049105EA0046300622
B1052134151948N00049105EA0046300622
B1052144151948N00049105EA0046300622
B1052154151948N00049105EA0046200622
B1052164151948N00049105EA0046300622
B1052174151948N00049105EA0046300622
B1052184151948N00049105EA0046300622
B1052194151948N00049105EA0046300623
B1052204151948N00049105EA0046300623
B1052214151949N00049105EA0046300622
B1052224151949N00049105EA0046200622
B1052234151948N00049105EA0046300622
B1052244151949N00049105EA0046200622
B1052254151948N00049105EA0046200622
B1052264151948N00049105EA0046400622
B1052274151949N00049105EA0046300621
B1052284151949N00049105EA0046300621
B1052294151949N00049105EA0046300621
B1052304151949N00049105EA0046300621
B1052314151949N00049105EA0046300621
B1052324151949N00049105EA0046400621
B1052334151948N00049105EA0046400621
B1052344151948N00049105EA0046400621
B1052354151948N00049105EA0046400621
B1052364151948N00049105EA0046300621
B1052374151948N00049105EA0046300621
B1052384151948N00049105EA0046300621
B1052394151948N00049105EA0046200621
B1052404151948N00049105EA0046200622
B1052414151948N00049105EA0046200622
B1052424151948N00049106EA0046200622
B1052434151948N00049106EA0046200622
B1052444151948N00049106EA0046200622
B1052454151948N00049106EA0046300622
B1052464151948N00049106EA0046200622
B1052474151948N00049106EA0046200622
B1052484151948N00049105EA0046300622
B1052494151949N00049106EA0046400623
B1052504151949N00049105EA0046300623
B1052514151949N00049105EA0046300622
B1052524151948N00049105EA0046300622
B1052534151948N00049106EA0046300623
B1052544151948N00049106EA0046300623
B1052554151948N00049106EA0046200623
B1052564151948N00049106EA0046200623
B1052574151948N00049106EA0046200623
B1052584151948N00049106EA0046200623
B1052594151947N00049106EA0046300624
B1053004151948N00049106EA0046200623
B1053014151948N00049106EA0046300623
B1053024151948N00049106EA0046200624
B1053034151948N00049106EA0046300624
B1053044151948N00049106EA0046200624
B1053054151948N00049106EA0046200624
B1053064151948N00049106EA0046200625
B1053074151948N00049106EA0046200625
B1053084151948N00049106EA0046200625
B1053094151948N00049106EA0046300625
B1053104151948N00049106EA0046200625
B1053114151948N00049106EA0046200625
B1053124151948N00049106EA0046200625
B1053134151948N00049106EA0046300625
B1053144151948N00049106EA0046200625
B1053154151947N00049106EA0046200625
B1053164151947N00049106EA0046300625
B1053174151948N00049106EA0046200625
B1053184151948N00049106EA0046200625
B1053194151948N00049106EA0046300625
B1053204151948N00049106EA0046300625
B1053214151948N00049106EA0046300625
B1053224151948N00049106EA0046200625
B1053234151948N00049106EA0046200625
B1053244151948N00049106EA0046200625
B1053254151948N00049106EA0046300625
B1053264151948N00049106EA0046300625
B1053274151948N00049106EA0046300625
B1053284151948N00049106EA0046200625
B1053294151948N00049106EA0046200625
B1053304151948N00049106EA0046300625
B1053314151948N00049106EA0046300625
B1053324151948N00049106EA0046200625
B1053334151948N00049106EA0046200625
B1053344151948N00049106EA0046200625
B1053354151948N00049106EA0046200625
B1053364151948N00049106EA0046200625
B1053374151948N00049106EA0046200625
B1053384151948N00049106EA0046200625
B1053394151948N00049106EA0046200625
B1053404151948N00049106EA0046300625
B1053414151948N00049106EA0046200625
B1053424151948N00049106EA0046200625
B1053434151948N00049106EA0046100625
B1053444151948N00049106EA0046100625
B1053454151948N00049106EA0046100625
B1053464151948N00049106EA0046100625
B1053474151948N00049106EA0046100624
B1053484151948N00049106EA0046100624
B1053494151948N00049106EA0046200624
B1053504151948N00049106EA0046200624
B1053514151948N00049106EA0046200624
B1053524151948N00049106EA0046200624
B1053534151948N00049106EA0046200624
B1053544151948N00049106EA0046200624
B1053554151948N00049106EA0046300624
B1053564151948N00049106EA0046200625
B1053574151948N00049106EA0046200624
B1053584151948N00049106EA0046300624
B1053594151948N00049106EA0046200625
B1054004151948N00049106EA0046300624
B1054014151948N00049106EA0046300624
B1054024151948N00049106EA0046200624
B1054034151948N00049106EA0046300624
B1054044151948N00049106EA0046300624
B1054054151947N00049106EA0046300624
B1054064151948N00049106EA0046200624
B1054074151948N00049106EA0046300624
B1054084151948N00049106EA0046200624
B1054094151948N00049106EA0046200624
B1054104151948N00049106EA0046200624
B1054114151948N00049106EA0046200624
B1054124151948N00049106EA0046200624
B1054134151948N00049106EA0046200624
B1054144151948N00049106EA0046200624
B1054154151948N00049106EA0046200623
B1054164151948N00049106EA0046300623
B1054174151948N00049106EA0046300623
B1054184151948N00049106EA0046300623
B1054194151948N00049106EA0046200623
B1054204151948N00049106EA0046200623
B1054214151948N00049106EA0046300623
B1054224151948N00049106EA0046200623
B1054234151948N00049106EA0046300622
B1054244151948N00049106EA0046200622
B1054254151948N00049106EA0046200622
B1054264151948N00049106EA0046300622
B1054274151948N00049106EA0046200622
B1054284151948N00049106EA0046200622
B1054294151948N00049106EA0046200622
B1054304151948N00049106EA0046200622
B1054314151948N00049106EA0046200622
B1054324151948N00049106EA0046200622
B1054334151948N00049106EA0046200621
B1054344151948N00049106EA0046200621
B1054354151948N00049106EA0046200621
B1054364151948N00049106EA0046200621
B1054374151948N00049106EA0046300621
B1054384151947N00049106EA0046200621
B1054394151947N00049106EA0046200621
B1054404151947N00049107EA0046200621
B1054414151946N00049107EA0046200621
B1054424151946N00049107EA0046200621
B1054434151946N00049108EA0046200621
B1054444151946N00049108EA0046200620
B1054454151947N00049108EA0046200620
B1054464151947N00049107EA0046200620
B1054474151947N00049107EA0046300620
B1054484151947N00049107EA0046200620
B1054494151947N00049107EA0046200620
B1054504151947N00049107EA0046200621
B1054514151947N00049107EA0046200621
B1054524151947N00049107EA0046200621
B1054534151947N00049107EA0046200621
B1054544151947N00049107EA0046200621
B1054554151947N00049107EA0046200621
B1054564151947N00049107EA0046200621
B1054574151948N00049108EA0046200622
B1054584151948N00049108EA0046200621
B1054594151948N00049108EA0046200621
B1055004151948N00049108EA0046100621
B1055014151948N00049108EA0046200621
B1055024151948N00049108EA0046200622
B1055034151947N00049108EA0046200622
B1055044151947N00049108EA0046200622
B1055054151947N00049108EA0046200622
B1055064151947N00049108EA0046200622
B1055074151947N00049108EA0046200622
B1055084151947N00049108EA0046200622
B1055094151947N00049108EA0046100622
B1055104151948N00049108EA0046200622
B1055114151948N00049107EA0046200622
B1055124151948N00049108EA0046200622
B1055134151948N00049108EA0046200622
B1055144151948N00049108EA0046300622
B1055154151948N00049109EA0046200622
B1055164151949N00049110EA0046300622
B1055174151949N00049110EA0046200622
B1055184151949N00049111EA0046200622
B1055194151950N00049112EA0046200622
B1055204151950N00049113EA0046300622
B1055214151949N00049113EA0046200622
B1055224151949N00049113EA0046200622
B1055234151949N00049113EA0046100622
B1055244151949N00049114EA0046100621
B1055254151949N00049113EA0046300622
B1055264151948N00049113EA0046200622
B1055274151948N00049114EA0046200621
B1055284151948N00049114EA0046100621
B1055294151948N00049114EA0046200621
B1055304151948N00049113EA0046200621
B1055314151948N00049113EA0046300622
B1055324151948N00049114EA0046300622
B1055334151948N00049114EA0046200622
B1055344151948N00049115EA0046200622
B1055354151948N00049115EA0046200622
B1055364151948N00049114EA0046100622
B1055374151948N00049114EA0046200622
B1055384151948N00049114EA0046200622
B1055394151948N00049114EA0046100622
B1055404151948N00049114EA0046200623
B1055414151948N00049114EA0046200623
B1055424151948N00049114EA0046200623
B1055434151949N00049113EA0046100623
B1055444151949N00049113EA0046100624
B1055454151949N00049112EA0046200624
B1055464151949N00049112EA0046200623
B1055474151949N00049111EA0046200623
B1055484151949N00049111EA0046200622
B1055494151950N00049110EA0046200621
B1055504151950N00049109EA0046200620
B1055514151949N00049108EA0046300620
B1055524151949N00049108EA0046200621
B1055534151949N00049108EA0046200621
B1055544151949N00049108EA0046200621
B1055554151949N00049108EA0046200621
B1055564151949N00049108EA0046200621
B1055574151949N00049108EA0046200621
B1055584151949N00049108EA0046100621
B1055594151950N00049108EA0046200621
B1056004151950N00049108EA0046200621
B1056014151949N00049108EA0046200621
B1056024151949N00049108EA0046300622
B1056034151949N00049108EA0046200621
B1056044151949N00049108EA0046200621
B1056054151949N00049108EA0046300622
B1056064151950N00049108EA0046300622
B1056074151950N00049108EA0046300622
B1056084151950N00049108EA0046200623
B1056094151950N00049108EA0046200623
B1056104151950N00049107EA0046300623
B1056114151950N00049107EA0046300623
B1056124151950N00049107EA0046300624
B1056134151950N00049107EA0046300624
B1056144151950N00049107EA0046300624
B1056154151950N00049107EA0046300625
B1056164151951N00049106EA0046300624
B1056174151951N00049106EA0046400625
B1056184151952N00049106EA0046300625
B1056194151952N00049105EA0046400625
B1056204151953N00049105EA0046300625
B1056214151953N00049105EA0046300624
B1056224151954N00049105EA0046300624
B1056234151954N00049104EA0046400623
B1056244151955N00049104EA0046400623
B1056254151955N00049103EA0046400622
B1056264151955N00049103EA0046400622
B1056274151956N00049103EA0046400622
B1056284151956N00049103EA0046300621
B1056294151957N00049102EA0046400621
B1056304151957N00049102EA0046400621
B1056314151957N00049102EA0046400621
B1056324151957N00049102EA0046400620
B1056334151958N00049102EA0046400620
B1056344151958N00049101EA0046400620
B1056354151959N00049101EA0046500620
B1056364151959N00049101EA0046400620
B1056374151959N00049102EA0046300620
B1056384151959N00049102EA0046300621
B1056394151959N00049102EA0046400621
B1056404151959N00049102EA0046400621
B1056414151960N00049102EA0046400622
B1056424151960N00049102EA0046400622
B1056434151960N00049102EA0046400622
B1056444151960N00049101EA0046400622
B1056454151960N00049101EA0046400622
B1056464151960N00049101EA0046400622
B1056474151960N00049101EA0046400622
B1056484151960N00049101EA0046400623
B1056494151960N00049101EA0046400623
B1056504151960N00049101EA0046400623
B1056514151960N00049101EA0046400623
B1056524151960N00049101EA0046400623
B1056534151960N00049101EA0046400623
B1056544151960N00049101EA0046400624
B1056554151960N00049101EA0046400624
B1056564151960N00049101EA0046400624
B1056574151960N00049101EA0046400625
B1056584151959N00049102EA0046400626
B1056594151959N00049102EA0046400626
B1057004151959N00049102EA0046400626
B1057014151958N00049102EA0046500626
B1057024151958N00049103EA0046400626
B1057034151957N00049103EA0046500627
B1057044151957N00049103EA0046500627
B1057054151957N00049102EA0046500627
B1057064151956N00049103EA0046400627
B1057074151956N00049103EA0046300627
B1057084151956N00049103EA0046400627
B1057094151956N00049104EA0046400627
B1057104151955N00049104EA0046300626
B1057114151955N00049104EA0046400627
B1057124151955N00049103EA0046400627
B1057134151954N00049103EA0046500626
B1057144151954N00049104EA0046300625
B1057154151954N00049104EA0046300624
B1057164151953N00049104EA0046400624
B1057174151953N00049104EA0046300624
B1057184151953N00049104EA0046400624
B1057194151952N00049104EA0046300624
B1057204151952N00049104EA0046300624
B1057214151952N00049105EA0046400624
B1057224151952N00049105EA0046200624
B1057234151952N00049105EA0046300624
B1057244151952N00049105EA0046300624
B1057254151952N00049105EA0046400624
B1057264151952N00049105EA0046300625
B1057274151952N00049105EA0046300625
B1057284151952N00049105EA0046200624
B1057294151952N00049105EA0046200624
B1057304151952N00049105EA0046300624
B1057314151952N00049105EA0046300624
B1057324151952N00049105EA0046300625
B1057334151952N00049105EA0046200625
B1057344151952N00049105EA0046200625
B1057354151952N00049105EA0046200625
B1057364151952N00049105EA0046200625
B1057374151952N00049105EA0046200625
B1057384151952N00049105EA0046200625
B1057394151952N00049105EA0046200625
B1057404151952N00049105EA0046300625
B1057414151952N00049105EA0046300625
B1057424151952N00049105EA0046400625
B1057434151951N00049105EA0046400625
B1057444151952N00049105EA0046400625
B1057454151951N00049105EA0046300625
B1057464151951N00049105EA0046300625
B1057474151951N00049105EA0046400625
B1057484151951N00049105EA0046400625
B1057494151952N00049105EA0046400625
B1057504151952N00049105EA0046300624
B1057514151952N00049105EA0046300624
B1057524151952N00049105EA0046400624
B1057534151952N00049105EA0046300624
B1057544151952N00049105EA0046300624
B1057554151952N00049105EA0046300624
B1057564151952N00049105EA0046300624
B1057574151952N00049105EA0046400624
B1057584151952N00049105EA0046400623
B1057594151952N00049105EA0046400623
B1058004151952N00049105EA0046400623
B1058014151952N00049105EA0046400623
B1058024151952N00049105EA0046300623
B1058034151952N00049105EA0046300623
B1058044151952N00049105EA0046300623
B1058054151952N00049105EA0046300623
B1058064151952N00049105EA0046300623
B1058074151952N00049105EA0046300622
B1058084151952N00049105EA0046200623
B1058094151952N00049105EA0046200623
B1058104151952N00049105EA0046300623
B1058114151952N00049105EA0046300623
B1058124151952N00049105EA0046300623
B1058134151952N00049105EA0046200623
B1058144151951N00049105EA0046400624
B1058154151951N00049105EA0046400624
B1058164151951N00049105EA0046300623
B1058174151951N00049105EA0046400623
B1058184151951N00049105EA0046400623
B1058194151951N00049105EA0046300623
B1058204151951N00049105EA0046300624
B1058214151951N00049105EA0046300624
B1058224151951N00049105EA0046300624
B1058234151951N00049105EA0046400624
B1058244151951N00049105EA0046300624
B1058254151951N00049105EA0046300624
B1058264151951N00049105EA0046300623
B1058274151951N00049105EA0046300623
B1058284151951N00049105EA0046300623
B1058294151951N00049105EA0046300623
B1058304151951N00049105EA0046300623
B1058314151951N00049105EA0046300622
B1058324151951N00049105EA0046300622
B1058334151951N00049105EA0046300622
B1058344151951N00049105EA0046200622
B1058354151951N00049105EA0046300622
B1058364151951N00049105EA0046300622
B1058374151951N00049105EA0046300622
B1058384151951N00049105EA0046300622
B1058394151951N00049105EA0046300622
B1058404151951N00049105EA0046300622
B1058414151951N00049105EA0046300622
B1058424151951N00049105EA0046300622
B1058434151951N00049105EA0046300622
B1058444151951N00049105EA0046300622
B1058454151951N00049105EA0046300622
B1058464151951N00049105EA0046300622
B1058474151951N00049105EA0046300622
B1058484151951N00049106EA0046200622
B1058494151951N00049106EA0046300622
B1058504151951N00049106EA0046300622
B1058514151951N00049106EA0046300622
B1058524151951N00049106EA0046400622
B1058534151951N00049106EA0046300622
B1058544151951N00049105EA0046300622
B1058554151951N00049106EA0046300622
B1058564151951N00049106EA0046300622
B1058574151951N00049106EA0046300622
B1058584151951N00049106EA0046300622
B1058594151951N00049106EA0046300622
B1059004151951N00049106EA0046300622
B1059014151951N00049106EA0046300622
B1059024151951N00049106EA0046300622
B1059034151951N00049106EA0046300622
B1059044151951N00049106EA0046300622
B1059054151951N00049106EA0046300622
B1059064151952N00049106EA0046400622
B1059074151952N00049106EA0046400622
B1059084151952N00049106EA0046300621
B1059094151952N00049106EA0046300621
B1059104151952N00049106EA0046400621
B1059114151952N00049106EA0046400621
B1059124151952N00049106EA0046400620
B1059134151953N00049106EA0046400619
B1059144151952N00049106EA0046400618
B1059154151952N00049106EA0046400618
B1059164151952N00049106EA0046400618
B1059174151952N00049106EA0046400618
B1059184151952N00049106EA0046200618
B1059194151952N00049106EA0046300619
B1059204151952N00049106EA0046400619
B1059214151952N00049106EA0046400619
B1059224151952N00049106EA0046400619
B1059234151952N00049106EA0046400618
B1059244151952N00049106EA0046400619
B1059254151952N00049106EA0046400619
B1059264151952N00049106EA0046400619
B1059274151952N00049106EA0046300619
B1059284151952N00049106EA0046400619
B1059294151952N00049106EA0046400619
B1059304151952N00049106EA0046400619
B1059314151952N00049106EA0046400619
B1059324151952N00049106EA0046300619
B1059334151952N00049106EA0046300619
B1059344151952N00049106EA0046300619
B1059354151952N00049106EA0046300619
B1059364151952N00049106EA0046300619
B1059374151952N00049106EA0046300619
B1059384151952N00049106EA0046400619
B1059394151952N00049106EA0046300619
B1059404151952N00049106EA0046300619
B1059414151952N00049106EA0046400619
B1059424151952N00049106EA0046300619
B1059434151952N00049106EA0046400619
B1059444151952N00049106EA0046300619
B1059454151952N00049106EA0046300619
B1059464151952N00049106EA0046300618
B1059474151952N00049106EA0046300618
B1059484151952N00049106EA0046300618
B1059494151952N00049106EA0046400618
B1059504151952N00049106EA0046400618
B1059514151952N00049106EA0046300618
B1059524151952N00049106EA0046400618
B1059534151952N00049106EA0046400618
B1059544151952N00049106EA0046400618
B1059554151952N00049106EA0046400618
B1059564151952N00049106EA0046400618
B1059574151952N00049106EA0046400618
B1059584151952N00049106EA0046400618
B1059594151952N00049106EA0046400618
B1100004151952N00049106EA0046400618
B1100014151952N00049105EA0046400618
B1100024151952N00049105EA0046400618
B1100034151952N00049106EA0046400618
B1100044151952N00049105EA0046400619
B1100054151952N00049105EA0046400619
B1100064151952N00049105EA0046500619
B1100074151952N00049105EA0046400619
B1100084151952N00049105EA0046400619
B1100094151952N00049105EA0046400620
B1100104151951N00049105EA0046400620
B1100114151951N00049105EA0046400620
B1100124151951N00049105EA0046400620
B1100134151951N00049105EA0046300620
B1100144151951N00049105EA0046500620
B1100154151951N00049105EA0046400620
B1100164151951N00049106EA0046400620
B1100174151951N00049105EA0046300620
B1100184151951N00049105EA0046400621
B1100194151951N00049105EA0046400621
B1100204151951N00049105EA0046400621
B1100214151951N00049105EA0046300621
B1100224151951N00049105EA0046400621
B1100234151951N00049105EA0046400621
B1100244151951N00049105EA0046400621
B1100254151951N00049105EA0046400620
B1100264151952N00049105EA0046300621
B1100274151952N00049105EA0046400621
B1100284151952N00049105EA0046400620
B1100294151952N00049105EA0046400620
B1100304151952N00049105EA0046400620
B1100314151952N00049105EA0046400620
B1100324151952N00049105EA0046400620
B1100334151952N00049105EA0046400620
B1100344151952N00049106EA0046300620
B1100354151952N00049106EA0046400620
B1100364151952N00049106EA0046300620
B1100374151952N00049106EA0046400620
B1100384151952N00049106EA0046300620
B1100394151952N00049106EA0046300620
B1100404151952N00049106EA0046300620
B1100414151952N00049106EA0046300620
B1100424151952N00049106EA0046300620
B1100434151952N00049106EA0046200620
B1100444151952N00049106EA0046300620
B1100454151952N00049106EA0046300620
B1100464151952N00049106EA0046300620
B1100474151952N00049106EA0046300620
B1100484151952N00049106EA0046300620
B1100494151952N00049106EA0046300621
B1100504151952N00049106EA0046400621
B1100514151952N00049106EA0046400621
B1100524151952N00049106EA0046300621
B1100534151952N00049106EA0046400621
B1100544151952N00049106EA0046300621
B1100554151952N00049106EA0046400621
B1100564151952N00049106EA0046400621
B1100574151952N00049106EA0046400621
B1100584151952N00049106EA0046400621
B1100594151952N00049106EA0046400621
B1101004151952N00049106EA0046500621
B1101014151952N00049106EA0046400622
B1101024151952N00049106EA0046400622
B1101034151952N00049106EA0046400622
B1101044151952N00049106EA0046400622
B1101054151952N00049106EA0046400622
B1101064151952N00049106EA0046400621
B1101074151952N00049106EA0046400621
B1101084151952N00049106EA0046300621
B1101094151952N00049106EA0046400620
B1101104151952N00049106EA0046400620
B1101114151952N00049106EA0046400620
B1101124151952N00049106EA0046400619
B1101134151952N00049106EA0046300619
B1101144151952N00049106EA0046400619
B1101154151952N00049105EA0046400619
B1101164151952N00049105EA0046400619
B1101174151952N00049106EA0046400619
B1101184151952N00049106EA0046400620
B1101194151952N00049106EA0046400620
B1101204151952N00049106EA0046300620
B1101214151952N00049106EA0046300620
B1101224151952N00049106EA0046400620
B1101234151952N00049106EA0046400620
B1101244151952N00049106EA0046300620
B1101254151952N00049106EA0046300620
B1101264151952N00049106EA0046300620
B1101274151952N00049106EA0046300620
B1101284151952N00049106EA0046300620
B1101294151952N00049106EA0046300620
B1101304151952N00049106EA0046200620
B1101314151952N00049106EA0046200620
B1101324151952N00049106EA0046200620
B1101334151952N00049106EA0046200620
B1101344151952N00049106EA0046200619
B1101354151952N00049106EA0046200619
B1101364151952N00049106EA0046200619
B1101374151952N00049106EA0046200620
B1101384151951N00049106EA0046200620
B1101394151951N00049106EA0046200620
B1101404151951N00049106EA0046300619
B1101414151951N00049106EA0046300619
B1101424151951N00049106EA0046300619
B1101434151951N00049106EA0046300619
B1101444151951N00049106EA0046200619
B1101454151951N00049106EA0046300619
B1101464151951N00049106EA0046300619
B1101474151951N00049106EA0046300619
B1101484151951N00049106EA0046200618
B1101494151951N00049106EA0046200619
B1101504151951N00049106EA0046200619
B1101514151951N00049106EA0046200619
B1101524151951N00049106EA0046200619
B1101534151951N00049106EA0046200619
B1101544151951N00049106EA0046300619
B1101554151951N00049106EA0046300619
B1101564151951N00049106EA0046200619
B1101574151951N00049106EA0046200620
B1101584151952N00049106EA0046300620
B1101594151952N00049107EA0046200620
B1102004151952N00049107EA0046300620
B1102014151952N00049107EA0046300620
B1102024151952N00049107EA0046200620
B1102034151952N00049107EA0046300620
B1102044151952N00049107EA0046300620
B1102054151952N00049107EA0046300620
B1102064151952N00049107EA0046300620
B1102074151952N00049107EA0046300621
B1102084151952N00049107EA0046300621
B1102094151952N00049106EA0046300621
B1102104151952N00049106EA0046200620
B1102114151952N00049106EA0046200620
B1102124151952N00049106EA0046200620
B1102134151952N00049106EA0046200620
B1102144151952N00049106EA0046200620
B1102154151952N00049106EA0046100620
B1102164151952N00049106EA0046300620
B1102174151953N00049106EA0046300620
B1102184151953N00049106EA0046200620
B1102194151953N00049106EA0046100620
B1102204151953N00049106EA0046200620
B1102214151953N00049106EA0046200620
B1102224151953N00049106EA0046200620
B1102234151953N00049106EA0046200620
B1102244151953N00049106EA0046200620
B1102254151953N00049106EA0046200620
B1102264151953N00049107EA0046200620
B1102274151953N00049107EA0046200621
B1102284151953N00049107EA0046200621
B1102294151953N00049107EA0046200621
B1102304151953N00049107EA0046300621
B1102314151953N00049107EA0046300621
B1102324151953N00049107EA0046200620
B1102334151953N00049107EA0046300620
B1102344151953N00049107EA0046300620
B1102354151953N00049107EA0046200620
B1102364151953N00049107EA0046200620
B1102374151953N00049107EA0046300620
B1102384151953N00049107EA0046300620
B1102394151953N00049107EA0046300620
B1102404151953N00049107EA0046300620
B1102414151953N00049107EA0046200620
B1102424151953N00049107EA0046300620
B1102434151953N00049107EA0046200620
B1102444151953N00049107EA0046200620
B1102454151953N00049107EA0046200620
B1102464151953N00049107EA0046200620
B1102474151953N00049107EA0046200620
B1102484151954N00049107EA0046200621
B1102494151954N00049108EA0046200621
B1102504151954N00049108EA0046200622
B1102514151954N00049108EA0046100622
B1102524151953N00049109EA0046100622
B1102534151953N00049109EA0046100622
B1102544151953N00049109EA0046100623
B1102554151953N00049110EA0046200623
B1102564151953N00049110EA0046200623
B1102574151953N00049110EA0046200623
B1102584151953N00049110EA0046200623
B1102594151953N00049110EA0046200623
B1103004151953N00049110EA0046200623
B1103014151953N00049110EA0046200623
B1103024151953N00049110EA0046200623
B1103034151952N00049110EA0046100623
B1103044151952N00049110EA0046200623
B1103054151952N00049110EA0046200624
B1103064151952N00049110EA0046100624
B1103074151952N00049110EA0046100624
B1103084151952N00049110EA0046200624
B1103094151952N00049110EA0046100624
B1103104151952N00049110EA0046200624
B1103114151952N00049110EA0046200624
B1103124151952N00049110EA0046100625
B1103134151952N00049110EA0046100625
B1103144151952N00049110EA0046100625
B1103154151952N00049110EA0046100624
B1103164151952N00049110EA0046100624
B1103174151952N00049110EA0046100624
B1103184151952N00049110EA0046100624
B1103194151952N00049110EA0046200624
B1103204151952N00049110EA0046200624
B1103214151952N00049110EA0046200624
B1103224151952N00049110EA0046100624
B1103234151952N00049110EA0046100624
B1103244151952N00049110EA0046100624
B1103254151952N00049110EA0046200624
B1103264151952N00049110EA0046200624
B1103274151952N00049110EA0046200624
B1103284151952N00049110EA0046200624
B1103294151952N00049110EA0046100624
B1103304151952N00049110EA0046100624
B1103314151952N00049110EA0046100624
B1103324151952N00049110EA0046100624
B1103334151952N00049110EA0046200624
B1103344151952N00049110EA0046100624
B1103354151952N00049110EA0046200624
B1103364151952N00049110EA0046200624
B1103374151952N00049110EA0046200623
B1103384151952N00049110EA0046100623
B1103394151952N00049110EA0046200623
B1103404151952N00049110EA0046200623
B1103414151952N00049110EA0046200623
B1103424151952N00049110EA0046200623
B1103434151952N00049110EA0046200623
B1103444151952N00049110EA0046200623
B1103454151952N00049110EA0046200623
B1103464151952N00049110EA0046200623
B1103474151952N00049110EA0046100623
B1103484151952N00049110EA0046200623
B1103494151952N00049110EA0046200623
B1103504151952N00049110EA0046200623
B1103514151952N00049110EA0046200623
B1103524151952N00049110EA0046100623
B1103534151952N00049110EA0046100623
B1103544151952N00049110EA0046200623
B1103554151952N00049110EA0046200623
B1103564151952N00049110EA0046200623
B1103574151952N00049110EA0046200622
B1103584151952N00049110EA0046200622
B1103594151952N00049110EA0046200622
B1104004151952N00049110EA0046200623
B1104014151952N00049110EA0046200623
B1104024151952N00049110EA0046200623
B1104034151952N00049110EA0046200623
B1104044151951N00049110EA0046200623
B1104054151951N00049110EA0046100623
B1104064151951N00049110EA0046100623
B1104074151951N00049110EA0046100623
B1104084151951N00049110EA0046100623
B1104094151951N00049110EA0046100623
B1104104151951N00049110EA0046100623
B1104114151951N00049110EA0046100623
B1104124151951N00049110EA0046100623
B1104134151951N00049110EA0046100623
B1104144151951N00049110EA0046200623
B1104154151951N00049110EA0046100624
B1104164151951N00049110EA0046100624
B1104174151951N00049110EA0046100624
B1104184151951N00049110EA0046100624
B1104194151951N00049110EA0046100624
B1104204151951N00049111EA0046200624
B1104214151951N00049110EA0046200623
B1104224151951N00049111EA0046100623
B1104234151951N00049111EA0046200623
B1104244151951N00049111EA0046100624
B1104254151951N00049111EA0046200624
B1104264151951N00049111EA0046200623
B1104274151951N00049111EA0046200624
B1104284151951N00049110EA0046200623
B1104294151951N00049110EA0046200624
B1104304151951N00049110EA0046300624
B1104314151951N00049111EA0046200623
B1104324151951N00049111EA0046200623
B1104334151951N00049111EA0046200624
B1104344151951N00049111EA0046300624
B1104354151951N00049111EA0046200624
B1104364151951N00049110EA0046100624
B1104374151951N00049110EA0046200624
B1104384151951N00049110EA0046300624
B1104394151951N00049111EA0046200624
B1104404151951N00049111EA0046300624
B1104414151951N00049111EA0046300624
B1104424151951N00049111EA0046300624
B1104434151951N00049111EA0046200625
B1104444151951N00049111EA0046300625
B1104454151951N00049111EA0046200625
B1104464151951N00049111EA0046300625
B1104474151951N00049111EA0046200625
B1104484151951N00049111EA0046200625
B1104494151951N00049111EA0046300625
B1104504151951N00049111EA0046200625
B1104514151951N00049111EA0046200625
B1104524151951N00049111EA0046200625
B1104534151951N00049111EA0046200625
B1104544151951N00049111EA0046200625
B1104554151951N00049111EA0046200625
B1104564151951N00049111EA0046200625
B1104574151951N00049111EA0046200625
B1104584151951N00049111EA0046300625
B1104594151951N00049111EA0046200625
B1105004151951N00049111EA0046300625
B1105014151951N00049111EA0046200625
B1105024151951N00049111EA0046200625
B1105034151951N00049111EA0046200625
B1105044151951N00049111EA0046100625
B1105054151951N00049111EA0046200625
B1105064151951N00049111EA0046200625
B1105074151951N00049111EA0046200625
B1105084151951N00049111EA0046200625
B1105094151951N00049111EA0046200625
B1105104151951N00049111EA0046100625
B1105114151951N00049111EA0046100625
B1105124151951N00049111EA0046100625
B1105134151951N00049111EA0046000625
B1105144151951N00049111EA0046000625
B1105154151951N00049111EA0046100625
B1105164151951N00049111EA0046100625
B1105174151951N00049111EA0046100625
B1105184151951N00049111EA0046000624
B1105194151951N00049111EA0046100624
B1105204151952N00049111EA0046100624
B1105214151952N00049111EA0046100624
B1105224151952N00049111EA0046100624
B1105234151952N00049111EA0046100624
B1105244151951N00049111EA0046100624
B1105254151951N00049110EA0046100624
B1105264151951N00049110EA0046100624
B1105274151951N00049110EA0046100624
B1105284151951N00049110EA0046100624
B1105294151951N00049110EA0046100624
B1105304151951N00049111EA0046200624
B1105314151951N00049111EA0046100624
B1105324151951N00049111EA0046200624
B1105334151951N00049111EA0046100624
B1105344151951N00049111EA0046100624
B1105354151951N00049111EA0046100624
B1105364151951N00049111EA0046100624
B1105374151951N00049111EA0046100624
B1105384151951N00049111EA0046100624
B1105394151951N00049112EA0046200624
B1105404151950N00049112EA0046100623
B1105414151950N00049112EA0046200623
B1105424151950N00049112EA0046300623
B1105434151950N00049112EA0046300623
B1105444151950N00049112EA0046200623
B1105454151950N00049112EA0046200623
B1105464151950N00049112EA0046200623
B1105474151950N00049112EA0046200622
B1105484151950N00049112EA0046200622
B1105494151950N00049112EA0046100622
B1105504151950N00049112EA0046200622
B1105514151950N00049111EA0046200622
B1105524151950N00049111EA0046100622
B1105534151950N00049111EA0046100622
B1105544151950N00049111EA0046200622
B1105554151950N00049112EA0046200622
B1105564151950N00049112EA0046200622
B1105574151950N00049112EA0046200622
B1105584151950N00049112EA0046100622
B1105594151951N00049112EA0046100622
B1106004151951N00049112EA0046100622
B1106014151951N00049112EA0046100622
B1106024151951N00049112EA0046200622
B1106034151951N00049112EA0046100622
B1106044151951N00049112EA0046100622
B1106054151951N00049111EA0046100622
B1106064151951N00049111EA0046000622
B1106074151951N00049111EA0046100622
B1106084151952N00049111EA0046100622
B1106094151952N00049111EA0046200622
B1106104151952N00049111EA0046200622
B1106114151952N00049111EA0046100621
B1106124151952N00049111EA0046200621
B1106134151952N00049110EA0046100621
B1106144151953N00049110EA0046100621
B1106154151953N00049110EA0046200621
B1106164151953N00049110EA0046300622
B1106174151952N00049110EA0046200622
B1106184151952N00049110EA0046200622
B1106194151952N00049110EA0046200622
B1106204151952N00049110EA0046200622
B1106214151952N00049110EA0046200623
B1106224151952N00049110EA0046200623
B1106234151952N00049109EA0046200623
B1106244151952N00049109EA0046200623
B1106254151952N00049109EA0046200623
B1106264151952N00049109EA0046200622
B1106274151952N00049109EA0046100623
B1106284151951N00049109EA0046100623
B1106294151951N00049110EA0046100623
B1106304151951N00049110EA0046200623
B1106314151951N00049110EA0046200623
B1106324151951N00049110EA0046100623
B1106334151951N00049110EA0046100623
B1106344151951N00049110EA0046100623
B1106354151951N00049110EA0046100622
B1106364151951N00049110EA0046100623
B1106374151951N00049110EA0046100623
B1106384151951N00049110EA0046100623
B1106394151951N00049110EA0046200623
B1106404151951N00049110EA0046200623
B1106414151951N00049110EA0046100622
B1106424151951N00049110EA0046100622
B1106434151951N00049110EA0046100622
B1106444151951N00049110EA0046200622
B1106454151951N00049110EA0046200622
B1106464151951N00049110EA0046100622
B1106474151951N00049109EA0046100622
B1106484151951N00049109EA0046200622
B1106494151951N00049109EA0046100622
B1106504151951N00049110EA0046100622
B1106514151951N00049110EA0046100622
B1106524151951N00049110EA0046100622
B1106534151951N00049110EA0046200622
B1106544151951N00049110EA0046100622
B1106554151951N00049110EA0046100622
B1106564151951N00049110EA0046200622
B1106574151951N00049110EA0046100622
B1106584151951N00049110EA0046100622
B1106594151951N00049110EA0046200622
B1107004151951N00049110EA0046000622
B1107014151951N00049110EA0046000622
B1107024151951N00049110EA0046100622
B1107034151951N00049110EA0046000622
B1107044151951N00049110EA0046100622
B1107054151951N00049110EA0046100623
B1107064151951N00049110EA0046100623
B1107074151951N00049110EA0046100623
B1107084151951N00049110EA0046000623
B1107094151951N00049110EA0046000623
B1107104151951N00049110EA0046100623
B1107114151951N00049110EA0046100623
B1107124151951N00049110EA0046100623
B1107134151951N00049110EA0046100623
B1107144151951N00049110EA0046100623
B1107154151951N00049110EA0046100623
B1107164151951N00049110EA0046100623
B1107174151951N00049111EA0046100623
B1107184151951N00049111EA0046100623
B1107194151951N00049111EA0046100623
B1107204151951N00049111EA0046100623
B1107214151951N00049111EA0046100623
B1107224151951N00049111EA0046100623
B1107234151951N00049111EA0046100623
B1107244151951N00049111EA0046100623
B1107254151951N00049111EA0046100623
B1107264151951N00049111EA0046100623
B1107274151951N00049111EA0046100623
B1107284151951N00049111EA0046200623
B1107294151951N00049111EA0046100623
B1107304151951N00049110EA0046100623
B1107314151951N00049110EA0046100623
B1107324151951N00049111EA0046100623
B1107334151951N00049110EA0046100623
B1107344151951N00049111EA0046100623
B1107354151951N00049111EA0046100623
B1107364151951N00049111EA0046100623
B1107374151951N00049111EA0046100623
B1107384151951N00049111EA0046100623
B1107394151951N00049111EA0046100623
B1107404151951N00049111EA0046000623
B1107414151951N00049111EA0046100623
B1107424151951N00049111EA0046100623
B1107434151951N00049111EA0046000623
B1107444151951N00049111EA0046000623
B1107454151951N00049111EA0046100623
B1107464151951N00049111EA0046100623
B1107474151951N00049111EA0046100623
B1107484151951N00049111EA0046100623
B1107494151951N00049111EA0046100623
B1107504151951N00049111EA0046100623
B1107514151951N00049111EA0046000623
B1107524151951N00049111EA0046100623
B1107534151951N00049111EA0046100623
B1107544151951N00049111EA0046100623
B1107554151951N00049111EA0046000623
B1107564151951N00049111EA0046200623
B1107574151951N00049111EA0046200623
B1107584151952N00049111EA0046200623
B1107594151952N00049111EA0046200623
B1108004151952N00049112EA0046200623
B1108014151952N00049112EA0046200623
B1108024151952N00049112EA0046200623
B1108034151952N00049113EA0046200623
B1108044151953N00049113EA0046200623
B1108054151952N00049113EA0046100623
B1108064151952N00049114EA0046100623
B1108074151952N00049113EA0046100623
B1108084151952N00049113EA0046100623
B1108094151952N00049113EA0046100623
B1108104151952N00049113EA0046200623
B1108114151952N00049113EA0046200623
B1108124151952N00049112EA0046200623
B1108134151952N00049112EA0046100623
B1108144151952N00049112EA0046100623
B1108154151952N00049112EA0046100624
B1108164151952N00049112EA0046100624
B1108174151952N00049112EA0046100624
B1108184151952N00049112EA0046100624
B1108194151952N00049112EA0046100624
B1108204151952N00049113EA0046100624
B1108214151952N00049113EA0046100624
B1108224151952N00049113EA0046100624
B1108234151952N00049113EA0046100624
B1108244151952N00049113EA0046100624
B1108254151952N00049113EA0046100624
B1108264151952N00049113EA0046100624
B1108274151952N00049113EA0046100624
B1108284151952N00049113EA0046100624
B1108294151951N00049113EA0046100624
B1108304151951N00049113EA0046100624
B1108314151951N00049113EA0046000624
B1108324151951N00049112EA0046100624
B1108334151951N00049112EA0046000624
B1108344151951N00049112EA0046000624
B1108354151951N00049112EA0046000625
B1108364151951N00049112EA0046100625
B1108374151951N00049112EA0046100624
B1108384151951N00049112EA0046100624
B1108394151951N00049112EA0046100624
B1108404151951N00049112EA0046100624
B1108414151951N00049112EA0046100624
B1108424151951N00049112EA0046100624
B1108434151951N00049112EA0046100625
B1108444151952N00049112EA0046100624
B1108454151952N00049112EA0046200624
B1108464151952N00049112EA0046100624
B1108474151952N00049112EA0046100623
B1108484151952N00049112EA0046200623
B1108494151952N00049112EA0046100623
B1108504151952N00049113EA0046100623
B1108514151952N00049114EA0046100623
B1108524151951N00049114EA0046000622
B1108534151951N00049114EA0046100622
B1108544151951N00049115EA0046000622
B1108554151951N00049115EA0046000622
B1108564151951N00049116EA0045900621
B1108574151951N00049116EA0046000621
B1108584151951N00049117EA0046000621
B1108594151951N00049118EA0045900621
B1109004151951N00049118EA0046000621
B1109014151951N00049118EA0046000620
B1109024151951N00049118EA0046000620
B1109034151951N00049118EA0046000620
B1109044151951N00049118EA0046000620
B1109054151951N00049118EA0046000620
B1109064151951N00049118EA0046000620
B1109074151951N00049118EA0046100620
B1109084151951N00049118EA0046100620
B1109094151951N00049118EA0046100620
B1109104151951N00049118EA0046100620
B1109114151951N00049118EA0046200620
B1109124151951N00049118EA0046100620
B1109134151951N00049118EA0046100619
B1109144151951N00049118EA0046100619
B1109154151951N00049119EA0046100619
B1109164151951N00049119EA0046000619
B1109174151951N00049120EA0046100619
B1109184151951N00049120EA0046100619
B1109194151951N00049120EA0046100620
B1109204151951N00049120EA0046100620
B1109214151951N00049120EA0046000620
B1109224151951N00049120EA0046100619
B1109234151951N00049120EA0046100619
B1109244151951N00049120EA0046100619
B1109254151951N00049120EA0046100619
B1109264151951N00049120EA0046100619
B1109274151951N00049120EA0046200618
B1109284151951N00049120EA0046100618
B1109294151951N00049120EA0046100618
B1109304151951N00049120EA0046100618
B1109314151951N00049120EA0046100618
B1109324151951N00049120EA0046200618
B1109334151951N00049120EA0046100618
B1109344151951N00049120EA0046100618
B1109354151951N00049120EA0046100618
B1109364151951N00049120EA0046100618
B1109374151951N00049120EA0046100618
B1109384151951N00049120EA0046000618
B1109394151951N00049120EA0046000618
B1109404151951N00049120EA0046200618
B1109414151951N00049120EA0046200618
B1109424151951N00049120EA0046100618
B1109434151951N00049120EA0046100618
B1109444151951N00049120EA0046100618
B1109454151951N00049120EA0046100618
B1109464151951N00049120EA0046100618
B1109474151951N00049120EA0046100618
B1109484151951N00049120EA0046100618
B1109494151951N00049120EA0046100618
B1109504151951N00049120EA0046100618
B1109514151951N00049120EA0046000618
B1109524151951N00049120EA0046100618
B1109534151951N00049120EA0046100618
B1109544151951N00049120EA0046000618
B1109554151951N00049120EA0046000618
B1109564151951N00049120EA0046000618
B1109574151951N00049120EA0046100618
B1109584151951N00049120EA0046200618
B1109594151951N00049120EA0046100618
B1110004151951N00049120EA0046200619
B1110014151951N00049120EA0046100619
B1110024151951N00049120EA0046000619
B1110034151951N00049120EA0046000619
B1110044151950N00049120EA0046100619
B1110054151950N00049120EA0046200620
B1110064151950N00049120EA0046100620
B1110074151950N00049120EA0046100620
B1110084151950N00049120EA0046100621
B1110094151950N00049120EA0046100622
B1110104151950N00049120EA0046200622
B1110114151950N00049120EA0046000622
B1110124151950N00049120EA0046000623
B1110134151950N00049120EA0046000622
B1110144151950N00049120EA0046000622
B1110154151950N00049120EA0046000622
B1110164151949N00049120EA0046000622
B1110174151949N00049120EA0046000622
B1110184151949N00049121EA0046000623
B1110194151948N00049121EA0046000623
B1110204151948N00049121EA0046100623
B1110214151949N00049121EA0046100623
B1110224151949N00049121EA0046100623
B1110234151949N00049120EA0046000623
B1110244151950N00049119EA0046100622
B1110254151950N00049119EA0046100622
B1110264151950N00049118EA0046100623
B1110274151950N00049117EA0046100623
B1110284151951N00049117EA0046200624
B1110294151951N00049116EA0046100624
B1110304151951N00049115EA0046100624
B1110314151951N00049115EA0046100624
B1110324151951N00049114EA0046200624
B1110334151952N00049114EA0046100624
B1110344151952N00049113EA0046100624
B1110354151952N00049113EA0046200624
B1110364151952N00049112EA0046200623
B1110374151952N00049111EA0046200624
B1110384151952N00049111EA0046200623
B1110394151952N00049110EA0046200623
B1110404151953N00049110EA0046300623
B1110414151953N00049110EA0046200623
B1110424151953N00049109EA0046300623
B1110434151953N00049109EA0046300623
B1110444151953N00049109EA0046300623
B1110454151953N00049109EA0046200624
B1110464151952N00049109EA0046300624
B1110474151952N00049109EA0046300624
B1110484151952N00049109EA0046300624
B1110494151952N00049109EA0046300625
B1110504151952N00049109EA0046300625
B1110514151952N00049109EA0046200625
B1110524151952N00049109EA0046200625
B1110534151952N00049109EA0046300625
B1110544151952N00049109EA0046300625
B1110554151953N00049109EA0046200625
B1110564151953N00049110EA0046300625
B1110574151953N00049110EA0046200625
B1110584151953N00049110EA0046200626
B1110594151953N00049110EA0046200625
B1111004151953N00049110EA0046200625
B1111014151953N00049110EA0046200625
B1111024151953N00049110EA0046200624
B1111034151953N00049110EA0046200624
B1111044151953N00049110EA0046200624
B1111054151953N00049110EA0046200624
B1111064151953N00049110EA0046200624
B1111074151953N00049110EA0046200624
B1111084151953N00049110EA0046200625
B1111094151953N00049110EA0046200624
B1111104151953N00049111EA0046200626
B1111114151953N00049111EA0046300626
B1111124151953N00049112EA0046300626
B1111134151953N00049112EA0046200626
B1111144151953N00049112EA0046300627
B1111154151953N00049113EA0046200627
B1111164151953N00049113EA0046300628
B1111174151953N00049113EA0046200628
B1111184151953N00049113EA0046200629
B1111194151953N00049113EA0046200629
B1111204151953N00049113EA0046300630
B1111214151953N00049113EA0046200629
B1111224151953N00049113EA0046300629
B1111234151953N00049114EA0046200629
B1111244151953N00049114EA0046200629
B1111254151953N00049114EA0046200629
B1111264151953N00049114EA0046200629
B1111274151953N00049114EA0046300629
B1111284151953N00049114EA0046200629
B1111294151954N00049114EA0046200629
B1111304151954N00049114EA0046200628
B1111314151954N00049114EA0046200627
B1111324151954N00049114EA0046200626
B1111334151954N00049114EA0046200627
B1111344151954N00049114EA0046200627
B1111354151954N00049114EA0046200628
B1111364151954N00049114EA0046200628
B1111374151953N00049115EA0046200628
B1111384151954N00049114EA0046200628
B1111394151954N00049114EA0046200628
B1111404151954N00049114EA0046200627
B1111414151954N00049114EA0046200626
B1111424151954N00049114EA0046100626
B1111434151954N00049114EA0046200626
B1111444151954N00049113EA0046200624
B1111454151954N00049114EA0046200624
B1111464151954N00049114EA0046200623
B1111474151954N00049114EA0046100623
B1111484151954N00049114EA0046100623
B1111494151953N00049114EA0046000621
B1111504151953N00049114EA0046100621
B1111514151953N00049114EA0046100621
B1111524151952N00049114EA0046100620
B1111534151952N00049115EA0046100620
B1111544151952N00049115EA0046100621
B1111554151952N00049115EA0046100621
B1111564151951N00049116EA0046100621
B1111574151951N00049116EA0046100622
B1111584151951N00049116EA0046000624
B1111594151951N00049116EA0046100624
B1112004151951N00049117EA0046100624
B1112014151951N00049117EA0046000625
B1112024151951N00049118EA0046100625
B1112034151950N00049118EA0046100625
B1112044151950N00049118EA0046100625
B1112054151950N00049118EA0046200626
B1112064151950N00049118EA0046100626
B1112074151950N00049118EA0046000626
B1112084151950N00049118EA0046100626
B1112094151950N00049118EA0046100626
B1112104151950N00049118EA0046000626
B1112114151950N00049118EA0046100626
B1112124151950N00049118EA0046100626
B1112134151950N00049118EA0046000626
B1112144151950N00049118EA0046000626
B1112154151950N00049118EA0046100626
B1112164151950N00049118EA0046100626
B1112174151950N00049118EA0046000626
B1112184151950N00049118EA0046100626
B1112194151950N00049118EA0046100626
B1112204151950N00049118EA0046200626
B1112214151950N00049118EA0046100626
B1112224151949N00049119EA0046200627
B1112234151949N00049119EA0046100627
B1112244151949N00049119EA0046100627
B1112254151949N00049119EA0046100627
B1112264151949N00049119EA0046100627
B1112274151949N00049119EA0046100628
B1112284151949N00049119EA0046000627
B1112294151950N00049119EA0046100628
B1112304151950N00049119EA0046000627
B1112314151950N00049119EA0046100627
B1112324151950N00049119EA0046100627
B1112334151950N00049119EA0046200627
B1112344151950N00049119EA0046300627
B1112354151950N00049119EA0046200627
B1112364151951N00049118EA0046200627
B1112374151951N00049118EA0046200626
B1112384151951N00049117EA0046200626
B1112394151952N00049117EA0046300626
B1112404151952N00049116EA0046200626
B1112414151951N00049116EA0046200625
B1112424151951N00049116EA0046200626
B1112434151951N00049116EA0046200626
B1112444151951N00049116EA0046100626
B1112454151951N00049117EA0046200626
B1112464151951N00049117EA0046200626
B1112474151951N00049117EA0046200626
B1112484151951N00049117EA0046200626
B1112494151952N00049118EA0046200625
B1112504151952N00049118EA0046200625
B1112514151952N00049118EA0046200625
B1112524151952N00049119EA0046100624
B1112534151952N00049119EA0046200624
B1112544151953N00049118EA0046200624
B1112554151953N00049118EA0046200624
B1112564151953N00049118EA0046200624
B1112574151954N00049118EA0046200624
B1112584151954N00049118EA0046200623
B1112594151954N00049118EA0046200623
B1113004151953N00049118EA0046300623
B1113014151953N00049118EA0046100623
B1113024151953N00049117EA0046200622
B1113034151954N00049117EA0046200622
B1113044151954N00049116EA0046200622
B1113054151955N00049115EA0046200622
B1113064151955N00049115EA0046200621
B1113074151955N00049115EA0046300621
B1113084151956N00049115EA0046300621
B1113094151956N00049115EA0046300621
B1113104151956N00049115EA0046300621
B1113114151956N00049115EA0046300621
B1113124151956N00049115EA0046300621
B1113134151956N00049115EA0046300621
B1113144151957N00049115EA0046300621
B1113154151957N00049115EA0046300621
B1113164151957N00049115EA0046300621
B1113174151957N00049115EA0046300621
B1113184151957N00049115EA0046200621
B1113194151957N00049116EA0046300621
B1113204151957N00049116EA0046300621
B1113214151957N00049115EA0046300621
B1113224151957N00049115EA0046200620
B1113234151957N00049115EA0046300620
B1113244151957N00049115EA0046300620
B1113254151957N00049115EA0046300620
B1113264151957N00049115EA0046300620
B1113274151956N00049115EA0046300620
B1113284151956N00049115EA0046300621
B1113294151956N00049114EA0046300621
B1113304151956N00049115EA0046300620
B1113314151956N00049114EA0046300620
B1113324151956N00049114EA0046300620
B1113334151956N00049114EA0046300620
B1113344151956N00049114EA0046300620
B1113354151956N00049114EA0046200621
B1113364151956N00049114EA0046300621
B1113374151956N00049114EA0046200621
B1113384151956N00049114EA0046300621
B1113394151956N00049114EA0046300621
B1113404151956N00049113EA0046300622
B1113414151956N00049113EA0046300621
B1113424151956N00049114EA0046300621
B1113434151956N00049114EA0046300620
B1113444151956N00049114EA0046300621
B1113454151956N00049114EA0046300622
B1113464151956N00049114EA0046300622
B1113474151956N00049113EA0046300622
B1113484151956N00049114EA0046300622
B1113494151956N00049113EA0046300622
B1113504151956N00049113EA0046300622
B1113514151956N00049113EA0046300622
B1113524151956N00049113EA0046300621
B1113534151956N00049113EA0046200621
B1113544151956N00049113EA0046300621
B1113554151956N00049113EA0046300621
B1113564151956N00049113EA0046300621
B1113574151956N00049113EA0046200620
B1113584151955N00049113EA0046400620
B1113594151956N00049114EA0046200620
B1114004151956N00049114EA0046200620
B1114014151956N00049114EA0046200620
B1114024151956N00049114EA0046200621
B1114034151955N00049114EA0046300620
B1114044151955N00049113EA0046300620
B1114054151955N00049113EA0046300620
B1114064151955N00049113EA0046300620
B1114074151954N00049113EA0046300620
B1114084151954N00049113EA0046100620
B1114094151953N00049113EA0046200620
B1114104151953N00049113EA0046100621
B1114114151953N00049113EA0046300621
B1114124151952N00049113EA0046400621
B1114134151952N00049113EA0046300621
B1114144151951N00049113EA0046300621
B1114154151951N00049112EA0046300621
B1114164151951N00049112EA0046300621
B1114174151951N00049112EA0046300621
B1114184151951N00049112EA0046300620
B1114194151951N00049112EA0046300620
B1114204151951N00049111EA0046300620
B1114214151950N00049111EA0046200620
B1114224151950N00049111EA0046200620
B1114234151950N00049111EA0046100620
B1114244151949N00049111EA0046200620
B1114254151949N00049111EA0046000620
B1114264151949N00049111EA0046100620
B1114274151949N00049111EA0046100620
B1114284151949N00049111EA0046200620
B1114294151949N00049110EA0046300621
B1114304151949N00049110EA0046200621
B1114314151949N00049110EA0046200621
B1114324151949N00049110EA0046200622
B1114334151948N00049110EA0046200622
B1114344151948N00049110EA0046200623
B1114354151948N00049110EA0046200623
B1114364151948N00049110EA0046200623
B1114374151948N00049110EA0046200623
B1114384151948N00049110EA0046200623
B1114394151948N00049110EA0046100623
B1114404151948N00049110EA0046100624
B1114414151948N00049109EA0046200624
B1114424151948N00049109EA0046300624
B1114434151948N00049109EA0046200624
B1114444151948N00049109EA0046200624
B1114454151948N00049109EA0046300623
B1114464151948N00049109EA0046200623
B1114474151948N00049109EA0046200623
B1114484151948N00049109EA0046200623
B1114494151948N00049109EA0046300622
B1114504151948N00049109EA0046300622
B1114514151948N00049109EA0046200622
B1114524151948N00049109EA0046200622
B1114534151948N00049109EA0046200622
B1114544151948N00049109EA0046300621
B1114554151948N00049109EA0046200621
B1114564151948N00049109EA0046200621
B1114574151948N00049109EA0046200621
B1114584151948N00049109EA0046200621
B1114594151948N00049109EA0046200621
B1115004151948N00049108EA0046200621
B1115014151948N00049108EA0046300620
B1115024151948N00049108EA0046200620
B1115034151948N00049108EA0046200620
B1115044151948N00049107EA0046200620
B1115054151948N00049107EA0046200620
B1115064151948N00049107EA0046300620
B1115074151948N00049107EA0046300620
B1115084151948N00049107EA0046200620
B1115094151948N00049107EA0046200620
B1115104151948N00049107EA0046200620
B1115114151948N00049107EA0046300620
B1115124151947N00049107EA0046100620
B1115134151947N00049107EA0046200621
B1115144151947N00049107EA0046200621
B1115154151947N00049107EA0046300621
B1115164151947N00049107EA0046300621
B1115174151947N00049107EA0046300621
B1115184151948N00049107EA0046200621
B1115194151948N00049107EA0046200621
B1115204151948N00049107EA0046200621
B1115214151948N00049107EA0046200621
B1115224151948N00049107EA0046300621
B1115234151947N00049107EA0046100621
B1115244151947N00049107EA0046200622
B1115254151947N00049107EA0046200621
B1115264151947N00049107EA0046100621
B1115274151947N00049107EA0046200622
B1115284151946N00049106EA0046200622
B1115294151946N00049106EA0046200622
B1115304151946N00049106EA0046200622
B1115314151945N00049106EA0046200622
B1115324151945N00049106EA0046300622
B1115334151944N00049106EA0046200622
B1115344151944N00049106EA0046200622
B1115354151943N00049106EA0046100622
B1115364151943N00049106EA0046100622
B1115374151943N00049107EA0046000623
B1115384151942N00049107EA0046100623
B1115394151942N00049107EA0046000623
B1115404151942N00049107EA0046000623
B1115414151942N00049107EA0046000624
B1115424151942N00049107EA0046000624
B1115434151942N00049107EA0046000624
B1115444151942N00049107EA0045900624
B1115454151942N00049107EA0045900624
B1115464151942N00049107EA0046000625
B1115474151942N00049107EA0045900625
B1115484151942N00049107EA0046000625
B1115494151942N00049107EA0046000625
B1115504151942N00049107EA0045900625
B1115514151942N00049107EA0045900625
B1115524151942N00049107EA0046100625
B1115534151942N00049107EA0046000625
B1115544151942N00049107EA0046000625
B1115554151942N00049107EA0046000625
B1115564151942N00049107EA0046000625
B1115574151942N00049107EA0046000626
B1115584151942N00049107EA0045900626
B1115594151942N00049107EA0046000626
B1116004151942N00049107EA0045900626
B1116014151942N00049107EA0046000626
B1116024151942N00049106EA0046100626
B1116034151943N00049106EA0046100626
B1116044151943N00049106EA0046100626
B1116054151943N00049107EA0046100626
B1116064151944N00049107EA0046100626
B1116074151944N00049107EA0046100626
B1116084151944N00049107EA0046100625
B1116094151944N00049108EA0046100625
B1116104151944N00049108EA0046200625
B1116114151944N00049108EA0046100624
B1116124151944N00049108EA0046100624
B1116134151944N00049108EA0046200624
B1116144151944N00049108EA0046200624
B1116154151944N00049108EA0046100623
B1116164151944N00049108EA0046100623
B1116174151944N00049108EA0046100623
B1116184151944N00049108EA0046100623
B1116194151944N00049108EA0046100623
B1116204151944N00049108EA0046100622
B1116214151944N00049108EA0046100622
B1116224151944N00049108EA0046100622
B1116234151944N00049108EA0046100622
B1116244151944N00049108EA0046100621
B1116254151945N00049107EA0046100621
B1116264151945N00049107EA0046100621
B1116274151945N00049107EA0046200620
B1116284151945N00049107EA0046100620
B1116294151945N00049107EA0046200620
B1116304151945N00049107EA0046100620
B1116314151945N00049107EA0046000620
B1116324151945N00049107EA0046000620
B1116334151945N00049107EA0046100620
B1116344151945N00049107EA0046000620
B1116354151945N00049107EA0046100620
B1116364151945N00049107EA0046100620
B1116374151945N00049107EA0046100621
B1116384151945N00049107EA0046100621
B1116394151945N00049107EA0046000622
B1116404151945N00049107EA0046100622
B1116414151945N00049107EA0046100622
B1116424151945N00049107EA0046100623
B1116434151945N00049107EA0046100623
B1116444151945N00049107EA0046100624
B1116454151945N00049107EA0046000624
B1116464151945N00049107EA0046000624
B1116474151945N00049107EA0046000625
B1116484151945N00049107EA0046000625
B1116494151945N00049107EA0046000625
B1116504151945N00049107EA0046000625
B1116514151945N00049107EA0046000625
B1116524151945N00049107EA0046100625
B1116534151945N00049107EA0046100625
B1116544151945N00049107EA0046100625
B1116554151945N00049107EA0046100625
B1116564151945N00049107EA0046000625
B1116574151945N00049107EA0046000625
B1116584151945N00049107EA0046000625
B1116594151945N00049107EA0046100625
B1117004151945N00049107EA0046000626
B1117014151945N00049107EA0046000626
B1117024151945N00049107EA0046000626
B1117034151945N00049107EA0046000626
B1117044151945N00049107EA0046000626
B1117054151945N00049107EA0046000626
B1117064151945N00049107EA0046000626
B1117074151945N00049107EA0046100626
B1117084151945N00049107EA0046100626
B1117094151945N00049107EA0046000626
B1117104151945N00049107EA0046100626
B1117114151945N00049107EA0046100626
B1117124151945N00049107EA0046100626
B1117134151945N00049107EA0046000626
B1117144151945N00049107EA0046000626
B1117154151945N00049107EA0046100626
B1117164151945N00049107EA0046000626
B1117174151945N00049107EA0046100626
B1117184151945N00049107EA0046100626
B1117194151945N00049107EA0046100626
B1117204151945N00049107EA0046100626
B1117214151945N00049107EA0046100626
B1117224151945N00049107EA0046100626
B1117234151945N00049106EA0046100626
B1117244151945N00049106EA0046100626
B1117254151945N00049106EA0046000626
B1117264151945N00049106EA0046100626
B1117274151945N00049106EA0046100627
B1117284151945N00049106EA0046100627
B1117294151945N00049106EA0046100627
B1117304151945N00049107EA0046100626
B1117314151945N00049106EA0046100626
B1117324151945N00049106EA0046100627
B1117334151945N00049106EA0046100627
B1117344151945N00049106EA0046100627
B1117354151945N00049106EA0046100626
B1117364151945N00049106EA0046100626
B1117374151945N00049106EA0046100626
B1117384151945N00049106EA0046100626
B1117394151945N00049106EA0046100625
B1117404151946N00049106EA0046100625
B1117414151946N00049107EA0046100625
B1117424151946N00049107EA0046100625
B1117434151946N00049106EA0046100625
B1117444151946N00049106EA0046100625
B1117454151946N00049106EA0046100626
B1117464151946N00049106EA0046100626
B1117474151946N00049106EA0046100625
B1117484151946N00049106EA0046100625
B1117494151946N00049106EA0046100626
B1117504151946N00049106EA0046100626
B1117514151946N00049106EA0046100626
B1117524151946N00049106EA0046100626
B1117534151946N00049106EA0046200626
B1117544151946N00049106EA0046100626
B1117554151946N00049106EA0046100626
B1117564151946N00049106EA0046100626
B1117574151946N00049106EA0046100626
B1117584151946N00049106EA0046100627
B1117594151946N00049106EA0046100627
B1118004151946N00049106EA0046100627
B1118014151946N00049106EA0046200627
B1118024151946N00049106EA0046200627
B1118034151946N00049106EA0046100626
B1118044151945N00049106EA0046100626
B1118054151945N00049106EA0046200626
B1118064151945N00049106EA0046200626
B1118074151945N00049106EA0046200626
B1118084151945N00049106EA0046100627
B1118094151945N00049106EA0046100626
B1118104151945N00049106EA0046100627
B1118114151945N00049106EA0046100627
B1118124151945N00049106EA0046100627
B1118134151945N00049106EA0046100627
B1118144151945N00049106EA0046100627
B1118154151945N00049106EA0046100628
B1118164151945N00049106EA0046100628
B1118174151945N00049106EA0046100628
B1118184151945N00049106EA0046100629
B1118194151945N00049106EA0046100629
B1118204151945N00049106EA0046100629
B1118214151945N00049106EA0046100630
B1118224151945N00049106EA0046100630
B1118234151944N00049106EA0046100629
B1118244151944N00049106EA0046100629
B1118254151945N00049106EA0046100629
B1118264151945N00049106EA0046100629
B1118274151945N00049106EA0046100629
B1118284151945N00049106EA0046100628
B1118294151946N00049106EA0046100628
B1118304151946N00049106EA0046100628
B1118314151946N00049106EA0046100628
B1118324151946N00049106EA0046100628
B1118334151946N00049106EA0046100628
B1118344151946N00049106EA0046100628
B1118354151946N00049106EA0046100627
B1118364151947N00049107EA0046100627
B1118374151947N00049107EA0046100626
B1118384151947N00049107EA0046100624
B1118394151948N00049107EA0046100623
B1118404151948N00049107EA0046100623
B1118414151948N00049107EA0046000622
B1118424151948N00049108EA0046100622
B1118434151948N00049107EA0046100622
B1118444151948N00049107EA0046100622
B1118454151948N00049107EA0046100622
B1118464151948N00049107EA0046000622
B1118474151948N00049107EA0046000622
B1118484151948N00049107EA0046000622
B1118494151948N00049107EA0046100622
B1118504151948N00049107EA0046100622
B1118514151948N00049107EA0046100623
B1118524151948N00049106EA0046100624
B1118534151948N00049106EA0046100624
B1118544151948N00049105EA0046100625
B1118554151948N00049105EA0046200625
B1118564151948N00049105EA0046200625
B1118574151948N00049105EA0046100625
B1118584151948N00049105EA0046200625
B1118594151948N00049105EA0046100624
B1119004151948N00049105EA0046100624
B1119014151949N00049105EA0046100624
B1119024151949N00049105EA0046200624
B1119034151949N00049106EA0046100624
B1119044151950N00049106EA0046200623
B1119054151950N00049106EA0046200623
B1119064151950N00049106EA0046200623
B1119074151950N00049106EA0046100623
B1119084151951N00049106EA0046200623
B1119094151951N00049107EA0046200623
B1119104151950N00049107EA0046200624
B1119114151950N00049107EA0046200624
B1119124151950N00049107EA0046200625
B1119134151951N00049107EA0046200624
B1119144151951N00049107EA0046200625
B1119154151950N00049107EA0046200624
B1119164151950N00049107EA0046200625
B1119174151950N00049107EA0046100625
B1119184151950N00049107EA0046200625
B1119194151950N00049107EA0046200625
B1119204151950N00049107EA0046200625
B1119214151951N00049107EA0046200625
B1119224151951N00049107EA0046200625
B1119234151951N00049107EA0046200625
B1119244151952N00049107EA0046200625
B1119254151952N00049107EA0046200625
B1119264151952N00049108EA0046200624
B1119274151953N00049108EA0046300624
B1119284151953N00049109EA0046200624
B1119294151953N00049109EA0046100624
B1119304151953N00049109EA0046200623
B1119314151953N00049109EA0046200623
B1119324151953N00049109EA0046200623
B1119334151953N00049109EA0046200623
B1119344151953N00049109EA0046200623
B1119354151953N00049109EA0046200624
B1119364151953N00049109EA0046200624
B1119374151953N00049109EA0046200624
B1119384151954N00049108EA0046200624
B1119394151954N00049109EA0046200624
B1119404151954N00049108EA0046200625
B1119414151954N00049108EA0046100625
B1119424151954N00049108EA0046200625
B1119434151954N00049108EA0046200625
B1119444151954N00049108EA0046200625
B1119454151954N00049108EA0046200625
B1119464151954N00049109EA0046200625
B1119474151954N00049109EA0046200625
B1119484151954N00049108EA0046200625
B1119494151954N00049108EA0046200625
B1119504151954N00049108EA0046200625
B1119514151954N00049108EA0046200625
B1119524151954N00049108EA0046200626
B1119534151954N00049108EA0046100626
B1119544151954N00049108EA0046100626
B1119554151954N00049108EA0046200626
B1119564151954N00049108EA0046200626
B1119574151954N00049108EA0046200626
B1119584151954N00049108EA0046200626
B1119594151954N00049108EA0046200626
B1120004151954N00049108EA0046000626
B1120014151954N00049108EA0046100627
B1120024151954N00049108EA0046100627
B1120034151954N00049108EA0046100627
B1120044151954N00049108EA0046200628
B1120054151954N00049108EA0046100628
B1120064151953N00049108EA0046200628
B1120074151953N00049108EA0046200629
B1120084151953N00049108EA0046200629
B1120094151953N00049108EA0046200630
B1120104151953N00049108EA0046200630
B1120114151953N00049108EA0046200630
B1120124151953N00049108EA0046200630
B1120134151953N00049108EA0046200630
B1120144151953N00049108EA0046200630
B1120154151953N00049108EA0046200630
B1120164151953N00049108EA0046200630
B1120174151953N00049109EA0046200630
B1120184151953N00049109EA0046200631
B1120194151953N00049109EA0046100630
B1120204151953N00049109EA0046300630
B1120214151954N00049108EA0046200630
B1120224151954N00049108EA0046300629
B1120234151954N00049108EA0046100628
B1120244151954N00049109EA0046300628
B1120254151955N00049109EA0046300627
B1120264151955N00049110EA0046300627
B1120274151955N00049110EA0046200626
B1120284151956N00049110EA0046200625
B1120294151956N00049110EA0046200624
B1120304151957N00049110EA0046200624
B1120314151957N00049111EA0046300623
B1120324151957N00049111EA0046300623
B1120334151957N00049111EA0046300623
B1120344151958N00049111EA0046300622
B1120354151958N00049111EA0046300622
B1120364151959N00049111EA0046300622
B1120374151959N00049111EA0046300622
B1120384151960N00049111EA0046200621
B1120394151960N00049111EA0046200622
B1120404151961N00049112EA0046300621
B1120414151961N00049112EA0046300621
B1120424151962N00049112EA0046300621
B1120434151962N00049113EA0046300621
B1120444151962N00049113EA0046300621
B1120454151963N00049113EA0046300621
B1120464151963N00049113EA0046300621
B1120474151963N00049113EA0046300621
B1120484151963N00049113EA0046300620
B1120494151964N00049113EA0046300620
B1120504151964N00049113EA0046200620
B1120514151964N00049113EA0046300621
B1120524151964N00049113EA0046200621
B1120534151964N00049113EA0046200621
B1120544151964N00049113EA0046200621
B1120554151964N00049113EA0046200622
B1120564151964N00049113EA0046300622
B1120574151964N00049113EA0046300622
B1120584151964N00049113EA0046300623
B1120594151964N00049113EA0046200623
B1121004151965N00049113EA0046200622
B1121014151965N00049113EA0046300623
B1121024151965N00049113EA0046300623
B1121034151965N00049114EA0046200623
B1121044151965N00049114EA0046200623
B1121054151965N00049114EA0046200623
B1121064151965N00049114EA0046300623
B1121074151965N00049114EA0046300623
B1121084151965N00049114EA0046200623
B1121094151965N00049114EA0046300624
B1121104151965N00049113EA0046300624
B1121114151965N00049114EA0046300624
B1121124151965N00049114EA0046300624
B1121134151965N00049114EA0046300624
B1121144151965N00049114EA0046200624
B1121154151965N00049114EA0046300625
B1121164151965N00049114EA0046300625
B1121174151965N00049114EA0046200625
B1121184151965N00049114EA0046200625
B1121194151965N00049114EA0046300625
B1121204151965N00049114EA0046200625
B1121214151965N00049114EA0046200625
B1121224151965N00049114EA0046200625
B1121234151965N00049114EA0046200624
B1121244151965N00049114EA0046200624
B1121254151965N00049114EA0046300624
B1121264151965N00049114EA0046300624
B1121274151965N00049114EA0046200624
B1121284151965N00049114EA0046200624
B1121294151964N00049114EA0046300624
B1121304151964N00049114EA0046200624
B1121314151964N00049113EA0046200623
B1121324151964N00049113EA0046200623
B1121334151963N00049113EA0046200624
B1121344151963N00049112EA0046300623
B1121354151963N00049112EA0046300623
B1121364151963N00049112EA0046300623
B1121374151963N00049111EA0046300623
B1121384151962N00049111EA0046300624
B1121394151962N00049110EA0046300624
B1121404151962N00049110EA0046300623
B1121414151962N00049109EA0046300623
B1121424151962N00049108EA0046300622
B1121434151962N00049108EA0046300622
B1121444151962N00049107EA0046300621
B1121454151962N00049107EA0046400621
B1121464151962N00049106EA0046400621
B1121474151961N00049106EA0046300621
B1121484151961N00049105EA0046500621
B1121494151961N00049104EA0046300621
B1121504151961N00049104EA0046400620
B1121514151961N00049103EA0046400620
B1121524151962N00049103EA0046400619
B1121534151962N00049103EA0046300619
B1121544151962N00049103EA0046400619
B1121554151962N00049102EA0046300619
B1121564151962N00049102EA0046300619
B1121574151962N00049102EA0046400619
B1121584151962N00049101EA0046300620
B1121594151962N00049102EA0046300621
B1122004151962N00049101EA0046300620
B1122014151962N00049101EA0046300620
B1122024151962N00049101EA0046300620
B1122034151962N00049101EA0046300620
B1122044151962N00049101EA0046300620
B1122054151962N00049101EA0046300620
B1122064151962N00049101EA0046300620
B1122074151962N00049101EA0046300620
B1122084151962N00049101EA0046300620
B1122094151962N00049101EA0046300621
B1122104151962N00049101EA0046300621
B1122114151962N00049101EA0046300621
B1122124151962N00049101EA0046300621
B1122134151962N00049101EA0046300621
B1122144151962N00049101EA0046300621
B1122154151962N00049101EA0046300622
B1122164151962N00049101EA0046300622
B1122174151962N00049101EA0046300622
B1122184151962N00049101EA0046300622
B1122194151962N00049101EA0046300622
B1122204151962N00049101EA0046300623
B1122214151962N00049101EA0046400623
B1122224151962N00049101EA0046400623
B1122234151962N00049101EA0046300623
B1122244151962N00049102EA0046400624
B1122254151962N00049101EA0046400624
B1122264151962N00049102EA0046400624
B1122274151962N00049102EA0046400624
B1122284151962N00049102EA0046400624
B1122294151962N00049101EA0046400624
B1122304151962N00049101EA0046300624
B1122314151962N00049101EA0046300624
B1122324151962N00049101EA0046300624
B1122334151962N00049101EA0046400623
B1122344151962N00049101EA0046400623
B1122354151962N00049101EA0046400623
B1122364151962N00049102EA0046300623
B1122374151962N00049102EA0046400622
B1122384151961N00049102EA0046400622
B1122394151961N00049102EA0046400622
B1122404151960N00049102EA0046500622
B1122414151959N00049102EA0046400622
B1122424151959N00049102EA0046400623
B1122434151958N00049102EA0046300623
B1122444151958N00049102EA0046400624
B1122454151958N00049102EA0046400624
B1122464151957N00049102EA0046500623
B1122474151957N00049103EA0046500623
B1122484151956N00049103EA0046300622
B1122494151956N00049103EA0046300623
B1122504151956N00049103EA0046400623
B1122514151955N00049103EA0046300622
B1122524151955N00049104EA0046300623
B1122534151955N00049104EA0046400623
B1122544151954N00049104EA0046400623
B1122554151954N00049104EA0046400624
B1122564151953N00049104EA0046300623
B1122574151953N00049104EA0046300624
B1122584151953N00049104EA0046400624
B1122594151952N00049103EA0046400624
B1123004151952N00049103EA0046400624
B1123014151952N00049103EA0046400623
B1123024151951N00049103EA0046400623
B1123034151951N00049103EA0046300623
B1123044151951N00049103EA0046300623
B1123054151951N00049103EA0046200623
B1123064151951N00049103EA0046300624
B1123074151951N00049103EA0046300624
B1123084151950N00049103EA0046300624
B1123094151950N00049103EA0046400625
B1123104151951N00049103EA0046300625
B1123114151951N00049103EA0046300624
B1123124151951N00049103EA0046300624
B1123134151951N00049103EA0046300623
B1123144151951N00049103EA0046300623
B1123154151951N00049103EA0046300623
B1123164151951N00049103EA0046300623
B1123174151951N00049103EA0046300622
B1123184151951N00049103EA0046300622
B1123194151951N00049103EA0046200622
B1123204151951N00049103EA0046300622
B1123214151951N00049103EA0046300622
B1123224151951N00049103EA0046300622
B1123234151951N00049103EA0046300622
B1123244151951N00049103EA0046300622
B1123254151951N00049103EA0046300622
B1123264151951N00049103EA0046300622
B1123274151951N00049103EA0046200622
B1123284151951N00049103EA0046100622
B1123294151951N00049103EA0046100622
B1123304151951N00049103EA0046300622
B1123314151951N00049103EA0046200622
B1123324151950N00049103EA0046200623
B1123334151950N00049103EA0046200623
B1123344151950N00049103EA0046300623
B1123354151950N00049103EA0046300623
B1123364151950N00049103EA0046300623
B1123374151950N00049103EA0046400623
B1123384151951N00049103EA0046300623
B1123394151951N00049103EA0046300623
B1123404151950N00049103EA0046300623
B1123414151950N00049103EA0046300623
B1123424151950N00049103EA0046300623
B1123434151950N00049103EA0046300623
B1123444151950N00049103EA0046200623
B1123454151950N00049104EA0046300623
B1123464151951N00049104EA0046100623
B1123474151951N00049104EA0046200623
B1123484151951N00049104EA0046200623
B1123494151951N00049104EA0046300623
B1123504151951N00049104EA0046300623
B1123514151950N00049104EA0046200623
B1123524151950N00049104EA0046300623
B1123534151950N00049104EA0046300623
B1123544151950N00049104EA0046200623
B1123554151950N00049104EA0046300624
B1123564151950N00049104EA0046300624
B1123574151950N00049104EA0046300624
B1123584151950N00049104EA0046200624
B1123594151950N00049104EA0046200624
B1124004151950N00049104EA0046100625
B1124014151950N00049104EA0046200625
B1124024151950N00049104EA0046200625
B1124034151950N00049104EA0046300625
B1124044151950N00049104EA0046300625
B1124054151950N00049104EA0046300625
B1124064151950N00049104EA0046300625
B1124074151950N00049104EA0046300625
B1124084151950N00049104EA0046300625
B1124094151950N00049104EA0046300625
B1124104151950N00049104EA0046300625
B1124114151950N00049104EA0046300625
B1124124151950N00049104EA0046300625
B1124134151950N00049104EA0046200625
B1124144151950N00049104EA0046300625
B1124154151950N00049104EA0046300625
B1124164151950N00049104EA0046200625
B1124174151950N00049104EA0046200625
B1124184151950N00049104EA0046200625
B1124194151950N00049104EA0046200625
B1124204151950N00049104EA0046200624
B1124214151950N00049104EA0046200625
B1124224151950N00049104EA0046200625
B1124234151950N00049104EA0046300625
B1124244151950N00049104EA0046200625
B1124254151950N00049104EA0046200624
B1124264151950N00049104EA0046200624
B1124274151950N00049104EA0046200624
B1124284151950N00049104EA0046200624
B1124294151950N00049104EA0046200624
B1124304151950N00049104EA0046200624
B1124314151950N00049104EA0046200624
B1124324151950N00049104EA0046300624
B1124334151950N00049104EA0046300624
B1124344151950N00049105EA0046200625
B1124354151950N00049105EA0046200625
B1124364151950N00049105EA0046200624
B1124374151950N00049105EA0046300624
B1124384151949N00049105EA0046200624
B1124394151949N00049105EA0046200624
B1124404151949N00049105EA0046200623
B1124414151949N00049105EA0046200623
B1124424151949N00049105EA0046200623
B1124434151949N00049105EA0046200623
B1124444151949N00049105EA0046300624
B1124454151949N00049105EA0046300624
B1124464151949N00049105EA0046200623
B1124474151949N00049105EA0046200623
B1124484151949N00049105EA0046300623
B1124494151949N00049105EA0046200623
B1124504151949N00049105EA0046200622
B1124514151949N00049105EA0046200622
B1124524151949N00049105EA0046200622
B1124534151949N00049105EA0046200622
B1124544151949N00049105EA0046200621
B1124554151949N00049105EA0046200621
B1124564151949N00049105EA0046200621
B1124574151949N00049105EA0046200621
B1124584151949N00049105EA0046100621
B1124594151949N00049105EA0046100621
B1125004151949N00049105EA0046200621
B1125014151949N00049105EA0046200622
B1125024151949N00049105EA0046200622
B1125034151949N00049105EA0046200622
B1125044151949N00049105EA0046200622
B1125054151949N00049105EA0046200622
B1125064151949N00049105EA0046200622
B1125074151949N00049105EA0046200623
B1125084151949N00049105EA0046200623
B1125094151949N00049105EA0046200623
B1125104151949N00049105EA0046200623
B1125114151949N00049105EA0046100623
B1125124151949N00049105EA0046100623
B1125134151949N00049105EA0046200623
B1125144151949N00049105EA0046200623
B1125154151949N00049105EA0046300623
B1125164151949N00049106EA0046200624
B1125174151949N00049105EA0046200624
B1125184151949N00049105EA0046200624
B1125194151949N00049105EA0046200624
B1125204151949N00049105EA0046200624
B1125214151949N00049105EA0046200624
B1125224151949N00049105EA0046200624
B1125234151949N00049105EA0046200624
B1125244151949N00049105EA0046200624
B1125254151949N00049106EA0046200624
B1125264151949N00049106EA0046200624
B1125274151949N00049106EA0046300624
B1125284151949N00049106EA0046200624
B1125294151949N00049105EA0046300624
B1125304151949N00049105EA0046300624
B1125314151950N00049105EA0046200624
B1125324151949N00049105EA0046200624
B1125334151950N00049105EA0046200624
B1125344151950N00049105EA0046300624
B1125354151950N00049105EA0046200624
B1125364151949N00049105EA0046200624
B1125374151949N00049105EA0046200624
B1125384151949N00049105EA0046200624
B1125394151949N00049105EA0046200624
B1125404151949N00049105EA0046200624
B1125414151949N00049105EA0046200624
B1125424151949N00049105EA0046200625
B1125434151949N00049105EA0046200625
B1125444151949N00049105EA0046200625
B1125454151950N00049105EA0046200625
B1125464151950N00049105EA0046300625
B1125474151950N00049105EA0046200625
B1125484151950N00049105EA0046200625
B1125494151950N00049105EA0046200625
B1125504151950N00049105EA0046100625
B1125514151950N00049105EA0046100625
B1125524151950N00049105EA0046100625
B1125534151950N00049105EA0046200625
B1125544151950N00049105EA0046200625
B1125554151950N00049105EA0046200626
B1125564151950N00049105EA0046100626
B1125574151950N00049105EA0046200626
B1125584151950N00049105EA0046100626
B1125594151950N00049105EA0046200626
B1126004151950N00049105EA0046300626
B1126014151950N00049105EA0046200626
B1126024151950N00049105EA0046200626
B1126034151950N00049105EA0046300626
B1126044151950N00049105EA0046300626
B1126054151950N00049105EA0046300626
B1126064151950N00049105EA0046200627
B1126074151950N00049105EA0046200627
B1126084151950N00049105EA0046300627
B1126094151950N00049105EA0046200627
B1126104151950N00049105EA0046200627
B1126114151950N00049105EA0046300627
B1126124151950N00049105EA0046300627
B1126134151950N00049105EA0046200626
B1126144151950N00049105EA0046200626
B1126154151950N00049105EA0046200626
B1126164151950N00049106EA0046200626
B1126174151950N00049106EA0046300626
B1126184151950N00049106EA0046200626
B1126194151950N00049106EA0046300626
B1126204151950N00049105EA0046200626
B1126214151950N00049105EA0046200626
B1126224151950N00049105EA0046200626
B1126234151950N00049105EA0046300626
B1126244151950N00049105EA0046300626
B1126254151950N00049105EA0046200626
B1126264151950N00049105EA0046200627
B1126274151950N00049105EA0046300627
B1126284151950N00049105EA0046300627
B1126294151950N00049106EA0046200627
B1126304151950N00049106EA0046300627
B1126314151950N00049106EA0046300627
B1126324151950N00049106EA0046300627
B1126334151950N00049105EA0046300627
B1126344151950N00049105EA0046400627
B1126354151950N00049105EA0046300627
B1126364151950N00049105EA0046300627
B1126374151950N00049105EA0046300627
B1126384151950N00049105EA0046300627
B1126394151950N00049105EA0046300627
B1126404151950N00049105EA0046300627
B1126414151950N00049105EA0046300627
B1126424151950N00049105EA0046300627
B1126434151950N00049105EA0046300627
B1126444151950N00049105EA0046300627
B1126454151950N00049105EA0046300627
B1126464151950N00049105EA0046300627
B1126474151950N00049105EA0046300627
B1126484151950N00049105EA0046300627
B1126494151950N00049105EA0046200627
B1126504151950N00049105EA0046200627
B1126514151950N00049105EA0046300627
B1126524151950N00049105EA0046200627
B1126534151950N00049105EA0046300628
B1126544151950N00049105EA0046300628
B1126554151950N00049105EA0046300628
B1126564151950N00049104EA0046400628
B1126574151950N00049105EA0046400628
B1126584151950N00049105EA0046300628
B1126594151950N00049105EA0046300628
B1127004151950N00049105EA0046300628
B1127014151950N00049105EA0046300627
B1127024151950N00049104EA0046300627
B1127034151950N00049104EA0046300627
B1127044151950N00049105EA0046300627
B1127054151950N00049105EA0046300627
B1127064151950N00049105EA0046300627
B1127074151950N00049104EA0046300627
B1127084151950N00049104EA0046300627
B1127094151950N00049104EA0046300627
B1127104151950N00049105EA0046300627
B1127114151950N00049105EA0046300627
B1127124151950N00049105EA0046300627
B1127134151950N00049105EA0046200627
B1127144151950N00049105EA0046200628
B1127154151950N00049105EA0046300627
B1127164151950N00049105EA0046200627
B1127174151950N00049105EA0046200627
B1127184151950N00049105EA0046300627
B1127194151950N00049105EA0046300627
B1127204151950N00049105EA0046300627
B1127214151950N00049105EA0046300627
B1127224151950N00049105EA0046300627
B1127234151950N00049105EA0046300627
B1127244151950N00049105EA0046300627
B1127254151950N00049105EA0046300626
B1127264151950N00049105EA0046400627
B1127274151950N00049105EA0046300627
B1127284151950N00049105EA0046300627
B1127294151950N00049105EA0046400627
B1127304151950N00049105EA0046400627
B1127314151951N00049105EA0046400627
B1127324151951N00049105EA0046300626
B1127334151951N00049105EA0046400626
B1127344151951N00049105EA0046400626
B1127354151951N00049105EA0046400625
B1127364151951N00049105EA0046300625
B1127374151950N00049105EA0046300625
B1127384151950N00049105EA0046300625
B1127394151950N00049105EA0046200625
B1127404151950N00049105EA0046300626
B1127414151950N00049105EA0046300626
B1127424151950N00049105EA0046300626
B1127434151950N00049105EA0046300626
B1127444151950N00049105EA0046300626
B1127454151950N00049105EA0046300625
B1127464151951N00049105EA0046400625
B1127474151951N00049105EA0046300625
B1127484151951N00049105EA0046400625
B1127494151951N00049105EA0046300625
B1127504151951N00049105EA0046300626
B1127514151951N00049105EA0046200626
B1127524151951N00049105EA0046200626
B1127534151951N00049105EA0046200626
B1127544151951N00049105EA0046300626
B1127554151951N00049105EA0046300626
B1127564151951N00049105EA0046300626
B1127574151951N00049105EA0046200626
B1127584151951N00049105EA0046300626
B1127594151951N00049105EA0046200626
B1128004151951N00049105EA0046200626
B1128014151951N00049105EA0046200626
B1128024151951N00049105EA0046200626
B1128034151951N00049105EA0046200626
B1128044151951N00049105EA0046200626
B1128054151951N00049105EA0046300627
B1128064151951N00049105EA0046200627
B1128074151951N00049105EA0046300627
B1128084151951N00049105EA0046300627
B1128094151951N00049105EA0046300627
B1128104151951N00049105EA0046300627
B1128114151951N00049105EA0046300627
B1128124151951N00049105EA0046400628
B1128134151951N00049105EA0046300627
B1128144151951N00049105EA0046300628
B1128154151951N00049105EA0046300628
B1128164151951N00049105EA0046300628
B1128174151951N00049105EA0046300628
B1128184151951N00049105EA0046400628
B1128194151952N00049105EA0046400628
B1128204151952N00049105EA0046400627
B1128214151952N00049105EA0046400626
B1128224151952N00049105EA0046400626
B1128234151952N00049105EA0046500626
B1128244151953N00049105EA0046400626
B1128254151953N00049105EA0046400626
B1128264151953N00049105EA0046400626
B1128274151953N00049105EA0046400626
B1128284151953N00049105EA0046400626
B1128294151953N00049105EA0046300626
B1128304151953N00049105EA0046200626
B1128314151953N00049105EA0046400626
B1128324151953N00049105EA0046300626
B1128334151953N00049105EA0046300626
B1128344151953N00049105EA0046300626
B1128354151953N00049105EA0046300626
B1128364151953N00049105EA0046300626
B1128374151953N00049105EA0046400626
B1128384151953N00049105EA0046400626
B1128394151953N00049105EA0046200627
B1128404151953N00049105EA0046300627
B1128414151953N00049105EA0046300626
B1128424151953N00049105EA0046300626
B1128434151954N00049105EA0046300626
B1128444151954N00049105EA0046300626
B1128454151954N00049105EA0046300626
B1128464151954N00049105EA0046300626
B1128474151954N00049105EA0046300626
B1128484151954N00049105EA0046200626
B1128494151954N00049105EA0046300625
B1128504151954N00049105EA0046300625
B1128514151954N00049105EA0046300625
B1128524151954N00049105EA0046200625
B1128534151954N00049105EA0046300626
B1128544151954N00049105EA0046300625
B1128554151954N00049104EA0046300625
B1128564151954N00049104EA0046300626
B1128574151954N00049104EA0046300626
B1128584151954N00049104EA0046300626
B1128594151954N00049104EA0046300626
B1129004151954N00049104EA0046200627
B1129014151954N00049104EA0046300627
B1129024151954N00049104EA0046200627
B1129034151954N00049104EA0046300627
B1129044151954N00049104EA0046400627
B1129054151954N00049104EA0046400628
B1129064151954N00049104EA0046300627
B1129074151954N00049104EA0046300627
B1129084151954N00049104EA0046300627
B1129094151954N00049104EA0046300627
B1129104151954N00049104EA0046300627
B1129114151954N00049104EA0046300627
B1129124151954N00049104EA0046300627
B1129134151954N00049104EA0046300627
B1129144151954N00049104EA0046300627
B1129154151954N00049104EA0046300628
B1129164151954N00049104EA0046400628
B1129174151954N00049104EA0046300627
B1129184151954N00049104EA0046300627
B1129194151954N00049104EA0046400627
B1129204151954N00049104EA0046300628
B1129214151954N00049104EA0046400628
B1129224151954N00049104EA0046400628
B1129234151954N00049104EA0046400628
B1129244151954N00049104EA0046400627
B1129254151954N00049104EA0046400627
B1129264151954N00049104EA0046400628
B1129274151954N00049104EA0046400628
B1129284151954N00049104EA0046400628
B1129294151954N00049104EA0046400628
B1129304151954N00049104EA0046400628
B1129314151954N00049104EA0046400628
B1129324151954N00049104EA0046400628
B1129334151954N00049104EA0046300628
B1129344151954N00049104EA0046400628
B1129354151954N00049104EA0046400628
B1129364151953N00049104EA0046400628
B1129374151953N00049104EA0046400628
B1129384151953N00049104EA0046400628
B1129394151953N00049104EA0046300628
B1129404151953N00049104EA0046300628
B1129414151953N00049104EA0046300628
B1129424151953N00049104EA0046300628
B1129434151953N00049104EA0046300628
B1129444151953N00049104EA0046200628
B1129454151953N00049104EA0046300628
B1129464151953N00049104EA0046300628
B1129474151953N00049104EA0046300628
B1129484151953N00049104EA0046300628
B1129494151953N00049104EA0046300628
B1129504151953N00049104EA0046300628
B1129514151953N00049104EA0046300629
B1129524151953N00049104EA0046300629
B1129534151953N00049104EA0046400629
B1129544151953N00049104EA0046400629
B1129554151953N00049105EA0046300629
B1129564151953N00049105EA0046300630
B1129574151953N00049105EA0046400630
B1129584151953N00049105EA0046400630
B1129594151953N00049105EA0046400630
B1130004151953N00049105EA0046300630
B1130014151953N00049105EA0046300630
B1130024151953N00049105EA0046300630
B1130034151953N00049105EA0046400630
B1130044151953N00049105EA0046300630
B1130054151953N00049105EA0046400630
B1130064151953N00049105EA0046300630
B1130074151953N00049105EA0046300630
B1130084151953N00049105EA0046400630
B1130094151953N00049105EA0046300630
B1130104151953N00049105EA0046300630
B1130114151953N00049105EA0046300630
B1130124151953N00049105EA0046300630
B1130134151953N00049105EA0046300630
B1130144151953N00049105EA0046400630
B1130154151953N00049105EA0046300630
B1130164151953N00049105EA0046400630
B1130174151953N00049105EA0046400630
B1130184151953N00049104EA0046400630
B1130194151953N00049104EA0046400630
B1130204151953N00049104EA0046300630
B1130214151953N00049104EA0046300630
B1130224151953N00049104EA0046400630
B1130234151953N00049104EA0046300629
B1130244151953N00049104EA0046400629
B1130254151953N00049104EA0046400629
B1130264151953N00049104EA0046400629
B1130274151953N00049104EA0046400628
B1130284151953N00049104EA0046300628
B1130294151953N00049104EA0046400628
B1130304151954N00049104EA0046400628
B1130314151954N00049104EA0046400628
B1130324151954N00049104EA0046400628
B1130334151954N00049104EA0046400628
B1130344151954N00049104EA0046400628
B1130354151954N00049104EA0046400628
B1130364151954N00049104EA0046400628
B1130374151954N00049104EA0046300628
B1130384151953N00049104EA0046300628
B1130394151953N00049104EA0046300628
B1130404151953N00049104EA0046300628
B1130414151953N00049104EA0046300628
B1130424151953N00049104EA0046200628
B1130434151953N00049104EA0046300628
B1130444151953N00049104EA0046300628
B1130454151953N00049104EA0046300628
B1130464151953N00049104EA0046200628
B1130474151953N00049104EA0046300628
B1130484151953N00049104EA0046300628
B1130494151953N00049104EA0046300628
B1130504151953N00049103EA0046300628
B1130514151953N00049103EA0046300628
B1130524151953N00049103EA0046200628
B1130534151953N00049103EA0046300628
B1130544151953N00049103EA0046300629
B1130554151953N00049103EA0046300629
B1130564151953N00049103EA0046300629
B1130574151953N00049103EA0046300629
B1130584151953N00049103EA0046300629
B1130594151953N00049103EA0046300629
B1131004151953N00049103EA0046200628
B1131014151953N00049103EA0046200629
B1131024151953N00049103EA0046300629
B1131034151953N00049103EA0046300629
B1131044151953N00049103EA0046300629
B1131054151952N00049103EA0046300629
B1131064151952N00049103EA0046200629
B1131074151952N00049103EA0046300629
B1131084151952N00049103EA0046300629
B1131094151952N00049103EA0046300629
B1131104151952N00049103EA0046300629
B1131114151952N00049103EA0046300629
B1131124151952N00049103EA0046300630
B1131134151952N00049103EA0046300630
B1131144151953N00049103EA0046200630
B1131154151953N00049103EA0046300630
B1131164151953N00049103EA0046300629
B1131174151952N00049103EA0046300630
B1131184151952N00049103EA0046300630
B1131194151952N00049103EA0046300629
B1131204151953N00049103EA0046400630
B1131214151953N00049103EA0046300630
B1131224151953N00049103EA0046300630
B1131234151953N00049103EA0046300629
B1131244151953N00049103EA0046300629
B1131254151953N00049103EA0046400629
B1131264151953N00049103EA0046300629
B1131274151953N00049103EA0046300629
B1131284151953N00049103EA0046300629
B1131294151953N00049103EA0046300629
B1131304151953N00049103EA0046300629
B1131314151953N00049103EA0046300629
B1131324151953N00049103EA0046300629
B1131334151953N00049103EA0046300629
B1131344151953N00049103EA0046400629
B1131354151953N00049103EA0046300629
B1131364151953N00049103EA0046400629
B1131374151953N00049103EA0046300629
B1131384151953N00049103EA0046300629
B1131394151953N00049103EA0046400629
B1131404151953N00049103EA0046300629
B1131414151953N00049103EA0046300629
B1131424151953N00049103EA0046400629
B1131434151953N00049103EA0046300629
B1131444151953N00049103EA0046200629
B1131454151953N00049103EA0046300629
B1131464151953N00049103EA0046300629
B1131474151953N00049104EA0046300629
B1131484151953N00049104EA0046300629
B1131494151953N00049104EA0046300629
B1131504151953N00049104EA0046300629
B1131514151953N00049104EA0046300629
B1131524151953N00049104EA0046300629
B1131534151953N00049104EA0046300629
B1131544151953N00049104EA0046300629
B1131554151953N00049104EA0046200629
B1131564151953N00049104EA0046300628
B1131574151953N00049104EA0046300628
B1131584151953N00049104EA0046300628
B1131594151953N00049104EA0046300628
B1132004151953N00049104EA0046300628
B1132014151953N00049104EA0046300628
B1132024151953N00049104EA0046300628
B1132034151953N00049104EA0046300628
B1132044151953N00049104EA0046300628
B1132054151953N00049104EA0046300628
B1132064151953N00049104EA0046300628
B1132074151953N00049104EA0046200628
B1132084151953N00049104EA0046300628
B1132094151953N00049104EA0046300628
B1132104151953N00049104EA0046300628
B1132114151953N00049104EA0046300628
B1132124151953N00049104EA0046300628
B1132134151953N00049104EA0046300628
B1132144151953N00049104EA0046300628
B1132154151953N00049104EA0046200628
B1132164151954N00049104EA0046300628
B1132174151954N00049104EA0046300628
B1132184151954N00049104EA0046200628
B1132194151953N00049103EA0046300629
B1132204151954N00049103EA0046300630
B1132214151954N00049102EA0046300631
B1132224151954N00049101EA0046300632
B1132234151954N00049102EA0046300632
B1132244151954N00049102EA0046300632
B1132254151954N00049102EA0046300632
B1132264151954N00049101EA0046300632
B1132274151955N00049101EA0046300632
B1132284151955N00049101EA0046300632
B1132294151955N00049101EA0046300633
B1132304151954N00049101EA0046300634
B1132314151954N00049100EA0046300635
B1132324151954N00049100EA0046300635
B1132334151954N00049101EA0046300636
B1132344151954N00049100EA0046300635
B1132354151954N00049100EA0046300636
B1132364151954N00049101EA0046300637
B1132374151954N00049101EA0046300636
B1132384151954N00049101EA0046300637
B1132394151954N00049101EA0046300636
B1132404151954N00049101EA0046300636
B1132414151954N00049101EA0046300637
B1132424151954N00049101EA0046300637
B1132434151954N00049102EA0046300638
B1132444151954N00049102EA0046300638
B1132454151954N00049102EA0046300638
B1132464151954N00049102EA0046200637
B1132474151954N00049102EA0046200636
B1132484151954N00049102EA0046200636
B1132494151954N00049102EA0046200634
B1132504151954N00049102EA0046300633
B1132514151954N00049102EA0046200633
B1132524151954N00049102EA0046200633
B1132534151954N00049102EA0046300632
B1132544151954N00049102EA0046300632
B1132554151953N00049102EA0046300633
B1132564151953N00049102EA0046200633
B1132574151953N00049102EA0046200633
B1132584151953N00049102EA0046300633
B1132594151953N00049102EA0046300633
B1133004151953N00049102EA0046200633
B1133014151953N00049102EA0046200633
B1133024151953N00049102EA0046200632
B1133034151953N00049102EA0046200633
B1133044151952N00049102EA0046200633
B1133054151952N00049102EA0046200633
B1133064151952N00049102EA0046300633
B1133074151952N00049102EA0046300633
B1133084151952N00049102EA0046300633
B1133094151952N00049102EA0046200633
B1133104151952N00049102EA0046300634
B1133114151953N00049102EA0046300633
B1133124151953N00049102EA0046300633
B1133134151953N00049102EA0046400633
B1133144151953N00049102EA0046300633
B1133154151954N00049103EA0046300632
B1133164151954N00049103EA0046300631
B1133174151954N00049103EA0046300631
B1133184151954N00049103EA0046300631
B1133194151954N00049103EA0046200631
B1133204151954N00049103EA0046300631
B1133214151954N00049103EA0046300631
B1133224151955N00049103EA0046300631
B1133234151955N00049103EA0046300630
B1133244151955N00049103EA0046300628
B1133254151955N00049104EA0046400627
B1133264151955N00049104EA0046300627
B1133274151955N00049104EA0046400626
B1133284151955N00049104EA0046400625
B1133294151955N00049104EA0046300625
B1133304151955N00049104EA0046400624
B1133314151956N00049105EA0046200623
B1133324151955N00049105EA0046300622
B1133334151956N00049105EA0046300622
B1133344151955N00049105EA0046400621
B1133354151955N00049105EA0046300621
B1133364151955N00049105EA0046300621
B1133374151955N00049105EA0046400620
B1133384151955N00049105EA0046300621
B1133394151955N00049105EA0046300621
B1133404151955N00049105EA0046300621
B1133414151955N00049105EA0046300619
B1133424151956N00049105EA0046300619
B1133434151956N00049105EA0046300618
B1133444151956N00049105EA0046400617
B1133454151956N00049105EA0046300618
B1133464151956N00049105EA0046300619
B1133474151955N00049105EA0046300620
B1133484151955N00049105EA0046300621
B1133494151955N00049105EA0046300622
B1133504151955N00049105EA0046300622
B1133514151955N00049105EA0046300622
B1133524151954N00049105EA0046300624
B1133534151954N00049105EA0046200625
B1133544151955N00049105EA0046200624
B1133554151955N00049105EA0046200623
B1133564151955N00049105EA0046200623
B1133574151954N00049105EA0046200623
B1133584151954N00049105EA0046300624
B1133594151954N00049105EA0046200623
B1134004151954N00049105EA0046200623
B1134014151954N00049105EA0046200623
B1134024151954N00049105EA0046300623
B1134034151954N00049105EA0046300623
B1134044151954N00049105EA0046300624
B1134054151954N00049105EA0046300623
B1134064151954N00049105EA0046300622
B1134074151954N00049105EA0046300621
B1134084151954N00049105EA0046300621
B1134094151954N00049105EA0046300621
B1134104151954N00049105EA0046200621
B1134114151954N00049105EA0046300621
B1134124151954N00049105EA0046200621
B1134134151954N00049105EA0046300623
B1134144151954N00049105EA0046300623
B1134154151953N00049105EA0046200624
B1134164151954N00049105EA0046200624
B1134174151954N00049106EA0046200624
B1134184151954N00049106EA0046200625
B1134194151954N00049106EA0046200625
B1134204151954N00049106EA0046200625
B1134214151954N00049106EA0046200624
B1134224151954N00049106EA0046200624
B1134234151954N00049106EA0046200624
B1134244151954N00049106EA0046200624
B1134254151955N00049106EA0046200623
B1134264151955N00049107EA0046300623
B1134274151955N00049106EA0046200623
B1134284151955N00049106EA0046200622
B1134294151954N00049106EA0046300621
B1134304151954N00049106EA0046200622
B1134314151954N00049106EA0046200622
B1134324151954N00049106EA0046300623
B1134334151954N00049105EA0046300624
B1134344151954N00049105EA0046300625
B1134354151954N00049105EA0046300625
B1134364151954N00049105EA0046300625
B1134374151953N00049105EA0046300625
B1134384151953N00049105EA0046300625
B1134394151953N00049105EA0046300625
B1134404151953N00049105EA0046300625
B1134414151953N00049105EA0046300624
B1134424151953N00049105EA0046300624
B1134434151954N00049104EA0046300624
B1134444151954N00049104EA0046300623
B1134454151954N00049104EA0046300623
B1134464151954N00049104EA0046300622
B1134474151954N00049104EA0046300622
B1134484151954N00049104EA0046300622
B1134494151955N00049104EA0046300621
B1134504151955N00049104EA0046300621
B1134514151955N00049104EA0046300621
B1134524151955N00049104EA0046300621
B1134534151954N00049104EA0046300620
B1134544151954N00049103EA0046300623
B1134554151954N00049103EA0046300625
B1134564151954N00049103EA0046200625
B1134574151954N00049103EA0046300626
B1134584151954N00049103EA0046200625
B1134594151954N00049103EA0046300625
B1135004151953N00049104EA0046200625
B1135014151953N00049104EA0046300625
B1135024151954N00049104EA0046300625
B1135034151954N00049104EA0046300625
B1135044151954N00049104EA0046200626
B1135054151953N00049104EA0046300626
B1135064151954N00049104EA0046300626
B1135074151953N00049104EA0046300626
B1135084151953N00049105EA0046300626
B1135094151953N00049105EA0046300626
B1135104151953N00049105EA0046400626
B1135114151953N00049105EA0046300627
B1135124151953N00049105EA0046400627
B1135134151953N00049105EA0046300626
B1135144151953N00049105EA0046300626
B1135154151953N00049105EA0046400626
B1135164151953N00049105EA0046400626
B1135174151953N00049105EA0046400626
B1135184151954N00049105EA0046300626
B1135194151954N00049105EA0046300625
B1135204151954N00049105EA0046300625
B1135214151954N00049105EA0046300625
B1135224151954N00049105EA0046400624
B1135234151954N00049105EA0046300624
B1135244151954N00049105EA0046300624
B1135254151954N00049105EA0046300624
B1135264151954N00049105EA0046300625
B1135274151954N00049106EA0046400625
B1135284151954N00049106EA0046300624
B1135294151954N00049106EA0046300624
B1135304151954N00049106EA0046300624
B1135314151954N00049106EA0046300624
B1135324151954N00049106EA0046300624
B1135334151954N00049106EA0046400624
B1135344151954N00049106EA0046300624
B1135354151954N00049106EA0046300624
B1135364151954N00049105EA0046300624
B1135374151954N00049105EA0046300624
B1135384151954N00049105EA0046300625
B1135394151954N00049105EA0046300625
B1135404151954N00049105EA0046400625
B1135414151954N00049105EA0046300625
B1135424151953N00049105EA0046300626
B1135434151953N00049105EA0046300626
B1135444151953N00049105EA0046200626
B1135454151953N00049105EA0046300627
B1135464151953N00049105EA0046300627
B1135474151953N00049105EA0046300627
B1135484151953N00049105EA0046300627
B1135494151953N00049105EA0046300627
B1135504151953N00049105EA0046300627
B1135514151952N00049105EA0046400627
B1135524151952N00049105EA0046300627
B1135534151952N00049105EA0046300627
B1135544151952N00049105EA0046300627
B1135554151952N00049105EA0046200627
B1135564151952N00049105EA0046300627
B1135574151952N00049105EA0046300628
B1135584151952N00049105EA0046300627
B1135594151952N00049105EA0046300627
B1136004151952N00049105EA0046300627
B1136014151952N00049105EA0046200627
B1136024151952N00049105EA0046300628
B1136034151952N00049105EA0046300628
B1136044151952N00049105EA0046400628
B1136054151952N00049105EA0046400628
B1136064151952N00049105EA0046300628
B1136074151953N00049105EA0046400627
B1136084151953N00049105EA0046300627
B1136094151952N00049105EA0046300627
B1136104151953N00049105EA0046300627
B1136114151953N00049105EA0046300627
B1136124151953N00049105EA0046300627
B1136134151953N00049105EA0046300627
B1136144151953N00049105EA0046300627
B1136154151953N00049105EA0046300627
B1136164151953N00049105EA0046300627
B1136174151953N00049105EA0046300627
B1136184151953N00049105EA0046300627
B1136194151953N00049105EA0046300627
B1136204151953N00049105EA0046300627
B1136214151953N00049105EA0046300626
B1136224151953N00049105EA0046300626
B1136234151953N00049105EA0046400626
B1136244151953N00049105EA0046400627
B1136254151953N00049105EA0046400626
B1136264151953N00049105EA0046400626
B1136274151953N00049104EA0046300626
B1136284151953N00049104EA0046300627
B1136294151953N00049104EA0046300626
B1136304151954N00049104EA0046400626
B1136314151954N00049104EA0046300626
B1136324151954N00049104EA0046300626
B1136334151955N00049104EA0046300626
B1136344151955N00049104EA0046300625
B1136354151956N00049104EA0046300625
B1136364151956N00049103EA0046400625
B1136374151956N00049103EA0046300625
B1136384151956N00049104EA0046400625
B1136394151957N00049104EA0046300625
B1136404151957N00049104EA0046300625
B1136414151957N00049104EA0046400625
B1136424151958N00049104EA0046300625
B1136434151958N00049104EA0046400625
B1136444151958N00049104EA0046300625
B1136454151958N00049105EA0046300625
B1136464151958N00049105EA0046400626
B1136474151958N00049105EA0046400626
B1136484151958N00049105EA0046400626
B1136494151958N00049105EA0046400626
B1136504151958N00049105EA0046300626
B1136514151958N00049105EA0046400626
B1136524151958N00049105EA0046300626
B1136534151958N00049105EA0046400627
B1136544151958N00049105EA0046300627
B1136554151958N00049105EA0046300627
B1136564151958N00049105EA0046400627
B1136574151958N00049106EA0046400627
B1136584151957N00049106EA0046300627
B1136594151957N00049106EA0046400627
B1137004151956N00049106EA0046400626
B1137014151956N00049106EA0046400626
B1137024151956N00049107EA0046400625
B1137034151955N00049107EA0046300626
B1137044151955N00049107EA0046400626
B1137054151955N00049108EA0046400627
B1137064151955N00049108EA0046400627
B1137074151956N00049109EA0046400627
B1137084151956N00049109EA0046400628
B1137094151956N00049110EA0046400629
B1137104151957N00049110EA0046400629
B1137114151956N00049110EA0046400628
B1137124151955N00049110EA0046400627
B1137134151956N00049110EA0046400626
B1137144151956N00049110EA0046400625
B1137154151955N00049108EA0046400625
B1137164151954N00049108EA0046600624
B1137174151955N00049108EA0046400624
B1137184151954N00049108EA0046400622
B1137194151953N00049109EA0046400621
B1137204151954N00049109EA0046400620
B1137214151953N00049109EA0046400621
B1137224151954N00049109EA0046200620
B1137234151954N00049111EA0046500618
B1137244151954N00049112EA0046500617
B1137254151954N00049112EA0046500617
B1137264151952N00049112EA0046400616
B1137274151952N00049112EA0046400618
B1137284151953N00049113EA0046500617
B1137294151953N00049112EA0046400616
B1137304151952N00049112EA0046400615
B1137314151953N00049112EA0046800616
B1137324151953N00049112EA0046200615
B1137334151953N00049112EA0046400610
LXFM live.flymaster.net version 1.01
LXFM Created 2026-05-24 15:12:55
LXFM flight id 1772801
G619903621C0CFC5F07B72E680E187029
