AXFMSFP Flymaster Live, V1.0, S/N 938817
HFFXA010
HFPLTPILOT:15-Eduard Masa
HFGTYGLIDERTYPE:35 Niviuk Hook3 Dragon
HFGIDGLIDERID:
HFDTM100GPSDATUM:WGS-1984
HFCIDCOMPETITIONID:93475
HFCCLCOMPETITIONCLASS:
HOSITSITE:Figuerassa-ES
HFGPSRECEIVER:UBLOX,CAM-M8Q,72,50000,GPS,GLO,GAL
HFPRSPRESSALTSENSOR:BOSCH,BMP280,9163
HFRFWFIRMWAREVERSION:202h
HFRHWHARDWAREVERSION:1.0R2
HFFTYFRTYPE:Flymaster,TRACKER
HFDTE110726
B0837104207302N00149452EA0142601499
B0837114207302N00149453EA0142601500
B0837124207302N00149451EA0142601499
B0837124207302N00149452EA0142601500
B0837134207302N00149451EA0142601499
B0837144207302N00149452EA0142601498
B0837154207302N00149452EA0142601499
B0837164207302N00149452EA0142701499
B0837174207302N00149452EA0142601499
B0837184207302N00149452EA0142601498
B0837194207302N00149453EA0142701498
B0837204207302N00149453EA0142601498
B0837214207302N00149453EA0142701499
B0837224207302N00149453EA0142701499
B0837234207302N00149452EA0142601499
B0837244207302N00149452EA0142701499
B0837254207302N00149451EA0142701499
B0837264207302N00149450EA0142701499
B0837274207302N00149450EA0142701497
B0837284207302N00149448EA0142701498
B0837294207302N00149447EA0142701497
B0837304207302N00149446EA0142701497
B0837314207302N00149446EA0142701497
B0837324207301N00149446EA0142701498
B0837334207302N00149445EA0142701499
B0837344207301N00149445EA0142701498
B0837354207301N00149444EA0142801499
B0837364207301N00149444EA0142701499
B0837374207301N00149444EA0142701499
B0837384207301N00149443EA0142701500
B0837394207302N00149441EA0142701499
B0837404207302N00149439EA0142701498
B0837414207303N00149437EA0142701497
B0837424207303N00149436EA0142701498
B0837434207303N00149435EA0142701497
B0837444207303N00149435EA0142701497
B0837454207303N00149435EA0142701497
B0837464207303N00149434EA0142701497
B0837474207303N00149434EA0142801498
B0837484207303N00149435EA0142701497
B0837494207303N00149434EA0142701497
B0837504207303N00149434EA0142701497
B0837514207303N00149434EA0142701497
B0837524207303N00149434EA0142701497
B0837534207303N00149434EA0142701497
B0837544207303N00149434EA0142801497
B0837554207303N00149434EA0142801496
B0837564207303N00149434EA0142701496
B0837574207303N00149434EA0142701496
B0837584207303N00149434EA0142701496
B0837594207303N00149434EA0142701497
B0838004207303N00149434EA0142701496
B0838014207303N00149434EA0142701496
B0838024207303N00149434EA0142701496
B0838034207303N00149434EA0142801496
B0838044207303N00149434EA0142701496
B0838054207303N00149434EA0142701495
B0838064207303N00149434EA0142701495
B0838074207303N00149434EA0142801495
B0838084207303N00149434EA0142801495
B0838094207303N00149434EA0142701495
B0838104207303N00149434EA0142701494
B0838114207303N00149434EA0142701494
B0838124207303N00149434EA0142701494
B0838134207303N00149434EA0142701495
B0838144207303N00149433EA0142601495
B0838154207303N00149433EA0142701495
B0838164207303N00149433EA0142701494
B0838174207303N00149433EA0142701494
B0838184207303N00149433EA0142601494
B0838194207303N00149433EA0142601494
B0838204207303N00149433EA0142701494
B0838214207303N00149433EA0142701494
B0838224207303N00149433EA0142701494
B0838234207303N00149433EA0142701493
B0838244207303N00149433EA0142701493
B0838254207303N00149433EA0142701493
B0838264207303N00149433EA0142701493
B0838274207303N00149433EA0142701492
B0838284207303N00149433EA0142701492
B0838294207303N00149433EA0142601492
B0838304207303N00149433EA0142701492
B0838314207303N00149433EA0142701492
B0838324207302N00149433EA0142701492
B0838334207302N00149433EA0142701492
B0838344207303N00149433EA0142601492
B0838354207302N00149433EA0142701492
B0838364207302N00149433EA0142701492
B0838374207302N00149433EA0142701492
B0838384207303N00149433EA0142701492
B0838394207303N00149433EA0142701492
B0838404207303N00149433EA0142701492
B0838414207303N00149433EA0142701492
B0838424207303N00149433EA0142701492
B0838434207303N00149433EA0142701492
B0838444207303N00149433EA0142701493
B0838454207303N00149433EA0142701493
B0838464207304N00149433EA0142701493
B0838474207304N00149434EA0142701495
B0838484207304N00149434EA0142701496
B0838494207304N00149434EA0142701497
B0838504207304N00149434EA0142701497
B0838514207304N00149434EA0142701497
B0838524207304N00149434EA0142701497
B0838534207304N00149434EA0142801497
B0838544207304N00149434EA0142701498
B0838554207304N00149434EA0142801498
B0838564207304N00149434EA0142801498
B0838574207304N00149434EA0142801498
B0838584207305N00149434EA0142801498
B0838594207305N00149434EA0142701498
B0839004207305N00149434EA0142701499
B0839014207305N00149434EA0142701499
B0839024207305N00149434EA0142701499
B0839034207305N00149434EA0142701499
B0839044207305N00149434EA0142701500
B0839054207305N00149434EA0142701500
B0839064207305N00149434EA0142701500
B0839074207305N00149434EA0142701500
B0839084207305N00149434EA0142701500
B0839094207305N00149434EA0142701500
B0839104207305N00149434EA0142701500
B0839114207305N00149434EA0142701500
B0839124207305N00149434EA0142701500
B0839134207305N00149434EA0142701500
B0839144207305N00149434EA0142701500
B0839154207305N00149434EA0142701500
B0839164207304N00149434EA0142701500
B0839174207304N00149434EA0142701500
B0839184207304N00149434EA0142701500
B0839194207304N00149434EA0142701500
B0839204207304N00149434EA0142701500
B0839214207304N00149434EA0142701500
B0839224207304N00149434EA0142701500
B0839234207304N00149434EA0142701500
B0839244207305N00149434EA0142701500
B0839254207305N00149434EA0142801500
B0839264207304N00149434EA0142701500
B0839274207304N00149434EA0142601500
B0839284207304N00149435EA0142701500
B0839294207304N00149435EA0142701500
B0839304207303N00149436EA0142701499
B0839314207303N00149437EA0142601499
B0839324207303N00149438EA0142601499
B0839334207303N00149439EA0142701499
B0839344207303N00149440EA0142701500
B0839354207303N00149441EA0142701500
B0839364207303N00149441EA0142701500
B0839374207303N00149443EA0142701499
B0839384207303N00149444EA0142701499
B0839394207304N00149444EA0142701499
B0839404207304N00149445EA0142701499
B0839414207304N00149447EA0142701499
B0839424207304N00149447EA0142601499
B0839434207304N00149448EA0142701499
B0839444207304N00149449EA0142701498
B0839454207304N00149449EA0142701498
B0839464207304N00149449EA0142701498
B0839474207305N00149449EA0142701498
B0839484207305N00149449EA0142601498
B0839494207304N00149450EA0142701498
B0839504207304N00149450EA0142601498
B0839514207304N00149449EA0142601498
B0839524207304N00149449EA0142601497
B0839534207304N00149449EA0142601496
B0839544207304N00149449EA0142601495
B0839554207304N00149449EA0142601495
B0839564207304N00149449EA0142601496
B0839574207304N00149449EA0142601495
B0839584207304N00149448EA0142601495
B0839594207304N00149448EA0142601494
B0840004207304N00149448EA0142601494
B0840014207304N00149448EA0142601494
B0840024207304N00149448EA0142701493
B0840034207303N00149447EA0142601492
B0840044207303N00149447EA0142601492
B0840054207303N00149447EA0142601492
B0840064207303N00149447EA0142601491
B0840074207303N00149447EA0142701491
B0840084207303N00149447EA0142601491
B0840094207303N00149447EA0142701491
B0840104207303N00149447EA0142601490
B0840114207303N00149446EA0142601490
B0840124207303N00149446EA0142601489
B0840134207303N00149446EA0142601490
B0840144207303N00149447EA0142601489
B0840154207303N00149447EA0142701489
B0840164207303N00149447EA0142701489
B0840174207303N00149448EA0142601488
B0840184207303N00149448EA0142701488
B0840194207303N00149448EA0142601488
B0840204207303N00149448EA0142601488
B0840214207303N00149448EA0142601488
B0840224207303N00149448EA0142601489
B0840234207303N00149448EA0142601489
B0840244207303N00149449EA0142601490
B0840254207303N00149449EA0142601490
B0840264207303N00149449EA0142601489
B0840274207303N00149449EA0142601489
B0840284207303N00149449EA0142601490
B0840294207303N00149449EA0142601490
B0840304207303N00149449EA0142601490
B0840314207303N00149449EA0142601490
B0840324207303N00149448EA0142601491
B0840334207303N00149448EA0142701492
B0840344207303N00149449EA0142701492
B0840354207304N00149448EA0142601492
B0840364207303N00149448EA0142601492
B0840374207303N00149448EA0142601492
B0840384207303N00149448EA0142601492
B0840394207303N00149448EA0142701492
B0840404207302N00149448EA0142601492
B0840414207302N00149448EA0142701492
B0840424207302N00149447EA0142601493
B0840434207302N00149447EA0142601493
B0840444207302N00149447EA0142701493
B0840454207301N00149447EA0142601494
B0840464207301N00149447EA0142601495
B0840474207301N00149447EA0142601496
B0840484207301N00149447EA0142701497
B0840494207300N00149446EA0142701497
B0840504207300N00149446EA0142601498
B0840514207300N00149446EA0142601499
B0840524207300N00149446EA0142601499
B0840534207299N00149446EA0142701499
B0840544207299N00149446EA0142601499
B0840554207299N00149446EA0142601501
B0840564207299N00149446EA0142601501
B0840574207298N00149446EA0142601502
B0840584207298N00149446EA0142601503
B0840594207298N00149446EA0142601503
B0841004207298N00149446EA0142601503
B0841014207297N00149446EA0142601504
B0841024207297N00149446EA0142601504
B0841034207297N00149446EA0142601505
B0841044207298N00149445EA0142701505
B0841054207297N00149445EA0142601504
B0841064207297N00149445EA0142601504
B0841074207297N00149445EA0142601504
B0841084207297N00149445EA0142601502
B0841094207297N00149445EA0142601501
B0841104207298N00149445EA0142601501
B0841114207298N00149445EA0142601501
B0841124207297N00149445EA0142701501
B0841134207297N00149445EA0142701501
B0841144207298N00149445EA0142601501
B0841154207298N00149445EA0142601499
B0841164207299N00149445EA0142601499
B0841174207299N00149444EA0142701499
B0841184207300N00149443EA0142701499
B0841194207301N00149443EA0142701498
B0841204207301N00149443EA0142701499
B0841214207301N00149443EA0142601497
B0841224207302N00149443EA0142601496
B0841234207302N00149442EA0142601494
B0841244207302N00149442EA0142601494
B0841254207302N00149441EA0142601494
B0841264207302N00149441EA0142701494
B0841274207302N00149440EA0142701493
B0841284207303N00149439EA0142701493
B0841294207303N00149439EA0142701493
B0841304207303N00149438EA0142701493
B0841314207304N00149438EA0142701492
B0841324207304N00149436EA0142701492
B0841334207304N00149436EA0142701493
B0841344207304N00149435EA0142701493
B0841354207305N00149434EA0142701493
B0841364207305N00149434EA0142601493
B0841374207306N00149433EA0142701493
B0841384207306N00149433EA0142701493
B0841394207306N00149432EA0142701493
B0841404207306N00149431EA0142701493
B0841414207307N00149431EA0142701493
B0841424207307N00149430EA0142701494
B0841434207307N00149430EA0142801494
B0841444207308N00149429EA0142701493
B0841454207308N00149429EA0142701493
B0841464207308N00149428EA0142701493
B0841474207308N00149427EA0142701493
B0841484207308N00149427EA0142701492
B0841494207308N00149426EA0142701492
B0841504207308N00149425EA0142701492
B0841514207308N00149424EA0142701492
B0841524207308N00149423EA0142701491
B0841534207308N00149422EA0142701491
B0841544207309N00149422EA0142701491
B0841554207309N00149421EA0142601490
B0841564207309N00149420EA0142701490
B0841574207309N00149419EA0142701490
B0841584207310N00149418EA0142701490
B0841594207310N00149418EA0142701491
B0842004207310N00149417EA0142701491
B0842014207310N00149416EA0142701490
B0842024207310N00149416EA0142701490
B0842034207310N00149416EA0142701491
B0842044207311N00149415EA0142701491
B0842054207310N00149415EA0142701491
B0842064207310N00149415EA0142701492
B0842074207310N00149414EA0142701492
B0842084207310N00149414EA0142701492
B0842094207310N00149414EA0142701493
B0842104207310N00149414EA0142701493
B0842114207310N00149414EA0142701493
B0842124207310N00149414EA0142701493
B0842134207310N00149414EA0142701493
B0842144207310N00149414EA0142701493
B0842154207310N00149414EA0142701493
B0842164207310N00149414EA0142701493
B0842174207310N00149413EA0142701493
B0842184207310N00149413EA0142701494
B0842194207310N00149413EA0142701494
B0842204207310N00149413EA0142701494
B0842214207310N00149413EA0142701495
B0842224207310N00149413EA0142701495
B0842234207310N00149413EA0142701496
B0842244207310N00149412EA0142801496
B0842254207310N00149412EA0142701496
B0842264207310N00149412EA0142701496
B0842274207310N00149412EA0142601496
B0842284207310N00149412EA0142701497
B0842294207310N00149412EA0142701497
B0842304207310N00149412EA0142701497
B0842314207310N00149412EA0142701497
B0842324207311N00149412EA0142601497
B0842334207311N00149412EA0142701497
B0842344207311N00149412EA0142701497
B0842354207311N00149412EA0142701497
B0842364207311N00149412EA0142701497
B0842374207311N00149412EA0142701497
B0842384207311N00149412EA0142701497
B0842394207311N00149413EA0142701497
B0842404207310N00149413EA0142701497
B0842414207310N00149413EA0142701497
B0842424207310N00149413EA0142701497
B0842434207310N00149413EA0142601497
B0842444207310N00149413EA0142701497
B0842454207310N00149413EA0142701498
B0842464207310N00149413EA0142701498
B0842474207310N00149413EA0142701498
B0842484207310N00149413EA0142701498
B0842494207310N00149413EA0142701498
B0842504207310N00149413EA0142601499
B0842514207311N00149413EA0142701499
B0842524207311N00149413EA0142601499
B0842534207311N00149413EA0142601498
B0842544207311N00149413EA0142701499
B0842554207311N00149413EA0142701498
B0842564207311N00149413EA0142601498
B0842574207311N00149413EA0142701498
B0842584207311N00149413EA0142601499
B0842594207311N00149413EA0142601499
B0843004207311N00149413EA0142701499
B0843014207311N00149413EA0142701498
B0843024207311N00149413EA0142701498
B0843034207311N00149413EA0142701498
B0843044207311N00149413EA0142601498
B0843054207311N00149413EA0142601498
B0843064207311N00149413EA0142701498
B0843074207311N00149413EA0142601497
B0843084207311N00149414EA0142701498
B0843094207311N00149413EA0142601498
B0843104207311N00149413EA0142601498
B0843114207311N00149413EA0142701498
B0843124207311N00149413EA0142601498
B0843134207311N00149413EA0142701498
B0843144207311N00149414EA0142701498
B0843154207310N00149413EA0142801499
B0843164207310N00149413EA0142701499
B0843174207310N00149413EA0142801499
B0843184207310N00149414EA0142701499
B0843194207310N00149414EA0142801499
B0843204207310N00149414EA0142701499
B0843214207310N00149414EA0142801499
B0843224207310N00149414EA0142801499
B0843234207310N00149414EA0142701500
B0843244207310N00149414EA0142801500
B0843254207310N00149414EA0142701500
B0843264207310N00149414EA0142801500
B0843274207310N00149414EA0142801499
B0843284207310N00149414EA0142701499
B0843294207310N00149414EA0142701499
B0843304207310N00149414EA0142701499
B0843314207310N00149414EA0142701499
B0843324207310N00149414EA0142701498
B0843334207310N00149414EA0142701498
B0843344207310N00149414EA0142701498
B0843354207310N00149414EA0142701498
B0843364207310N00149414EA0142701498
B0843374207310N00149414EA0142701498
B0843384207310N00149414EA0142701498
B0843394207310N00149414EA0142701498
B0843404207310N00149414EA0142701498
B0843414207310N00149414EA0142801498
B0843424207310N00149414EA0142701498
B0843434207310N00149414EA0142801498
B0843444207310N00149414EA0142801498
B0843454207310N00149414EA0142701498
B0843464207310N00149414EA0142701498
B0843474207310N00149414EA0142801498
B0843484207310N00149414EA0142801498
B0843494207310N00149414EA0142801498
B0843504207310N00149414EA0142701497
B0843514207310N00149414EA0142801497
B0843524207310N00149414EA0142801497
B0843534207310N00149414EA0142801497
B0843544207310N00149414EA0142701497
B0843554207310N00149414EA0142701497
B0843564207310N00149414EA0142701497
B0843574207309N00149414EA0142701497
B0843584207309N00149414EA0142701497
B0843594207309N00149414EA0142701497
B0844004207309N00149414EA0142701498
B0844014207309N00149414EA0142701497
B0844024207309N00149414EA0142701497
B0844034207309N00149414EA0142701497
B0844044207309N00149414EA0142701497
B0844054207309N00149414EA0142701497
B0844064207309N00149414EA0142801496
B0844074207309N00149414EA0142701496
B0844084207309N00149414EA0142701496
B0844094207309N00149414EA0142701496
B0844104207310N00149414EA0142701496
B0844114207310N00149414EA0142701496
B0844124207310N00149414EA0142701496
B0844134207310N00149414EA0142801496
B0844144207310N00149414EA0142701496
B0844154207310N00149414EA0142701496
B0844164207310N00149414EA0142701496
B0844174207310N00149414EA0142801496
B0844184207310N00149414EA0142701496
B0844194207310N00149414EA0142701496
B0844204207310N00149414EA0142701496
B0844214207310N00149414EA0142701496
B0844224207310N00149414EA0142701496
B0844234207310N00149414EA0142801496
B0844244207310N00149414EA0142701495
B0844254207310N00149414EA0142801495
B0844264207310N00149414EA0142701495
B0844274207310N00149414EA0142701495
B0844284207310N00149414EA0142701495
B0844294207310N00149414EA0142701495
B0844304207310N00149414EA0142701495
B0844314207310N00149414EA0142801495
B0844324207310N00149414EA0142701495
B0844334207311N00149414EA0142701495
B0844344207311N00149414EA0142701495
B0844354207310N00149414EA0142701496
B0844364207310N00149414EA0142701496
B0844374207310N00149414EA0142701496
B0844384207310N00149415EA0142701496
B0844394207310N00149415EA0142701496
B0844404207310N00149415EA0142701496
B0844414207310N00149415EA0142701496
B0844424207310N00149415EA0142701496
B0844434207310N00149415EA0142701496
B0844444207310N00149415EA0142701496
B0844454207310N00149415EA0142701496
B0844464207310N00149415EA0142701496
B0844474207310N00149415EA0142701496
B0844484207310N00149415EA0142801496
B0844494207310N00149415EA0142701496
B0844504207310N00149415EA0142701496
B0844514207310N00149415EA0142701496
B0844524207310N00149415EA0142701496
B0844534207310N00149415EA0142701496
B0844544207310N00149415EA0142701496
B0844554207310N00149415EA0142701496
B0844564207310N00149415EA0142701497
B0844574207310N00149415EA0142701497
B0844584207310N00149415EA0142701497
B0844594207310N00149415EA0142701497
B0845004207310N00149415EA0142701497
B0845014207310N00149415EA0142701497
B0845024207310N00149415EA0142701498
B0845034207310N00149415EA0142701498
B0845044207310N00149415EA0142701498
B0845054207310N00149415EA0142701498
B0845064207310N00149415EA0142701498
B0845074207310N00149415EA0142701498
B0845084207310N00149415EA0142701498
B0845094207310N00149415EA0142701498
B0845104207310N00149415EA0142701498
B0845114207310N00149415EA0142701498
B0845124207310N00149415EA0142701498
B0845134207310N00149415EA0142701498
B0845144207309N00149414EA0142801498
B0845154207309N00149414EA0142701498
B0845164207308N00149413EA0142701498
B0845174207307N00149413EA0142701498
B0845184207307N00149412EA0142701498
B0845194207306N00149412EA0142701499
B0845204207306N00149411EA0142701499
B0845214207305N00149411EA0142701499
B0845224207305N00149410EA0142801499
B0845234207304N00149410EA0142701499
B0845244207304N00149409EA0142701499
B0845254207304N00149409EA0142701499
B0845264207303N00149409EA0142601498
B0845274207303N00149409EA0142701498
B0845284207303N00149408EA0142701498
B0845294207302N00149408EA0142701498
B0845304207302N00149408EA0142601498
B0845314207301N00149407EA0142601498
B0845324207301N00149407EA0142701498
B0845334207300N00149407EA0142701498
B0845344207300N00149406EA0142601498
B0845354207300N00149407EA0142701497
B0845364207300N00149407EA0142701497
B0845374207300N00149407EA0142701497
B0845384207300N00149407EA0142701496
B0845394207300N00149407EA0142701496
B0845404207300N00149407EA0142701496
B0845414207300N00149407EA0142601496
B0845424207300N00149407EA0142701496
B0845434207301N00149407EA0142701496
B0845444207301N00149407EA0142701495
B0845454207302N00149407EA0142701495
B0845464207302N00149407EA0142701495
B0845474207302N00149407EA0142701496
B0845484207303N00149408EA0142701495
B0845494207303N00149408EA0142701496
B0845504207304N00149408EA0142701496
B0845514207304N00149408EA0142701496
B0845524207304N00149407EA0142701496
B0845534207305N00149407EA0142701496
B0845544207305N00149406EA0142701496
B0845554207305N00149406EA0142801496
B0845564207305N00149406EA0142701496
B0845574207305N00149405EA0142701496
B0845584207305N00149405EA0142701496
B0845594207305N00149405EA0142701496
B0846004207305N00149405EA0142701496
B0846014207305N00149404EA0142801495
B0846024207305N00149404EA0142801495
B0846034207305N00149404EA0142701495
B0846044207306N00149404EA0142701495
B0846054207306N00149404EA0142801495
B0846064207306N00149404EA0142801495
B0846074207306N00149404EA0142801495
B0846084207306N00149404EA0142701495
B0846094207306N00149404EA0142801495
B0846104207306N00149404EA0142701495
B0846114207306N00149404EA0142801495
B0846124207306N00149404EA0142801495
B0846134207306N00149404EA0142701495
B0846144207306N00149404EA0142701495
B0846154207306N00149404EA0142701495
B0846164207306N00149404EA0142701495
B0846174207306N00149403EA0142701495
B0846184207306N00149403EA0142801495
B0846194207306N00149403EA0142701495
B0846204207306N00149403EA0142701495
B0846214207306N00149403EA0142701495
B0846224207306N00149403EA0142801495
B0846234207306N00149403EA0142801495
B0846244207306N00149403EA0142701495
B0846254207306N00149403EA0142801496
B0846264207306N00149403EA0142701496
B0846274207306N00149403EA0142701496
B0846284207306N00149403EA0142801496
B0846294207306N00149403EA0142701496
B0846304207306N00149403EA0142701496
B0846314207306N00149403EA0142801496
B0846324207306N00149403EA0142701496
B0846334207306N00149403EA0142701496
B0846344207306N00149403EA0142801496
B0846354207306N00149403EA0142701496
B0846364207306N00149403EA0142701496
B0846374207306N00149403EA0142701496
B0846384207306N00149404EA0142701496
B0846394207306N00149404EA0142701497
B0846404207306N00149403EA0142801497
B0846414207306N00149404EA0142701496
B0846424207306N00149404EA0142801497
B0846434207306N00149404EA0142701497
B0846444207306N00149404EA0142701497
B0846454207306N00149404EA0142701497
B0846464207306N00149404EA0142701497
B0846474207306N00149404EA0142701497
B0846484207306N00149404EA0142701497
B0846494207306N00149404EA0142701497
B0846504207306N00149404EA0142701497
B0846514207306N00149404EA0142701497
B0846524207306N00149404EA0142701497
B0846534207306N00149404EA0142701497
B0846544207306N00149404EA0142801497
B0846554207306N00149404EA0142701497
B0846564207306N00149404EA0142701497
B0846574207306N00149404EA0142701497
B0846584207306N00149404EA0142701497
B0846594207306N00149404EA0142701497
B0847004207306N00149404EA0142601497
B0847014207306N00149404EA0142701497
B0847024207306N00149404EA0142701496
B0847034207306N00149404EA0142701496
B0847044207306N00149404EA0142701496
B0847054207306N00149404EA0142701496
B0847064207306N00149404EA0142701496
B0847074207306N00149403EA0142701496
B0847084207306N00149404EA0142701496
B0847094207306N00149403EA0142701496
B0847104207306N00149403EA0142701495
B0847114207306N00149403EA0142701495
B0847124207306N00149403EA0142701495
B0847134207306N00149403EA0142701495
B0847144207306N00149403EA0142701494
B0847154207306N00149403EA0142701494
B0847164207306N00149403EA0142701494
B0847174207306N00149403EA0142701494
B0847184207306N00149403EA0142701493
B0847194207306N00149403EA0142701494
B0847204207306N00149403EA0142701493
B0847214207306N00149403EA0142701493
B0847224207306N00149403EA0142701494
B0847234207306N00149403EA0142701494
B0847244207306N00149404EA0142701494
B0847254207306N00149404EA0142701494
B0847264207306N00149404EA0142701493
B0847274207306N00149404EA0142701494
B0847284207306N00149404EA0142701494
B0847294207306N00149404EA0142701494
B0847304207306N00149404EA0142701494
B0847314207306N00149404EA0142701494
B0847324207306N00149404EA0142701495
B0847334207306N00149404EA0142701494
B0847344207306N00149404EA0142701494
B0847354207306N00149404EA0142701495
B0847364207306N00149404EA0142701495
B0847374207306N00149404EA0142701495
B0847384207306N00149404EA0142701495
B0847394207306N00149404EA0142701495
B0847404207306N00149404EA0142701495
B0847414207306N00149404EA0142701496
B0847424207306N00149404EA0142701496
B0847434207306N00149404EA0142701496
B0847444207306N00149404EA0142701496
B0847454207306N00149404EA0142601496
B0847464207306N00149404EA0142701496
B0847474207306N00149404EA0142701496
B0847484207306N00149405EA0142701496
B0847494207306N00149405EA0142701496
B0847504207306N00149405EA0142701496
B0847514207306N00149405EA0142701497
B0847524207306N00149405EA0142701497
B0847534207306N00149405EA0142801497
B0847544207306N00149405EA0142701497
B0847554207306N00149405EA0142701497
B0847564207306N00149405EA0142701498
B0847574207306N00149405EA0142801498
B0847584207306N00149405EA0142701498
B0847594207306N00149405EA0142701498
B0848004207306N00149405EA0142701498
B0848014207306N00149405EA0142701498
B0848024207306N00149405EA0142701498
B0848034207306N00149405EA0142701497
B0848044207306N00149405EA0142701497
B0848054207306N00149405EA0142601497
B0848064207306N00149404EA0142701497
B0848074207306N00149404EA0142701497
B0848084207306N00149404EA0142801497
B0848094207306N00149404EA0142701497
B0848104207306N00149404EA0142701497
B0848114207306N00149404EA0142701497
B0848124207306N00149404EA0142701497
B0848134207306N00149404EA0142801497
B0848144207306N00149404EA0142701497
B0848154207306N00149404EA0142701497
B0848164207306N00149404EA0142701497
B0848174207306N00149404EA0142701497
B0848184207306N00149404EA0142701497
B0848194207306N00149404EA0142701497
B0848204207306N00149404EA0142701497
B0848214207306N00149404EA0142701497
B0848224207306N00149404EA0142701496
B0848234207306N00149404EA0142701496
B0848244207306N00149404EA0142701496
B0848254207306N00149404EA0142701496
B0848264207306N00149404EA0142701496
B0848274207306N00149403EA0142701496
B0848284207306N00149403EA0142701496
B0848294207306N00149403EA0142701496
B0848304207306N00149403EA0142601496
B0848314207306N00149403EA0142701496
B0848324207306N00149403EA0142701496
B0848334207306N00149403EA0142701496
B0848344207306N00149403EA0142701496
B0848354207306N00149403EA0142701496
B0848364207306N00149403EA0142701496
B0848374207306N00149403EA0142701496
B0848384207306N00149403EA0142701496
B0848394207306N00149403EA0142701496
B0848404207306N00149403EA0142701496
B0848414207306N00149403EA0142701496
B0848424207306N00149403EA0142801496
B0848434207306N00149403EA0142701496
B0848444207306N00149403EA0142701496
B0848454207306N00149403EA0142701496
B0848464207306N00149403EA0142701496
B0848474207306N00149403EA0142701496
B0848484207306N00149403EA0142701496
B0848494207306N00149403EA0142701496
B0848504207306N00149402EA0142701496
B0848514207307N00149402EA0142701496
B0848524207307N00149402EA0142701496
B0848534207307N00149403EA0142701496
B0848544207307N00149403EA0142701497
B0848554207307N00149403EA0142701497
B0848564207307N00149403EA0142701496
B0848574207307N00149403EA0142701497
B0848584207307N00149403EA0142701497
B0848594207307N00149403EA0142701497
B0849004207307N00149403EA0142701497
B0849014207307N00149403EA0142701497
B0849024207306N00149403EA0142701497
B0849034207306N00149403EA0142601497
B0849044207306N00149403EA0142701496
B0849054207306N00149403EA0142701497
B0849064207306N00149402EA0142701496
B0849074207306N00149402EA0142701496
B0849084207306N00149402EA0142701496
B0849094207306N00149402EA0142701495
B0849104207307N00149402EA0142701495
B0849114207307N00149402EA0142701495
B0849124207306N00149402EA0142701494
B0849134207307N00149401EA0142701494
B0849144207306N00149402EA0142701493
B0849154207306N00149402EA0142701494
B0849164207306N00149402EA0142801494
B0849174207307N00149402EA0142701494
B0849184207307N00149402EA0142701494
B0849194207307N00149402EA0142701494
B0849204207307N00149402EA0142701494
B0849214207307N00149402EA0142701494
B0849224207306N00149402EA0142701494
B0849234207306N00149402EA0142701494
B0849244207306N00149402EA0142701494
B0849254207307N00149402EA0142701494
B0849264207306N00149402EA0142701494
B0849274207306N00149402EA0142701494
B0849284207306N00149402EA0142701494
B0849294207306N00149402EA0142701493
B0849304207306N00149401EA0142701493
B0849314207306N00149401EA0142701492
B0849324207305N00149401EA0142701491
B0849334207305N00149401EA0142701491
B0849344207305N00149401EA0142601490
B0849354207305N00149401EA0142701490
B0849364207305N00149401EA0142701489
B0849374207305N00149401EA0142601489
B0849384207305N00149401EA0142701490
B0849394207305N00149401EA0142701490
B0849404207305N00149401EA0142701490
B0849414207305N00149401EA0142701489
B0849424207305N00149401EA0142701490
B0849434207305N00149401EA0142701489
B0849444207305N00149401EA0142701489
B0849454207305N00149401EA0142701489
B0849464207305N00149401EA0142701489
B0849474207305N00149401EA0142701489
B0849484207305N00149401EA0142601488
B0849494207305N00149401EA0142701488
B0849504207305N00149401EA0142701488
B0849514207305N00149401EA0142701488
B0849524207305N00149401EA0142701488
B0849534207305N00149401EA0142701489
B0849544207305N00149401EA0142701488
B0849554207305N00149401EA0142701488
B0849564207305N00149401EA0142701488
B0849574207305N00149401EA0142701488
B0849584207305N00149401EA0142701488
B0849594207305N00149401EA0142601488
B0850004207306N00149401EA0142701488
B0850014207306N00149400EA0142701488
B0850024207306N00149400EA0142601489
B0850034207306N00149400EA0142701489
B0850044207306N00149400EA0142701489
B0850054207306N00149400EA0142701490
B0850064207306N00149400EA0142701491
B0850074207306N00149399EA0142701491
B0850084207305N00149399EA0142701492
B0850094207305N00149399EA0142701492
B0850104207305N00149399EA0142701492
B0850114207305N00149399EA0142701492
B0850124207305N00149399EA0142701492
B0850134207305N00149399EA0142701492
B0850144207305N00149399EA0142701492
B0850154207305N00149399EA0142701492
B0850164207304N00149398EA0142701492
B0850174207304N00149398EA0142601492
B0850184207304N00149398EA0142601493
B0850194207304N00149399EA0142701495
B0850204207304N00149399EA0142701496
B0850214207304N00149400EA0142701496
B0850224207304N00149399EA0142701496
B0850234207304N00149399EA0142701496
B0850244207304N00149399EA0142701496
B0850254207305N00149399EA0142601496
B0850264207305N00149399EA0142701496
B0850274207305N00149399EA0142701496
B0850284207305N00149399EA0142701496
B0850294207305N00149399EA0142701496
B0850304207305N00149399EA0142701496
B0850314207305N00149399EA0142701496
B0850324207305N00149399EA0142701496
B0850334207305N00149399EA0142701496
B0850344207305N00149399EA0142601496
B0850354207305N00149399EA0142701496
B0850364207305N00149399EA0142701497
B0850374207305N00149399EA0142601497
B0850384207305N00149399EA0142701497
B0850394207305N00149399EA0142601497
B0850404207305N00149399EA0142601497
B0850414207305N00149399EA0142701496
B0850424207305N00149399EA0142701496
B0850434207305N00149399EA0142701496
B0850444207305N00149399EA0142701496
B0850454207305N00149399EA0142701496
B0850464207305N00149399EA0142701496
B0850474207305N00149399EA0142701496
B0850484207305N00149399EA0142701496
B0850494207305N00149399EA0142701496
B0850504207305N00149399EA0142701496
B0850514207305N00149399EA0142701496
B0850524207305N00149399EA0142701495
B0850534207305N00149399EA0142701495
B0850544207305N00149399EA0142601495
B0850554207305N00149399EA0142701495
B0850564207305N00149400EA0142701496
B0850574207305N00149400EA0142701496
B0850584207305N00149400EA0142701496
B0850594207305N00149400EA0142701496
B0851004207305N00149400EA0142601496
B0851014207305N00149400EA0142701496
B0851024207305N00149400EA0142701496
B0851034207305N00149401EA0142701496
B0851044207305N00149401EA0142701496
B0851054207305N00149401EA0142701496
B0851064207305N00149402EA0142701496
B0851074207305N00149401EA0142701496
B0851084207306N00149402EA0142701495
B0851094207306N00149402EA0142701495
B0851104207306N00149402EA0142701494
B0851114207306N00149402EA0142701495
B0851124207307N00149403EA0142601495
B0851134207307N00149403EA0142701495
B0851144207307N00149403EA0142701495
B0851154207307N00149403EA0142701494
B0851164207308N00149403EA0142701495
B0851174207308N00149404EA0142701495
B0851184207308N00149404EA0142701495
B0851194207308N00149405EA0142601495
B0851204207308N00149405EA0142701495
B0851214207308N00149405EA0142601495
B0851224207309N00149406EA0142701495
B0851234207309N00149406EA0142701496
B0851244207309N00149407EA0142701495
B0851254207309N00149407EA0142701495
B0851264207309N00149408EA0142601494
B0851274207310N00149408EA0142701494
B0851284207310N00149408EA0142701495
B0851294207310N00149408EA0142701495
B0851304207310N00149408EA0142701495
B0851314207311N00149409EA0142701494
B0851324207311N00149409EA0142601494
B0851334207311N00149410EA0142701494
B0851344207311N00149410EA0142601494
B0851354207312N00149411EA0142601494
B0851364207312N00149411EA0142501494
B0851374207312N00149411EA0142601494
B0851384207312N00149411EA0142701495
B0851394207312N00149411EA0142701494
B0851404207312N00149412EA0142701495
B0851414207312N00149412EA0142601495
B0851424207312N00149412EA0142701495
B0851434207312N00149412EA0142601495
B0851444207312N00149412EA0142601496
B0851454207312N00149412EA0142501496
B0851464207312N00149413EA0142501495
B0851474207312N00149413EA0142501495
B0851484207312N00149413EA0142501494
B0851494207312N00149413EA0142501494
B0851504207312N00149413EA0142601494
B0851514207312N00149413EA0142601493
B0851524207312N00149413EA0142501493
B0851534207312N00149413EA0142501493
B0851544207312N00149413EA0142501493
B0851554207312N00149412EA0142501493
B0851564207312N00149412EA0142501493
B0851574207312N00149412EA0142501494
B0851584207312N00149412EA0142501494
B0851594207312N00149412EA0142501494
B0852004207311N00149412EA0142501494
B0852014207311N00149413EA0142601494
B0852024207311N00149413EA0142501494
B0852034207311N00149413EA0142501495
B0852044207311N00149413EA0142601494
B0852054207311N00149413EA0142501494
B0852064207311N00149413EA0142501494
B0852074207311N00149413EA0142601494
B0852084207311N00149413EA0142601493
B0852094207311N00149414EA0142501493
B0852104207311N00149414EA0142601493
B0852114207311N00149414EA0142501492
B0852124207311N00149414EA0142501492
B0852134207311N00149414EA0142501491
B0852144207311N00149414EA0142501491
B0852154207311N00149413EA0142501491
B0852164207311N00149413EA0142501491
B0852174207311N00149413EA0142601491
B0852184207311N00149413EA0142501490
B0852194207311N00149413EA0142501490
B0852204207311N00149413EA0142601490
B0852214207311N00149413EA0142601491
B0852224207311N00149413EA0142501490
B0852234207311N00149413EA0142601490
B0852244207312N00149413EA0142501490
B0852254207311N00149414EA0142501490
B0852264207311N00149414EA0142501491
B0852274207311N00149414EA0142601491
B0852284207311N00149414EA0142501492
B0852294207311N00149414EA0142601492
B0852304207311N00149414EA0142501492
B0852314207311N00149414EA0142601492
B0852324207311N00149414EA0142501493
B0852334207311N00149414EA0142501493
B0852344207311N00149414EA0142501493
B0852354207311N00149414EA0142501493
B0852364207311N00149414EA0142601493
B0852374207311N00149414EA0142501494
B0852384207311N00149414EA0142501494
B0852394207311N00149414EA0142501494
B0852404207311N00149414EA0142501494
B0852414207311N00149415EA0142601495
B0852424207311N00149415EA0142601495
B0852434207311N00149415EA0142501496
B0852444207311N00149415EA0142501495
B0852454207310N00149415EA0142601496
B0852464207310N00149415EA0142601496
B0852474207310N00149415EA0142601496
B0852484207310N00149415EA0142501496
B0852494207310N00149415EA0142501496
B0852504207311N00149415EA0142601496
B0852514207311N00149415EA0142501497
B0852524207311N00149415EA0142501497
B0852534207311N00149415EA0142501496
B0852544207311N00149415EA0142601496
B0852554207311N00149415EA0142601496
B0852564207312N00149415EA0142501496
B0852574207312N00149415EA0142501497
B0852584207313N00149415EA0142501496
B0852594207313N00149415EA0142501496
B0853004207313N00149415EA0142501496
B0853014207313N00149415EA0142501496
B0853024207313N00149414EA0142501496
B0853034207313N00149414EA0142601495
B0853044207313N00149414EA0142601495
B0853054207313N00149414EA0142601495
B0853064207313N00149414EA0142501494
B0853074207314N00149414EA0142501494
B0853084207314N00149414EA0142501494
B0853094207314N00149414EA0142601494
B0853104207314N00149414EA0142501494
B0853114207313N00149414EA0142501493
B0853124207313N00149414EA0142501493
B0853134207313N00149414EA0142501492
B0853144207313N00149414EA0142501492
B0853154207313N00149414EA0142501493
B0853164207313N00149414EA0142501493
B0853174207313N00149414EA0142501494
B0853184207313N00149414EA0142501494
B0853194207313N00149414EA0142501494
B0853204207313N00149413EA0142601494
B0853214207313N00149413EA0142501494
B0853224207313N00149413EA0142501494
B0853234207313N00149413EA0142501494
B0853244207313N00149413EA0142501494
B0853254207313N00149414EA0142501494
B0853264207313N00149413EA0142501494
B0853274207313N00149414EA0142501494
B0853284207313N00149414EA0142601494
B0853294207313N00149414EA0142501494
B0853304207313N00149414EA0142501493
B0853314207313N00149414EA0142501493
B0853324207313N00149414EA0142501493
B0853334207313N00149414EA0142501492
B0853344207313N00149414EA0142501491
B0853354207313N00149413EA0142501491
B0853364207313N00149413EA0142501491
B0853374207313N00149413EA0142501492
B0853384207314N00149413EA0142501492
B0853394207313N00149413EA0142501491
B0853404207313N00149413EA0142501491
B0853414207313N00149413EA0142501491
B0853424207313N00149412EA0142501491
B0853434207313N00149413EA0142501490
B0853444207313N00149413EA0142501490
B0853454207313N00149413EA0142501490
B0853464207314N00149412EA0142501489
B0853474207314N00149412EA0142501488
B0853484207314N00149412EA0142601488
B0853494207314N00149412EA0142501487
B0853504207314N00149412EA0142501487
B0853514207314N00149412EA0142501487
B0853524207314N00149412EA0142501487
B0853534207314N00149412EA0142601486
B0853544207314N00149412EA0142601486
B0853554207314N00149412EA0142601485
B0853564207314N00149411EA0142501485
B0853574207314N00149411EA0142501485
B0853584207314N00149411EA0142501484
B0853594207314N00149412EA0142501484
B0854004207315N00149412EA0142501484
B0854014207314N00149411EA0142501484
B0854024207314N00149411EA0142501484
B0854034207314N00149411EA0142501483
B0854044207314N00149411EA0142601483
B0854054207314N00149411EA0142501483
B0854064207314N00149411EA0142601483
B0854074207314N00149410EA0142501482
B0854084207314N00149410EA0142501482
B0854094207314N00149410EA0142501481
B0854104207314N00149411EA0142501481
B0854114207314N00149411EA0142601483
B0854124207314N00149411EA0142501483
B0854134207315N00149411EA0142501483
B0854144207315N00149411EA0142501482
B0854154207315N00149411EA0142501483
B0854164207315N00149411EA0142501482
B0854174207315N00149411EA0142601482
B0854184207315N00149411EA0142601483
B0854194207315N00149411EA0142501483
B0854204207314N00149412EA0142501483
B0854214207314N00149412EA0142501484
B0854224207314N00149412EA0142501484
B0854234207314N00149412EA0142601484
B0854244207314N00149412EA0142601485
B0854254207313N00149412EA0142601485
B0854264207314N00149412EA0142501485
B0854274207314N00149413EA0142501484
B0854284207314N00149413EA0142501485
B0854294207314N00149413EA0142501486
B0854304207314N00149414EA0142501486
B0854314207314N00149414EA0142501487
B0854324207314N00149414EA0142501487
B0854334207314N00149414EA0142501487
B0854344207313N00149413EA0142501487
B0854354207313N00149413EA0142501487
B0854364207313N00149413EA0142501486
B0854374207313N00149413EA0142501486
B0854384207313N00149413EA0142501487
B0854394207313N00149413EA0142601486
B0854404207313N00149413EA0142501486
B0854414207313N00149413EA0142601486
B0854424207313N00149413EA0142501486
B0854434207313N00149413EA0142501486
B0854444207313N00149412EA0142501485
B0854454207313N00149412EA0142601485
B0854464207313N00149412EA0142501485
B0854474207313N00149412EA0142501485
B0854484207313N00149412EA0142501485
B0854494207313N00149412EA0142601485
B0854504207314N00149412EA0142501486
B0854514207313N00149412EA0142501486
B0854524207313N00149412EA0142501487
B0854534207313N00149412EA0142501487
B0854544207313N00149412EA0142501487
B0854554207313N00149412EA0142501487
B0854564207313N00149412EA0142501487
B0854574207313N00149412EA0142501488
B0854584207312N00149412EA0142501488
B0854594207312N00149412EA0142501488
B0855004207312N00149412EA0142501488
B0855014207312N00149412EA0142501488
B0855024207312N00149412EA0142601488
B0855034207312N00149412EA0142501488
B0855044207312N00149412EA0142501488
B0855054207312N00149412EA0142501489
B0855064207312N00149413EA0142501488
B0855074207312N00149413EA0142501489
B0855084207312N00149413EA0142501490
B0855094207313N00149413EA0142601490
B0855104207312N00149412EA0142501489
B0855114207312N00149412EA0142501489
B0855124207312N00149412EA0142501489
B0855134207312N00149412EA0142501489
B0855144207312N00149412EA0142501489
B0855154207312N00149412EA0142501490
B0855164207313N00149412EA0142501490
B0855174207313N00149412EA0142501489
B0855184207313N00149412EA0142501490
B0855194207313N00149412EA0142501489
B0855204207313N00149412EA0142501489
B0855214207314N00149412EA0142501489
B0855224207314N00149412EA0142501489
B0855234207314N00149412EA0142501488
B0855244207314N00149411EA0142601488
B0855254207314N00149411EA0142501486
B0855264207314N00149411EA0142501486
B0855274207314N00149411EA0142601486
B0855284207314N00149411EA0142501485
B0855294207314N00149411EA0142501485
B0855304207314N00149411EA0142501485
B0855314207314N00149411EA0142501485
B0855324207314N00149411EA0142501486
B0855334207315N00149411EA0142601487
B0855344207315N00149411EA0142501487
B0855354207315N00149411EA0142501487
B0855364207315N00149410EA0142501487
B0855374207315N00149411EA0142501486
B0855384207315N00149411EA0142501487
B0855394207314N00149412EA0142501489
B0855404207314N00149413EA0142501492
B0855414207314N00149414EA0142501493
B0855424207313N00149414EA0142501495
B0855434207314N00149414EA0142501496
B0855444207313N00149415EA0142501496
B0855454207314N00149415EA0142501497
B0855464207314N00149415EA0142501495
B0855474207314N00149415EA0142501495
B0855484207314N00149415EA0142501495
B0855494207314N00149415EA0142501496
B0855504207314N00149416EA0142501495
B0855514207313N00149416EA0142501496
B0855524207314N00149416EA0142501496
B0855534207314N00149416EA0142501495
B0855544207313N00149416EA0142601495
B0855554207313N00149416EA0142501496
B0855564207313N00149416EA0142601496
B0855574207313N00149416EA0142601496
B0855584207313N00149416EA0142601496
B0855594207313N00149416EA0142601496
B0856004207313N00149416EA0142501496
B0856014207313N00149415EA0142501496
B0856024207313N00149415EA0142501495
B0856034207313N00149415EA0142501494
B0856044207313N00149415EA0142501494
B0856054207314N00149415EA0142501494
B0856064207314N00149415EA0142501494
B0856074207314N00149415EA0142501493
B0856084207314N00149414EA0142501493
B0856094207314N00149415EA0142501492
B0856104207314N00149415EA0142501492
B0856114207314N00149415EA0142601492
B0856124207314N00149415EA0142601492
B0856134207314N00149415EA0142401492
B0856144207314N00149415EA0142501492
B0856154207313N00149415EA0142501492
B0856164207313N00149415EA0142501492
B0856174207313N00149415EA0142501492
B0856184207313N00149415EA0142501492
B0856194207313N00149415EA0142501492
B0856204207313N00149415EA0142501492
B0856214207313N00149415EA0142501492
B0856224207313N00149415EA0142501492
B0856234207313N00149415EA0142501492
B0856244207313N00149414EA0142501492
B0856254207313N00149414EA0142601492
B0856264207312N00149414EA0142501492
B0856274207312N00149414EA0142501491
B0856284207312N00149413EA0142501490
B0856294207312N00149413EA0142501490
B0856304207312N00149414EA0142601491
B0856314207312N00149414EA0142501492
B0856324207312N00149414EA0142501492
B0856334207312N00149413EA0142501492
B0856344207312N00149413EA0142501492
B0856354207312N00149413EA0142501491
B0856364207312N00149413EA0142501492
B0856374207312N00149413EA0142501491
B0856384207312N00149413EA0142501491
B0856394207312N00149413EA0142501491
B0856404207312N00149413EA0142501490
B0856414207312N00149413EA0142501490
B0856424207312N00149413EA0142501490
B0856434207312N00149413EA0142501490
B0856444207311N00149413EA0142501490
B0856454207312N00149413EA0142501490
B0856464207312N00149413EA0142501490
B0856474207312N00149413EA0142501489
B0856484207312N00149413EA0142501490
B0856494207312N00149412EA0142501490
B0856504207312N00149413EA0142501489
B0856514207312N00149412EA0142501490
B0856524207312N00149412EA0142501490
B0856534207312N00149412EA0142501490
B0856544207312N00149412EA0142401490
B0856554207312N00149413EA0142401490
B0856564207312N00149413EA0142501491
B0856574207312N00149413EA0142501491
B0856584207312N00149413EA0142501492
B0856594207312N00149413EA0142501492
B0857004207312N00149413EA0142501493
B0857014207312N00149413EA0142401493
B0857024207312N00149413EA0142501493
B0857034207312N00149413EA0142401493
B0857044207312N00149413EA0142501493
B0857054207312N00149413EA0142501493
B0857064207312N00149413EA0142501493
B0857074207311N00149413EA0142501493
B0857084207311N00149413EA0142501493
B0857094207311N00149413EA0142501493
B0857104207311N00149413EA0142501493
B0857114207311N00149413EA0142501493
B0857124207311N00149413EA0142401493
B0857134207311N00149413EA0142501494
B0857144207311N00149413EA0142501494
B0857154207311N00149413EA0142501494
B0857164207310N00149413EA0142501494
B0857174207311N00149413EA0142501494
B0857184207311N00149413EA0142501493
B0857194207311N00149413EA0142501493
B0857204207311N00149413EA0142501494
B0857214207311N00149413EA0142501495
B0857224207311N00149413EA0142601496
B0857234207311N00149413EA0142501497
B0857244207311N00149413EA0142501497
B0857254207311N00149413EA0142501497
B0857264207311N00149413EA0142601498
B0857274207311N00149413EA0142501498
B0857284207311N00149413EA0142501499
B0857294207311N00149413EA0142501499
B0857304207311N00149413EA0142501499
B0857314207311N00149413EA0142501498
B0857324207311N00149413EA0142501498
B0857334207311N00149413EA0142501498
B0857344207311N00149413EA0142501498
B0857354207311N00149413EA0142501498
B0857364207311N00149413EA0142501499
B0857374207311N00149413EA0142501499
B0857384207311N00149413EA0142501499
B0857394207311N00149413EA0142501499
B0857404207311N00149413EA0142601499
B0857414207311N00149413EA0142501499
B0857424207311N00149413EA0142501500
B0857434207311N00149413EA0142501500
B0857444207311N00149413EA0142501500
B0857454207311N00149413EA0142501500
B0857464207311N00149413EA0142501501
B0857474207311N00149413EA0142501501
B0857484207311N00149413EA0142501501
B0857494207311N00149413EA0142501501
B0857504207311N00149413EA0142501502
B0857514207311N00149413EA0142501502
B0857524207311N00149412EA0142501502
B0857534207311N00149412EA0142501502
B0857544207311N00149412EA0142501502
B0857554207311N00149412EA0142501502
B0857564207311N00149412EA0142501503
B0857574207311N00149412EA0142601503
B0857584207311N00149412EA0142601504
B0857594207311N00149412EA0142601504
B0858004207312N00149412EA0142601503
B0858014207312N00149412EA0142701503
B0858024207312N00149412EA0142601503
B0858034207312N00149412EA0142501503
B0858044207312N00149412EA0142601502
B0858054207312N00149413EA0142601504
B0858064207312N00149413EA0142501503
B0858074207312N00149413EA0142501503
B0858084207312N00149414EA0142601502
B0858094207311N00149414EA0142501502
B0858104207312N00149413EA0142501502
B0858114207312N00149414EA0142601501
B0858124207311N00149413EA0142601501
B0858134207311N00149413EA0142601501
B0858144207312N00149413EA0142601502
B0858154207312N00149413EA0142501502
B0858164207312N00149413EA0142601502
B0858174207312N00149413EA0142601501
B0858184207312N00149414EA0142601501
B0858194207312N00149414EA0142601501
B0858204207312N00149413EA0142601501
B0858214207312N00149413EA0142601501
B0858224207312N00149414EA0142501501
B0858234207311N00149414EA0142601501
B0858244207311N00149414EA0142601501
B0858254207311N00149414EA0142601501
B0858264207311N00149414EA0142601501
B0858274207311N00149414EA0142601501
B0858284207311N00149414EA0142601501
B0858294207311N00149414EA0142601501
B0858304207311N00149414EA0142501500
B0858314207311N00149413EA0142501501
B0858324207311N00149413EA0142601501
B0858334207311N00149414EA0142701502
B0858344207311N00149413EA0142701502
B0858354207311N00149413EA0142701503
B0858364207311N00149413EA0142601503
B0858374207311N00149413EA0142601503
B0858384207311N00149413EA0142601502
B0858394207311N00149413EA0142601503
B0858404207311N00149413EA0142601502
B0858414207311N00149413EA0142601502
B0858424207311N00149413EA0142601502
B0858434207311N00149413EA0142601502
B0858444207311N00149413EA0142601502
B0858454207311N00149413EA0142601502
B0858464207311N00149413EA0142601502
B0858474207311N00149413EA0142601503
B0858484207311N00149413EA0142601503
B0858494207311N00149413EA0142501502
B0858504207311N00149413EA0142601502
B0858514207311N00149413EA0142601502
B0858524207311N00149413EA0142601501
B0858534207311N00149413EA0142601501
B0858544207311N00149413EA0142501501
B0858554207311N00149413EA0142601501
B0858564207311N00149413EA0142601501
B0858574207311N00149413EA0142501501
B0858584207311N00149413EA0142601501
B0858594207311N00149413EA0142601501
B0859004207310N00149413EA0142601501
B0859014207310N00149413EA0142601501
B0859024207310N00149413EA0142601501
B0859034207310N00149413EA0142601501
B0859044207310N00149413EA0142601501
B0859054207310N00149413EA0142601501
B0859064207310N00149413EA0142601501
B0859074207310N00149413EA0142601501
B0859084207310N00149413EA0142601501
B0859094207310N00149413EA0142701501
B0859104207310N00149413EA0142601502
B0859114207310N00149413EA0142601502
B0859124207310N00149413EA0142601502
B0859134207309N00149413EA0142701502
B0859144207309N00149413EA0142701502
B0859154207309N00149413EA0142601502
B0859164207310N00149413EA0142601503
B0859174207310N00149413EA0142701502
B0859184207310N00149413EA0142701502
B0859194207310N00149413EA0142701502
B0859204207309N00149413EA0142701501
B0859214207309N00149413EA0142701501
B0859224207309N00149413EA0142601500
B0859234207309N00149413EA0142601500
B0859244207309N00149413EA0142601500
B0859254207310N00149413EA0142601498
B0859264207310N00149413EA0142701498
B0859274207310N00149413EA0142601498
B0859284207309N00149413EA0142601497
B0859294207309N00149413EA0142601497
B0859304207309N00149413EA0142701497
B0859314207309N00149413EA0142701497
B0859324207309N00149413EA0142601496
B0859334207309N00149413EA0142601496
B0859344207309N00149413EA0142701496
B0859354207309N00149413EA0142601496
B0859364207309N00149413EA0142601496
B0859374207309N00149413EA0142601496
B0859384207309N00149413EA0142601496
B0859394207309N00149414EA0142601496
B0859404207309N00149414EA0142701496
B0859414207309N00149414EA0142601496
B0859424207310N00149414EA0142601496
B0859434207310N00149414EA0142601495
B0859444207310N00149415EA0142601496
B0859454207310N00149415EA0142601496
B0859464207310N00149415EA0142601496
B0859474207310N00149415EA0142601497
B0859484207310N00149415EA0142601497
B0859494207311N00149415EA0142601498
B0859504207311N00149415EA0142601499
B0859514207311N00149415EA0142601499
B0859524207311N00149415EA0142601499
B0859534207311N00149415EA0142601500
B0859544207311N00149415EA0142701501
B0859554207311N00149415EA0142601501
B0859564207310N00149415EA0142601502
B0859574207310N00149414EA0142601503
B0859584207311N00149414EA0142601503
B0859594207310N00149413EA0142701504
B0900004207310N00149412EA0142701504
B0900014207310N00149411EA0142601503
B0900024207309N00149410EA0142601504
B0900034207308N00149410EA0142601503
B0900044207308N00149409EA0142601503
B0900054207307N00149409EA0142601503
B0900064207306N00149409EA0142601503
B0900074207306N00149409EA0142601503
B0900084207305N00149409EA0142601503
B0900094207305N00149409EA0142601503
B0900104207305N00149410EA0142601503
B0900114207304N00149410EA0142601502
B0900124207304N00149410EA0142501502
B0900134207304N00149410EA0142601502
B0900144207304N00149411EA0142501502
B0900154207303N00149411EA0142601502
B0900164207303N00149411EA0142601502
B0900174207303N00149412EA0142501502
B0900184207303N00149412EA0142501502
B0900194207303N00149413EA0142601502
B0900204207303N00149413EA0142501501
B0900214207303N00149413EA0142501501
B0900224207303N00149414EA0142601500
B0900234207302N00149414EA0142601500
B0900244207302N00149415EA0142601500
B0900254207302N00149416EA0142601500
B0900264207302N00149416EA0142501499
B0900274207302N00149417EA0142501499
B0900284207302N00149417EA0142501499
B0900294207302N00149418EA0142501499
B0900304207302N00149418EA0142501499
B0900314207302N00149418EA0142501498
B0900324207302N00149419EA0142601498
B0900334207302N00149419EA0142501498
B0900344207302N00149420EA0142501498
B0900354207302N00149420EA0142501498
B0900364207302N00149421EA0142501498
B0900374207302N00149421EA0142501498
B0900384207302N00149421EA0142501498
B0900394207302N00149422EA0142501498
B0900404207302N00149423EA0142501498
B0900414207302N00149423EA0142501498
B0900424207302N00149424EA0142501498
B0900434207302N00149424EA0142501497
B0900444207302N00149425EA0142501498
B0900454207302N00149425EA0142501498
B0900464207302N00149426EA0142501498
B0900474207301N00149427EA0142601498
B0900484207301N00149427EA0142601499
B0900494207301N00149428EA0142501500
B0900504207301N00149428EA0142501499
B0900514207301N00149428EA0142601499
B0900524207301N00149427EA0142601499
B0900534207301N00149428EA0142501498
B0900544207301N00149428EA0142501499
B0900554207301N00149428EA0142501498
B0900564207301N00149428EA0142501498
B0900574207301N00149427EA0142501498
B0900584207301N00149428EA0142601498
B0900594207301N00149428EA0142501498
B0901004207301N00149428EA0142601498
B0901014207301N00149428EA0142501497
B0901024207302N00149427EA0142601497
B0901034207302N00149427EA0142501497
B0901044207302N00149427EA0142501496
B0901054207302N00149427EA0142501497
B0901064207302N00149427EA0142601497
B0901074207302N00149427EA0142501497
B0901084207302N00149427EA0142501498
B0901094207302N00149427EA0142501498
B0901104207302N00149427EA0142501498
B0901114207302N00149427EA0142501498
B0901124207302N00149427EA0142501498
B0901134207302N00149427EA0142501498
B0901144207302N00149427EA0142501498
B0901154207302N00149427EA0142501497
B0901164207302N00149427EA0142501497
B0901174207302N00149427EA0142501497
B0901184207302N00149428EA0142501497
B0901194207302N00149428EA0142501497
B0901204207302N00149428EA0142601497
B0901214207301N00149428EA0142601497
B0901224207301N00149428EA0142501497
B0901234207301N00149428EA0142501497
B0901244207301N00149428EA0142501497
B0901254207301N00149428EA0142601497
B0901264207301N00149428EA0142501497
B0901274207301N00149428EA0142601498
B0901284207301N00149428EA0142601498
B0901294207301N00149428EA0142501498
B0901304207301N00149428EA0142601497
B0901314207302N00149428EA0142601498
B0901324207302N00149428EA0142501498
B0901334207302N00149428EA0142501498
B0901344207302N00149428EA0142501498
B0901354207302N00149429EA0142601498
B0901364207302N00149429EA0142601498
B0901374207302N00149429EA0142501498
B0901384207302N00149429EA0142501498
B0901394207302N00149429EA0142601499
B0901404207302N00149429EA0142501499
B0901414207302N00149428EA0142601499
B0901424207302N00149428EA0142501498
B0901434207302N00149428EA0142501499
B0901444207302N00149428EA0142501498
B0901454207302N00149428EA0142601498
B0901464207302N00149428EA0142601499
B0901474207302N00149428EA0142501499
B0901484207302N00149428EA0142601499
B0901494207302N00149428EA0142601499
B0901504207302N00149428EA0142601499
B0901514207302N00149428EA0142601498
B0901524207302N00149428EA0142601498
B0901534207302N00149428EA0142501498
B0901544207302N00149428EA0142501498
B0901554207303N00149428EA0142501499
B0901564207303N00149428EA0142501499
B0901574207303N00149428EA0142501499
B0901584207303N00149429EA0142501499
B0901594207304N00149429EA0142501499
B0902004207304N00149429EA0142501499
B0902014207304N00149429EA0142501499
B0902024207304N00149430EA0142501499
B0902034207304N00149430EA0142501498
B0902044207304N00149430EA0142601498
B0902054207304N00149430EA0142601498
B0902064207304N00149431EA0142501499
B0902074207304N00149431EA0142501498
B0902084207305N00149432EA0142501499
B0902094207305N00149432EA0142601499
B0902104207305N00149432EA0142501499
B0902114207305N00149432EA0142501499
B0902124207305N00149432EA0142601499
B0902134207306N00149432EA0142501499
B0902144207306N00149432EA0142601499
B0902154207306N00149432EA0142501500
B0902164207305N00149432EA0142501500
B0902174207305N00149433EA0142501499
B0902184207305N00149433EA0142501499
B0902194207305N00149434EA0142601499
B0902204207305N00149434EA0142501499
B0902214207305N00149434EA0142501499
B0902224207305N00149434EA0142601499
B0902234207305N00149434EA0142601499
B0902244207305N00149434EA0142601499
B0902254207305N00149434EA0142501499
B0902264207305N00149434EA0142501499
B0902274207305N00149434EA0142501499
B0902284207305N00149434EA0142501499
B0902294207304N00149434EA0142501499
B0902304207304N00149434EA0142501499
B0902314207304N00149434EA0142501499
B0902324207304N00149434EA0142601499
B0902334207304N00149434EA0142501498
B0902344207304N00149434EA0142501498
B0902354207304N00149434EA0142601498
B0902364207304N00149434EA0142601498
B0902374207304N00149434EA0142501498
B0902384207304N00149434EA0142601497
B0902394207304N00149434EA0142601497
B0902404207304N00149434EA0142601497
B0902414207304N00149434EA0142501497
B0902424207303N00149434EA0142501497
B0902434207304N00149434EA0142601497
B0902444207304N00149434EA0142501497
B0902454207303N00149434EA0142601497
B0902464207303N00149434EA0142501497
B0902474207303N00149434EA0142601497
B0902484207304N00149434EA0142501496
B0902494207303N00149434EA0142501497
B0902504207303N00149434EA0142501497
B0902514207303N00149434EA0142501497
B0902524207303N00149434EA0142501498
B0902534207303N00149434EA0142501498
B0902544207303N00149434EA0142501498
B0902554207303N00149434EA0142501498
B0902564207303N00149434EA0142501497
B0902574207303N00149434EA0142601497
B0902584207304N00149434EA0142501498
B0902594207304N00149435EA0142501498
B0903004207304N00149435EA0142501499
B0903014207305N00149434EA0142601499
B0903024207305N00149434EA0142501501
B0903034207305N00149434EA0142501501
B0903044207305N00149434EA0142501501
B0903054207305N00149433EA0142501501
B0903064207305N00149433EA0142501502
B0903074207305N00149433EA0142501502
B0903084207304N00149433EA0142601500
B0903094207304N00149433EA0142501500
B0903104207303N00149433EA0142501500
B0903114207303N00149432EA0142501501
B0903124207303N00149432EA0142501501
B0903134207303N00149432EA0142601502
B0903144207303N00149433EA0142501502
B0903154207303N00149433EA0142601502
B0903164207303N00149433EA0142501501
B0903174207303N00149433EA0142501499
B0903184207303N00149434EA0142501499
B0903194207303N00149434EA0142501498
B0903204207303N00149433EA0142601498
B0903214207304N00149433EA0142501499
B0903224207304N00149433EA0142501500
B0903234207304N00149433EA0142501501
B0903244207304N00149433EA0142601501
B0903254207304N00149433EA0142501500
B0903264207304N00149433EA0142501500
B0903274207304N00149433EA0142501501
B0903284207304N00149433EA0142501501
B0903294207304N00149433EA0142501501
B0903304207304N00149433EA0142501501
B0903314207304N00149433EA0142501502
B0903324207304N00149433EA0142501502
B0903334207304N00149433EA0142501502
B0903344207305N00149433EA0142501503
B0903354207305N00149434EA0142501504
B0903364207306N00149434EA0142501505
B0903374207306N00149435EA0142501506
B0903384207306N00149435EA0142501504
B0903394207306N00149435EA0142501505
B0903404207306N00149435EA0142501505
B0903414207305N00149435EA0142601505
B0903424207305N00149435EA0142501505
B0903434207305N00149435EA0142501505
B0903444207305N00149435EA0142501506
B0903454207305N00149435EA0142501506
B0903464207305N00149434EA0142501508
B0903474207305N00149434EA0142501509
B0903484207304N00149434EA0142501509
B0903494207304N00149434EA0142501508
B0903504207305N00149434EA0142501508
B0903514207305N00149434EA0142501508
B0903524207305N00149434EA0142501509
B0903534207305N00149434EA0142501509
B0903544207305N00149434EA0142501508
B0903554207305N00149434EA0142501509
B0903564207305N00149435EA0142501509
B0903574207305N00149435EA0142501509
B0903584207305N00149435EA0142501508
B0903594207305N00149435EA0142401507
B0904004207305N00149435EA0142501507
B0904014207305N00149436EA0142501506
B0904024207305N00149436EA0142501505
B0904034207305N00149437EA0142501505
B0904044207305N00149437EA0142501506
B0904054207305N00149437EA0142501505
B0904064207305N00149437EA0142501505
B0904074207304N00149437EA0142501505
B0904084207304N00149437EA0142501504
B0904094207304N00149437EA0142501504
B0904104207304N00149437EA0142501504
B0904114207304N00149436EA0142501503
B0904124207304N00149436EA0142501502
B0904134207304N00149436EA0142501502
B0904144207304N00149436EA0142501502
B0904154207304N00149436EA0142501503
B0904164207304N00149436EA0142501503
B0904174207304N00149436EA0142501504
B0904184207304N00149436EA0142501504
B0904194207304N00149436EA0142501504
B0904204207304N00149436EA0142501504
B0904214207304N00149436EA0142501504
B0904224207304N00149436EA0142501505
B0904234207304N00149436EA0142501505
B0904244207304N00149436EA0142501505
B0904254207304N00149436EA0142501505
B0904264207304N00149435EA0142501504
B0904274207304N00149435EA0142501504
B0904284207304N00149435EA0142501503
B0904294207304N00149435EA0142601503
B0904304207304N00149435EA0142501503
B0904314207304N00149435EA0142501503
B0904324207305N00149435EA0142501503
B0904334207305N00149435EA0142501504
B0904344207305N00149434EA0142501504
B0904354207304N00149434EA0142501505
B0904364207304N00149434EA0142501505
B0904374207304N00149434EA0142501505
B0904384207304N00149434EA0142501505
B0904394207304N00149434EA0142501506
B0904404207304N00149434EA0142501505
B0904414207304N00149434EA0142501505
B0904424207304N00149434EA0142501505
B0904434207304N00149434EA0142501505
B0904444207304N00149434EA0142501505
B0904454207304N00149434EA0142501504
B0904464207304N00149434EA0142501504
B0904474207304N00149434EA0142501504
B0904484207304N00149434EA0142501504
B0904494207304N00149434EA0142601504
B0904504207304N00149434EA0142501503
B0904514207304N00149434EA0142501503
B0904524207304N00149434EA0142501503
B0904534207304N00149435EA0142601503
B0904544207304N00149435EA0142601503
B0904554207304N00149435EA0142501503
B0904564207304N00149435EA0142501503
B0904574207304N00149435EA0142501503
B0904584207304N00149435EA0142501503
B0904594207304N00149435EA0142501503
B0905004207304N00149435EA0142501502
B0905014207304N00149435EA0142501502
B0905024207304N00149436EA0142501504
B0905034207304N00149435EA0142601503
B0905044207305N00149435EA0142501503
B0905054207305N00149435EA0142601502
B0905064207305N00149435EA0142501502
B0905074207305N00149435EA0142501502
B0905084207305N00149435EA0142601501
B0905094207305N00149435EA0142501501
B0905104207305N00149435EA0142501500
B0905114207305N00149435EA0142501500
B0905124207305N00149434EA0142501500
B0905134207305N00149434EA0142501499
B0905144207305N00149434EA0142601499
B0905154207305N00149434EA0142601499
B0905164207305N00149434EA0142501498
B0905174207305N00149434EA0142501497
B0905184207305N00149434EA0142501497
B0905194207305N00149434EA0142601496
B0905204207305N00149434EA0142601496
B0905214207305N00149434EA0142501496
B0905224207305N00149434EA0142501495
B0905234207305N00149433EA0142501495
B0905244207305N00149434EA0142501495
B0905254207305N00149434EA0142501496
B0905264207305N00149434EA0142501495
B0905274207305N00149434EA0142501495
B0905284207305N00149434EA0142401495
B0905294207305N00149434EA0142501495
B0905304207305N00149434EA0142501495
B0905314207305N00149434EA0142501495
B0905324207305N00149434EA0142501495
B0905334207305N00149434EA0142501496
B0905344207305N00149434EA0142501495
B0905354207305N00149434EA0142501495
B0905364207304N00149435EA0142501495
B0905374207304N00149435EA0142501495
B0905384207304N00149435EA0142501495
B0905394207304N00149435EA0142601495
B0905404207304N00149435EA0142601495
B0905414207305N00149435EA0142501494
B0905424207305N00149435EA0142501494
B0905434207305N00149435EA0142501493
B0905444207305N00149435EA0142501493
B0905454207304N00149435EA0142501493
B0905464207304N00149435EA0142501492
B0905474207304N00149434EA0142501493
B0905484207304N00149434EA0142501493
B0905494207304N00149433EA0142501493
B0905504207304N00149433EA0142501494
B0905514207304N00149432EA0142501493
B0905524207303N00149432EA0142501493
B0905534207303N00149432EA0142501495
B0905544207303N00149431EA0142501493
B0905554207304N00149430EA0142601493
B0905564207304N00149429EA0142501492
B0905574207304N00149428EA0142501493
B0905584207304N00149427EA0142501494
B0905594207304N00149426EA0142601494
B0906004207304N00149425EA0142501494
B0906014207305N00149425EA0142501493
B0906024207305N00149424EA0142501493
B0906034207306N00149424EA0142501493
B0906044207306N00149423EA0142601493
B0906054207306N00149423EA0142501493
B0906064207307N00149422EA0142601493
B0906074207307N00149422EA0142601494
B0906084207308N00149421EA0142601493
B0906094207309N00149420EA0142601493
B0906104207309N00149420EA0142501495
B0906114207310N00149419EA0142601497
B0906124207310N00149418EA0142601497
B0906134207310N00149417EA0142601497
B0906144207310N00149417EA0142601497
B0906154207310N00149416EA0142601497
B0906164207310N00149415EA0142601496
B0906174207310N00149415EA0142601497
B0906184207310N00149415EA0142601497
B0906194207310N00149415EA0142601497
B0906204207310N00149415EA0142601498
B0906214207310N00149415EA0142601498
B0906224207310N00149415EA0142601498
B0906234207310N00149415EA0142501498
B0906244207310N00149414EA0142601497
B0906254207311N00149415EA0142601498
B0906264207311N00149415EA0142601498
B0906274207312N00149416EA0142601499
B0906284207312N00149416EA0142501499
B0906294207313N00149417EA0142601499
B0906304207313N00149417EA0142501498
B0906314207314N00149418EA0142501498
B0906324207314N00149419EA0142501498
B0906334207314N00149419EA0142501497
B0906344207314N00149420EA0142501497
B0906354207314N00149420EA0142501497
B0906364207314N00149420EA0142501497
B0906374207314N00149420EA0142401497
B0906384207314N00149420EA0142401497
B0906394207314N00149420EA0142401499
B0906404207314N00149420EA0142401499
B0906414207314N00149420EA0142501499
B0906424207314N00149420EA0142501500
B0906434207314N00149420EA0142401500
B0906444207314N00149420EA0142501500
B0906454207314N00149420EA0142401500
B0906464207313N00149420EA0142401500
B0906474207313N00149420EA0142401500
B0906484207313N00149420EA0142401500
B0906494207313N00149420EA0142401500
B0906504207313N00149420EA0142401500
B0906514207313N00149420EA0142401500
B0906524207313N00149420EA0142401500
B0906534207313N00149420EA0142401500
B0906544207313N00149420EA0142401500
B0906554207313N00149420EA0142401500
B0906564207313N00149420EA0142401500
B0906574207313N00149420EA0142401500
B0906584207313N00149420EA0142401500
B0906594207313N00149420EA0142401500
B0907004207313N00149419EA0142501500
B0907014207313N00149419EA0142501500
B0907024207313N00149419EA0142501501
B0907034207313N00149419EA0142501501
B0907044207313N00149419EA0142501501
B0907054207313N00149420EA0142501501
B0907064207313N00149420EA0142501501
B0907074207313N00149420EA0142501502
B0907084207313N00149420EA0142501502
B0907094207313N00149420EA0142501503
B0907104207313N00149420EA0142501503
B0907114207313N00149420EA0142501503
B0907124207313N00149420EA0142501502
B0907134207313N00149420EA0142401502
B0907144207313N00149420EA0142401500
B0907154207313N00149420EA0142401501
B0907164207313N00149420EA0142401501
B0907174207313N00149420EA0142401501
B0907184207313N00149419EA0142401501
B0907194207313N00149419EA0142401501
B0907204207313N00149419EA0142401502
B0907214207313N00149419EA0142401502
B0907224207313N00149419EA0142401502
B0907234207313N00149419EA0142401502
B0907244207313N00149419EA0142401502
B0907254207313N00149419EA0142401502
B0907264207313N00149419EA0142401502
B0907274207313N00149419EA0142401502
B0907284207313N00149419EA0142401502
B0907294207313N00149419EA0142401502
B0907304207313N00149419EA0142401502
B0907314207313N00149419EA0142401502
B0907324207313N00149419EA0142401502
B0907334207313N00149418EA0142401502
B0907344207313N00149418EA0142401503
B0907354207313N00149418EA0142401503
B0907364207313N00149418EA0142401503
B0907374207313N00149419EA0142401503
B0907384207313N00149419EA0142401503
B0907394207313N00149419EA0142401503
B0907404207313N00149419EA0142401503
B0907414207313N00149419EA0142401503
B0907424207313N00149419EA0142401503
B0907434207313N00149419EA0142401502
B0907444207313N00149419EA0142401502
B0907454207313N00149419EA0142401502
B0907464207313N00149419EA0142401502
B0907474207313N00149419EA0142401502
B0907484207313N00149419EA0142401502
B0907494207313N00149419EA0142401502
B0907504207313N00149419EA0142401502
B0907514207313N00149419EA0142401501
B0907524207313N00149420EA0142401501
B0907534207313N00149420EA0142401501
B0907544207313N00149419EA0142501501
B0907554207313N00149420EA0142401501
B0907564207313N00149419EA0142401501
B0907574207313N00149419EA0142401501
B0907584207313N00149419EA0142401501
B0907594207313N00149420EA0142401501
B0908004207313N00149420EA0142501501
B0908014207313N00149420EA0142401501
B0908024207313N00149420EA0142401501
B0908034207313N00149419EA0142401502
B0908044207313N00149419EA0142401502
B0908054207313N00149419EA0142401502
B0908064207313N00149419EA0142401503
B0908074207313N00149419EA0142401503
B0908084207313N00149418EA0142401503
B0908094207313N00149418EA0142401503
B0908104207313N00149418EA0142401503
B0908114207313N00149418EA0142401503
B0908124207313N00149418EA0142401503
B0908134207313N00149418EA0142401503
B0908144207313N00149418EA0142401503
B0908154207313N00149418EA0142401503
B0908164207313N00149418EA0142401503
B0908174207313N00149418EA0142501504
B0908184207313N00149418EA0142401504
B0908194207313N00149418EA0142401504
B0908204207313N00149418EA0142401505
B0908214207313N00149418EA0142401505
B0908224207313N00149417EA0142401505
B0908234207313N00149417EA0142401505
B0908244207313N00149417EA0142401505
B0908254207313N00149417EA0142401505
B0908264207313N00149417EA0142401504
B0908274207313N00149417EA0142401504
B0908284207313N00149417EA0142401504
B0908294207313N00149417EA0142401504
B0908304207313N00149417EA0142401504
B0908314207313N00149417EA0142401504
B0908324207313N00149417EA0142401504
B0908334207313N00149417EA0142401504
B0908344207313N00149417EA0142401504
B0908354207313N00149417EA0142401504
B0908364207313N00149416EA0142401504
B0908374207313N00149416EA0142401504
B0908384207313N00149416EA0142401504
B0908394207313N00149416EA0142401504
B0908404207313N00149415EA0142501504
B0908414207313N00149415EA0142401505
B0908424207313N00149415EA0142401505
B0908434207313N00149415EA0142401505
B0908444207313N00149416EA0142401505
B0908454207313N00149416EA0142401505
B0908464207313N00149416EA0142401504
B0908474207313N00149415EA0142501505
B0908484207313N00149415EA0142401505
B0908494207313N00149415EA0142401504
B0908504207313N00149416EA0142401504
B0908514207313N00149416EA0142401504
B0908524207313N00149416EA0142401505
B0908534207313N00149415EA0142501505
B0908544207313N00149415EA0142401505
B0908554207313N00149415EA0142401505
B0908564207313N00149416EA0142401505
B0908574207313N00149416EA0142401505
B0908584207313N00149416EA0142501505
B0908594207313N00149416EA0142401504
B0909004207313N00149416EA0142401504
B0909014207313N00149417EA0142401504
B0909024207313N00149418EA0142401503
B0909034207313N00149418EA0142401503
B0909044207313N00149418EA0142401503
B0909054207313N00149418EA0142401503
B0909064207313N00149418EA0142401503
B0909074207313N00149418EA0142401503
B0909084207313N00149418EA0142401504
B0909094207313N00149418EA0142401504
B0909104207313N00149418EA0142401504
B0909114207313N00149418EA0142401504
B0909124207313N00149419EA0142401504
B0909134207313N00149419EA0142401504
B0909144207314N00149418EA0142401504
B0909154207314N00149418EA0142401505
B0909164207314N00149418EA0142401505
B0909174207314N00149419EA0142401505
B0909184207313N00149420EA0142401504
B0909194207313N00149420EA0142401502
B0909204207313N00149420EA0142401502
B0909214207313N00149420EA0142401501
B0909224207313N00149420EA0142401501
B0909234207313N00149420EA0142401501
B0909244207313N00149420EA0142401502
B0909254207313N00149420EA0142401501
B0909264207313N00149420EA0142401502
B0909274207313N00149420EA0142401502
B0909284207313N00149420EA0142401502
B0909294207313N00149420EA0142401501
B0909304207313N00149420EA0142401502
B0909314207313N00149421EA0142401502
B0909324207313N00149421EA0142401501
B0909334207313N00149421EA0142401501
B0909344207313N00149420EA0142401501
B0909354207313N00149420EA0142401501
B0909364207314N00149420EA0142401501
B0909374207314N00149420EA0142401501
B0909384207314N00149420EA0142401501
B0909394207314N00149420EA0142401501
B0909404207314N00149420EA0142401502
B0909414207314N00149420EA0142301501
B0909424207314N00149419EA0142401502
B0909434207314N00149419EA0142401502
B0909444207314N00149419EA0142401502
B0909454207314N00149419EA0142401502
B0909464207314N00149419EA0142401502
B0909474207314N00149419EA0142401502
B0909484207314N00149419EA0142401502
B0909494207314N00149419EA0142401502
B0909504207314N00149419EA0142401503
B0909514207314N00149419EA0142401503
B0909524207314N00149419EA0142401502
B0909534207314N00149418EA0142401503
B0909544207314N00149417EA0142401504
B0909554207314N00149417EA0142401504
B0909564207314N00149417EA0142401504
B0909574207314N00149417EA0142401505
B0909584207314N00149417EA0142401505
B0909594207314N00149417EA0142501505
B0910004207315N00149417EA0142401505
B0910014207315N00149417EA0142401505
B0910024207315N00149417EA0142401506
B0910034207315N00149416EA0142401506
B0910044207315N00149416EA0142401506
B0910054207315N00149416EA0142401506
B0910064207315N00149416EA0142401506
B0910074207315N00149417EA0142401506
B0910084207315N00149417EA0142401506
B0910094207315N00149417EA0142401506
B0910104207315N00149417EA0142401506
B0910114207315N00149417EA0142401505
B0910124207315N00149417EA0142401505
B0910134207315N00149418EA0142401505
B0910144207315N00149418EA0142401504
B0910154207315N00149418EA0142401504
B0910164207315N00149418EA0142401504
B0910174207315N00149418EA0142401504
B0910184207315N00149418EA0142401504
B0910194207315N00149419EA0142401504
B0910204207314N00149419EA0142401503
B0910214207314N00149419EA0142401503
B0910224207314N00149419EA0142401503
B0910234207314N00149419EA0142401504
B0910244207314N00149419EA0142401504
B0910254207314N00149419EA0142401505
B0910264207314N00149419EA0142401505
B0910274207314N00149419EA0142401505
B0910284207314N00149419EA0142401505
B0910294207314N00149419EA0142301505
B0910304207314N00149419EA0142401504
B0910314207314N00149419EA0142401504
B0910324207314N00149419EA0142401504
B0910334207314N00149419EA0142301504
B0910344207314N00149420EA0142401504
B0910354207314N00149420EA0142401504
B0910364207314N00149420EA0142401505
B0910374207314N00149420EA0142401505
B0910384207314N00149420EA0142401505
B0910394207314N00149420EA0142401506
B0910404207314N00149420EA0142501505
B0910414207314N00149420EA0142401505
B0910424207314N00149420EA0142401505
B0910434207314N00149419EA0142401505
B0910444207314N00149419EA0142501505
B0910454207314N00149419EA0142401506
B0910464207314N00149419EA0142401506
B0910474207314N00149420EA0142401506
B0910484207314N00149420EA0142401505
B0910494207314N00149420EA0142401505
B0910504207314N00149420EA0142401505
B0910514207314N00149419EA0142401506
B0910524207314N00149419EA0142401506
B0910534207313N00149419EA0142401506
B0910544207313N00149419EA0142301506
B0910554207313N00149419EA0142401505
B0910564207313N00149419EA0142401504
B0910574207313N00149418EA0142401504
B0910584207313N00149418EA0142401505
B0910594207313N00149418EA0142401504
B0911004207313N00149418EA0142401504
B0911014207313N00149418EA0142401503
B0911024207313N00149419EA0142301503
B0911034207313N00149419EA0142301503
B0911044207313N00149419EA0142401502
B0911054207312N00149419EA0142401502
B0911064207312N00149419EA0142401501
B0911074207312N00149418EA0142401501
B0911084207312N00149418EA0142401500
B0911094207312N00149419EA0142401501
B0911104207312N00149419EA0142301501
B0911114207312N00149419EA0142401501
B0911124207312N00149419EA0142401501
B0911134207312N00149419EA0142401501
B0911144207312N00149419EA0142401501
B0911154207311N00149419EA0142401501
B0911164207311N00149419EA0142401500
B0911174207311N00149419EA0142401500
B0911184207311N00149419EA0142401500
B0911194207311N00149420EA0142401500
B0911204207311N00149420EA0142401500
B0911214207311N00149420EA0142401500
B0911224207311N00149420EA0142401501
B0911234207311N00149420EA0142401501
B0911244207311N00149420EA0142401501
B0911254207312N00149420EA0142401501
B0911264207312N00149420EA0142401501
B0911274207312N00149420EA0142401502
B0911284207312N00149420EA0142401502
B0911294207312N00149420EA0142401502
B0911304207312N00149420EA0142401502
B0911314207312N00149420EA0142301502
B0911324207312N00149420EA0142401502
B0911334207312N00149420EA0142401502
B0911344207312N00149421EA0142401502
B0911354207312N00149421EA0142401501
B0911364207312N00149421EA0142401501
B0911374207312N00149421EA0142401500
B0911384207312N00149421EA0142401500
B0911394207312N00149421EA0142401500
B0911404207312N00149421EA0142401500
B0911414207313N00149421EA0142401501
B0911424207313N00149421EA0142401501
B0911434207313N00149421EA0142501501
B0911444207313N00149421EA0142401501
B0911454207313N00149421EA0142401501
B0911464207313N00149421EA0142401501
B0911474207313N00149421EA0142401501
B0911484207313N00149421EA0142401501
B0911494207313N00149421EA0142401501
B0911504207313N00149421EA0142301501
B0911514207313N00149421EA0142401501
B0911524207313N00149421EA0142401501
B0911534207313N00149421EA0142401501
B0911544207313N00149421EA0142401501
B0911554207313N00149421EA0142301502
B0911564207313N00149421EA0142401502
B0911574207312N00149421EA0142401502
B0911584207312N00149421EA0142401502
B0911594207312N00149421EA0142401503
B0912004207312N00149421EA0142401503
B0912014207312N00149421EA0142401502
B0912024207312N00149421EA0142401502
B0912034207312N00149421EA0142401502
B0912044207312N00149421EA0142401502
B0912054207312N00149421EA0142401502
B0912064207312N00149421EA0142301502
B0912074207311N00149421EA0142401502
B0912084207311N00149421EA0142401502
B0912094207311N00149421EA0142401502
B0912104207311N00149421EA0142401502
B0912114207311N00149421EA0142401502
B0912124207311N00149421EA0142401502
B0912134207311N00149422EA0142401502
B0912144207311N00149422EA0142301502
B0912154207312N00149421EA0142401502
B0912164207312N00149421EA0142401503
B0912174207312N00149421EA0142401504
B0912184207312N00149421EA0142401504
B0912194207312N00149421EA0142401504
B0912204207313N00149421EA0142401504
B0912214207313N00149421EA0142401503
B0912224207313N00149421EA0142401503
B0912234207314N00149421EA0142301503
B0912244207314N00149421EA0142401503
B0912254207314N00149421EA0142401504
B0912264207314N00149421EA0142401503
B0912274207314N00149421EA0142401502
B0912284207314N00149421EA0142401502
B0912294207314N00149421EA0142301501
B0912304207314N00149421EA0142401501
B0912314207314N00149421EA0142301501
B0912324207314N00149421EA0142301501
B0912334207314N00149421EA0142401501
B0912344207314N00149421EA0142401501
B0912354207314N00149421EA0142401500
B0912364207314N00149421EA0142301500
B0912374207314N00149421EA0142401500
B0912384207314N00149421EA0142301500
B0912394207314N00149421EA0142401500
B0912404207313N00149421EA0142401500
B0912414207313N00149421EA0142401499
B0912424207313N00149420EA0142401499
B0912434207312N00149420EA0142401499
B0912444207312N00149420EA0142401498
B0912454207312N00149420EA0142401498
B0912464207312N00149420EA0142401498
B0912474207312N00149420EA0142401498
B0912484207312N00149420EA0142401497
B0912494207311N00149420EA0142401497
B0912504207312N00149420EA0142401497
B0912514207311N00149420EA0142401497
B0912524207311N00149420EA0142401497
B0912534207312N00149420EA0142401497
B0912544207311N00149420EA0142401498
B0912554207311N00149420EA0142401498
B0912564207311N00149420EA0142401498
B0912574207311N00149420EA0142401497
B0912584207311N00149420EA0142401497
B0912594207311N00149420EA0142401497
B0913004207311N00149420EA0142401497
B0913014207311N00149420EA0142401497
B0913024207311N00149420EA0142301497
B0913034207311N00149420EA0142401497
B0913044207311N00149420EA0142401497
B0913054207311N00149420EA0142301496
B0913064207311N00149420EA0142301496
B0913074207311N00149420EA0142401497
B0913084207311N00149420EA0142401497
B0913094207311N00149420EA0142301496
B0913104207311N00149420EA0142401497
B0913114207311N00149420EA0142301497
B0913124207311N00149420EA0142301497
B0913134207311N00149420EA0142301497
B0913144207311N00149420EA0142401497
B0913154207311N00149420EA0142301497
B0913164207311N00149420EA0142401497
B0913174207311N00149421EA0142301497
B0913184207311N00149421EA0142301497
B0913194207311N00149421EA0142301497
B0913204207311N00149421EA0142301497
B0913214207311N00149421EA0142301497
B0913224207311N00149421EA0142301497
B0913234207311N00149421EA0142301497
B0913244207312N00149421EA0142401497
B0913254207311N00149421EA0142301497
B0913264207311N00149421EA0142401497
B0913274207311N00149421EA0142301497
B0913284207311N00149421EA0142301497
B0913294207311N00149421EA0142301497
B0913304207311N00149421EA0142401497
B0913314207311N00149421EA0142401497
B0913324207311N00149421EA0142401497
B0913334207311N00149421EA0142401497
B0913344207311N00149421EA0142401497
B0913354207311N00149421EA0142401497
B0913364207311N00149421EA0142401497
B0913374207311N00149421EA0142401497
B0913384207311N00149421EA0142401497
B0913394207311N00149421EA0142401497
B0913404207312N00149421EA0142401497
B0913414207312N00149421EA0142401497
B0913424207312N00149421EA0142401497
B0913434207312N00149421EA0142401497
B0913444207312N00149421EA0142301497
B0913454207312N00149421EA0142301497
B0913464207312N00149421EA0142401498
B0913474207312N00149421EA0142401498
B0913484207312N00149421EA0142401498
B0913494207312N00149421EA0142401498
B0913504207312N00149421EA0142301498
B0913514207312N00149421EA0142401498
B0913524207312N00149421EA0142401498
B0913534207313N00149421EA0142401499
B0913544207313N00149421EA0142401499
B0913554207313N00149421EA0142401499
B0913564207313N00149421EA0142401499
B0913574207313N00149421EA0142401499
B0913584207313N00149421EA0142401499
B0913594207313N00149421EA0142401499
B0914004207313N00149421EA0142401499
B0914014207313N00149421EA0142401499
B0914024207313N00149421EA0142401499
B0914034207313N00149421EA0142401499
B0914044207313N00149422EA0142401499
B0914054207313N00149421EA0142301500
B0914064207313N00149422EA0142401500
B0914074207313N00149422EA0142301500
B0914084207313N00149421EA0142401500
B0914094207313N00149421EA0142401500
B0914104207313N00149421EA0142401500
B0914114207313N00149421EA0142401500
B0914124207313N00149421EA0142401499
B0914134207313N00149421EA0142301499
B0914144207313N00149421EA0142301499
B0914154207313N00149421EA0142401499
B0914164207313N00149421EA0142401499
B0914174207313N00149421EA0142401499
B0914184207313N00149421EA0142301499
B0914194207313N00149421EA0142401499
B0914204207313N00149421EA0142401499
B0914214207313N00149421EA0142401499
B0914224207313N00149421EA0142301499
B0914234207313N00149421EA0142401500
B0914244207313N00149421EA0142401500
B0914254207313N00149421EA0142401499
B0914264207313N00149421EA0142401500
B0914274207313N00149421EA0142401500
B0914284207313N00149420EA0142401500
B0914294207313N00149420EA0142401501
B0914304207313N00149420EA0142401501
B0914314207313N00149420EA0142301501
B0914324207314N00149420EA0142401501
B0914334207314N00149421EA0142401502
B0914344207314N00149421EA0142401503
B0914354207314N00149421EA0142401503
B0914364207314N00149421EA0142301504
B0914374207314N00149420EA0142401504
B0914384207314N00149421EA0142401504
B0914394207314N00149421EA0142301505
B0914404207315N00149421EA0142401505
B0914414207315N00149421EA0142401506
B0914424207315N00149420EA0142401506
B0914434207315N00149420EA0142401506
B0914444207315N00149420EA0142401506
B0914454207315N00149419EA0142401505
B0914464207314N00149419EA0142401505
B0914474207314N00149418EA0142401505
B0914484207314N00149417EA0142301505
B0914494207313N00149416EA0142401504
B0914504207313N00149416EA0142301504
B0914514207312N00149416EA0142301504
B0914524207312N00149415EA0142401504
B0914534207312N00149415EA0142401504
B0914544207312N00149414EA0142401502
B0914554207312N00149412EA0142301502
B0914564207311N00149413EA0142401504
B0914574207311N00149413EA0142401502
B0914584207311N00149413EA0142401502
B0914594207311N00149413EA0142401501
B0915004207312N00149412EA0142401501
B0915014207312N00149412EA0142401502
B0915024207312N00149412EA0142401503
B0915034207313N00149412EA0142301504
B0915044207312N00149412EA0142301504
B0915054207312N00149411EA0142401505
B0915064207312N00149412EA0142401505
B0915074207312N00149411EA0142401506
B0915084207312N00149410EA0142401506
B0915094207312N00149410EA0142401508
B0915104207312N00149409EA0142401509
B0915114207313N00149409EA0142401509
B0915124207313N00149409EA0142301509
B0915134207313N00149409EA0142401509
B0915144207313N00149409EA0142301510
B0915154207314N00149410EA0142401509
B0915164207314N00149410EA0142301510
B0915174207314N00149410EA0142401510
B0915184207314N00149410EA0142301510
B0915194207314N00149410EA0142401511
B0915204207314N00149410EA0142401511
B0915214207315N00149410EA0142401512
B0915224207314N00149410EA0142301512
B0915234207314N00149410EA0142401513
B0915244207314N00149410EA0142301513
B0915254207315N00149410EA0142301512
B0915264207314N00149410EA0142401512
B0915274207315N00149410EA0142301512
B0915284207315N00149410EA0142401512
B0915294207315N00149410EA0142401512
B0915304207314N00149410EA0142401513
B0915314207314N00149409EA0142401513
B0915324207314N00149410EA0142401513
B0915334207315N00149410EA0142401512
B0915344207314N00149410EA0142401513
B0915354207314N00149413EA0142401513
B0915364207314N00149411EA0142401509
B0915374207314N00149410EA0142401511
B0915384207314N00149411EA0142401513
B0915394207315N00149410EA0142401513
B0915404207315N00149409EA0142401515
B0915414207316N00149408EA0142401516
B0915424207316N00149408EA0142301518
B0915434207316N00149407EA0142301520
B0915444207316N00149408EA0142401521
B0915454207316N00149408EA0142301520
B0915464207316N00149407EA0142401522
B0915474207316N00149405EA0142301523
B0915484207316N00149404EA0142401525
B0915494207316N00149403EA0142401526
B0915504207316N00149403EA0142301527
B0915514207316N00149403EA0142401528
B0915524207317N00149402EA0142301529
B0915534207317N00149403EA0142401529
B0915544207317N00149403EA0142301529
B0915554207317N00149402EA0142401530
B0915564207317N00149402EA0142401531
B0915574207317N00149402EA0142401531
B0915584207317N00149402EA0142301531
B0915594207316N00149402EA0142301530
B0916004207316N00149403EA0142401531
B0916014207317N00149404EA0142401531
B0916024207317N00149405EA0142401530
B0916034207317N00149405EA0142401529
B0916044207317N00149406EA0142301528
B0916054207317N00149407EA0142401528
B0916064207317N00149407EA0142401527
B0916074207317N00149408EA0142301526
B0916084207317N00149408EA0142401525
B0916094207318N00149409EA0142401525
B0916104207318N00149410EA0142301524
B0916114207318N00149410EA0142401523
B0916124207318N00149410EA0142401522
B0916134207319N00149410EA0142301522
B0916144207320N00149410EA0142301521
B0916154207320N00149410EA0142301521
B0916164207320N00149410EA0142301521
B0916174207321N00149410EA0142301521
B0916184207321N00149410EA0142401519
B0916194207321N00149410EA0142301520
B0916204207321N00149410EA0142301520
B0916214207322N00149410EA0142401520
B0916224207322N00149410EA0142401520
B0916234207321N00149411EA0142401520
B0916244207321N00149411EA0142301520
B0916254207321N00149411EA0142401520
B0916264207321N00149412EA0142301520
B0916274207321N00149412EA0142301521
B0916284207321N00149412EA0142401521
B0916294207322N00149411EA0142401521
B0916304207322N00149411EA0142301520
B0916314207322N00149411EV0142400000
B0916324207322N00149411EV0142400000
B0916334207322N00149411EV0142400000
B0916344207322N00149411EV0142400000
B0916354207323N00149412EV0142400000
B0916364207322N00149412EV0142300000
B0916374207321N00149414EA0142401517
B0916384207321N00149415EA0142401516
B0916394207321N00149414EA0142301516
B0916404207321N00149414EA0142301516
B0916414207320N00149416EA0142401516
B0916424207320N00149416EA0142401516
B0916434207319N00149417EA0142401516
B0916444207319N00149418EA0142301515
B0916454207319N00149418EA0142401515
B0916464207319N00149418EA0142401515
B0916474207319N00149418EA0142401515
B0916484207318N00149418EA0142401515
B0916494207318N00149418EA0142301515
B0916504207319N00149418EA0142401515
B0916514207320N00149418EA0142301514
B0916524207320N00149418EA0142401514
B0916534207320N00149418EA0142401514
B0916544207319N00149419EA0142401514
B0916554207320N00149419EA0142401514
B0916564207319N00149419EA0142301514
B0916574207319N00149418EA0142301514
B0916584207319N00149418EA0142401514
B0916594207320N00149418EA0142401514
B0917004207320N00149418EA0142401514
B0917014207320N00149418EA0142401514
B0917024207320N00149419EA0142401514
B0917034207320N00149419EA0142401515
B0917044207321N00149418EA0142401515
B0917054207321N00149418EA0142401514
B0917064207322N00149417EA0142401514
B0917074207322N00149417EA0142401514
B0917084207322N00149417EA0142401514
B0917094207322N00149417EA0142301514
B0917104207321N00149417EA0142401514
B0917114207321N00149417EA0142401514
B0917124207320N00149417EA0142401514
B0917134207320N00149416EA0142401514
B0917144207320N00149416EV0142400000
B0917154207320N00149415EV0142400000
B0917164207320N00149415EA0142401515
B0917174207320N00149415EA0142401515
B0917184207320N00149415EA0142401515
B0917194207321N00149415EA0142401515
B0917204207321N00149415EA0142301515
B0917214207321N00149415EA0142401515
B0917224207322N00149415EA0142301515
B0917234207322N00149415EA0142401515
B0917244207323N00149415EA0142401514
B0917254207323N00149416EA0142401514
B0917264207323N00149415EA0142301514
B0917274207322N00149416EA0142401515
B0917284207323N00149416EA0142401515
B0917294207323N00149416EA0142301515
B0917304207323N00149415EA0142401515
B0917314207323N00149415EA0142401515
B0917324207323N00149415EA0142401515
B0917334207324N00149415EA0142401515
B0917344207324N00149415EV0142400000
B0917354207325N00149414EV0142400000
B0917364207325N00149415EV0142400000
B0917394207323N00149417EA0142401515
B0917404207322N00149417EA0142301515
B0917414207322N00149418EA0142401515
B0917424207321N00149418EA0142401515
B0917434207321N00149418EA0142401515
B0917444207321N00149418EA0142401515
B0917454207320N00149419EA0142401515
B0917464207321N00149418EA0142401515
B0917474207321N00149418EA0142401515
B0917484207321N00149418EA0142401515
B0917494207320N00149419EA0142401515
B0917504207320N00149419EA0142401515
B0917514207320N00149420EA0142401515
B0917524207320N00149420EA0142401515
B0917534207319N00149420EA0142401515
B0917544207320N00149420EA0142401514
B0917554207319N00149420EA0142401514
B0917564207319N00149420EA0142401514
B0917574207319N00149420EA0142401514
B0917584207319N00149421EA0142401514
B0917594207319N00149421EA0142401514
B0918004207318N00149421EA0142401514
B0918014207319N00149421EA0142401514
B0918024207318N00149421EA0142401514
B0918034207318N00149421EA0142401514
B0918044207318N00149421EA0142401514
B0918054207318N00149420EA0142401514
B0918064207319N00149420EA0142401514
B0918074207318N00149420EA0142401514
B0918084207318N00149420EA0142401514
B0918094207318N00149420EA0142401514
B0918104207319N00149419EA0142401514
B0918114207318N00149419EA0142401514
B0918124207317N00149420EA0142401514
B0918134207316N00149420EA0142401514
B0918144207316N00149420EA0142401514
B0918154207317N00149420EA0142401514
B0918164207316N00149420EA0142401515
B0918174207315N00149420EA0142401515
B0918184207314N00149421EA0142401515
B0918194207314N00149421EA0142401515
B0918204207315N00149421EA0142401515
B0918214207315N00149421EA0142401515
B0918224207314N00149421EA0142401515
B0918234207314N00149422EA0142401516
B0918244207314N00149421EA0142401516
B0918254207314N00149421EA0142401516
B0918264207315N00149420EA0142401516
B0918274207316N00149420EA0142401516
B0918284207316N00149419EA0142401516
B0918294207316N00149419EA0142401516
B0918304207316N00149419EA0142401516
B0918314207315N00149419EA0142401515
B0918324207315N00149419EA0142401516
B0918334207314N00149420EA0142401516
B0918344207315N00149419EA0142401516
B0918354207315N00149419EA0142401515
B0918364207315N00149419EA0142401515
B0918374207314N00149419EA0142401515
B0918384207315N00149418EA0142401515
B0918394207315N00149418EA0142401515
B0918404207315N00149418EA0142401515
B0918414207315N00149419EA0142401515
B0918424207315N00149418EA0142401514
B0918434207314N00149419EA0142401514
B0918444207314N00149418EA0142401514
B0918454207314N00149419EA0142401513
B0918464207314N00149419EA0142301513
B0918474207314N00149420EA0142401513
B0918484207314N00149420EA0142301513
B0918494207314N00149420EA0142401513
B0918504207314N00149419EA0142401513
B0918514207314N00149419EA0142401513
B0918524207314N00149418EA0142401512
B0918534207313N00149418EA0142301511
B0918544207313N00149418EA0142401511
B0918554207313N00149417EA0142401511
B0918564207313N00149417EA0142401511
B0918574207313N00149416EA0142401510
B0918584207313N00149416EA0142401510
B0918594207313N00149416EA0142401510
B0919004207313N00149416EA0142401510
B0919014207312N00149416EA0142401510
B0919024207312N00149416EA0142401510
B0919034207312N00149416EA0142401510
B0919044207312N00149415EA0142401510
B0919054207312N00149415EA0142401510
B0919064207312N00149415EA0142401510
B0919074207312N00149415EA0142401510
B0919084207312N00149414EA0142401510
B0919094207313N00149414EA0142401511
B0919104207313N00149414EA0142401511
B0919114207313N00149414EA0142401511
B0919124207313N00149414EA0142401511
B0919134207313N00149414EA0142401511
B0919144207313N00149414EA0142401511
B0919154207313N00149414EA0142401511
B0919164207313N00149414EA0142401511
B0919174207313N00149414EA0142401511
B0919184207313N00149414EA0142401511
B0919194207313N00149414EA0142401511
B0919204207313N00149414EA0142401511
B0919214207313N00149414EA0142401511
B0919224207313N00149413EA0142401511
B0919234207313N00149413EA0142401512
B0919244207313N00149413EA0142401512
B0919254207313N00149413EA0142401512
B0919264207313N00149413EA0142401512
B0919274207313N00149413EA0142401512
B0919284207313N00149413EA0142401513
B0919294207313N00149414EA0142401513
B0919304207313N00149414EA0142401513
B0919314207313N00149414EA0142401513
B0919324207313N00149414EA0142301512
B0919334207313N00149414EA0142401512
B0919344207313N00149414EA0142401512
B0919354207313N00149414EA0142401512
B0919364207313N00149414EA0142401511
B0919374207313N00149414EA0142401511
B0919384207313N00149414EA0142401511
B0919394207313N00149414EA0142301511
B0919404207313N00149415EA0142401510
B0919414207313N00149415EA0142401510
B0919424207313N00149415EA0142401510
B0919434207313N00149415EA0142401510
B0919444207313N00149415EA0142401510
B0919454207313N00149415EA0142401510
B0919464207313N00149415EA0142301510
B0919474207313N00149415EA0142401509
B0919484207313N00149415EA0142301509
B0919494207313N00149416EA0142301509
B0919504207313N00149416EA0142401509
B0919514207313N00149416EA0142401509
B0919524207312N00149416EA0142301508
B0919534207312N00149416EA0142401508
B0919544207312N00149416EA0142301508
B0919554207312N00149416EA0142401508
B0919564207312N00149416EA0142401507
B0919574207312N00149416EA0142401507
B0919584207312N00149416EA0142401507
B0919594207312N00149416EA0142401507
B0920004207312N00149416EA0142301507
B0920014207312N00149416EA0142301507
B0920024207312N00149416EA0142401507
B0920034207312N00149416EA0142401507
B0920044207312N00149416EA0142301507
B0920054207312N00149416EA0142401507
B0920064207312N00149416EA0142301507
B0920074207313N00149416EA0142401506
B0920084207313N00149417EA0142301506
B0920094207313N00149417EA0142401506
B0920104207313N00149417EA0142301506
B0920114207313N00149417EA0142401506
B0920124207313N00149417EA0142301506
B0920134207312N00149417EA0142301505
B0920144207312N00149417EA0142301505
B0920154207312N00149417EA0142301505
B0920164207312N00149417EA0142301505
B0920174207312N00149417EA0142301505
B0920184207312N00149417EA0142301505
B0920194207312N00149417EA0142401505
B0920204207312N00149417EA0142301505
B0920214207312N00149417EA0142401505
B0920224207312N00149417EA0142401505
B0920234207312N00149417EA0142401504
B0920244207312N00149417EA0142301504
B0920254207312N00149417EA0142301504
B0920264207312N00149417EA0142401504
B0920274207312N00149417EA0142401504
B0920284207312N00149417EA0142401504
B0920294207312N00149417EA0142401503
B0920304207312N00149417EA0142401503
B0920314207312N00149417EA0142401503
B0920324207312N00149417EA0142301503
B0920334207312N00149418EA0142401503
B0920344207312N00149418EA0142401503
B0920354207312N00149418EA0142401503
B0920364207312N00149418EA0142401502
B0920374207312N00149418EA0142401502
B0920384207312N00149418EA0142401502
B0920394207312N00149418EA0142401502
B0920404207312N00149418EA0142401502
B0920414207312N00149418EA0142401502
B0920424207312N00149418EA0142401502
B0920434207312N00149418EA0142401501
B0920444207312N00149419EA0142401501
B0920454207312N00149419EA0142301501
B0920464207312N00149419EA0142401501
B0920474207312N00149419EA0142401501
B0920484207312N00149419EA0142401500
B0920494207312N00149419EA0142401500
B0920504207312N00149419EA0142401500
B0920514207312N00149419EA0142401500
B0920524207311N00149420EA0142301500
B0920534207311N00149420EA0142401499
B0920544207311N00149420EA0142401499
B0920554207311N00149420EA0142401499
B0920564207311N00149420EA0142401499
B0920574207311N00149421EA0142401498
B0920584207311N00149421EA0142401498
B0920594207311N00149421EA0142401498
B0921004207311N00149421EA0142401498
B0921014207311N00149421EA0142401498
B0921024207311N00149421EA0142401498
B0921034207311N00149421EA0142401498
B0921044207311N00149421EA0142401498
B0921054207311N00149421EA0142301498
B0921064207311N00149421EA0142301498
B0921074207311N00149421EA0142301498
B0921084207311N00149421EA0142401498
B0921094207311N00149421EA0142301498
B0921104207311N00149421EA0142401498
B0921114207311N00149421EA0142301498
B0921124207312N00149422EA0142401498
B0921134207312N00149422EA0142401498
B0921144207312N00149422EA0142401498
B0921154207312N00149422EA0142401498
B0921164207312N00149421EA0142401498
B0921174207312N00149421EA0142401499
B0921184207312N00149421EA0142401499
B0921194207312N00149421EA0142401500
B0921204207312N00149421EA0142401500
B0921214207312N00149421EA0142401500
B0921224207312N00149420EA0142401500
B0921234207312N00149420EA0142401502
B0921244207312N00149420EA0142401502
B0921254207312N00149420EA0142401501
B0921264207312N00149420EA0142401500
B0921274207312N00149420EA0142501501
B0921284207312N00149420EA0142501501
B0921294207312N00149420EA0142501501
B0921304207312N00149420EA0142401501
B0921314207312N00149421EA0142401501
B0921324207312N00149421EA0142401500
B0921334207312N00149421EA0142401500
B0921344207313N00149421EA0142401500
B0921354207313N00149420EA0142401500
B0921364207313N00149420EA0142401500
B0921374207313N00149420EA0142401500
B0921384207313N00149420EA0142401499
B0921394207313N00149420EA0142501499
B0921404207313N00149420EA0142501499
B0921414207313N00149420EA0142501499
B0921424207313N00149419EA0142401498
B0921434207312N00149419EA0142501498
B0921444207313N00149419EA0142501498
B0921454207313N00149419EA0142501498
B0921464207313N00149419EA0142401498
B0921474207313N00149419EA0142401498
B0921484207313N00149419EA0142401498
B0921494207313N00149419EA0142501498
B0921504207313N00149419EA0142501498
B0921514207313N00149419EA0142401498
B0921524207313N00149419EA0142401499
B0921534207313N00149419EA0142401500
B0921544207313N00149419EA0142401500
B0921554207313N00149419EA0142301499
B0921564207313N00149419EA0142401498
B0921574207313N00149419EA0142301498
B0921584207313N00149419EA0142401498
B0921594207312N00149419EA0142301499
B0922004207313N00149419EA0142301498
B0922014207313N00149419EA0142401497
B0922024207313N00149419EA0142401497
B0922034207313N00149419EA0142301497
B0922044207313N00149419EA0142301497
B0922054207313N00149419EA0142301497
B0922064207313N00149419EA0142301497
B0922074207313N00149419EA0142301497
B0922084207313N00149420EA0142301497
B0922094207313N00149420EA0142401496
B0922104207313N00149420EA0142301496
B0922114207313N00149420EA0142301496
B0922124207313N00149420EA0142301496
B0922134207313N00149420EA0142301495
B0922144207313N00149420EA0142301496
B0922154207313N00149420EA0142301496
B0922164207313N00149420EA0142301496
B0922174207313N00149420EA0142401496
B0922184207313N00149420EA0142301496
B0922194207313N00149420EA0142301496
B0922204207313N00149420EA0142401495
B0922214207313N00149420EA0142401495
B0922224207313N00149420EA0142301495
B0922234207313N00149420EA0142301495
B0922244207313N00149420EA0142301495
B0922254207313N00149420EA0142301495
B0922264207313N00149420EA0142401494
B0922274207313N00149420EA0142401494
B0922284207313N00149420EA0142401494
B0922294207313N00149420EA0142401494
B0922304207313N00149420EA0142401494
B0922314207313N00149420EA0142301494
B0922324207313N00149420EA0142301494
B0922334207313N00149420EA0142401494
B0922344207313N00149420EA0142401494
B0922354207313N00149420EA0142401494
B0922364207313N00149420EA0142401493
B0922374207313N00149420EA0142401493
B0922384207313N00149420EA0142401493
B0922394207313N00149420EA0142401493
B0922404207313N00149420EA0142401493
B0922414207313N00149420EA0142401493
B0922424207313N00149420EA0142301493
B0922434207313N00149420EA0142301493
B0922444207313N00149420EA0142301493
B0922454207313N00149420EA0142301493
B0922464207313N00149420EA0142401493
B0922474207313N00149420EA0142401493
B0922484207313N00149420EA0142401493
B0922494207313N00149420EA0142401493
B0922504207313N00149420EA0142401494
B0922514207314N00149420EA0142401494
B0922524207314N00149420EA0142401494
B0922534207314N00149420EA0142401494
B0922544207314N00149420EA0142401495
B0922554207313N00149420EA0142401495
B0922564207314N00149421EA0142401495
B0922574207313N00149421EA0142401495
B0922584207313N00149421EA0142401495
B0922594207313N00149421EA0142501495
B0923004207314N00149421EA0142401494
B0923014207314N00149422EA0142401494
B0923024207314N00149422EA0142401494
B0923034207315N00149422EA0142401493
B0923044207315N00149422EA0142401494
B0923054207315N00149422EA0142401493
B0923064207315N00149422EA0142401493
B0923074207315N00149423EA0142401494
B0923084207314N00149423EA0142401494
B0923094207314N00149422EA0142401494
B0923104207314N00149422EA0142401494
B0923114207314N00149422EA0142401494
B0923124207314N00149422EA0142401494
B0923134207314N00149422EA0142401494
B0923144207313N00149422EA0142401494
B0923154207314N00149422EA0142501493
B0923164207314N00149423EA0142401493
B0923174207313N00149422EA0142401493
B0923184207313N00149422EA0142501494
B0923194207313N00149422EA0142501495
B0923204207313N00149422EA0142401495
B0923214207314N00149422EA0142401495
B0923224207314N00149422EA0142401495
B0923234207314N00149422EA0142401495
B0923244207313N00149422EA0142401496
B0923254207313N00149422EA0142401496
B0923264207313N00149422EA0142401497
B0923274207313N00149422EA0142501497
B0923284207313N00149422EA0142401496
B0923294207313N00149421EA0142401496
B0923304207313N00149420EA0142401497
B0923314207313N00149420EA0142401498
B0923324207313N00149420EA0142301497
B0923334207313N00149420EA0142301497
B0923344207313N00149420EA0142301496
B0923354207313N00149420EA0142301496
B0923364207313N00149420EA0142301495
B0923374207313N00149421EA0142301495
B0923384207313N00149421EA0142301495
B0923394207313N00149421EA0142301495
B0923404207313N00149421EA0142301495
B0923414207313N00149421EA0142301495
B0923424207312N00149422EA0142401495
B0923434207312N00149422EA0142301495
B0923444207312N00149422EA0142401495
B0923454207312N00149422EA0142301495
B0923464207312N00149422EA0142301495
B0923474207312N00149422EA0142301495
B0923484207312N00149422EA0142301495
B0923494207312N00149422EA0142301495
B0923504207312N00149421EA0142301495
B0923514207312N00149421EA0142301495
B0923524207312N00149421EA0142401494
B0923534207312N00149421EA0142301494
B0923544207312N00149421EA0142301493
B0923554207312N00149421EA0142301494
B0923564207312N00149421EA0142301494
B0923574207312N00149421EA0142301494
B0923584207312N00149421EA0142301494
B0923594207312N00149421EA0142301494
B0924004207312N00149421EA0142301495
B0924014207312N00149421EA0142301495
B0924024207312N00149421EA0142301495
B0924034207312N00149421EA0142301495
B0924044207312N00149421EA0142301496
B0924054207312N00149421EA0142301496
B0924064207313N00149421EA0142301496
B0924074207313N00149421EA0142301496
B0924084207313N00149421EA0142301497
B0924094207313N00149422EA0142301497
B0924104207313N00149422EA0142301496
B0924114207313N00149422EA0142301497
B0924124207313N00149422EA0142201498
B0924134207313N00149423EA0142301497
B0924144207313N00149423EA0142301497
B0924154207313N00149422EA0142301497
B0924164207313N00149422EA0142301498
B0924174207313N00149422EA0142301498
B0924184207313N00149422EA0142301498
B0924194207313N00149423EA0142301497
B0924204207313N00149423EA0142301497
B0924214207313N00149423EA0142201496
B0924224207313N00149423EA0142301496
B0924234207313N00149423EA0142201496
B0924244207312N00149423EA0142301496
B0924254207312N00149423EA0142301495
B0924264207313N00149423EA0142301494
B0924274207313N00149423EA0142301494
B0924284207313N00149423EA0142301494
B0924294207312N00149423EA0142301494
B0924304207313N00149423EA0142301494
B0924314207313N00149423EA0142201494
B0924324207313N00149424EA0142301493
B0924334207313N00149424EA0142301494
B0924344207313N00149424EA0142301494
B0924354207313N00149424EA0142301493
B0924364207313N00149424EA0142301493
B0924374207313N00149424EA0142201494
B0924384207312N00149424EA0142301493
B0924394207312N00149424EA0142301493
B0924404207312N00149424EA0142301493
B0924414207312N00149424EA0142301493
B0924424207312N00149424EA0142301493
B0924434207312N00149424EA0142301494
B0924444207312N00149424EA0142301494
B0924454207312N00149424EA0142301495
B0924464207312N00149424EA0142301495
B0924474207312N00149424EA0142301495
B0924484207312N00149424EA0142301495
B0924494207312N00149424EA0142301496
B0924504207312N00149424EA0142301496
B0924514207312N00149424EA0142301496
B0924524207312N00149424EA0142301496
B0924534207312N00149424EA0142301497
B0924544207312N00149423EA0142301497
B0924554207313N00149423EA0142301497
B0924564207313N00149423EA0142301497
B0924574207313N00149423EA0142301498
B0924584207313N00149423EA0142301498
B0924594207313N00149423EA0142301498
B0925004207313N00149423EA0142301498
B0925014207313N00149423EA0142301498
B0925024207313N00149422EA0142301498
B0925034207313N00149422EA0142301498
B0925044207313N00149422EA0142301498
B0925054207313N00149422EA0142301498
B0925064207313N00149422EA0142301499
B0925074207313N00149422EA0142301498
B0925084207312N00149422EA0142301499
B0925094207312N00149422EA0142301499
B0925104207312N00149422EA0142301500
B0925114207313N00149421EA0142301500
B0925124207313N00149421EA0142301500
B0925134207313N00149421EA0142301500
B0925144207313N00149421EA0142301501
B0925154207313N00149421EA0142301501
B0925164207313N00149420EA0142301501
B0925174207313N00149421EA0142301502
B0925184207313N00149420EA0142401502
B0925194207313N00149420EA0142401502
B0925204207313N00149420EA0142401502
B0925214207313N00149420EA0142401502
B0925224207313N00149420EA0142301502
B0925234207313N00149420EA0142301502
B0925244207314N00149420EA0142401502
B0925254207314N00149420EA0142401502
B0925264207314N00149420EA0142301501
B0925274207314N00149420EA0142301501
B0925284207314N00149420EA0142301502
B0925294207314N00149420EA0142301501
B0925304207314N00149421EA0142301501
B0925314207313N00149421EA0142301501
B0925324207314N00149421EA0142301500
B0925334207314N00149421EA0142301501
B0925344207315N00149421EA0142301501
B0925354207315N00149422EA0142301501
B0925364207315N00149422EA0142301501
B0925374207315N00149421EA0142301501
B0925384207316N00149422EA0142301501
B0925394207316N00149421EA0142301501
B0925404207316N00149421EA0142301502
B0925414207316N00149421EA0142301501
B0925424207317N00149420EA0142301502
B0925434207317N00149420EA0142301502
B0925444207317N00149419EA0142301502
B0925454207317N00149419EA0142301503
B0925464207317N00149418EA0142301503
B0925474207317N00149418EA0142301503
B0925484207316N00149418EA0142301503
B0925494207316N00149417EA0142301503
B0925504207316N00149417EA0142301503
B0925514207316N00149416EA0142301502
B0925524207316N00149417EA0142301502
B0925534207316N00149417EA0142301502
B0925544207316N00149416EA0142301503
B0925554207315N00149417EA0142301503
B0925564207315N00149416EA0142301502
B0925574207315N00149417EA0142301502
B0925584207315N00149417EA0142301502
B0925594207315N00149417EA0142301501
B0926004207315N00149416EA0142301502
B0926014207315N00149416EA0142301502
B0926024207315N00149416EA0142301502
B0926034207315N00149416EA0142301502
B0926044207315N00149416EA0142401502
B0926054207314N00149416EA0142301502
B0926064207314N00149416EA0142301502
B0926074207314N00149417EA0142301502
B0926084207314N00149417EA0142301502
B0926094207314N00149417EA0142301502
B0926104207314N00149417EA0142401502
B0926114207314N00149417EA0142301502
B0926124207314N00149418EA0142301502
B0926134207314N00149418EA0142301502
B0926144207314N00149418EA0142301501
B0926154207313N00149418EA0142301501
B0926164207313N00149419EA0142301501
B0926174207313N00149419EA0142301501
B0926184207313N00149419EA0142301501
B0926194207313N00149419EA0142301500
B0926204207313N00149419EA0142301500
B0926214207313N00149420EA0142301500
B0926224207313N00149420EA0142301499
B0926234207312N00149420EA0142301499
B0926244207312N00149420EA0142301499
B0926254207312N00149420EA0142301499
B0926264207312N00149420EA0142301499
B0926274207312N00149420EA0142301499
B0926284207312N00149420EA0142301498
B0926294207312N00149420EA0142301498
B0926304207312N00149420EA0142301498
B0926314207312N00149421EA0142301498
B0926324207312N00149421EA0142301498
B0926334207312N00149421EA0142401498
B0926344207312N00149421EA0142301498
B0926354207312N00149421EA0142301498
B0926364207312N00149421EA0142301498
B0926374207312N00149421EA0142301498
B0926384207313N00149421EA0142301498
B0926394207313N00149421EA0142301498
B0926404207313N00149421EA0142301498
B0926414207313N00149421EA0142301498
B0926424207313N00149421EA0142301498
B0926434207313N00149421EA0142301498
B0926444207313N00149421EA0142301499
B0926454207314N00149421EA0142301499
B0926464207313N00149421EA0142301498
B0926474207313N00149421EA0142301498
B0926484207314N00149421EA0142301498
B0926494207314N00149421EA0142301498
B0926504207314N00149421EA0142301498
B0926514207314N00149421EA0142301498
B0926524207314N00149421EA0142201499
B0926534207314N00149421EA0142301499
B0926544207314N00149421EA0142301499
B0926554207314N00149420EA0142301499
B0926564207314N00149420EA0142301500
B0926574207314N00149420EA0142301500
B0926584207314N00149420EA0142301500
B0926594207314N00149420EA0142301500
B0927004207314N00149421EA0142301500
B0927014207314N00149421EA0142301500
B0927024207314N00149421EA0142401499
B0927034207314N00149421EA0142301499
B0927044207314N00149421EA0142301499
B0927054207314N00149421EA0142301499
B0927064207314N00149421EA0142301499
B0927074207314N00149421EA0142301499
B0927084207314N00149422EA0142301499
B0927094207314N00149422EA0142401499
B0927104207314N00149422EA0142301499
B0927114207314N00149422EA0142301499
B0927124207314N00149422EA0142301499
B0927134207314N00149422EA0142301499
B0927144207314N00149422EA0142301498
B0927154207314N00149422EA0142301498
B0927164207314N00149423EA0142301498
B0927174207314N00149423EA0142301497
B0927184207314N00149423EA0142301497
B0927194207313N00149423EA0142401497
B0927204207313N00149423EA0142301496
B0927214207313N00149423EA0142301496
B0927224207313N00149423EA0142401496
B0927234207313N00149423EA0142301495
B0927244207313N00149423EA0142301496
B0927254207313N00149423EA0142301496
B0927264207313N00149423EA0142301496
B0927274207313N00149423EA0142301496
B0927284207313N00149423EA0142301495
B0927294207313N00149424EA0142401497
B0927304207313N00149424EA0142301496
B0927314207313N00149424EA0142301497
B0927324207313N00149423EA0142301497
B0927334207312N00149423EA0142301497
B0927344207312N00149423EA0142301497
B0927354207313N00149423EA0142301497
B0927364207312N00149423EA0142301497
B0927374207312N00149422EA0142301497
B0927384207312N00149422EA0142301497
B0927394207312N00149422EA0142301497
B0927404207312N00149422EA0142301496
B0927414207312N00149422EA0142401496
B0927424207312N00149422EA0142301495
B0927434207312N00149423EA0142301495
B0927444207312N00149423EA0142201494
B0927454207312N00149422EA0142201494
B0927464207312N00149422EA0142301494
B0927474207312N00149423EA0142301494
B0927484207312N00149423EA0142301495
B0927494207312N00149423EA0142301495
B0927504207312N00149423EA0142301495
B0927514207311N00149423EA0142301494
B0927524207311N00149424EA0142301494
B0927534207311N00149424EA0142301493
B0927544207311N00149424EA0142301493
B0927554207311N00149424EA0142301493
B0927564207311N00149424EA0142301492
B0927574207311N00149424EA0142301492
B0927584207311N00149424EA0142301493
B0927594207311N00149425EA0142301492
B0928004207311N00149425EA0142301492
B0928014207311N00149425EA0142301492
B0928024207311N00149424EA0142301492
B0928034207311N00149424EA0142301492
B0928044207311N00149424EA0142301492
B0928054207311N00149424EA0142301492
B0928064207312N00149424EA0142301492
B0928074207312N00149424EA0142301492
B0928084207312N00149424EA0142201493
B0928094207313N00149424EA0142301492
B0928104207313N00149423EA0142301493
B0928114207313N00149423EA0142301494
B0928124207313N00149423EA0142301494
B0928134207314N00149423EA0142301494
B0928144207314N00149423EA0142301495
B0928154207313N00149423EA0142301495
B0928164207314N00149423EA0142301495
B0928174207314N00149422EA0142201495
B0928184207313N00149422EA0142301495
B0928194207313N00149422EA0142301495
B0928204207313N00149422EA0142301495
B0928214207314N00149422EA0142301495
B0928224207313N00149422EA0142301495
B0928234207313N00149422EA0142301495
B0928244207313N00149422EA0142301495
B0928254207313N00149422EA0142301495
B0928264207313N00149422EA0142301495
B0928274207313N00149423EA0142301495
B0928284207313N00149423EA0142401495
B0928294207313N00149422EA0142301495
B0928304207313N00149422EA0142301495
B0928314207313N00149422EA0142401495
B0928324207313N00149422EA0142301495
B0928334207313N00149422EA0142301495
B0928344207312N00149422EA0142301495
B0928354207312N00149422EA0142201495
B0928364207312N00149422EA0142301495
B0928374207312N00149422EA0142301495
B0928384207312N00149422EA0142301495
B0928394207312N00149422EA0142301495
B0928404207312N00149422EA0142301496
B0928414207312N00149422EA0142301496
B0928424207312N00149422EA0142301496
B0928434207312N00149422EA0142301496
B0928444207312N00149422EA0142301496
B0928454207312N00149422EA0142301496
B0928464207311N00149422EA0142301496
B0928474207311N00149422EA0142301496
B0928484207311N00149422EA0142301496
B0928494207311N00149421EA0142301496
B0928504207311N00149422EA0142301496
B0928514207311N00149422EA0142301496
B0928524207311N00149422EA0142301496
B0928534207312N00149422EA0142301497
B0928544207312N00149421EA0142201497
B0928554207312N00149421EA0142301497
B0928564207312N00149421EA0142301497
B0928574207312N00149421EA0142301498
B0928584207312N00149421EA0142301498
B0928594207312N00149421EA0142301498
B0929004207312N00149421EA0142301499
B0929014207312N00149421EA0142301499
B0929024207313N00149421EA0142301499
B0929034207313N00149421EA0142301499
B0929044207313N00149420EA0142301499
B0929054207313N00149420EA0142301499
B0929064207313N00149420EA0142301499
B0929074207313N00149420EA0142301499
B0929084207313N00149420EA0142301499
B0929094207313N00149420EA0142301499
B0929104207313N00149421EA0142301499
B0929114207313N00149421EA0142301498
B0929124207313N00149421EA0142301499
B0929134207313N00149420EA0142301499
B0929144207313N00149420EA0142301499
B0929154207312N00149420EA0142301499
B0929164207313N00149420EA0142301499
B0929174207313N00149420EA0142301499
B0929184207313N00149420EA0142301499
B0929194207313N00149420EA0142301499
B0929204207312N00149420EA0142301499
B0929214207312N00149420EA0142301499
B0929224207312N00149420EA0142201499
B0929234207312N00149420EA0142301499
B0929244207312N00149420EA0142301499
B0929254207312N00149420EA0142301499
B0929264207312N00149421EA0142301499
B0929274207312N00149421EA0142301499
B0929284207312N00149421EA0142301499
B0929294207312N00149421EA0142301499
B0929304207312N00149421EA0142301499
B0929314207312N00149421EA0142301499
B0929324207312N00149421EA0142301499
B0929334207312N00149421EA0142301499
B0929344207312N00149421EA0142301499
B0929354207312N00149421EA0142301499
B0929364207312N00149421EA0142301499
B0929374207312N00149421EA0142301499
B0929384207312N00149421EA0142301499
B0929394207312N00149421EA0142301499
B0929404207312N00149421EA0142301499
B0929414207312N00149421EA0142301499
B0929424207312N00149421EA0142301498
B0929434207312N00149421EA0142301498
B0929444207312N00149421EA0142301498
B0929454207312N00149421EA0142301498
B0929464207312N00149422EA0142301498
B0929474207312N00149422EA0142301498
B0929484207312N00149422EA0142301498
B0929494207312N00149422EA0142301498
B0929504207312N00149422EA0142301498
B0929514207312N00149422EA0142301498
B0929524207312N00149422EA0142301498
B0929534207312N00149422EA0142301498
B0929544207312N00149422EA0142301498
B0929554207312N00149422EA0142301498
B0929564207312N00149422EA0142301498
B0929574207312N00149422EA0142301498
B0929584207312N00149422EA0142301498
B0929594207312N00149422EA0142301498
B0930004207313N00149422EA0142301498
B0930014207313N00149422EA0142301498
B0930024207312N00149422EA0142301498
B0930034207312N00149422EA0142301498
B0930044207313N00149422EA0142301498
B0930054207312N00149422EA0142301498
B0930064207312N00149422EA0142401498
B0930074207312N00149422EA0142301498
B0930084207312N00149422EA0142401498
B0930094207312N00149422EA0142401499
B0930104207312N00149422EA0142301499
B0930114207312N00149422EA0142301499
B0930124207312N00149422EA0142301499
B0930134207313N00149422EA0142301499
B0930144207313N00149422EA0142301500
B0930154207313N00149422EA0142301500
B0930164207313N00149422EA0142401500
B0930174207313N00149422EA0142301500
B0930184207313N00149422EA0142301500
B0930194207313N00149422EA0142301501
B0930204207313N00149422EA0142401501
B0930214207313N00149422EA0142401501
B0930224207313N00149422EA0142301501
B0930234207313N00149422EA0142301501
B0930244207313N00149422EA0142301501
B0930254207313N00149422EA0142301501
B0930264207313N00149422EA0142301501
B0930274207313N00149422EA0142301501
B0930284207313N00149422EA0142301501
B0930294207313N00149422EA0142301501
B0930304207313N00149422EA0142301501
B0930314207312N00149422EA0142301500
B0930324207312N00149422EA0142301500
B0930334207312N00149421EA0142301500
B0930344207312N00149421EA0142401500
B0930354207312N00149421EA0142401500
B0930364207313N00149421EA0142401501
B0930374207313N00149421EA0142401501
B0930384207313N00149421EA0142401501
B0930394207314N00149420EA0142401500
B0930404207313N00149420EA0142401501
B0930414207313N00149420EA0142301501
B0930424207313N00149420EA0142401501
B0930434207313N00149420EA0142401501
B0930444207313N00149420EA0142301501
B0930454207313N00149420EA0142401501
B0930464207314N00149420EA0142401500
B0930474207314N00149420EA0142401500
B0930484207314N00149420EA0142301500
B0930494207314N00149420EA0142401500
B0930504207314N00149420EA0142401499
B0930514207314N00149420EA0142401499
B0930524207314N00149420EA0142401499
B0930534207314N00149421EA0142401498
B0930544207314N00149421EA0142401498
B0930554207314N00149421EA0142401498
B0930564207314N00149421EA0142401497
B0930574207314N00149421EA0142401497
B0930584207314N00149421EA0142401497
B0930594207314N00149421EA0142401497
B0931004207313N00149421EA0142401497
B0931014207313N00149421EA0142401497
B0931024207312N00149421EA0142501497
B0931034207311N00149421EA0142401498
B0931044207310N00149421EA0142301498
B0931054207310N00149421EA0142501498
B0931064207310N00149422EA0142401498
B0931074207309N00149422EA0142401498
B0931084207309N00149422EA0142401498
B0931094207309N00149423EA0142401497
B0931104207309N00149424EA0142401497
B0931114207309N00149424EA0142401496
B0931124207309N00149425EA0142401496
B0931134207310N00149425EA0142401495
B0931144207309N00149426EA0142401495
B0931154207309N00149426EA0142501495
B0931164207309N00149427EA0142501494
B0931174207309N00149427EA0142501494
B0931184207309N00149428EA0142401494
B0931194207308N00149428EA0142401493
B0931204207308N00149429EA0142401493
B0931214207308N00149429EA0142501493
B0931224207308N00149430EA0142401493
B0931234207307N00149431EA0142501492
B0931244207307N00149431EA0142401492
B0931254207306N00149432EA0142401492
B0931264207306N00149433EA0142401492
B0931274207306N00149433EA0142401492
B0931284207306N00149434EA0142401492
B0931294207306N00149435EA0142401492
B0931304207306N00149435EA0142401492
B0931314207306N00149436EA0142401492
B0931324207306N00149437EA0142401492
B0931334207305N00149438EA0142401492
B0931344207305N00149439EA0142401492
B0931354207305N00149439EA0142401493
B0931364207305N00149440EA0142401493
B0931374207304N00149441EA0142401493
B0931384207304N00149441EA0142401493
B0931394207304N00149442EA0142401493
B0931404207304N00149443EA0142401493
B0931414207304N00149444EA0142401493
B0931424207304N00149444EA0142401493
B0931434207304N00149444EA0142401493
B0931444207304N00149445EA0142401493
B0931454207304N00149445EA0142401492
B0931464207304N00149445EA0142401493
B0931474207304N00149445EA0142401493
B0931484207304N00149446EA0142401492
B0931494207304N00149446EA0142401493
B0931504207304N00149446EA0142401493
B0931514207304N00149446EA0142401493
B0931524207304N00149446EA0142401493
B0931534207304N00149446EA0142401493
B0931544207304N00149446EA0142401493
B0931554207304N00149446EA0142401493
B0931564207304N00149446EA0142401493
B0931574207304N00149446EA0142401493
B0931584207305N00149446EA0142401492
B0931594207305N00149445EA0142401492
B0932004207305N00149445EA0142401492
B0932014207305N00149445EA0142401492
B0932024207305N00149445EA0142401491
B0932034207305N00149445EA0142401491
B0932044207305N00149445EA0142401491
B0932054207305N00149445EA0142401491
B0932064207305N00149444EA0142401491
B0932074207305N00149444EA0142401491
B0932084207305N00149444EA0142401491
B0932094207305N00149444EA0142401491
B0932104207305N00149444EA0142401491
B0932114207305N00149444EA0142401491
B0932124207305N00149444EA0142401491
B0932134207305N00149444EA0142401491
B0932144207305N00149444EA0142401491
B0932154207305N00149444EA0142401491
B0932164207305N00149443EA0142401491
B0932174207305N00149443EA0142301491
B0932184207305N00149443EA0142401491
B0932194207305N00149443EA0142301491
B0932204207305N00149443EA0142401491
B0932214207305N00149443EA0142301491
B0932224207305N00149443EA0142301491
B0932234207305N00149443EA0142301491
B0932244207305N00149443EA0142401491
B0932254207305N00149443EA0142401491
B0932264207305N00149443EA0142401491
B0932274207305N00149443EA0142401491
B0932284207305N00149443EA0142301491
B0932294207305N00149443EA0142401492
B0932304207305N00149443EA0142401492
B0932314207305N00149443EA0142401492
B0932324207305N00149443EA0142401492
B0932334207305N00149444EA0142401492
B0932344207305N00149444EA0142401492
B0932354207305N00149443EA0142401492
B0932364207305N00149443EA0142501492
B0932374207304N00149443EA0142401492
B0932384207304N00149443EA0142401492
B0932394207304N00149443EA0142401492
B0932404207304N00149443EA0142401492
B0932414207304N00149444EA0142401492
B0932424207304N00149444EA0142401492
B0932434207304N00149444EA0142401492
B0932444207304N00149444EA0142401492
B0932454207304N00149444EA0142401492
B0932464207304N00149444EA0142401492
B0932474207304N00149444EA0142401492
B0932484207304N00149444EA0142401492
B0932494207304N00149444EA0142301492
B0932504207304N00149444EA0142401492
B0932514207304N00149444EA0142301492
B0932524207304N00149444EA0142401492
B0932534207304N00149444EA0142401492
B0932544207304N00149444EA0142401492
B0932554207304N00149444EA0142401492
B0932564207304N00149444EA0142401492
B0932574207304N00149444EA0142401492
B0932584207304N00149444EA0142401492
B0932594207304N00149444EA0142401492
B0933004207304N00149444EA0142401492
B0933014207304N00149444EA0142401492
B0933024207304N00149444EA0142401492
B0933034207304N00149444EA0142401492
B0933044207304N00149444EA0142401492
B0933054207304N00149444EA0142401492
B0933064207304N00149444EA0142401492
B0933074207304N00149444EA0142401492
B0933084207304N00149444EA0142301492
B0933094207304N00149444EA0142401492
B0933104207304N00149444EA0142401492
B0933114207304N00149444EA0142401492
B0933124207304N00149444EA0142401492
B0933134207304N00149444EA0142401492
B0933144207304N00149444EA0142401492
B0933154207304N00149444EA0142401492
B0933164207304N00149444EA0142401492
B0933174207304N00149444EA0142301492
B0933184207304N00149444EA0142401492
B0933194207304N00149444EA0142401492
B0933204207304N00149444EA0142301492
B0933214207304N00149444EA0142301492
B0933224207304N00149444EA0142401492
B0933234207304N00149444EA0142301492
B0933244207304N00149444EA0142401492
B0933254207304N00149444EA0142401492
B0933264207304N00149444EA0142401492
B0933274207304N00149444EA0142401492
B0933284207304N00149444EA0142401492
B0933294207304N00149444EA0142401492
B0933304207304N00149445EA0142401492
B0933314207304N00149445EA0142401492
B0933324207304N00149445EA0142401492
B0933334207304N00149445EA0142401492
B0933344207304N00149445EA0142401492
B0933354207304N00149445EA0142401492
B0933364207304N00149445EA0142401492
B0933374207304N00149445EA0142401492
B0933384207304N00149445EA0142401492
B0933394207304N00149445EA0142401492
B0933404207304N00149445EA0142401492
B0933414207304N00149445EA0142401492
B0933424207304N00149445EA0142401492
B0933434207304N00149445EA0142401491
B0933444207304N00149445EA0142401491
B0933454207304N00149445EA0142401491
B0933464207304N00149445EA0142401491
B0933474207304N00149445EA0142401491
B0933484207304N00149445EA0142401491
B0933494207304N00149445EA0142401491
B0933504207304N00149445EA0142401491
B0933514207304N00149445EA0142401491
B0933524207304N00149445EA0142401491
B0933534207304N00149445EA0142401491
B0933544207304N00149445EA0142401491
B0933554207304N00149445EA0142401491
B0933564207304N00149445EA0142401491
B0933574207304N00149444EA0142401491
B0933584207304N00149444EA0142401491
B0933594207304N00149444EA0142401491
B0934004207304N00149444EA0142401491
B0934014207304N00149444EA0142401491
B0934024207304N00149444EA0142401491
B0934034207304N00149444EA0142401491
B0934044207304N00149444EA0142401491
B0934054207304N00149444EA0142401491
B0934064207304N00149444EA0142301491
B0934074207304N00149444EA0142401491
B0934084207304N00149444EA0142401491
B0934094207304N00149444EA0142401491
B0934104207304N00149444EA0142401491
B0934114207304N00149444EA0142401491
B0934124207304N00149444EA0142401491
B0934134207304N00149445EA0142401491
B0934144207304N00149445EA0142401491
B0934154207304N00149445EA0142401491
B0934164207304N00149445EA0142401491
B0934174207304N00149445EA0142401491
B0934184207304N00149445EA0142401491
B0934194207304N00149445EA0142401491
B0934204207304N00149445EA0142401491
B0934214207304N00149445EA0142401491
B0934224207304N00149445EA0142401491
B0934234207304N00149445EA0142401491
B0934244207305N00149445EA0142401491
B0934254207305N00149445EA0142401491
B0934264207305N00149445EA0142401491
B0934274207305N00149445EA0142401491
B0934284207305N00149444EA0142401491
B0934294207305N00149444EA0142401491
B0934304207305N00149444EA0142401491
B0934314207305N00149444EA0142401491
B0934324207305N00149444EA0142401490
B0934334207305N00149444EA0142401490
B0934344207305N00149444EA0142401490
B0934354207305N00149444EA0142401490
B0934364207305N00149444EA0142401490
B0934374207305N00149444EA0142401490
B0934384207305N00149444EA0142401490
B0934394207305N00149444EA0142401490
B0934404207305N00149444EA0142401490
B0934414207305N00149444EA0142401490
B0934424207305N00149444EA0142401490
B0934434207305N00149444EA0142401490
B0934444207305N00149444EA0142501490
B0934454207305N00149444EA0142401490
B0934464207305N00149444EA0142401491
B0934474207305N00149444EA0142401491
B0934484207305N00149444EA0142401491
B0934494207305N00149444EA0142401491
B0934504207305N00149444EA0142401492
B0934514207305N00149444EA0142401492
B0934524207305N00149444EA0142401492
B0934534207305N00149444EA0142401493
B0934544207305N00149444EA0142401493
B0934554207305N00149444EA0142401493
B0934564207305N00149444EA0142401493
B0934574207305N00149445EA0142401494
B0934584207305N00149445EA0142401494
B0934594207305N00149445EA0142401494
B0935004207306N00149445EA0142401494
B0935014207306N00149445EA0142501494
B0935024207306N00149445EA0142401494
B0935034207306N00149445EA0142401495
B0935044207306N00149445EA0142401495
B0935054207306N00149445EA0142401495
B0935064207306N00149445EA0142401495
B0935074207306N00149445EA0142401495
B0935084207306N00149445EA0142401495
B0935094207306N00149445EA0142401495
B0935104207306N00149445EA0142401495
B0935114207306N00149445EA0142401496
B0935124207306N00149445EA0142401496
B0935134207306N00149446EA0142301496
B0935144207306N00149446EA0142401496
B0935154207306N00149446EA0142401496
B0935164207306N00149446EA0142401496
B0935174207306N00149446EA0142401496
B0935184207306N00149446EA0142401496
B0935194207306N00149446EA0142401496
B0935204207306N00149446EA0142401496
B0935214207305N00149446EA0142401496
B0935224207305N00149446EA0142401497
B0935234207305N00149446EA0142401496
B0935244207305N00149446EA0142501497
B0935254207305N00149446EA0142401496
B0935264207305N00149446EA0142401497
B0935274207305N00149446EA0142401497
B0935284207305N00149446EA0142401497
B0935294207305N00149446EA0142401497
B0935304207305N00149446EA0142401497
B0935314207305N00149446EA0142401497
B0935324207305N00149446EA0142301497
B0935334207305N00149446EA0142401497
B0935344207305N00149446EA0142401497
B0935354207305N00149446EA0142401497
B0935364207305N00149446EA0142401497
B0935374207305N00149446EA0142401497
B0935384207305N00149446EA0142401497
B0935394207305N00149446EA0142301497
B0935404207305N00149446EA0142301497
B0935414207305N00149446EA0142401497
B0935424207305N00149446EA0142401497
B0935434207305N00149445EA0142401497
B0935444207305N00149445EA0142301496
B0935454207305N00149445EA0142401496
B0935464207305N00149445EA0142401496
B0935474207305N00149445EA0142401496
B0935484207305N00149445EA0142401496
B0935494207305N00149445EA0142301496
B0935504207305N00149445EA0142401496
B0935514207305N00149445EA0142401496
B0935524207305N00149445EA0142401496
B0935534207305N00149445EA0142401496
B0935544207305N00149445EA0142401495
B0935554207305N00149445EA0142401495
B0935564207305N00149445EA0142401495
B0935574207305N00149444EA0142401495
B0935584207305N00149444EA0142401494
B0935594207305N00149444EA0142401494
B0936004207305N00149444EA0142401494
B0936014207305N00149444EA0142401494
B0936024207305N00149444EA0142401494
B0936034207305N00149444EA0142401494
B0936044207305N00149444EA0142401494
B0936054207305N00149444EA0142401494
B0936064207305N00149444EA0142401494
B0936074207305N00149444EA0142401494
B0936084207305N00149444EA0142401494
B0936094207305N00149444EA0142401494
B0936104207305N00149444EA0142401493
B0936114207305N00149444EA0142401493
B0936124207305N00149444EA0142301493
B0936134207305N00149444EA0142301493
B0936144207305N00149444EA0142401493
B0936154207305N00149444EA0142401493
B0936164207305N00149444EA0142401493
B0936174207305N00149444EA0142401493
B0936184207305N00149444EA0142401493
B0936194207305N00149444EA0142401493
B0936204207305N00149444EA0142401493
B0936214207305N00149444EA0142401493
B0936224207305N00149444EA0142401493
B0936234207305N00149444EA0142401493
B0936244207305N00149444EA0142401493
B0936254207305N00149444EA0142401493
B0936264207305N00149444EA0142401493
B0936274207305N00149444EA0142301493
B0936284207305N00149444EA0142301493
B0936294207305N00149444EA0142301493
B0936304207305N00149444EA0142401493
B0936314207305N00149444EA0142301493
B0936324207305N00149444EA0142301493
B0936334207305N00149444EA0142401493
B0936344207305N00149444EA0142401493
B0936354207305N00149444EA0142301493
B0936364207305N00149444EA0142401494
B0936374207305N00149444EA0142401494
B0936384207305N00149444EA0142301494
B0936394207305N00149444EA0142401494
B0936404207305N00149444EA0142401494
B0936414207305N00149444EA0142401494
B0936424207305N00149444EA0142401494
B0936434207305N00149444EA0142401494
B0936444207305N00149444EA0142401494
B0936454207305N00149444EA0142401494
B0936464207305N00149443EA0142401493
B0936474207305N00149443EA0142401493
B0936484207305N00149443EA0142401493
B0936494207305N00149443EA0142401493
B0936504207305N00149443EA0142401493
B0936514207305N00149443EA0142401493
B0936524207305N00149443EA0142401493
B0936534207305N00149443EA0142401493
B0936544207305N00149443EA0142401493
B0936554207305N00149443EA0142401493
B0936564207305N00149443EA0142401493
B0936574207305N00149443EA0142401493
B0936584207305N00149443EA0142401493
B0936594207305N00149442EA0142301492
B0937004207305N00149442EA0142401492
B0937014207305N00149442EA0142401492
B0937024207305N00149442EA0142401492
B0937034207305N00149442EA0142401492
B0937044207305N00149442EA0142401492
B0937054207305N00149442EA0142301492
B0937064207305N00149442EA0142401492
B0937074207305N00149442EA0142301492
B0937084207305N00149442EA0142401492
B0937094207305N00149441EA0142401492
B0937104207305N00149441EA0142301491
B0937114207305N00149441EA0142401491
B0937124207305N00149441EA0142401491
B0937134207305N00149441EA0142401491
B0937144207305N00149441EA0142401491
B0937154207305N00149441EA0142401491
B0937164207305N00149441EA0142401491
B0937174207305N00149441EA0142401491
B0937184207305N00149441EA0142301491
B0937194207305N00149441EA0142401491
B0937204207305N00149441EA0142401491
B0937214207305N00149441EA0142401491
B0937224207305N00149441EA0142401491
B0937234207305N00149441EA0142401491
B0937244207305N00149440EA0142401491
B0937254207305N00149441EA0142401491
B0937264207305N00149441EA0142301491
B0937274207305N00149441EA0142401491
B0937284207305N00149440EA0142401491
B0937294207305N00149440EA0142301491
B0937304207306N00149440EA0142401491
B0937314207306N00149440EA0142401491
B0937324207306N00149440EA0142401491
B0937334207306N00149440EA0142401491
B0937344207306N00149440EA0142401491
B0937354207305N00149440EA0142401491
B0937364207305N00149441EA0142301491
B0937374207305N00149441EA0142301491
B0937384207306N00149440EA0142401491
B0937394207306N00149440EA0142301491
B0937404207306N00149440EA0142401491
B0937414207306N00149440EA0142401491
B0937424207306N00149440EA0142401491
B0937434207306N00149440EA0142401491
B0937444207306N00149440EA0142401491
B0937454207306N00149440EA0142401491
B0937464207306N00149440EA0142401491
B0937474207306N00149440EA0142401491
B0937484207306N00149439EA0142401491
B0937494207306N00149439EA0142401491
B0937504207306N00149439EA0142401490
B0937514207306N00149439EA0142401490
B0937524207306N00149439EA0142301490
B0937534207306N00149439EA0142301490
B0937544207306N00149439EA0142301490
B0937554207306N00149439EA0142401490
B0937564207306N00149439EA0142401489
B0937574207306N00149438EA0142401489
B0937584207306N00149438EA0142401489
B0937594207306N00149438EA0142401489
B0938004207306N00149439EA0142301488
B0938014207306N00149439EA0142301489
B0938024207306N00149440EA0142401489
B0938034207306N00149440EA0142401489
B0938044207306N00149440EA0142401489
B0938054207306N00149440EA0142301489
B0938064207306N00149440EA0142301489
B0938074207306N00149440EA0142301489
B0938084207305N00149440EA0142401490
B0938094207305N00149441EA0142401490
B0938104207305N00149441EA0142301490
B0938114207305N00149441EA0142401490
B0938124207305N00149441EA0142301491
B0938134207305N00149441EA0142301491
B0938144207305N00149441EA0142301491
B0938154207305N00149441EA0142301491
B0938164207305N00149441EA0142301491
B0938174207305N00149441EA0142301491
B0938184207305N00149441EA0142301491
B0938194207305N00149441EA0142301491
B0938204207305N00149441EA0142301491
B0938214207305N00149441EA0142301491
B0938224207305N00149441EA0142301492
B0938234207305N00149441EA0142401491
B0938244207305N00149441EA0142301491
B0938254207305N00149441EA0142301492
B0938264207305N00149441EA0142301492
B0938274207305N00149441EA0142401491
B0938284207305N00149441EA0142301491
B0938294207305N00149441EA0142301491
B0938304207305N00149441EA0142301491
B0938314207305N00149441EA0142301491
B0938324207306N00149441EA0142301491
B0938334207306N00149441EA0142301491
B0938344207306N00149441EA0142401491
B0938354207306N00149441EA0142401491
B0938364207306N00149441EA0142301491
B0938374207306N00149441EA0142401491
B0938384207306N00149441EA0142301491
B0938394207306N00149440EA0142401491
B0938404207306N00149440EA0142301491
B0938414207306N00149441EA0142401491
B0938424207306N00149440EA0142401490
B0938434207306N00149440EA0142301490
B0938444207306N00149440EA0142401490
B0938454207306N00149441EA0142401490
B0938464207306N00149440EA0142401490
B0938474207306N00149440EA0142401490
B0938484207306N00149440EA0142301490
B0938494207306N00149440EA0142301490
B0938504207306N00149440EA0142401490
B0938514207306N00149441EA0142401490
B0938524207306N00149441EA0142301490
B0938534207306N00149441EA0142301490
B0938544207306N00149441EA0142301490
B0938554207306N00149441EA0142401490
B0938564207306N00149441EA0142301490
B0938574207306N00149441EA0142301490
B0938584207306N00149441EA0142301490
B0938594207306N00149441EA0142301490
B0939004207306N00149441EA0142301490
B0939014207306N00149441EA0142401490
B0939024207306N00149441EA0142401490
B0939034207306N00149441EA0142401490
B0939044207306N00149441EA0142401490
B0939054207306N00149441EA0142401490
B0939064207306N00149441EA0142301490
B0939074207306N00149441EA0142401490
B0939084207306N00149441EA0142401490
B0939094207306N00149441EA0142301490
B0939104207306N00149441EA0142301490
B0939114207306N00149441EA0142301490
B0939124207306N00149441EA0142301490
B0939134207306N00149441EA0142401490
B0939144207306N00149441EA0142401490
B0939154207306N00149441EA0142301490
B0939164207306N00149442EA0142301490
B0939174207306N00149442EA0142401490
B0939184207306N00149442EA0142401490
B0939194207306N00149442EA0142401490
B0939204207306N00149442EA0142401489
B0939214207306N00149442EA0142401489
B0939224207306N00149442EA0142401489
B0939234207306N00149442EA0142401489
B0939244207306N00149442EA0142401489
B0939254207306N00149442EA0142401489
B0939264207306N00149442EA0142401489
B0939274207306N00149442EA0142401489
B0939284207306N00149442EA0142401489
B0939294207306N00149442EA0142401489
B0939304207306N00149442EA0142301489
B0939314207306N00149442EA0142301489
B0939324207306N00149442EA0142301489
B0939334207306N00149442EA0142401489
B0939344207306N00149442EA0142301489
B0939354207306N00149443EA0142301490
B0939364207306N00149442EA0142301490
B0939374207306N00149442EA0142401489
B0939384207306N00149442EA0142301490
B0939394207306N00149443EA0142301490
B0939404207306N00149443EA0142301490
B0939414207306N00149443EA0142301490
B0939424207306N00149443EA0142301490
B0939434207306N00149443EA0142301490
B0939444207306N00149443EA0142301490
B0939454207306N00149443EA0142301490
B0939464207306N00149443EA0142301490
B0939474207306N00149443EA0142301490
B0939484207305N00149443EA0142301490
B0939494207305N00149443EA0142301490
B0939504207305N00149443EA0142301490
B0939514207305N00149443EA0142301490
B0939524207305N00149443EA0142301490
B0939534207305N00149444EA0142301490
B0939544207305N00149444EA0142301490
B0939554207305N00149444EA0142301490
B0939564207305N00149444EA0142301490
B0939574207305N00149444EA0142301490
B0939584207306N00149444EA0142301490
B0939594207306N00149444EA0142301490
B0940004207306N00149444EA0142301490
B0940014207306N00149444EA0142301490
B0940024207306N00149444EA0142301490
B0940034207306N00149444EA0142301490
B0940044207306N00149444EA0142301490
B0940054207306N00149444EA0142301490
B0940064207306N00149444EA0142301490
B0940074207306N00149444EA0142401490
B0940084207306N00149444EA0142301490
B0940094207306N00149444EA0142301490
B0940104207306N00149444EA0142301490
B0940114207306N00149444EA0142301490
B0940124207306N00149444EA0142301490
B0940134207306N00149444EA0142301490
B0940144207306N00149444EA0142301490
B0940154207306N00149444EA0142301490
B0940164207306N00149444EA0142301490
B0940174207306N00149444EA0142301490
B0940184207306N00149444EA0142301490
B0940194207306N00149444EA0142301490
B0940204207306N00149444EA0142301490
B0940214207306N00149444EA0142401490
B0940224207306N00149444EA0142301490
B0940234207306N00149444EA0142301490
B0940244207306N00149444EA0142401490
B0940254207306N00149444EA0142301490
B0940264207306N00149444EA0142401490
B0940274207306N00149444EA0142401490
B0940284207306N00149444EA0142401490
B0940294207306N00149444EA0142401491
B0940304207306N00149444EA0142301491
B0940314207306N00149444EA0142301491
B0940324207306N00149444EA0142301491
B0940334207306N00149444EA0142301491
B0940344207306N00149444EA0142401491
B0940354207306N00149444EA0142301491
B0940364207306N00149444EA0142301491
B0940374207306N00149444EA0142301491
B0940384207306N00149444EA0142301491
B0940394207306N00149444EA0142301491
B0940404207306N00149444EA0142301491
B0940414207306N00149444EA0142301491
B0940424207306N00149444EA0142301491
B0940434207306N00149444EA0142301491
B0940444207306N00149445EA0142301491
B0940454207306N00149444EA0142301491
B0940464207306N00149444EA0142301491
B0940474207306N00149444EA0142301491
B0940484207306N00149444EA0142301491
B0940494207306N00149444EA0142401490
B0940504207306N00149444EA0142301491
B0940514207306N00149445EA0142301491
B0940524207306N00149445EA0142401491
B0940534207306N00149445EA0142301491
B0940544207306N00149444EA0142301491
B0940554207306N00149444EA0142301491
B0940564207306N00149444EA0142301491
B0940574207306N00149444EA0142401490
B0940584207306N00149444EA0142301490
B0940594207306N00149444EA0142301490
B0941004207306N00149444EA0142301490
B0941014207306N00149444EA0142401490
B0941024207306N00149444EA0142401490
B0941034207306N00149444EA0142301490
B0941044207306N00149444EA0142301490
B0941054207306N00149444EA0142401490
B0941064207306N00149444EA0142401490
B0941074207306N00149444EA0142301491
B0941084207306N00149444EA0142301491
B0941094207306N00149444EA0142301491
B0941104207306N00149444EA0142301491
B0941114207306N00149444EA0142301492
B0941124207306N00149444EA0142301492
B0941134207306N00149444EA0142301492
B0941144207306N00149444EA0142301492
B0941154207306N00149444EA0142401493
B0941164207306N00149444EA0142301493
B0941174207306N00149444EA0142301493
B0941184207306N00149444EA0142301493
B0941194207306N00149444EA0142301493
B0941204207306N00149444EA0142301493
B0941214207305N00149444EA0142301493
B0941224207305N00149444EA0142301494
B0941234207305N00149444EA0142301494
B0941244207305N00149445EA0142301494
B0941254207305N00149445EA0142301494
B0941264207305N00149445EA0142301494
B0941274207305N00149445EA0142301494
B0941284207305N00149445EA0142301494
B0941294207305N00149445EA0142301494
B0941304207305N00149445EA0142301494
B0941314207305N00149445EA0142301494
B0941324207305N00149445EA0142301495
B0941334207305N00149445EA0142301495
B0941344207305N00149445EA0142301495
B0941354207305N00149445EA0142301495
B0941364207305N00149446EA0142301495
B0941374207305N00149446EA0142301495
B0941384207305N00149446EA0142401495
B0941394207305N00149446EA0142301495
B0941404207305N00149446EA0142401495
B0941414207305N00149446EA0142301495
B0941424207305N00149446EA0142401495
B0941434207305N00149446EA0142301495
B0941444207305N00149446EA0142301495
B0941454207305N00149446EA0142301495
B0941464207305N00149446EA0142401494
B0941474207305N00149446EA0142301494
B0941484207305N00149445EA0142301494
B0941494207305N00149445EA0142401494
B0941504207305N00149445EA0142301493
B0941514207305N00149444EA0142301493
B0941524207305N00149444EA0142301493
B0941534207305N00149443EA0142301493
B0941544207305N00149442EA0142401493
B0941554207305N00149442EA0142401493
B0941564207305N00149441EA0142401493
B0941574207305N00149440EA0142401493
B0941584207305N00149440EA0142301493
B0941594207305N00149439EA0142301493
B0942004207305N00149438EA0142401493
B0942014207305N00149438EA0142301494
B0942024207305N00149437EA0142401493
B0942034207305N00149437EA0142401493
B0942044207305N00149436EA0142301494
B0942054207305N00149436EA0142301494
B0942064207305N00149435EA0142301494
B0942074207305N00149434EA0142301495
B0942084207305N00149434EA0142301496
B0942094207304N00149433EA0142301496
B0942104207304N00149433EA0142301496
B0942114207303N00149433EA0142401496
B0942124207303N00149433EA0142301495
B0942134207303N00149433EA0142301496
B0942144207302N00149432EA0142301495
B0942154207302N00149433EA0142301494
B0942164207302N00149433EA0142301494
B0942174207301N00149433EA0142401494
B0942184207301N00149433EA0142301494
B0942194207300N00149433EA0142301493
B0942204207300N00149433EA0142401493
B0942214207300N00149433EA0142301492
B0942224207300N00149433EA0142301492
B0942234207300N00149433EA0142301492
B0942244207300N00149433EA0142301492
B0942254207300N00149433EA0142201492
B0942264207300N00149433EA0142301493
B0942274207300N00149432EA0142201493
B0942284207300N00149432EA0142201493
B0942294207300N00149432EA0142301493
B0942304207300N00149432EA0142301494
B0942314207300N00149432EA0142201494
B0942324207300N00149432EA0142301494
B0942334207300N00149432EA0142301494
B0942344207300N00149431EA0142301494
B0942354207299N00149431EA0142301494
B0942364207299N00149431EA0142201494
B0942374207300N00149431EA0142301494
B0942384207300N00149431EA0142201494
B0942394207300N00149431EA0142301494
B0942404207300N00149431EA0142301495
B0942414207300N00149430EA0142201495
B0942424207299N00149431EA0142201495
B0942434207300N00149431EA0142301496
B0942444207300N00149432EA0142201495
B0942454207300N00149432EA0142301494
B0942464207300N00149432EA0142301495
B0942474207300N00149432EA0142201495
B0942484207300N00149432EA0142201496
B0942494207300N00149432EA0142301496
B0942504207300N00149432EA0142201496
B0942514207300N00149432EA0142201496
B0942524207300N00149432EA0142201496
B0942534207300N00149432EA0142201496
B0942544207300N00149431EA0142201495
B0942554207300N00149431EA0142201495
B0942564207300N00149431EA0142201495
B0942574207300N00149431EA0142201495
B0942584207300N00149431EA0142201494
B0942594207300N00149431EA0142201494
B0943004207300N00149431EA0142201494
B0943014207300N00149431EA0142201494
B0943024207300N00149431EA0142201494
B0943034207300N00149431EA0142301494
B0943044207300N00149431EA0142301493
B0943054207300N00149431EA0142301494
B0943064207300N00149431EA0142201494
B0943074207300N00149430EA0142301494
B0943084207300N00149430EA0142301493
B0943094207300N00149430EA0142301493
B0943104207300N00149430EA0142201494
B0943114207300N00149430EA0142201494
B0943124207300N00149430EA0142201494
B0943134207299N00149430EA0142301494
B0943144207299N00149430EA0142301495
B0943154207299N00149430EA0142201495
B0943164207299N00149429EA0142301495
B0943174207299N00149429EA0142301496
B0943184207299N00149429EA0142301496
B0943194207299N00149429EA0142301496
B0943204207299N00149429EA0142301496
B0943214207299N00149429EA0142301496
B0943224207299N00149429EA0142301496
B0943234207299N00149429EA0142301496
B0943244207299N00149428EA0142301497
B0943254207299N00149428EA0142301497
B0943264207298N00149428EA0142301497
B0943274207298N00149428EA0142301497
B0943284207298N00149428EA0142301497
B0943294207298N00149428EA0142301497
B0943304207298N00149428EA0142301496
B0943314207298N00149428EA0142301496
B0943324207298N00149428EA0142301496
B0943334207298N00149428EA0142301496
B0943344207298N00149428EA0142301496
B0943354207298N00149428EA0142201496
B0943364207298N00149428EA0142301495
B0943374207298N00149428EA0142301495
B0943384207298N00149429EA0142301495
B0943394207298N00149429EA0142301495
B0943404207298N00149428EA0142301495
B0943414207298N00149428EA0142301495
B0943424207298N00149428EA0142301495
B0943434207298N00149428EA0142301495
B0943444207298N00149428EA0142301495
B0943454207298N00149428EA0142301495
B0943464207298N00149428EA0142301495
B0943474207298N00149428EA0142301495
B0943484207298N00149428EA0142301495
B0943494207298N00149428EA0142301495
B0943504207298N00149428EA0142301495
B0943514207298N00149428EA0142301495
B0943524207298N00149428EA0142301495
B0943534207298N00149428EA0142201495
B0943544207298N00149428EA0142301496
B0943554207298N00149428EA0142301496
B0943564207298N00149428EA0142301496
B0943574207298N00149428EA0142201496
B0943584207298N00149428EA0142301496
B0943594207298N00149428EA0142301496
B0944004207298N00149428EA0142301496
B0944014207298N00149428EA0142301496
B0944024207298N00149428EA0142301496
B0944034207298N00149428EA0142301495
B0944044207298N00149428EA0142301495
B0944054207298N00149428EA0142301496
B0944064207298N00149428EA0142301496
B0944074207298N00149428EA0142301496
B0944084207298N00149428EA0142301495
B0944094207298N00149428EA0142301495
B0944104207298N00149428EA0142201495
B0944114207298N00149428EA0142201495
B0944124207298N00149428EA0142201495
B0944134207297N00149428EA0142201495
B0944144207297N00149429EA0142201496
B0944154207297N00149429EA0142201495
B0944164207297N00149430EA0142201495
B0944174207296N00149430EA0142201495
B0944184207296N00149431EA0142201495
B0944194207295N00149431EA0142201494
B0944204207295N00149431EA0142201494
B0944214207295N00149431EA0142101495
B0944224207295N00149432EA0142201495
B0944234207295N00149432EA0142201494
B0944244207295N00149431EA0142201494
B0944254207294N00149432EA0142101494
B0944264207294N00149432EA0142101495
B0944274207295N00149432EA0142201495
B0944284207295N00149432EA0142101495
B0944294207294N00149433EA0142101494
B0944304207294N00149433EA0142201495
B0944314207294N00149433EA0142101495
B0944324207295N00149433EA0142101496
B0944334207295N00149433EA0142201496
B0944344207295N00149432EA0142101497
B0944354207295N00149433EA0142101499
B0944364207295N00149434EA0142101499
B0944374207295N00149435EA0142101497
B0944384207295N00149437EA0142201497
B0944394207295N00149438EA0142201498
B0944404207295N00149438EA0142201498
B0944414207295N00149438EA0142201498
B0944424207295N00149439EA0142101498
B0944434207294N00149440EA0142201498
B0944444207294N00149440EA0142201498
B0944454207294N00149441EA0142101497
B0944464207294N00149441EA0142201497
B0944474207294N00149441EA0142201497
B0944484207294N00149441EA0142101496
B0944494207294N00149441EA0142101497
B0944504207294N00149441EA0142201498
B0944514207294N00149441EA0142201498
B0944524207294N00149442EA0142101498
B0944534207294N00149442EA0142201498
B0944544207294N00149442EA0142201498
B0944554207294N00149442EA0142201498
B0944564207294N00149442EA0142201497
B0944574207295N00149443EA0142201497
B0944584207295N00149443EA0142201496
B0944594207294N00149443EA0142101496
B0945004207295N00149443EA0142201496
B0945014207295N00149443EA0142201496
B0945024207295N00149443EA0142101496
B0945034207295N00149444EA0142201496
B0945044207295N00149444EA0142201495
B0945054207295N00149444EA0142101495
B0945064207295N00149443EA0142201495
B0945074207296N00149443EA0142201495
B0945084207296N00149442EA0142201496
B0945094207297N00149442EA0142201496
B0945104207297N00149442EA0142101496
B0945114207297N00149442EA0142101496
B0945124207297N00149441EA0142201496
B0945134207297N00149441EA0142201496
B0945144207297N00149440EA0142201497
B0945154207298N00149440EA0142201497
B0945164207298N00149440EA0142201497
B0945174207298N00149441EA0142201497
B0945184207297N00149441EA0142101498
B0945194207297N00149442EA0142201498
B0945204207297N00149442EA0142201498
B0945214207296N00149442EA0142101498
B0945224207296N00149442EA0142201497
B0945234207296N00149443EA0142101497
B0945244207295N00149443EA0142201497
B0945254207295N00149443EA0142101497
B0945264207295N00149443EA0142201497
B0945274207294N00149443EA0142101496
B0945284207294N00149443EA0142101496
B0945294207294N00149443EA0142101496
B0945304207294N00149443EA0142101496
B0945314207294N00149443EA0142201496
B0945324207294N00149443EA0142201496
B0945334207294N00149443EA0142201496
B0945344207294N00149443EA0142201496
B0945354207294N00149443EA0142201496
B0945364207294N00149443EA0142101496
B0945374207294N00149443EA0142101496
B0945384207294N00149443EA0142201496
B0945394207294N00149443EA0142101496
B0945404207294N00149443EA0142101496
B0945414207294N00149443EA0142101496
B0945424207294N00149443EA0142101496
B0945434207294N00149443EA0142201496
B0945444207294N00149443EA0142101496
B0945454207294N00149443EA0142101496
B0945464207294N00149443EA0142101497
B0945474207294N00149443EA0142101497
B0945484207294N00149443EA0142101497
B0945494207294N00149443EA0142201497
B0945504207294N00149443EA0142101497
B0945514207294N00149444EA0142101497
B0945524207294N00149444EA0142101496
B0945534207294N00149443EA0142101497
B0945544207294N00149444EA0142101497
B0945554207294N00149444EA0142101496
B0945564207294N00149444EA0142101496
B0945574207294N00149444EA0142101496
B0945584207294N00149444EA0142201496
B0945594207295N00149445EA0142101496
B0946004207295N00149444EA0142101496
B0946014207295N00149445EA0142101496
B0946024207295N00149445EA0142201495
B0946034207295N00149445EA0142101495
B0946044207295N00149445EA0142101495
B0946054207295N00149445EA0142101495
B0946064207295N00149445EA0142101495
B0946074207295N00149445EA0142101495
B0946084207295N00149445EA0142101495
B0946094207295N00149445EA0142101495
B0946104207295N00149445EA0142101495
B0946114207296N00149446EA0142101494
B0946124207296N00149446EA0142101494
B0946134207296N00149446EA0142101494
B0946144207296N00149446EA0142101494
B0946154207296N00149445EA0142101494
B0946164207296N00149445EA0142101494
B0946174207296N00149445EA0142101494
B0946184207296N00149445EA0142101494
B0946194207296N00149445EA0142101493
B0946204207296N00149445EA0142101494
B0946214207296N00149445EA0142101494
B0946224207296N00149445EA0142201494
B0946234207296N00149444EA0142101494
B0946244207296N00149444EA0142101494
B0946254207296N00149444EA0142101494
B0946264207296N00149444EA0142201494
B0946274207296N00149444EA0142201494
B0946284207296N00149444EA0142201494
B0946294207296N00149444EA0142101494
B0946304207296N00149444EA0142201494
B0946314207296N00149443EA0142201493
B0946324207296N00149443EA0142101493
B0946334207296N00149443EA0142101493
B0946344207296N00149443EA0142201493
B0946354207296N00149443EA0142101492
B0946364207296N00149443EA0142201493
B0946374207296N00149443EA0142201493
B0946384207296N00149443EA0142101492
B0946394207296N00149443EA0142101492
B0946404207296N00149443EA0142101492
B0946414207296N00149443EA0142101492
B0946424207296N00149443EA0142201491
B0946434207296N00149443EA0142101491
B0946444207296N00149443EA0142101492
B0946454207296N00149443EA0142101491
B0946464207296N00149443EA0142101492
B0946474207296N00149444EA0142201492
B0946484207296N00149444EA0142101491
B0946494207296N00149444EA0142101491
B0946504207296N00149443EA0142101491
B0946514207296N00149444EA0142101492
B0946524207295N00149444EA0142101493
B0946534207295N00149444EA0142201494
B0946544207296N00149444EA0142201495
B0946554207296N00149444EA0142101495
B0946564207296N00149444EA0142101495
B0946574207296N00149444EA0142101495
B0946584207296N00149444EA0142101494
B0946594207296N00149444EA0142101494
B0947004207297N00149444EA0142201494
B0947014207297N00149444EA0142101494
B0947024207297N00149444EA0142201494
B0947034207297N00149444EA0142101494
B0947044207297N00149444EA0142101495
B0947054207297N00149444EA0142101495
B0947064207297N00149444EA0142101495
B0947074207297N00149444EA0142201494
B0947084207297N00149445EA0142101494
B0947094207297N00149445EA0142101493
B0947104207297N00149446EA0142101493
B0947114207297N00149446EA0142001493
B0947124207297N00149446EA0142101493
B0947134207297N00149447EA0142101491
B0947144207297N00149447EA0142101491
B0947154207297N00149447EA0142101490
B0947164207297N00149447EA0142201493
B0947174207297N00149447EA0142101493
B0947184207297N00149447EA0142101493
B0947194207297N00149447EA0142101493
B0947204207297N00149447EA0142101493
B0947214207297N00149447EA0142101494
B0947224207297N00149447EA0142101494
B0947234207297N00149447EA0142101495
B0947244207297N00149447EA0142101495
B0947254207296N00149447EA0142101495
B0947264207296N00149447EA0142101495
B0947274207296N00149447EA0142101494
B0947284207297N00149448EA0142101494
B0947294207297N00149448EA0142101494
B0947304207297N00149448EA0142101495
B0947314207296N00149447EA0142101495
B0947324207296N00149446EA0142101496
B0947334207296N00149445EA0142101497
B0947344207296N00149445EA0142101498
B0947354207296N00149444EA0142101498
B0947364207296N00149444EA0142101499
B0947374207296N00149444EA0142101500
B0947384207296N00149444EA0142101500
B0947394207296N00149444EA0142101502
B0947404207296N00149444EA0142101503
B0947414207296N00149444EA0142101503
B0947424207296N00149444EA0142101504
B0947434207296N00149444EA0142101504
B0947444207296N00149444EA0142101505
B0947454207296N00149443EA0142101505
B0947464207296N00149443EA0142101504
B0947474207296N00149443EA0142001505
B0947484207296N00149443EA0142101505
B0947494207296N00149443EA0142001506
B0947504207296N00149443EA0142101506
B0947514207296N00149443EA0142101506
B0947524207296N00149443EA0142101505
B0947534207296N00149443EA0142101505
B0947544207296N00149443EA0142101505
B0947554207296N00149443EA0142001505
B0947564207296N00149443EA0142101505
B0947574207296N00149443EA0142101505
B0947584207296N00149443EA0142101505
B0947594207296N00149443EA0142101505
B0948004207295N00149444EA0142101504
B0948014207295N00149444EA0142001505
B0948024207295N00149444EA0142101504
B0948034207296N00149443EA0142001504
B0948044207296N00149443EA0142201505
B0948054207296N00149443EA0142101505
B0948064207296N00149443EA0142001504
B0948074207295N00149444EA0142001504
B0948084207295N00149444EA0142001504
B0948094207295N00149444EA0142101505
B0948104207295N00149443EA0142101505
B0948114207296N00149443EA0142201505
B0948124207295N00149443EA0142201506
B0948134207295N00149443EA0142101505
B0948144207295N00149442EA0142201505
B0948154207295N00149442EA0142101505
B0948164207295N00149442EA0142101505
B0948174207295N00149442EA0142101506
B0948184207295N00149442EA0142101505
B0948194207295N00149442EA0142101505
B0948204207295N00149442EA0142101504
B0948214207296N00149441EA0142101504
B0948224207296N00149441EA0142101504
B0948234207296N00149441EA0142101503
B0948244207296N00149441EA0142201504
B0948254207296N00149441EA0142101503
B0948264207296N00149441EA0142201503
B0948274207296N00149441EA0142101503
B0948284207296N00149441EA0142101503
B0948294207296N00149440EA0142101503
B0948304207296N00149440EA0142201504
B0948314207296N00149440EA0142101504
B0948324207296N00149440EA0142101505
B0948334207296N00149440EA0142101505
B0948344207296N00149440EA0142101506
B0948354207296N00149440EA0142101506
B0948364207296N00149440EA0142101506
B0948374207296N00149440EA0142101506
B0948384207296N00149440EA0142101506
B0948394207296N00149440EA0142101505
B0948404207296N00149440EA0142101505
B0948414207296N00149440EA0142101504
B0948424207296N00149441EA0142101504
B0948434207296N00149440EA0142101503
B0948444207296N00149440EA0142101503
B0948454207296N00149441EA0142101502
B0948464207296N00149441EA0142101502
B0948474207296N00149440EA0142101502
B0948484207296N00149440EA0142101501
B0948494207296N00149440EA0142101501
B0948504207296N00149440EA0142101501
B0948514207296N00149441EA0142101500
B0948524207296N00149441EA0142101500
B0948534207296N00149442EA0142101500
B0948544207296N00149442EA0142101500
B0948554207296N00149441EA0142101500
B0948564207295N00149441EA0142101499
B0948574207295N00149441EA0142101499
B0948584207295N00149441EA0142101499
B0948594207295N00149441EA0142101498
B0949004207295N00149442EA0142101498
B0949014207295N00149442EA0142101497
B0949024207295N00149442EA0142101498
B0949034207295N00149442EA0142101497
B0949044207296N00149441EA0142101496
B0949054207296N00149441EA0142101496
B0949064207296N00149441EA0142101496
B0949074207296N00149441EA0142101495
B0949084207296N00149441EA0142101495
B0949094207296N00149441EA0142201495
B0949104207296N00149441EA0142101495
B0949114207296N00149441EA0142101495
B0949124207296N00149441EA0142101496
B0949134207296N00149440EA0142101495
B0949144207296N00149440EA0142101496
B0949154207296N00149440EA0142101496
B0949164207296N00149441EA0142101495
B0949174207296N00149441EA0142101495
B0949184207296N00149441EA0142101494
B0949194207296N00149441EA0142101494
B0949204207296N00149441EA0142101494
B0949214207296N00149441EA0142101494
B0949224207296N00149441EA0142101493
B0949234207296N00149441EA0142101493
B0949244207296N00149441EA0142101493
B0949254207296N00149441EA0142101493
B0949264207296N00149441EA0142101493
B0949274207296N00149441EA0142101493
B0949284207296N00149441EA0142101493
B0949294207296N00149441EA0142101493
B0949304207296N00149441EA0142101494
B0949314207296N00149441EA0142101494
B0949324207296N00149442EA0142101494
B0949334207296N00149442EA0142101494
B0949344207296N00149442EA0142101493
B0949354207296N00149442EA0142101493
B0949364207296N00149442EA0142101493
B0949374207296N00149441EA0142101493
B0949384207296N00149442EA0142101494
B0949394207296N00149442EA0142101494
B0949404207296N00149442EA0142101494
B0949414207296N00149442EA0142101495
B0949424207296N00149442EA0142101494
B0949434207296N00149442EA0142101494
B0949444207296N00149442EA0142201494
B0949454207296N00149442EA0142101494
B0949464207296N00149442EA0142101494
B0949474207296N00149442EA0142101494
B0949484207296N00149442EA0142101494
B0949494207296N00149442EA0142101495
B0949504207296N00149442EA0142101494
B0949514207296N00149442EA0142101494
B0949524207296N00149442EA0142101493
B0949534207296N00149442EA0142101493
B0949544207296N00149442EA0142101493
B0949554207296N00149442EA0142101493
B0949564207296N00149442EA0142101493
B0949574207296N00149442EA0142101493
B0949584207297N00149442EA0142101494
B0949594207296N00149442EA0142101494
B0950004207296N00149442EA0142101494
B0950014207296N00149442EA0142101494
B0950024207296N00149442EA0142101494
B0950034207297N00149442EA0142101495
B0950044207296N00149442EA0142101495
B0950054207297N00149442EA0142101496
B0950064207297N00149442EA0142101496
B0950074207297N00149441EA0142101496
B0950084207297N00149441EA0142101496
B0950094207298N00149441EA0142001496
B0950104207298N00149441EA0142201497
B0950114207297N00149441EA0142101497
B0950124207297N00149441EA0142101498
B0950134207298N00149441EA0142101498
B0950144207297N00149441EA0142101498
B0950154207297N00149441EA0142101498
B0950164207297N00149441EA0142101498
B0950174207297N00149441EA0142101498
B0950184207297N00149441EA0142101498
B0950194207297N00149441EA0142101497
B0950204207298N00149441EA0142101497
B0950214207297N00149441EA0142101497
B0950224207297N00149441EA0142201497
B0950234207297N00149441EA0142101497
B0950244207297N00149441EA0142101496
B0950254207296N00149441EA0142201496
B0950264207296N00149441EA0142101496
B0950274207296N00149441EA0142201496
B0950284207295N00149441EA0142101495
B0950294207295N00149441EA0142101495
B0950304207295N00149442EA0142201494
B0950314207295N00149442EA0142201494
B0950324207295N00149442EA0142201494
B0950334207295N00149442EA0142201494
B0950344207295N00149442EA0142101494
B0950354207295N00149443EA0142101493
B0950364207295N00149442EA0142101493
B0950374207295N00149442EA0142201494
B0950384207295N00149442EA0142101494
B0950394207295N00149442EA0142201494
B0950404207295N00149442EA0142101495
B0950414207295N00149442EA0142101495
B0950424207295N00149442EA0142101495
B0950434207295N00149442EA0142201495
B0950444207295N00149442EA0142101494
B0950454207295N00149442EA0142201494
B0950464207295N00149442EA0142201495
B0950474207295N00149442EA0142201495
B0950484207295N00149442EA0142201495
B0950494207294N00149441EA0142101495
B0950504207294N00149441EA0142201495
B0950514207294N00149441EA0142101494
B0950524207295N00149442EA0142101494
B0950534207295N00149441EA0142101494
B0950544207294N00149441EA0142201495
B0950554207294N00149442EA0142201495
B0950564207294N00149442EA0142101495
B0950574207294N00149442EA0142201496
B0950584207295N00149442EA0142201496
B0950594207295N00149442EA0142201495
B0951004207295N00149443EA0142201494
B0951014207295N00149443EA0142101494
B0951024207295N00149443EA0142201494
B0951034207295N00149444EA0142101494
B0951044207295N00149443EA0142101493
B0951054207295N00149444EA0142201494
B0951064207295N00149444EA0142101493
B0951074207296N00149444EA0142101492
B0951084207295N00149444EA0142201492
B0951094207296N00149444EA0142101492
B0951104207295N00149444EA0142201492
B0951114207295N00149444EA0142201493
B0951124207295N00149444EA0142101493
B0951134207295N00149444EA0142201493
B0951144207296N00149444EA0142201493
B0951154207296N00149444EA0142201493
B0951164207296N00149444EA0142101494
B0951174207296N00149444EA0142101494
B0951184207296N00149444EA0142201493
B0951194207295N00149443EA0142101493
B0951204207295N00149443EA0142101494
B0951214207295N00149443EA0142101494
B0951224207295N00149443EA0142201494
B0951234207296N00149443EA0142201494
B0951244207296N00149443EA0142101494
B0951254207296N00149443EA0142101494
B0951264207296N00149443EA0142201494
B0951274207296N00149443EA0142101495
B0951284207296N00149443EA0142101495
B0951294207295N00149443EA0142101496
B0951304207295N00149443EA0142101496
B0951314207295N00149443EA0142101497
B0951324207295N00149442EA0142101497
B0951334207295N00149442EA0142101497
B0951344207295N00149442EA0142101497
B0951354207295N00149442EA0142101497
B0951364207295N00149442EA0142101497
B0951374207295N00149442EA0142101496
B0951384207295N00149442EA0142101496
B0951394207295N00149442EA0142201497
B0951404207295N00149442EA0142201496
B0951414207295N00149442EA0142201496
B0951424207295N00149442EA0142101496
B0951434207295N00149442EA0142101496
B0951444207295N00149443EA0142101496
B0951454207295N00149443EA0142201496
B0951464207295N00149443EA0142201496
B0951474207295N00149443EA0142101495
B0951484207295N00149443EA0142101495
B0951494207295N00149443EA0142201495
B0951504207295N00149443EA0142201495
B0951514207295N00149443EA0142201495
B0951524207295N00149443EA0142201495
B0951534207295N00149443EA0142201495
B0951544207295N00149443EA0142101495
B0951554207295N00149443EA0142101495
B0951564207295N00149443EA0142101495
B0951574207295N00149443EA0142201496
B0951584207295N00149443EA0142201496
B0951594207295N00149443EA0142201496
B0952004207295N00149443EA0142201497
B0952014207295N00149442EA0142101497
B0952024207295N00149442EA0142101497
B0952034207295N00149442EA0142201497
B0952044207295N00149442EA0142101497
B0952054207295N00149441EA0142101497
B0952064207295N00149441EA0142101497
B0952074207295N00149441EA0142201497
B0952084207295N00149441EA0142101498
B0952094207295N00149441EA0142101498
B0952104207295N00149441EA0142101498
B0952114207295N00149442EA0142101498
B0952124207295N00149442EA0142101498
B0952134207296N00149442EA0142101498
B0952144207296N00149442EA0142101497
B0952154207296N00149442EA0142101497
B0952164207296N00149442EA0142101497
B0952174207295N00149442EA0142101497
B0952184207295N00149442EA0142001497
B0952194207295N00149442EA0142101497
B0952204207295N00149442EA0142101497
B0952214207295N00149442EA0142101497
B0952224207295N00149442EA0142101497
B0952234207295N00149442EA0142101497
B0952244207295N00149442EA0142101497
B0952254207295N00149442EA0142101497
B0952264207295N00149442EA0142101496
B0952274207295N00149442EA0142101496
B0952284207295N00149443EA0142101496
B0952294207295N00149443EA0142101496
B0952304207295N00149443EA0142101496
B0952314207295N00149443EA0142101496
B0952324207295N00149443EA0142101496
B0952334207295N00149443EA0142101495
B0952344207295N00149443EA0142101495
B0952354207295N00149444EA0142001495
B0952364207295N00149444EA0142101495
B0952374207295N00149444EA0142101495
B0952384207295N00149444EA0142101495
B0952394207295N00149444EA0142101495
B0952404207295N00149444EA0142101495
B0952414207295N00149444EA0142101495
B0952424207295N00149444EA0142101495
B0952434207295N00149444EA0142101495
B0952444207295N00149444EA0142101494
B0952454207295N00149444EA0142001494
B0952464207295N00149444EA0142101494
B0952474207295N00149444EA0142101493
B0952484207295N00149444EA0142101493
B0952494207295N00149444EA0142101492
B0952504207295N00149444EA0142101492
B0952514207295N00149444EA0142001492
B0952524207295N00149444EA0142101491
B0952534207295N00149444EA0142101491
B0952544207296N00149444EA0142101491
B0952554207296N00149444EA0142101491
B0952564207296N00149444EA0142101491
B0952574207296N00149444EA0142101492
B0952584207296N00149444EA0142101492
B0952594207296N00149444EA0142101492
B0953004207296N00149444EA0142101492
B0953014207296N00149445EA0142101491
B0953024207297N00149445EA0142101491
B0953034207297N00149445EA0142101490
B0953044207297N00149445EA0142001490
B0953054207297N00149445EA0142101489
B0953064207297N00149445EA0142101489
B0953074207297N00149445EA0142101489
B0953084207297N00149445EA0142101489
B0953094207297N00149445EA0142101489
B0953104207297N00149446EA0142101489
B0953114207297N00149445EA0142101488
B0953124207297N00149445EA0142101489
B0953134207297N00149445EA0142101489
B0953144207297N00149445EA0142001489
B0953154207297N00149445EA0142101489
B0953164207297N00149445EA0142101489
B0953174207297N00149444EA0142101490
B0953184207297N00149444EA0142101490
B0953194207297N00149444EA0142101491
B0953204207297N00149444EA0142101491
B0953214207297N00149443EA0142101491
B0953224207297N00149443EA0142101492
B0953234207297N00149443EA0142101492
B0953244207297N00149443EA0142101493
B0953254207297N00149443EA0142101492
B0953264207297N00149443EA0142101492
B0953274207297N00149443EA0142101492
B0953284207297N00149443EA0142101492
B0953294207297N00149443EA0142101493
B0953304207297N00149443EA0142101493
B0953314207297N00149443EA0142001493
B0953324207297N00149443EA0142101493
B0953334207297N00149443EA0142001493
B0953344207297N00149443EA0142101493
B0953354207297N00149443EA0142001494
B0953364207296N00149443EA0142101493
B0953374207296N00149444EA0142001493
B0953384207295N00149444EA0142101493
B0953394207295N00149444EA0142001493
B0953404207295N00149445EA0142101494
B0953414207294N00149445EA0142001495
B0953424207294N00149446EA0142001495
B0953434207294N00149447EA0142001495
B0953444207294N00149448EA0142001495
B0953454207293N00149448EA0142001494
B0953464207293N00149448EA0142001495
B0953474207293N00149449EA0142001496
B0953484207293N00149450EA0142001496
B0953494207293N00149449EA0141901496
B0953504207292N00149449EA0141901498
B0953514207292N00149450EA0141901499
B0953524207291N00149450EA0141801500
B0953534207291N00149452EA0141801500
B0953544207290N00149453EA0141801499
B0953554207290N00149454EA0141801498
B0953564207289N00149454EA0141701498
B0953574207289N00149455EA0141801498
B0953584207289N00149455EA0141701498
B0953594207288N00149456EA0141701498
B0954004207288N00149456EA0141701498
B0954014207288N00149456EA0141701498
B0954024207288N00149457EA0141701498
B0954034207288N00149458EA0141601497
B0954044207288N00149458EA0141601498
B0954054207288N00149458EA0141601498
B0954064207287N00149459EA0141501498
B0954074207287N00149459EA0141601498
B0954084207286N00149459EA0141501498
B0954094207286N00149459EA0141401498
B0954104207286N00149459EA0141401497
B0954114207286N00149459EA0141401497
B0954124207285N00149459EA0141301497
B0954134207285N00149460EA0141301496
B0954144207285N00149460EA0141301495
B0954154207284N00149460EA0141201494
B0954164207284N00149460EA0141201494
B0954174207284N00149460EA0141201494
B0954184207284N00149461EA0141101493
B0954194207284N00149461EA0141101492
B0954204207283N00149461EA0141101491
B0954214207283N00149461EA0141101491
B0954224207283N00149461EA0141101491
B0954234207282N00149462EA0141001490
B0954244207282N00149463EA0141001489
B0954254207282N00149464EA0141001489
B0954264207282N00149464EA0141001489
B0954274207282N00149465EA0140901488
B0954284207281N00149466EA0140901486
B0954294207282N00149466EA0141001486
B0954304207281N00149468EA0141001484
B0954314207281N00149468EA0141001485
B0954324207281N00149468EA0141001486
B0954334207280N00149467EA0140901486
B0954344207280N00149467EA0141001487
B0954354207279N00149466EA0140901486
B0954364207279N00149465EA0141001486
B0954374207278N00149465EA0141001487
B0954384207278N00149465EA0141001487
B0954394207278N00149465EA0141101487
B0954404207278N00149465EA0141001488
B0954414207278N00149464EA0140901487
B0954424207278N00149464EA0140901487
B0954434207278N00149463EA0140901487
B0954444207278N00149463EA0140901487
B0954454207278N00149463EA0140901487
B0954464207278N00149463EA0141001487
B0954474207278N00149463EA0140901486
B0954484207278N00149463EA0140901486
B0954494207278N00149463EA0140901486
B0954504207277N00149463EA0140901485
B0954514207277N00149464EA0140901484
B0954524207277N00149464EA0140901484
B0954534207277N00149463EA0140901484
B0954544207277N00149463EA0140901484
B0954554207278N00149463EA0140901483
B0954564207278N00149463EA0140901483
B0954574207279N00149464EA0141001484
B0954584207279N00149464EA0141001484
B0954594207279N00149464EA0141001484
B0955004207280N00149465EA0141001483
B0955014207280N00149465EA0141001483
B0955024207281N00149464EA0141101483
B0955034207281N00149465EA0141001484
B0955044207280N00149465EA0141001484
B0955054207280N00149465EA0141001484
B0955064207280N00149465EA0141101484
B0955074207280N00149464EA0141101485
B0955084207281N00149465EA0141101485
B0955094207281N00149464EA0141001485
B0955104207281N00149465EA0141001484
B0955114207281N00149465EA0141001484
B0955124207281N00149465EA0141001484
B0955134207281N00149465EA0141001484
B0955144207281N00149465EA0141101484
B0955154207281N00149465EA0141101484
B0955164207281N00149465EA0141001483
B0955174207281N00149465EA0141001484
B0955184207281N00149464EA0141101484
B0955194207281N00149464EA0141101484
B0955204207282N00149465EA0141001482
B0955214207282N00149464EA0141001481
B0955224207283N00149464EA0141101480
B0955234207283N00149464EA0141101480
B0955244207283N00149465EA0141101479
B0955254207283N00149465EA0141101479
B0955264207283N00149465EA0141001478
B0955274207283N00149465EA0141101478
B0955284207283N00149465EA0141101479
B0955294207283N00149465EA0141101478
B0955304207283N00149465EA0141101478
B0955314207283N00149466EA0141101478
B0955324207283N00149466EA0141101479
B0955334207283N00149466EA0141101479
B0955344207282N00149467EA0141101480
B0955354207282N00149467EA0141101480
B0955364207282N00149467EA0141101479
B0955374207283N00149467EA0141001479
B0955384207283N00149468EA0141101479
B0955394207283N00149468EA0141101479
B0955404207283N00149468EA0141101479
B0955414207283N00149468EA0141101478
B0955424207283N00149468EA0141101478
B0955434207283N00149468EA0141101478
B0955444207283N00149468EA0141101477
B0955454207283N00149468EA0141001478
B0955464207283N00149468EA0141101478
B0955474207283N00149468EA0141101478
B0955484207283N00149468EA0141101477
B0955494207283N00149468EA0141101478
B0955504207283N00149469EA0141101477
B0955514207283N00149469EA0141101476
B0955524207283N00149469EA0141101476
B0955534207283N00149470EA0141101476
B0955544207284N00149470EA0141101477
B0955554207284N00149470EA0141101476
B0955564207283N00149471EA0141101476
B0955574207283N00149471EA0141101477
B0955584207283N00149471EA0141101476
B0955594207284N00149471EA0141101477
B0956004207283N00149471EA0141101476
B0956014207283N00149471EA0141001476
B0956024207283N00149471EA0141001477
B0956034207283N00149471EA0141001478
B0956044207282N00149471EA0141101477
B0956054207282N00149471EA0141101478
B0956064207282N00149471EA0141101478
B0956074207282N00149471EA0141101478
B0956084207282N00149471EA0141101478
B0956094207282N00149472EA0141101477
B0956104207282N00149472EA0141101478
B0956114207282N00149472EA0141101479
B0956124207281N00149472EA0141001479
B0956134207281N00149472EA0141001480
B0956144207282N00149473EA0141101480
B0956154207282N00149473EA0141101481
B0956164207281N00149472EA0141101481
B0956174207281N00149473EA0141101481
B0956184207281N00149473EA0141001483
B0956194207282N00149473EA0141101483
B0956204207281N00149473EA0141101483
B0956214207281N00149473EA0141101483
B0956224207281N00149473EA0141101483
B0956234207282N00149473EA0141101484
B0956244207281N00149473EA0141001484
B0956254207282N00149473EA0141001484
B0956264207282N00149473EA0141001484
B0956274207282N00149473EA0141001484
B0956284207282N00149473EA0141001484
B0956294207282N00149473EA0141001484
B0956304207282N00149473EA0141101483
B0956314207282N00149473EA0141001483
B0956324207282N00149474EA0141101483
B0956334207282N00149474EA0141101483
B0956344207282N00149474EA0141001483
B0956354207281N00149474EA0141001483
B0956364207281N00149474EA0141001483
B0956374207281N00149474EA0141001484
B0956384207281N00149474EA0141001484
B0956394207281N00149474EA0141101484
B0956404207281N00149474EA0141001484
B0956414207281N00149474EA0141101483
B0956424207281N00149474EA0141101482
B0956434207281N00149474EA0141101482
B0956444207281N00149474EA0141101481
B0956454207281N00149473EA0141101481
B0956464207281N00149473EA0141001481
B0956474207281N00149472EA0141101481
B0956484207281N00149473EA0141101481
B0956494207282N00149472EA0141101481
B0956504207282N00149473EA0141101480
B0956514207282N00149473EA0141001479
B0956524207282N00149472EA0141001478
B0956534207282N00149472EA0141101478
B0956544207282N00149472EA0141001478
B0956554207281N00149472EA0141001477
B0956564207281N00149471EA0141001476
B0956574207280N00149471EA0140901476
B0956584207280N00149471EA0140801476
B0956594207279N00149470EA0140901476
B0957004207279N00149469EA0140801476
B0957014207279N00149468EA0140801475
B0957024207279N00149468EA0140901474
B0957034207278N00149468EA0140801474
B0957044207278N00149469EA0140901475
B0957054207278N00149468EA0140801477
B0957064207278N00149468EA0140901477
B0957074207277N00149468EA0140801477
B0957084207277N00149468EA0140801478
B0957094207277N00149469EA0140801478
B0957104207277N00149469EA0140801478
B0957114207277N00149469EA0140901478
B0957124207277N00149468EA0140801478
B0957134207277N00149468EA0140801478
B0957144207277N00149468EA0140901478
B0957154207277N00149468EA0140801479
B0957164207276N00149468EA0140801478
B0957174207276N00149469EA0140801479
B0957184207276N00149468EA0140801479
B0957194207276N00149468EA0140801480
B0957204207276N00149468EA0140801480
B0957214207276N00149468EA0140801480
B0957224207276N00149468EA0140901480
B0957234207276N00149468EA0140801480
B0957244207276N00149468EA0140901480
B0957254207276N00149468EA0140801481
B0957264207276N00149468EA0140801481
B0957274207276N00149468EA0140901481
B0957284207275N00149468EA0140901481
B0957294207276N00149468EA0140901481
B0957304207275N00149468EA0140801481
B0957314207275N00149468EA0140801481
B0957324207276N00149467EA0140801481
B0957334207276N00149467EA0140801482
B0957344207276N00149467EA0140801482
B0957354207276N00149466EA0140801481
B0957364207276N00149466EA0140801481
B0957374207276N00149466EA0140801481
B0957384207276N00149466EA0140801481
B0957394207276N00149466EA0140801481
B0957404207276N00149466EA0140801481
B0957414207276N00149466EA0140801481
B0957424207276N00149466EA0140801481
B0957434207276N00149466EA0140801481
B0957444207276N00149466EA0140801481
B0957454207276N00149466EA0140801481
B0957464207276N00149466EA0140801481
B0957474207276N00149466EA0140801481
B0957484207276N00149466EA0140901481
B0957494207276N00149465EA0140801481
B0957504207276N00149465EA0140801481
B0957514207276N00149465EA0140801481
B0957524207276N00149465EA0140801481
B0957534207276N00149465EA0140801481
B0957544207275N00149465EA0140801481
B0957554207275N00149465EA0140801481
B0957564207275N00149465EA0140801481
B0957574207275N00149465EA0140801481
B0957584207275N00149465EA0140801481
B0957594207275N00149465EA0140701480
B0958004207275N00149465EA0140801481
B0958014207275N00149465EA0140801481
B0958024207275N00149465EA0140701481
B0958034207275N00149465EA0140801481
B0958044207275N00149465EA0140701481
B0958054207274N00149465EA0140701481
B0958064207274N00149465EA0140701481
B0958074207274N00149465EA0140701481
B0958084207274N00149465EA0140801481
B0958094207275N00149465EA0140801482
B0958104207275N00149464EA0140901482
B0958114207275N00149464EA0140801481
B0958124207275N00149464EA0140801481
B0958134207275N00149464EA0140801481
B0958144207275N00149464EA0140801481
B0958154207275N00149464EA0140801481
B0958164207274N00149464EA0140801481
B0958174207275N00149464EA0140801481
B0958184207275N00149464EA0140801481
B0958194207274N00149464EA0140801481
B0958204207274N00149464EA0140801481
B0958214207274N00149464EA0140801481
B0958224207274N00149464EA0140701481
B0958234207274N00149465EA0140801481
B0958244207274N00149465EA0140701481
B0958254207274N00149465EA0140801481
B0958264207274N00149465EA0140701481
B0958274207274N00149465EA0140701481
B0958284207274N00149465EA0140701481
B0958294207274N00149465EA0140701481
B0958304207274N00149465EA0140701481
B0958314207273N00149466EA0140701481
B0958324207273N00149466EA0140701480
B0958334207273N00149466EA0140801481
B0958344207273N00149466EA0140701480
B0958354207273N00149466EA0140801480
B0958364207273N00149466EA0140701481
B0958374207273N00149466EA0140701480
B0958384207273N00149466EA0140701480
B0958394207273N00149466EA0140701481
B0958404207274N00149465EA0140701480
B0958414207274N00149465EA0140701479
B0958424207274N00149465EA0140701479
B0958434207274N00149465EA0140701479
B0958444207274N00149465EA0140701478
B0958454207274N00149465EA0140701478
B0958464207274N00149464EA0140701478
B0958474207274N00149464EA0140601478
B0958484207274N00149464EA0140701478
B0958494207274N00149464EA0140701478
B0958504207274N00149464EA0140701478
B0958514207274N00149464EA0140801478
B0958524207274N00149463EA0140701478
B0958534207274N00149463EA0140701478
B0958544207274N00149463EA0140701478
B0958554207274N00149463EA0140701478
B0958564207274N00149463EA0140701478
B0958574207274N00149463EA0140701478
B0958584207274N00149463EA0140701478
B0958594207274N00149463EA0140701478
B0959004207273N00149463EA0140801478
B0959014207273N00149464EA0140801478
B0959024207273N00149464EA0140701477
B0959034207273N00149464EA0140701477
B0959044207273N00149464EA0140701477
B0959054207273N00149464EA0140701477
B0959064207273N00149464EA0140801477
B0959074207273N00149464EA0140801477
B0959084207273N00149464EA0140701477
B0959094207273N00149464EA0140701476
B0959104207274N00149464EA0140701476
B0959114207274N00149464EA0140701476
B0959124207274N00149463EA0140701477
B0959134207274N00149463EA0140701477
B0959144207274N00149463EA0140701476
B0959154207274N00149463EA0140801476
B0959164207274N00149464EA0140801477
B0959174207274N00149464EA0140801477
B0959184207275N00149464EA0140801477
B0959194207275N00149464EA0140701478
B0959204207275N00149464EA0140701478
B0959214207275N00149464EA0140701478
B0959224207275N00149464EA0140701478
B0959234207275N00149464EA0140701477
B0959244207276N00149463EA0140801477
B0959254207276N00149464EA0140801478
B0959264207276N00149464EA0140701478
B0959274207275N00149465EA0140701479
B0959284207275N00149465EA0140801479
B0959294207276N00149465EA0140801479
B0959304207276N00149465EA0140801478
B0959314207275N00149465EA0140701478
B0959324207275N00149465EA0140701478
B0959334207275N00149465EA0140701479
B0959344207275N00149465EA0140701479
B0959354207275N00149465EA0140701479
B0959364207275N00149465EA0140701479
B0959374207275N00149465EA0140701479
B0959384207275N00149465EA0140701478
B0959394207275N00149465EA0140701478
B0959404207275N00149465EA0140701478
B0959414207275N00149465EA0140701477
B0959424207275N00149465EA0140801477
B0959434207275N00149465EA0140701477
B0959444207274N00149465EA0140801477
B0959454207274N00149465EA0140801477
B0959464207274N00149465EA0140801478
B0959474207274N00149465EA0140801480
B0959484207274N00149465EA0140801479
B0959494207275N00149466EA0140801480
B0959504207275N00149466EA0140801480
B0959514207275N00149466EA0140801480
B0959524207275N00149466EA0140701477
B0959534207275N00149466EA0140701477
B0959544207275N00149467EA0140701478
B0959554207275N00149466EA0140701478
B0959564207275N00149466EA0140701478
B0959574207275N00149466EA0140701479
B0959584207275N00149466EA0140701479
B0959594207275N00149466EA0140701479
B1000004207275N00149466EA0140801478
B1000014207275N00149466EA0140801479
B1000024207275N00149466EA0140801479
B1000034207275N00149466EA0140801479
B1000044207275N00149466EA0140801480
B1000054207275N00149466EA0140801480
B1000064207275N00149466EA0140801479
B1000074207274N00149466EA0140801480
B1000084207274N00149465EA0140801481
B1000094207274N00149465EA0140701482
B1000104207274N00149465EA0140701481
B1000114207274N00149465EA0140701482
B1000124207274N00149465EA0140701483
B1000134207274N00149465EA0140801482
B1000144207274N00149465EA0140801482
B1000154207274N00149465EA0140701482
B1000164207274N00149465EA0140801483
B1000174207273N00149465EA0140801484
B1000184207273N00149465EA0140801484
B1000194207273N00149465EA0140701484
B1000204207273N00149465EA0140701485
B1000214207273N00149465EA0140801485
B1000224207274N00149465EA0140801484
B1000234207274N00149465EA0140801484
B1000244207274N00149464EA0140801485
B1000254207274N00149464EA0140801483
B1000264207274N00149464EA0140701483
B1000274207274N00149464EA0140801483
B1000284207274N00149464EA0140801483
B1000294207274N00149465EA0140701484
B1000304207274N00149465EA0140701483
B1000314207274N00149464EA0140701483
B1000324207274N00149464EA0140801483
B1000334207274N00149464EA0140801483
B1000344207274N00149464EA0140801483
B1000354207274N00149464EA0140701483
B1000364207274N00149464EA0140701483
B1000374207274N00149464EA0140701483
B1000384207274N00149465EA0140801483
B1000394207274N00149465EA0140701482
B1000404207274N00149465EA0140801479
B1000414207275N00149465EA0140701480
B1000424207274N00149465EA0140701479
B1000434207274N00149465EA0140701480
B1000444207274N00149464EA0140801480
B1000454207274N00149464EA0140701481
B1000464207274N00149464EA0140701481
B1000474207274N00149464EA0140801482
B1000484207274N00149464EA0140801482
B1000494207275N00149465EA0140801483
B1000504207275N00149465EA0140801482
B1000514207275N00149465EA0140801482
B1000524207275N00149465EA0140701481
B1000534207275N00149465EA0140801481
B1000544207275N00149465EA0140801481
B1000554207276N00149465EA0140701481
B1000564207276N00149465EA0140701481
B1000574207277N00149465EA0140801482
B1000584207277N00149465EA0140801481
B1000594207278N00149465EA0140801481
B1001004207278N00149465EA0140801482
B1001014207278N00149464EA0140801483
B1001024207277N00149465EA0140801483
B1001034207277N00149465EA0140901484
B1001044207277N00149465EA0140801484
B1001054207277N00149466EA0140901484
B1001064207277N00149466EA0140901484
B1001074207277N00149466EA0140801484
B1001084207277N00149466EA0140901484
B1001094207277N00149466EA0140801484
B1001104207277N00149466EA0140801484
B1001114207277N00149466EA0140901483
B1001124207277N00149466EA0140901483
B1001134207278N00149466EA0140901484
B1001144207278N00149467EA0140901483
B1001154207278N00149467EA0140901483
B1001164207277N00149466EA0140901483
B1001174207277N00149466EA0140801483
B1001184207277N00149467EA0140901483
B1001194207277N00149467EA0140901483
B1001204207275N00149465EA0140801481
B1001204207277N00149468EA0140801483
B1001214207278N00149469EA0140901484
B1001224207278N00149469EA0140901483
B1001234207278N00149469EA0140901483
B1001244207278N00149469EA0140801483
B1001254207278N00149469EA0140901483
B1001264207279N00149469EA0140901483
B1001274207279N00149469EA0140901482
B1001284207279N00149469EA0140901483
B1001294207279N00149469EA0140901483
B1001304207279N00149470EA0140901483
B1001314207279N00149470EA0140901483
B1001324207279N00149470EA0140801483
B1001334207279N00149470EA0140901483
B1001344207279N00149470EA0140901483
B1001354207279N00149469EA0140901482
B1001364207279N00149469EA0140901482
B1001374207279N00149469EA0141001482
B1001384207279N00149469EA0140901482
B1001394207279N00149468EA0140901482
B1001404207279N00149467EA0140901481
B1001414207279N00149467EA0140901481
B1001424207278N00149467EA0140901482
B1001434207278N00149467EA0140901483
B1001444207278N00149466EA0140901483
B1001454207278N00149466EA0140901483
B1001464207278N00149466EA0140901484
B1001474207278N00149466EA0140901484
B1001484207278N00149467EA0140901484
B1001494207279N00149467EA0140901484
B1001504207279N00149467EA0141001484
B1001514207279N00149466EA0140901483
B1001524207279N00149466EA0140901483
B1001534207279N00149465EA0140901483
B1001544207278N00149465EA0140901483
B1001554207278N00149465EA0140901483
B1001564207277N00149464EA0140901483
B1001574207277N00149464EA0140901482
B1001584207276N00149465EA0140801482
B1001594207276N00149465EA0140701482
B1002004207276N00149466EA0140801480
B1002014207276N00149467EA0140801481
B1002024207275N00149467EA0140801480
B1002034207275N00149467EA0140801480
B1002044207275N00149467EA0140701481
B1002054207275N00149467EA0140801481
B1002064207275N00149467EA0140701481
B1002074207275N00149467EA0140701481
B1002084207275N00149467EA0140701481
B1002094207275N00149467EA0140701482
B1002104207275N00149467EA0140801482
B1002114207275N00149467EA0140801482
B1002124207275N00149467EA0140801482
B1002134207275N00149467EA0140701482
B1002144207276N00149467EA0140801482
B1002154207277N00149467EA0140801482
B1002164207277N00149468EA0140801482
B1002174207277N00149467EA0140801482
B1002184207277N00149467EA0140801482
B1002194207277N00149467EA0140801483
B1002204207277N00149467EA0140801483
B1002214207277N00149467EA0140801483
B1002224207277N00149468EA0140801484
B1002234207277N00149468EA0140801484
B1002244207277N00149468EA0140801484
B1002254207277N00149468EA0140901483
B1002264207276N00149468EA0140801483
B1002274207276N00149468EA0140801483
B1002284207276N00149468EA0140801483
B1002294207276N00149468EA0140801483
B1002304207275N00149469EA0140701482
B1002314207275N00149469EA0140801482
B1002324207275N00149468EA0140801482
B1002334207275N00149469EA0140801481
B1002344207275N00149469EA0140701481
B1002354207275N00149470EA0140801481
B1002364207276N00149470EA0140701480
B1002374207276N00149470EA0140801480
B1002384207277N00149471EA0140801482
B1002394207277N00149471EA0140801482
B1002404207276N00149471EA0140801482
B1002414207276N00149471EA0140801483
B1002424207276N00149471EA0140801483
B1002434207276N00149472EA0140701483
B1002444207276N00149472EA0140801484
B1002454207276N00149472EA0140801484
B1002464207276N00149472EA0140801484
B1002474207276N00149472EA0140701484
B1002484207275N00149471EA0140701484
B1002494207275N00149471EA0140701484
B1002504207275N00149471EA0140701484
B1002514207275N00149471EA0140701484
B1002524207275N00149471EA0140701484
B1002534207275N00149471EA0140701484
B1002544207275N00149471EA0140701484
B1002554207275N00149471EA0140801484
B1002564207275N00149471EA0140701484
B1002574207275N00149471EA0140701484
B1002584207276N00149471EA0140701484
B1002594207276N00149471EA0140701484
B1003004207276N00149471EA0140601484
B1003014207276N00149471EA0140701484
B1003024207276N00149471EA0140701484
B1003034207276N00149471EA0140701484
B1003044207276N00149471EA0140701484
B1003054207276N00149471EA0140701484
B1003064207276N00149471EA0140701484
B1003074207276N00149471EA0140701484
B1003084207276N00149471EA0140701484
B1003094207276N00149471EA0140701484
B1003104207276N00149471EA0140801484
B1003114207276N00149471EA0140701484
B1003124207276N00149471EA0140701484
B1003134207276N00149471EA0140801484
B1003144207276N00149471EA0140801484
B1003154207276N00149471EA0140801484
B1003164207276N00149471EA0140801484
B1003174207276N00149471EA0140801484
B1003184207276N00149471EA0140801484
B1003194207276N00149471EA0140701484
B1003204207276N00149471EA0140801484
B1003214207276N00149471EA0140701484
B1003224207276N00149471EA0140701484
B1003234207276N00149471EA0140801484
B1003244207277N00149471EA0140801484
B1003254207276N00149471EA0140701484
B1003264207277N00149471EA0140801484
B1003274207277N00149471EA0140801484
B1003284207277N00149471EA0140801484
B1003294207277N00149471EA0140801484
B1003304207277N00149471EA0140801484
B1003314207277N00149471EA0140801484
B1003324207277N00149471EA0140701484
B1003334207277N00149471EA0140701484
B1003344207277N00149471EA0140801484
B1003354207277N00149471EA0140801484
B1003364207277N00149471EA0140701484
B1003374207277N00149471EA0140601484
B1003384207277N00149471EA0140801484
B1003394207277N00149471EA0140701484
B1003404207277N00149471EA0140701484
B1003414207277N00149471EA0140801484
B1003424207277N00149470EA0140801483
B1003434207277N00149469EA0140801483
B1003444207278N00149468EA0140801483
B1003454207278N00149467EA0140801483
B1003464207278N00149467EA0140801483
B1003474207278N00149466EA0140801483
B1003484207278N00149465EA0140901483
B1003494207278N00149465EA0140901483
B1003504207278N00149465EA0140901483
B1003514207279N00149465EA0140901483
B1003524207279N00149465EA0140901483
B1003534207279N00149465EA0140901483
B1003544207280N00149465EA0140901483
B1003554207280N00149465EA0141001483
B1003564207281N00149465EA0140901483
B1003574207281N00149465EA0141001483
B1003584207281N00149465EA0141101482
B1003594207281N00149465EA0141101483
B1004004207282N00149465EA0141101484
B1004014207282N00149465EA0141101484
B1004024207282N00149465EA0141101484
B1004034207282N00149465EA0141001484
B1004044207282N00149465EA0141101483
B1004054207282N00149465EA0141101483
B1004064207282N00149466EA0141101483
B1004074207282N00149466EA0141001481
B1004084207281N00149466EA0141101481
B1004094207281N00149466EA0141101480
B1004104207281N00149465EA0141101479
B1004114207281N00149465EA0141101478
B1004124207281N00149465EA0141101478
B1004134207281N00149465EA0141101478
B1004144207281N00149465EA0141001478
B1004154207281N00149465EA0141101478
B1004164207281N00149465EA0141101478
B1004174207281N00149465EA0141101478
B1004184207281N00149465EA0141001478
B1004194207281N00149464EA0141101478
B1004204207281N00149464EA0141001479
B1004214207281N00149464EA0141101480
B1004224207281N00149464EA0141001481
B1004234207281N00149464EA0141101480
B1004244207281N00149464EA0141001480
B1004254207281N00149465EA0141001480
B1004264207281N00149465EA0141001480
B1004274207280N00149466EA0140901480
B1004284207280N00149467EA0140901479
B1004294207279N00149468EA0140901477
B1004304207279N00149468EA0140901475
B1004314207279N00149470EA0140901477
B1004324207279N00149470EA0140901478
B1004334207279N00149470EA0140901478
B1004344207279N00149470EA0140901478
B1004354207279N00149470EA0140901478
B1004364207279N00149470EA0140901478
B1004374207279N00149471EA0140901478
B1004384207279N00149471EA0140901478
B1004394207279N00149471EA0140901478
B1004404207279N00149471EA0140901478
B1004414207279N00149471EA0140901478
B1004424207279N00149471EA0140901479
B1004434207279N00149471EA0140901480
B1004444207279N00149471EA0140901480
B1004454207279N00149471EA0141001480
B1004464207279N00149471EA0140901481
B1004474207279N00149470EA0140901481
B1004484207279N00149470EA0140901481
B1004494207279N00149470EA0140901481
B1004504207279N00149470EA0140901481
B1004514207279N00149470EA0140901481
B1004524207279N00149470EA0140901481
B1004534207279N00149470EA0140901481
B1004544207279N00149470EA0140901481
B1004554207280N00149470EA0141001482
B1004564207280N00149470EA0140901482
B1004574207280N00149470EA0140901482
B1004584207280N00149470EA0140901483
B1004594207279N00149470EA0140901483
B1005004207280N00149470EA0140901483
B1005014207280N00149470EA0140901483
B1005024207280N00149470EA0140901483
B1005034207280N00149470EA0140901483
B1005044207280N00149470EA0140901483
B1005054207280N00149470EA0140901483
B1005064207280N00149470EA0140901483
B1005074207280N00149470EA0140901482
B1005084207280N00149470EA0141001482
B1005094207280N00149470EA0140901482
B1005104207279N00149470EA0140901481
B1005114207279N00149470EA0141001481
B1005124207279N00149470EA0140901481
B1005134207279N00149470EA0140901481
B1005144207279N00149470EA0141001481
B1005154207279N00149471EA0141001481
B1005164207280N00149471EA0141001481
B1005174207280N00149471EA0141001480
B1005184207280N00149471EA0140901480
B1005194207280N00149471EA0140901480
B1005204207280N00149470EA0141001480
B1005214207281N00149470EA0140901480
B1005224207281N00149469EA0141001480
B1005234207281N00149468EA0141001479
B1005244207281N00149468EA0141001480
B1005254207281N00149467EA0141001481
B1005264207281N00149467EA0141101481
B1005274207281N00149466EA0141001480
B1005284207282N00149466EA0141001480
B1005294207282N00149466EA0141101480
B1005304207282N00149466EA0141101480
B1005314207282N00149466EA0141101481
B1005324207282N00149465EA0141101481
B1005334207282N00149465EA0141101481
B1005344207282N00149465EA0141101481
B1005354207282N00149465EA0141101481
B1005364207282N00149465EA0141101481
B1005374207282N00149465EA0141101481
B1005384207282N00149465EA0141001481
B1005394207282N00149465EA0141001481
B1005404207282N00149465EA0141001481
B1005414207282N00149465EA0141101481
B1005424207282N00149464EA0141101481
B1005434207282N00149464EA0141001481
B1005444207282N00149464EA0141101481
B1005454207282N00149464EA0141101481
B1005464207282N00149464EA0141101481
B1005474207282N00149464EA0141101480
B1005484207282N00149464EA0141101480
B1005494207282N00149464EA0141101479
B1005504207282N00149464EA0141101479
B1005514207282N00149464EA0141101479
B1005524207282N00149464EA0141101479
B1005534207283N00149463EA0141101479
B1005544207283N00149463EA0141201479
B1005554207283N00149463EA0141101478
B1005564207284N00149462EA0141201478
B1005574207283N00149462EA0141201478
B1005584207284N00149462EA0141301479
B1005594207284N00149462EA0141301480
B1006004207284N00149463EA0141301479
B1006014207284N00149462EA0141401480
B1006024207285N00149462EA0141401480
B1006034207285N00149462EA0141501480
B1006044207286N00149462EA0141501482
B1006054207286N00149463EA0141501482
B1006064207287N00149463EA0141501483
B1006074207287N00149462EA0141601484
B1006084207287N00149461EA0141601484
B1006094207287N00149461EA0141601484
B1006104207287N00149461EA0141701484
B1006114207287N00149461EA0141601483
B1006124207288N00149460EA0141701484
B1006134207288N00149460EA0141701485
B1006144207288N00149459EA0141701484
B1006154207288N00149459EA0141801485
B1006164207288N00149458EA0141701486
B1006174207288N00149458EA0141801486
B1006184207288N00149457EA0141801486
B1006194207288N00149457EA0141801486
B1006204207288N00149456EA0141801486
B1006214207289N00149455EA0141801487
B1006224207289N00149454EA0141901487
B1006234207290N00149454EA0141901487
B1006244207290N00149453EA0141901487
B1006254207290N00149453EA0141901488
B1006264207291N00149452EA0142001489
B1006274207291N00149451EA0141901489
B1006284207292N00149451EA0142001490
B1006294207292N00149450EA0142001490
B1006304207292N00149449EA0142001491
B1006314207293N00149449EA0142001491
B1006324207293N00149448EA0142101492
B1006334207294N00149448EA0142001492
B1006344207294N00149448EA0142001493
B1006354207295N00149447EA0142001493
B1006364207295N00149447EA0142101493
B1006374207296N00149447EA0142001493
B1006384207296N00149447EA0142101494
B1006394207296N00149447EA0142101494
B1006404207297N00149447EA0142101493
B1006414207298N00149447EA0142101493
B1006424207298N00149447EA0142101493
B1006434207299N00149447EA0142101493
B1006444207299N00149447EA0142101493
B1006454207300N00149447EA0142101494
B1006464207301N00149446EA0142201493
B1006474207301N00149446EA0142201494
B1006484207301N00149446EA0142101494
B1006494207302N00149445EA0142201494
B1006504207302N00149444EA0142201495
B1006514207302N00149443EA0142201495
B1006524207303N00149443EA0142201495
B1006534207303N00149442EA0142301496
B1006544207303N00149441EA0142201497
B1006554207303N00149441EA0142201496
B1006564207304N00149440EA0142201495
B1006574207305N00149439EA0142201496
B1006584207305N00149439EA0142201496
B1006594207306N00149437EA0142201496
B1007004207306N00149436EA0142201497
B1007014207307N00149436EA0142201496
B1007024207308N00149435EA0142301496
B1007034207308N00149435EA0142201496
B1007044207308N00149434EA0142301496
B1007054207309N00149433EA0142301496
B1007064207310N00149433EA0142301496
B1007074207310N00149432EA0142201496
B1007084207310N00149432EA0142301496
B1007094207311N00149431EA0142201496
B1007104207311N00149431EA0142201496
B1007114207312N00149430EA0142201495
B1007124207312N00149430EA0142201495
B1007134207313N00149429EA0142201495
B1007144207313N00149428EA0142101494
B1007154207313N00149427EA0142101494
B1007164207313N00149427EA0142101494
B1007174207313N00149427EA0142201493
B1007184207313N00149426EA0142101493
B1007194207313N00149426EA0142101493
B1007204207314N00149425EA0142201493
B1007214207313N00149425EA0142201493
B1007224207313N00149425EA0142101493
B1007234207313N00149425EA0142201493
B1007244207314N00149424EA0142101493
B1007254207314N00149424EA0142201492
B1007264207313N00149424EA0142101492
B1007274207313N00149424EA0142101493
B1007284207313N00149424EA0142101493
B1007294207313N00149424EA0142201493
B1007304207313N00149424EA0142101493
B1007314207314N00149424EA0142201493
B1007324207314N00149423EA0142101493
B1007334207314N00149423EA0142101493
B1007344207314N00149423EA0142201493
B1007354207314N00149423EA0142201493
B1007364207314N00149423EA0142201493
B1007374207314N00149423EA0142201493
B1007384207313N00149423EA0142201493
B1007394207314N00149423EA0142201495
B1007404207314N00149422EA0142201495
B1007414207314N00149422EA0142201495
B1007424207314N00149422EA0142201495
B1007434207314N00149422EA0142201495
B1007444207314N00149423EA0142201494
B1007454207314N00149423EA0142201495
B1007464207313N00149422EA0142101494
B1007474207314N00149422EA0142101495
B1007484207314N00149422EA0142201494
B1007494207313N00149422EA0142201495
B1007504207313N00149422EA0142101495
B1007514207313N00149422EA0142201495
B1007524207313N00149422EA0142201495
B1007534207314N00149422EA0142201495
B1007544207313N00149422EA0142101496
B1007554207313N00149422EA0142101496
B1007564207313N00149422EA0142101497
B1007574207313N00149422EA0142101497
B1007584207313N00149422EA0142101498
B1007594207313N00149422EA0142101498
B1008004207313N00149421EA0142101498
B1008014207313N00149421EA0142001498
B1008024207313N00149421EA0142101497
B1008034207313N00149421EA0142001496
B1008044207313N00149421EA0142101496
B1008054207313N00149421EA0142101496
B1008064207313N00149421EA0142201496
B1008074207313N00149421EA0142101496
B1008084207313N00149421EA0142101496
B1008094207313N00149421EA0142101495
B1008104207313N00149421EA0142101495
B1008114207313N00149421EA0142101495
B1008124207313N00149421EA0142101495
B1008134207313N00149421EA0142101495
B1008144207313N00149421EA0142101496
B1008154207313N00149421EA0142001496
B1008164207313N00149421EA0142101495
B1008174207313N00149421EA0142101495
B1008184207313N00149421EA0142101496
B1008194207313N00149422EA0142101496
B1008204207313N00149422EA0142101496
B1008214207313N00149421EA0142101496
B1008224207313N00149421EA0142201495
B1008234207313N00149421EA0142101494
B1008244207314N00149421EA0142101495
B1008254207314N00149421EA0142101495
B1008264207314N00149420EA0142101496
B1008274207314N00149420EA0142101497
B1008284207314N00149420EA0142001497
B1008294207314N00149420EA0142101499
B1008304207314N00149419EA0142101498
B1008314207315N00149419EA0142201498
B1008324207315N00149419EA0142101498
B1008334207315N00149419EA0142101498
B1008344207315N00149419EA0142001498
B1008354207315N00149419EA0142101498
B1008364207314N00149419EA0142001497
B1008374207315N00149419EA0142101497
B1008384207315N00149419EA0142001496
B1008394207315N00149419EA0142101496
B1008404207315N00149419EA0142001496
B1008414207315N00149419EA0142101496
B1008424207315N00149419EA0142001495
B1008434207314N00149419EA0142101495
B1008444207314N00149419EA0142101495
B1008454207314N00149419EA0142001495
B1008464207314N00149419EA0142001495
B1008474207314N00149419EA0142001495
B1008484207314N00149419EA0142101495
B1008494207314N00149419EA0142101495
B1008504207314N00149419EA0142101495
B1008514207314N00149420EA0142101495
B1008524207314N00149420EA0142101495
B1008534207315N00149420EA0142101495
B1008544207314N00149420EA0142101495
B1008554207314N00149420EA0142101495
B1008564207314N00149420EA0142001495
B1008574207314N00149420EA0142101495
B1008584207314N00149420EA0142101495
B1008594207314N00149420EA0142101495
B1009004207314N00149420EA0142101495
B1009014207314N00149420EA0142101495
B1009024207314N00149420EA0142101495
B1009034207314N00149420EA0142101495
B1009044207314N00149420EA0142001495
B1009054207314N00149420EA0142101494
B1009064207314N00149420EA0142001494
B1009074207314N00149421EA0142001494
B1009084207314N00149421EA0142101493
B1009094207314N00149421EA0142101494
B1009104207314N00149421EA0142101493
B1009114207314N00149421EA0142101493
B1009124207314N00149421EA0142101493
B1009134207314N00149421EA0142101493
B1009144207314N00149421EA0142001492
B1009154207314N00149421EA0142101492
B1009164207314N00149421EA0142101492
B1009174207314N00149421EA0142101492
B1009184207314N00149421EA0142101491
B1009194207314N00149421EA0142001491
B1009204207314N00149420EA0142001491
B1009214207314N00149420EA0142101491
B1009224207315N00149420EA0142101491
B1009234207315N00149420EA0142001491
B1009244207315N00149420EA0142001491
B1009254207315N00149420EA0142101491
B1009264207314N00149420EA0142101492
B1009274207314N00149420EA0142101492
B1009284207315N00149420EA0142101492
B1009294207315N00149420EA0142101492
B1009304207315N00149420EA0142001491
B1009314207315N00149420EA0142101492
B1009324207314N00149420EA0142101492
B1009334207314N00149420EA0142101492
B1009344207314N00149420EA0142101492
B1009354207314N00149420EA0142101492
B1009364207314N00149420EA0142101492
B1009374207314N00149420EA0142101492
B1009384207314N00149420EA0142001493
B1009394207314N00149420EA0142001493
B1009404207314N00149420EA0142101493
B1009414207314N00149420EA0142101494
B1009424207314N00149420EA0142101494
B1009434207314N00149420EA0142101494
B1009444207314N00149420EA0142101494
B1009454207314N00149420EA0142101494
B1009464207314N00149419EA0142001494
B1009474207314N00149419EA0142001495
B1009484207314N00149419EA0142001495
B1009494207314N00149419EA0142101495
B1009504207314N00149419EA0142101495
B1009514207314N00149419EA0142001495
B1009524207314N00149419EA0142101495
B1009534207314N00149419EA0142101495
B1009544207314N00149419EA0142101495
B1009554207314N00149419EA0142101495
B1009564207314N00149419EA0142101495
B1009574207314N00149419EA0142001496
B1009584207314N00149419EA0142001495
B1009594207313N00149419EA0142101495
B1010004207313N00149419EA0142101495
B1010014207313N00149419EA0142101496
B1010024207313N00149420EA0142101496
B1010034207313N00149420EA0142101496
B1010044207313N00149420EA0142101496
B1010054207313N00149419EA0142101497
B1010064207296N00149447EA0142101494
B1010064207312N00149420EA0142101497
B1010074207312N00149419EA0142101497
B1010084207312N00149419EA0142001496
B1010094207312N00149419EA0142001497
B1010104207312N00149419EA0142101497
B1010114207312N00149419EA0142001497
B1010124207312N00149419EA0142101497
B1010134207312N00149420EA0142001497
B1010144207312N00149420EA0142001497
B1010154207311N00149420EA0142001497
B1010164207311N00149420EA0142101496
B1010174207312N00149420EA0142101496
B1010184207312N00149420EA0142001496
B1010194207311N00149420EA0142101496
B1010204207311N00149420EA0142001495
B1010214207312N00149420EA0142001495
B1010224207312N00149420EA0142101495
B1010234207312N00149420EA0142101496
B1010244207312N00149420EA0142001496
B1010254207312N00149420EA0142001496
B1010264207312N00149420EA0142001495
B1010274207312N00149421EA0142001496
B1010284207312N00149421EA0142101495
B1010294207312N00149421EA0142101495
B1010304207312N00149421EA0142101495
B1010314207311N00149421EA0142101494
B1010324207311N00149421EA0142101494
B1010334207311N00149421EA0142101494
B1010344207311N00149420EA0142101494
B1010354207311N00149420EA0142001494
B1010364207311N00149420EA0142001493
B1010374207311N00149420EA0142101493
B1010384207311N00149420EA0142101493
B1010394207311N00149420EA0142001493
B1010404207310N00149420EA0142101492
B1010414207310N00149421EA0142101490
B1010424207310N00149421EA0142101489
B1010434207310N00149421EA0142101488
B1010444207310N00149421EA0142001488
B1010454207310N00149421EA0142101487
B1010464207310N00149421EA0142001488
B1010474207310N00149421EA0142001488
B1010484207310N00149421EA0142001487
B1010494207311N00149421EA0142101487
B1010504207311N00149421EA0142101488
B1010514207311N00149421EA0142101488
B1010524207311N00149421EA0142001488
B1010534207311N00149421EA0142101489
B1010544207311N00149421EA0142001489
B1010554207312N00149420EA0142101490
B1010564207312N00149420EA0142101490
B1010574207313N00149420EA0142101492
B1010584207313N00149420EA0142101493
B1010594207313N00149420EA0142101493
B1011004207313N00149420EA0142101493
B1011014207313N00149420EA0142101493
B1011024207313N00149420EA0142101493
B1011034207313N00149420EA0142001494
B1011044207314N00149420EA0142101494
B1011054207314N00149420EA0142001494
B1011064207314N00149420EA0142101494
B1011074207314N00149420EA0142101494
B1011084207314N00149420EA0142101494
B1011094207315N00149420EA0142101494
B1011104207314N00149420EA0142101495
B1011114207314N00149420EA0142101495
B1011124207314N00149420EA0142101495
B1011134207314N00149420EA0142101494
B1011144207314N00149420EA0142101494
B1011154207315N00149420EA0142101495
B1011164207315N00149420EA0142001495
B1011174207315N00149420EA0142001495
B1011184207315N00149421EA0142101495
B1011194207315N00149421EA0142101495
B1011204207316N00149421EA0142001495
B1011214207315N00149421EA0142101495
B1011224207315N00149421EA0142001495
B1011234207315N00149421EA0142101495
B1011244207315N00149421EA0142101495
B1011254207315N00149420EA0142101495
B1011264207315N00149420EA0142101495
B1011274207315N00149420EA0142101495
B1011284207315N00149420EA0142101494
B1011294207315N00149420EA0142101494
B1011304207316N00149420EA0142101493
B1011314207316N00149420EA0142101494
B1011324207315N00149420EA0142101495
B1011334207315N00149421EA0142101494
B1011344207315N00149421EA0142101494
B1011354207315N00149421EA0142101494
B1011364207315N00149421EA0142101495
B1011374207315N00149421EA0142101495
B1011384207315N00149420EA0142101495
B1011394207315N00149420EA0142101496
B1011404207315N00149421EA0142101496
B1011414207315N00149421EA0142101496
B1011424207315N00149421EA0142101497
B1011434207315N00149421EA0142101497
B1011444207315N00149420EA0142101497
B1011454207315N00149421EA0142101497
B1011464207315N00149421EA0142101496
B1011474207316N00149421EA0142201498
B1011484207316N00149420EA0142201500
B1011494207316N00149420EA0142101500
B1011504207316N00149421EA0142201499
B1011514207315N00149421EA0142101499
B1011524207315N00149421EA0142101499
B1011534207315N00149420EA0142101498
B1011544207315N00149420EA0142101498
B1011554207315N00149420EA0142201498
B1011564207315N00149420EA0142101498
B1011574207315N00149420EA0142101498
B1011584207315N00149420EA0142101498
B1011594207315N00149420EA0142101497
B1012004207315N00149420EA0142101497
B1012014207315N00149420EA0142101498
B1012024207315N00149420EA0142101498
B1012034207315N00149420EA0142101498
B1012044207315N00149420EA0142101498
B1012054207315N00149420EA0142101498
B1012064207315N00149419EA0142101499
B1012074207315N00149419EA0142101499
B1012084207315N00149419EA0142101499
B1012094207315N00149420EA0142101500
B1012104207314N00149420EA0142101500
B1012114207314N00149420EA0142101500
B1012124207314N00149420EA0142101499
B1012134207314N00149420EA0142101499
B1012144207314N00149420EA0142101499
B1012154207314N00149420EA0142101499
B1012164207314N00149420EA0142101499
B1012174207314N00149420EA0142101499
B1012184207314N00149420EA0142001499
B1012194207314N00149420EA0142101499
B1012204207314N00149420EA0142101499
B1012214207314N00149420EA0142001499
B1012224207314N00149420EA0142101499
B1012234207314N00149420EA0142101498
B1012244207314N00149420EA0142101499
B1012254207314N00149420EA0142101498
B1012264207314N00149420EA0142001498
B1012274207314N00149420EA0142101498
B1012284207314N00149420EA0142101498
B1012294207314N00149420EA0142101498
B1012304207314N00149420EA0142101498
B1012314207314N00149420EA0142101498
B1012324207314N00149420EA0142101498
B1012334207314N00149420EA0142101498
B1012344207314N00149420EA0142101498
B1012354207314N00149420EA0142101499
B1012364207314N00149420EA0142101499
B1012374207314N00149420EA0142101499
B1012384207314N00149420EA0142101499
B1012394207314N00149420EA0142201499
B1012404207314N00149420EA0142201499
B1012414207314N00149420EA0142201499
B1012424207314N00149420EA0142201499
B1012434207314N00149420EA0142201499
B1012444207314N00149420EA0142201499
B1012454207314N00149420EA0142201498
B1012464207314N00149420EA0142101498
B1012474207314N00149420EA0142201498
B1012484207314N00149420EA0142201499
B1012494207314N00149420EA0142101499
B1012504207314N00149420EA0142201499
B1012514207314N00149420EA0142201499
B1012524207313N00149420EA0142101500
B1012534207313N00149420EA0142101500
B1012544207313N00149420EA0142201500
B1012554207313N00149420EA0142201500
B1012564207313N00149420EA0142101500
B1012574207313N00149420EA0142101500
B1012584207313N00149420EA0142201501
B1012584207315N00149420EA0142201492
B1012594207313N00149420EA0142101501
B1013004207313N00149420EA0142101501
B1013014207313N00149420EA0142101501
B1013024207313N00149420EA0142101501
B1013034207313N00149420EA0142201501
B1013044207313N00149420EA0142101501
B1013054207313N00149420EA0142201501
B1013064207313N00149420EA0142101501
B1013074207313N00149420EA0142201501
B1013084207313N00149420EA0142101501
B1013094207313N00149420EA0142101501
B1013104207313N00149420EA0142101500
B1013114207313N00149420EA0142201500
B1013124207313N00149420EA0142101500
B1013134207313N00149420EA0142101500
B1013144207313N00149420EA0142201500
B1013154207313N00149420EA0142101500
B1013164207313N00149420EA0142101500
B1013174207313N00149420EA0142201500
B1013184207313N00149420EA0142101500
B1013194207313N00149420EA0142101500
B1013204207313N00149420EA0142101500
B1013214207313N00149420EA0142201500
B1013224207313N00149420EA0142101500
B1013234207313N00149420EA0142201500
B1013244207313N00149420EA0142101500
B1013254207313N00149420EA0142101500
B1013264207313N00149420EA0142101501
B1013274207313N00149419EA0142101501
B1013284207313N00149419EA0142101501
B1013294207313N00149419EA0142101501
B1013304207313N00149419EA0142101501
B1013314207313N00149419EA0142101501
B1013324207313N00149419EA0142101501
B1013334207313N00149419EA0142001501
B1013344207313N00149419EA0142101501
B1013354207313N00149419EA0142001501
B1013364207313N00149419EA0142001501
B1013374207313N00149419EA0142001502
B1013384207313N00149419EA0142001502
B1013394207313N00149419EA0142101502
B1013404207313N00149419EA0142001502
B1013414207313N00149419EA0142101502
B1013424207313N00149419EA0142101502
B1013434207313N00149419EA0142101502
B1013444207313N00149419EA0142101502
B1013454207313N00149419EA0142101502
B1013464207313N00149419EA0142101497
B1013474207313N00149419EA0142101502
B1013484207313N00149419EA0142101502
B1013494207313N00149419EA0142101502
B1013504207313N00149419EA0142001502
B1013514207313N00149419EA0142101502
B1013524207313N00149419EA0142001502
B1013534207313N00149419EA0142001502
B1013544207313N00149419EA0142101501
B1013554207313N00149419EA0142101501
B1013564207313N00149419EA0142101501
B1013574207313N00149420EA0142101501
B1013584207313N00149420EA0142101501
B1013594207313N00149420EA0142101501
B1014004207313N00149420EA0142001501
B1014014207313N00149420EA0142101501
B1014024207313N00149420EA0142001500
B1014034207313N00149420EA0142101500
B1014044207313N00149420EA0142101500
B1014054207313N00149419EA0142101500
B1014064207313N00149419EA0142101500
B1014074207313N00149419EA0142101500
B1014084207313N00149419EA0142101500
B1014094207313N00149419EA0142101500
B1014104207314N00149419EA0142101500
B1014114207314N00149419EA0142101500
B1014124207314N00149419EA0142101500
B1014134207314N00149419EA0142101500
B1014144207314N00149419EA0142101500
B1014154207314N00149419EA0142101500
B1014164207314N00149419EA0142101500
B1014174207314N00149419EA0142101500
B1014184207314N00149420EA0142101500
B1014194207314N00149420EA0142101500
B1014204207314N00149420EA0142101500
B1014214207314N00149420EA0142101499
B1014224207314N00149420EA0142101500
B1014234207314N00149420EA0142201499
B1014244207314N00149420EA0142201499
B1014254207314N00149420EA0142201499
B1014264207314N00149420EA0142201499
B1014274207314N00149420EA0142201499
B1014284207314N00149420EA0142201499
B1014294207314N00149420EA0142201499
B1014304207314N00149420EA0142201499
B1014314207314N00149419EA0142201499
B1014324207314N00149419EA0142201499
B1014334207314N00149419EA0142201499
B1014344207314N00149419EA0142101501
B1014344207315N00149421EA0142101495
B1014354207314N00149419EA0142201501
B1014364207314N00149419EA0142201501
B1014374207314N00149419EA0142201502
B1014384207314N00149419EA0142201502
B1014394207314N00149419EA0142201502
B1014404207314N00149419EA0142101503
B1014414207314N00149419EA0142201503
B1014424207314N00149418EA0142101502
B1014434207314N00149418EA0142101504
B1014444207314N00149417EA0142201505
B1014454207314N00149417EA0142101505
B1014464207314N00149417EA0142101505
B1014474207314N00149417EA0142101505
B1014484207314N00149417EA0142101506
B1014494207314N00149417EA0142101506
B1014504207314N00149417EA0142201506
B1014514207314N00149417EA0142201506
B1014524207314N00149417EA0142201506
B1014534207314N00149417EA0142101507
B1014544207314N00149417EA0142101507
B1014554207314N00149417EA0142101507
B1014564207314N00149417EA0142101507
B1014574207314N00149416EA0142101507
B1014584207314N00149416EA0142101507
B1014594207314N00149416EA0142101507
B1015004207314N00149416EA0142101507
B1015014207314N00149416EA0142101507
B1015024207314N00149416EA0142101507
B1015034207314N00149416EA0142201507
B1015044207314N00149416EA0142201507
B1015054207314N00149416EA0142101507
B1015064207315N00149416EA0142201506
B1015074207315N00149417EA0142101506
B1015084207315N00149417EA0142101506
B1015094207315N00149417EA0142101505
B1015104207315N00149417EA0142101504
B1015114207315N00149417EA0142201504
B1015124207315N00149417EA0142201504
B1015134207314N00149417EA0142101504
B1015144207314N00149417EA0142101504
B1015154207314N00149417EA0142201504
B1015164207314N00149417EA0142101504
B1015174207314N00149417EA0142101504
B1015184207314N00149417EA0142201503
B1015194207314N00149417EA0142201503
B1015204207314N00149417EA0142101503
B1015214207314N00149418EA0142101503
B1015224207314N00149418EA0142201503
B1015234207314N00149418EA0142201503
B1015244207314N00149418EA0142101503
B1015254207314N00149418EA0142201503
B1015264207314N00149418EA0142201502
B1015274207315N00149418EA0142101502
B1015284207315N00149418EA0142101502
B1015294207314N00149418EA0142101502
B1015304207314N00149418EA0142101501
B1015314207314N00149418EA0142101501
B1015324207314N00149419EA0142101501
B1015334207314N00149418EA0142101501
B1015344207314N00149418EA0142101501
B1015354207314N00149418EA0142101501
B1015364207314N00149418EA0142101501
B1015374207314N00149418EA0142101501
B1015384207314N00149418EA0142101501
B1015394207314N00149418EA0142201501
B1015404207314N00149418EA0142101501
B1015414207315N00149418EA0142101501
B1015424207315N00149418EA0142201501
B1015434207315N00149418EA0142201502
B1015444207314N00149418EA0142101502
B1015454207314N00149418EA0142201502
B1015464207314N00149418EA0142101502
B1015474207314N00149418EA0142201502
B1015484207314N00149418EA0142201502
B1015494207314N00149418EA0142201501
B1015504207314N00149418EA0142201501
B1015514207314N00149418EA0142201500
B1015524207314N00149418EA0142201500
B1015534207314N00149418EA0142201501
B1015544207314N00149418EA0142201501
B1015554207314N00149418EA0142201501
B1015564207314N00149418EA0142201502
B1015574207314N00149418EA0142201502
B1015584207314N00149419EA0142201502
B1015594207314N00149419EA0142201500
B1016004207314N00149419EA0142201500
B1016014207313N00149419EA0142201500
B1016024207313N00149419EA0142201501
B1016034207313N00149418EA0142101501
B1016044207313N00149418EA0142201502
B1016054207313N00149417EA0142201503
B1016064207313N00149417EA0142201504
B1016074207313N00149417EA0142201504
B1016084207313N00149416EA0142101505
B1016094207313N00149416EA0142101506
B1016104207313N00149416EA0142201506
B1016114207313N00149416EA0142201506
B1016124207313N00149416EA0142201506
B1016134207313N00149416EA0142201506
B1016144207314N00149416EA0142201506
B1016154207314N00149416EA0142201506
B1016164207314N00149416EA0142101506
B1016174207314N00149416EA0142201507
B1016184207314N00149416EA0142201506
B1016194207313N00149420EA0142101501
B1016194207314N00149416EA0142101506
B1016204207314N00149417EA0142201506
B1016214207314N00149417EA0142101505
B1016224207314N00149417EA0142201505
B1016234207314N00149417EA0142201504
B1016244207314N00149418EA0142201504
B1016254207314N00149418EA0142201503
B1016264207314N00149418EA0142201503
B1016274207314N00149418EA0142201503
B1016284207314N00149418EA0142101503
B1016294207314N00149418EA0142201502
B1016304207314N00149418EA0142201502
B1016314207314N00149418EA0142201502
B1016324207314N00149419EA0142201502
B1016334207314N00149419EA0142201501
B1016344207314N00149419EA0142201501
B1016354207314N00149419EA0142201501
B1016364207314N00149419EA0142201501
B1016374207314N00149419EA0142201501
B1016384207314N00149419EA0142201501
B1016394207314N00149419EA0142201501
B1016404207314N00149419EA0142201501
B1016414207314N00149419EA0142201501
B1016424207314N00149419EA0142201501
B1016434207314N00149420EA0142201501
B1016444207314N00149420EA0142201500
B1016454207314N00149420EA0142201500
B1016464207314N00149420EA0142201499
B1016474207314N00149420EA0142201499
B1016484207314N00149420EA0142201499
B1016494207314N00149420EA0142201499
B1016504207314N00149420EA0142201499
B1016514207314N00149420EA0142201500
B1016524207314N00149420EA0142201500
B1016534207314N00149420EA0142201500
B1016544207314N00149420EA0142201500
B1016554207314N00149420EA0142201500
B1016564207314N00149420EA0142201500
B1016574207314N00149420EA0142201500
B1016584207313N00149419EA0142101501
B1016584207314N00149421EA0142101500
B1016594207314N00149421EA0142101499
B1017004207314N00149421EA0142201499
B1017014207314N00149421EA0142201500
B1017024207314N00149421EA0142101500
B1017034207314N00149421EA0142201500
B1017044207314N00149421EA0142201500
B1017054207314N00149421EA0142201500
B1017064207314N00149421EA0142201500
B1017074207314N00149421EA0142201500
B1017084207314N00149421EA0142101500
B1017094207314N00149421EA0142201500
B1017104207314N00149421EA0142201500
B1017114207314N00149421EA0142101500
B1017124207314N00149421EA0142201499
B1017134207314N00149421EA0142201499
B1017144207314N00149421EA0142201499
B1017154207314N00149421EA0142201499
B1017164207314N00149421EA0142201498
B1017174207314N00149421EA0142101498
B1017184207314N00149421EA0142201498
B1017194207314N00149421EA0142201498
B1017204207315N00149421EA0142201498
B1017214207315N00149421EA0142201497
B1017224207315N00149422EA0142201498
B1017234207315N00149422EA0142201497
B1017244207315N00149422EA0142201497
B1017254207315N00149422EA0142201497
B1017264207315N00149422EA0142201496
B1017274207315N00149422EA0142201496
B1017284207315N00149422EA0142201496
B1017294207315N00149422EA0142201497
B1017304207315N00149422EA0142201497
B1017314207315N00149422EA0142201497
B1017324207315N00149422EA0142201497
B1017334207315N00149422EA0142201497
B1017344207315N00149422EA0142201497
B1017354207315N00149422EA0142201497
B1017364207315N00149422EA0142201497
B1017374207315N00149422EA0142201497
B1017384207315N00149422EA0142201497
B1017394207315N00149422EA0142101497
B1017404207315N00149422EA0142201497
B1017414207315N00149422EA0142101497
B1017424207315N00149422EA0142101498
B1017434207315N00149422EA0142201498
B1017444207315N00149422EA0142201498
B1017454207315N00149422EA0142101498
B1017464207315N00149422EA0142201498
B1017474207315N00149422EA0142201497
B1017484207315N00149422EA0142201497
B1017494207315N00149422EA0142201497
B1017504207315N00149422EA0142101497
B1017514207315N00149422EA0142201497
B1017524207315N00149422EA0142201497
B1017534207315N00149422EA0142201497
B1017544207315N00149423EA0142201497
B1017554207315N00149423EA0142201497
B1017564207315N00149423EA0142101496
B1017574207315N00149423EA0142101496
B1017584207314N00149423EA0142101496
B1017594207314N00149423EA0142201496
B1018004207314N00149423EA0142201497
B1018014207314N00149423EA0142101497
B1018024207314N00149422EA0142201497
B1018034207314N00149422EA0142101497
B1018044207314N00149422EA0142201497
B1018054207314N00149422EA0142201497
B1018064207314N00149422EA0142101498
B1018074207314N00149422EA0142201498
B1018084207314N00149422EA0142201497
B1018094207314N00149422EA0142201497
B1018104207314N00149423EA0142201497
B1018114207314N00149423EA0142201497
B1018124207314N00149423EA0142201497
B1018134207314N00149423EA0142101497
B1018144207314N00149422EA0142101497
B1018154207314N00149423EA0142201497
B1018164207314N00149423EA0142201497
B1018174207314N00149423EA0142201497
B1018184207314N00149423EA0142201497
B1018194207314N00149423EA0142201497
B1018204207314N00149423EA0142101497
B1018214207314N00149423EA0142201497
B1018224207314N00149422EA0142101497
B1018234207314N00149422EA0142101497
B1018244207314N00149422EA0142201497
B1018254207314N00149422EA0142201498
B1018264207314N00149422EA0142201498
B1018274207314N00149421EA0142101499
B1018284207314N00149421EA0142201499
B1018294207314N00149421EA0142201499
B1018304207314N00149421EA0142201499
B1018314207314N00149421EA0142201499
B1018324207314N00149421EA0142201499
B1018334207314N00149421EA0142201499
B1018344207314N00149421EA0142201499
B1018354207314N00149421EA0142301499
B1018364207314N00149421EA0142201499
B1018374207314N00149421EA0142201499
B1018384207314N00149421EA0142201499
B1018394207315N00149421EA0142201499
B1018404207315N00149421EA0142201499
B1018414207315N00149421EA0142201499
B1018424207315N00149421EA0142201499
B1018434207315N00149421EA0142201499
B1018444207315N00149421EA0142201499
B1018454207315N00149421EA0142201499
B1018464207315N00149421EA0142201498
B1018474207315N00149421EA0142201498
B1018484207315N00149421EA0142201499
B1018494207315N00149421EA0142201499
B1018504207315N00149421EA0142201499
B1018514207315N00149421EA0142201498
B1018524207315N00149421EA0142201499
B1018534207315N00149421EA0142201499
B1018544207315N00149421EA0142201499
B1018554207315N00149421EA0142201499
B1018564207315N00149421EA0142201499
B1018574207315N00149421EA0142201499
B1018584207315N00149421EA0142201499
B1018594207315N00149421EA0142101499
B1019004207315N00149421EA0142201499
B1019014207315N00149420EA0142201500
B1019024207315N00149420EA0142201500
B1019034207315N00149420EA0142201500
B1019044207315N00149420EA0142101500
B1019054207315N00149420EA0142201500
B1019064207315N00149420EA0142201500
B1019074207315N00149420EA0142101501
B1019084207315N00149420EA0142201501
B1019094207315N00149420EA0142201500
B1019104207315N00149420EA0142201501
B1019114207315N00149420EA0142101501
B1019124207315N00149420EA0142201501
B1019134207315N00149420EA0142101501
B1019144207315N00149420EA0142101500
B1019154207315N00149420EA0142101500
B1019164207315N00149420EA0142201500
B1019174207315N00149420EA0142101500
B1019184207314N00149420EA0142201500
B1019194207314N00149420EA0142201500
B1019204207314N00149420EA0142201500
B1019214207314N00149420EA0142201500
B1019224207314N00149420EA0142101500
B1019234207314N00149421EA0142101500
B1019244207314N00149421EA0142101500
B1019254207314N00149421EA0142201500
B1019264207314N00149421EA0142101500
B1019274207314N00149421EA0142101500
B1019284207314N00149418EA0142201502
B1019284207314N00149421EA0142201500
B1019294207314N00149421EA0142201500
B1019304207314N00149421EA0142101500
B1019314207314N00149421EA0142101500
B1019324207314N00149421EA0142201500
B1019334207314N00149421EA0142201500
B1019344207314N00149420EA0142201500
B1019354207314N00149420EA0142101500
B1019364207314N00149420EA0142201500
B1019374207314N00149420EA0142201500
B1019384207314N00149420EA0142201500
B1019394207314N00149420EA0142201501
B1019404207314N00149420EA0142101501
B1019414207314N00149420EA0142201501
B1019424207314N00149420EA0142201501
B1019434207314N00149420EA0142201501
B1019444207314N00149420EA0142201501
B1019454207314N00149419EA0142201501
B1019464207314N00149419EA0142201502
B1019474207314N00149419EA0142201502
B1019484207314N00149419EA0142201501
B1019494207314N00149420EA0142201501
B1019504207314N00149419EA0142201501
B1019514207314N00149420EA0142201502
B1019524207315N00149420EA0142201501
B1019534207314N00149420EA0142201501
B1019544207314N00149420EA0142201501
B1019554207314N00149420EA0142201501
B1019564207314N00149421EA0142201500
B1019574207314N00149421EA0142201500
B1019584207314N00149421EA0142201499
B1019594207314N00149421EA0142201499
B1020004207314N00149421EA0142201499
B1020014207314N00149421EA0142201499
B1020024207314N00149421EA0142201499
B1020034207314N00149421EA0142201499
B1020044207314N00149422EA0142201499
B1020054207314N00149422EA0142201498
B1020064207314N00149422EA0142201498
B1020074207314N00149422EA0142201499
B1020084207314N00149422EA0142201499
B1020094207314N00149422EA0142201498
B1020104207314N00149422EA0142201498
B1020114207314N00149422EA0142201498
B1020124207314N00149422EA0142201498
B1020134207314N00149422EA0142201498
B1020144207314N00149422EA0142201498
B1020154207314N00149423EA0142201498
B1020164207314N00149423EA0142201498
B1020174207314N00149423EA0142201497
B1020184207314N00149423EA0142201497
B1020194207313N00149423EA0142201497
B1020204207313N00149423EA0142201497
B1020214207313N00149423EA0142201497
B1020224207313N00149423EA0142201497
B1020234207313N00149423EA0142201497
B1020244207313N00149423EA0142201497
B1020254207313N00149423EA0142301497
B1020264207313N00149423EA0142201496
B1020274207313N00149423EA0142201497
B1020284207313N00149423EA0142201497
B1020294207313N00149423EA0142201497
B1020304207313N00149423EA0142201497
B1020314207313N00149423EA0142201497
B1020324207313N00149423EA0142201497
B1020334207314N00149422EA0142201496
B1020344207314N00149422EA0142201497
B1020354207314N00149422EA0142201498
B1020364207314N00149422EA0142201498
B1020374207314N00149422EA0142201498
B1020384207314N00149422EA0142201498
B1020394207314N00149423EA0142201497
B1020404207314N00149423EA0142201496
B1020414207313N00149424EA0142201495
B1020424207313N00149423EA0142201495
B1020434207313N00149424EA0142201495
B1020444207313N00149424EA0142201495
B1020454207313N00149424EA0142201495
B1020464207313N00149424EA0142201495
B1020474207313N00149424EA0142201495
B1020484207312N00149424EA0142201495
B1020494207312N00149424EA0142201495
B1020504207312N00149424EA0142201495
B1020514207312N00149424EA0142201495
B1020524207312N00149424EA0142201495
B1020534207312N00149424EA0142201495
B1020544207312N00149423EA0142201495
B1020554207312N00149423EA0142201496
B1020564207312N00149422EA0142201497
B1020574207312N00149422EA0142201498
B1020584207312N00149421EA0142201499
B1020594207312N00149421EA0142201500
B1021004207312N00149422EA0142201500
B1021014207312N00149422EA0142201500
B1021024207312N00149422EA0142201499
B1021034207312N00149422EA0142201500
B1021044207312N00149422EA0142201500
B1021054207312N00149422EA0142201500
B1021064207312N00149422EA0142201500
B1021074207313N00149422EA0142201500
B1021084207313N00149422EA0142201499
B1021094207313N00149422EA0142201499
B1021104207313N00149422EA0142201499
B1021114207313N00149422EA0142201499
B1021124207313N00149422EA0142201499
B1021134207313N00149422EA0142201498
B1021144207313N00149422EA0142201498
B1021154207313N00149422EA0142201499
B1021164207314N00149422EA0142201499
B1021174207314N00149422EA0142201499
B1021184207314N00149422EA0142201498
B1021194207314N00149423EA0142201498
B1021204207314N00149422EA0142101498
B1021214207314N00149422EA0142201498
B1021224207314N00149422EA0142201498
B1021234207314N00149422EA0142201498
B1021244207314N00149422EA0142201499
B1021254207314N00149422EA0142201499
B1021264207314N00149422EA0142201499
B1021274207314N00149422EA0142201499
B1021284207314N00149422EA0142201500
B1021294207314N00149422EA0142201500
B1021304207314N00149422EA0142201499
B1021314207314N00149421EA0142201499
B1021324207314N00149421EA0142201500
B1021334207314N00149422EA0142201499
B1021344207314N00149421EA0142201499
B1021354207314N00149421EA0142201499
B1021364207314N00149421EA0142201499
B1021374207314N00149421EA0142201499
B1021384207314N00149421EA0142201500
B1021394207314N00149421EA0142201500
B1021404207314N00149421EA0142201500
B1021414207314N00149421EA0142201500
B1021424207314N00149420EA0142201500
B1021434207314N00149420EA0142201500
B1021444207314N00149419EA0142201501
B1021454207314N00149419EA0142201502
B1021464207314N00149419EA0142201503
B1021474207314N00149419EA0142201503
B1021484207314N00149419EA0142201502
B1021494207314N00149419EA0142201502
B1021504207314N00149419EA0142201502
B1021514207314N00149419EA0142201502
B1021524207314N00149420EA0142201502
B1021534207314N00149420EA0142201501
B1021544207314N00149420EA0142201501
B1021554207314N00149420EA0142201501
B1021564207314N00149420EA0142201501
B1021574207314N00149421EA0142201501
B1021584207314N00149421EA0142201501
B1021594207314N00149421EA0142201501
B1022004207314N00149421EA0142201500
B1022014207314N00149421EA0142201500
B1022024207314N00149421EA0142201500
B1022034207314N00149421EA0142201500
B1022044207315N00149421EA0142201500
B1022054207315N00149421EA0142201499
B1022064207315N00149421EA0142201499
B1022074207315N00149421EA0142201499
B1022084207315N00149421EA0142201499
B1022094207315N00149421EA0142201499
B1022104207315N00149421EA0142201499
B1022114207315N00149421EA0142101499
B1022124207315N00149421EA0142201498
B1022134207315N00149421EA0142201498
B1022144207315N00149421EA0142201498
B1022154207315N00149421EA0142201498
B1022164207315N00149421EA0142201497
B1022174207315N00149421EA0142201497
B1022184207315N00149422EA0142101497
B1022194207315N00149422EA0142201497
B1022204207315N00149422EA0142201496
B1022214207316N00149422EA0142101496
B1022224207316N00149422EA0142201496
B1022234207316N00149422EA0142201496
B1022244207316N00149422EA0142201496
B1022254207316N00149422EA0142201496
B1022264207316N00149422EA0142201496
B1022274207316N00149422EA0142201496
B1022284207316N00149422EA0142201496
B1022294207316N00149422EA0142201496
B1022304207316N00149422EA0142201497
B1022314207316N00149422EA0142201496
B1022324207316N00149422EA0142201496
B1022334207316N00149422EA0142201497
B1022344207316N00149422EA0142201496
B1022354207316N00149423EA0142101497
B1022364207316N00149422EA0142201496
B1022374207316N00149422EA0142201496
B1022384207316N00149422EA0142101496
B1022394207316N00149422EA0142201496
B1022404207316N00149422EA0142201496
B1022414207316N00149422EA0142101496
B1022424207316N00149422EA0142201497
B1022434207316N00149422EA0142201496
B1022444207316N00149421EA0142201496
B1022454207316N00149421EA0142201497
B1022464207316N00149421EA0142201497
B1022474207316N00149421EA0142201497
B1022484207316N00149421EA0142101497
B1022494207316N00149421EA0142201497
B1022504207316N00149421EA0142101497
B1022514207316N00149421EA0142201497
B1022524207316N00149421EA0142201497
B1022534207316N00149421EA0142201497
B1022544207316N00149420EA0142101497
B1022554207316N00149420EA0142201497
B1022564207316N00149420EA0142201497
B1022574207315N00149420EA0142201497
B1022584207315N00149419EA0142201498
B1022594207315N00149419EA0142201498
B1023004207315N00149419EA0142201498
B1023014207314N00149419EA0142201498
B1023024207314N00149419EA0142201499
B1023034207314N00149419EA0142201499
B1023044207313N00149418EA0142201499
B1023054207313N00149418EA0142201499
B1023064207313N00149418EA0142201499
B1023074207313N00149418EA0142201498
B1023084207313N00149418EA0142201498
B1023094207313N00149418EA0142201498
B1023104207313N00149418EA0142201498
B1023114207313N00149418EA0142201498
B1023124207313N00149418EA0142201497
B1023134207313N00149418EA0142201497
B1023144207313N00149418EA0142201497
B1023154207313N00149418EA0142201497
B1023164207313N00149418EA0142201498
B1023174207313N00149418EA0142201498
B1023184207313N00149418EA0142201498
B1023194207313N00149418EA0142201497
B1023204207313N00149419EA0142201497
B1023214207313N00149419EA0142301497
B1023224207313N00149419EA0142301497
B1023234207313N00149419EA0142301497
B1023244207312N00149419EA0142201497
B1023254207312N00149419EA0142301497
B1023264207312N00149419EA0142201497
B1023274207312N00149419EA0142301497
B1023284207312N00149419EA0142301497
B1023294207312N00149419EA0142301497
B1023304207312N00149419EA0142301497
B1023314207311N00149419EA0142301497
B1023324207311N00149419EA0142201497
B1023334207311N00149419EA0142301497
B1023344207310N00149419EA0142301496
B1023354207310N00149419EA0142201496
B1023364207309N00149420EA0142301496
B1023374207309N00149420EA0142301495
B1023384207308N00149420EA0142301495
B1023394207308N00149421EA0142301495
B1023404207308N00149421EA0142301495
B1023414207308N00149421EA0142201494
B1023424207307N00149422EA0142201494
B1023434207307N00149422EA0142301493
B1023444207307N00149422EA0142301493
B1023454207307N00149423EA0142201493
B1023464207307N00149423EA0142301493
B1023474207307N00149423EA0142301494
B1023484207307N00149423EA0142301494
B1023494207307N00149423EA0142301494
B1023504207307N00149423EA0142201494
B1023514207306N00149423EA0142201494
B1023524207306N00149423EA0142301494
B1023534207306N00149423EA0142301494
B1023544207306N00149423EA0142301495
B1023554207306N00149423EA0142301495
B1023564207306N00149423EA0142201495
B1023574207306N00149423EA0142201495
B1023584207306N00149423EA0142201495
B1023594207306N00149423EA0142301495
B1024004207306N00149423EA0142301495
B1024014207306N00149423EA0142301495
B1024024207306N00149423EA0142201495
B1024034207306N00149423EA0142201495
B1024044207306N00149423EA0142201495
B1024054207306N00149423EA0142301495
B1024064207306N00149423EA0142301495
B1024074207306N00149423EA0142301496
B1024084207306N00149423EA0142301496
B1024094207306N00149423EA0142201496
B1024104207306N00149423EA0142201496
B1024114207306N00149424EA0142201496
B1024124207306N00149424EA0142201496
B1024134207306N00149423EA0142201496
B1024144207306N00149423EA0142201496
B1024154207306N00149423EA0142301496
B1024164207306N00149423EA0142201495
B1024174207306N00149423EA0142301496
B1024184207306N00149423EA0142201496
B1024194207306N00149423EA0142201496
B1024204207306N00149423EA0142201496
B1024214207306N00149423EA0142201496
B1024224207306N00149423EA0142301496
B1024234207306N00149423EA0142201496
B1024244207306N00149423EA0142301496
B1024254207306N00149423EA0142201495
B1024264207306N00149423EA0142201495
B1024274207306N00149423EA0142201495
B1024284207306N00149423EA0142201495
B1024294207306N00149423EA0142301495
B1024304207306N00149423EA0142201495
B1024314207306N00149423EA0142201495
B1024324207306N00149423EA0142201495
B1024334207306N00149423EA0142201495
B1024344207306N00149423EA0142201494
B1024354207306N00149423EA0142201494
B1024364207307N00149423EA0142301494
B1024374207307N00149423EA0142301493
B1024384207307N00149423EA0142201493
B1024394207307N00149422EA0142201493
B1024404207307N00149422EA0142201493
B1024414207307N00149422EA0142301492
B1024424207307N00149422EA0142301492
B1024434207307N00149422EA0142201492
B1024444207307N00149422EA0142201492
B1024454207307N00149422EA0142201492
B1024464207307N00149422EA0142301493
B1024474207307N00149422EA0142201493
B1024484207307N00149422EA0142201493
B1024494207307N00149422EA0142201493
B1024504207307N00149422EA0142201493
B1024514207307N00149422EA0142301493
B1024524207307N00149422EA0142201493
B1024534207307N00149422EA0142201493
B1024544207307N00149422EA0142201492
B1024554207307N00149422EA0142201492
B1024564207307N00149422EA0142201492
B1024574207307N00149422EA0142201492
B1024584207307N00149421EA0142201492
B1024594207307N00149421EA0142201491
B1025004207307N00149421EA0142201491
B1025014207307N00149421EA0142201491
B1025024207307N00149421EA0142201491
B1025034207307N00149421EA0142201491
B1025044207307N00149421EA0142201491
B1025054207308N00149421EA0142201490
B1025064207308N00149421EA0142201490
B1025074207308N00149421EA0142201490
B1025084207308N00149421EA0142201490
B1025094207308N00149421EA0142201490
B1025104207308N00149421EA0142201490
B1025114207308N00149421EA0142201490
B1025124207308N00149421EA0142201490
B1025134207308N00149421EA0142201490
B1025144207307N00149421EA0142201490
B1025154207307N00149421EA0142201491
B1025164207307N00149422EA0142201491
B1025174207307N00149422EA0142201491
B1025184207307N00149422EA0142201491
B1025194207307N00149422EA0142201491
B1025204207307N00149422EA0142201492
B1025214207307N00149422EA0142201492
B1025224207307N00149422EA0142201492
B1025234207307N00149422EA0142301492
B1025244207307N00149422EA0142301492
B1025254207307N00149422EA0142301493
B1025264207307N00149422EA0142201493
B1025274207307N00149422EA0142201493
B1025284207306N00149422EA0142201494
B1025294207306N00149422EA0142201494
B1025304207306N00149422EA0142201494
B1025314207306N00149422EA0142301494
B1025324207306N00149422EA0142301494
B1025334207306N00149422EA0142201494
B1025344207306N00149423EA0142201494
B1025354207306N00149422EA0142301494
B1025364207306N00149422EA0142201494
B1025374207306N00149422EA0142301494
B1025384207307N00149422EA0142301494
B1025394207307N00149422EA0142301494
B1025404207307N00149422EA0142301493
B1025414207307N00149422EA0142201493
B1025424207307N00149422EA0142201493
B1025434207307N00149422EA0142201493
B1025444207307N00149422EA0142201494
B1025454207307N00149422EA0142201494
B1025464207307N00149422EA0142201493
B1025474207307N00149422EA0142201493
B1025484207307N00149422EA0142201493
B1025494207307N00149422EA0142201493
B1025504207307N00149422EA0142201493
B1025514207307N00149422EA0142201493
B1025524207307N00149422EA0142201493
B1025534207307N00149423EA0142201493
B1025544207306N00149422EA0142201493
B1025554207306N00149422EA0142201493
B1025564207306N00149422EA0142201493
B1025574207306N00149422EA0142201493
B1025584207306N00149423EA0142201493
B1025594207306N00149423EA0142201493
B1026004207306N00149423EA0142201494
B1026014207306N00149423EA0142201494
B1026024207306N00149423EA0142201494
B1026034207306N00149423EA0142201494
B1026044207306N00149423EA0142201494
B1026054207305N00149424EA0142201494
B1026064207305N00149424EA0142201495
B1026074207305N00149424EA0142201495
B1026084207305N00149424EA0142201495
B1026094207305N00149424EA0142301495
B1026104207305N00149424EA0142201496
B1026114207305N00149424EA0142201496
B1026124207305N00149424EA0142201496
B1026134207305N00149424EA0142201496
B1026144207305N00149424EA0142201496
B1026154207305N00149424EA0142201497
B1026164207305N00149424EA0142201497
B1026174207305N00149424EA0142201497
B1026184207305N00149424EA0142201497
B1026194207305N00149424EA0142201497
B1026204207305N00149424EA0142201497
B1026214207305N00149424EA0142201497
B1026224207305N00149424EA0142201497
B1026234207305N00149424EA0142201497
B1026244207306N00149424EA0142201497
B1026254207306N00149424EA0142201497
B1026264207306N00149424EA0142201497
B1026274207306N00149424EA0142201497
B1026284207306N00149424EA0142201496
B1026294207306N00149424EA0142201496
B1026304207306N00149424EA0142201496
B1026314207306N00149424EA0142201496
B1026324207306N00149424EA0142301496
B1026334207306N00149424EA0142201496
B1026344207306N00149424EA0142201496
B1026354207306N00149424EA0142201496
B1026364207306N00149424EA0142201496
B1026374207306N00149424EA0142201496
B1026384207306N00149424EA0142201496
B1026394207306N00149424EA0142201496
B1026404207306N00149424EA0142301496
B1026414207306N00149424EA0142201496
B1026424207306N00149424EA0142301496
B1026434207306N00149424EA0142301496
B1026444207306N00149424EA0142201496
B1026454207306N00149424EA0142301496
B1026464207306N00149425EA0142301497
B1026474207306N00149425EA0142201497
B1026484207306N00149425EA0142201497
B1026494207306N00149425EA0142201497
B1026504207306N00149425EA0142201497
B1026514207306N00149425EA0142201497
B1026524207306N00149425EA0142301497
B1026534207306N00149425EA0142201497
B1026544207306N00149425EA0142201496
B1026554207306N00149425EA0142201496
B1026564207306N00149425EA0142201496
B1026574207307N00149425EA0142201496
B1026584207307N00149424EA0142201496
B1026594207307N00149424EA0142201496
B1027004207307N00149424EA0142201496
B1027014207308N00149424EA0142201497
B1027024207308N00149424EA0142201497
B1027034207309N00149424EA0142201497
B1027044207309N00149423EA0142201497
B1027054207309N00149423EA0142201497
B1027064207309N00149422EA0142201497
B1027074207309N00149422EA0142201496
B1027084207309N00149421EA0142201496
B1027094207310N00149421EA0142201496
B1027104207310N00149421EA0142201496
B1027114207311N00149420EA0142201496
B1027124207311N00149420EA0142201496
B1027134207312N00149420EA0142201496
B1027144207312N00149420EA0142201496
B1027154207313N00149420EA0142101496
B1027164207313N00149420EA0142201496
B1027174207313N00149420EA0142201496
B1027184207313N00149420EA0142201495
B1027194207313N00149420EA0142101495
B1027204207313N00149420EA0142101495
B1027214207314N00149420EA0142101495
B1027224207314N00149420EA0142101495
B1027234207314N00149420EA0142101495
B1027244207314N00149420EA0142101495
B1027254207314N00149420EA0142101496
B1027264207315N00149420EA0142101497
B1027274207315N00149420EA0142201497
B1027284207315N00149420EA0142201497
B1027294207315N00149420EA0142201497
B1027304207315N00149420EA0142201498
B1027314207315N00149420EA0142201498
B1027324207315N00149420EA0142101497
B1027334207315N00149420EA0142201497
B1027344207315N00149420EA0142201497
B1027354207315N00149420EA0142201497
B1027364207315N00149420EA0142201497
B1027374207315N00149420EA0142101497
B1027384207315N00149420EA0142201497
B1027394207315N00149421EA0142101497
B1027404207315N00149421EA0142201497
B1027414207315N00149421EA0142101497
B1027424207315N00149421EA0142101497
B1027434207315N00149421EA0142101497
B1027444207315N00149421EA0142101497
B1027454207315N00149421EA0142101497
B1027464207315N00149421EA0142201497
B1027474207315N00149421EA0142101496
B1027484207315N00149420EA0142101496
B1027494207315N00149420EA0142101496
B1027504207315N00149420EA0142101496
B1027514207315N00149420EA0142201495
B1027524207314N00149420EA0142201495
B1027534207314N00149419EA0142101495
B1027544207313N00149419EA0142201495
B1027554207313N00149419EA0142201496
B1027564207312N00149418EA0142301495
B1027574207312N00149418EA0142201495
B1027584207312N00149417EA0142201495
B1027594207311N00149416EA0142301496
B1028004207311N00149416EA0142301496
B1028014207311N00149416EA0142301496
B1028024207311N00149415EA0142301496
B1028034207311N00149415EA0142201497
B1028044207311N00149415EA0142201497
B1028054207311N00149415EA0142301497
B1028064207311N00149415EA0142201498
B1028074207311N00149415EA0142201498
B1028084207311N00149414EA0142201498
B1028094207311N00149415EA0142201497
B1028104207311N00149415EA0142201497
B1028114207311N00149416EA0142201497
B1028124207310N00149416EA0142201498
B1028134207310N00149416EA0142201498
B1028144207310N00149416EA0142201498
B1028154207310N00149416EA0142201498
B1028164207310N00149416EA0142201498
B1028174207310N00149416EA0142201498
B1028184207311N00149416EA0142201498
B1028194207311N00149416EA0142201498
B1028204207311N00149416EA0142201499
B1028214207311N00149416EA0142201498
B1028224207310N00149416EA0142201498
B1028234207311N00149416EA0142201498
B1028244207311N00149416EA0142201498
B1028254207311N00149415EA0142201499
B1028264207311N00149415EA0142201499
B1028274207311N00149415EA0142301500
B1028284207312N00149415EA0142201500
B1028294207312N00149415EA0142301500
B1028304207313N00149415EA0142301500
B1028314207313N00149416EA0142201501
B1028324207314N00149417EA0142201500
B1028334207314N00149418EA0142201500
B1028344207314N00149418EA0142201500
B1028354207314N00149419EA0142201500
B1028364207315N00149420EA0142101500
B1028374207315N00149420EA0142201498
B1028384207315N00149420EA0142101498
B1028394207315N00149420EA0142101498
B1028404207315N00149420EA0142101498
B1028414207315N00149420EA0142201498
B1028424207315N00149420EA0142201497
B1028434207315N00149420EA0142101497
B1028444207315N00149420EA0142101497
B1028454207314N00149420EA0142201497
B1028464207315N00149421EA0142201497
B1028474207314N00149421EA0142101496
B1028484207315N00149421EA0142201496
B1028494207315N00149421EA0142101496
B1028504207315N00149421EA0142101496
B1028514207314N00149421EA0142101496
B1028524207314N00149421EA0142201495
B1028534207314N00149421EA0142201495
B1028544207314N00149421EA0142201495
B1028554207314N00149421EA0142201496
B1028564207314N00149421EA0142201496
B1028574207314N00149421EA0142101495
B1028584207314N00149421EA0142101495
B1028594207314N00149421EA0142201495
B1029004207314N00149421EA0142101495
B1029014207314N00149421EA0142101495
B1029024207314N00149421EA0142101495
B1029034207314N00149421EA0142101495
B1029044207314N00149421EA0142101495
B1029054207314N00149421EA0142101495
B1029064207314N00149421EA0142101496
B1029074207314N00149421EA0142101496
B1029084207314N00149421EA0142101496
B1029094207314N00149421EA0142101496
B1029104207314N00149421EA0142201496
B1029114207314N00149421EA0142101496
B1029124207314N00149421EA0142101496
B1029134207314N00149420EA0142201496
B1029144207314N00149420EA0142201496
B1029154207314N00149420EA0142101496
B1029164207313N00149419EA0142201496
B1029174207313N00149419EA0142201496
B1029184207312N00149418EA0142201496
B1029194207312N00149417EA0142301495
B1029204207311N00149417EA0142301495
B1029214207310N00149416EA0142201495
B1029224207311N00149416EA0142201496
B1029234207311N00149417EA0142301495
B1029244207311N00149417EA0142201496
B1029254207311N00149418EA0142201495
B1029264207311N00149418EA0142201496
B1029274207311N00149418EA0142201496
B1029284207311N00149418EA0142201496
B1029294207310N00149417EA0142301496
B1029304207310N00149416EA0142301496
B1029314207310N00149416EA0142301496
B1029324207311N00149415EA0142301496
B1029334207310N00149414EA0142301496
B1029344207310N00149414EA0142301497
B1029354207310N00149414EA0142301498
B1029364207309N00149414EA0142301497
B1029374207309N00149413EA0142201497
B1029384207309N00149413EA0142301498
B1029394207309N00149414EA0142301498
B1029404207309N00149415EA0142301498
B1029414207309N00149415EA0142201498
B1029424207310N00149416EA0142301498
B1029434207310N00149416EA0142201497
B1029444207309N00149416EA0142201497
B1029454207309N00149416EA0142301498
B1029464207309N00149416EA0142301498
B1029474207309N00149416EA0142201499
B1029484207309N00149416EA0142301499
B1029494207309N00149417EA0142301499
B1029504207309N00149417EA0142301499
B1029514207309N00149417EA0142201499
B1029524207308N00149417EA0142201500
B1029534207308N00149417EA0142301500
B1029544207308N00149417EA0142201500
B1029554207308N00149417EA0142301500
B1029564207308N00149417EA0142301500
B1029574207308N00149417EA0142301500
B1029584207308N00149417EA0142301500
B1029594207308N00149417EA0142201501
B1030004207308N00149417EA0142201501
B1030014207308N00149417EA0142201501
B1030024207308N00149417EA0142301501
B1030034207308N00149417EA0142201501
B1030044207309N00149417EA0142301501
B1030054207309N00149417EA0142201501
B1030064207309N00149417EA0142201501
B1030074207309N00149417EA0142201501
B1030084207309N00149417EA0142301501
B1030094207309N00149417EA0142301501
B1030104207309N00149417EA0142301501
B1030114207309N00149417EA0142301501
B1030124207309N00149417EA0142301501
B1030134207309N00149417EA0142301501
B1030144207309N00149417EA0142301501
B1030154207309N00149417EA0142301501
B1030164207309N00149417EA0142301501
B1030174207309N00149417EA0142201501
B1030184207309N00149416EA0142301501
B1030194207309N00149416EA0142301501
B1030204207309N00149417EA0142201501
B1030214207309N00149417EA0142301500
B1030224207309N00149416EA0142401500
B1030234207309N00149416EA0142401500
B1030244207309N00149416EA0142301500
B1030254207309N00149417EA0142301500
B1030264207309N00149416EA0142401500
B1030274207309N00149417EA0142401500
B1030284207309N00149417EA0142301500
B1030294207309N00149417EA0142401500
B1030304207309N00149417EA0142301500
B1030314207309N00149416EA0142401500
B1030324207310N00149416EA0142301500
B1030334207310N00149416EA0142301500
B1030344207311N00149416EA0142301500
B1030354207311N00149415EA0142301499
B1030364207311N00149415EA0142301499
B1030374207311N00149416EA0142301498
B1030384207310N00149416EA0142301498
B1030394207310N00149417EA0142401498
B1030404207310N00149418EA0142401498
B1030414207310N00149418EA0142401498
B1030424207310N00149418EA0142301498
B1030434207310N00149418EA0142301498
B1030444207309N00149418EA0142301498
B1030454207310N00149418EA0142401498
B1030464207310N00149418EA0142301498
B1030474207309N00149418EA0142301498
B1030484207309N00149418EA0142301498
B1030494207309N00149418EA0142401498
B1030504207309N00149418EA0142401498
B1030514207309N00149418EA0142401498
B1030524207310N00149418EA0142301498
B1030534207310N00149418EA0142301498
B1030544207310N00149418EA0142401498
B1030554207310N00149418EA0142301498
B1030564207310N00149418EA0142301498
B1030574207310N00149418EA0142301499
B1030584207310N00149418EA0142301499
B1030594207310N00149418EA0142301499
B1031004207311N00149417EA0142301499
B1031014207311N00149417EA0142401499
B1031024207311N00149417EA0142301499
B1031034207311N00149417EA0142301499
B1031044207311N00149417EA0142301500
B1031054207311N00149417EA0142301500
B1031064207311N00149417EA0142301500
B1031074207311N00149417EA0142301500
B1031084207311N00149417EA0142301500
B1031094207311N00149417EA0142301500
B1031104207311N00149417EA0142301500
B1031114207311N00149416EA0142301501
B1031124207311N00149416EA0142401501
B1031134207312N00149415EA0142401501
B1031144207312N00149415EA0142301501
B1031154207311N00149415EA0142301500
B1031164207311N00149415EA0142301500
B1031174207311N00149415EA0142301501
B1031184207311N00149415EA0142301501
B1031194207311N00149415EA0142401501
B1031204207311N00149415EA0142301501
B1031214207311N00149415EA0142401500
B1031224207311N00149415EA0142301501
B1031234207311N00149415EA0142301501
B1031244207312N00149415EA0142301501
B1031254207312N00149415EA0142301501
B1031264207312N00149415EA0142401501
B1031274207312N00149415EA0142301501
B1031284207312N00149415EA0142301501
B1031294207312N00149415EA0142301501
B1031304207312N00149415EA0142301501
B1031314207312N00149415EA0142301501
B1031324207312N00149415EA0142301501
B1031334207312N00149415EA0142301501
B1031344207312N00149415EA0142301501
B1031354207313N00149415EA0142301501
B1031364207313N00149415EA0142301501
B1031374207313N00149415EA0142301501
B1031384207313N00149415EA0142301501
B1031394207313N00149415EA0142301501
B1031404207313N00149415EA0142401501
B1031414207313N00149415EA0142301501
B1031424207313N00149414EA0142201501
B1031434207313N00149414EA0142301501
B1031444207313N00149414EA0142201501
B1031454207313N00149414EA0142301501
B1031464207313N00149414EA0142301501
B1031474207313N00149414EA0142401501
B1031484207313N00149414EA0142301501
B1031494207312N00149414EA0142301501
B1031504207312N00149415EA0142301501
B1031514207313N00149415EA0142301502
B1031524207313N00149415EA0142301502
B1031534207314N00149416EA0142201501
B1031544207314N00149416EA0142301502
B1031554207315N00149417EA0142201502
B1031564207315N00149418EA0142201502
B1031574207316N00149418EA0142201502
B1031584207316N00149418EA0142201502
B1031594207316N00149419EA0142201502
B1032004207316N00149419EA0142201501
B1032014207316N00149420EA0142101501
B1032024207315N00149420EA0142201500
B1032034207315N00149420EA0142201501
B1032044207315N00149420EA0142201500
B1032054207315N00149420EA0142101499
B1032064207315N00149420EA0142201499
B1032074207315N00149420EA0142201499
B1032084207315N00149420EA0142201499
B1032094207315N00149420EA0142201499
B1032104207315N00149419EA0142201500
B1032114207315N00149419EA0142201500
B1032124207314N00149420EA0142201500
B1032134207314N00149420EA0142201499
B1032144207314N00149420EA0142201499
B1032154207314N00149419EA0142101499
B1032164207314N00149419EA0142101499
B1032174207314N00149420EA0142101498
B1032184207314N00149419EA0142101498
B1032194207314N00149420EA0142201498
B1032204207314N00149420EA0142101498
B1032214207314N00149420EA0142101498
B1032224207314N00149420EA0142101498
B1032234207314N00149420EA0142101498
B1032244207314N00149420EA0142101498
B1032254207314N00149420EA0142101498
B1032264207314N00149419EA0142201498
B1032274207314N00149420EA0142201498
B1032284207314N00149420EA0142201498
B1032294207314N00149420EA0142101498
B1032304207314N00149419EA0142101499
B1032314207314N00149419EA0142201499
B1032324207314N00149419EA0142101499
B1032334207314N00149419EA0142201499
B1032344207314N00149419EA0142201499
B1032354207314N00149420EA0142201499
B1032364207314N00149420EA0142201499
B1032374207314N00149420EA0142201500
B1032384207314N00149419EA0142201500
B1032394207314N00149419EA0142201500
B1032404207314N00149419EA0142201500
B1032414207314N00149420EA0142201500
B1032424207314N00149420EA0142201500
B1032434207314N00149420EA0142201500
B1032444207314N00149420EA0142101500
B1032454207315N00149420EA0142101499
B1032464207315N00149420EA0142201500
B1032474207315N00149420EA0142201500
B1032484207315N00149420EA0142201500
B1032494207315N00149420EA0142201500
B1032504207315N00149420EA0142201500
B1032514207315N00149420EA0142201500
B1032524207315N00149420EA0142201500
B1032534207315N00149420EA0142201500
B1032544207315N00149420EA0142201499
B1032554207315N00149420EA0142201499
B1032564207315N00149420EA0142101499
B1032574207315N00149420EA0142201499
B1032584207315N00149420EA0142201499
B1032594207315N00149420EA0142201499
B1033004207315N00149420EA0142201498
B1033014207315N00149420EA0142201499
B1033024207315N00149421EA0142201498
B1033034207315N00149421EA0142101499
B1033044207315N00149420EA0142201499
B1033054207315N00149420EA0142201499
B1033064207315N00149420EA0142101499
B1033074207315N00149420EA0142201499
B1033084207315N00149420EA0142201499
B1033094207315N00149420EA0142201498
B1033104207315N00149420EA0142101498
B1033114207315N00149420EA0142201498
B1033124207315N00149420EA0142201497
B1033134207315N00149421EA0142101497
B1033144207315N00149421EA0142201496
B1033154207315N00149421EA0142201496
B1033164207315N00149421EA0142201496
B1033174207315N00149421EA0142101496
B1033184207315N00149421EA0142201496
B1033194207315N00149421EA0142201496
B1033204207315N00149420EA0142201496
B1033214207315N00149420EA0142201496
B1033224207315N00149420EA0142201496
B1033234207315N00149421EA0142201496
B1033244207315N00149421EA0142201496
B1033254207315N00149421EA0142201496
B1033264207315N00149421EA0142201496
B1033274207315N00149421EA0142201496
B1033284207314N00149421EA0142201496
B1033294207314N00149421EA0142201496
B1033304207314N00149421EA0142201496
B1033314207314N00149421EA0142201496
B1033324207314N00149421EA0142201497
B1033334207314N00149421EA0142201496
B1033344207315N00149421EA0142201497
B1033354207315N00149421EA0142101496
B1033364207315N00149420EA0142201496
B1033374207315N00149420EA0142201496
B1033384207315N00149420EA0142201497
B1033394207315N00149420EA0142201497
B1033404207315N00149419EA0142201497
B1033414207315N00149419EA0142201497
B1033424207315N00149419EA0142201498
B1033434207315N00149418EA0142201498
B1033444207315N00149418EA0142201497
B1033454207315N00149418EA0142201498
B1033464207315N00149418EA0142101498
B1033474207315N00149419EA0142201498
B1033484207315N00149419EA0142201497
B1033494207315N00149419EA0142101497
B1033504207315N00149419EA0142101497
B1033514207315N00149419EA0142201497
B1033524207315N00149419EA0142101496
B1033534207314N00149419EA0142201496
B1033544207315N00149419EA0142201497
B1033554207314N00149419EA0142201498
B1033564207314N00149420EA0142201499
B1033574207315N00149420EA0142201500
B1033584207315N00149419EA0142201500
B1033594207315N00149419EA0142201500
B1034004207315N00149419EA0142201500
B1034014207315N00149419EA0142201500
B1034024207314N00149419EA0142201500
B1034034207314N00149420EA0142201499
B1034044207314N00149420EA0142201499
B1034054207314N00149420EA0142201499
B1034064207314N00149420EA0142201499
B1034074207314N00149420EA0142201499
B1034084207314N00149420EA0142201499
B1034094207314N00149420EA0142201499
B1034104207314N00149420EA0142201499
B1034114207314N00149420EA0142201499
B1034124207314N00149421EA0142201498
B1034134207314N00149421EA0142201499
B1034144207314N00149421EA0142201499
B1034154207314N00149420EA0142201499
B1034164207314N00149421EA0142301499
B1034174207314N00149421EA0142201499
B1034184207314N00149421EA0142201499
B1034194207314N00149421EA0142201498
B1034204207314N00149420EA0142201498
B1034214207314N00149420EA0142101496
B1034224207314N00149420EA0142201495
B1034234207314N00149420EA0142101494
B1034244207314N00149421EA0142101495
B1034254207314N00149421EA0142101495
B1034264207314N00149421EA0142101495
B1034274207314N00149421EA0142101494
B1034284207314N00149421EA0142101494
B1034294207314N00149421EA0142101493
B1034304207314N00149421EA0142101493
B1034314207314N00149421EA0142101493
B1034324207314N00149421EA0142101493
B1034334207314N00149421EA0142101493
B1034344207314N00149421EA0142101493
B1034354207314N00149421EA0142101493
B1034364207314N00149421EA0142101493
B1034374207314N00149421EA0142101493
B1034384207314N00149421EA0142101493
B1034394207314N00149421EA0142101493
B1034404207314N00149421EA0142101493
B1034414207314N00149421EA0142101493
B1034424207314N00149421EA0142101493
B1034434207314N00149421EA0142101493
B1034444207314N00149422EA0142101493
B1034454207314N00149421EA0142101493
B1034464207314N00149421EA0142101493
B1034474207314N00149421EA0142201493
B1034484207314N00149421EA0142201494
B1034494207314N00149421EA0142101494
B1034504207314N00149421EA0142101494
B1034514207314N00149421EA0142101493
B1034524207314N00149422EA0142101494
B1034534207314N00149422EA0142101494
B1034544207314N00149422EA0142201493
B1034554207314N00149422EA0142101494
B1034564207314N00149422EA0142101494
B1034574207314N00149422EA0142201494
B1034584207314N00149422EA0142101494
B1034594207314N00149422EA0142101495
B1035004207314N00149422EA0142101495
B1035014207314N00149422EA0142101495
B1035024207314N00149422EA0142101495
B1035034207314N00149422EA0142201495
B1035044207314N00149422EA0142101495
B1035054207314N00149422EA0142101495
B1035064207314N00149422EA0142101495
B1035074207314N00149422EA0142201495
B1035084207314N00149422EA0142101495
B1035094207314N00149422EA0142101495
B1035104207314N00149422EA0142101495
B1035114207314N00149423EA0142201495
B1035124207314N00149422EA0142201496
B1035134207314N00149422EA0142201496
B1035144207314N00149422EA0142201496
B1035154207314N00149422EA0142201497
B1035164207314N00149422EA0142201497
B1035174207314N00149422EA0142201497
B1035184207314N00149422EA0142201497
B1035194207314N00149422EA0142201497
B1035204207314N00149422EA0142201497
B1035214207314N00149422EA0142201497
B1035224207314N00149422EA0142201497
B1035234207314N00149422EA0142201497
B1035244207314N00149422EA0142201498
B1035254207314N00149422EA0142201497
B1035264207314N00149422EA0142301498
B1035274207314N00149422EA0142301498
B1035284207314N00149422EA0142201498
B1035294207315N00149422EA0142301498
B1035304207315N00149422EA0142201498
B1035314207315N00149421EA0142201498
B1035324207315N00149421EA0142201498
B1035334207315N00149421EA0142201498
B1035344207315N00149421EA0142201498
B1035354207315N00149421EA0142301498
B1035364207315N00149421EA0142201498
B1035374207315N00149421EA0142301498
B1035384207315N00149421EA0142201498
B1035394207315N00149421EA0142301498
B1035404207315N00149421EA0142201499
B1035414207315N00149421EA0142201498
B1035424207316N00149421EA0142201499
B1035434207316N00149421EA0142301498
B1035444207316N00149421EA0142301498
B1035454207315N00149421EA0142201498
B1035464207315N00149421EA0142201497
B1035474207315N00149421EA0142201497
B1035484207315N00149421EA0142301497
B1035494207315N00149422EA0142201496
B1035504207315N00149421EA0142301496
B1035514207315N00149421EA0142301496
B1035524207315N00149421EA0142301496
B1035534207315N00149422EA0142301496
B1035544207315N00149422EA0142301496
B1035554207315N00149422EA0142201496
B1035564207315N00149422EA0142301496
B1035574207315N00149422EA0142301496
B1035584207314N00149422EA0142201496
B1035594207314N00149421EA0142201497
B1036004207314N00149421EA0142201497
B1036014207314N00149421EA0142201497
B1036024207314N00149421EA0142201498
B1036034207314N00149421EA0142201498
B1036044207314N00149421EA0142301499
B1036054207314N00149421EA0142201499
B1036064207315N00149421EA0142301499
B1036074207314N00149421EA0142201499
B1036084207314N00149421EA0142201499
B1036094207315N00149421EA0142301499
B1036104207314N00149422EA0142201499
B1036114207314N00149422EA0142201500
B1036124207314N00149422EA0142201500
B1036134207314N00149422EA0142201499
B1036144207314N00149422EA0142201499
B1036154207314N00149422EA0142201499
B1036164207314N00149422EA0142201500
B1036174207314N00149422EA0142201500
B1036184207313N00149422EA0142201499
B1036194207314N00149421EA0142201500
B1036204207314N00149421EA0142201500
B1036214207314N00149421EA0142201500
B1036224207314N00149421EA0142201501
B1036234207314N00149421EA0142201500
B1036244207314N00149421EA0142201500
B1036254207314N00149421EA0142201501
B1036264207313N00149421EA0142201501
B1036274207312N00149421EA0142201502
B1036284207311N00149421EA0142201502
B1036294207311N00149421EA0142201502
B1036304207310N00149421EA0142201503
B1036314207309N00149420EA0142201503
B1036324207309N00149421EA0142201503
B1036334207308N00149420EA0142201504
B1036344207308N00149420EA0142201504
B1036354207308N00149420EA0142101504
B1036364207308N00149421EA0142201503
B1036374207308N00149421EA0142201504
B1036384207308N00149420EA0142201504
B1036394207308N00149420EA0142201503
B1036404207309N00149420EA0142201502
B1036414207309N00149420EA0142201500
B1036424207309N00149420EA0142201500
B1036434207309N00149420EA0142201500
B1036444207309N00149421EA0142201499
B1036454207309N00149421EA0142101499
B1036464207309N00149420EA0142201500
B1036474207309N00149420EA0142201500
B1036484207310N00149420EA0142201501
B1036494207310N00149420EA0142201501
B1036504207310N00149421EA0142201501
B1036514207310N00149421EA0142201501
B1036524207310N00149421EA0142201501
B1036534207310N00149421EA0142201500
B1036544207311N00149421EA0142201500
B1036554207311N00149421EA0142201500
B1036564207312N00149422EA0142101500
B1036574207312N00149423EA0142101500
B1036584207312N00149423EA0142101500
B1036594207312N00149423EA0142201500
B1037004207313N00149423EA0142101500
B1037014207313N00149423EA0142101500
B1037024207313N00149423EA0142201501
B1037034207313N00149423EA0142201501
B1037044207313N00149424EA0142201501
B1037054207313N00149424EA0142201501
B1037064207313N00149424EA0142201500
B1037074207313N00149423EA0142201500
B1037084207313N00149423EA0142201500
B1037094207313N00149423EA0142101500
B1037104207313N00149424EA0142201500
B1037114207313N00149424EA0142201500
B1037124207313N00149424EA0142201500
B1037134207313N00149424EA0142201500
B1037144207313N00149424EA0142201500
B1037154207313N00149423EA0142201500
B1037164207313N00149423EA0142201500
B1037174207312N00149423EA0142201500
B1037184207312N00149423EA0142201500
B1037194207312N00149423EA0142201500
B1037204207313N00149423EA0142201499
B1037214207313N00149423EA0142201499
B1037224207312N00149423EA0142201499
B1037234207312N00149422EA0142201499
B1037244207312N00149422EA0142201499
B1037254207313N00149421EA0142201499
B1037264207314N00149420EA0142201499
B1037274207314N00149420EA0142301498
B1037284207315N00149419EA0142201497
B1037294207315N00149419EA0142201497
B1037304207316N00149418EA0142301496
B1037314207316N00149418EA0142201495
B1037324207317N00149417EA0142201495
B1037334207318N00149416EA0142201495
B1037344207318N00149416EA0142201495
B1037354207319N00149415EA0142201495
B1037364207319N00149415EA0142201494
B1037374207319N00149415EA0142201494
B1037384207319N00149415EA0142101493
B1037394207319N00149415EA0142201493
B1037404207319N00149415EA0142101493
B1037414207319N00149415EA0142201493
B1037424207319N00149415EA0142101493
B1037434207319N00149414EA0142201493
B1037444207320N00149415EA0142101493
B1037454207320N00149415EA0142201493
B1037464207320N00149415EA0142101493
B1037474207320N00149415EA0142101493
B1037484207321N00149415EA0142201493
B1037494207321N00149415EA0142101493
B1037504207321N00149415EA0142101493
B1037514207321N00149415EA0142201493
B1037524207321N00149415EA0142201494
B1037534207321N00149414EA0142201494
B1037544207321N00149415EA0142201494
B1037554207321N00149415EA0142101494
B1037564207321N00149415EA0142101494
B1037574207322N00149415EA0142101494
B1037584207322N00149414EA0142201494
B1037594207322N00149414EA0142101495
B1038004207322N00149414EA0142101495
B1038014207322N00149414EA0142101495
B1038024207322N00149414EA0142201495
B1038034207322N00149414EA0142101495
B1038044207322N00149414EA0142101495
B1038054207322N00149414EA0142101495
B1038064207322N00149414EA0142101495
B1038074207322N00149414EA0142201495
B1038084207322N00149414EA0142101495
B1038094207322N00149414EA0142101496
B1038104207322N00149414EA0142101496
B1038114207322N00149414EA0142101496
B1038124207322N00149414EA0142101496
B1038134207322N00149414EA0142101496
B1038144207322N00149414EA0142201496
B1038154207322N00149414EA0142201496
B1038164207322N00149414EA0142201496
B1038174207322N00149414EA0142101496
B1038184207322N00149414EA0142201496
B1038194207321N00149414EA0142201496
B1038204207321N00149414EA0142201495
B1038214207320N00149414EA0142101496
B1038224207320N00149415EA0142201496
B1038234207319N00149415EA0142201496
B1038244207318N00149416EA0142201496
B1038254207318N00149417EA0142201496
B1038264207317N00149417EA0142201496
B1038274207317N00149417EA0142201496
B1038284207317N00149417EA0142201496
B1038294207316N00149418EA0142201496
B1038304207316N00149418EA0142201496
B1038314207316N00149418EA0142201496
B1038324207316N00149418EA0142201496
B1038334207316N00149419EA0142201496
B1038344207316N00149419EA0142201496
B1038354207316N00149419EA0142201496
B1038364207316N00149420EA0142201496
B1038374207316N00149421EA0142201496
B1038384207316N00149421EA0142201495
B1038394207315N00149421EA0142201495
B1038404207315N00149421EA0142201495
B1038414207315N00149421EA0142201496
B1038424207315N00149421EA0142201496
B1038434207315N00149421EA0142101495
B1038444207315N00149422EA0142201495
B1038454207315N00149421EA0142201495
B1038464207314N00149422EA0142201495
B1038474207314N00149422EA0142201495
B1038484207314N00149422EA0142201495
B1038494207314N00149422EA0142201495
B1038504207314N00149422EA0142201495
B1038514207315N00149421EA0142201495
B1038524207315N00149421EA0142201495
B1038534207315N00149421EA0142201496
B1038544207315N00149421EA0142201496
B1038554207315N00149422EA0142201496
B1038564207315N00149422EA0142201496
B1038574207314N00149423EA0142201496
B1038584207314N00149423EA0142201498
B1038594207314N00149423EA0142201499
B1039004207314N00149423EA0142201500
B1039014207314N00149423EA0142201502
B1039024207315N00149423EA0142201503
B1039034207314N00149423EA0142201505
B1039044207315N00149423EA0142201507
B1039054207315N00149423EA0142201508
B1039064207316N00149423EA0142201510
B1039074207316N00149422EA0142201511
B1039084207317N00149422EA0142201512
B1039094207317N00149422EA0142201513
B1039104207317N00149422EA0142201513
B1039114207317N00149422EA0142201513
B1039124207318N00149423EA0142201513
B1039134207317N00149423EA0142201511
B1039144207317N00149423EA0142201510
B1039154207317N00149423EA0142201509
B1039164207316N00149424EA0142201509
B1039174207317N00149424EA0142201507
B1039184207317N00149424EA0142201506
B1039194207317N00149424EA0142201505
B1039204207317N00149424EA0142201505
B1039214207317N00149424EA0142201505
B1039224207318N00149423EA0142201506
B1039234207318N00149423EA0142201505
B1039244207319N00149424EA0142201506
B1039254207319N00149424EA0142201506
B1039264207319N00149424EA0142201506
B1039274207319N00149424EA0142201507
B1039284207318N00149424EA0142201506
B1039294207318N00149424EA0142201507
B1039304207318N00149424EA0142201507
B1039314207318N00149424EA0142201507
B1039324207319N00149424EA0142201506
B1039334207318N00149425EA0142201506
B1039344207318N00149425EA0142201506
B1039354207318N00149425EA0142201506
B1039364207318N00149424EA0142201506
B1039374207318N00149424EA0142201506
B1039384207318N00149424EA0142201505
B1039394207318N00149425EA0142201505
B1039404207318N00149425EA0142201505
B1039414207318N00149425EA0142201504
B1039424207318N00149425EA0142201505
B1039434207317N00149425EA0142201505
B1039444207318N00149424EA0142201504
B1039454207318N00149424EA0142201503
B1039464207318N00149424EA0142201502
B1039474207318N00149425EA0142201500
B1039484207319N00149425EA0142201499
B1039494207319N00149425EA0142201499
B1039504207319N00149426EA0142201497
B1039514207319N00149426EA0142201496
B1039524207319N00149426EA0142201495
B1039534207319N00149426EA0142201494
B1039544207319N00149426EA0142201494
B1039554207319N00149426EA0142201494
B1039564207319N00149426EA0142201494
B1039574207319N00149426EA0142201493
B1039584207319N00149426EA0142201493
B1039594207319N00149426EA0142301492
B1040004207319N00149426EA0142301492
B1040014207319N00149427EA0142201492
B1040024207319N00149427EA0142301492
B1040034207320N00149428EA0142301491
B1040044207320N00149428EA0142201490
B1040054207321N00149428EA0142201490
B1040064207321N00149428EA0142201490
B1040074207321N00149428EA0142201489
B1040084207321N00149429EA0142201489
B1040094207320N00149430EA0142201489
B1040104207321N00149430EA0142201489
B1040114207320N00149430EA0142201489
B1040124207320N00149431EA0142201489
B1040134207320N00149431EA0142201488
B1040144207319N00149431EA0142201487
B1040154207320N00149431EA0142201486
B1040164207320N00149431EA0142201485
B1040174207320N00149431EA0142201485
B1040184207320N00149431EA0142201485
B1040194207320N00149431EA0142201485
B1040204207321N00149431EA0142201484
B1040214207320N00149431EA0142301484
B1040224207320N00149431EA0142201485
B1040234207320N00149430EA0142201486
B1040244207320N00149430EA0142201486
B1040254207320N00149430EA0142201486
B1040264207320N00149430EA0142201486
B1040274207320N00149431EA0142201486
B1040284207320N00149431EA0142201485
B1040294207321N00149431EA0142201485
B1040304207321N00149433EA0142201485
B1040314207320N00149433EA0142201486
B1040324207320N00149432EA0142201486
B1040334207319N00149431EA0142201488
B1040344207319N00149430EA0142201489
B1040354207318N00149430EA0142201490
B1040364207318N00149430EA0142201490
B1040374207318N00149430EA0142201491
B1040384207318N00149430EA0142201491
B1040394207318N00149430EA0142201491
B1040404207318N00149430EA0142201490
B1040414207318N00149430EA0142201490
B1040424207318N00149430EA0142201490
B1040434207318N00149430EA0142201490
B1040444207318N00149430EA0142201491
B1040454207318N00149430EA0142201491
B1040464207318N00149430EA0142201492
B1040474207318N00149430EA0142201492
B1040484207318N00149429EA0142201493
B1040494207318N00149429EA0142201493
B1040504207318N00149429EA0142201493
B1040514207318N00149429EA0142201494
B1040524207318N00149429EA0142201494
B1040534207318N00149429EA0142201494
B1040544207318N00149428EA0142201494
B1040554207318N00149428EA0142201495
B1040564207317N00149428EA0142201495
B1040574207317N00149428EA0142201495
B1040584207317N00149428EA0142201496
B1040594207317N00149428EA0142201496
B1041004207317N00149427EA0142201496
B1041014207317N00149427EA0142201496
B1041024207317N00149427EA0142201496
B1041034207317N00149427EA0142201497
B1041044207317N00149426EA0142201497
B1041054207317N00149426EA0142201497
B1041064207316N00149426EA0142201497
B1041074207316N00149426EA0142201497
B1041084207315N00149426EA0142301498
B1041094207315N00149426EA0142301499
B1041104207314N00149425EA0142301500
B1041114207314N00149424EA0142301500
B1041124207314N00149424EA0142301500
B1041134207314N00149424EA0142201500
B1041144207314N00149424EA0142201501
B1041154207314N00149424EA0142301500
B1041164207314N00149424EA0142301500
B1041174207314N00149424EA0142301500
B1041184207314N00149424EA0142201500
B1041194207314N00149424EA0142301500
B1041204207314N00149424EA0142201500
B1041214207314N00149424EA0142201499
B1041224207314N00149424EA0142301499
B1041234207314N00149424EA0142301499
B1041244207314N00149424EA0142301499
B1041254207314N00149424EA0142201499
B1041264207314N00149424EA0142201499
B1041274207314N00149424EA0142301498
B1041284207314N00149424EA0142201498
B1041294207314N00149424EA0142201498
B1041304207314N00149424EA0142301498
B1041314207314N00149424EA0142301498
B1041324207314N00149424EA0142301498
B1041334207314N00149424EA0142301498
B1041344207314N00149425EA0142201498
B1041354207314N00149425EA0142301497
B1041364207315N00149425EA0142201497
B1041374207314N00149424EA0142301497
B1041384207314N00149424EA0142201497
B1041394207314N00149424EA0142201497
B1041404207315N00149423EA0142201497
B1041414207315N00149423EA0142301497
B1041424207314N00149423EA0142201497
B1041434207315N00149422EA0142201497
B1041444207315N00149422EA0142201497
B1041454207315N00149422EA0142201497
B1041464207315N00149421EA0142201497
B1041474207315N00149420EA0142201498
B1041484207315N00149420EA0142201498
B1041494207314N00149420EA0142101498
B1041504207315N00149420EA0142201499
B1041514207315N00149420EA0142201499
B1041524207314N00149420EA0142101499
B1041534207314N00149420EA0142201499
B1041544207314N00149420EA0142201499
B1041554207314N00149420EA0142101499
B1041564207314N00149420EA0142201500
B1041574207314N00149420EA0142201500
B1041584207314N00149420EA0142201500
B1041594207314N00149420EA0142101500
B1042004207314N00149420EA0142101500
B1042014207314N00149420EA0142201500
B1042024207314N00149420EA0142201500
B1042034207314N00149420EA0142201500
B1042044207314N00149420EA0142201499
B1042054207314N00149420EA0142201499
B1042064207314N00149420EA0142201499
B1042074207314N00149420EA0142201498
B1042084207314N00149420EA0142201498
B1042094207314N00149420EA0142101498
B1042104207314N00149420EA0142101498
B1042114207314N00149420EA0142201498
B1042124207314N00149420EA0142201498
B1042134207314N00149420EA0142201498
B1042144207314N00149420EA0142101498
B1042154207314N00149420EA0142201498
B1042164207314N00149420EA0142201498
B1042174207314N00149420EA0142101498
B1042184207314N00149420EA0142201498
B1042194207314N00149420EA0142201498
B1042204207314N00149420EA0142101498
B1042214207314N00149420EA0142201498
B1042224207315N00149420EA0142201498
B1042234207315N00149421EA0142201498
B1042244207314N00149421EA0142201498
B1042254207314N00149421EA0142201498
B1042264207314N00149421EA0142301498
B1042274207314N00149420EA0142201498
B1042284207314N00149421EA0142201499
B1042294207314N00149421EA0142201499
B1042304207314N00149421EA0142201499
B1042314207314N00149421EA0142201499
B1042324207314N00149421EA0142201499
B1042334207314N00149421EA0142201499
B1042344207314N00149421EA0142201499
B1042354207314N00149421EA0142201499
B1042364207314N00149420EA0142201499
B1042374207314N00149420EA0142201499
B1042384207314N00149421EA0142201499
B1042394207314N00149421EA0142201499
B1042404207314N00149421EA0142201499
B1042414207314N00149421EA0142201499
B1042424207314N00149421EA0142201499
B1042434207314N00149421EA0142201499
B1042444207314N00149421EA0142201499
B1042454207314N00149421EA0142201499
B1042464207314N00149421EA0142201499
B1042474207314N00149421EA0142201499
B1042484207314N00149421EA0142201499
B1042494207314N00149421EA0142201499
B1042504207314N00149421EA0142201499
B1042514207314N00149421EA0142201499
B1042524207314N00149421EA0142201499
B1042534207314N00149421EA0142201499
B1042544207314N00149421EA0142201499
B1042554207314N00149421EA0142201499
B1042564207314N00149421EA0142301499
B1042574207314N00149421EA0142101499
B1042584207314N00149421EA0142201498
B1042594207314N00149421EA0142201499
B1043004207314N00149421EA0142201498
B1043014207314N00149421EA0142201498
B1043024207314N00149421EA0142201499
B1043034207314N00149421EA0142201499
B1043044207314N00149421EA0142201499
B1043054207314N00149421EA0142201499
B1043064207314N00149421EA0142201499
B1043074207314N00149421EA0142201499
B1043084207314N00149421EA0142201499
B1043094207314N00149421EA0142201499
B1043104207314N00149421EA0142201499
B1043114207314N00149421EA0142301499
B1043124207314N00149421EA0142201499
B1043134207314N00149421EA0142201499
B1043144207314N00149421EA0142201499
B1043154207314N00149421EA0142201499
B1043164207314N00149421EA0142201499
B1043174207314N00149421EA0142201499
B1043184207314N00149421EA0142201499
B1043194207314N00149421EA0142201499
B1043204207314N00149421EA0142201499
B1043214207314N00149421EA0142201499
B1043224207314N00149421EA0142301500
B1043234207314N00149421EA0142201499
B1043244207314N00149421EA0142301499
B1043254207314N00149421EA0142201499
B1043264207314N00149421EA0142201499
B1043274207314N00149421EA0142201499
B1043284207314N00149421EA0142201499
B1043294207314N00149421EA0142301498
B1043304207314N00149421EA0142201498
B1043314207314N00149421EA0142201498
B1043324207314N00149421EA0142201498
B1043334207314N00149421EA0142201498
B1043344207314N00149421EA0142201498
B1043354207314N00149421EA0142201497
B1043364207314N00149421EA0142201497
B1043374207314N00149421EA0142201497
B1043384207314N00149422EA0142201498
B1043394207314N00149422EA0142201498
B1043404207314N00149422EA0142201498
B1043414207314N00149422EA0142101497
B1043424207314N00149421EA0142201497
B1043434207314N00149422EA0142101497
B1043444207314N00149421EA0142201497
B1043454207314N00149421EA0142201496
B1043464207314N00149421EA0142201497
B1043474207314N00149421EA0142201496
B1043484207314N00149421EA0142201496
B1043494207314N00149421EA0142201496
B1043504207314N00149421EA0142201496
B1043514207314N00149422EA0142201496
B1043524207314N00149421EA0142201496
B1043534207314N00149421EA0142201496
B1043544207314N00149421EA0142201496
B1043554207314N00149421EA0142101496
B1043564207314N00149421EA0142101496
B1043574207314N00149421EA0142201496
B1043584207314N00149421EA0142201496
B1043594207314N00149421EA0142201497
B1044004207314N00149420EA0142201497
B1044014207314N00149420EA0142201497
B1044024207314N00149420EA0142201497
B1044034207314N00149419EA0142201497
B1044044207314N00149419EA0142201497
B1044054207314N00149419EA0142201497
B1044064207314N00149418EA0142201497
B1044074207314N00149418EA0142201497
B1044084207313N00149418EA0142201497
B1044094207313N00149418EA0142201498
B1044104207313N00149418EA0142201498
B1044114207313N00149418EA0142301498
B1044124207313N00149418EA0142301498
B1044134207313N00149418EA0142201498
B1044144207313N00149418EA0142301498
B1044154207313N00149418EA0142301498
B1044164207313N00149418EA0142301498
B1044174207313N00149418EA0142301498
B1044184207313N00149418EA0142301498
B1044194207313N00149418EA0142201498
B1044204207312N00149418EA0142301499
B1044214207312N00149417EA0142201499
B1044224207312N00149417EA0142301499
B1044234207312N00149417EA0142301500
B1044244207312N00149417EA0142201500
B1044254207312N00149417EA0142301499
B1044264207312N00149417EA0142301500
B1044274207312N00149417EA0142301500
B1044284207312N00149417EA0142201500
B1044294207312N00149417EA0142301500
B1044304207312N00149417EA0142201500
B1044314207312N00149417EA0142301500
B1044324207312N00149417EA0142301500
B1044334207312N00149417EA0142301500
B1044344207311N00149417EA0142301500
B1044354207311N00149417EA0142301500
B1044364207312N00149417EA0142201499
B1044374207312N00149417EA0142301499
B1044384207312N00149417EA0142301499
B1044394207312N00149417EA0142301499
B1044404207312N00149417EA0142201499
B1044414207312N00149417EA0142301499
B1044424207312N00149418EA0142301498
B1044434207312N00149418EA0142301498
B1044444207312N00149418EA0142201498
B1044454207312N00149418EA0142301498
B1044464207312N00149418EA0142301498
B1044474207312N00149418EA0142201498
B1044484207312N00149418EA0142301498
B1044494207312N00149418EA0142201497
B1044504207312N00149418EA0142201497
B1044514207313N00149418EA0142201497
B1044524207313N00149418EA0142301497
B1044534207313N00149418EA0142201497
B1044544207313N00149418EA0142301497
B1044554207313N00149418EA0142101497
B1044564207313N00149418EA0142301496
B1044574207313N00149418EA0142201496
B1044584207313N00149418EA0142201496
B1044594207313N00149418EA0142201496
B1045004207313N00149418EA0142301497
B1045014207313N00149418EA0142301497
B1045024207313N00149418EA0142201497
B1045034207313N00149418EA0142201497
B1045044207313N00149418EA0142301497
B1045054207313N00149418EA0142301497
B1045064207313N00149418EA0142201497
B1045074207313N00149418EA0142201497
B1045084207313N00149418EA0142301498
B1045094207313N00149418EA0142201498
B1045104207313N00149418EA0142301498
B1045114207313N00149417EA0142301497
B1045124207313N00149417EA0142301497
B1045134207313N00149417EA0142301497
B1045144207313N00149417EA0142301497
B1045154207313N00149417EA0142301497
B1045164207313N00149417EA0142301497
B1045174207313N00149417EA0142301497
B1045184207313N00149417EA0142301497
B1045194207313N00149417EA0142301497
B1045204207313N00149417EA0142301497
B1045214207313N00149417EA0142301497
B1045224207313N00149417EA0142201497
B1045234207313N00149417EA0142201497
B1045244207313N00149418EA0142201497
B1045254207313N00149418EA0142301497
B1045264207313N00149418EA0142201497
B1045274207313N00149418EA0142301497
B1045284207313N00149418EA0142301497
B1045294207313N00149418EA0142201497
B1045304207313N00149418EA0142301497
B1045314207313N00149418EA0142201497
B1045324207313N00149418EA0142201497
B1045334207313N00149418EA0142201497
B1045344207313N00149418EA0142301497
B1045354207313N00149418EA0142401497
B1045364207313N00149418EA0142201498
B1045374207313N00149418EA0142301498
B1045384207313N00149418EA0142301498
B1045394207313N00149418EA0142301497
B1045404207313N00149418EA0142301497
B1045414207313N00149418EA0142201497
B1045424207313N00149418EA0142501497
B1045434207313N00149418EA0142301496
B1045444207313N00149418EA0142201496
B1045454207313N00149418EA0142301496
B1045464207313N00149418EA0142301495
B1045474207313N00149418EA0142301495
B1045484207313N00149419EA0142301495
B1045494207313N00149419EA0142301496
B1045504207313N00149418EA0142301496
B1045514207313N00149418EA0142201496
B1045524207313N00149418EA0142401496
B1045534207313N00149418EA0142301496
B1045544207313N00149418EA0142401496
B1045554207313N00149418EA0142301496
B1045564207313N00149418EA0142301496
B1045574207313N00149418EA0142301495
B1045584207313N00149418EA0142301495
B1045594207313N00149418EA0142301495
B1046004207313N00149418EA0142401495
B1046014207313N00149418EA0142301495
B1046024207313N00149418EA0142301495
B1046034207313N00149418EA0142301495
B1046044207313N00149418EA0142301495
B1046054207313N00149418EA0142301495
B1046064207313N00149418EA0142301495
B1046074207313N00149418EA0142301495
B1046084207313N00149417EA0142301495
B1046094207313N00149417EA0142401495
B1046104207313N00149417EA0142401495
B1046114207314N00149417EA0142301495
B1046124207314N00149417EA0142301494
B1046134207314N00149417EA0142301495
B1046144207314N00149417EA0142401495
B1046154207314N00149417EA0142401495
B1046164207314N00149416EA0142301495
B1046174207314N00149416EA0142401495
B1046184207314N00149416EA0142301495
B1046194207314N00149416EA0142301495
B1046204207314N00149416EA0142301495
B1046214207314N00149416EA0142201495
B1046224207314N00149416EA0142401495
B1046234207314N00149416EA0142301495
B1046244207314N00149416EA0142401495
B1046254207314N00149416EA0142301495
B1046264207314N00149416EA0142301494
B1046274207314N00149415EA0142401493
B1046284207314N00149415EA0142201494
B1046294207314N00149415EA0142301494
B1046304207314N00149415EA0142301494
B1046314207314N00149415EA0142301494
B1046324207314N00149416EA0142301494
B1046334207314N00149416EA0142301494
B1046344207314N00149416EA0142301494
B1046354207314N00149416EA0142301494
B1046364207314N00149416EA0142301494
B1046374207314N00149416EA0142301495
B1046384207314N00149416EA0142301495
B1046394207314N00149416EA0142301495
B1046404207314N00149416EA0142301494
B1046414207314N00149416EA0142301495
B1046424207314N00149416EA0142201495
B1046434207314N00149416EA0142301495
B1046444207314N00149416EA0142201495
B1046454207314N00149417EA0142201495
B1046464207314N00149417EA0142201495
B1046474207314N00149417EA0142301495
B1046484207314N00149417EA0142301495
B1046494207314N00149417EA0142301495
B1046504207314N00149417EA0142301496
B1046514207314N00149417EA0142301496
B1046524207314N00149418EA0142301496
B1046534207314N00149417EA0142301496
B1046544207314N00149418EA0142301496
B1046554207314N00149417EA0142301497
B1046564207314N00149417EA0142301497
B1046574207314N00149417EA0142401496
B1046584207314N00149417EA0142301496
B1046594207314N00149417EA0142301496
B1047004207314N00149417EA0142301496
B1047014207314N00149417EA0142301496
B1047024207315N00149417EA0142301496
B1047034207315N00149417EA0142301495
B1047044207314N00149417EA0142301495
B1047054207314N00149417EA0142301495
B1047064207314N00149417EA0142301496
B1047074207314N00149417EA0142301495
B1047084207314N00149418EA0142301495
B1047094207314N00149418EA0142301496
B1047104207315N00149417EA0142301496
B1047114207315N00149417EA0142301496
B1047124207314N00149417EA0142301496
B1047134207314N00149417EA0142301496
B1047144207314N00149417EA0142301497
B1047154207314N00149417EA0142401497
B1047164207314N00149417EA0142301497
B1047174207314N00149417EA0142301498
B1047184207314N00149417EA0142401498
B1047194207314N00149416EA0142301499
B1047204207313N00149416EA0142401499
B1047214207313N00149416EA0142401499
B1047224207313N00149416EA0142301499
B1047234207313N00149416EA0142401499
B1047244207312N00149416EA0142401499
B1047254207312N00149415EA0142401499
B1047264207312N00149415EA0142401500
B1047274207312N00149416EA0142401499
B1047284207312N00149417EA0142401499
B1047294207312N00149417EA0142401498
B1047304207311N00149417EA0142401499
B1047314207311N00149417EA0142401499
B1047324207311N00149417EA0142401499
B1047334207312N00149417EA0142301499
B1047344207311N00149417EA0142401499
B1047354207312N00149417EA0142401499
B1047364207312N00149417EA0142401499
B1047374207312N00149417EA0142401498
B1047384207312N00149416EA0142301498
B1047394207312N00149417EA0142401498
B1047404207312N00149417EA0142401497
B1047414207312N00149417EA0142401497
B1047424207313N00149417EA0142401497
B1047434207313N00149417EA0142401497
B1047444207313N00149417EA0142501497
B1047454207313N00149417EA0142401497
B1047464207313N00149417EA0142301497
B1047474207313N00149417EA0142301496
B1047484207313N00149417EA0142301496
B1047494207313N00149417EA0142401496
B1047504207313N00149417EA0142301496
B1047514207313N00149417EA0142301496
B1047524207313N00149417EA0142401496
B1047534207313N00149417EA0142301496
B1047544207313N00149417EA0142301496
B1047554207313N00149417EA0142401496
B1047564207313N00149417EA0142301496
B1047574207313N00149417EA0142301495
B1047584207313N00149417EA0142401495
B1047594207312N00149417EA0142401495
B1048004207312N00149417EA0142301495
B1048014207312N00149418EA0142401495
B1048024207312N00149418EA0142401496
B1048034207312N00149418EA0142301496
B1048044207312N00149418EA0142401496
B1048054207312N00149418EA0142401496
B1048064207311N00149418EA0142401496
B1048074207311N00149418EA0142401496
B1048084207311N00149418EA0142401496
B1048094207310N00149418EA0142501497
B1048104207310N00149418EA0142401497
B1048114207310N00149418EA0142401497
B1048124207310N00149418EA0142401497
B1048134207310N00149418EA0142401498
B1048144207310N00149418EA0142401497
B1048154207310N00149418EA0142401497
B1048164207310N00149418EA0142401497
B1048174207310N00149418EA0142401497
B1048184207310N00149418EA0142401497
B1048194207310N00149417EA0142401497
B1048204207310N00149417EA0142401497
B1048214207310N00149417EA0142401496
B1048224207311N00149417EA0142401496
B1048234207311N00149417EA0142401496
B1048244207311N00149417EA0142401497
B1048254207311N00149417EA0142401496
B1048264207311N00149417EA0142401496
B1048274207311N00149416EA0142401497
B1048284207311N00149416EA0142401496
B1048294207311N00149416EA0142401496
B1048304207311N00149416EA0142401496
B1048314207311N00149416EA0142401496
B1048324207311N00149416EA0142401496
B1048334207311N00149416EA0142401496
B1048344207311N00149416EA0142401496
B1048354207311N00149415EA0142401496
B1048364207311N00149415EA0142401496
B1048374207311N00149415EA0142401495
B1048384207311N00149415EA0142401495
B1048394207311N00149415EA0142401495
B1048404207311N00149415EA0142301495
B1048414207311N00149415EA0142401495
B1048424207311N00149415EA0142401495
B1048434207311N00149415EA0142401495
B1048444207311N00149415EA0142401495
B1048454207311N00149415EA0142401495
B1048464207311N00149415EA0142401495
B1048474207311N00149415EA0142401495
B1048484207311N00149415EA0142401496
B1048494207311N00149415EA0142401496
B1048504207311N00149415EA0142401496
B1048514207311N00149415EA0142401496
B1048524207311N00149416EA0142401496
B1048534207311N00149416EA0142401497
B1048544207311N00149416EA0142401497
B1048554207311N00149416EA0142401497
B1048564207311N00149416EA0142401497
B1048574207311N00149416EA0142401497
B1048584207311N00149416EA0142401497
B1048594207311N00149417EA0142401498
B1049004207310N00149417EA0142401498
B1049014207310N00149417EA0142401498
B1049024207310N00149417EA0142301498
B1049034207310N00149417EA0142401498
B1049044207310N00149417EA0142401498
B1049054207310N00149417EA0142401498
B1049064207310N00149417EA0142401498
B1049074207310N00149417EA0142401498
B1049084207310N00149417EA0142401498
B1049094207310N00149417EA0142401498
B1049104207310N00149417EA0142401498
B1049114207310N00149417EA0142301497
B1049124207310N00149417EA0142301497
B1049134207310N00149417EA0142301497
B1049144207310N00149417EA0142301497
B1049154207311N00149417EA0142401498
B1049164207310N00149417EA0142401498
B1049174207310N00149417EA0142401498
B1049184207310N00149417EA0142401498
B1049194207311N00149417EA0142401498
B1049204207310N00149417EA0142401498
B1049214207311N00149417EA0142401498
B1049224207310N00149417EA0142401497
B1049234207310N00149417EA0142401497
B1049244207309N00149417EA0142501497
B1049254207308N00149417EA0142501498
B1049264207308N00149418EA0142501498
B1049274207308N00149418EA0142401498
B1049284207308N00149418EA0142401497
B1049294207308N00149418EA0142401497
B1049304207308N00149418EA0142401497
B1049314207308N00149418EA0142401497
B1049324207308N00149418EA0142401497
B1049334207308N00149418EA0142401497
B1049344207308N00149418EA0142401497
B1049354207308N00149418EA0142401497
B1049364207308N00149418EA0142301497
B1049374207308N00149418EA0142401497
B1049384207308N00149418EA0142401497
B1049394207308N00149418EA0142401497
B1049404207308N00149418EA0142401497
B1049414207308N00149418EA0142401498
B1049424207308N00149418EA0142401498
B1049434207308N00149418EA0142401498
B1049444207308N00149418EA0142401499
B1049454207308N00149418EA0142401499
B1049464207308N00149418EA0142401499
B1049474207308N00149418EA0142401499
B1049484207308N00149418EA0142401499
B1049494207307N00149418EA0142401500
B1049504207307N00149418EA0142301500
B1049514207307N00149417EA0142401500
B1049524207307N00149417EA0142301500
B1049534207307N00149417EA0142401500
B1049544207307N00149417EA0142401500
B1049554207307N00149417EA0142401500
B1049564207307N00149417EA0142401500
B1049574207307N00149417EA0142401500
B1049584207307N00149417EA0142401500
B1049594207307N00149417EA0142401499
B1050004207307N00149417EA0142401499
B1050014207307N00149417EA0142301499
B1050024207307N00149417EA0142401499
B1050034207307N00149417EA0142401500
B1050044207307N00149417EA0142401500
B1050054207307N00149417EA0142401500
B1050064207307N00149417EA0142401499
B1050074207307N00149417EA0142401499
B1050084207307N00149417EA0142401499
B1050094207307N00149417EA0142401499
B1050104207307N00149417EA0142401499
B1050114207307N00149417EA0142401499
B1050124207307N00149417EA0142401499
B1050134207307N00149417EA0142401498
B1050144207308N00149417EA0142401498
B1050154207308N00149417EA0142401498
B1050164207308N00149417EA0142401497
B1050174207308N00149417EA0142401497
B1050184207308N00149417EA0142301496
B1050194207308N00149417EA0142401496
B1050204207308N00149417EA0142301495
B1050214207308N00149417EA0142401496
B1050224207308N00149416EA0142401496
B1050234207308N00149416EA0142401496
B1050244207308N00149417EA0142301496
B1050254207308N00149417EA0142301496
B1050264207308N00149417EA0142301497
B1050274207308N00149417EA0142301497
B1050284207308N00149417EA0142301496
B1050294207308N00149417EA0142301497
B1050304207308N00149417EA0142301497
B1050314207308N00149417EA0142401497
B1050324207308N00149417EA0142301496
B1050334207308N00149417EA0142301497
B1050344207308N00149417EA0142301498
B1050354207308N00149417EA0142301498
B1050364207308N00149417EA0142401498
B1050374207308N00149417EA0142301499
B1050384207308N00149417EA0142301499
B1050394207309N00149416EA0142301499
B1050404207309N00149417EA0142301499
B1050414207308N00149416EA0142301499
B1050424207308N00149415EA0142301499
B1050434207308N00149415EA0142301499
B1050444207308N00149415EA0142301500
B1050454207308N00149415EA0142301500
B1050464207309N00149416EA0142401500
B1050474207309N00149416EA0142301501
B1050484207309N00149416EA0142301501
B1050494207310N00149417EA0142301501
B1050504207311N00149417EA0142301502
B1050514207311N00149417EA0142301501
B1050524207311N00149417EA0142301501
B1050534207311N00149417EA0142301501
B1050544207311N00149418EA0142301501
B1050554207311N00149418EA0142401502
B1050564207311N00149418EA0142401502
B1050574207311N00149418EA0142301503
B1050584207311N00149418EA0142401502
B1050594207311N00149418EA0142401502
B1051004207311N00149418EA0142401502
B1051014207311N00149418EA0142401502
B1051024207311N00149417EA0142401503
B1051034207311N00149417EA0142401503
B1051044207311N00149417EA0142401503
B1051054207311N00149417EA0142401502
B1051064207312N00149416EA0142401502
B1051074207311N00149416EA0142401503
B1051084207311N00149417EA0142401502
B1051094207311N00149416EA0142401502
B1051104207311N00149417EA0142301502
B1051114207311N00149417EA0142401501
B1051124207311N00149416EA0142401501
B1051134207311N00149416EA0142401501
B1051144207311N00149416EA0142401501
B1051154207311N00149416EA0142401501
B1051164207311N00149416EA0142401501
B1051174207310N00149416EA0142401502
B1051184207310N00149416EA0142301502
B1051194207310N00149416EA0142301502
B1051204207310N00149416EA0142401502
B1051214207310N00149416EA0142401502
B1051224207310N00149416EA0142401502
B1051234207310N00149415EA0142401502
B1051244207310N00149415EA0142401502
B1051254207310N00149415EA0142401502
B1051264207310N00149415EA0142401502
B1051274207310N00149415EA0142401502
B1051284207310N00149415EA0142401502
B1051294207310N00149415EA0142401501
B1051304207309N00149416EA0142401501
B1051314207309N00149416EA0142301501
B1051324207309N00149415EA0142401501
B1051334207309N00149415EA0142301501
B1051344207309N00149416EA0142401501
B1051354207309N00149416EA0142301501
B1051364207309N00149416EA0142401501
B1051374207309N00149416EA0142401501
B1051384207308N00149416EA0142401500
B1051394207308N00149417EA0142401500
B1051404207308N00149417EA0142401500
B1051414207308N00149417EA0142401500
B1051424207308N00149417EA0142301500
B1051434207308N00149417EA0142401501
B1051444207308N00149417EA0142401501
B1051454207308N00149417EA0142401501
B1051464207308N00149417EA0142301501
B1051474207308N00149417EA0142401501
B1051484207308N00149417EA0142401501
B1051494207308N00149417EA0142401501
B1051504207308N00149417EA0142401501
B1051514207308N00149417EA0142301501
B1051524207308N00149417EA0142301501
B1051534207308N00149417EA0142401502
B1051544207308N00149417EA0142401501
B1051554207308N00149418EA0142401502
B1051564207308N00149417EA0142401502
B1051574207308N00149418EA0142401502
B1051584207308N00149418EA0142401502
B1051594207308N00149418EA0142301502
B1052004207308N00149418EA0142401502
B1052014207308N00149419EA0142301503
B1052024207308N00149419EA0142201502
B1052034207307N00149418EA0142301503
B1052044207307N00149418EA0142301502
B1052054207307N00149419EA0142301502
B1052064207307N00149418EA0142301503
B1052074207306N00149418EA0142301502
B1052084207306N00149418EA0142301501
B1052094207306N00149418EA0142401501
B1052104207306N00149418EA0142401500
B1052114207306N00149418EA0142301500
B1052124207306N00149417EA0142301500
B1052134207306N00149417EA0142301500
B1052144207307N00149417EA0142301500
B1052154207307N00149417EA0142301500
B1052164207307N00149417EA0142301500
B1052174207307N00149417EA0142301499
B1052184207307N00149417EA0142301499
B1052194207307N00149417EA0142301499
B1052204207307N00149417EA0142301499
B1052214207307N00149417EA0142301499
B1052224207307N00149417EA0142301499
B1052234207307N00149417EA0142201499
B1052244207307N00149417EA0142301499
B1052254207307N00149417EA0142301499
B1052264207307N00149417EA0142301499
B1052274207307N00149417EA0142301499
B1052284207307N00149417EA0142301499
B1052294207307N00149417EA0142301499
B1052304207307N00149417EA0142301499
B1052314207307N00149417EA0142301499
B1052324207307N00149417EA0142301499
B1052334207307N00149417EA0142301500
B1052344207307N00149417EA0142301500
B1052354207306N00149417EA0142301500
B1052364207306N00149417EA0142401500
B1052374207306N00149417EA0142301500
B1052384207306N00149417EA0142401500
B1052394207306N00149417EA0142301500
B1052404207306N00149417EA0142301500
B1052414207306N00149417EA0142301500
B1052424207306N00149417EA0142401500
B1052434207306N00149417EA0142401500
B1052444207306N00149417EA0142301500
B1052454207306N00149417EA0142301499
B1052464207306N00149417EA0142301500
B1052474207306N00149417EA0142301499
B1052484207306N00149417EA0142301499
B1052494207306N00149417EA0142301499
B1052504207306N00149417EA0142301499
B1052514207306N00149418EA0142301499
B1052524207306N00149418EA0142301499
B1052534207306N00149418EA0142301499
B1052544207305N00149418EA0142301499
B1052554207305N00149418EA0142301499
B1052564207305N00149418EA0142301499
B1052574207305N00149418EA0142401499
B1052584207305N00149418EA0142301499
B1052594207305N00149418EA0142301499
B1053004207306N00149418EA0142301499
B1053014207306N00149418EA0142301499
B1053024207306N00149418EA0142401499
B1053034207306N00149418EA0142301500
B1053044207306N00149418EA0142301500
B1053054207306N00149418EA0142301500
B1053064207306N00149418EA0142401500
B1053074207306N00149418EA0142301500
B1053084207306N00149418EA0142301500
B1053094207305N00149418EA0142301500
B1053104207305N00149418EA0142401500
B1053114207306N00149418EA0142401500
B1053124207306N00149418EA0142301500
B1053134207306N00149418EA0142401500
B1053144207306N00149418EA0142301500
B1053154207306N00149418EA0142301500
B1053164207306N00149418EA0142301500
B1053174207306N00149418EA0142301500
B1053184207306N00149418EA0142401500
B1053194207306N00149419EA0142301500
B1053204207306N00149418EA0142301500
B1053214207306N00149418EA0142301499
B1053224207306N00149418EA0142401500
B1053234207306N00149418EA0142401500
B1053244207306N00149418EA0142401500
B1053254207306N00149418EA0142401500
B1053264207306N00149418EA0142401500
B1053274207306N00149418EA0142401500
B1053284207306N00149418EA0142301500
B1053294207306N00149418EA0142301500
B1053304207306N00149418EA0142301500
B1053314207306N00149418EA0142301500
B1053324207306N00149418EA0142301500
B1053334207306N00149419EA0142301499
B1053344207306N00149419EA0142301499
B1053354207306N00149419EA0142301500
B1053364207306N00149419EA0142301499
B1053374207306N00149419EA0142301500
B1053384207306N00149419EA0142301499
B1053394207306N00149419EA0142301499
B1053404207306N00149419EA0142301499
B1053414207306N00149419EA0142301500
B1053424207306N00149419EA0142301500
B1053434207306N00149418EA0142301500
B1053444207306N00149419EA0142301500
B1053454207306N00149419EA0142301500
B1053464207306N00149419EA0142301500
B1053474207306N00149419EA0142301500
B1053484207306N00149419EA0142301500
B1053494207306N00149419EA0142201500
B1053504207306N00149419EA0142301501
B1053514207306N00149419EA0142301501
B1053524207306N00149419EA0142301501
B1053534207306N00149419EA0142301501
B1053544207306N00149419EA0142301501
B1053554207306N00149419EA0142301502
B1053564207306N00149419EA0142301502
B1053574207306N00149419EA0142401503
B1053584207306N00149419EA0142301503
B1053594207306N00149419EA0142401503
B1054004207306N00149419EA0142301503
B1054014207306N00149420EA0142301503
B1054024207306N00149420EA0142301503
B1054034207306N00149420EA0142401503
B1054044207306N00149420EA0142301503
B1054054207306N00149420EA0142301503
B1054064207306N00149420EA0142301503
B1054074207306N00149420EA0142301503
B1054084207306N00149420EA0142301503
B1054094207306N00149419EA0142401503
B1054104207306N00149419EA0142401503
B1054114207306N00149419EA0142301503
B1054124207306N00149419EA0142301503
B1054134207306N00149419EA0142401503
B1054144207306N00149420EA0142301503
B1054154207306N00149419EA0142301503
B1054164207306N00149419EA0142301503
B1054174207306N00149419EA0142401503
B1054184207306N00149419EA0142401502
B1054194207306N00149419EA0142301502
B1054204207306N00149419EA0142401502
B1054214207306N00149419EA0142301502
B1054224207306N00149419EA0142401502
B1054234207306N00149419EA0142301502
B1054244207306N00149419EA0142401502
B1054254207306N00149420EA0142301502
B1054264207306N00149420EA0142301502
B1054274207306N00149420EA0142401502
B1054284207306N00149420EA0142401502
B1054294207306N00149420EA0142401502
B1054304207306N00149420EA0142401502
B1054314207306N00149420EA0142401502
B1054324207306N00149420EA0142301502
B1054334207306N00149420EA0142301502
B1054344207305N00149420EA0142401502
B1054354207305N00149420EA0142401502
B1054364207305N00149420EA0142401502
B1054374207305N00149420EA0142401502
B1054384207305N00149420EA0142401502
B1054394207305N00149420EA0142301502
B1054404207305N00149420EA0142301502
B1054414207305N00149420EA0142401502
B1054424207305N00149420EA0142401502
B1054434207305N00149421EA0142301502
B1054444207305N00149420EA0142301502
B1054454207305N00149420EA0142401502
B1054464207305N00149420EA0142301502
B1054474207305N00149420EA0142401502
B1054484207305N00149420EA0142301502
B1054494207305N00149420EA0142301502
B1054504207305N00149420EA0142301501
B1054514207305N00149420EA0142301501
B1054524207305N00149421EA0142301501
B1054534207305N00149420EA0142301501
B1054544207305N00149420EA0142401501
B1054554207305N00149420EA0142301501
B1054564207305N00149420EA0142301501
B1054574207305N00149420EA0142401500
B1054584207305N00149420EA0142401500
B1054594207305N00149420EA0142301500
B1055004207305N00149420EA0142401501
B1055014207305N00149419EA0142401500
B1055024207305N00149419EA0142401501
B1055034207305N00149419EA0142401501
B1055044207305N00149419EA0142301501
B1055054207305N00149419EA0142501501
B1055064207305N00149419EA0142401501
B1055074207305N00149418EA0142401501
B1055084207305N00149418EA0142401501
B1055094207305N00149418EA0142401501
B1055104207305N00149418EA0142401501
B1055114207305N00149418EA0142301501
B1055124207305N00149418EA0142401501
B1055134207305N00149418EA0142401501
B1055144207305N00149418EA0142401500
B1055154207305N00149418EA0142301500
B1055164207305N00149418EA0142401499
B1055174207305N00149418EA0142401499
B1055184207305N00149418EA0142401499
B1055194207305N00149418EA0142301499
B1055204207305N00149418EA0142301498
B1055214207305N00149418EA0142301498
B1055224207305N00149418EA0142301497
B1055234207305N00149418EA0142401497
B1055244207305N00149418EA0142301497
B1055254207305N00149418EA0142301497
B1055264207304N00149418EA0142301497
B1055274207304N00149418EA0142301497
B1055284207304N00149418EA0142301497
B1055294207304N00149418EA0142301496
B1055304207304N00149418EA0142301496
B1055314207304N00149418EA0142301495
B1055324207305N00149418EA0142401495
B1055334207305N00149418EA0142401495
B1055344207305N00149418EA0142401495
B1055354207305N00149418EA0142401495
B1055364207305N00149418EA0142401495
B1055374207305N00149419EA0142301495
B1055384207305N00149418EA0142401495
B1055394207305N00149418EA0142401496
B1055404207305N00149418EA0142301496
B1055414207305N00149418EA0142301496
B1055424207305N00149418EA0142301496
B1055434207305N00149418EA0142301496
B1055444207305N00149418EA0142401496
B1055454207305N00149418EA0142401496
B1055464207305N00149418EA0142301496
B1055474207305N00149418EA0142301497
B1055484207305N00149418EA0142301497
B1055494207305N00149418EA0142301497
B1055504207305N00149418EA0142401497
B1055514207305N00149418EA0142401497
B1055524207305N00149418EA0142401497
B1055534207305N00149418EA0142301497
B1055544207305N00149418EA0142401498
B1055554207305N00149418EA0142401497
B1055564207305N00149419EA0142401497
B1055574207305N00149419EA0142401497
B1055584207305N00149419EA0142301497
B1055594207305N00149419EA0142401497
B1056004207305N00149419EA0142401497
B1056014207305N00149419EA0142301497
B1056024207305N00149419EA0142401497
B1056034207305N00149419EA0142301497
B1056044207305N00149419EA0142301497
B1056054207305N00149419EA0142301496
B1056064207305N00149419EA0142401496
B1056074207305N00149419EA0142301496
B1056084207305N00149419EA0142301496
B1056094207305N00149419EA0142301496
B1056104207305N00149419EA0142301496
B1056114207305N00149419EA0142301496
B1056124207305N00149419EA0142201496
B1056134207305N00149419EA0142201496
B1056144207304N00149419EA0142301496
B1056154207304N00149420EA0142301496
B1056164207304N00149420EA0142301496
B1056174207304N00149420EA0142301496
B1056184207304N00149420EA0142301497
B1056194207304N00149420EA0142301497
B1056204207304N00149420EA0142301497
B1056214207304N00149420EA0142201497
B1056224207304N00149420EA0142301497
B1056234207304N00149420EA0142301498
B1056244207304N00149420EA0142301498
B1056254207304N00149420EA0142301498
B1056264207304N00149420EA0142301498
B1056274207304N00149420EA0142301498
B1056284207304N00149420EA0142201498
B1056294207304N00149420EA0142301498
B1056304207304N00149420EA0142301498
B1056314207304N00149420EA0142201498
B1056324207304N00149420EA0142301498
B1056334207304N00149421EA0142201498
B1056344207304N00149420EA0142301498
B1056354207304N00149420EA0142301498
B1056364207304N00149420EA0142301498
B1056374207304N00149420EA0142301498
B1056384207303N00149421EA0142301498
B1056394207303N00149421EA0142301498
B1056404207303N00149421EA0142301498
B1056414207303N00149421EA0142301498
B1056424207304N00149420EA0142301498
B1056434207304N00149420EA0142301498
B1056444207304N00149420EA0142301498
B1056454207304N00149420EA0142301498
B1056464207304N00149420EA0142301498
B1056474207304N00149420EA0142301498
B1056484207304N00149420EA0142301498
B1056494207304N00149420EA0142301498
B1056504207304N00149420EA0142301498
B1056514207304N00149420EA0142301498
B1056524207304N00149420EA0142301498
B1056534207304N00149420EA0142401498
B1056544207304N00149420EA0142401498
B1056554207304N00149420EA0142301498
B1056564207304N00149420EA0142301498
B1056574207304N00149420EA0142301498
B1056584207304N00149420EA0142301498
B1056594207304N00149420EA0142301498
B1057004207304N00149420EA0142301498
B1057014207304N00149421EA0142301497
B1057024207304N00149421EA0142301497
B1057034207304N00149421EA0142301497
B1057044207304N00149421EA0142401497
B1057054207304N00149421EA0142401497
B1057064207304N00149422EA0142301496
B1057074207304N00149421EA0142301496
B1057084207304N00149421EA0142301496
B1057094207304N00149422EA0142301496
B1057104207304N00149422EA0142401496
B1057114207304N00149422EA0142301496
B1057124207304N00149422EA0142301496
B1057134207304N00149422EA0142301496
B1057144207303N00149422EA0142301496
B1057154207304N00149422EA0142301496
B1057164207304N00149422EA0142301496
B1057174207304N00149422EA0142301496
B1057184207304N00149422EA0142301496
B1057194207304N00149422EA0142401496
B1057204207304N00149422EA0142301496
B1057214207304N00149422EA0142301496
B1057224207304N00149422EA0142301495
B1057234207304N00149422EA0142301495
B1057244207304N00149422EA0142301495
B1057254207304N00149422EA0142301495
B1057264207304N00149422EA0142301495
B1057274207304N00149422EA0142301495
B1057284207304N00149422EA0142301495
B1057294207304N00149422EA0142301495
B1057304207304N00149422EA0142301495
B1057314207304N00149421EA0142301495
B1057324207304N00149421EA0142301495
B1057334207304N00149421EA0142301495
B1057344207304N00149421EA0142301495
B1057354207304N00149421EA0142301495
B1057364207304N00149421EA0142301495
B1057374207304N00149421EA0142301495
B1057384207304N00149421EA0142401495
B1057394207304N00149421EA0142301495
B1057404207304N00149421EA0142301495
B1057414207304N00149421EA0142301495
B1057424207304N00149421EA0142301495
B1057434207304N00149421EA0142301495
B1057444207304N00149421EA0142301495
B1057454207304N00149421EA0142301495
B1057464207304N00149421EA0142301495
B1057474207304N00149421EA0142201496
B1057484207304N00149421EA0142301496
B1057494207303N00149421EA0142301496
B1057504207303N00149422EA0142301496
B1057514207303N00149422EA0142301496
B1057524207303N00149422EA0142301497
B1057534207303N00149422EA0142301497
B1057544207303N00149422EA0142301497
B1057554207303N00149422EA0142301497
B1057564207303N00149422EA0142301497
B1057574207303N00149422EA0142301497
B1057584207303N00149422EA0142301497
B1057594207303N00149421EA0142301497
B1058004207303N00149421EA0142301497
B1058014207303N00149421EA0142301498
B1058024207303N00149421EA0142301498
B1058034207303N00149421EA0142301498
B1058044207303N00149421EA0142401498
B1058054207303N00149421EA0142301498
B1058064207303N00149421EA0142301498
B1058074207303N00149421EA0142301498
B1058084207303N00149421EA0142401497
B1058094207303N00149421EA0142401497
B1058104207303N00149421EA0142301497
B1058114207303N00149421EA0142401498
B1058124207303N00149421EA0142401498
B1058134207303N00149422EA0142401498
B1058144207303N00149421EA0142301498
B1058154207303N00149421EA0142301497
B1058164207303N00149421EA0142301497
B1058174207303N00149421EA0142301497
B1058184207302N00149422EA0142201497
B1058194207302N00149422EA0142301497
B1058204207302N00149422EA0142301497
B1058214207302N00149422EA0142301497
B1058224207302N00149422EA0142201497
B1058234207302N00149422EA0142301497
B1058244207302N00149422EA0142201497
B1058254207302N00149422EA0142301497
B1058264207302N00149422EA0142201497
B1058274207302N00149422EA0142301497
B1058284207302N00149422EA0142201497
B1058294207302N00149422EA0142201497
B1058304207302N00149422EA0142301497
B1058314207302N00149423EA0142301497
B1058324207302N00149423EA0142201497
B1058334207302N00149423EA0142201497
B1058344207301N00149423EA0142201498
B1058354207301N00149424EA0142201498
B1058364207301N00149424EA0142201498
B1058374207300N00149424EA0142201499
B1058384207300N00149424EA0142201499
B1058394207300N00149425EA0142301498
B1058404207300N00149425EA0142301499
B1058414207300N00149425EA0142301499
B1058424207300N00149425EA0142301498
B1058434207300N00149425EA0142201498
B1058444207300N00149424EA0142201498
B1058454207300N00149424EA0142201498
B1058464207300N00149424EA0142201498
B1058474207300N00149424EA0142301498
B1058484207300N00149424EA0142201498
B1058494207300N00149424EA0142301498
B1058504207300N00149424EA0142201498
B1058514207300N00149424EA0142301498
B1058524207300N00149425EA0142201498
B1058534207300N00149425EA0142201497
B1058544207300N00149426EA0142201497
B1058554207301N00149427EA0142101496
B1058564207301N00149428EA0142301496
B1058574207301N00149429EA0142301496
B1058584207301N00149429EA0142101496
B1058594207301N00149430EA0142201496
B1059004207301N00149432EA0142201496
B1059014207301N00149433EA0142201496
B1059024207300N00149434EA0142301496
B1059034207300N00149435EA0142201496
B1059044207299N00149436EA0142101496
B1059054207299N00149437EA0142101496
B1059064207298N00149438EA0142101496
B1059074207297N00149438EA0142301496
B1059084207297N00149438EA0142201496
B1059094207298N00149439EA0142201495
B1059104207298N00149439EA0142201496
B1059114207298N00149439EA0142201496
B1059124207298N00149439EA0142201496
B1059134207298N00149440EA0142201496
B1059144207298N00149440EA0142201496
B1059154207298N00149440EA0142201496
B1059164207297N00149441EA0142201496
B1059174207297N00149442EA0142101496
B1059184207297N00149441EA0142201496
B1059194207296N00149441EA0142101496
B1059204207296N00149441EA0142201496
B1059214207296N00149441EA0142101495
B1059224207296N00149441EA0142201495
B1059234207296N00149441EA0142201496
B1059244207296N00149442EA0142201496
B1059254207296N00149442EA0142201496
B1059264207296N00149442EA0142201496
B1059274207296N00149442EA0142201496
B1059284207296N00149442EA0142201497
B1059294207296N00149442EA0142201497
B1059304207296N00149442EA0142201497
B1059314207296N00149442EA0142201497
B1059324207296N00149442EA0142201497
B1059334207296N00149442EA0142201497
B1059344207296N00149442EA0142201497
B1059354207296N00149442EA0142201497
B1059364207296N00149443EA0142101497
B1059374207296N00149443EA0142301497
B1059384207296N00149443EA0142201497
B1059394207296N00149443EA0142101497
B1059404207296N00149443EA0142201497
B1059414207296N00149443EA0142201497
B1059424207296N00149443EA0142101497
B1059434207296N00149443EA0142101497
B1059444207296N00149443EA0142101497
B1059454207296N00149443EA0142101496
B1059464207296N00149443EA0142101496
B1059474207296N00149443EA0142201496
B1059484207296N00149443EA0142101496
B1059494207296N00149443EA0142101496
B1059504207296N00149443EA0142101496
B1059514207296N00149443EA0142101497
B1059524207296N00149443EA0142101497
B1059534207296N00149443EA0142201497
B1059544207296N00149443EA0142101497
B1059554207296N00149443EA0142101497
B1059564207296N00149443EA0142101497
B1059574207296N00149443EA0142201497
B1059584207296N00149443EA0142201497
B1059594207296N00149443EA0142201497
B1100004207296N00149443EA0142101497
B1100014207295N00149443EA0142001497
B1100024207295N00149443EA0142101497
B1100034207295N00149443EA0142101496
B1100044207295N00149442EA0142201496
B1100054207296N00149442EA0142101496
B1100064207296N00149442EA0142201497
B1100074207296N00149442EA0142201496
B1100084207296N00149442EA0142201496
B1100094207296N00149442EA0142101496
B1100104207296N00149442EA0142201496
B1100114207296N00149442EA0142201496
B1100124207296N00149442EA0142101495
B1100134207296N00149441EA0142201495
B1100144207296N00149442EA0142201495
B1100154207296N00149442EA0142101495
B1100164207296N00149442EA0142201495
B1100174207296N00149442EA0142201496
B1100184207296N00149442EA0142201496
B1100194207296N00149442EA0142201495
B1100204207296N00149442EA0142201495
B1100214207297N00149442EA0142101495
B1100224207297N00149442EA0142201496
B1100234207297N00149442EA0142201496
B1100244207297N00149442EA0142201496
B1100254207297N00149442EA0142201496
B1100264207297N00149442EA0142201496
B1100274207297N00149442EA0142101496
B1100284207297N00149442EA0142201496
B1100294207297N00149442EA0142201496
B1100304207297N00149442EA0142201496
B1100314207298N00149442EA0142201496
B1100324207298N00149442EA0142201496
B1100334207298N00149442EA0142101496
B1100344207298N00149442EA0142201496
B1100354207298N00149442EA0142101496
B1100364207299N00149441EA0142101496
B1100374207299N00149441EA0142101496
B1100384207298N00149441EA0142201496
B1100394207298N00149441EA0142201496
B1100404207297N00149442EA0142201496
B1100414207297N00149442EA0142301496
B1100424207297N00149442EA0142201496
B1100434207298N00149442EA0142201496
B1100444207298N00149442EA0142201496
B1100454207297N00149442EA0142201496
B1100464207297N00149442EA0142201496
B1100474207297N00149442EA0142201496
B1100484207297N00149442EA0142101496
B1100494207297N00149442EA0142101496
B1100504207297N00149442EA0142101496
B1100514207297N00149442EA0142201496
B1100524207297N00149442EA0142201496
B1100534207297N00149442EA0142201496
B1100544207297N00149442EA0142101497
B1100554207297N00149442EA0142201497
B1100564207297N00149442EA0142201497
B1100574207297N00149442EA0142201497
B1100584207297N00149442EA0142201496
B1100594207296N00149442EA0142201495
B1101004207295N00149442EA0142201495
B1101014207295N00149442EA0142101494
B1101024207295N00149442EA0142101494
B1101034207294N00149441EA0142201494
B1101044207294N00149441EA0142101493
B1101054207295N00149441EA0142301493
B1101064207295N00149441EA0142201493
B1101074207296N00149441EA0142301493
B1101084207297N00149440EA0141701493
B1101094207296N00149439EA0142201493
B1101104207296N00149439EA0142201492
B1101114207296N00149438EA0142201493
B1101124207296N00149438EA0142201494
B1101134207296N00149440EA0141801492
B1101144207296N00149441EA0142101492
B1101154207296N00149441EA0142101492
B1101164207295N00149442EA0142001492
B1101174207295N00149443EA0141901493
B1101184207293N00149445EA0141801493
B1101194207291N00149444EA0141801493
B1101204207289N00149443EA0141801493
B1101214207287N00149442EA0142201494
B1101224207286N00149441EA0142601497
B1101234207284N00149440EA0142701499
B1101244207283N00149441EA0142801500
B1101254207281N00149441EA0142701501
B1101264207278N00149442EA0142901501
B1101274207275N00149443EA0143001502
B1101284207273N00149446EA0143001503
B1101294207272N00149449EA0143001504
B1101304207271N00149452EA0143001504
B1101314207270N00149457EA0142801504
B1101324207268N00149462EA0142701502
B1101334207267N00149468EA0142601501
B1101344207266N00149474EA0142501500
B1101354207265N00149481EA0142501500
B1101364207265N00149488EA0142601500
B1101374207265N00149495EA0142701501
B1101384207265N00149502EA0142801501
B1101394207265N00149509EA0142701502
B1101404207266N00149515EA0142701502
B1101414207266N00149521EA0142801502
B1101424207267N00149528EA0142701502
B1101434207267N00149535EA0142801502
B1101444207266N00149542EA0142801502
B1101454207265N00149549EA0142901502
B1101464207264N00149556EA0142901503
B1101474207262N00149563EA0143101504
B1101484207260N00149569EA0143401506
B1101494207257N00149574EA0143601508
B1101504207254N00149577EA0143801511
B1101514207250N00149580EA0144301514
B1101524207247N00149582EA0144701517
B1101534207245N00149584EA0145101521
B1101544207243N00149586EA0145101524
B1101554207241N00149590EA0145201526
B1101564207238N00149596EA0145301526
B1101574207237N00149603EA0145401527
B1101584207239N00149611EA0145801530
B1101594207243N00149619EA0146001533
B1102004207249N00149622EA0146201535
B1102014207256N00149623EA0146401537
B1102024207262N00149620EA0146701539
B1102034207266N00149615EA0147001541
B1102044207269N00149609EA0147001542
B1102054207269N00149602EA0147101542
B1102064207267N00149597EA0147501545
B1102074207266N00149594EA0147901550
B1102084207265N00149592EA0148201554
B1102094207264N00149590EA0148201556
B1102104207262N00149588EA0148301557
B1102114207259N00149585EA0148401557
B1102124207255N00149584EA0148701559
B1102134207251N00149586EA0149001562
B1102144207249N00149591EA0149001564
B1102154207249N00149598EA0149301565
B1102164207252N00149605EA0149501567
B1102174207258N00149610EA0149801570
B1102184207266N00149609EA0150001572
B1102194207273N00149603EA0150201574
B1102204207277N00149596EA0150601577
B1102214207279N00149589EA0151301581
B1102224207278N00149582EA0151401587
B1102234207277N00149578EA0151801590
B1102244207275N00149575EA0152001594
B1102254207272N00149573EA0152201596
B1102264207269N00149571EA0152201597
B1102274207265N00149569EA0152201599
B1102284207261N00149570EA0152601600
B1102294207257N00149574EA0152901603
B1102304207255N00149580EA0153101605
B1102314207255N00149589EA0153401608
B1102324207259N00149596EA0153601610
B1102334207265N00149602EA0153801613
B1102344207272N00149605EA0154101615
B1102354207279N00149603EA0154401618
B1102364207284N00149598EA0154601621
B1102374207286N00149591EA0154901624
B1102384207286N00149584EA0155201627
B1102394207284N00149579EA0155501630
B1102404207282N00149575EA0155901634
B1102414207281N00149572EA0156301637
B1102424207278N00149569EA0156501641
B1102434207275N00149568EA0156801644
B1102444207271N00149570EA0157001646
B1102454207269N00149576EA0157301648
B1102464207269N00149584EA0157701651
B1102474207272N00149591EA0157901654
B1102484207279N00149595EA0158101657
B1102494207287N00149595EA0158401660
B1102504207293N00149591EA0158701662
B1102514207296N00149584EA0159001666
B1102524207297N00149577EA0159401670
B1102534207295N00149571EA0159901674
B1102544207292N00149568EA0160401679
B1102554207290N00149566EA0160901685
B1102564207288N00149563EA0161201689
B1102574207285N00149561EA0161501693
B1102584207282N00149560EA0161801696
B1102594207278N00149562EA0162001699
B1103004207275N00149567EA0162301701
B1103014207276N00149573EA0162501704
B1103024207279N00149580EA0162801707
B1103034207286N00149584EA0162901709
B1103044207293N00149585EA0163101711
B1103054207301N00149582EA0163501714
B1103064207307N00149576EA0163901717
B1103074207312N00149569EA0164301722
B1103084207316N00149562EA0164901727
B1103094207319N00149555EA0165401733
B1103104207322N00149549EA0165801739
B1103114207324N00149543EA0166201744
B1103124207325N00149538EA0166501748
B1103134207326N00149533EA0166801753
B1103144207325N00149528EA0167001756
B1103154207323N00149523EA0167201759
B1103164207320N00149520EA0167701762
B1103174207317N00149518EA0168101766
B1103184207314N00149520EA0168501770
B1103194207312N00149523EA0168801774
B1103204207311N00149530EA0169001777
B1103214207312N00149538EA0169301779
B1103224207315N00149545EA0169701782
B1103234207321N00149550EA0170101786
B1103244207328N00149552EA0170501790
B1103254207335N00149550EA0170801794
B1103264207343N00149547EA0171201798
B1103274207350N00149541EA0171401801
B1103284207355N00149534EA0172001805
B1103294207358N00149525EA0172201809
B1103304207359N00149517EA0172501813
B1103314207358N00149511EA0173001817
B1103324207356N00149506EA0173201820
B1103334207354N00149503EA0173701825
B1103344207353N00149501EA0174201829
B1103354207351N00149500EA0174501833
B1103364207348N00149500EA0174601836
B1103374207345N00149503EA0174801838
B1103384207343N00149509EA0175001839
B1103394207343N00149516EA0175201842
B1103404207346N00149524EA0175501844
B1103414207351N00149530EA0175601847
B1103424207357N00149534EA0176001849
B1103434207363N00149537EA0176301851
B1103444207370N00149536EA0176601855
B1103454207378N00149534EA0176801858
B1103464207384N00149529EA0177001860
B1103474207390N00149522EA0177401863
B1103484207394N00149514EA0177601867
B1103494207395N00149505EA0178001871
B1103504207394N00149498EA0178301874
B1103514207392N00149493EA0178601877
B1103524207389N00149491EA0179101881
B1103534207387N00149489EA0179601886
B1103544207385N00149488EA0179901891
B1103554207382N00149489EA0180101894
B1103564207380N00149491EA0180401896
B1103574207378N00149496EA0180601899
B1103584207378N00149502EA0180901902
B1103594207380N00149509EA0181301904
B1104004207386N00149513EA0181501907
B1104014207392N00149516EA0181701910
B1104024207400N00149518EA0182101913
B1104034207407N00149518EA0182601917
B1104044207414N00149515EA0183001922
B1104054207419N00149510EA0183101925
B1104064207424N00149502EA0183401928
B1104074207426N00149493EA0183801930
B1104084207426N00149486EA0184201934
B1104094207425N00149481EA0184701939
B1104104207423N00149477EA0185101944
B1104114207422N00149476EA0185501948
B1104124207420N00149475EA0185801952
B1104134207418N00149477EA0185901954
B1104144207417N00149482EA0185901955
B1104154207417N00149490EA0186101956
B1104164207419N00149498EA0186501958
B1104174207423N00149506EA0186701962
B1104184207430N00149512EA0187101964
B1104194207438N00149514EA0187701969
B1104204207445N00149513EA0188301975
B1104214207451N00149509EA0188701980
B1104224207456N00149503EA0189001984
B1104234207460N00149496EA0189201987
B1104244207463N00149488EA0189601990
B1104254207464N00149480EA0189901994
B1104264207464N00149473EA0190101998
B1104274207463N00149468EA0190602001
B1104284207461N00149463EA0191102006
B1104294207459N00149459EA0191402010
B1104304207456N00149457EA0191802015
B1104314207454N00149457EA0192202018
B1104324207451N00149458EA0192202021
B1104334207448N00149462EA0192602024
B1104344207446N00149467EA0192902027
B1104354207446N00149473EA0193402032
B1104364207449N00149480EA0193902036
B1104374207453N00149485EA0194502041
B1104384207458N00149489EA0194802046
B1104394207464N00149491EA0195302051
B1104404207470N00149491EA0195602055
B1104414207478N00149489EA0195902060
B1104424207484N00149484EA0196402064
B1104434207489N00149476EA0196602067
B1104444207491N00149468EA0196802070
B1104454207490N00149459EA0197002072
B1104464207487N00149452EA0197402075
B1104474207484N00149447EA0197902080
B1104484207481N00149444EA0198402085
B1104494207478N00149444EA0199002091
B1104504207476N00149444EA0199502096
B1104514207474N00149447EA0199702100
B1104524207473N00149451EA0199902103
B1104534207473N00149457EA0200102105
B1104544207475N00149464EA0200502107
B1104554207480N00149470EA0200902111
B1104564207487N00149472EA0201302114
B1104574207495N00149471EA0201702119
B1104584207502N00149466EA0202202123
B1104594207507N00149459EA0202802128
B1105004207510N00149450EA0203002134
B1105014207511N00149441EA0203502139
B1105024207511N00149432EA0203902143
B1105034207510N00149425EA0204402149
B1105044207508N00149420EA0204602153
B1105054207504N00149417EA0204902155
B1105064207501N00149417EA0205202158
B1105074207499N00149419EA0205702163
B1105084207498N00149421EA0206002166
B1105094207497N00149425EA0206302170
B1105104207497N00149430EA0206502172
B1105114207498N00149436EA0206702174
B1105124207501N00149443EA0206802176
B1105134207506N00149448EA0207102178
B1105144207513N00149451EA0207502181
B1105154207521N00149451EA0207802185
B1105164207528N00149448EA0208202188
B1105174207534N00149442EA0208402191
B1105184207539N00149434EA0208902195
B1105194207541N00149426EA0209202198
B1105204207540N00149418EA0209302201
B1105214207537N00149412EA0209502204
B1105224207534N00149408EA0210102207
B1105234207531N00149406EA0210502211
B1105244207528N00149407EA0210802215
B1105254207525N00149409EA0211102219
B1105264207523N00149412EA0211402222
B1105274207522N00149416EA0211702226
B1105284207523N00149422EA0211802228
B1105294207526N00149428EA0211902230
B1105304207529N00149434EA0212302232
B1105314207534N00149438EA0212702235
B1105324207540N00149439EA0212802238
B1105334207546N00149439EA0213102241
B1105344207553N00149435EA0213402243
B1105354207560N00149430EA0213602246
B1105364207565N00149423EA0213902249
B1105374207569N00149414EA0214202252
B1105384207571N00149404EA0214502256
B1105394207572N00149395EA0214902260
B1105404207571N00149387EA0215202263
B1105414207568N00149381EA0215502267
B1105424207565N00149378EA0216002271
B1105434207562N00149377EA0216202274
B1105444207559N00149377EA0216402277
B1105454207557N00149379EA0216502280
B1105464207555N00149383EA0216502280
B1105474207555N00149389EA0216402280
B1105484207556N00149397EA0216602280
B1105494207559N00149404EA0216902283
B1105504207564N00149408EA0217302286
B1105514207571N00149410EA0217602289
B1105524207578N00149409EA0217802292
B1105534207585N00149407EA0218102295
B1105544207591N00149402EA0218202298
B1105554207597N00149395EA0218602300
B1105564207601N00149387EA0219002304
B1105574207603N00149378EA0219402309
B1105584207603N00149369EA0219802313
B1105594207600N00149364EA0220102317
B1106004207596N00149361EA0220502320
B1106014207592N00149361EA0220802324
B1106024207590N00149364EA0221002328
B1106034207589N00149369EA0220902329
B1106044207590N00149374EA0221102329
B1106054207592N00149380EA0221202330
B1106064207596N00149386EA0221402332
B1106074207603N00149389EA0221502333
B1106084207611N00149390EA0221702335
B1106094207619N00149388EA0221802337
B1106104207627N00149383EA0222002339
B1106114207634N00149375EA0222702342
B1106124207638N00149367EA0223302347
B1106134207640N00149359EA0223602352
B1106144207640N00149351EA0223802355
B1106154207639N00149344EA0224302358
B1106164207637N00149339EA0224602362
B1106174207634N00149336EA0225002366
B1106184207632N00149335EA0225102369
B1106194207631N00149336EA0225202371
B1106204207630N00149339EA0225102372
B1106214207631N00149344EA0225002372
B1106224207634N00149350EA0224902371
B1106234207639N00149356EA0225102371
B1106244207646N00149360EA0225502373
B1106254207654N00149360EA0225902376
B1106264207662N00149358EA0226202379
B1106274207669N00149353EA0226602382
B1106284207676N00149346EA0227002387
B1106294207682N00149339EA0227402391
B1106304207686N00149332EA0227802395
B1106314207689N00149323EA0228002399
B1106324207690N00149315EA0228302402
B1106334207689N00149307EA0228602405
B1106344207687N00149301EA0229002408
B1106354207686N00149297EA0229402411
B1106364207686N00149294EA0229602415
B1106374207685N00149291EA0229602417
B1106384207683N00149286EA0229502418
B1106394207682N00149280EA0229502417
B1106404207680N00149274EA0229502416
B1106414207677N00149269EA0229602417
B1106424207675N00149265EA0229702418
B1106434207673N00149260EA0229602418
B1106444207670N00149255EA0229502418
B1106454207668N00149249EA0229302417
B1106464207665N00149243EA0229202415
B1106474207661N00149237EA0229202414
B1106484207658N00149233EA0229002413
B1106494207655N00149228EA0228802412
B1106504207653N00149223EA0228502410
B1106514207650N00149218EA0228002407
B1106524207646N00149213EA0227802403
B1106534207641N00149209EA0227402399
B1106544207637N00149205EA0227402396
B1106554207633N00149200EA0227102394
B1106564207629N00149196EA0227002392
B1106574207625N00149192EA0226802391
B1106584207621N00149187EA0226602389
B1106594207617N00149183EA0226302387
B1107004207614N00149177EA0226002384
B1107014207610N00149170EA0225702381
B1107024207608N00149164EA0225602379
B1107034207605N00149158EA0225302377
B1107044207601N00149152EA0225002374
B1107054207597N00149145EA0224402370
B1107064207592N00149137EA0223802364
B1107074207586N00149129EA0223202358
B1107084207581N00149120EA0222902352
B1107094207575N00149112EA0222702348
B1107104207570N00149106EA0222602346
B1107114207564N00149100EA0222502345
B1107124207559N00149095EA0222402344
B1107134207554N00149089EA0222302344
B1107144207549N00149083EA0222202342
B1107154207545N00149076EA0221902340
B1107164207542N00149068EA0221702339
B1107174207539N00149060EA0221702337
B1107184207535N00149054EA0221602335
B1107194207532N00149048EA0221202333
B1107204207528N00149042EA0220602330
B1107214207523N00149036EA0220202325
B1107224207518N00149029EA0219702320
B1107234207512N00149022EA0219602316
B1107244207508N00149015EA0219602314
B1107254207504N00149010EA0219602315
B1107264207500N00149005EA0219402314
B1107274207496N00149000EA0219202312
B1107284207492N00148995EA0218702309
B1107294207487N00148990EA0218302304
B1107304207482N00148983EA0217702299
B1107314207477N00148976EA0217602295
B1107324207472N00148969EA0217502293
B1107334207467N00148963EA0217502292
B1107344207463N00148957EA0217302291
B1107354207458N00148952EA0217002289
B1107364207453N00148946EA0216802286
B1107374207447N00148940EA0216602284
B1107384207442N00148933EA0216602282
B1107394207436N00148926EA0216602282
B1107404207432N00148920EA0216602282
B1107414207427N00148915EA0216602282
B1107424207423N00148909EA0216402281
B1107434207418N00148904EA0216102279
B1107444207413N00148898EA0215902277
B1107454207408N00148892EA0215802275
B1107464207403N00148885EA0215602273
B1107474207398N00148879EA0215502272
B1107484207394N00148872EA0215502271
B1107494207389N00148865EA0215402270
B1107504207385N00148858EA0215302269
B1107514207381N00148851EA0215102267
B1107524207377N00148844EA0215102266
B1107534207373N00148838EA0214902265
B1107544207368N00148831EA0214802264
B1107554207364N00148824EA0214502262
B1107564207360N00148817EA0214402260
B1107574207356N00148810EA0214202258
B1107584207351N00148803EA0214102256
B1107594207347N00148796EA0213902255
B1108004207342N00148790EA0213702253
B1108014207338N00148783EA0213502251
B1108024207333N00148777EA0213302249
B1108034207329N00148770EA0213002247
B1108044207325N00148763EA0212702244
B1108054207320N00148755EA0212502241
B1108064207316N00148747EA0212202238
B1108074207311N00148739EA0211902235
B1108084207307N00148731EA0211802233
B1108094207304N00148724EA0211702232
B1108104207301N00148717EA0211402230
B1108114207298N00148709EA0211102228
B1108124207294N00148701EA0210802225
B1108134207291N00148692EA0210602222
B1108144207287N00148684EA0210502220
B1108154207284N00148675EA0210302218
B1108164207281N00148666EA0210002216
B1108174207278N00148658EA0209902214
B1108184207275N00148649EA0209702212
B1108194207272N00148641EA0209402210
B1108204207269N00148632EA0209102207
B1108214207266N00148623EA0208802205
B1108224207263N00148615EA0208602202
B1108234207259N00148606EA0208402199
B1108244207256N00148597EA0208102197
B1108254207252N00148589EA0207902194
B1108264207248N00148580EA0207702192
B1108274207244N00148572EA0207602190
B1108284207240N00148565EA0207502189
B1108294207236N00148556EA0207302187
B1108304207233N00148548EA0207102185
B1108314207229N00148539EA0206902184
B1108324207226N00148531EA0206802182
B1108334207222N00148522EA0206702181
B1108344207219N00148514EA0206602180
B1108354207215N00148505EA0206402178
B1108364207212N00148496EA0206302177
B1108374207209N00148488EA0206102175
B1108384207205N00148480EA0206002174
B1108394207202N00148472EA0205902172
B1108404207198N00148463EA0205602170
B1108414207195N00148454EA0205402168
B1108424207191N00148445EA0205302166
B1108434207188N00148436EA0205202165
B1108444207184N00148427EA0205102164
B1108454207180N00148418EA0205002163
B1108464207177N00148408EA0204902161
B1108474207174N00148399EA0204702160
B1108484207170N00148390EA0204502158
B1108494207166N00148381EA0204302156
B1108504207163N00148371EA0204202154
B1108514207159N00148361EA0204002153
B1108524207155N00148352EA0203902151
B1108534207152N00148342EA0203902150
B1108544207148N00148333EA0203802150
B1108554207145N00148324EA0203702149
B1108564207141N00148315EA0203602148
B1108574207138N00148305EA0203502146
B1108584207134N00148296EA0203402146
B1108594207130N00148286EA0203402145
B1109004207126N00148277EA0203402144
B1109014207123N00148267EA0203302144
B1109024207119N00148258EA0203202143
B1109034207115N00148248EA0203202143
B1109044207112N00148237EA0203202142
B1109054207108N00148227EA0203302142
B1109064207105N00148217EA0203202143
B1109074207101N00148208EA0203502144
B1109084207098N00148200EA0203602145
B1109094207094N00148192EA0203602145
B1109104207092N00148184EA0203402145
B1109114207090N00148177EA0203202144
B1109124207089N00148169EA0203002143
B1109134207088N00148161EA0202802141
B1109144207085N00148152EA0202602138
B1109154207082N00148143EA0202202135
B1109164207079N00148134EA0202102133
B1109174207077N00148126EA0201702131
B1109184207075N00148118EA0201302128
B1109194207073N00148110EA0201002124
B1109204207071N00148101EA0200802121
B1109214207069N00148092EA0200602119
B1109224207067N00148083EA0200602118
B1109234207066N00148074EA0200502117
B1109244207065N00148065EA0200302115
B1109254207064N00148056EA0200002113
B1109264207062N00148047EA0199802111
B1109274207059N00148037EA0199602108
B1109284207057N00148027EA0199502106
B1109294207055N00148018EA0199302105
B1109304207054N00148009EA0199202104
B1109314207052N00148000EA0198902102
B1109324207050N00147991EA0198802100
B1109334207048N00147982EA0198602098
B1109344207045N00147973EA0198402096
B1109354207044N00147963EA0198202094
B1109364207042N00147955EA0198202093
B1109374207041N00147946EA0198002091
B1109384207040N00147938EA0197702089
B1109394207038N00147930EA0197402087
B1109404207037N00147921EA0197202084
B1109414207036N00147911EA0197002081
B1109424207035N00147901EA0196702078
B1109434207034N00147891EA0196502076
B1109444207034N00147881EA0196302074
B1109454207034N00147872EA0196102072
B1109464207035N00147862EA0195802069
B1109474207036N00147852EA0195602067
B1109484207037N00147843EA0195402065
B1109494207037N00147833EA0195202062
B1109504207038N00147824EA0194902060
B1109514207039N00147814EA0194602058
B1109524207040N00147805EA0194502055
B1109534207041N00147795EA0194202053
B1109544207042N00147786EA0194002050
B1109554207042N00147776EA0193902048
B1109564207043N00147767EA0193702046
B1109574207044N00147758EA0193602045
B1109584207046N00147750EA0193502044
B1109594207047N00147742EA0193402043
B1110004207048N00147733EA0193502042
B1110014207049N00147725EA0193302041
B1110024207050N00147716EA0193302041
B1110034207052N00147708EA0193302041
B1110044207053N00147699EA0193302041
B1110054207054N00147691EA0193302041
B1110064207055N00147682EA0193302041
B1110074207058N00147674EA0193402042
B1110084207060N00147665EA0193502043
B1110094207062N00147656EA0193702044
B1110104207064N00147647EA0193702045
B1110114207065N00147638EA0193902046
B1110124207067N00147629EA0193902048
B1110134207067N00147620EA0193902048
B1110144207066N00147611EA0193902048
B1110154207064N00147604EA0193902048
B1110164207061N00147599EA0194002048
B1110174207057N00147596EA0193902048
B1110184207054N00147594EA0193902048
B1110194207049N00147592EA0193802047
B1110204207045N00147589EA0193902047
B1110214207041N00147588EA0194102048
B1110224207036N00147589EA0194102049
B1110234207033N00147591EA0194302050
B1110244207030N00147595EA0194502052
B1110254207028N00147598EA0194802054
B1110264207026N00147603EA0194902056
B1110274207027N00147608EA0195102058
B1110284207029N00147613EA0195102059
B1110294207032N00147618EA0195102060
B1110304207038N00147621EA0195102059
B1110314207044N00147622EA0195002058
B1110324207051N00147620EA0195002058
B1110334207057N00147616EA0195102058
B1110344207062N00147610EA0195202059
B1110354207065N00147603EA0195402060
B1110364207066N00147596EA0195402062
B1110374207066N00147589EA0195302062
B1110384207065N00147582EA0195302062
B1110394207063N00147576EA0195302062
B1110404207060N00147571EA0195402062
B1110414207056N00147567EA0195502062
B1110424207052N00147564EA0195502063
B1110434207048N00147560EA0195702064
B1110444207044N00147557EA0195902066
B1110454207040N00147554EA0196002067
B1110464207035N00147553EA0196102069
B1110474207031N00147553EA0196202069
B1110484207028N00147556EA0196202070
B1110494207027N00147560EA0196202071
B1110504207027N00147565EA0196202070
B1110514207029N00147570EA0196202069
B1110524207034N00147575EA0196102068
B1110534207039N00147576EA0196002067
B1110544207046N00147575EA0196002067
B1110554207052N00147572EA0196002067
B1110564207058N00147568EA0196002067
B1110574207063N00147562EA0196102067
B1110584207068N00147555EA0196102067
B1110594207073N00147547EA0196202068
B1111004207078N00147539EA0196202068
B1111014207083N00147531EA0196302069
B1111024207087N00147522EA0196602070
B1111034207090N00147513EA0196802072
B1111044207091N00147504EA0196802074
B1111054207089N00147497EA0196702074
B1111064207085N00147491EA0196702073
B1111074207081N00147487EA0196702073
B1111084207077N00147486EA0196702073
B1111094207073N00147487EA0196802073
B1111104207070N00147490EA0196802074
B1111114207068N00147496EA0196802074
B1111124207069N00147501EA0196802075
B1111134207071N00147507EA0197002076
B1111144207075N00147510EA0197102077
B1111154207080N00147513EA0197302079
B1111164207085N00147514EA0197402081
B1111174207092N00147513EA0197502082
B1111184207098N00147511EA0197602083
B1111194207105N00147505EA0197802084
B1111204207110N00147498EA0197802085
B1111214207114N00147489EA0197802085
B1111224207116N00147480EA0197902086
B1111234207115N00147471EA0198002088
B1111244207112N00147465EA0198002089
B1111254207108N00147461EA0198002088
B1111264207104N00147458EA0197902087
B1111274207100N00147458EA0198002087
B1111284207096N00147460EA0198002087
B1111294207093N00147463EA0198002088
B1111304207091N00147468EA0198002088
B1111314207091N00147473EA0198002088
B1111324207093N00147479EA0198002088
B1111334207097N00147484EA0198102088
B1111344207103N00147488EA0198202089
B1111354207110N00147488EA0198302090
B1111364207117N00147485EA0198402091
B1111374207122N00147479EA0198402092
B1111384207127N00147471EA0198402092
B1111394207129N00147462EA0198502092
B1111404207130N00147452EA0198502093
B1111414207130N00147445EA0198702094
B1111424207128N00147438EA0198602095
B1111434207125N00147433EA0198502094
B1111444207121N00147428EA0198302093
B1111454207116N00147425EA0198202092
B1111464207111N00147424EA0198302092
B1111474207107N00147423EA0198602093
B1111484207103N00147422EA0198702095
B1111494207099N00147422EA0198902097
B1111504207095N00147423EA0198902098
B1111514207092N00147425EA0198902098
B1111524207091N00147429EA0198902098
B1111534207091N00147435EA0198902098
B1111544207093N00147441EA0198902098
B1111554207098N00147446EA0198902098
B1111564207104N00147448EA0198802098
B1111574207111N00147445EA0198802098
B1111584207117N00147440EA0198802097
B1111594207122N00147433EA0198802096
B1112004207126N00147426EA0198802097
B1112014207129N00147418EA0199002099
B1112024207130N00147410EA0199002099
B1112034207130N00147401EA0199102099
B1112044207128N00147393EA0199202100
B1112054207125N00147387EA0199302101
B1112064207120N00147383EA0199502103
B1112074207116N00147381EA0199602104
B1112084207112N00147381EA0199802106
B1112094207109N00147382EA0199802107
B1112104207106N00147386EA0199702107
B1112114207104N00147392EA0199602106
B1112124207103N00147398EA0199602106
B1112134207105N00147404EA0199602106
B1112144207108N00147409EA0199502105
B1112154207113N00147412EA0199202103
B1112164207117N00147413EA0199002101
B1112174207123N00147413EA0198802099
B1112184207130N00147411EA0198402096
B1112194207137N00147406EA0198002092
B1112204207144N00147399EA0198002089
B1112214207150N00147392EA0198002086
B1112224207155N00147384EA0198202086
B1112234207158N00147376EA0198202087
B1112244207160N00147368EA0198102088
B1112254207161N00147359EA0197902087
B1112264207161N00147349EA0197902086
B1112274207161N00147339EA0197902085
B1112284207159N00147331EA0198002085
B1112294207156N00147324EA0198002085
B1112304207153N00147318EA0198002085
B1112314207150N00147314EA0198002085
B1112324207146N00147312EA0198002085
B1112334207143N00147312EA0198102086
B1112344207141N00147313EA0198202086
B1112354207140N00147315EA0198202087
B1112364207140N00147319EA0198202088
B1112374207143N00147322EA0198302088
B1112384207148N00147325EA0198302088
B1112394207154N00147326EA0198202088
B1112404207161N00147324EA0198302089
B1112414207169N00147320EA0198302088
B1112424207175N00147314EA0198502089
B1112434207181N00147308EA0198602091
B1112444207187N00147302EA0198702092
B1112454207193N00147295EA0198702093
B1112464207197N00147286EA0198602093
B1112474207200N00147276EA0198502093
B1112484207201N00147265EA0198502091
B1112494207201N00147255EA0198402090
B1112504207199N00147247EA0198402090
B1112514207196N00147240EA0198502090
B1112524207193N00147235EA0198402090
B1112534207188N00147231EA0198302090
B1112544207184N00147230EA0198202089
B1112554207180N00147231EA0198202088
B1112564207178N00147233EA0198302088
B1112574207177N00147237EA0198502089
B1112584207177N00147240EA0198602091
B1112594207177N00147243EA0198702092
B1113004207177N00147247EA0198902094
B1113014207177N00147252EA0199002095
B1113024207177N00147256EA0199202097
B1113034207179N00147261EA0199302098
B1113044207182N00147265EA0199402100
B1113054207187N00147267EA0199402101
B1113064207193N00147267EA0199302101
B1113074207200N00147265EA0199302101
B1113084207207N00147260EA0199202100
B1113094207213N00147252EA0199002099
B1113104207218N00147242EA0198902097
B1113114207220N00147231EA0199002096
B1113124207219N00147221EA0199002096
B1113134207215N00147214EA0199102097
B1113144207210N00147210EA0199402097
B1113154207205N00147210EA0199802101
B1113164207202N00147211EA0200002106
B1113174207201N00147213EA0200302109
B1113184207200N00147216EA0200302111
B1113194207199N00147221EA0200402112
B1113204207200N00147226EA0200502113
B1113214207203N00147230EA0200302113
B1113224207208N00147233EA0200202113
B1113234207214N00147233EA0200002111
B1113244207221N00147231EA0199902110
B1113254207229N00147228EA0199702109
B1113264207236N00147224EA0199702108
B1113274207243N00147219EA0199702108
B1113284207250N00147212EA0199702107
B1113294207256N00147206EA0199602107
B1113304207263N00147201EA0199602106
B1113314207270N00147196EA0199602106
B1113324207277N00147191EA0199802106
B1113334207283N00147186EA0199902108
B1113344207289N00147181EA0200102109
B1113354207295N00147175EA0200202111
B1113364207301N00147169EA0200302112
B1113374207306N00147163EA0200402112
B1113384207312N00147156EA0200402113
B1113394207318N00147151EA0200502114
B1113404207325N00147147EA0200502115
B1113414207332N00147144EA0200602115
B1113424207339N00147141EA0200702116
B1113434207346N00147136EA0200802116
B1113444207352N00147131EA0200702117
B1113454207358N00147126EA0200802117
B1113464207363N00147120EA0200702118
B1113474207368N00147113EA0200702117
B1113484207373N00147106EA0200702117
B1113494207378N00147098EA0200702116
B1113504207383N00147091EA0200902117
B1113514207388N00147085EA0201002118
B1113524207392N00147079EA0201302120
B1113534207396N00147072EA0201402121
B1113544207400N00147065EA0201502123
B1113554207404N00147058EA0201702125
B1113564207407N00147049EA0201902127
B1113574207407N00147040EA0202102129
B1113584207404N00147031EA0202302130
B1113594207399N00147024EA0202602132
B1114004207394N00147021EA0202902135
B1114014207389N00147022EA0203202139
B1114024207386N00147025EA0203402142
B1114034207385N00147029EA0203402144
B1114044207385N00147033EA0203502144
B1114054207388N00147037EA0203402144
B1114064207392N00147040EA0203302144
B1114074207398N00147040EA0203202144
B1114084207404N00147036EA0203202142
B1114094207410N00147029EA0203602143
B1114104207414N00147020EA0203802146
B1114114207416N00147010EA0204002149
B1114124207415N00147000EA0204402151
B1114134207413N00146991EA0204702154
B1114144207410N00146984EA0205102159
B1114154207407N00146980EA0205402162
B1114164207403N00146979EA0205502164
B1114174207400N00146979EA0205602166
B1114184207398N00146979EA0205602167
B1114194207396N00146981EA0205502168
B1114204207396N00146985EA0205302167
B1114214207398N00146990EA0205102165
B1114224207401N00146994EA0205102163
B1114234207406N00146997EA0205202163
B1114244207411N00146999EA0205302164
B1114254207417N00146998EA0205502165
B1114264207424N00146996EA0205702167
B1114274207431N00146992EA0205902169
B1114284207438N00146986EA0206202171
B1114294207444N00146976EA0206502174
B1114304207446N00146965EA0206802177
B1114314207445N00146954EA0207102180
B1114324207441N00146948EA0207402184
B1114334207436N00146945EA0207602186
B1114344207432N00146947EA0207902189
B1114354207432N00146951EA0208402193
B1114364207435N00146954EA0208702196
B1114374207441N00146955EA0208902199
B1114384207448N00146954EA0209102201
B1114394207455N00146949EA0209502204
B1114404207460N00146941EA0209902207
B1114414207461N00146930EA0210102210
B1114424207459N00146920EA0210302213
B1114434207455N00146913EA0210602215
B1114444207450N00146910EA0211002219
B1114454207446N00146910EA0211302224
B1114464207444N00146912EA0211702228
B1114474207444N00146914EA0212102233
B1114484207446N00146917EA0212302236
B1114494207451N00146919EA0212402237
B1114504207458N00146918EA0212502238
B1114514207464N00146913EA0212802240
B1114524207470N00146903EA0213002242
B1114534207472N00146891EA0213402244
B1114544207470N00146880EA0213702247
B1114554207466N00146873EA0214102251
B1114564207461N00146870EA0214302254
B1114574207457N00146869EA0214702257
B1114584207454N00146871EA0215002261
B1114594207452N00146873EA0215202265
B1115004207451N00146875EA0215402268
B1115014207451N00146878EA0215502270
B1115024207452N00146882EA0215602272
B1115034207454N00146887EA0215702272
B1115044207458N00146891EA0216002274
B1115054207463N00146894EA0216102276
B1115064207470N00146894EA0216302278
B1115074207477N00146890EA0216402280
B1115084207484N00146883EA0216502281
B1115094207488N00146872EA0216702282
B1115104207490N00146861EA0217102284
B1115114207490N00146850EA0217402287
B1115124207487N00146842EA0217802291
B1115134207484N00146838EA0218002294
B1115144207479N00146836EA0218202297
B1115154207475N00146836EA0218402299
B1115164207472N00146837EA0218702302
B1115174207470N00146840EA0219102305
B1115184207469N00146843EA0219402308
B1115194207470N00146847EA0219402311
B1115204207473N00146851EA0219502311
B1115214207478N00146854EA0219502312
B1115224207485N00146854EA0219602312
B1115234207493N00146851EA0219902313
B1115244207500N00146843EA0220302317
B1115254207504N00146833EA0220702321
B1115264207506N00146823EA0221202325
B1115274207506N00146813EA0221502329
B1115284207504N00146805EA0221902333
B1115294207501N00146799EA0222102337
B1115304207497N00146794EA0222502340
B1115314207492N00146791EA0222802343
B1115324207488N00146792EA0223102347
B1115334207486N00146795EA0223202349
B1115344207488N00146800EA0223102351
B1115354207492N00146805EA0223202350
B1115364207498N00146808EA0223502352
B1115374207504N00146808EA0223802355
B1115384207511N00146803EA0224002358
B1115394207518N00146795EA0224202359
B1115404207523N00146784EA0224702363
B1115414207524N00146774EA0225302367
B1115424207522N00146766EA0225802373
B1115434207518N00146761EA0226102377
B1115444207513N00146760EA0226502382
B1115454207510N00146762EA0227102387
B1115464207509N00146766EA0227502392
B1115474207511N00146769EA0227802396
B1115484207515N00146772EA0228002399
B1115494207520N00146774EA0228302401
B1115504207527N00146773EA0228502404
B1115514207534N00146769EA0228702406
B1115524207541N00146762EA0229102409
B1115534207546N00146753EA0229702413
B1115544207547N00146742EA0230202418
B1115554207544N00146733EA0230502422
B1115564207540N00146728EA0231002427
B1115574207535N00146726EA0231502433
B1115584207532N00146727EA0232102438
B1115594207530N00146730EA0232502444
B1116004207530N00146733EA0232902449
B1116014207531N00146736EA0233202452
B1116024207533N00146740EA0233502456
B1116034207536N00146743EA0233702458
B1116044207541N00146745EA0234102461
B1116054207546N00146745EA0234502465
B1116064207553N00146743EA0234902468
B1116074207559N00146739EA0235202472
B1116084207566N00146732EA0235602476
B1116094207571N00146722EA0235902480
B1116104207573N00146712EA0236302484
B1116114207574N00146702EA0236902489
B1116124207573N00146694EA0237302494
B1116134207571N00146687EA0237702499
B1116144207568N00146682EA0237902503
B1116154207563N00146680EA0238202506
B1116164207558N00146679EA0238402508
B1116174207553N00146680EA0238802512
B1116184207549N00146683EA0239302516
B1116194207546N00146688EA0239902521
B1116204207545N00146693EA0240102526
B1116214207547N00146697EA0240602530
B1116224207551N00146700EA0240802533
B1116234207556N00146701EA0241102535
B1116244207562N00146701EA0241402539
B1116254207568N00146698EA0241802542
B1116264207573N00146693EA0242202546
B1116274207578N00146685EA0242602551
B1116284207579N00146676EA0243102555
B1116294207578N00146666EA0243602560
B1116304207574N00146659EA0244002565
B1116314207569N00146655EA0244502570
B1116324207564N00146654EA0244902574
B1116334207560N00146655EA0245102578
B1116344207557N00146660EA0245302581
B1116354207556N00146665EA0245602584
B1116364207558N00146670EA0245802586
B1116374207561N00146674EA0246102590
B1116384207566N00146675EA0246302593
B1116394207572N00146674EA0246602595
B1116404207578N00146671EA0246802598
B1116414207583N00146664EA0247002600
B1116424207586N00146654EA0247602604
B1116434207588N00146644EA0248002608
B1116444207586N00146635EA0248402613
B1116454207583N00146628EA0248902618
B1116464207578N00146623EA0249302622
B1116474207572N00146622EA0249502625
B1116484207566N00146623EA0250002629
B1116494207562N00146626EA0250402633
B1116504207560N00146631EA0250702637
B1116514207560N00146636EA0250902640
B1116524207564N00146640EA0251102642
B1116534207568N00146644EA0251202645
B1116544207572N00146645EA0251602647
B1116554207577N00146644EA0251702650
B1116564207582N00146641EA0251802651
B1116574207587N00146636EA0251902652
B1116584207591N00146628EA0252102654
B1116594207593N00146618EA0252502657
B1117004207592N00146607EA0252902659
B1117014207588N00146599EA0253402664
B1117024207582N00146594EA0253702668
B1117034207575N00146592EA0253902671
B1117044207569N00146593EA0254202675
B1117054207565N00146597EA0254402678
B1117064207561N00146601EA0254602680
B1117074207560N00146607EA0254702681
B1117084207559N00146613EA0254802683
B1117094207559N00146618EA0255002685
B1117104207560N00146622EA0255102686
B1117114207563N00146625EA0255202688
B1117124207567N00146627EA0255002688
B1117134207573N00146627EA0255202688
B1117144207578N00146624EA0255402689
B1117154207583N00146618EA0255602690
B1117164207586N00146609EA0255802693
B1117174207588N00146600EA0256002695
B1117184207587N00146591EA0256302697
B1117194207584N00146584EA0256402700
B1117204207580N00146578EA0256502701
B1117214207574N00146575EA0256502702
B1117224207569N00146575EA0256502703
B1117234207564N00146578EA0256602703
B1117244207561N00146581EA0256602705
B1117254207558N00146585EA0256702706
B1117264207555N00146589EA0256602705
B1117274207551N00146594EA0256502705
B1117284207547N00146600EA0256402704
B1117294207544N00146606EA0256202703
B1117304207541N00146612EA0256302703
B1117314207538N00146617EA0256402703
B1117324207535N00146622EA0256302704
B1117334207532N00146627EA0256202703
B1117344207529N00146632EA0256102703
B1117354207526N00146637EA0255802701
B1117364207523N00146642EA0255602699
B1117374207520N00146648EA0255402696
B1117384207517N00146655EA0255202694
B1117394207513N00146660EA0255202693
B1117404207511N00146665EA0255302693
B1117414207510N00146669EA0255102694
B1117424207509N00146674EA0254902692
B1117434207507N00146678EA0254502690
B1117444207505N00146683EA0254202686
B1117454207502N00146690EA0254002682
B1117464207500N00146696EA0253902680
B1117474207498N00146701EA0253802680
B1117484207497N00146705EA0253902680
B1117494207496N00146709EA0253602679
B1117504207495N00146712EA0253302677
B1117514207493N00146717EA0252902674
B1117524207491N00146723EA0252702670
B1117534207488N00146728EA0252702667
B1117544207485N00146733EA0252602666
B1117554207483N00146737EA0252602666
B1117564207482N00146741EA0252502665
B1117574207481N00146745EA0252202664
B1117584207479N00146750EA0251802661
B1117594207478N00146756EA0251602658
B1118004207476N00146762EA0251502655
B1118014207475N00146768EA0251302654
B1118024207474N00146773EA0251302653
B1118034207473N00146778EA0251202652
B1118044207472N00146782EA0251002651
B1118054207471N00146788EA0250802649
B1118064207470N00146793EA0250602647
B1118074207468N00146799EA0250402645
B1118084207466N00146804EA0250302643
B1118094207465N00146810EA0250202642
B1118104207463N00146815EA0250102641
B1118114207462N00146821EA0249902639
B1118124207460N00146826EA0249702637
B1118134207458N00146832EA0249302635
B1118144207456N00146838EA0249202632
B1118154207454N00146844EA0249002630
B1118164207452N00146850EA0248802628
B1118174207451N00146856EA0248602626
B1118184207449N00146862EA0248302624
B1118194207448N00146868EA0248102621
B1118204207446N00146874EA0247902619
B1118214207444N00146881EA0247602616
B1118224207441N00146887EA0247402614
B1118234207439N00146893EA0247302612
B1118244207438N00146900EA0247002609
B1118254207436N00146906EA0246802607
B1118264207433N00146912EA0246502604
B1118274207431N00146919EA0246302602
B1118284207429N00146925EA0246002599
B1118294207427N00146932EA0245902597
B1118304207425N00146938EA0245802596
B1118314207423N00146944EA0245702594
B1118324207421N00146950EA0245402593
B1118334207419N00146956EA0245202590
B1118344207416N00146961EA0245002588
B1118354207413N00146967EA0244802586
B1118364207410N00146973EA0244602584
B1118374207408N00146978EA0244402582
B1118384207406N00146984EA0244202580
B1118394207404N00146991EA0244002578
B1118404207402N00146997EA0243802575
B1118414207399N00147004EA0243602573
B1118424207397N00147010EA0243402571
B1118434207395N00147017EA0243302569
B1118444207392N00147023EA0243102568
B1118454207390N00147028EA0242802565
B1118464207388N00147034EA0242502563
B1118474207386N00147041EA0242202560
B1118484207383N00147048EA0241902556
B1118494207381N00147054EA0241702553
B1118504207379N00147060EA0241402550
B1118514207376N00147066EA0241102547
B1118524207374N00147072EA0240702544
B1118534207371N00147078EA0240502541
B1118544207368N00147084EA0240202538
B1118554207365N00147090EA0239902535
B1118564207362N00147096EA0239702532
B1118574207360N00147102EA0239502530
B1118584207357N00147108EA0239302527
B1118594207354N00147114EA0239002525
B1119004207352N00147120EA0238702522
B1119014207349N00147126EA0238402519
B1119024207346N00147132EA0238202516
B1119034207343N00147138EA0237902514
B1119044207341N00147144EA0237602511
B1119054207338N00147151EA0237502509
B1119064207336N00147157EA0237202506
B1119074207333N00147164EA0236802503
B1119084207331N00147171EA0236402499
B1119094207329N00147179EA0235902495
B1119104207325N00147187EA0235502490
B1119114207322N00147196EA0235302486
B1119124207319N00147204EA0235102483
B1119134207316N00147212EA0234902481
B1119144207313N00147219EA0234702479
B1119154207310N00147227EA0234402477
B1119164207307N00147234EA0234102474
B1119174207303N00147242EA0233802471
B1119184207300N00147250EA0233602468
B1119194207297N00147257EA0233302465
B1119204207294N00147265EA0233102462
B1119214207290N00147273EA0232802460
B1119224207287N00147280EA0232502457
B1119234207284N00147288EA0232202454
B1119244207281N00147296EA0232002451
B1119254207278N00147304EA0231702448
B1119264207274N00147312EA0231402445
B1119274207271N00147320EA0231202442
B1119284207268N00147328EA0230802440
B1119294207264N00147336EA0230602437
B1119304207261N00147343EA0230402434
B1119314207258N00147351EA0230102431
B1119324207255N00147359EA0229802428
B1119334207252N00147367EA0229502425
B1119344207249N00147375EA0229302423
B1119354207245N00147383EA0229102420
B1119364207242N00147391EA0229002418
B1119374207239N00147398EA0228802416
B1119384207236N00147405EA0228602414
B1119394207233N00147412EA0228302412
B1119404207230N00147419EA0228102410
B1119414207227N00147426EA0227802407
B1119424207224N00147433EA0227502404
B1119434207220N00147440EA0227202401
B1119444207217N00147448EA0226902398
B1119454207213N00147456EA0226702396
B1119464207210N00147463EA0226602393
B1119474207206N00147471EA0226502392
B1119484207202N00147477EA0226502391
B1119494207199N00147484EA0226302390
B1119504207195N00147490EA0226002388
B1119514207192N00147497EA0225902386
B1119524207189N00147504EA0225602383
B1119534207186N00147511EA0225402381
B1119544207182N00147518EA0225202379
B1119554207179N00147525EA0225102378
B1119564207176N00147531EA0225102376
B1119574207174N00147536EA0224902375
B1119584207171N00147542EA0224502373
B1119594207168N00147549EA0224302370
B1120004207165N00147555EA0224002368
B1120014207161N00147562EA0223802365
B1120024207158N00147568EA0223602362
B1120034207154N00147575EA0223402360
B1120044207151N00147581EA0223202358
B1120054207148N00147587EA0223002355
B1120064207145N00147594EA0222702353
B1120074207142N00147601EA0222402350
B1120084207139N00147608EA0222202348
B1120094207136N00147616EA0221902345
B1120104207132N00147623EA0221702342
B1120114207129N00147630EA0221502340
B1120124207125N00147637EA0221302337
B1120134207121N00147644EA0221102336
B1120144207117N00147650EA0221002334
B1120154207114N00147657EA0220802332
B1120164207111N00147663EA0220502329
B1120174207108N00147670EA0220202326
B1120184207105N00147678EA0219702323
B1120194207102N00147686EA0219502320
B1120204207098N00147694EA0219302317
B1120214207094N00147701EA0219102315
B1120224207090N00147708EA0219102313
B1120234207087N00147715EA0219102312
B1120244207084N00147722EA0218902312
B1120254207081N00147728EA0218902311
B1120264207078N00147735EA0218702310
B1120274207074N00147742EA0218602309
B1120284207071N00147749EA0218602307
B1120294207068N00147756EA0218402307
B1120304207065N00147762EA0218302305
B1120314207062N00147769EA0217902303
B1120324207059N00147777EA0217702301
B1120334207056N00147785EA0217402298
B1120344207053N00147794EA0217302296
B1120354207050N00147803EA0217102293
B1120364207047N00147812EA0217102292
B1120374207045N00147822EA0217002291
B1120384207043N00147830EA0216902291
B1120394207041N00147838EA0216802290
B1120404207040N00147846EA0216702289
B1120414207038N00147854EA0216502288
B1120424207036N00147861EA0216302287
B1120434207033N00147868EA0216202285
B1120444207031N00147876EA0216102283
B1120454207028N00147883EA0215902282
B1120464207026N00147891EA0215902281
B1120474207023N00147898EA0215802280
B1120484207021N00147905EA0215802279
B1120494207018N00147912EA0215602278
B1120504207016N00147919EA0215602277
B1120514207013N00147926EA0215502276
B1120524207010N00147932EA0215402275
B1120534207006N00147937EA0215302274
B1120544207003N00147943EA0215002273
B1120554207000N00147949EA0214702270
B1120564206997N00147956EA0214402267
B1120574206994N00147963EA0214202264
B1120584206990N00147970EA0213902262
B1120594206987N00147977EA0214002261
B1121004206984N00147983EA0213902260
B1121014206981N00147989EA0213802259
B1121024206978N00147995EA0213502257
B1121034206975N00148001EA0213202254
B1121044206971N00148008EA0212902251
B1121054206968N00148015EA0212702248
B1121064206964N00148022EA0212402245
B1121074206961N00148029EA0212302242
B1121084206957N00148036EA0211902240
B1121094206954N00148044EA0211702238
B1121104206951N00148051EA0211402235
B1121114206948N00148059EA0211202233
B1121124206946N00148066EA0211002230
B1121134206943N00148074EA0210802228
B1121144206940N00148081EA0210702226
B1121154206937N00148088EA0210402224
B1121164206935N00148095EA0210302223
B1121174206932N00148101EA0210102221
B1121184206930N00148108EA0209802219
B1121194206928N00148114EA0209502216
B1121204206926N00148121EA0209202213
B1121214206923N00148127EA0208902210
B1121224206921N00148134EA0208602206
B1121234206918N00148142EA0208402203
B1121244206915N00148148EA0208002200
B1121254206912N00148155EA0207802198
B1121264206909N00148162EA0207502195
B1121274206906N00148169EA0207202192
B1121284206903N00148176EA0207102190
B1121294206899N00148182EA0206802187
B1121304206896N00148189EA0206702185
B1121314206894N00148196EA0206402183
B1121324206891N00148203EA0206302181
B1121334206888N00148209EA0206002178
B1121344206884N00148216EA0205702175
B1121354206881N00148223EA0205502173
B1121364206877N00148229EA0205302170
B1121374206874N00148236EA0205202169
B1121384206871N00148243EA0205002167
B1121394206868N00148251EA0204802165
B1121404206865N00148258EA0204702163
B1121414206862N00148265EA0204402161
B1121424206859N00148271EA0204302159
B1121434206856N00148278EA0204102157
B1121444206854N00148285EA0203902156
B1121454206852N00148291EA0203802154
B1121464206849N00148297EA0203602152
B1121474206846N00148304EA0203302150
B1121484206844N00148310EA0203002147
B1121494206841N00148317EA0202802144
B1121504206838N00148323EA0202602141
B1121514206835N00148329EA0202402140
B1121524206832N00148335EA0202302138
B1121534206829N00148341EA0202102137
B1121544206826N00148346EA0201802134
B1121554206823N00148352EA0201502131
B1121564206820N00148358EA0201202128
B1121574206817N00148364EA0200902125
B1121584206815N00148370EA0200802123
B1121594206812N00148375EA0200602121
B1122004206809N00148381EA0200402119
B1122014206807N00148386EA0200202117
B1122024206804N00148391EA0200002115
B1122034206801N00148397EA0199802113
B1122044206798N00148402EA0199602111
B1122054206795N00148408EA0199402108
B1122064206792N00148414EA0199302106
B1122074206789N00148420EA0199002105
B1122084206787N00148426EA0198902103
B1122094206784N00148432EA0198802102
B1122104206782N00148438EA0198602100
B1122114206780N00148444EA0198302097
B1122124206777N00148449EA0198002095
B1122134206774N00148456EA0197802092
B1122144206771N00148462EA0197502089
B1122154206769N00148468EA0197402087
B1122164206767N00148474EA0197202085
B1122174206765N00148480EA0197002083
B1122184206762N00148485EA0196802081
B1122194206760N00148492EA0196402078
B1122204206758N00148498EA0196202075
B1122214206755N00148505EA0196002073
B1122224206751N00148513EA0196102071
B1122234206748N00148520EA0196002071
B1122244206745N00148527EA0196202071
B1122254206743N00148534EA0196302072
B1122264206741N00148541EA0196402073
B1122274206738N00148547EA0196602075
B1122284206736N00148553EA0196902077
B1122294206733N00148560EA0197202080
B1122304206731N00148567EA0197602083
B1122314206728N00148573EA0197802087
B1122324206725N00148580EA0198102089
B1122334206722N00148588EA0198402092
B1122344206719N00148595EA0198702095
B1122354206716N00148601EA0198802098
B1122364206714N00148607EA0198802100
B1122374206711N00148612EA0199002101
B1122384206709N00148618EA0198802101
B1122394206707N00148624EA0198602101
B1122404206705N00148630EA0198402099
B1122414206703N00148637EA0198102096
B1122424206700N00148645EA0197902093
B1122434206696N00148652EA0197602090
B1122444206693N00148659EA0197302087
B1122454206689N00148666EA0197102085
B1122464206686N00148672EA0196802083
B1122474206683N00148678EA0196502080
B1122484206680N00148684EA0196202077
B1122494206676N00148691EA0195802073
B1122504206672N00148698EA0195502069
B1122514206668N00148705EA0195202065
B1122524206665N00148712EA0194902062
B1122534206661N00148719EA0194702060
B1122544206658N00148726EA0194502058
B1122554206655N00148733EA0194302055
B1122564206652N00148739EA0194102053
B1122574206648N00148746EA0193802050
B1122584206645N00148753EA0193502048
B1122594206641N00148760EA0193402045
B1123004206638N00148767EA0193202044
B1123014206635N00148774EA0193202042
B1123024206632N00148780EA0193102041
B1123034206629N00148786EA0192902040
B1123044206625N00148792EA0192702038
B1123054206622N00148799EA0192502036
B1123064206619N00148805EA0192302034
B1123074206616N00148813EA0192002031
B1123084206612N00148820EA0191902029
B1123094206609N00148827EA0191902027
B1123104206605N00148834EA0191802026
B1123114206601N00148840EA0191702026
B1123124206598N00148846EA0191802026
B1123134206594N00148853EA0191702025
B1123144206591N00148860EA0191802025
B1123154206587N00148867EA0191802026
B1123164206583N00148875EA0191902026
B1123174206579N00148882EA0191902026
B1123184206575N00148890EA0191902026
B1123194206571N00148897EA0192002027
B1123204206567N00148906EA0192202028
B1123214206564N00148914EA0192602031
B1123224206562N00148921EA0193102034
B1123234206559N00148928EA0193302039
B1123244206557N00148935EA0193402041
B1123254206556N00148941EA0193402043
B1123264206554N00148949EA0193402043
B1123274206552N00148955EA0193502043
B1123284206549N00148961EA0193602044
B1123294206545N00148966EA0193802045
B1123304206542N00148970EA0194202047
B1123314206539N00148975EA0194602050
B1123324206538N00148979EA0195002054
B1123334206537N00148983EA0195302058
B1123344206535N00148985EA0195502062
B1123354206532N00148985EA0195702065
B1123364206528N00148985EA0195702066
B1123374206524N00148988EA0195802067
B1123384206521N00148992EA0195902068
B1123394206519N00148997EA0195902069
B1123404206518N00149002EA0196102070
B1123414206516N00149007EA0196002071
B1123424206515N00149011EA0195902071
B1123434206513N00149017EA0195702070
B1123444206511N00149023EA0195702069
B1123454206509N00149030EA0195702068
B1123464206507N00149036EA0195802068
B1123474206505N00149041EA0196002069
B1123484206503N00149047EA0195802070
B1123494206500N00149053EA0195602069
B1123504206498N00149059EA0195302066
B1123514206494N00149066EA0195102064
B1123524206491N00149072EA0194802061
B1123534206487N00149079EA0194702059
B1123544206484N00149085EA0194702058
B1123554206481N00149092EA0194502056
B1123564206478N00149098EA0194302055
B1123574206475N00149104EA0194102053
B1123584206472N00149110EA0193902051
B1123594206469N00149117EA0193802049
B1124004206466N00149124EA0193702048
B1124014206462N00149130EA0193602047
B1124024206459N00149136EA0193602047
B1124034206455N00149143EA0193502046
B1124044206452N00149149EA0193302045
B1124054206449N00149156EA0193202043
B1124064206446N00149163EA0193102042
B1124074206443N00149170EA0192902041
B1124084206440N00149177EA0193002040
B1124094206437N00149183EA0192902039
B1124104206434N00149190EA0192802039
B1124114206431N00149196EA0192702038
B1124124206428N00149202EA0192602037
B1124134206425N00149208EA0192402035
B1124144206421N00149214EA0192202034
B1124154206417N00149221EA0192102032
B1124164206414N00149228EA0192002030
B1124174206411N00149235EA0191802028
B1124184206408N00149242EA0191902028
B1124194206404N00149248EA0191902028
B1124204206400N00149253EA0191802027
B1124214206396N00149258EA0191702026
B1124224206392N00149264EA0191502025
B1124234206388N00149269EA0191502024
B1124244206383N00149274EA0191302023
B1124254206379N00149280EA0191202022
B1124264206375N00149285EA0191102020
B1124274206370N00149290EA0191102019
B1124284206366N00149296EA0191002019
B1124294206362N00149301EA0191002019
B1124304206358N00149306EA0190902018
B1124314206355N00149311EA0190902017
B1124324206351N00149317EA0190702017
B1124334206348N00149323EA0190702015
B1124344206344N00149329EA0190602014
B1124354206340N00149335EA0190402013
B1124364206337N00149342EA0190402012
B1124374206334N00149348EA0190302011
B1124384206331N00149353EA0190302010
B1124394206327N00149358EA0190102009
B1124404206324N00149363EA0189902008
B1124414206320N00149368EA0189802006
B1124424206317N00149373EA0189602004
B1124434206313N00149378EA0189202002
B1124444206309N00149383EA0189001999
B1124454206304N00149389EA0188701996
B1124464206300N00149395EA0188401993
B1124474206296N00149400EA0188201991
B1124484206291N00149405EA0188001988
B1124494206287N00149410EA0187701986
B1124504206283N00149416EA0187501984
B1124514206279N00149422EA0187201981
B1124524206275N00149429EA0187001978
B1124534206271N00149435EA0186901976
B1124544206268N00149440EA0186801975
B1124554206264N00149446EA0186801974
B1124564206261N00149451EA0186601973
B1124574206258N00149456EA0186401971
B1124584206255N00149462EA0186101969
B1124594206251N00149468EA0185801966
B1125004206248N00149475EA0185701964
B1125014206245N00149481EA0185501962
B1125024206243N00149487EA0185301960
B1125034206240N00149493EA0185201958
B1125044206237N00149499EA0185001957
B1125054206234N00149504EA0184901955
B1125064206231N00149510EA0184701953
B1125074206228N00149516EA0184401951
B1125084206225N00149522EA0184101948
B1125094206222N00149529EA0183901945
B1125104206219N00149536EA0183601942
B1125114206216N00149543EA0183401939
B1125124206212N00149550EA0183401938
B1125134206209N00149557EA0183301937
B1125144206207N00149564EA0183301937
B1125154206204N00149570EA0183201936
B1125164206201N00149577EA0183101936
B1125174206198N00149584EA0182901934
B1125184206195N00149592EA0182801933
B1125194206193N00149600EA0182601931
B1125204206190N00149608EA0182701930
B1125214206188N00149615EA0182601930
B1125224206185N00149622EA0182501929
B1125234206183N00149630EA0182401929
B1125244206180N00149637EA0182401928
B1125254206178N00149643EA0182201927
B1125264206175N00149649EA0182101926
B1125274206173N00149654EA0181901924
B1125284206170N00149660EA0181501921
B1125294206168N00149666EA0181201918
B1125304206165N00149673EA0180901915
B1125314206162N00149680EA0180701912
B1125324206160N00149686EA0180401910
B1125334206158N00149693EA0180201907
B1125344206156N00149700EA0180101905
B1125354206153N00149706EA0179901903
B1125364206151N00149712EA0179601900
B1125374206148N00149718EA0179301898
B1125384206145N00149725EA0179101895
B1125394206143N00149731EA0178901893
B1125404206140N00149737EA0178801891
B1125414206138N00149743EA0178501888
B1125424206136N00149749EA0178301886
B1125434206134N00149755EA0178101884
B1125444206131N00149762EA0177801882
B1125454206129N00149769EA0177801880
B1125464206126N00149775EA0177701879
B1125474206123N00149781EA0177501878
B1125484206121N00149787EA0177301876
B1125494206119N00149794EA0177101873
B1125504206116N00149802EA0176801870
B1125514206112N00149809EA0176601868
B1125524206109N00149816EA0176601867
B1125534206106N00149824EA0176401866
B1125544206103N00149831EA0176401865
B1125554206100N00149837EA0176401864
B1125564206097N00149844EA0176201863
B1125574206094N00149850EA0176001861
B1125584206090N00149857EA0175801859
B1125594206087N00149865EA0175501856
B1126004206084N00149873EA0175401854
B1126014206080N00149880EA0175201853
B1126024206077N00149887EA0175201852
B1126034206073N00149895EA0175101851
B1126044206070N00149902EA0175001850
B1126054206067N00149909EA0174801849
B1126064206064N00149916EA0174701847
B1126074206060N00149924EA0174401845
B1126084206057N00149931EA0174301843
B1126094206053N00149938EA0174101841
B1126104206049N00149945EA0174001839
B1126114206045N00149952EA0173801838
B1126124206042N00149959EA0173801837
B1126134206039N00149966EA0173601835
B1126144206036N00149972EA0173501834
B1126154206033N00149980EA0173201832
B1126164206030N00149987EA0173201830
B1126174206028N00149994EA0172901829
B1126184206025N00150001EA0172801827
B1126194206023N00150009EA0172601825
B1126204206020N00150016EA0172301823
B1126214206017N00150024EA0172301821
B1126224206014N00150031EA0172201819
B1126234206011N00150039EA0172101819
B1126244206009N00150045EA0172001818
B1126254206006N00150051EA0171801817
B1126264206003N00150058EA0171701816
B1126274206000N00150064EA0171501814
B1126284205997N00150070EA0171401813
B1126294205994N00150076EA0171301811
B1126304205990N00150082EA0171201810
B1126314205987N00150089EA0171101809
B1126324205984N00150095EA0171001808
B1126334205981N00150101EA0170901807
B1126344205976N00150105EA0170901806
B1126354205971N00150108EA0170701805
B1126364205966N00150109EA0170501804
B1126374205961N00150108EA0170601803
B1126384205956N00150108EA0170601802
B1126394205951N00150106EA0170601802
B1126404205947N00150104EA0170501802
B1126414205942N00150100EA0170201801
B1126424205937N00150094EA0169901798
B1126434205933N00150087EA0169701796
B1126444205930N00150079EA0169501793
B1126454205928N00150071EA0169401791
B1126464205927N00150063EA0169201790
B1126474205925N00150054EA0168901787
B1126484205923N00150045EA0168601783
B1126494205922N00150036EA0168201780
B1126504205922N00150026EA0167901777
B1126514205922N00150017EA0167701774
B1126524205922N00150008EA0167501771
B1126534205923N00149999EA0167101768
B1126544205923N00149990EA0166701765
B1126554205923N00149981EA0166301760
B1126564205924N00149971EA0165901756
B1126574205925N00149961EA0165601752
B1126584205926N00149952EA0165501749
B1126594205927N00149943EA0165101746
B1127004205928N00149934EA0164701743
B1127014205929N00149925EA0164401739
B1127024205930N00149915EA0164001735
B1127034205931N00149905EA0163801732
B1127044205932N00149896EA0163501729
B1127054205933N00149886EA0163201726
B1127064205934N00149877EA0162901722
B1127074205936N00149867EA0162501719
B1127084205937N00149857EA0162301716
B1127094205939N00149847EA0162001713
B1127104205940N00149838EA0161701710
B1127114205942N00149829EA0161301707
B1127124205943N00149819EA0160901703
B1127134205944N00149809EA0160601699
B1127144205945N00149799EA0160301695
B1127154205947N00149789EA0160001692
B1127164205948N00149778EA0159701689
B1127174205950N00149768EA0159501686
B1127184205952N00149758EA0159401684
B1127194205954N00149749EA0159101682
B1127204205956N00149739EA0158901680
B1127214205958N00149730EA0158601677
B1127224205960N00149720EA0158301674
B1127234205962N00149711EA0158001671
B1127244205964N00149701EA0157801668
B1127254205966N00149691EA0157401665
B1127264205968N00149681EA0157101662
B1127274205970N00149672EA0156801658
B1127284205972N00149662EA0156501655
B1127294205974N00149652EA0156201652
B1127304205976N00149642EA0155901649
B1127314205977N00149633EA0155601646
B1127324205978N00149623EA0155301643
B1127334205980N00149614EA0154901639
B1127344205981N00149605EA0154601636
B1127354205982N00149596EA0154501633
B1127364205982N00149586EA0154101630
B1127374205982N00149577EA0153801627
B1127384205983N00149568EA0153601625
B1127394205985N00149559EA0153401623
B1127404205987N00149551EA0153101620
B1127414205989N00149543EA0153001618
B1127424205991N00149535EA0152701615
B1127434205992N00149526EA0152401612
B1127444205994N00149518EA0152001608
B1127454205995N00149509EA0151601605
B1127464205996N00149500EA0151501602
B1127474205997N00149492EA0151201599
B1127484205998N00149482EA0150801595
B1127494205999N00149473EA0150801593
B1127504206000N00149464EA0150701591
B1127514206000N00149456EA0150801591
B1127524206000N00149450EA0150901592
B1127534206001N00149445EA0150801593
B1127544206002N00149440EA0150601591
B1127554206002N00149434EA0150301589
B1127564206002N00149425EA0150001585
B1127574206003N00149416EA0149801583
B1127584206005N00149407EA0150001583
B1127594206007N00149398EA0150201584
B1128004206008N00149390EA0150401587
B1128014206009N00149382EA0150601589
B1128024206010N00149374EA0150801591
B1128034206011N00149367EA0151001593
B1128044206011N00149359EA0151201595
B1128054206012N00149353EA0151501597
B1128064206013N00149346EA0151501599
B1128074206014N00149339EA0151601600
B1128084206015N00149331EA0151701602
B1128094206015N00149323EA0152001603
B1128104206016N00149314EA0152301606
B1128114206017N00149307EA0152701609
B1128124206017N00149300EA0153201614
B1128134206015N00149296EA0153501618
B1128144206012N00149294EA0153601620
B1128154206007N00149297EA0153801622
B1128164206004N00149302EA0154001624
B1128174206004N00149310EA0154301626
B1128184206006N00149319EA0154501628
B1128194206011N00149325EA0154701630
B1128204206017N00149329EA0155001633
B1128214206024N00149328EA0155301635
B1128224206030N00149324EA0155501638
B1128234206034N00149318EA0155601640
B1128244206036N00149311EA0155901642
B1128254206036N00149304EA0156201645
B1128264206034N00149299EA0156401648
B1128274206031N00149295EA0156701650
B1128284206027N00149294EA0157001653
B1128294206024N00149297EA0157301657
B1128304206021N00149303EA0157401659
B1128314206021N00149311EA0157501660
B1128324206023N00149319EA0157701661
B1128334206027N00149326EA0157901664
B1128344206034N00149329EA0158101666
B1128354206040N00149329EA0158301668
B1128364206047N00149326EA0158501670
B1128374206051N00149321EA0158801673
B1128384206054N00149315EA0159101676
B1128394206056N00149308EA0159201678
B1128404206055N00149302EA0159401680
B1128414206053N00149297EA0159501681
B1128424206049N00149296EA0159701683
B1128434206045N00149298EA0159901684
B1128444206042N00149304EA0160101686
B1128454206040N00149311EA0160301689
B1128464206042N00149320EA0160601691
B1128474206045N00149326EA0160801693
B1128484206051N00149331EA0160901695
B1128494206058N00149334EA0161001696
B1128504206064N00149333EA0161201698
B1128514206070N00149330EA0161301700
B1128524206074N00149324EA0161301701
B1128534206076N00149318EA0161601702
B1128544206076N00149312EA0161801704
B1128554206075N00149307EA0162001706
B1128564206073N00149304EA0162201709
B1128574206070N00149303EA0162401711
B1128584206067N00149304EA0162501713
B1128594206063N00149307EA0162501714
B1129004206061N00149313EA0162501715
B1129014206062N00149321EA0162701716
B1129024206067N00149327EA0162801716
B1129034206074N00149331EA0162901717
B1129044206082N00149331EA0163001718
B1129054206089N00149329EA0163101720
B1129064206096N00149327EA0163301722
B1129074206101N00149324EA0163401724
B1129084206106N00149320EA0163501725
B1129094206110N00149314EA0163501726
B1129104206113N00149307EA0163501725
B1129114206115N00149300EA0163601726
B1129124206114N00149293EA0163901728
B1129134206112N00149288EA0164001730
B1129144206109N00149285EA0164201732
B1129154206105N00149286EA0164401734
B1129164206102N00149290EA0164601736
B1129174206101N00149297EA0164701738
B1129184206103N00149304EA0164701739
B1129194206108N00149311EA0164701738
B1129204206115N00149315EA0164801737
B1129214206123N00149317EA0165001738
B1129224206131N00149317EA0165101742
B1129234206138N00149313EA0165101743
B1129244206144N00149308EA0165201743
B1129254206149N00149301EA0165301744
B1129264206153N00149293EA0165501746
B1129274206156N00149286EA0165601747
B1129284206158N00149279EA0165701749
B1129294206159N00149271EA0165901751
B1129304206160N00149264EA0166101753
B1129314206162N00149257EA0166401755
B1129324206164N00149250EA0166301756
B1129334206166N00149243EA0166401757
B1129344206167N00149236EA0166301757
B1129354206167N00149229EA0166201757
B1129364206169N00149221EA0166301757
B1129374206170N00149214EA0166401757
B1129384206170N00149207EA0166301758
B1129394206170N00149201EA0166201757
B1129404206169N00149194EA0166001755
B1129414206168N00149186EA0165701752
B1129424206168N00149177EA0165401750
B1129434206168N00149168EA0165301748
B1129444206167N00149160EA0165101747
B1129454206166N00149153EA0164901745
B1129464206164N00149144EA0164601742
B1129474206163N00149135EA0164301739
B1129484206163N00149126EA0164101736
B1129494206162N00149115EA0164001734
B1129504206161N00149105EA0163901733
B1129514206160N00149095EA0163801732
B1129524206160N00149085EA0163801731
B1129534206160N00149075EA0163701730
B1129544206159N00149066EA0163701730
B1129554206159N00149056EA0163701729
B1129564206158N00149046EA0163601728
B1129574206158N00149037EA0163401727
B1129584206157N00149027EA0163601727
B1129594206156N00149019EA0163701729
B1130004206155N00149012EA0163801730
B1130014206155N00149006EA0163601730
B1130024206155N00149000EA0163301729
B1130034206155N00148992EA0163001726
B1130044206156N00148984EA0162601722
B1130054206156N00148975EA0162201717
B1130064206156N00148965EA0161901713
B1130074206156N00148955EA0161701710
B1130084206156N00148946EA0161501708
B1130094206156N00148937EA0161301706
B1130104206155N00148929EA0161101704
B1130114206153N00148920EA0160801702
B1130124206152N00148912EA0160501698
B1130134206151N00148902EA0160301695
B1130144206150N00148892EA0160001693
B1130154206150N00148881EA0160001691
B1130164206150N00148870EA0160001691
B1130174206150N00148860EA0160201691
B1130184206150N00148851EA0160501693
B1130194206149N00148842EA0160501695
B1130204206149N00148834EA0160701696
B1130214206149N00148825EA0160601697
B1130224206150N00148816EA0160701698
B1130234206150N00148807EA0160701698
B1130244206150N00148797EA0160801699
B1130254206150N00148787EA0160901700
B1130264206150N00148777EA0161101701
B1130274206151N00148767EA0161201702
B1130284206151N00148758EA0161201703
B1130294206151N00148748EA0161101703
B1130304206151N00148738EA0161101703
B1130314206150N00148726EA0161001702
B1130324206150N00148715EA0161001702
B1130334206149N00148705EA0161101702
B1130344206147N00148696EA0161401704
B1130354206146N00148687EA0161401706
B1130364206145N00148678EA0161401706
B1130374206144N00148668EA0161401706
B1130384206142N00148658EA0161501706
B1130394206140N00148647EA0161601707
B1130404206139N00148637EA0161701709
B1130414206138N00148627EA0161901711
B1130424206137N00148617EA0161901712
B1130434206135N00148608EA0162101713
B1130444206132N00148601EA0162401716
B1130454206127N00148597EA0162801718
B1130464206123N00148596EA0163001721
B1130474206119N00148598EA0163101723
B1130484206115N00148602EA0163001723
B1130494206112N00148608EA0162901723
B1130504206112N00148616EA0163001723
B1130514206114N00148622EA0163101722
B1130524206119N00148627EA0163301723
B1130534206125N00148628EA0163501724
B1130544206130N00148626EA0163501725
B1130554206134N00148620EA0163601726
B1130564206137N00148612EA0163601726
B1130574206138N00148602EA0163701726
B1130584206138N00148593EA0163701727
B1130594206138N00148584EA0163901728
B1131004206137N00148575EA0163801730
B1131014206136N00148566EA0164101731
B1131024206135N00148559EA0164501734
B1131034206134N00148553EA0164901738
B1131044206133N00148549EA0165101742
B1131054206131N00148548EA0164901744
B1131064206128N00148549EA0164801743
B1131074206126N00148554EA0164601741
B1131084206126N00148560EA0164801741
B1131094206126N00148565EA0164901741
B1131104206126N00148570EA0165001742
B1131114206123N00148574EA0164901742
B1131124206118N00148574EA0164601741
B1131134206113N00148571EA0164301738
B1131144206108N00148565EA0164201736
B1131154206106N00148558EA0164101735
B1131164206105N00148552EA0163901734
B1131174206105N00148546EA0163601732
B1131184206104N00148538EA0163201728
B1131194206104N00148530EA0162701723
B1131204206104N00148520EA0162301719
B1131214206104N00148509EA0162001715
B1131224206103N00148499EA0161801712
B1131234206103N00148490EA0161601711
B1131244206102N00148481EA0161301709
B1131254206101N00148472EA0161201706
B1131264206101N00148462EA0161001704
B1131274206101N00148453EA0160801702
B1131284206102N00148444EA0160701701
B1131294206102N00148434EA0160401699
B1131304206102N00148423EA0160101696
B1131314206102N00148412EA0159701692
B1131324206102N00148400EA0159701689
B1131334206102N00148389EA0159501688
B1131344206102N00148379EA0159601688
B1131354206101N00148370EA0159501688
B1131364206101N00148361EA0159301686
B1131374206100N00148352EA0158901684
B1131384206099N00148341EA0158501681
B1131394206099N00148329EA0158201678
B1131404206098N00148318EA0158201676
B1131414206098N00148307EA0158101675
B1131424206097N00148297EA0157901674
B1131434206097N00148287EA0157501671
B1131444206098N00148276EA0157501668
B1131454206097N00148265EA0157501664
B1131464206097N00148253EA0157501660
B1131474206097N00148242EA0157501657
B1131484206097N00148230EA0157501655
B1131494206098N00148219EA0157501654
B1131504206098N00148209EA0157501652
B1131514206098N00148198EA0157501649
B1131524206098N00148186EA0157501646
B1131534206099N00148174EA0157501643
B1131544206098N00148162EA0157501640
B1131554206098N00148151EA0157501638
B1131564206098N00148141EA0157501638
B1131574206098N00148131EA0157501638
B1131584206099N00148121EA0157501637
B1131594206099N00148111EA0157501636
B1132004206100N00148101EA0157501634
B1132014206100N00148090EA0157501632
B1132024206100N00148079EA0157501629
B1132034206100N00148067EA0157501627
B1132044206100N00148056EA0157501626
B1132054206100N00148044EA0157501625
B1132064206100N00148033EA0157501623
B1132074206101N00148021EA0157501621
B1132084206101N00148010EA0157501619
B1132094206102N00147998EA0157501617
B1132104206102N00147986EA0157501616
B1132114206101N00147974EA0157501615
B1132124206101N00147962EA0157501615
B1132134206101N00147950EA0157501614
B1132144206100N00147938EA0157501614
B1132154206100N00147927EA0157501614
B1132164206100N00147917EA0157501614
B1132174206100N00147907EA0157501615
B1132184206099N00147897EA0157501613
B1132194206098N00147887EA0157501611
B1132204206096N00147876EA0157501609
B1132214206095N00147866EA0157501608
B1132224206095N00147855EA0157501607
B1132234206096N00147845EA0157501607
B1132244206097N00147835EA0157501608
B1132254206097N00147828EA0157501609
B1132264206097N00147821EA0157501610
B1132274206097N00147814EA0157501611
B1132284206096N00147806EA0157501610
B1132294206096N00147797EA0157501610
B1132304206096N00147789EA0157501611
B1132314206096N00147781EA0157501613
B1132324206097N00147774EA0157501614
B1132334206097N00147767EA0157501615
B1132344206097N00147759EA0157501613
B1132354206097N00147749EA0157501612
B1132364206097N00147740EA0157501611
B1132374206097N00147731EA0157501612
B1132384206098N00147723EA0157501613
B1132394206099N00147715EA0157501612
B1132404206100N00147707EA0157501611
B1132414206100N00147698EA0157501611
B1132424206101N00147689EA0157501609
B1132434206101N00147680EA0157501608
B1132444206101N00147671EA0157501607
B1132454206102N00147662EA0157501605
B1132464206101N00147652EA0157501603
B1132474206101N00147642EA0157501603
B1132484206100N00147634EA0157501605
B1132494206100N00147627EA0157501610
B1132504206101N00147621EA0157501614
B1132514206101N00147616EA0157501616
B1132524206100N00147610EA0157501618
B1132534206097N00147605EA0157501617
B1132544206093N00147602EA0157501617
B1132554206089N00147603EA0157501618
B1132564206087N00147607EA0157501618
B1132574206087N00147613EA0157501619
B1132584206089N00147619EA0157501621
B1132594206095N00147623EA0157501621
B1133004206102N00147625EA0157501622
B1133014206108N00147624EA0157501623
B1133024206115N00147620EA0157501623
B1133034206121N00147614EA0157501623
B1133044206126N00147608EA0157501624
B1133054206130N00147601EA0157501625
B1133064206133N00147594EA0157501626
B1133074206134N00147585EA0157501627
B1133084206135N00147577EA0157501627
B1133094206136N00147569EA0157501629
B1133104206136N00147562EA0157501631
B1133114206136N00147556EA0157501632
B1133124206135N00147550EA0157501633
B1133134206134N00147544EA0157501634
B1133144206131N00147537EA0157501634
B1133154206129N00147530EA0157501634
B1133164206127N00147522EA0157501635
B1133174206126N00147514EA0157501636
B1133184206125N00147506EA0157501639
B1133194206124N00147500EA0157501643
B1133204206122N00147496EA0157501647
B1133214206120N00147495EA0157501649
B1133224206117N00147497EA0157501650
B1133234206114N00147500EA0157501652
B1133244206114N00147505EA0157501656
B1133254206117N00147510EA0157501658
B1133264206123N00147512EA0157501660
B1133274206130N00147511EA0157501661
B1133284206136N00147506EA0157501663
B1133294206142N00147498EA0157501665
B1133304206145N00147490EA0157501668
B1133314206146N00147483EA0157501672
B1133324206145N00147478EA0157501675
B1133334206143N00147473EA0157501677
B1133344206141N00147469EA0157501678
B1133354206138N00147466EA0157501680
B1133364206135N00147464EA0157501682
B1133374206132N00147465EA0157501685
B1133384206131N00147470EA0157501686
B1133394206132N00147478EA0157501685
B1133404206136N00147485EA0157501685
B1133414206142N00147490EA0157501688
B1133424206150N00147491EA0157501691
B1133434206156N00147487EA0157501694
B1133444206160N00147480EA0157501696
B1133454206162N00147473EA0157501697
B1133464206163N00147465EA0157501699
B1133474206162N00147459EA0157501702
B1133484206160N00147454EA0157501704
B1133494206158N00147451EA0157501706
B1133504206155N00147449EA0157501708
B1133514206152N00147448EA0157501708
B1133524206149N00147449EA0157501709
B1133534206145N00147453EA0157501709
B1133544206144N00147459EA0157501710
B1133554206144N00147466EA0157501711
B1133564206147N00147474EA0157501711
B1133574206153N00147481EA0157501712
B1133584206161N00147485EA0157501714
B1133594206168N00147485EA0157501717
B1134004206175N00147481EA0157501719
B1134014206179N00147474EA0157501719
B1134024206181N00147465EA0157501720
B1134034206181N00147457EA0157501722
B1134044206178N00147452EA0157501724
B1134054206175N00147450EA0157501726
B1134064206173N00147450EA0157501728
B1134074206170N00147450EA0157501729
B1134084206168N00147453EA0157501731
B1134094206166N00147457EA0157501732
B1134104206165N00147463EA0157501735
B1134114206166N00147469EA0157501738
B1134124206170N00147473EA0157501742
B1134134206176N00147476EA0157501744
B1134144206183N00147476EA0157501745
B1134154206190N00147473EA0157501747
B1134164206195N00147468EA0157501748
B1134174206197N00147461EA0157501748
B1134184206197N00147453EA0157501748
B1134194206195N00147447EA0157501749
B1134204206193N00147441EA0157501752
B1134214206192N00147438EA0157501757
B1134224206190N00147436EA0157501760
B1134234206188N00147434EA0157501762
B1134244206184N00147435EA0157501763
B1134254206182N00147439EA0157501763
B1134264206182N00147444EA0157501766
B1134274206185N00147449EA0157501768
B1134284206190N00147454EA0157501770
B1134294206196N00147456EA0157501772
B1134304206202N00147456EA0157501774
B1134314206209N00147454EA0157501775
B1134324206216N00147448EA0157501774
B1134334206221N00147440EA0157501773
B1134344206223N00147430EA0157501772
B1134354206222N00147422EA0157501773
B1134364206218N00147417EA0157501773
B1134374206214N00147414EA0157501774
B1134384206211N00147413EA0157501776
B1134394206207N00147412EA0157501779
B1134404206204N00147412EA0157501781
B1134414206201N00147413EA0157501783
B1134424206198N00147414EA0157501785
B1134434206196N00147417EA0157501788
B1134444206195N00147420EA0157501791
B1134454206197N00147425EA0157501793
B1134464206201N00147430EA0157501792
B1134474206207N00147435EA0157501790
B1134484206215N00147437EA0157501790
B1134494206223N00147435EA0157501791
B1134504206230N00147429EA0157501791
B1134514206235N00147420EA0157501791
B1134524206236N00147410EA0157501791
B1134534206234N00147401EA0157501792
B1134544206231N00147395EA0157501794
B1134554206227N00147392EA0157501797
B1134564206224N00147391EA0157501800
B1134574206221N00147391EA0157501804
B1134584206219N00147392EA0157501806
B1134594206217N00147394EA0157501809
B1135004206217N00147399EA0157501810
B1135014206218N00147405EA0157501808
B1135024206221N00147410EA0157501808
B1135034206227N00147414EA0157501806
B1135044206235N00147415EA0157501806
B1135054206242N00147411EA0157501806
B1135064206247N00147402EA0157501804
B1135074206250N00147391EA0157501802
B1135084206250N00147381EA0157501802
B1135094206248N00147375EA0157501805
B1135104206245N00147372EA0157501808
B1135114206243N00147372EA0157501810
B1135124206241N00147374EA0157501812
B1135134206240N00147378EA0157501814
B1135144206241N00147384EA0157501815
B1135154206245N00147389EA0157501815
B1135164206251N00147393EA0157501813
B1135174206259N00147394EA0157501813
B1135184206266N00147392EA0157501814
B1135194206272N00147385EA0157501813
B1135204206276N00147374EA0157501810
B1135214206276N00147363EA0157501808
B1135224206275N00147353EA0157501808
B1135234206274N00147345EA0157501813
B1135244206272N00147339EA0157501818
B1135254206271N00147333EA0157501821
B1135264206269N00147328EA0157501823
B1135274206267N00147321EA0157501824
B1135284206264N00147314EA0157501826
B1135294206262N00147308EA0157501827
B1135304206259N00147303EA0157501830
B1135314206256N00147301EA0157501832
B1135324206253N00147302EA0157501833
B1135334206250N00147304EA0157501833
B1135344206248N00147307EA0157501835
B1135354206247N00147311EA0157501836
B1135364206247N00147317EA0157501836
B1135374206250N00147322EA0157501837
B1135384206254N00147326EA0157501837
B1135394206260N00147329EA0157501837
B1135404206268N00147329EA0157501837
B1135414206276N00147325EA0157501837
B1135424206282N00147318EA0157501838
B1135434206285N00147308EA0157501839
B1135444206286N00147297EA0157501838
B1135454206286N00147288EA0157501839
B1135464206286N00147280EA0157501841
B1135474206285N00147274EA0157501843
B1135484206284N00147269EA0157501845
B1135494206281N00147263EA0157501845
B1135504206278N00147258EA0157501844
B1135514206275N00147252EA0157501843
B1135524206272N00147246EA0157501843
B1135534206270N00147241EA0157501845
B1135544206268N00147236EA0157501846
B1135554206266N00147231EA0157501847
B1135564206264N00147226EA0157501847
B1135574206261N00147221EA0157501846
B1135584206259N00147215EA0157501846
B1135594206257N00147209EA0157501845
B1136004206255N00147204EA0157501844
B1136014206253N00147198EA0157501843
B1136024206252N00147191EA0157501841
B1136034206250N00147184EA0157501840
B1136044206248N00147178EA0157501838
B1136054206245N00147172EA0157501836
B1136064206243N00147166EA0157501835
B1136074206241N00147160EA0157501833
B1136084206239N00147153EA0157501831
B1136094206237N00147147EA0157501829
B1136104206235N00147140EA0157501827
B1136114206233N00147133EA0157501824
B1136124206231N00147127EA0157501822
B1136134206228N00147121EA0157501820
B1136144206226N00147115EA0157501818
B1136154206223N00147110EA0157501816
B1136164206221N00147104EA0157501813
B1136174206218N00147099EA0157501811
B1136184206215N00147094EA0157501809
B1136194206212N00147089EA0157501806
B1136204206210N00147084EA0157501804
B1136214206208N00147078EA0157501802
B1136224206206N00147072EA0157501800
B1136234206204N00147065EA0157501797
B1136244206202N00147059EA0157501795
B1136254206200N00147052EA0157501792
B1136264206198N00147046EA0157501791
B1136274206195N00147041EA0157501789
B1136284206193N00147036EA0157501788
B1136294206191N00147031EA0157501786
B1136304206189N00147026EA0157501784
B1136314206187N00147020EA0157501782
B1136324206185N00147014EA0157501780
B1136334206184N00147007EA0157501778
B1136344206183N00147000EA0157501777
B1136354206182N00146994EA0157501776
B1136364206181N00146988EA0157501775
B1136374206180N00146983EA0157501774
B1136384206180N00146977EA0157501772
B1136394206179N00146970EA0157501769
B1136404206177N00146963EA0157501767
B1136414206176N00146956EA0157501766
B1136424206175N00146950EA0157501764
B1136434206174N00146943EA0157501763
B1136444206173N00146937EA0157501762
B1136454206172N00146929EA0157501759
B1136464206172N00146922EA0157501757
B1136474206171N00146914EA0157501754
B1136484206169N00146906EA0157501752
B1136494206168N00146898EA0157501750
B1136504206167N00146890EA0157501748
B1136514206166N00146882EA0157501747
B1136524206165N00146874EA0157501746
B1136534206164N00146866EA0157501744
B1136544206163N00146858EA0157501742
B1136554206162N00146849EA0157501740
B1136564206161N00146841EA0157501738
B1136574206160N00146832EA0157501737
B1136584206160N00146824EA0157501735
B1136594206159N00146816EA0157501734
B1137004206158N00146807EA0157501732
B1137014206157N00146799EA0157501730
B1137024206156N00146790EA0157501728
B1137034206156N00146782EA0157501725
B1137044206155N00146773EA0157501722
B1137054206154N00146764EA0157501720
B1137064206152N00146755EA0157501718
B1137074206151N00146747EA0157501716
B1137084206149N00146738EA0157501713
B1137094206149N00146729EA0157501711
B1137104206149N00146719EA0157501708
B1137114206149N00146709EA0157501706
B1137124206149N00146700EA0157501705
B1137134206147N00146692EA0157501704
B1137144206146N00146684EA0157501703
B1137154206146N00146676EA0157501702
B1137164206145N00146667EA0157501700
B1137174206144N00146658EA0157501697
B1137184206142N00146649EA0157501694
B1137194206141N00146640EA0157501692
B1137204206140N00146631EA0157501690
B1137214206139N00146623EA0157501688
B1137224206139N00146614EA0157501686
B1137234206139N00146605EA0157501683
B1137244206139N00146596EA0157501680
B1137254206139N00146586EA0157501676
B1137264206139N00146576EA0157501674
B1137274206139N00146566EA0157501671
B1137284206139N00146556EA0157501670
B1137294206139N00146547EA0157501668
B1137304206139N00146537EA0157501667
B1137314206138N00146527EA0157501665
B1137324206138N00146517EA0157501665
B1137334206137N00146507EA0157501664
B1137344206137N00146497EA0157501664
B1137354206137N00146488EA0157501664
B1137364206136N00146479EA0157501663
B1137374206135N00146469EA0157501662
B1137384206134N00146459EA0157501661
B1137394206134N00146448EA0157501664
B1137404206134N00146438EA0157501667
B1137414206134N00146430EA0157501671
B1137424206133N00146423EA0157501673
B1137434206130N00146416EA0157501673
B1137444206127N00146409EA0157501673
B1137454206125N00146403EA0157501673
B1137464206122N00146397EA0157501674
B1137474206120N00146392EA0157501675
B1137484206119N00146385EA0157501675
B1137494206117N00146377EA0157501674
B1137504206115N00146368EA0157501671
B1137514206113N00146358EA0157501670
B1137524206112N00146348EA0157501668
B1137534206111N00146338EA0157501668
B1137544206111N00146329EA0157501670
B1137554206110N00146321EA0157501670
B1137564206110N00146313EA0157501669
B1137574206110N00146304EA0157501667
B1137584206110N00146294EA0157501664
B1137594206110N00146284EA0157501661
B1138004206110N00146274EA0157501659
B1138014206109N00146264EA0157501658
B1138024206109N00146256EA0157501657
B1138034206108N00146247EA0157501656
B1138044206107N00146238EA0157501653
B1138054206106N00146228EA0157501650
B1138064206104N00146218EA0157501647
B1138074206102N00146209EA0157501645
B1138084206100N00146199EA0157501643
B1138094206098N00146189EA0157501641
B1138104206096N00146179EA0157501639
B1138114206093N00146169EA0157501637
B1138124206090N00146159EA0157501635
B1138134206087N00146148EA0157501635
B1138144206086N00146137EA0157501635
B1138154206085N00146128EA0157501637
B1138164206084N00146119EA0157501639
B1138174206083N00146110EA0157501640
B1138184206082N00146101EA0157501639
B1138194206082N00146091EA0157501638
B1138204206082N00146081EA0157501637
B1138214206083N00146070EA0157501637
B1138224206083N00146062EA0157501640
B1138234206082N00146055EA0157501643
B1138244206081N00146050EA0157501645
B1138254206080N00146046EA0157501645
B1138264206077N00146041EA0157501645
B1138274206074N00146039EA0157501644
B1138284206071N00146038EA0157501644
B1138294206069N00146040EA0157501644
B1138304206067N00146043EA0157501644
B1138314206065N00146048EA0157501643
B1138324206065N00146054EA0157501643
B1138334206066N00146060EA0157501642
B1138344206067N00146065EA0157501642
B1138354206068N00146071EA0157501641
B1138364206069N00146076EA0157501640
B1138374206069N00146082EA0157501638
B1138384206071N00146087EA0157501637
B1138394206072N00146092EA0157501637
B1138404206072N00146096EA0157501637
B1138414206073N00146100EA0157501636
B1138424206073N00146104EA0157501634
B1138434206074N00146109EA0157501631
B1138444206075N00146114EA0157501629
B1138454206076N00146118EA0157501627
B1138464206077N00146122EA0157501625
B1138474206078N00146127EA0157501623
B1138484206079N00146132EA0157501621
B1138494206080N00146138EA0157501618
B1138504206081N00146143EA0157501616
B1138514206082N00146150EA0157501612
B1138524206082N00146158EA0157501608
B1138534206083N00146166EA0157501605
B1138544206083N00146174EA0157501604
B1138554206083N00146182EA0157501603
B1138564206084N00146189EA0157501602
B1138574206084N00146196EA0157501601
B1138584206085N00146204EA0157501599
B1138594206085N00146211EA0157501597
B1139004206086N00146220EA0157501595
B1139014206086N00146228EA0157501594
B1139024206087N00146236EA0157501593
B1139034206087N00146243EA0157501593
B1139044206088N00146251EA0157501592
B1139054206088N00146258EA0157501592
B1139064206088N00146266EA0157501592
B1139074206088N00146273EA0157501593
B1139084206088N00146278EA0157501596
B1139094206089N00146282EA0157501600
B1139104206090N00146284EA0157501602
B1139114206091N00146287EA0157501602
B1139124206091N00146291EA0157501600
B1139134206091N00146296EA0157501597
B1139144206092N00146301EA0157501595
B1139154206092N00146307EA0157501594
B1139164206092N00146312EA0157501594
B1139174206092N00146316EA0157501595
B1139184206092N00146320EA0157501595
B1139194206092N00146325EA0157501594
B1139204206092N00146330EA0157501593
B1139214206092N00146336EA0157501591
B1139224206092N00146341EA0157501591
B1139234206092N00146346EA0157501591
B1139244206093N00146350EA0157501591
B1139254206093N00146355EA0157501591
B1139264206093N00146359EA0157501590
B1139274206093N00146364EA0157501588
B1139284206093N00146369EA0157501586
B1139294206093N00146375EA0157501585
B1139304206093N00146380EA0157501585
B1139314206093N00146385EA0157501584
B1139324206092N00146389EA0157501584
B1139334206091N00146394EA0157501583
B1139344206090N00146399EA0157501581
B1139354206089N00146405EA0157501579
B1139364206087N00146411EA0157501577
B1139374206086N00146416EA0157501576
B1139384206085N00146422EA0157501575
B1139394206084N00146429EA0157501573
B1139404206083N00146435EA0157501572
B1139414206082N00146442EA0157501572
B1139424206081N00146447EA0157501573
B1139434206081N00146451EA0157501574
B1139444206081N00146453EA0157501574
B1139454206081N00146456EA0157501572
B1139464206080N00146461EA0157501568
B1139474206080N00146468EA0157501563
B1139484206080N00146474EA0157501560
B1139494206080N00146479EA0157501559
B1139504206079N00146484EA0157501558
B1139514206078N00146488EA0157501558
B1139524206078N00146493EA0157501556
B1139534206077N00146499EA0157501555
B1139544206077N00146505EA0157501553
B1139554206076N00146510EA0157501553
B1139564206076N00146514EA0157501555
B1139574206075N00146517EA0157501557
B1139584206074N00146520EA0157501558
B1139594206074N00146523EA0157501557
B1140004206073N00146528EA0157501556
B1140014206073N00146533EA0157501553
B1140024206072N00146539EA0157501550
B1140034206072N00146544EA0157501549
B1140044206071N00146548EA0157501548
B1140054206071N00146552EA0157501548
B1140064206071N00146556EA0157501547
B1140074206070N00146561EA0157501545
B1140084206070N00146567EA0157501542
B1140094206069N00146574EA0157501540
B1140104206068N00146580EA0157501539
B1140114206068N00146585EA0157501540
B1140124206068N00146589EA0157501540
B1140134206068N00146594EA0157501539
B1140144206069N00146599EA0157501538
B1140154206069N00146604EA0157501536
B1140164206068N00146610EA0157501533
B1140174206068N00146617EA0157501530
B1140184206068N00146624EA0157501528
B1140194206068N00146631EA0157501526
B1140204206068N00146637EA0157501525
B1140214206068N00146644EA0157501523
B1140224206066N00146652EA0157501520
B1140234206066N00146659EA0157501518
B1140244206065N00146665EA0157501518
B1140254206065N00146670EA0157501516
B1140264206064N00146676EA0157501514
B1140274206063N00146682EA0157501511
B1140284206061N00146689EA0157501507
B1140294206059N00146696EA0157501505
B1140304206057N00146703EA0157501505
B1140314206056N00146709EA0157501506
B1140324206055N00146714EA0157501507
B1140334206054N00146718EA0157501507
B1140344206053N00146723EA0157501505
B1140354206052N00146728EA0157501505
B1140364206051N00146733EA0157501503
B1140374206050N00146739EA0157501500
B1140384206048N00146746EA0157501496
B1140394206048N00146753EA0157501494
B1140404206047N00146759EA0157501493
B1140414206046N00146764EA0157501493
B1140424206045N00146770EA0157501492
B1140434206044N00146776EA0157501490
B1140444206043N00146784EA0157501486
B1140454206042N00146792EA0157501483
B1140464206041N00146800EA0157501482
B1140474206040N00146808EA0157501482
B1140484206039N00146816EA0157501483
B1140494206039N00146822EA0157501484
B1140504206040N00146829EA0157501485
B1140514206040N00146836EA0157501485
B1140524206041N00146843EA0157501484
B1140534206041N00146851EA0157501486
B1140544206042N00146856EA0157501489
B1140554206041N00146861EA0157501491
B1140564206041N00146866EA0157501491
B1140574206041N00146872EA0157501491
B1140584206042N00146879EA0157501491
B1140594206043N00146886EA0157501493
B1141004206044N00146889EA0157501497
B1141014206044N00146891EA0157501500
B1141024206044N00146892EA0157501501
B1141034206045N00146895EA0157501501
B1141044206046N00146900EA0157501500
B1141054206047N00146908EA0157501499
B1141064206047N00146914EA0157501504
B1141074206047N00146918EA0157501508
B1141084206048N00146921EA0157501513
B1141094206048N00146924EA0157501517
B1141104206049N00146928EA0157501518
B1141114206050N00146934EA0157501519
B1141124206050N00146939EA0157501522
B1141134206050N00146942EA0157501526
B1141144206048N00146943EA0157501529
B1141154206046N00146943EA0157501531
B1141164206043N00146942EA0157501533
B1141174206040N00146938EA0157501536
B1141184206038N00146931EA0157501538
B1141194206039N00146920EA0157501539
B1141204206044N00146910EA0157501540
B1141214206051N00146903EA0157501542
B1141224206059N00146902EA0157501544
B1141234206065N00146904EA0157501545
B1141244206069N00146909EA0157501546
B1141254206071N00146915EA0157501548
B1141264206072N00146920EA0157501550
B1141274206071N00146924EA0157501554
B1141284206072N00146927EA0157501557
B1141294206072N00146930EA0157501561
B1141304206072N00146932EA0157501563
B1141314206070N00146935EA0157501565
B1141324206067N00146937EA0157501567
B1141334206063N00146938EA0157501571
B1141344206060N00146936EA0157501574
B1141354206057N00146931EA0157501578
B1141364206055N00146923EA0157501580
B1141374206054N00146913EA0157501580
B1141384206055N00146902EA0157501580
B1141394206060N00146891EA0157501582
B1141404206068N00146885EA0157501583
B1141414206077N00146885EA0157501583
B1141424206084N00146890EA0157501582
B1141434206086N00146897EA0157501583
B1141444206086N00146904EA0157501587
B1141454206086N00146907EA0157501594
B1141464206086N00146908EA0157501601
B1141474206087N00146909EA0157501605
B1141484206087N00146911EA0157501607
B1141494206085N00146913EA0157501608
B1141504206082N00146913EA0157501608
B1141514206077N00146910EA0157501609
B1141524206074N00146901EA0157501610
B1141534206074N00146889EA0157501611
B1141544206079N00146877EA0157501611
B1141554206087N00146869EA0157501612
B1141564206094N00146867EA0157501613
B1141574206100N00146870EA0157501614
B1141584206102N00146875EA0157501616
B1141594206103N00146879EA0157501618
B1142004206103N00146881EA0157501621
B1142014206103N00146884EA0157501624
B1142024206104N00146886EA0157501627
B1142034206105N00146889EA0157501629
B1142044206105N00146892EA0157501630
B1142054206104N00146895EA0157501631
B1142064206102N00146896EA0157501632
B1142074206098N00146895EA0157501632
B1142084206095N00146891EA0157501634
B1142094206092N00146884EA0157501636
B1142104206092N00146874EA0157501636
B1142114206094N00146862EA0157501636
B1142124206099N00146851EA0157501637
B1142134206107N00146843EA0157501640
B1142144206116N00146841EA0157501642
B1142154206123N00146844EA0157501644
B1142164206128N00146849EA0157501645
B1142174206130N00146854EA0157501648
B1142184206131N00146858EA0157501652
B1142194206132N00146861EA0157501656
B1142204206134N00146864EA0157501660
B1142214206134N00146868EA0157501662
B1142224206134N00146872EA0157501664
B1142234206132N00146875EA0157501664
B1142244206129N00146878EA0157501666
B1142254206127N00146878EA0157501669
B1142264206125N00146876EA0157501672
B1142274206123N00146871EA0157501673
B1142284206122N00146863EA0157501674
B1142294206123N00146853EA0157501674
B1142304206127N00146843EA0157501674
B1142314206135N00146836EA0157501675
B1142324206145N00146833EA0157501675
B1142334206153N00146835EA0157501679
B1142344206158N00146840EA0157501681
B1142354206160N00146846EA0157501684
B1142364206160N00146851EA0157501687
B1142374206159N00146855EA0157501691
B1142384206157N00146857EA0157501696
B1142394206157N00146858EA0157501702
B1142404206156N00146856EA0157501707
B1142414206155N00146852EA0157501710
B1142424206154N00146845EA0157501712
B1142434206156N00146834EA0157501712
B1142444206162N00146824EA0157501714
B1142454206171N00146817EA0157501718
B1142464206180N00146817EA0157501721
B1142474206189N00146821EA0157501723
B1142484206193N00146827EA0157501727
B1142494206194N00146832EA0157501732
B1142504206193N00146833EA0157501736
B1142514206191N00146830EA0157501739
B1142524206190N00146823EA0157501743
B1142534206192N00146813EA0157501746
B1142544206197N00146804EA0157501747
B1142554206204N00146796EA0157501749
B1142564206212N00146790EA0157501754
B1142574206221N00146787EA0157501759
B1142584206229N00146787EA0157501762
B1142594206235N00146791EA0157501766
B1143004206239N00146796EA0157501769
B1143014206241N00146803EA0157501773
B1143024206243N00146809EA0157501776
B1143034206245N00146814EA0157501779
B1143044206247N00146818EA0157501783
B1143054206249N00146820EA0157501786
B1143064206249N00146822EA0157501789
B1143074206248N00146824EA0157501791
B1143084206247N00146826EA0157501792
B1143094206245N00146825EA0157501796
B1143104206243N00146819EA0157501799
B1143114206244N00146810EA0157501800
B1143124206247N00146800EA0157501801
B1143134206253N00146791EA0157501804
B1143144206261N00146788EA0157501807
B1143154206270N00146789EA0157501809
B1143164206278N00146795EA0157501810
B1143174206282N00146801EA0157501812
B1143184206284N00146807EA0157501815
B1143194206286N00146812EA0157501818
B1143204206287N00146816EA0157501820
B1143214206289N00146819EA0157501824
B1143224206290N00146822EA0157501826
B1143234206290N00146825EA0157501827
B1143244206289N00146827EA0157501827
B1143254206288N00146830EA0157501827
B1143264206287N00146833EA0157501828
B1143274206287N00146835EA0157501830
B1143284206287N00146837EA0157501832
B1143294206286N00146838EA0157501834
B1143304206285N00146838EA0157501835
B1143314206284N00146839EA0157501837
B1143324206282N00146840EA0157501839
B1143334206281N00146840EA0157501840
B1143344206280N00146840EA0157501843
B1143354206279N00146840EA0157501845
B1143364206277N00146841EA0157501848
B1143374206276N00146841EA0157501850
B1143384206276N00146840EA0157501853
B1143394206274N00146838EA0157501854
B1143404206272N00146834EA0157501855
B1143414206269N00146827EA0157501855
B1143424206268N00146817EA0157501855
B1143434206269N00146806EA0157501858
B1143444206273N00146796EA0157501861
B1143454206280N00146787EA0157501864
B1143464206289N00146782EA0157501867
B1143474206297N00146780EA0157501868
B1143484206305N00146781EA0157501869
B1143494206312N00146784EA0157501871
B1143504206318N00146788EA0157501873
B1143514206322N00146791EA0157501874
B1143524206324N00146795EA0157501876
B1143534206325N00146798EA0157501876
B1143544206326N00146801EA0157501877
B1143554206326N00146803EA0157501878
B1143564206326N00146806EA0157501879
B1143574206326N00146809EA0157501879
B1143584206325N00146812EA0157501880
B1143594206324N00146814EA0157501881
B1144004206321N00146813EA0157501882
B1144014206319N00146811EA0157501882
B1144024206316N00146810EA0157501883
B1144034206314N00146810EA0157501886
B1144044206313N00146810EA0157501889
B1144054206312N00146810EA0157501892
B1144064206311N00146810EA0157501893
B1144074206309N00146811EA0157501893
B1144084206306N00146812EA0157501893
B1144094206303N00146814EA0157501894
B1144104206301N00146816EA0157501895
B1144114206300N00146820EA0157501898
B1144124206299N00146823EA0157501901
B1144134206298N00146824EA0157501904
B1144144206296N00146820EA0157501906
B1144154206295N00146813EA0157501908
B1144164206298N00146803EA0157501909
B1144174206303N00146794EA0157501911
B1144184206311N00146787EA0157501912
B1144194206320N00146781EA0157501914
B1144204206328N00146778EA0157501916
B1144214206337N00146778EA0157501918
B1144224206344N00146781EA0157501920
B1144234206349N00146786EA0157501920
B1144244206352N00146792EA0157501921
B1144254206353N00146797EA0157501923
B1144264206354N00146801EA0157501925
B1144274206353N00146805EA0157501926
B1144284206351N00146809EA0157501927
B1144294206349N00146813EA0157501928
B1144304206346N00146815EA0157501931
B1144314206344N00146814EA0157501934
B1144324206341N00146810EA0157501937
B1144334206339N00146804EA0157501940
B1144344206340N00146795EA0157501943
B1144354206345N00146786EA0157501946
B1144364206351N00146780EA0157501949
B1144374206360N00146776EA0157501952
B1144384206368N00146776EA0157501954
B1144394206376N00146779EA0157501955
B1144404206383N00146785EA0157501957
B1144414206388N00146791EA0157501960
B1144424206390N00146797EA0157501963
B1144434206390N00146801EA0157501968
B1144444206390N00146804EA0157501972
B1144454206389N00146805EA0157501975
B1144464206387N00146804EA0157501979
B1144474206385N00146801EA0157501982
B1144484206384N00146795EA0157501985
B1144494206384N00146787EA0157501987
B1144504206386N00146778EA0157501990
B1144514206390N00146769EA0157501996
B1144524206396N00146762EA0157502001
B1144534206404N00146757EA0157502005
B1144544206411N00146756EA0157502009
B1144554206419N00146757EA0157502012
B1144564206424N00146761EA0157502014
B1144574206428N00146766EA0157502016
B1144584206430N00146771EA0157502020
B1144594206431N00146775EA0157502024
B1145004206431N00146777EA0157502028
B1145014206430N00146778EA0157502032
B1145024206430N00146778EA0157502035
B1145034206429N00146778EA0157502037
B1145044206427N00146779EA0157502038
B1145054206424N00146780EA0157502039
B1145064206421N00146780EA0157502041
B1145074206418N00146775EA0157502044
B1145084206417N00146765EA0157502047
B1145094206421N00146754EA0157502048
B1145104206429N00146745EA0157502051
B1145114206438N00146740EA0157502054
B1145124206447N00146740EA0157502057
B1145134206454N00146743EA0157502061
B1145144206461N00146747EA0157502065
B1145154206466N00146752EA0157502068
B1145164206470N00146756EA0157502072
B1145174206473N00146760EA0157502075
B1145184206475N00146765EA0157502079
B1145194206476N00146768EA0157502082
B1145204206477N00146772EA0157502085
B1145214206477N00146774EA0157502086
B1145224206475N00146775EA0157502086
B1145234206472N00146774EA0157502086
B1145244206469N00146772EA0157502087
B1145254206465N00146768EA0157502089
B1145264206463N00146762EA0157502092
B1145274206463N00146754EA0157502096
B1145284206464N00146744EA0157502099
B1145294206468N00146734EA0157502103
B1145304206474N00146725EA0157502107
B1145314206481N00146719EA0157502110
B1145324206490N00146716EA0157502112
B1145334206499N00146717EA0157502114
B1145344206508N00146722EA0157502115
B1145354206514N00146729EA0157502117
B1145364206518N00146736EA0157502120
B1145374206519N00146740EA0157502126
B1145384206518N00146741EA0157502129
B1145394206516N00146739EA0157502131
B1145404206513N00146736EA0157502132
B1145414206510N00146731EA0157502133
B1145424206508N00146724EA0157502136
B1145434206509N00146715EA0157502138
B1145444206513N00146704EA0157502140
B1145454206521N00146696EA0157502141
B1145464206531N00146690EA0157502143
B1145474206540N00146689EA0157502147
B1145484206548N00146691EA0157502149
B1145494206555N00146696EA0157502151
B1145504206559N00146702EA0157502153
B1145514206562N00146706EA0157502156
B1145524206564N00146710EA0157502159
B1145534206565N00146712EA0157502161
B1145544206565N00146715EA0157502161
B1145554206565N00146718EA0157502161
B1145564206564N00146722EA0157502161
B1145574206563N00146726EA0157502161
B1145584206562N00146729EA0157502162
B1145594206561N00146732EA0157502164
B1146004206560N00146734EA0157502166
B1146014206559N00146737EA0157502166
B1146024206558N00146741EA0157502165
B1146034206557N00146746EA0157502164
B1146044206555N00146750EA0157502164
B1146054206553N00146754EA0157502164
B1146064206552N00146757EA0157502165
B1146074206550N00146759EA0157502166
B1146084206549N00146761EA0157502166
B1146094206548N00146764EA0157502165
B1146104206546N00146767EA0157502163
B1146114206543N00146771EA0157502162
B1146124206540N00146774EA0157502161
B1146134206539N00146777EA0157502161
B1146144206537N00146779EA0157502162
B1146154206536N00146782EA0157502162
B1146164206535N00146784EA0157502161
B1146174206533N00146788EA0157502159
B1146184206532N00146792EA0157502158
B1146194206530N00146796EA0157502157
B1146204206528N00146800EA0157502156
B1146214206527N00146803EA0157502156
B1146224206525N00146806EA0157502155
B1146234206523N00146810EA0157502154
B1146244206521N00146814EA0157502151
B1146254206520N00146818EA0157502149
B1146264206517N00146822EA0157502148
B1146274206515N00146827EA0157502147
B1146284206514N00146831EA0157502147
B1146294206512N00146835EA0157502147
B1146304206511N00146838EA0157502147
B1146314206509N00146842EA0157502146
B1146324206508N00146846EA0157502146
B1146334206506N00146850EA0157502145
B1146344206505N00146855EA0157502144
B1146354206503N00146860EA0157502144
B1146364206502N00146864EA0157502144
B1146374206501N00146868EA0157502144
B1146384206500N00146872EA0157502143
B1146394206499N00146877EA0157502142
B1146404206498N00146883EA0157502140
B1146414206496N00146888EA0157502139
B1146424206495N00146893EA0157502138
B1146434206494N00146898EA0157502137
B1146444206493N00146903EA0157502135
B1146454206492N00146908EA0157502134
B1146464206490N00146913EA0157502133
B1146474206489N00146918EA0157502132
B1146484206487N00146923EA0157502131
B1146494206485N00146928EA0157502130
B1146504206483N00146933EA0157502129
B1146514206481N00146939EA0157502127
B1146524206479N00146946EA0157502124
B1146534206476N00146953EA0157502122
B1146544206473N00146960EA0157502120
B1146554206471N00146967EA0157502119
B1146564206469N00146975EA0157502119
B1146574206466N00146981EA0157502118
B1146584206463N00146987EA0157502118
B1146594206460N00146992EA0157502117
B1147004206457N00146995EA0157502117
B1147014206455N00146998EA0157502118
B1147024206454N00146999EA0157502119
B1147034206451N00147001EA0157502119
B1147044206449N00147003EA0157502118
B1147054206446N00147005EA0157502117
B1147064206444N00147008EA0157502116
B1147074206444N00147012EA0157502117
B1147084206444N00147015EA0157502117
B1147094206444N00147018EA0157502116
B1147104206443N00147021EA0157502114
B1147114206442N00147026EA0157502111
B1147124206441N00147031EA0157502107
B1147134206441N00147036EA0157502105
B1147144206440N00147042EA0157502102
B1147154206439N00147048EA0157502099
B1147164206437N00147053EA0157502096
B1147174206435N00147059EA0157502093
B1147184206433N00147065EA0157502091
B1147194206432N00147070EA0157502089
B1147204206430N00147075EA0157502088
B1147214206428N00147080EA0157502087
B1147224206427N00147084EA0157502085
B1147234206425N00147089EA0157502082
B1147244206423N00147095EA0157502079
B1147254206421N00147101EA0157502077
B1147264206419N00147106EA0157502076
B1147274206418N00147111EA0157502075
B1147284206416N00147116EA0157502074
B1147294206415N00147120EA0157502073
B1147304206413N00147125EA0157502071
B1147314206412N00147131EA0157502069
B1147324206410N00147137EA0157502067
B1147334206409N00147143EA0157502064
B1147344206407N00147149EA0157502062
B1147354206405N00147154EA0157502061
B1147364206404N00147159EA0157502060
B1147374206403N00147165EA0157502059
B1147384206402N00147170EA0157502057
B1147394206401N00147176EA0157502055
B1147404206400N00147181EA0157502052
B1147414206399N00147187EA0157502050
B1147424206397N00147192EA0157502049
B1147434206396N00147196EA0157502047
B1147444206394N00147201EA0157502045
B1147454206392N00147206EA0157502042
B1147464206391N00147212EA0157502039
B1147474206389N00147217EA0157502037
B1147484206388N00147222EA0157502037
B1147494206386N00147226EA0157502036
B1147504206384N00147230EA0157502036
B1147514206383N00147234EA0157502036
B1147524206383N00147238EA0157502035
B1147534206382N00147243EA0157502032
B1147544206380N00147248EA0157502030
B1147554206378N00147253EA0157502029
B1147564206377N00147257EA0157502028
B1147574206376N00147262EA0157502027
B1147584206375N00147266EA0157502027
B1147594206374N00147270EA0157502026
B1148004206372N00147274EA0157502025
B1148014206371N00147278EA0157502023
B1148024206369N00147283EA0157502021
B1148034206368N00147288EA0157502020
B1148044206366N00147293EA0157502018
B1148054206364N00147298EA0157502017
B1148064206363N00147302EA0157502016
B1148074206361N00147306EA0157502015
B1148084206359N00147310EA0157502013
B1148094206358N00147316EA0157502011
B1148104206356N00147321EA0157502010
B1148114206354N00147327EA0157502010
B1148124206352N00147332EA0157502010
B1148134206351N00147337EA0157502009
B1148144206349N00147343EA0157502009
B1148154206348N00147349EA0157502009
B1148164206347N00147355EA0157502008
B1148174206346N00147360EA0157502007
B1148184206344N00147366EA0157502006
B1148194206343N00147372EA0157502005
B1148204206341N00147378EA0157502004
B1148214206339N00147383EA0157502005
B1148224206338N00147388EA0157502005
B1148234206336N00147392EA0157502006
B1148244206334N00147397EA0157502006
B1148254206333N00147402EA0157502006
B1148264206332N00147407EA0157502006
B1148274206330N00147412EA0157502006
B1148284206329N00147418EA0157502005
B1148294206327N00147425EA0157502003
B1148304206327N00147432EA0157502002
B1148314206325N00147439EA0157502002
B1148324206323N00147444EA0157502004
B1148334206322N00147449EA0157502005
B1148344206322N00147454EA0157502008
B1148354206322N00147459EA0157502011
B1148364206322N00147463EA0157502013
B1148374206320N00147466EA0157502015
B1148384206317N00147466EA0157502017
B1148394206314N00147463EA0157502018
B1148404206312N00147456EA0157502020
B1148414206312N00147448EA0157502022
B1148424206315N00147440EA0157502023
B1148434206319N00147432EA0157502024
B1148444206324N00147425EA0157502025
B1148454206332N00147421EA0157502026
B1148464206339N00147419EA0157502026
B1148474206347N00147421EA0157502027
B1148484206353N00147426EA0157502027
B1148494206356N00147431EA0157502028
B1148504206359N00147437EA0157502031
B1148514206362N00147440EA0157502036
B1148524206363N00147444EA0157502040
B1148534206363N00147447EA0157502043
B1148544206362N00147450EA0157502045
B1148554206358N00147451EA0157502046
B1148564206354N00147450EA0157502048
B1148574206351N00147445EA0157502053
B1148584206349N00147438EA0157502055
B1148594206348N00147428EA0157502058
B1149004206349N00147418EA0157502060
B1149014206352N00147409EA0157502064
B1149024206357N00147402EA0157502067
B1149034206364N00147398EA0157502067
B1149044206373N00147397EA0157502066
B1149054206380N00147399EA0157502068
B1149064206386N00147403EA0157502070
B1149074206389N00147407EA0157502074
B1149084206391N00147412EA0157502077
B1149094206391N00147417EA0157502080
B1149104206391N00147420EA0157502084
B1149114206390N00147422EA0157502088
B1149124206387N00147423EA0157502092
B1149134206384N00147422EA0157502095
B1149144206380N00147418EA0157502098
B1149154206377N00147410EA0157502101
B1149164206375N00147401EA0157502103
B1149174206375N00147390EA0157502106
B1149184206378N00147381EA0157502110
B1149194206384N00147373EA0157502114
B1149204206390N00147369EA0157502116
B1149214206397N00147367EA0157502117
B1149224206403N00147369EA0157502119
B1149234206407N00147374EA0157502121
B1149244206408N00147380EA0157502124
B1149254206408N00147385EA0157502128
B1149264206407N00147388EA0157502132
B1149274206404N00147389EA0157502137
B1149284206400N00147388EA0157502140
B1149294206396N00147384EA0157502142
B1149304206392N00147377EA0157502145
B1149314206391N00147368EA0157502148
B1149324206393N00147358EA0157502151
B1149334206397N00147349EA0157502153
B1149344206403N00147342EA0157502157
B1149354206409N00147338EA0157502161
B1149364206416N00147338EA0157502163
B1149374206421N00147341EA0157502165
B1149384206424N00147346EA0157502167
B1149394206425N00147351EA0157502170
B1149404206424N00147356EA0157502173
B1149414206421N00147358EA0157502175
B1149424206417N00147358EA0157502178
B1149434206413N00147355EA0157502182
B1149444206410N00147350EA0157502185
B1149454206407N00147343EA0157502187
B1149464206405N00147335EA0157502188
B1149474206406N00147325EA0157502189
B1149484206409N00147316EA0157502190
B1149494206415N00147309EA0157502188
B1149504206421N00147305EA0157502189
B1149514206426N00147305EA0157502192
B1149524206429N00147308EA0157502194
B1149534206432N00147312EA0157502195
B1149544206434N00147317EA0157502197
B1149554206435N00147322EA0157502200
B1149564206435N00147325EA0157502203
B1149574206432N00147326EA0157502205
B1149584206428N00147326EA0157502205
B1149594206424N00147325EA0157502205
B1150004206420N00147323EA0157502206
B1150014206416N00147318EA0157502207
B1150024206413N00147310EA0157502207
B1150034206411N00147301EA0157502206
B1150044206411N00147291EA0157502205
B1150054206413N00147281EA0157502204
B1150064206417N00147274EA0157502203
B1150074206420N00147269EA0157502204
B1150084206424N00147267EA0157502203
B1150094206429N00147268EA0157502201
B1150104206432N00147273EA0157502198
B1150114206435N00147279EA0157502194
B1150124206435N00147284EA0157502192
B1150134206436N00147290EA0157502192
B1150144206436N00147295EA0157502193
B1150154206437N00147299EA0157502196
B1150164206437N00147302EA0157502197
B1150174206437N00147305EA0157502198
B1150184206435N00147310EA0157502198
B1150194206434N00147315EA0157502198
B1150204206432N00147320EA0157502198
B1150214206430N00147324EA0157502200
B1150224206429N00147329EA0157502201
B1150234206428N00147333EA0157502202
B1150244206427N00147338EA0157502203
B1150254206426N00147343EA0157502203
B1150264206425N00147349EA0157502203
B1150274206425N00147353EA0157502204
B1150284206424N00147356EA0157502205
B1150294206422N00147357EA0157502203
B1150304206419N00147359EA0157502201
B1150314206417N00147362EA0157502198
B1150324206416N00147365EA0157502196
B1150334206415N00147369EA0157502194
B1150344206414N00147372EA0157502192
B1150354206413N00147375EA0157502189
B1150364206413N00147378EA0157502186
B1150374206413N00147383EA0157502181
B1150384206412N00147389EA0157502175
B1150394206411N00147396EA0157502169
B1150404206410N00147403EA0157502164
B1150414206410N00147409EA0157502160
B1150424206410N00147413EA0157502160
B1150434206410N00147416EA0157502157
B1150444206409N00147420EA0157502152
B1150454206407N00147426EA0157502148
B1150464206406N00147433EA0157502142
B1150474206405N00147442EA0157502136
B1150484206404N00147450EA0157502131
B1150494206402N00147457EA0157502128
B1150504206401N00147463EA0157502125
B1150514206400N00147470EA0157502122
B1150524206399N00147477EA0157502119
B1150534206398N00147483EA0157502115
B1150544206397N00147490EA0157502111
B1150554206397N00147496EA0157502106
B1150564206396N00147504EA0157502103
B1150574206396N00147511EA0157502100
B1150584206396N00147517EA0157502098
B1150594206395N00147523EA0157502096
B1151004206394N00147529EA0157502094
B1151014206394N00147536EA0157502091
B1151024206393N00147543EA0157502087
B1151034206392N00147551EA0157502084
B1151044206390N00147560EA0157502082
B1151054206389N00147568EA0157502081
B1151064206388N00147575EA0157502081
B1151074206387N00147582EA0157502081
B1151084206386N00147589EA0157502080
B1151094206386N00147596EA0157502080
B1151104206385N00147604EA0157502079
B1151114206385N00147612EA0157502077
B1151124206385N00147620EA0157502076
B1151134206385N00147627EA0157502076
B1151144206385N00147633EA0157502075
B1151154206385N00147639EA0157502075
B1151164206384N00147645EA0157502074
B1151174206384N00147650EA0157502072
B1151184206382N00147656EA0157502070
B1151194206380N00147662EA0157502069
B1151204206377N00147668EA0157502068
B1151214206375N00147673EA0157502068
B1151224206373N00147678EA0157502069
B1151234206371N00147683EA0157502070
B1151244206369N00147688EA0157502070
B1151254206368N00147693EA0157502069
B1151264206366N00147699EA0157502068
B1151274206363N00147705EA0157502067
B1151284206361N00147711EA0157502067
B1151294206359N00147717EA0157502067
B1151304206357N00147722EA0157502067
B1151314206355N00147727EA0157502066
B1151324206353N00147733EA0157502064
B1151334206350N00147739EA0157502062
B1151344206348N00147745EA0157502061
B1151354206346N00147750EA0157502061
B1151364206344N00147755EA0157502060
B1151374206343N00147760EA0157502059
B1151384206341N00147765EA0157502057
B1151394206339N00147771EA0157502054
B1151404206337N00147776EA0157502052
B1151414206335N00147782EA0157502050
B1151424206333N00147789EA0157502048
B1151434206332N00147795EA0157502046
B1151444206330N00147801EA0157502044
B1151454206328N00147807EA0157502041
B1151464206326N00147813EA0157502038
B1151474206323N00147819EA0157502035
B1151484206321N00147824EA0157502032
B1151494206318N00147830EA0157502030
B1151504206315N00147836EA0157502027
B1151514206312N00147842EA0157502025
B1151524206310N00147847EA0157502024
B1151534206307N00147853EA0157502022
B1151544206304N00147858EA0157502021
B1151554206301N00147863EA0157502020
B1151564206299N00147869EA0157502018
B1151574206297N00147875EA0157502017
B1151584206297N00147882EA0157502015
B1151594206296N00147890EA0157502014
B1152004206296N00147897EA0157502012
B1152014206296N00147904EA0157502011
B1152024206296N00147911EA0157502009
B1152034206296N00147919EA0157502006
B1152044206296N00147926EA0157502004
B1152054206295N00147934EA0157502002
B1152064206295N00147942EA0157502000
B1152074206295N00147950EA0157501998
B1152084206296N00147958EA0157501996
B1152094206296N00147966EA0157501994
B1152104206296N00147973EA0157501992
B1152114206296N00147981EA0157501989
B1152124206297N00147989EA0157501987
B1152134206297N00147997EA0157501985
B1152144206297N00148004EA0157501984
B1152154206298N00148011EA0157501981
B1152164206299N00148019EA0157501979
B1152174206299N00148026EA0157501976
B1152184206300N00148034EA0157501972
B1152194206301N00148043EA0157501969
B1152204206301N00148051EA0157501966
B1152214206301N00148058EA0157501964
B1152224206301N00148066EA0157501962
B1152234206301N00148073EA0157501960
B1152244206301N00148080EA0157501957
B1152254206300N00148088EA0157501955
B1152264206300N00148095EA0157501952
B1152274206300N00148103EA0157501948
B1152284206300N00148112EA0157501945
B1152294206300N00148120EA0157501942
B1152304206300N00148129EA0157501940
B1152314206300N00148137EA0157501938
B1152324206300N00148144EA0157501937
B1152334206300N00148151EA0157501936
B1152344206300N00148157EA0157501935
B1152354206301N00148163EA0157501933
B1152364206301N00148170EA0157501930
B1152374206302N00148177EA0157501927
B1152384206303N00148185EA0157501924
B1152394206303N00148192EA0157501921
B1152404206304N00148200EA0157501919
B1152414206304N00148207EA0157501917
B1152424206304N00148215EA0157501915
B1152434206305N00148222EA0157501913
B1152444206305N00148229EA0157501910
B1152454206305N00148237EA0157501907
B1152464206305N00148244EA0157501904
B1152474206304N00148251EA0157501902
B1152484206304N00148257EA0157501899
B1152494206304N00148264EA0157501896
B1152504206304N00148271EA0157501893
B1152514206305N00148278EA0157501890
B1152524206305N00148285EA0157501887
B1152534206305N00148293EA0157501884
B1152544206306N00148300EA0157501880
B1152554206306N00148308EA0157501877
B1152564206306N00148315EA0157501874
B1152574206307N00148323EA0157501871
B1152584206307N00148330EA0157501868
B1152594206307N00148338EA0157501865
B1153004206307N00148346EA0157501862
B1153014206307N00148353EA0157501859
B1153024206307N00148360EA0157501857
B1153034206308N00148367EA0157501855
B1153044206307N00148373EA0157501852
B1153054206306N00148380EA0157501849
B1153064206305N00148386EA0157501846
B1153074206304N00148394EA0157501841
B1153084206302N00148402EA0157501836
B1153094206301N00148411EA0157501831
B1153104206301N00148420EA0157501827
B1153114206299N00148430EA0157501824
B1153124206298N00148438EA0157501821
B1153134206297N00148446EA0157501819
B1153144206297N00148455EA0157501816
B1153154206297N00148464EA0157501814
B1153164206297N00148472EA0157501813
B1153174206297N00148481EA0157501811
B1153184206298N00148489EA0157501808
B1153194206298N00148498EA0157501805
B1153204206299N00148507EA0157501801
B1153214206299N00148517EA0157501798
B1153224206298N00148526EA0157501795
B1153234206298N00148535EA0157501792
B1153244206299N00148544EA0157501789
B1153254206299N00148552EA0157501786
B1153264206299N00148561EA0157501783
B1153274206299N00148569EA0157501779
B1153284206299N00148577EA0157501775
B1153294206299N00148586EA0157501772
B1153304206298N00148595EA0157501769
B1153314206297N00148603EA0157501766
B1153324206297N00148610EA0157501764
B1153334206296N00148617EA0157501762
B1153344206296N00148623EA0157501759
B1153354206295N00148630EA0157501756
B1153364206295N00148638EA0157501752
B1153374206296N00148645EA0157501748
B1153384206296N00148652EA0157501746
B1153394206295N00148659EA0157501743
B1153404206295N00148666EA0157501741
B1153414206296N00148672EA0157501738
B1153424206296N00148679EA0157501735
B1153434206296N00148686EA0157501731
B1153444206296N00148694EA0157501727
B1153454206296N00148702EA0157501723
B1153464206296N00148711EA0157501720
B1153474206296N00148720EA0157501716
B1153484206297N00148729EA0157501713
B1153494206297N00148738EA0157501711
B1153504206297N00148746EA0157501710
B1153514206298N00148754EA0157501709
B1153524206298N00148761EA0157501708
B1153534206298N00148768EA0157501707
B1153544206299N00148775EA0157501707
B1153554206299N00148782EA0157501706
B1153564206299N00148789EA0157501704
B1153574206299N00148796EA0157501702
B1153584206300N00148804EA0157501700
B1153594206300N00148812EA0157501698
B1154004206300N00148821EA0157501696
B1154014206300N00148829EA0157501694
B1154024206301N00148837EA0157501693
B1154034206301N00148845EA0157501692
B1154044206301N00148853EA0157501691
B1154054206302N00148861EA0157501689
B1154064206302N00148870EA0157501686
B1154074206303N00148879EA0157501684
B1154084206303N00148888EA0157501682
B1154094206304N00148897EA0157501681
B1154104206304N00148905EA0157501681
B1154114206304N00148913EA0157501680
B1154124206304N00148921EA0157501678
B1154134206305N00148929EA0157501676
B1154144206305N00148938EA0157501675
B1154154206305N00148946EA0157501674
B1154164206305N00148954EA0157501673
B1154174206305N00148962EA0157501673
B1154184206305N00148969EA0157501673
B1154194206305N00148977EA0157501674
B1154204206304N00148984EA0157501674
B1154214206304N00148991EA0157501675
B1154224206305N00148997EA0157501677
B1154234206305N00149004EA0157501678
B1154244206305N00149010EA0157501679
B1154254206305N00149017EA0157501679
B1154264206304N00149023EA0157501680
B1154274206303N00149030EA0157501682
B1154284206303N00149034EA0157501685
B1154294206302N00149038EA0157501688
B1154304206303N00149043EA0157501691
B1154314206303N00149047EA0157501694
B1154324206302N00149051EA0157501696
B1154334206299N00149053EA0157501697
B1154344206297N00149056EA0157501698
B1154354206294N00149059EA0157501699
B1154364206293N00149064EA0157501700
B1154374206292N00149070EA0157501701
B1154384206291N00149074EA0157501703
B1154394206289N00149079EA0157501704
B1154404206286N00149083EA0157501705
B1154414206284N00149088EA0157501706
B1154424206282N00149094EA0157501707
B1154434206281N00149100EA0157501708
B1154444206281N00149106EA0157501709
B1154454206279N00149111EA0157501710
B1154464206278N00149116EA0157501712
B1154474206277N00149119EA0157501714
B1154484206276N00149122EA0157501715
B1154494206275N00149126EA0157501714
B1154504206274N00149130EA0157501713
B1154514206274N00149136EA0157501711
B1154524206273N00149143EA0157501710
B1154534206273N00149150EA0157501710
B1154544206272N00149155EA0157501711
B1154554206272N00149161EA0157501712
B1154564206272N00149166EA0157501713
B1154574206272N00149171EA0157501714
B1154584206272N00149177EA0157501714
B1154594206271N00149181EA0157501716
B1155004206271N00149185EA0157501718
B1155014206270N00149189EA0157501719
B1155024206270N00149194EA0157501720
B1155034206270N00149199EA0157501720
B1155044206269N00149204EA0157501720
B1155054206269N00149208EA0157501719
B1155064206268N00149213EA0157501718
B1155074206269N00149219EA0157501716
B1155084206271N00149225EA0157501715
B1155094206275N00149230EA0157501714
B1155104206281N00149234EA0157501712
B1155114206287N00149236EA0157501712
B1155124206294N00149235EA0157501712
B1155134206300N00149233EA0157501713
B1155144206306N00149228EA0157501713
B1155154206311N00149221EA0157501712
B1155164206315N00149212EA0157501712
B1155174206316N00149202EA0157501713
B1155184206316N00149194EA0157501714
B1155194206315N00149186EA0157501716
B1155204206313N00149180EA0157501718
B1155214206310N00149174EA0157501720
B1155224206308N00149170EA0157501722
B1155234206304N00149166EA0157501723
B1155244206300N00149163EA0157501724
B1155254206296N00149162EA0157501725
B1155264206292N00149163EA0157501727
B1155274206289N00149165EA0157501728
B1155284206287N00149168EA0157501729
B1155294206286N00149172EA0157501730
B1155304206286N00149176EA0157501729
B1155314206288N00149181EA0157501729
B1155324206290N00149186EA0157501728
B1155334206294N00149191EA0157501726
B1155344206301N00149194EA0157501724
B1155354206308N00149194EA0157501723
B1155364206314N00149192EA0157501723
B1155374206320N00149188EA0157501723
B1155384206325N00149181EA0157501724
B1155394206328N00149173EA0157501726
B1155404206330N00149165EA0157501727
B1155414206332N00149157EA0157501728
B1155424206331N00149149EA0157501728
B1155434206330N00149141EA0157501729
B1155444206327N00149134EA0157501729
B1155454206324N00149128EA0157501730
B1155464206321N00149122EA0157501731
B1155474206317N00149118EA0157501732
B1155484206314N00149115EA0157501732
B1155494206310N00149113EA0157501733
B1155504206306N00149112EA0157501733
B1155514206302N00149112EA0157501732
B1155524206299N00149113EA0157501732
B1155534206295N00149115EA0157501731
B1155544206291N00149117EA0157501731
B1155554206288N00149119EA0157501730
B1155564206284N00149122EA0157501730
B1155574206281N00149125EA0157501730
B1155584206279N00149129EA0157501731
B1155594206276N00149132EA0157501731
B1156004206274N00149135EA0157501732
B1156014206272N00149139EA0157501732
B1156024206271N00149144EA0157501731
B1156034206269N00149148EA0157501730
B1156044206269N00149152EA0157501730
B1156054206268N00149157EA0157501729
B1156064206268N00149162EA0157501728
B1156074206267N00149167EA0157501727
B1156084206267N00149173EA0157501726
B1156094206266N00149178EA0157501725
B1156104206264N00149184EA0157501723
B1156114206263N00149190EA0157501722
B1156124206263N00149196EA0157501721
B1156134206263N00149202EA0157501720
B1156144206263N00149208EA0157501721
B1156154206262N00149213EA0157501721
B1156164206259N00149218EA0157501720
B1156174206257N00149222EA0157501719
B1156184206254N00149226EA0157501719
B1156194206252N00149231EA0157501720
B1156204206250N00149235EA0157501720
B1156214206248N00149239EA0157501720
B1156224206246N00149243EA0157501720
B1156234206243N00149248EA0157501719
B1156244206241N00149252EA0157501719
B1156254206239N00149256EA0157501720
B1156264206237N00149260EA0157501719
B1156274206234N00149264EA0157501719
B1156284206231N00149269EA0157501717
B1156294206228N00149273EA0157501716
B1156304206225N00149277EA0157501715
B1156314206222N00149280EA0157501715
B1156324206220N00149283EA0157501714
B1156334206217N00149287EA0157501712
B1156344206215N00149292EA0157501710
B1156354206213N00149299EA0157501708
B1156364206211N00149304EA0157501707
B1156374206208N00149308EA0157501707
B1156384206205N00149311EA0157501706
B1156394206201N00149314EA0157501704
B1156404206198N00149317EA0157501702
B1156414206194N00149321EA0157501700
B1156424206192N00149325EA0157501698
B1156434206189N00149329EA0157501698
B1156444206187N00149332EA0157501698
B1156454206186N00149335EA0157501699
B1156464206185N00149338EA0157501698
B1156474206183N00149341EA0157501697
B1156484206181N00149344EA0157501696
B1156494206178N00149347EA0157501693
B1156504206175N00149351EA0157501691
B1156514206173N00149355EA0157501689
B1156524206170N00149358EA0157501688
B1156534206167N00149361EA0157501688
B1156544206164N00149363EA0157501687
B1156554206161N00149365EA0157501687
B1156564206159N00149369EA0157501687
B1156574206157N00149374EA0157501686
B1156584206156N00149379EA0157501686
B1156594206156N00149384EA0157501686
B1157004206156N00149389EA0157501685
B1157014206157N00149394EA0157501684
B1157024206158N00149399EA0157501682
B1157034206159N00149404EA0157501680
B1157044206160N00149409EA0157501678
B1157054206161N00149414EA0157501675
B1157064206162N00149419EA0157501673
B1157074206162N00149424EA0157501670
B1157084206162N00149429EA0157501667
B1157094206162N00149434EA0157501664
B1157104206163N00149439EA0157501661
B1157114206164N00149445EA0157501659
B1157124206164N00149450EA0157501657
B1157134206165N00149455EA0157501654
B1157144206164N00149461EA0157501651
B1157154206163N00149467EA0157501648
B1157164206161N00149472EA0157501646
B1157174206159N00149476EA0157501644
B1157184206157N00149479EA0157501642
B1157194206154N00149481EA0157501640
B1157204206152N00149483EA0157501639
B1157214206150N00149484EA0157501638
B1157224206147N00149486EA0157501636
B1157234206145N00149488EA0157501634
B1157244206143N00149491EA0157501631
B1157254206142N00149494EA0157501628
B1157264206140N00149499EA0157501625
B1157274206140N00149505EA0157501622
B1157284206140N00149511EA0157501620
B1157294206142N00149517EA0157501617
B1157304206143N00149523EA0157501615
B1157314206144N00149529EA0157501613
B1157324206145N00149536EA0157501611
B1157334206146N00149542EA0157501609
B1157344206147N00149549EA0157501607
B1157354206147N00149555EA0157501605
B1157364206147N00149562EA0157501602
B1157374206147N00149568EA0157501601
B1157384206146N00149574EA0157501599
B1157394206145N00149580EA0157501598
B1157404206144N00149586EA0157501597
B1157414206142N00149591EA0157501596
B1157424206141N00149596EA0157501594
B1157434206139N00149601EA0157501592
B1157444206137N00149606EA0157501590
B1157454206135N00149611EA0157501587
B1157464206132N00149617EA0157501586
B1157474206130N00149622EA0157501583
B1157484206127N00149629EA0157501581
B1157494206124N00149636EA0157501578
B1157504206120N00149644EA0157501577
B1157514206117N00149651EA0157501577
B1157524206114N00149657EA0157501577
B1157534206112N00149664EA0157501578
B1157544206110N00149670EA0157501578
B1157554206107N00149676EA0157501577
B1157564206105N00149683EA0157501576
B1157574206102N00149690EA0157501574
B1157584206100N00149698EA0157501573
B1157594206098N00149706EA0157501573
B1158004206096N00149713EA0157501573
B1158014206094N00149719EA0157501573
B1158024206091N00149725EA0157501573
B1158034206088N00149731EA0157501573
B1158044206086N00149738EA0157501571
B1158054206084N00149744EA0157501571
B1158064206082N00149751EA0157501570
B1158074206079N00149758EA0157501570
B1158084206076N00149765EA0157501569
B1158094206073N00149772EA0157501570
B1158104206071N00149779EA0157501570
B1158114206068N00149786EA0157501570
B1158124206066N00149793EA0157501569
B1158134206064N00149800EA0157501569
B1158144206061N00149808EA0157501567
B1158154206058N00149816EA0157501567
B1158164206055N00149826EA0157501567
B1158174206052N00149834EA0157501570
B1158184206051N00149841EA0157501577
B1158194206050N00149847EA0157501585
B1158204206050N00149850EA0157501591
B1158214206048N00149853EA0157501596
B1158224206046N00149856EA0157501599
B1158234206042N00149859EA0157501602
B1158244206038N00149861EA0157501605
B1158254206035N00149858EA0157501608
B1158264206034N00149851EA0157501610
B1158274206035N00149843EA0157501613
B1158284206039N00149836EA0157501614
B1158294206045N00149830EA0157501617
B1158304206052N00149828EA0157501622
B1158314206057N00149831EA0157501624
B1158324206062N00149835EA0157501627
B1158334206065N00149842EA0157501630
B1158344206066N00149849EA0157501632
B1158354206067N00149855EA0157501635
B1158364206066N00149861EA0157501639
B1158374206065N00149864EA0157501642
B1158384206063N00149866EA0157501645
B1158394206060N00149867EA0157501647
B1158404206057N00149866EA0157501649
B1158414206054N00149865EA0157501652
B1158424206052N00149860EA0157501654
B1158434206050N00149853EA0157501656
B1158444206051N00149844EA0157501658
B1158454206054N00149836EA0157501660
B1158464206060N00149831EA0157501661
B1158474206067N00149829EA0157501661
B1158484206075N00149831EA0157501658
B1158494206081N00149837EA0157501660
B1158504206084N00149844EA0157501664
B1158514206085N00149850EA0157501666
B1158524206084N00149856EA0157501667
B1158534206082N00149860EA0157501671
B1158544206080N00149863EA0157501673
B1158554206077N00149863EA0157501676
B1158564206075N00149861EA0157501678
B1158574206074N00149855EA0157501681
B1158584206074N00149848EA0157501683
B1158594206077N00149841EA0157501685
B1159004206083N00149835EA0157501686
B1159014206090N00149831EA0157501688
B1159024206098N00149832EA0157501691
B1159034206104N00149836EA0157501694
B1159044206109N00149843EA0157501696
B1159054206111N00149850EA0157501699
B1159064206112N00149856EA0157501703
B1159074206111N00149861EA0157501708
B1159084206110N00149864EA0157501712
B1159094206109N00149865EA0157501716
B1159104206106N00149863EA0157501719
B1159114206104N00149858EA0157501722
B1159124206103N00149850EA0157501726
B1159134206106N00149842EA0157501729
B1159144206112N00149835EA0157501731
B1159154206119N00149831EA0157501734
B1159164206126N00149830EA0157501740
B1159174206133N00149831EA0157501743
B1159184206139N00149836EA0157501746
B1159194206143N00149842EA0157501750
B1159204206145N00149849EA0157501753
B1159214206146N00149855EA0157501757
B1159224206145N00149859EA0157501761
B1159234206143N00149862EA0157501764
B1159244206139N00149863EA0157501766
B1159254206135N00149861EA0157501769
B1159264206131N00149855EA0157501772
B1159274206132N00149846EA0157501776
B1159284206137N00149837EA0157501777
B1159294206143N00149831EA0157501779
B1159304206151N00149829EA0157501782
B1159314206158N00149830EA0157501784
B1159324206163N00149835EA0157501786
B1159334206166N00149841EA0157501788
B1159344206167N00149847EA0157501790
B1159354206166N00149854EA0157501794
B1159364206164N00149858EA0157501798
B1159374206162N00149860EA0157501802
B1159384206158N00149860EA0157501806
B1159394206156N00149856EA0157501809
B1159404206156N00149850EA0157501812
B1159414206157N00149842EA0157501813
B1159424206161N00149835EA0157501815
B1159434206168N00149831EA0157501818
B1159444206176N00149830EA0157501819
B1159454206183N00149833EA0157501823
B1159464206189N00149839EA0157501827
B1159474206192N00149845EA0157501830
B1159484206192N00149852EA0157501834
B1159494206191N00149858EA0157501838
B1159504206190N00149863EA0157501842
B1159514206187N00149866EA0157501846
B1159524206184N00149866EA0157501851
B1159534206181N00149863EA0157501855
B1159544206179N00149856EA0157501859
B1159554206180N00149849EA0157501863
B1159564206185N00149842EA0157501866
B1159574206191N00149838EA0157501868
B1159584206199N00149837EA0157501868
B1159594206206N00149840EA0157501872
B1200004206212N00149845EA0157501877
B1200014206216N00149851EA0157501881
B1200024206218N00149858EA0157501885
B1200034206219N00149865EA0157501889
B1200044206218N00149871EA0157501894
B1200054206215N00149875EA0157501898
B1200064206212N00149877EA0157501901
B1200074206208N00149877EA0157501904
B1200084206205N00149873EA0157501909
B1200094206204N00149865EA0157501913
B1200104206206N00149857EA0157501916
B1200114206210N00149851EA0157501920
B1200124206216N00149847EA0157501924
B1200134206223N00149847EA0157501925
B1200144206230N00149850EA0157501928
B1200154206235N00149855EA0157501932
B1200164206239N00149862EA0157501937
B1200174206240N00149869EA0157501942
B1200184206240N00149876EA0157501946
B1200194206237N00149881EA0157501950
B1200204206234N00149884EA0157501954
B1200214206230N00149885EA0157501958
B1200224206226N00149883EA0157501962
B1200234206223N00149880EA0157501967
B1200244206221N00149874EA0157501971
B1200254206222N00149867EA0157501975
B1200264206224N00149861EA0157501978
B1200274206228N00149854EA0157501980
B1200284206234N00149850EA0157501985
B1200294206240N00149848EA0157501990
B1200304206247N00149850EA0157501991
B1200314206254N00149855EA0157501992
B1200324206259N00149863EA0157501995
B1200334206261N00149871EA0157501998
B1200344206262N00149877EA0157502004
B1200354206260N00149881EA0157502008
B1200364206257N00149883EA0157502012
B1200374206254N00149882EA0157502016
B1200384206251N00149878EA0157502020
B1200394206250N00149872EA0157502025
B1200404206252N00149865EA0157502029
B1200414206257N00149859EA0157502032
B1200424206263N00149857EA0157502035
B1200434206271N00149858EA0157502038
B1200444206277N00149862EA0157502041
B1200454206282N00149869EA0157502044
B1200464206284N00149876EA0157502049
B1200474206285N00149882EA0157502054
B1200484206283N00149886EA0157502058
B1200494206280N00149890EA0157502062
B1200504206277N00149892EA0157502066
B1200514206274N00149892EA0157502070
B1200524206271N00149889EA0157502073
B1200534206269N00149883EA0157502077
B1200544206269N00149876EA0157502081
B1200554206272N00149869EA0157502085
B1200564206278N00149864EA0157502089
B1200574206284N00149862EA0157502093
B1200584206291N00149862EA0157502099
B1200594206296N00149865EA0157502103
B1201004206301N00149871EA0157502107
B1201014206305N00149878EA0157502111
B1201024206307N00149886EA0157502116
B1201034206308N00149892EA0157502122
B1201044206307N00149896EA0157502128
B1201054206306N00149900EA0157502130
B1201064206303N00149903EA0157502132
B1201074206299N00149906EA0157502133
B1201084206294N00149907EA0157502134
B1201094206290N00149904EA0157502137
B1201104206288N00149898EA0157502139
B1201114206288N00149889EA0157502142
B1201124206291N00149882EA0157502144
B1201134206296N00149875EA0157502149
B1201144206302N00149871EA0157502153
B1201154206308N00149869EA0157502156
B1201164206315N00149870EA0157502160
B1201174206321N00149872EA0157502163
B1201184206325N00149877EA0157502167
B1201194206328N00149883EA0157502169
B1201204206328N00149889EA0157502172
B1201214206327N00149894EA0157502175
B1201224206326N00149899EA0157502178
B1201234206323N00149902EA0157502180
B1201244206319N00149905EA0157502181
B1201254206315N00149906EA0157502183
B1201264206311N00149903EA0157502185
B1201274206308N00149897EA0157502186
B1201284206309N00149889EA0157502189
B1201294206313N00149880EA0157502191
B1201304206318N00149874EA0157502196
B1201314206324N00149871EA0157502201
B1201324206331N00149870EA0157502205
B1201334206338N00149873EA0157502208
B1201344206344N00149878EA0157502211
B1201354206348N00149883EA0157502214
B1201364206351N00149890EA0157502217
B1201374206351N00149896EA0157502219
B1201384206350N00149902EA0157502220
B1201394206347N00149907EA0157502221
B1201404206343N00149910EA0157502223
B1201414206340N00149911EA0157502226
B1201424206336N00149910EA0157502228
B1201434206333N00149905EA0157502231
B1201444206332N00149898EA0157502233
B1201454206331N00149891EA0157502237
B1201464206333N00149883EA0157502243
B1201474206335N00149876EA0157502248
B1201484206340N00149870EA0157502252
B1201494206347N00149866EA0157502255
B1201504206354N00149864EA0157502258
B1201514206362N00149866EA0157502262
B1201524206368N00149870EA0157502266
B1201534206372N00149876EA0157502269
B1201544206374N00149883EA0157502272
B1201554206373N00149889EA0157502273
B1201564206371N00149893EA0157502274
B1201574206367N00149896EA0157502275
B1201584206363N00149896EA0157502277
B1201594206359N00149895EA0157502280
B1202004206355N00149892EA0157502283
B1202014206352N00149889EA0157502287
B1202024206351N00149884EA0157502291
B1202034206351N00149877EA0157502294
B1202044206353N00149869EA0157502297
B1202054206358N00149861EA0157502300
B1202064206364N00149855EA0157502307
B1202074206371N00149853EA0157502314
B1202084206378N00149852EA0157502319
B1202094206384N00149854EA0157502323
B1202104206390N00149858EA0157502326
B1202114206394N00149864EA0157502330
B1202124206396N00149870EA0157502333
B1202134206396N00149875EA0157502336
B1202144206394N00149880EA0157502338
B1202154206392N00149883EA0157502342
B1202164206390N00149885EA0157502345
B1202174206387N00149885EA0157502349
B1202184206383N00149883EA0157502351
B1202194206380N00149878EA0157502354
B1202204206378N00149871EA0157502356
B1202214206379N00149864EA0157502361
B1202224206381N00149857EA0157502366
B1202234206385N00149850EA0157502370
B1202244206391N00149844EA0157502374
B1202254206398N00149841EA0157502379
B1202264206405N00149839EA0157502385
B1202274206411N00149841EA0157502388
B1202284206417N00149845EA0157502391
B1202294206421N00149850EA0157502395
B1202304206424N00149856EA0157502398
B1202314206426N00149861EA0157502402
B1202324206426N00149865EA0157502406
B1202334206425N00149869EA0157502408
B1202344206422N00149872EA0157502410
B1202354206419N00149875EA0157502412
B1202364206416N00149877EA0157502415
B1202374206413N00149877EA0157502417
B1202384206410N00149874EA0157502420
B1202394206408N00149869EA0157502423
B1202404206407N00149863EA0157502426
B1202414206407N00149855EA0157502431
B1202424206410N00149848EA0157502436
B1202434206415N00149842EA0157502440
B1202444206422N00149839EA0157502444
B1202454206430N00149838EA0157502451
B1202464206437N00149841EA0157502455
B1202474206443N00149847EA0157502460
B1202484206446N00149853EA0157502465
B1202494206448N00149860EA0157502469
B1202504206447N00149866EA0157502473
B1202514206446N00149871EA0157502477
B1202524206443N00149874EA0157502480
B1202534206441N00149877EA0157502483
B1202544206437N00149879EA0157502486
B1202554206433N00149878EA0157502489
B1202564206428N00149874EA0157502492
B1202574206426N00149868EA0157502496
B1202584206425N00149860EA0157502501
B1202594206427N00149852EA0157502506
B1203004206432N00149845EA0157502510
B1203014206438N00149841EA0157502515
B1203024206445N00149841EA0157502521
B1203034206451N00149846EA0157502524
B1203044206455N00149853EA0157502528
B1203054206457N00149860EA0157502533
B1203064206458N00149867EA0157502538
B1203074206456N00149873EA0157502543
B1203084206454N00149877EA0157502548
B1203094206451N00149879EA0157502553
B1203104206448N00149880EA0157502558
B1203114206444N00149880EA0157502562
B1203124206440N00149878EA0157502566
B1203134206437N00149873EA0157502571
B1203144206436N00149865EA0157502575
B1203154206438N00149857EA0157502579
B1203164206442N00149850EA0157502583
B1203174206448N00149846EA0157502588
B1203184206454N00149844EA0157502596
B1203194206460N00149845EA0157502602
B1203204206465N00149847EA0157502608
B1203214206469N00149853EA0157502613
B1203224206472N00149860EA0157502617
B1203234206473N00149867EA0157502623
B1203244206472N00149873EA0157502628
B1203254206470N00149878EA0157502634
B1203264206467N00149881EA0157502639
B1203274206463N00149882EA0157502644
B1203284206459N00149882EA0157502648
B1203294206455N00149879EA0157502650
B1203304206452N00149874EA0157502653
B1203314206451N00149866EA0157502656
B1203324206452N00149855EA0157502657
B1203334206457N00149846EA0157502660
B1203344206464N00149841EA0157502665
B1203354206470N00149840EA0157502675
B1203364206474N00149844EA0157502680
B1203374206478N00149850EA0157502684
B1203384206480N00149856EA0157502689
B1203394206480N00149863EA0157502694
B1203404206479N00149869EA0157502701
B1203414206476N00149872EA0157502705
B1203424206472N00149872EA0157502708
B1203434206468N00149869EA0157502712
B1203444206465N00149865EA0157502715
B1203454206462N00149860EA0157502720
B1203464206460N00149855EA0157502724
B1203474206458N00149849EA0157502729
B1203484206458N00149841EA0157502733
B1203494206461N00149834EA0157502737
B1203504206465N00149828EA0157502741
B1203514206471N00149824EA0157502746
B1203524206477N00149823EA0157502752
B1203534206482N00149825EA0157502758
B1203544206487N00149830EA0157502763
B1203554206490N00149836EA0157502768
B1203564206491N00149842EA0157502774
B1203574206491N00149847EA0157502781
B1203584206489N00149851EA0157502786
B1203594206485N00149852EA0157502790
B1204004206482N00149851EA0157502793
B1204014206479N00149850EA0157502797
B1204024206475N00149846EA0157502800
B1204034206471N00149841EA0157502804
B1204044206469N00149834EA0157502808
B1204054206467N00149827EA0157502811
B1204064206467N00149820EA0157502816
B1204074206469N00149814EA0157502822
B1204084206473N00149809EA0157502826
B1204094206478N00149805EA0157502830
B1204104206484N00149804EA0157502834
B1204114206489N00149806EA0157502837
B1204124206494N00149811EA0157502841
B1204134206497N00149818EA0157502844
B1204144206499N00149825EA0157502849
B1204154206499N00149832EA0157502853
B1204164206497N00149838EA0157502858
B1204174206495N00149844EA0157502863
B1204184206491N00149847EA0157502867
B1204194206486N00149849EA0157502870
B1204204206480N00149849EA0157502875
B1204214206475N00149847EA0157502879
B1204224206471N00149843EA0157502883
B1204234206468N00149835EA0157502888
B1204244206468N00149827EA0157502892
B1204254206470N00149818EA0157502896
B1204264206473N00149811EA0157502901
B1204274206478N00149807EA0157502904
B1204284206483N00149806EA0157502908
B1204294206489N00149808EA0157502910
B1204304206494N00149813EA0157502913
B1204314206498N00149819EA0157502915
B1204324206499N00149827EA0157502918
B1204334206498N00149834EA0157502922
B1204344206495N00149840EA0157502925
B1204354206491N00149844EA0157502928
B1204364206486N00149845EA0157502932
B1204374206481N00149843EA0157502936
B1204384206477N00149838EA0157502938
B1204394206475N00149831EA0157502941
B1204404206473N00149824EA0157502945
B1204414206472N00149816EA0157502949
B1204424206472N00149808EA0157502953
B1204434206476N00149801EA0157502956
B1204444206481N00149796EA0157502957
B1204454206487N00149794EA0157502958
B1204464206495N00149795EA0157502961
B1204474206501N00149799EA0157502966
B1204484206506N00149806EA0157502970
B1204494206507N00149814EA0157502974
B1204504206506N00149821EA0157502976
B1204514206504N00149827EA0157502979
B1204524206501N00149832EA0157502982
B1204534206497N00149835EA0157502985
B1204544206493N00149837EA0157502987
B1204554206488N00149837EA0157502989
B1204564206483N00149834EA0157502991
B1204574206480N00149829EA0157502994
B1204584206478N00149822EA0157502998
B1204594206478N00149814EA0157503001
B1205004206479N00149807EA0157503004
B1205014206482N00149800EA0157503007
B1205024206488N00149796EA0157503011
B1205034206494N00149794EA0157503014
B1205044206500N00149796EA0157503018
B1205054206505N00149800EA0157503022
B1205064206508N00149806EA0157503025
B1205074206509N00149813EA0157503027
B1205084206507N00149820EA0157503030
B1205094206504N00149825EA0157503032
B1205104206500N00149828EA0157503034
B1205114206496N00149830EA0157503037
B1205124206491N00149831EA0157503039
B1205134206486N00149830EA0157503040
B1205144206482N00149826EA0157503043
B1205154206478N00149820EA0157503045
B1205164206476N00149814EA0157503048
B1205174206475N00149807EA0157503051
B1205184206475N00149800EA0157503053
B1205194206477N00149793EA0157503055
B1205204206480N00149786EA0157503057
B1205214206485N00149781EA0157503060
B1205224206491N00149779EA0157503063
B1205234206497N00149779EA0157503066
B1205244206502N00149783EA0157503071
B1205254206506N00149788EA0157503076
B1205264206507N00149794EA0157503079
B1205274206506N00149800EA0157503080
B1205284206503N00149805EA0157503081
B1205294206498N00149810EA0157503083
B1205304206494N00149812EA0157503085
B1205314206489N00149812EA0157503088
B1205324206483N00149810EA0157503090
B1205334206479N00149806EA0157503092
B1205344206475N00149801EA0157503094
B1205354206472N00149795EA0157503097
B1205364206471N00149787EA0157503100
B1205374206473N00149779EA0157503101
B1205384206477N00149771EA0157503102
B1205394206483N00149767EA0157503104
B1205404206490N00149767EA0157503107
B1205414206495N00149771EA0157503109
B1205424206499N00149778EA0157503111
B1205434206499N00149785EA0157503114
B1205444206498N00149791EA0157503119
B1205454206496N00149796EA0157503122
B1205464206492N00149800EA0157503125
B1205474206488N00149804EA0157503126
B1205484206483N00149806EA0157503128
B1205494206477N00149806EA0157503131
B1205504206473N00149801EA0157503133
B1205514206470N00149795EA0157503135
B1205524206470N00149786EA0157503137
B1205534206471N00149778EA0157503139
B1205544206474N00149770EA0157503142
B1205554206479N00149765EA0157503145
B1205564206485N00149762EA0157503148
B1205574206491N00149763EA0157503150
B1205584206496N00149767EA0157503152
B1205594206499N00149772EA0157503154
B1206004206502N00149779EA0157503157
B1206014206502N00149786EA0157503159
B1206024206501N00149793EA0157503162
B1206034206499N00149799EA0157503165
B1206044206496N00149804EA0157503167
B1206054206491N00149808EA0157503168
B1206064206486N00149809EA0157503170
B1206074206481N00149808EA0157503171
B1206084206476N00149806EA0157503173
B1206094206472N00149802EA0157503176
B1206104206469N00149796EA0157503179
B1206114206468N00149789EA0157503180
B1206124206468N00149781EA0157503181
B1206134206469N00149772EA0157503182
B1206144206472N00149764EA0157503184
B1206154206476N00149758EA0157503185
B1206164206481N00149754EA0157503186
B1206174206487N00149751EA0157503186
B1206184206494N00149752EA0157503187
B1206194206499N00149756EA0157503189
B1206204206502N00149762EA0157503191
B1206214206503N00149769EA0157503193
B1206224206502N00149776EA0157503195
B1206234206500N00149781EA0157503198
B1206244206496N00149785EA0157503200
B1206254206492N00149788EA0157503201
B1206264206487N00149789EA0157503203
B1206274206481N00149788EA0157503204
B1206284206477N00149784EA0157503205
B1206294206474N00149778EA0157503206
B1206304206471N00149771EA0157503206
B1206314206470N00149763EA0157503209
B1206324206470N00149755EA0157503210
B1206334206473N00149747EA0157503211
B1206344206477N00149740EA0157503211
B1206354206482N00149735EA0157503211
B1206364206489N00149732EA0157503211
B1206374206495N00149733EA0157503212
B1206384206500N00149736EA0157503213
B1206394206504N00149742EA0157503215
B1206404206507N00149749EA0157503217
B1206414206507N00149755EA0157503219
B1206424206506N00149762EA0157503221
B1206434206504N00149767EA0157503222
B1206444206500N00149772EA0157503223
B1206454206496N00149777EA0157503224
B1206464206491N00149780EA0157503225
B1206474206486N00149782EA0157503226
B1206484206481N00149781EA0157503228
B1206494206477N00149776EA0157503229
B1206504206474N00149768EA0157503230
B1206514206473N00149759EA0157503231
B1206524206474N00149749EA0157503232
B1206534206477N00149741EA0157503234
B1206544206482N00149735EA0157503235
B1206554206487N00149731EA0157503235
B1206564206493N00149729EA0157503235
B1206574206499N00149730EA0157503235
B1206584206504N00149733EA0157503235
B1206594206508N00149739EA0157503235
B1207004206509N00149746EA0157503234
B1207014206508N00149754EA0157503234
B1207024206506N00149760EA0157503235
B1207034206502N00149765EA0157503235
B1207044206498N00149769EA0157503237
B1207054206496N00149774EA0157503239
B1207064206493N00149779EA0157503240
B1207074206489N00149783EA0157503240
B1207084206486N00149788EA0157503241
B1207094206482N00149792EA0157503241
B1207104206479N00149798EA0157503241
B1207114206477N00149803EA0157503242
B1207124206475N00149809EA0157503242
B1207134206472N00149815EA0157503243
B1207144206469N00149820EA0157503243
B1207154206465N00149824EA0157503243
B1207164206461N00149827EA0157503243
B1207174206457N00149829EA0157503244
B1207184206452N00149831EA0157503244
B1207194206447N00149832EA0157503244
B1207204206443N00149834EA0157503244
B1207214206438N00149836EA0157503243
B1207224206433N00149839EA0157503242
B1207234206428N00149841EA0157503240
B1207244206422N00149843EA0157503240
B1207254206417N00149844EA0157503239
B1207264206411N00149845EA0157503239
B1207274206406N00149845EA0157503239
B1207284206401N00149846EA0157503238
B1207294206395N00149847EA0157503237
B1207304206389N00149849EA0157503235
B1207314206383N00149850EA0157503234
B1207324206377N00149851EA0157503233
B1207334206371N00149851EA0157503233
B1207344206366N00149852EA0157503232
B1207354206360N00149852EA0157503232
B1207364206354N00149853EA0157503230
B1207374206348N00149853EA0157503229
B1207384206343N00149854EA0157503228
B1207394206337N00149854EA0157503226
B1207404206331N00149855EA0157503224
B1207414206325N00149857EA0157503221
B1207424206319N00149859EA0157503218
B1207434206313N00149862EA0157503216
B1207444206308N00149864EA0157503214
B1207454206303N00149866EA0157503213
B1207464206298N00149868EA0157503213
B1207474206293N00149870EA0157503211
B1207484206287N00149872EA0157503209
B1207494206282N00149874EA0157503206
B1207504206276N00149877EA0157503204
B1207514206271N00149881EA0157503202
B1207524206266N00149884EA0157503200
B1207534206261N00149886EA0157503197
B1207544206254N00149889EA0157503193
B1207554206248N00149893EA0157503187
B1207564206241N00149898EA0157503183
B1207574206234N00149903EA0157503179
B1207584206228N00149907EA0157503177
B1207594206222N00149911EA0157503176
B1208004206216N00149915EA0157503174
B1208014206211N00149919EA0157503170
B1208024206205N00149924EA0157503167
B1208034206198N00149927EA0157503163
B1208044206192N00149931EA0157503159
B1208054206185N00149933EA0157503156
B1208064206178N00149936EA0157503154
B1208074206172N00149939EA0157503151
B1208084206165N00149941EA0157503149
B1208094206160N00149944EA0157503146
B1208104206154N00149946EA0157503143
B1208114206147N00149948EA0157503139
B1208124206141N00149950EA0157503134
B1208134206134N00149951EA0157503129
B1208144206127N00149953EA0157503125
B1208154206120N00149954EA0157503121
B1208164206113N00149955EA0157503117
B1208174206106N00149956EA0157503113
B1208184206099N00149957EA0157503108
B1208194206092N00149957EA0157503104
B1208204206085N00149958EA0157503099
B1208214206078N00149959EA0157503095
B1208224206071N00149960EA0157503090
B1208234206064N00149961EA0157503086
B1208244206057N00149962EA0157503081
B1208254206050N00149963EA0157503077
B1208264206042N00149963EA0157503073
B1208274206034N00149964EA0157503068
B1208284206026N00149964EA0157503065
B1208294206018N00149965EA0157503062
B1208304206010N00149966EA0157503061
B1208314206002N00149968EA0157503061
B1208324205995N00149970EA0157503060
B1208334205988N00149971EA0157503058
B1208344205981N00149972EA0157503055
B1208354205973N00149973EA0157503051
B1208364205965N00149975EA0157503047
B1208374205957N00149978EA0157503042
B1208384205949N00149981EA0157503038
B1208394205941N00149984EA0157503034
B1208404205933N00149988EA0157503031
B1208414205925N00149992EA0157503027
B1208424205917N00149996EA0157503023
B1208434205910N00150001EA0157503020
B1208444205902N00150006EA0157503017
B1208454205895N00150011EA0157503014
B1208464205888N00150016EA0157503010
B1208474205880N00150022EA0157503006
B1208484205873N00150029EA0157503003
B1208494205865N00150035EA0157503000
B1208504205857N00150040EA0157502997
B1208514205849N00150045EA0157502995
B1208524205841N00150050EA0157502994
B1208534205833N00150055EA0157502992
B1208544205826N00150059EA0157502991
B1208554205818N00150064EA0157502989
B1208564205811N00150070EA0157502987
B1208574205804N00150075EA0157502985
B1208584205797N00150079EA0157502984
B1208594205791N00150084EA0157502984
B1209004205785N00150089EA0157502983
B1209014205780N00150094EA0157502982
B1209024205774N00150099EA0157502980
B1209034205767N00150105EA0157502978
B1209044205761N00150111EA0157502976
B1209054205754N00150117EA0157502974
B1209064205748N00150122EA0157502972
B1209074205742N00150127EA0157502971
B1209084205736N00150132EA0157502971
B1209094205730N00150137EA0157502970
B1209104205725N00150141EA0157502969
B1209114205719N00150146EA0157502967
B1209124205713N00150150EA0157502964
B1209134205707N00150155EA0157502961
B1209144205700N00150160EA0157502959
B1209154205694N00150164EA0157502957
B1209164205688N00150169EA0157502957
B1209174205683N00150174EA0157502956
B1209184205677N00150180EA0157502955
B1209194205671N00150185EA0157502953
B1209204205665N00150191EA0157502951
B1209214205658N00150197EA0157502948
B1209224205651N00150202EA0157502946
B1209234205644N00150207EA0157502944
B1209244205637N00150211EA0157502942
B1209254205630N00150216EA0157502942
B1209264205624N00150220EA0157502941
B1209274205618N00150223EA0157502940
B1209284205612N00150226EA0157502939
B1209294205606N00150229EA0157502936
B1209304205600N00150233EA0157502934
B1209314205594N00150237EA0157502931
B1209324205587N00150241EA0157502929
B1209334205581N00150245EA0157502927
B1209344205574N00150249EA0157502926
B1209354205567N00150253EA0157502925
B1209364205561N00150257EA0157502923
B1209374205554N00150261EA0157502921
B1209384205547N00150264EA0157502919
B1209394205540N00150268EA0157502917
B1209404205533N00150271EA0157502915
B1209414205526N00150275EA0157502912
B1209424205519N00150278EA0157502910
B1209434205512N00150282EA0157502907
B1209444205505N00150286EA0157502905
B1209454205499N00150289EA0157502904
B1209464205492N00150292EA0157502902
B1209474205486N00150296EA0157502901
B1209484205479N00150300EA0157502899
B1209494205473N00150304EA0157502897
B1209504205466N00150308EA0157502895
B1209514205460N00150312EA0157502893
B1209524205453N00150316EA0157502892
B1209534205447N00150320EA0157502891
B1209544205441N00150323EA0157502890
B1209554205435N00150327EA0157502889
B1209564205430N00150330EA0157502888
B1209574205424N00150333EA0157502887
B1209584205418N00150336EA0157502886
B1209594205413N00150338EA0157502885
B1210004205408N00150339EA0157502883
B1210014205402N00150341EA0157502880
B1210024205395N00150342EA0157502876
B1210034205389N00150343EA0157502874
B1210044205382N00150343EA0157502871
B1210054205375N00150341EA0157502870
B1210064205369N00150338EA0157502868
B1210074205363N00150334EA0157502868
B1210084205357N00150331EA0157502867
B1210094205351N00150326EA0157502866
B1210104205345N00150321EA0157502864
B1210114205340N00150315EA0157502863
B1210124205335N00150309EA0157502862
B1210134205329N00150303EA0157502861
B1210144205324N00150296EA0157502859
B1210154205318N00150289EA0157502858
B1210164205313N00150282EA0157502857
B1210174205307N00150275EA0157502855
B1210184205302N00150268EA0157502854
B1210194205297N00150261EA0157502853
B1210204205292N00150254EA0157502853
B1210214205287N00150248EA0157502852
B1210224205283N00150241EA0157502851
B1210234205278N00150235EA0157502850
B1210244205273N00150228EA0157502849
B1210254205269N00150221EA0157502848
B1210264205265N00150215EA0157502847
B1210274205260N00150208EA0157502845
B1210284205255N00150202EA0157502843
B1210294205251N00150197EA0157502842
B1210304205246N00150190EA0157502840
B1210314205242N00150183EA0157502839
B1210324205239N00150175EA0157502837
B1210334205234N00150168EA0157502835
B1210344205230N00150161EA0157502833
B1210354205225N00150154EA0157502833
B1210364205221N00150147EA0157502832
B1210374205217N00150139EA0157502831
B1210384205214N00150131EA0157502830
B1210394205209N00150123EA0157502829
B1210404205205N00150115EA0157502829
B1210414205201N00150108EA0157502829
B1210424205197N00150099EA0157502829
B1210434205194N00150091EA0157502828
B1210444205191N00150082EA0157502828
B1210454205188N00150074EA0157502828
B1210464205185N00150066EA0157502827
B1210474205182N00150057EA0157502827
B1210484205180N00150048EA0157502826
B1210494205178N00150038EA0157502827
B1210504205175N00150030EA0157502828
B1210514205172N00150022EA0157502828
B1210524205169N00150015EA0157502828
B1210534205165N00150008EA0157502828
B1210544205163N00150000EA0157502827
B1210554205161N00149991EA0157502826
B1210564205159N00149982EA0157502826
B1210574205157N00149974EA0157502826
B1210584205154N00149966EA0157502826
B1210594205152N00149958EA0157502825
B1211004205150N00149950EA0157502825
B1211014205149N00149941EA0157502824
B1211024205147N00149933EA0157502823
B1211034205145N00149925EA0157502823
B1211044205142N00149917EA0157502822
B1211054205140N00149910EA0157502821
B1211064205139N00149901EA0157502819
B1211074205138N00149892EA0157502818
B1211084205136N00149884EA0157502816
B1211094205134N00149875EA0157502815
B1211104205131N00149867EA0157502814
B1211114205129N00149859EA0157502814
B1211124205128N00149851EA0157502813
B1211134205127N00149842EA0157502812
B1211144205125N00149833EA0157502811
B1211154205122N00149824EA0157502810
B1211164205120N00149816EA0157502810
B1211174205118N00149808EA0157502810
B1211184205117N00149800EA0157502810
B1211194205116N00149792EA0157502810
B1211204205114N00149784EA0157502810
B1211214205112N00149776EA0157502809
B1211224205110N00149768EA0157502809
B1211234205109N00149760EA0157502808
B1211244205109N00149751EA0157502807
B1211254205109N00149742EA0157502807
B1211264205107N00149734EA0157502808
B1211274205105N00149726EA0157502809
B1211284205103N00149719EA0157502809
B1211294205102N00149710EA0157502809
B1211304205101N00149702EA0157502809
B1211314205100N00149693EA0157502809
B1211324205099N00149684EA0157502808
B1211334205097N00149676EA0157502808
B1211344205095N00149668EA0157502808
B1211354205095N00149659EA0157502809
B1211364205095N00149650EA0157502808
B1211374205095N00149642EA0157502807
B1211384205093N00149633EA0157502806
B1211394205091N00149624EA0157502805
B1211404205090N00149615EA0157502804
B1211414205089N00149605EA0157502804
B1211424205089N00149596EA0157502804
B1211434205088N00149587EA0157502805
B1211444205087N00149579EA0157502805
B1211454205085N00149571EA0157502804
B1211464205084N00149563EA0157502803
B1211474205083N00149554EA0157502802
B1211484205083N00149546EA0157502801
B1211494205081N00149537EA0157502799
B1211504205080N00149529EA0157502798
B1211514205078N00149520EA0157502796
B1211524205076N00149512EA0157502795
B1211534205076N00149504EA0157502794
B1211544205075N00149495EA0157502793
B1211554205073N00149487EA0157502792
B1211564205071N00149479EA0157502791
B1211574205069N00149471EA0157502790
B1211584205066N00149464EA0157502789
B1211594205064N00149457EA0157502788
B1212004205061N00149450EA0157502786
B1212014205057N00149443EA0157502784
B1212024205054N00149436EA0157502782
B1212034205051N00149429EA0157502780
B1212044205047N00149422EA0157502778
B1212054205044N00149415EA0157502777
B1212064205041N00149409EA0157502776
B1212074205038N00149402EA0157502775
B1212084205035N00149396EA0157502774
B1212094205032N00149389EA0157502772
B1212104205029N00149382EA0157502771
B1212114205026N00149376EA0157502769
B1212124205023N00149369EA0157502768
B1212134205020N00149363EA0157502766
B1212144205017N00149356EA0157502765
B1212154205014N00149349EA0157502764
B1212164205012N00149342EA0157502762
B1212174205009N00149335EA0157502760
B1212184205007N00149328EA0157502759
B1212194205004N00149320EA0157502758
B1212204205002N00149313EA0157502757
B1212214205000N00149306EA0157502756
B1212224204997N00149299EA0157502754
B1212234204995N00149291EA0157502753
B1212244204993N00149284EA0157502752
B1212254204991N00149276EA0157502750
B1212264204988N00149268EA0157502749
B1212274204986N00149260EA0157502748
B1212284204983N00149253EA0157502747
B1212294204981N00149246EA0157502746
B1212304204979N00149238EA0157502745
B1212314204976N00149231EA0157502743
B1212324204974N00149224EA0157502742
B1212334204971N00149217EA0157502740
B1212344204968N00149210EA0157502738
B1212354204965N00149202EA0157502737
B1212364204962N00149195EA0157502736
B1212374204959N00149188EA0157502735
B1212384204956N00149181EA0157502734
B1212394204953N00149174EA0157502732
B1212404204951N00149167EA0157502731
B1212414204948N00149160EA0157502730
B1212424204945N00149152EA0157502729
B1212434204942N00149145EA0157502728
B1212444204940N00149138EA0157502727
B1212454204937N00149131EA0157502726
B1212464204935N00149123EA0157502725
B1212474204932N00149116EA0157502723
B1212484204929N00149109EA0157502722
B1212494204926N00149102EA0157502720
B1212504204923N00149094EA0157502719
B1212514204920N00149088EA0157502717
B1212524204917N00149081EA0157502716
B1212534204913N00149074EA0157502714
B1212544204910N00149066EA0157502713
B1212554204907N00149059EA0157502711
B1212564204904N00149052EA0157502710
B1212574204901N00149046EA0157502709
B1212584204898N00149038EA0157502707
B1212594204895N00149031EA0157502706
B1213004204893N00149023EA0157502704
B1213014204890N00149016EA0157502703
B1213024204887N00149009EA0157502702
B1213034204883N00149002EA0157502701
B1213044204880N00148995EA0157502700
B1213054204877N00148988EA0157502698
B1213064204874N00148980EA0157502697
B1213074204871N00148972EA0157502695
B1213084204868N00148964EA0157502694
B1213094204865N00148957EA0157502694
B1213104204863N00148950EA0157502693
B1213114204860N00148942EA0157502691
B1213124204858N00148935EA0157502690
B1213134204855N00148927EA0157502688
B1213144204853N00148919EA0157502686
B1213154204850N00148911EA0157502685
B1213164204847N00148904EA0157502684
B1213174204845N00148896EA0157502682
B1213184204842N00148888EA0157502681
B1213194204840N00148880EA0157502679
B1213204204837N00148872EA0157502677
B1213214204835N00148864EA0157502676
B1213224204833N00148857EA0157502674
B1213234204830N00148849EA0157502673
B1213244204827N00148841EA0157502671
B1213254204824N00148833EA0157502669
B1213264204822N00148825EA0157502667
B1213274204818N00148818EA0157502665
B1213284204815N00148810EA0157502662
B1213294204811N00148802EA0157502660
B1213304204808N00148793EA0157502659
B1213314204805N00148784EA0157502657
B1213324204802N00148775EA0157502656
B1213334204800N00148767EA0157502656
B1213344204797N00148759EA0157502656
B1213354204794N00148752EA0157502654
B1213364204791N00148743EA0157502652
B1213374204789N00148735EA0157502649
B1213384204786N00148726EA0157502647
B1213394204784N00148718EA0157502646
B1213404204781N00148710EA0157502644
B1213414204778N00148702EA0157502643
B1213424204776N00148694EA0157502641
B1213434204773N00148685EA0157502639
B1213444204771N00148677EA0157502637
B1213454204768N00148668EA0157502635
B1213464204766N00148661EA0157502634
B1213474204764N00148653EA0157502632
B1213484204761N00148645EA0157502630
B1213494204759N00148637EA0157502628
B1213504204756N00148630EA0157502625
B1213514204753N00148622EA0157502623
B1213524204750N00148615EA0157502621
B1213534204748N00148608EA0157502620
B1213544204745N00148601EA0157502618
B1213554204742N00148594EA0157502615
B1213564204740N00148587EA0157502613
B1213574204736N00148580EA0157502609
B1213584204734N00148573EA0157502606
B1213594204731N00148566EA0157502603
B1214004204728N00148558EA0157502599
B1214014204726N00148551EA0157502596
B1214024204724N00148545EA0157502592
B1214034204721N00148538EA0157502589
B1214044204719N00148531EA0157502584
B1214054204717N00148523EA0157502580
B1214064204715N00148516EA0157502576
B1214074204712N00148508EA0157502572
B1214084204709N00148501EA0157502566
B1214094204705N00148492EA0157502560
B1214104204701N00148483EA0157502555
B1214114204698N00148473EA0157502551
B1214124204695N00148464EA0157502550
B1214134204693N00148456EA0157502548
B1214144204691N00148448EA0157502546
B1214154204689N00148440EA0157502542
B1214164204686N00148432EA0157502538
B1214174204684N00148423EA0157502533
B1214184204681N00148413EA0157502528
B1214194204678N00148404EA0157502524
B1214204204676N00148395EA0157502521
B1214214204673N00148388EA0157502519
B1214224204671N00148382EA0157502518
B1214234204669N00148376EA0157502516
B1214244204667N00148369EA0157502512
B1214254204664N00148362EA0157502507
B1214264204660N00148353EA0157502502
B1214274204657N00148344EA0157502498
B1214284204654N00148335EA0157502495
B1214294204651N00148327EA0157502494
B1214304204648N00148319EA0157502493
B1214314204646N00148311EA0157502492
B1214324204644N00148304EA0157502492
B1214334204642N00148297EA0157502490
B1214344204640N00148289EA0157502487
B1214354204637N00148280EA0157502483
B1214364204634N00148271EA0157502480
B1214374204631N00148263EA0157502478
B1214384204629N00148254EA0157502477
B1214394204626N00148246EA0157502475
B1214404204624N00148238EA0157502473
B1214414204621N00148229EA0157502470
B1214424204618N00148220EA0157502467
B1214434204614N00148212EA0157502466
B1214444204610N00148203EA0157502465
B1214454204607N00148194EA0157502464
B1214464204603N00148185EA0157502464
B1214474204599N00148176EA0157502464
B1214484204596N00148167EA0157502464
B1214494204592N00148157EA0157502463
B1214504204588N00148147EA0157502461
B1214514204584N00148137EA0157502460
B1214524204579N00148129EA0157502462
B1214534204576N00148120EA0157502464
B1214544204573N00148112EA0157502465
B1214554204570N00148103EA0157502467
B1214564204568N00148095EA0157502468
B1214574204566N00148087EA0157502469
B1214584204563N00148080EA0157502470
B1214594204560N00148073EA0157502471
B1215004204558N00148064EA0157502471
B1215014204557N00148056EA0157502471
B1215024204555N00148047EA0157502471
B1215034204552N00148040EA0157502472
B1215044204549N00148033EA0157502472
B1215054204545N00148026EA0157502473
B1215064204542N00148018EA0157502474
B1215074204540N00148010EA0157502475
B1215084204538N00148002EA0157502478
B1215094204536N00147994EA0157502480
B1215104204534N00147987EA0157502482
B1215114204531N00147979EA0157502484
B1215124204527N00147973EA0157502488
B1215134204524N00147968EA0157502491
B1215144204520N00147964EA0157502495
B1215154204516N00147963EA0157502498
B1215164204513N00147964EA0157502501
B1215174204511N00147968EA0157502503
B1215184204510N00147973EA0157502506
B1215194204513N00147979EA0157502508
B1215204204518N00147983EA0157502509
B1215214204524N00147984EA0157502512
B1215224204531N00147983EA0157502515
B1215234204537N00147979EA0157502517
B1215244204542N00147973EA0157502519
B1215254204545N00147964EA0157502522
B1215264204546N00147956EA0157502524
B1215274204545N00147947EA0157502526
B1215284204543N00147939EA0157502529
B1215294204541N00147931EA0157502532
B1215304204538N00147926EA0157502535
B1215314204534N00147922EA0157502538
B1215324204531N00147922EA0157502541
B1215334204528N00147924EA0157502543
B1215344204525N00147928EA0157502545
B1215354204525N00147933EA0157502547
B1215364204526N00147939EA0157502549
B1215374204529N00147943EA0157502552
B1215384204534N00147946EA0157502555
B1215394204540N00147946EA0157502557
B1215404204547N00147944EA0157502559
B1215414204553N00147939EA0157502560
B1215424204559N00147933EA0157502562
B1215434204563N00147924EA0157502563
B1215444204565N00147914EA0157502564
B1215454204565N00147904EA0157502566
B1215464204564N00147895EA0157502570
B1215474204562N00147888EA0157502573
B1215484204560N00147882EA0157502578
B1215494204556N00147878EA0157502580
B1215504204552N00147876EA0157502581
B1215514204548N00147875EA0157502583
B1215524204545N00147876EA0157502585
B1215534204542N00147879EA0157502587
B1215544204541N00147884EA0157502590
B1215554204542N00147888EA0157502592
B1215564204545N00147892EA0157502594
B1215574204550N00147895EA0157502596
B1215584204556N00147896EA0157502598
B1215594204563N00147894EA0157502600
B1216004204569N00147890EA0157502601
B1216014204574N00147882EA0157502603
B1216024204577N00147873EA0157502605
B1216034204578N00147864EA0157502608
B1216044204578N00147856EA0157502611
B1216054204576N00147848EA0157502614
B1216064204572N00147842EA0157502615
B1216074204568N00147838EA0157502617
B1216084204564N00147836EA0157502618
B1216094204559N00147835EA0157502620
B1216104204556N00147836EA0157502622
B1216114204555N00147841EA0157502624
B1216124204555N00147846EA0157502625
B1216134204559N00147852EA0157502626
B1216144204564N00147857EA0157502629
B1216154204570N00147858EA0157502631
B1216164204576N00147856EA0157502633
B1216174204582N00147851EA0157502634
B1216184204587N00147844EA0157502635
B1216194204591N00147834EA0157502636
B1216204204592N00147825EA0157502637
B1216214204592N00147815EA0157502640
B1216224204591N00147807EA0157502642
B1216234204589N00147800EA0157502644
B1216244204585N00147795EA0157502645
B1216254204580N00147794EA0157502646
B1216264204576N00147796EA0157502647
B1216274204574N00147800EA0157502648
B1216284204574N00147805EA0157502650
B1216294204576N00147810EA0157502652
B1216304204581N00147815EA0157502654
B1216314204588N00147816EA0157502656
B1216324204595N00147814EA0157502658
B1216334204602N00147809EA0157502660
B1216344204606N00147801EA0157502662
B1216354204609N00147792EA0157502663
B1216364204608N00147782EA0157502664
B1216374204606N00147773EA0157502665
B1216384204603N00147766EA0157502668
B1216394204599N00147761EA0157502671
B1216404204595N00147760EA0157502674
B1216414204592N00147761EA0157502676
B1216424204590N00147764EA0157502677
B1216434204589N00147770EA0157502678
B1216444204591N00147776EA0157502679
B1216454204595N00147781EA0157502682
B1216464204601N00147784EA0157502684
B1216474204608N00147783EA0157502686
B1216484204615N00147780EA0157502688
B1216494204620N00147773EA0157502690
B1216504204623N00147765EA0157502693
B1216514204625N00147757EA0157502695
B1216524204625N00147749EA0157502697
B1216534204624N00147741EA0157502700
B1216544204622N00147733EA0157502701
B1216554204619N00147727EA0157502703
B1216564204616N00147722EA0157502704
B1216574204611N00147720EA0157502706
B1216584204607N00147720EA0157502707
B1216594204603N00147723EA0157502708
B1217004204600N00147727EA0157502710
B1217014204598N00147733EA0157502711
B1217024204598N00147739EA0157502714
B1217034204600N00147744EA0157502717
B1217044204603N00147749EA0157502720
B1217054204608N00147752EA0157502722
B1217064204614N00147753EA0157502724
B1217074204620N00147752EA0157502725
B1217084204627N00147748EA0157502726
B1217094204632N00147742EA0157502728
B1217104204634N00147734EA0157502730
B1217114204635N00147725EA0157502732
B1217124204636N00147718EA0157502735
B1217134204635N00147711EA0157502737
B1217144204634N00147704EA0157502739
B1217154204631N00147698EA0157502740
B1217164204627N00147692EA0157502741
B1217174204623N00147687EA0157502741
B1217184204618N00147682EA0157502742
B1217194204613N00147678EA0157502745
B1217204204608N00147675EA0157502749
B1217214204604N00147676EA0157502752
B1217224204600N00147679EA0157502754
B1217234204597N00147684EA0157502756
B1217244204596N00147690EA0157502757
B1217254204597N00147697EA0157502759
B1217264204600N00147703EA0157502761
B1217274204604N00147707EA0157502763
B1217284204610N00147709EA0157502765
B1217294204616N00147708EA0157502767
B1217304204622N00147704EA0157502769
B1217314204626N00147698EA0157502771
B1217324204630N00147691EA0157502773
B1217334204632N00147684EA0157502774
B1217344204634N00147676EA0157502776
B1217354204635N00147668EA0157502779
B1217364204634N00147661EA0157502781
B1217374204631N00147654EA0157502783
B1217384204628N00147649EA0157502784
B1217394204623N00147645EA0157502786
B1217404204619N00147644EA0157502788
B1217414204614N00147645EA0157502791
B1217424204611N00147650EA0157502794
B1217434204610N00147656EA0157502797
B1217444204610N00147663EA0157502798
B1217454204613N00147670EA0157502801
B1217464204617N00147675EA0157502803
B1217474204623N00147678EA0157502805
B1217484204629N00147678EA0157502807
B1217494204635N00147675EA0157502809
B1217504204640N00147670EA0157502811
B1217514204643N00147662EA0157502812
B1217524204645N00147654EA0157502813
B1217534204646N00147646EA0157502815
B1217544204645N00147639EA0157502817
B1217554204644N00147632EA0157502818
B1217564204641N00147625EA0157502819
B1217574204638N00147621EA0157502821
B1217584204633N00147617EA0157502824
B1217594204628N00147616EA0157502827
B1218004204623N00147618EA0157502832
B1218014204620N00147624EA0157502835
B1218024204618N00147632EA0157502838
B1218034204619N00147641EA0157502840
B1218044204623N00147648EA0157502843
B1218054204628N00147653EA0157502845
B1218064204634N00147656EA0157502847
B1218074204641N00147656EA0157502848
B1218084204647N00147654EA0157502849
B1218094204653N00147650EA0157502850
B1218104204657N00147643EA0157502850
B1218114204659N00147635EA0157502851
B1218124204659N00147626EA0157502851
B1218134204656N00147619EA0157502851
B1218144204652N00147614EA0157502853
B1218154204647N00147611EA0157502856
B1218164204642N00147610EA0157502858
B1218174204637N00147612EA0157502859
B1218184204632N00147616EA0157502861
B1218194204628N00147623EA0157502863
B1218204204627N00147632EA0157502865
B1218214204628N00147640EA0157502867
B1218224204633N00147646EA0157502870
B1218234204639N00147649EA0157502873
B1218244204645N00147648EA0157502875
B1218254204650N00147644EA0157502876
B1218264204655N00147637EA0157502878
B1218274204657N00147629EA0157502879
B1218284204657N00147621EA0157502881
B1218294204656N00147614EA0157502883
B1218304204654N00147608EA0157502886
B1218314204651N00147603EA0157502888
B1218324204646N00147600EA0157502890
B1218334204641N00147599EA0157502893
B1218344204636N00147600EA0157502895
B1218354204632N00147604EA0157502899
B1218364204629N00147610EA0157502902
B1218374204628N00147616EA0157502904
B1218384204629N00147623EA0157502906
B1218394204632N00147629EA0157502907
B1218404204637N00147634EA0157502909
B1218414204643N00147635EA0157502911
B1218424204648N00147634EA0157502914
B1218434204652N00147630EA0157502916
B1218444204655N00147624EA0157502918
B1218454204656N00147618EA0157502920
B1218464204654N00147611EA0157502921
B1218474204651N00147605EA0157502922
B1218484204648N00147600EA0157502925
B1218494204644N00147596EA0157502927
B1218504204640N00147591EA0157502930
B1218514204637N00147586EA0157502932
B1218524204632N00147581EA0157502934
B1218534204628N00147578EA0157502936
B1218544204622N00147578EA0157502941
B1218554204618N00147582EA0157502944
B1218564204616N00147589EA0157502947
B1218574204616N00147597EA0157502949
B1218584204619N00147604EA0157502951
B1218594204623N00147608EA0157502953
B1219004204629N00147609EA0157502955
B1219014204635N00147607EA0157502956
B1219024204640N00147602EA0157502957
B1219034204644N00147596EA0157502959
B1219044204646N00147589EA0157502961
B1219054204646N00147582EA0157502964
B1219064204646N00147576EA0157502966
B1219074204644N00147570EA0157502969
B1219084204642N00147564EA0157502971
B1219094204638N00147560EA0157502974
B1219104204634N00147557EA0157502977
B1219114204628N00147557EA0157502980
B1219124204623N00147560EA0157502983
B1219134204620N00147566EA0157502986
B1219144204617N00147574EA0157502988
B1219154204617N00147583EA0157502990
B1219164204620N00147591EA0157502992
B1219174204624N00147598EA0157502994
B1219184204629N00147602EA0157502996
B1219194204636N00147603EA0157502998
B1219204204641N00147601EA0157502999
B1219214204647N00147597EA0157503000
B1219224204650N00147590EA0157503002
B1219234204653N00147584EA0157503004
B1219244204654N00147577EA0157503006
B1219254204653N00147571EA0157503008
B1219264204652N00147565EA0157503010
B1219274204649N00147560EA0157503012
B1219284204645N00147557EA0157503015
B1219294204640N00147555EA0157503018
B1219304204635N00147556EA0157503020
B1219314204630N00147559EA0157503023
B1219324204626N00147564EA0157503025
B1219334204623N00147570EA0157503028
B1219344204622N00147578EA0157503030
B1219354204623N00147586EA0157503032
B1219364204626N00147594EA0157503033
B1219374204632N00147598EA0157503035
B1219384204638N00147600EA0157503036
B1219394204644N00147599EA0157503037
B1219404204649N00147596EA0157503037
B1219414204653N00147591EA0157503038
B1219424204656N00147584EA0157503039
B1219434204657N00147577EA0157503039
B1219444204657N00147570EA0157503041
B1219454204656N00147564EA0157503044
B1219464204654N00147559EA0157503047
B1219474204650N00147556EA0157503049
B1219484204646N00147553EA0157503051
B1219494204641N00147553EA0157503052
B1219504204635N00147555EA0157503054
B1219514204631N00147561EA0157503055
B1219524204628N00147568EA0157503057
B1219534204627N00147577EA0157503059
B1219544204627N00147586EA0157503060
B1219554204630N00147594EA0157503062
B1219564204633N00147600EA0157503064
B1219574204638N00147605EA0157503066
B1219584204644N00147607EA0157503067
B1219594204650N00147606EA0157503067
B1220004204655N00147602EA0157503067
B1220014204658N00147595EA0157503066
B1220024204660N00147587EA0157503066
B1220034204659N00147580EA0157503067
B1220044204656N00147574EA0157503069
B1220054204653N00147571EA0157503072
B1220064204648N00147569EA0157503074
B1220074204643N00147570EA0157503075
B1220084204638N00147573EA0157503076
B1220094204633N00147579EA0157503077
B1220104204630N00147586EA0157503078
B1220114204628N00147594EA0157503079
B1220124204628N00147602EA0157503081
B1220134204629N00147610EA0157503082
B1220144204633N00147616EA0157503083
B1220154204638N00147620EA0157503084
B1220164204644N00147621EA0157503084
B1220174204650N00147620EA0157503084
B1220184204655N00147616EA0157503084
B1220194204660N00147610EA0157503084
B1220204204662N00147604EA0157503084
B1220214204664N00147597EA0157503085
B1220224204663N00147589EA0157503084
B1220234204661N00147583EA0157503085
B1220244204658N00147578EA0157503086
B1220254204654N00147573EA0157503088
B1220264204650N00147570EA0157503089
B1220274204646N00147568EA0157503089
B1220284204641N00147568EA0157503089
B1220294204636N00147569EA0157503089
B1220304204631N00147572EA0157503088
B1220314204626N00147577EA0157503088
B1220324204622N00147583EA0157503088
B1220334204619N00147591EA0157503088
B1220344204619N00147599EA0157503089
B1220354204620N00147607EA0157503090
B1220364204624N00147612EA0157503090
B1220374204630N00147616EA0157503090
B1220384204636N00147615EA0157503089
B1220394204641N00147612EA0157503089
B1220404204645N00147606EA0157503089
B1220414204646N00147599EA0157503089
B1220424204645N00147592EA0157503089
B1220434204643N00147586EA0157503090
B1220444204641N00147581EA0157503091
B1220454204638N00147576EA0157503091
B1220464204634N00147570EA0157503090
B1220474204630N00147565EA0157503090
B1220484204625N00147560EA0157503089
B1220494204620N00147555EA0157503089
B1220504204614N00147550EA0157503089
B1220514204609N00147545EA0157503090
B1220524204604N00147542EA0157503092
B1220534204600N00147538EA0157503093
B1220544204595N00147535EA0157503094
B1220554204591N00147532EA0157503095
B1220564204586N00147529EA0157503094
B1220574204581N00147525EA0157503094
B1220584204576N00147521EA0157503093
B1220594204571N00147517EA0157503093
B1221004204566N00147513EA0157503094
B1221014204562N00147510EA0157503095
B1221024204557N00147506EA0157503095
B1221034204553N00147501EA0157503096
B1221044204549N00147495EA0157503095
B1221054204546N00147489EA0157503096
B1221064204542N00147483EA0157503097
B1221074204538N00147478EA0157503099
B1221084204535N00147473EA0157503100
B1221094204531N00147468EA0157503101
B1221104204527N00147462EA0157503101
B1221114204523N00147456EA0157503102
B1221124204520N00147449EA0157503103
B1221134204516N00147442EA0157503104
B1221144204513N00147435EA0157503105
B1221154204508N00147430EA0157503106
B1221164204504N00147425EA0157503107
B1221174204499N00147419EA0157503108
B1221184204495N00147413EA0157503110
B1221194204491N00147407EA0157503111
B1221204204487N00147401EA0157503113
B1221214204483N00147395EA0157503115
B1221224204478N00147389EA0157503117
B1221234204474N00147382EA0157503119
B1221244204471N00147375EA0157503121
B1221254204467N00147369EA0157503123
B1221264204463N00147363EA0157503125
B1221274204460N00147357EA0157503127
B1221284204456N00147352EA0157503129
B1221294204452N00147346EA0157503131
B1221304204448N00147340EA0157503131
B1221314204444N00147333EA0157503132
B1221324204440N00147325EA0157503132
B1221334204436N00147318EA0157503134
B1221344204431N00147311EA0157503135
B1221354204427N00147305EA0157503136
B1221364204422N00147299EA0157503136
B1221374204417N00147293EA0157503136
B1221384204412N00147287EA0157503136
B1221394204407N00147280EA0157503136
B1221404204402N00147274EA0157503136
B1221414204397N00147267EA0157503135
B1221424204392N00147261EA0157503134
B1221434204387N00147254EA0157503132
B1221444204382N00147247EA0157503132
B1221454204377N00147240EA0157503131
B1221464204372N00147234EA0157503132
B1221474204368N00147228EA0157503132
B1221484204364N00147223EA0157503133
B1221494204359N00147219EA0157503132
B1221504204354N00147215EA0157503131
B1221514204348N00147210EA0157503128
B1221524204342N00147204EA0157503126
B1221534204336N00147199EA0157503125
B1221544204331N00147194EA0157503125
B1221554204326N00147190EA0157503126
B1221564204321N00147185EA0157503125
B1221574204317N00147180EA0157503124
B1221584204312N00147175EA0157503121
B1221594204308N00147169EA0157503118
B1222004204303N00147163EA0157503116
B1222014204298N00147157EA0157503113
B1222024204292N00147152EA0157503111
B1222034204287N00147146EA0157503109
B1222044204281N00147140EA0157503106
B1222054204275N00147135EA0157503104
B1222064204268N00147129EA0157503103
B1222074204263N00147123EA0157503101
B1222084204257N00147116EA0157503099
B1222094204252N00147109EA0157503097
B1222104204247N00147103EA0157503094
B1222114204241N00147096EA0157503092
B1222124204236N00147090EA0157503089
B1222134204230N00147083EA0157503086
B1222144204225N00147077EA0157503083
B1222154204219N00147071EA0157503080
B1222164204214N00147065EA0157503078
B1222174204208N00147060EA0157503075
B1222184204203N00147055EA0157503073
B1222194204198N00147049EA0157503070
B1222204204193N00147043EA0157503067
B1222214204188N00147036EA0157503063
B1222224204182N00147030EA0157503058
B1222234204177N00147024EA0157503055
B1222244204172N00147019EA0157503053
B1222254204168N00147015EA0157503050
B1222264204164N00147010EA0157503048
B1222274204160N00147004EA0157503045
B1222284204156N00146998EA0157503041
B1222294204151N00146993EA0157503039
B1222304204147N00146987EA0157503037
B1222314204143N00146982EA0157503035
B1222324204139N00146977EA0157503033
B1222334204135N00146972EA0157503031
B1222344204131N00146966EA0157503028
B1222354204127N00146961EA0157503025
B1222364204123N00146955EA0157503022
B1222374204119N00146949EA0157503020
B1222384204115N00146944EA0157503018
B1222394204111N00146939EA0157503016
B1222404204107N00146934EA0157503013
B1222414204103N00146929EA0157503010
B1222424204100N00146923EA0157503007
B1222434204096N00146917EA0157503004
B1222444204092N00146912EA0157503002
B1222454204088N00146907EA0157502999
B1222464204084N00146902EA0157502996
B1222474204080N00146896EA0157502992
B1222484204076N00146891EA0157502988
B1222494204072N00146886EA0157502985
B1222504204068N00146880EA0157502982
B1222514204064N00146875EA0157502979
B1222524204060N00146871EA0157502976
B1222534204056N00146866EA0157502973
B1222544204052N00146862EA0157502970
B1222554204048N00146857EA0157502967
B1222564204044N00146852EA0157502962
B1222574204039N00146846EA0157502958
B1222584204034N00146839EA0157502952
B1222594204030N00146831EA0157502946
B1223004204025N00146823EA0157502941
B1223014204022N00146816EA0157502939
B1223024204019N00146809EA0157502937
B1223034204016N00146804EA0157502934
B1223044204014N00146798EA0157502931
B1223054204011N00146792EA0157502926
B1223064204008N00146786EA0157502920
B1223074204005N00146779EA0157502914
B1223084204003N00146771EA0157502909
B1223094204000N00146764EA0157502904
B1223104203997N00146757EA0157502900
B1223114203994N00146751EA0157502896
B1223124203992N00146744EA0157502892
B1223134203990N00146738EA0157502887
B1223144203987N00146731EA0157502882
B1223154203985N00146725EA0157502877
B1223164203981N00146718EA0157502872
B1223174203978N00146711EA0157502867
B1223184203974N00146704EA0157502863
B1223194203970N00146697EA0157502860
B1223204203967N00146689EA0157502855
B1223214203963N00146681EA0157502850
B1223224203958N00146672EA0157502845
B1223234203954N00146664EA0157502840
B1223244203950N00146656EA0157502840
B1223254203948N00146649EA0157502839
B1223264203946N00146643EA0157502839
B1223274203944N00146637EA0157502838
B1223284203942N00146632EA0157502835
B1223294203940N00146625EA0157502832
B1223304203937N00146617EA0157502828
B1223314203934N00146609EA0157502825
B1223324203931N00146601EA0157502823
B1223334203928N00146593EA0157502821
B1223344203925N00146584EA0157502818
B1223354203923N00146576EA0157502816
B1223364203920N00146567EA0157502814
B1223374203917N00146558EA0157502810
B1223384203914N00146549EA0157502809
B1223394203910N00146541EA0157502807
B1223404203907N00146535EA0157502806
B1223414203903N00146529EA0157502803
B1223424203901N00146523EA0157502799
B1223434203898N00146515EA0157502795
B1223444203896N00146506EA0157502790
B1223454203893N00146495EA0157502784
B1223464203891N00146485EA0157502780
B1223474203890N00146475EA0157502780
B1223484203889N00146467EA0157502781
B1223494203888N00146461EA0157502782
B1223504203887N00146455EA0157502782
B1223514203886N00146448EA0157502781
B1223524203884N00146442EA0157502779
B1223534203881N00146436EA0157502777
B1223544203879N00146429EA0157502775
B1223554203877N00146421EA0157502774
B1223564203875N00146414EA0157502774
B1223574203873N00146407EA0157502773
B1223584203871N00146401EA0157502772
B1223594203869N00146395EA0157502771
B1224004203866N00146388EA0157502768
B1224014203863N00146382EA0157502765
B1224024203859N00146375EA0157502761
B1224034203855N00146369EA0157502759
B1224044203850N00146361EA0157502756
B1224054203846N00146354EA0157502753
B1224064203842N00146347EA0157502752
B1224074203839N00146339EA0157502752
B1224084203836N00146331EA0157502750
B1224094203832N00146322EA0157502749
B1224104203828N00146312EA0157502749
B1224114203824N00146302EA0157502748
B1224124203821N00146292EA0157502749
B1224134203816N00146283EA0157502752
B1224144203812N00146277EA0157502758
B1224154203807N00146275EA0157502766
B1224164203803N00146274EA0157502770
B1224174203799N00146275EA0157502773
B1224184203794N00146278EA0157502774
B1224194203790N00146283EA0157502775
B1224204203788N00146289EA0157502777
B1224214203790N00146296EA0157502780
B1224224203793N00146301EA0157502782
B1224234203797N00146304EA0157502784
B1224244203802N00146304EA0157502786
B1224254203806N00146302EA0157502788
B1224264203811N00146298EA0157502788
B1224274203814N00146292EA0157502789
B1224284203816N00146284EA0157502791
B1224294203817N00146276EA0157502792
B1224304203816N00146268EA0157502795
B1224314203814N00146260EA0157502798
B1224324203811N00146254EA0157502801
B1224334203807N00146248EA0157502805
B1224344203803N00146243EA0157502808
B1224354203798N00146240EA0157502811
B1224364203793N00146240EA0157502813
B1224374203788N00146242EA0157502816
B1224384203785N00146246EA0157502818
B1224394203782N00146252EA0157502821
B1224404203782N00146258EA0157502823
B1224414203783N00146264EA0157502827
B1224424203787N00146268EA0157502830
B1224434203792N00146271EA0157502832
B1224444203799N00146270EA0157502833
B1224454203804N00146265EA0157502834
B1224464203808N00146258EA0157502835
B1224474203809N00146249EA0157502836
B1224484203808N00146240EA0157502836
B1224494203805N00146232EA0157502836
B1224504203802N00146225EA0157502839
B1224514203798N00146219EA0157502841
B1224524203794N00146213EA0157502844
B1224534203789N00146209EA0157502847
B1224544203783N00146208EA0157502849
B1224554203777N00146209EA0157502851
B1224564203773N00146212EA0157502852
B1224574203769N00146218EA0157502854
B1224584203768N00146224EA0157502856
B1224594203769N00146230EA0157502858
B1225004203773N00146235EA0157502859
B1225014203779N00146237EA0157502860
B1225024203785N00146234EA0157502861
B1225034203790N00146226EA0157502862
B1225044203792N00146217EA0157502865
B1225054203792N00146207EA0157502868
B1225064203789N00146199EA0157502872
B1225074203785N00146192EA0157502874
B1225084203781N00146186EA0157502876
B1225094203775N00146182EA0157502877
B1225104203769N00146181EA0157502879
B1225114203762N00146182EA0157502881
B1225124203757N00146185EA0157502883
B1225134203753N00146191EA0157502883
B1225144203751N00146198EA0157502884
B1225154203751N00146205EA0157502886
B1225164203754N00146211EA0157502888
B1225174203758N00146213EA0157502890
B1225184203763N00146211EA0157502890
B1225194203768N00146207EA0157502890
B1225204203772N00146201EA0157502893
B1225214203774N00146194EA0157502896
B1225224203774N00146186EA0157502898
B1225234203772N00146178EA0157502898
B1225244203769N00146169EA0157502898
B1225254203765N00146162EA0157502899
B1225264203759N00146157EA0157502900
B1225274203753N00146155EA0157502903
B1225284203747N00146154EA0157502905
B1225294203741N00146156EA0157502908
B1225304203737N00146160EA0157502911
B1225314203733N00146166EA0157502913
B1225324203732N00146173EA0157502915
B1225334203733N00146180EA0157502916
B1225344203737N00146185EA0157502916
B1225354203741N00146187EA0157502917
B1225364203746N00146185EA0157502918
B1225374203750N00146181EA0157502920
B1225384203754N00146175EA0157502922
B1225394203755N00146168EA0157502924
B1225404203756N00146161EA0157502925
B1225414203755N00146153EA0157502925
B1225424203752N00146143EA0157502925
B1225434203749N00146134EA0157502927
B1225444203745N00146126EA0157502930
B1225454203738N00146121EA0157502933
B1225464203731N00146118EA0157502936
B1225474203725N00146119EA0157502940
B1225484203720N00146123EA0157502942
B1225494203717N00146130EA0157502944
B1225504203717N00146137EA0157502945
B1225514203720N00146141EA0157502947
B1225524203725N00146142EA0157502949
B1225534203729N00146138EA0157502951
B1225544203732N00146131EA0157502954
B1225554203733N00146122EA0157502957
B1225564203733N00146114EA0157502960
B1225574203731N00146106EA0157502963
B1225584203727N00146101EA0157502965
B1225594203722N00146097EA0157502966
B1226004203715N00146095EA0157502968
B1226014203709N00146096EA0157502970
B1226024203703N00146099EA0157502972
B1226034203700N00146104EA0157502973
B1226044203698N00146112EA0157502973
B1226054203699N00146120EA0157502972
B1226064203701N00146126EA0157502972
B1226074203706N00146131EA0157502974
B1226084203710N00146133EA0157502975
B1226094203715N00146131EA0157502976
B1226104203719N00146127EA0157502976
B1226114203721N00146121EA0157502978
B1226124203720N00146114EA0157502979
B1226134203719N00146107EA0157502979
B1226144203716N00146101EA0157502980
B1226154203713N00146096EA0157502980
B1226164203708N00146091EA0157502980
B1226174203702N00146089EA0157502981
B1226184203696N00146090EA0157502983
B1226194203692N00146094EA0157502985
B1226204203690N00146100EA0157502987
B1226214203689N00146107EA0157502987
B1226224203691N00146115EA0157502987
B1226234203694N00146121EA0157502987
B1226244203698N00146125EA0157502987
B1226254203703N00146127EA0157502989
B1226264203707N00146127EA0157502989
B1226274203712N00146123EA0157502989
B1226284203714N00146116EA0157502988
B1226294203715N00146108EA0157502988
B1226304203713N00146099EA0157502988
B1226314203710N00146092EA0157502989
B1226324203707N00146085EA0157502990
B1226334203704N00146078EA0157502991
B1226344203700N00146071EA0157502992
B1226354203696N00146064EA0157502993
B1226364203692N00146059EA0157502994
B1226374203687N00146054EA0157502996
B1226384203683N00146051EA0157502997
B1226394203678N00146048EA0157502999
B1226404203674N00146046EA0157503001
B1226414203669N00146047EA0157503002
B1226424203665N00146050EA0157503003
B1226434203662N00146055EA0157503002
B1226444203661N00146062EA0157503003
B1226454203663N00146068EA0157503004
B1226464203666N00146072EA0157503005
B1226474203670N00146075EA0157503005
B1226484203675N00146077EA0157503006
B1226494203680N00146076EA0157503007
B1226504203685N00146074EA0157503009
B1226514203690N00146070EA0157503010
B1226524203694N00146065EA0157503010
B1226534203698N00146057EA0157503010
B1226544203701N00146048EA0157503010
B1226554203702N00146038EA0157503011
B1226564203702N00146029EA0157503012
B1226574203701N00146020EA0157503013
B1226584203700N00146012EA0157503014
B1226594203699N00146004EA0157503016
B1227004203697N00145996EA0157503016
B1227014203694N00145989EA0157503017
B1227024203690N00145982EA0157503017
B1227034203686N00145978EA0157503017
B1227044203680N00145976EA0157503017
B1227054203675N00145976EA0157503018
B1227064203672N00145978EA0157503020
B1227074203669N00145981EA0157503022
B1227084203668N00145985EA0157503023
B1227094203669N00145990EA0157503023
B1227104203671N00145996EA0157503022
B1227114203677N00146002EA0157503021
B1227124203684N00146004EA0157503021
B1227134203692N00146002EA0157503023
B1227144203699N00145996EA0157503025
B1227154203703N00145988EA0157503027
B1227164203707N00145979EA0157503029
B1227174203710N00145971EA0157503031
B1227184203713N00145962EA0157503032
B1227194203715N00145952EA0157503033
B1227204203714N00145943EA0157503033
B1227214203712N00145935EA0157503032
B1227224203708N00145930EA0157503032
B1227234203704N00145928EA0157503032
B1227244203700N00145929EA0157503032
B1227254203699N00145932EA0157503033
B1227264203699N00145937EA0157503033
B1227274203703N00145941EA0157503033
B1227284203709N00145945EA0157503033
B1227294203716N00145948EA0157503033
B1227304203723N00145949EA0157503036
B1227314203732N00145948EA0157503038
B1227324203740N00145943EA0157503042
B1227334203746N00145935EA0157503045
B1227344203752N00145925EA0157503048
B1227354203754N00145914EA0157503049
B1227364203754N00145903EA0157503050
B1227374203753N00145895EA0157503053
B1227384203750N00145889EA0157503055
B1227394203747N00145887EA0157503055
B1227404203745N00145887EA0157503056
B1227414203744N00145890EA0157503057
B1227424203745N00145895EA0157503057
B1227434203749N00145900EA0157503057
B1227444203754N00145905EA0157503058
B1227454203762N00145906EA0157503060
B1227464203770N00145904EA0157503062
B1227474203778N00145899EA0157503064
B1227484203785N00145892EA0157503066
B1227494203791N00145883EA0157503069
B1227504203794N00145874EA0157503072
B1227514203796N00145865EA0157503074
B1227524203796N00145856EA0157503075
B1227534203795N00145848EA0157503076
B1227544203794N00145842EA0157503077
B1227554203791N00145837EA0157503078
B1227564203788N00145834EA0157503079
B1227574203785N00145834EA0157503080
B1227584203783N00145836EA0157503081
B1227594203783N00145839EA0157503082
B1228004203784N00145844EA0157503081
B1228014203786N00145849EA0157503083
B1228024203789N00145852EA0157503085
B1228034203793N00145856EA0157503087
B1228044203798N00145859EA0157503088
B1228054203805N00145860EA0157503089
B1228064203813N00145860EA0157503090
B1228074203821N00145857EA0157503091
B1228084203829N00145852EA0157503093
B1228094203835N00145846EA0157503094
B1228104203841N00145839EA0157503096
B1228114203845N00145831EA0157503097
B1228124203848N00145822EA0157503097
B1228134203850N00145812EA0157503098
B1228144203851N00145803EA0157503099
B1228154203851N00145794EA0157503100
B1228164203850N00145785EA0157503102
B1228174203850N00145776EA0157503103
B1228184203848N00145768EA0157503104
B1228194203847N00145759EA0157503104
B1228204203844N00145751EA0157503104
B1228214203841N00145743EA0157503105
B1228224203838N00145735EA0157503106
B1228234203836N00145727EA0157503107
B1228244203834N00145719EA0157503108
B1228254203832N00145711EA0157503109
B1228264203830N00145702EA0157503109
B1228274203828N00145694EA0157503109
B1228284203826N00145686EA0157503109
B1228294203824N00145678EA0157503110
B1228304203822N00145671EA0157503110
B1228314203819N00145663EA0157503110
B1228324203816N00145656EA0157503111
B1228334203812N00145649EA0157503111
B1228344203808N00145643EA0157503114
B1228354203805N00145636EA0157503117
B1228364203804N00145629EA0157503121
B1228374203804N00145622EA0157503124
B1228384203804N00145615EA0157503126
B1228394203806N00145608EA0157503127
B1228404203810N00145601EA0157503128
B1228414203815N00145596EA0157503130
B1228424203822N00145595EA0157503131
B1228434203828N00145597EA0157503131
B1228444203832N00145602EA0157503131
B1228454203835N00145608EA0157503132
B1228464203835N00145614EA0157503132
B1228474203834N00145620EA0157503132
B1228484203831N00145626EA0157503133
B1228494203827N00145629EA0157503134
B1228504203822N00145630EA0157503137
B1228514203816N00145629EA0157503138
B1228524203812N00145625EA0157503139
B1228534203808N00145620EA0157503143
B1228544203805N00145615EA0157503146
B1228554203802N00145609EA0157503149
B1228564203801N00145603EA0157503151
B1228574203801N00145595EA0157503152
B1228584203803N00145587EA0157503152
B1228594203807N00145580EA0157503153
B1229004203814N00145577EA0157503154
B1229014203820N00145578EA0157503157
B1229024203824N00145582EA0157503159
B1229034203825N00145590EA0157503160
B1229044203824N00145597EA0157503161
B1229054203821N00145604EA0157503162
B1229064203815N00145607EA0157503165
B1229074203810N00145606EA0157503168
B1229084203806N00145603EA0157503171
B1229094203802N00145598EA0157503173
B1229104203799N00145592EA0157503176
B1229114203798N00145584EA0157503178
B1229124203799N00145576EA0157503177
B1229134203803N00145568EA0157503177
B1229144203809N00145564EA0157503177
B1229154203816N00145564EA0157503178
B1229164203822N00145567EA0157503180
B1229174203826N00145574EA0157503182
B1229184203827N00145580EA0157503186
B1229194203826N00145586EA0157503190
B1229204203823N00145591EA0157503192
B1229214203819N00145594EA0157503194
B1229224203813N00145595EA0157503195
B1229234203808N00145594EA0157503196
B1229244203803N00145592EA0157503198
B1229254203799N00145587EA0157503200
B1229264203796N00145580EA0157503201
B1229274203795N00145572EA0157503201
B1229284203795N00145564EA0157503203
B1229294203796N00145556EA0157503204
B1229304203800N00145549EA0157503205
B1229314203805N00145544EA0157503206
B1229324203812N00145543EA0157503206
B1229334203818N00145544EA0157503207
B1229344203822N00145549EA0157503209
B1229354203825N00145556EA0157503210
B1229364203826N00145563EA0157503210
B1229374203824N00145569EA0157503212
B1229384203820N00145573EA0157503215
B1229394203815N00145573EA0157503215
B1229404203810N00145569EA0157503215
B1229414203806N00145563EA0157503215
B1229424203803N00145556EA0157503217
B1229434203800N00145550EA0157503219
B1229444203797N00145543EA0157503222
B1229454203797N00145536EA0157503224
B1229464203799N00145528EA0157503224
B1229474203803N00145521EA0157503225
B1229484203809N00145517EA0157503226
B1229494203816N00145517EA0157503227
B1229504203822N00145521EA0157503229
B1229514203825N00145527EA0157503231
B1229524203826N00145534EA0157503234
B1229534203825N00145538EA0157503236
B1229544203821N00145541EA0157503238
B1229554203817N00145542EA0157503239
B1229564203813N00145541EA0157503239
B1229574203808N00145538EA0157503240
B1229584203804N00145534EA0157503240
B1229594203800N00145528EA0157503242
B1230004203797N00145521EA0157503243
B1230014203796N00145513EA0157503244
B1230024203797N00145505EA0157503245
B1230034203800N00145497EA0157503246
B1230044203805N00145490EA0157503247
B1230054203811N00145487EA0157503249
B1230064203817N00145486EA0157503250
B1230074203822N00145489EA0157503252
B1230084203826N00145494EA0157503253
B1230094203827N00145500EA0157503254
B1230104203826N00145506EA0157503255
B1230114203822N00145510EA0157503257
B1230124203818N00145511EA0157503258
B1230134203813N00145511EA0157503259
B1230144203808N00145509EA0157503260
B1230154203803N00145506EA0157503262
B1230164203798N00145501EA0157503263
B1230174203794N00145496EA0157503265
B1230184203790N00145489EA0157503265
B1230194203786N00145481EA0157503265
B1230204203783N00145472EA0157503266
B1230214203779N00145463EA0157503267
B1230224203777N00145454EA0157503269
B1230234203774N00145446EA0157503271
B1230244203771N00145436EA0157503272
B1230254203768N00145427EA0157503273
B1230264203764N00145419EA0157503274
B1230274203760N00145412EA0157503276
B1230284203757N00145406EA0157503278
B1230294203754N00145400EA0157503280
B1230304203750N00145393EA0157503281
B1230314203747N00145387EA0157503283
B1230324203746N00145379EA0157503284
B1230334203746N00145371EA0157503286
B1230344203748N00145363EA0157503287
B1230354203752N00145355EA0157503288
B1230364203757N00145350EA0157503289
B1230374203763N00145346EA0157503291
B1230384203769N00145345EA0157503293
B1230394203775N00145346EA0157503295
B1230404203779N00145350EA0157503298
B1230414203781N00145355EA0157503300
B1230424203782N00145361EA0157503301
B1230434203780N00145367EA0157503302
B1230444203776N00145372EA0157503303
B1230454203771N00145375EA0157503305
B1230464203766N00145375EA0157503306
B1230474203762N00145371EA0157503309
B1230484203759N00145363EA0157503309
B1230494203760N00145354EA0157503308
B1230504203763N00145345EA0157503308
B1230514203768N00145338EA0157503308
B1230524203775N00145335EA0157503309
B1230534203781N00145338EA0157503311
B1230544203784N00145344EA0157503311
B1230554203785N00145352EA0157503313
B1230564203783N00145358EA0157503315
B1230574203778N00145363EA0157503317
B1230584203773N00145364EA0157503319
B1230594203768N00145363EA0157503321
B1231004203764N00145359EA0157503323
B1231014203761N00145352EA0157503324
B1231024203758N00145345EA0157503325
B1231034203758N00145336EA0157503327
B1231044203761N00145328EA0157503327
B1231054203767N00145323EA0157503327
B1231064203773N00145322EA0157503327
B1231074203778N00145326EA0157503327
B1231084203780N00145333EA0157503328
B1231094203780N00145340EA0157503330
B1231104203776N00145345EA0157503330
B1231114203771N00145347EA0157503331
B1231124203765N00145345EA0157503333
B1231134203760N00145342EA0157503336
B1231144203755N00145337EA0157503338
B1231154203751N00145332EA0157503341
B1231164203747N00145327EA0157503342
B1231174203743N00145320EA0157503343
B1231184203739N00145312EA0157503343
B1231194203735N00145304EA0157503345
B1231204203731N00145296EA0157503346
B1231214203727N00145289EA0157503348
B1231224203723N00145283EA0157503349
B1231234203720N00145275EA0157503349
B1231244203718N00145267EA0157503349
B1231254203715N00145259EA0157503348
B1231264203712N00145252EA0157503348
B1231274203708N00145245EA0157503348
B1231284203706N00145238EA0157503349
B1231294203703N00145231EA0157503349
B1231304203700N00145224EA0157503350
B1231314203696N00145217EA0157503350
B1231324203692N00145210EA0157503351
B1231334203689N00145204EA0157503352
B1231344203685N00145197EA0157503353
B1231354203681N00145191EA0157503353
B1231364203678N00145185EA0157503354
B1231374203674N00145178EA0157503356
B1231384203670N00145172EA0157503358
B1231394203666N00145166EA0157503361
B1231404203662N00145160EA0157503363
B1231414203658N00145154EA0157503365
B1231424203655N00145148EA0157503365
B1231434203651N00145141EA0157503366
B1231444203646N00145134EA0157503365
B1231454203642N00145128EA0157503365
B1231464203637N00145121EA0157503366
B1231474203633N00145114EA0157503367
B1231484203630N00145106EA0157503368
B1231494203626N00145099EA0157503369
B1231504203623N00145092EA0157503370
B1231514203618N00145085EA0157503369
B1231524203615N00145078EA0157503368
B1231534203612N00145070EA0157503366
B1231544203608N00145062EA0157503364
B1231554203604N00145055EA0157503362
B1231564203599N00145049EA0157503360
B1231574203595N00145044EA0157503359
B1231584203591N00145037EA0157503357
B1231594203587N00145030EA0157503356
B1232004203584N00145023EA0157503355
B1232014203580N00145017EA0157503355
B1232024203576N00145011EA0157503354
B1232034203572N00145005EA0157503353
B1232044203569N00144997EA0157503351
B1232054203566N00144988EA0157503349
B1232064203562N00144979EA0157503348
B1232074203558N00144970EA0157503347
B1232084203554N00144962EA0157503347
B1232094203551N00144956EA0157503348
B1232104203547N00144950EA0157503347
B1232114203543N00144944EA0157503346
B1232124203538N00144937EA0157503344
B1232134203534N00144928EA0157503343
B1232144203530N00144920EA0157503342
B1232154203526N00144911EA0157503342
B1232164203521N00144903EA0157503344
B1232174203517N00144896EA0157503345
B1232184203513N00144889EA0157503346
B1232194203509N00144883EA0157503347
B1232204203504N00144876EA0157503347
B1232214203500N00144869EA0157503346
B1232224203495N00144863EA0157503346
B1232234203490N00144856EA0157503345
B1232244203484N00144850EA0157503345
B1232254203479N00144844EA0157503344
B1232264203474N00144837EA0157503344
B1232274203469N00144831EA0157503343
B1232284203464N00144825EA0157503343
B1232294203458N00144820EA0157503342
B1232304203453N00144814EA0157503341
B1232314203447N00144809EA0157503339
B1232324203442N00144803EA0157503338
B1232334203436N00144797EA0157503336
B1232344203431N00144791EA0157503335
B1232354203426N00144783EA0157503334
B1232364203421N00144776EA0157503332
B1232374203417N00144768EA0157503332
B1232384203412N00144762EA0157503332
B1232394203407N00144756EA0157503333
B1232404203403N00144750EA0157503332
B1232414203397N00144743EA0157503331
B1232424203391N00144736EA0157503328
B1232434203385N00144730EA0157503327
B1232444203378N00144723EA0157503325
B1232454203372N00144717EA0157503325
B1232464203366N00144710EA0157503324
B1232474203361N00144703EA0157503324
B1232484203355N00144697EA0157503323
B1232494203349N00144690EA0157503321
B1232504203344N00144684EA0157503320
B1232514203339N00144678EA0157503320
B1232524203335N00144671EA0157503319
B1232534203330N00144666EA0157503319
B1232544203325N00144660EA0157503317
B1232554203320N00144655EA0157503316
B1232564203315N00144650EA0157503314
B1232574203310N00144644EA0157503312
B1232584203305N00144638EA0157503310
B1232594203301N00144633EA0157503309
B1233004203296N00144627EA0157503308
B1233014203291N00144622EA0157503307
B1233024203285N00144616EA0157503306
B1233034203280N00144611EA0157503304
B1233044203274N00144606EA0157503302
B1233054203269N00144600EA0157503301
B1233064203264N00144595EA0157503300
B1233074203259N00144590EA0157503300
B1233084203254N00144585EA0157503299
B1233094203249N00144580EA0157503297
B1233104203243N00144575EA0157503296
B1233114203238N00144570EA0157503294
B1233124203233N00144565EA0157503292
B1233134203228N00144559EA0157503290
B1233144203224N00144553EA0157503289
B1233154203219N00144548EA0157503288
B1233164203214N00144543EA0157503286
B1233174203208N00144538EA0157503284
B1233184203203N00144533EA0157503282
B1233194203198N00144527EA0157503280
B1233204203193N00144521EA0157503277
B1233214203188N00144516EA0157503274
B1233224203183N00144511EA0157503271
B1233234203178N00144506EA0157503268
B1233244203172N00144501EA0157503265
B1233254203167N00144495EA0157503261
B1233264203161N00144490EA0157503257
B1233274203156N00144485EA0157503253
B1233284203150N00144479EA0157503249
B1233294203144N00144473EA0157503244
B1233304203138N00144467EA0157503239
B1233314203132N00144460EA0157503235
B1233324203126N00144454EA0157503231
B1233334203121N00144447EA0157503227
B1233344203115N00144441EA0157503224
B1233354203109N00144435EA0157503222
B1233364203103N00144429EA0157503219
B1233374203098N00144423EA0157503217
B1233384203092N00144418EA0157503216
B1233394203087N00144413EA0157503215
B1233404203081N00144408EA0157503214
B1233414203077N00144403EA0157503213
B1233424203072N00144396EA0157503211
B1233434203067N00144390EA0157503208
B1233444203061N00144383EA0157503205
B1233454203055N00144377EA0157503203
B1233464203049N00144371EA0157503201
B1233474203044N00144365EA0157503201
B1233484203040N00144359EA0157503201
B1233494203035N00144354EA0157503200
B1233504203030N00144348EA0157503198
B1233514203025N00144342EA0157503195
B1233524203020N00144335EA0157503193
B1233534203015N00144329EA0157503191
B1233544203009N00144324EA0157503190
B1233554203004N00144321EA0157503190
B1233564202999N00144317EA0157503190
B1233574202995N00144312EA0157503188
B1233584202990N00144308EA0157503186
B1233594202984N00144303EA0157503183
B1234004202979N00144298EA0157503180
B1234014202974N00144293EA0157503179
B1234024202970N00144289EA0157503177
B1234034202966N00144284EA0157503175
B1234044202962N00144279EA0157503171
B1234054202958N00144274EA0157503166
B1234064202952N00144267EA0157503161
B1234074202947N00144261EA0157503156
B1234084202941N00144254EA0157503154
B1234094202937N00144248EA0157503153
B1234104202933N00144242EA0157503153
B1234114202929N00144237EA0157503151
B1234124202925N00144231EA0157503148
B1234134202920N00144225EA0157503144
B1234144202914N00144218EA0157503140
B1234154202909N00144211EA0157503137
B1234164202903N00144205EA0157503135
B1234174202898N00144199EA0157503133
B1234184202893N00144193EA0157503133
B1234194202888N00144189EA0157503131
B1234204202883N00144184EA0157503129
B1234214202878N00144179EA0157503125
B1234224202873N00144173EA0157503122
B1234234202867N00144167EA0157503119
B1234244202862N00144162EA0157503116
B1234254202857N00144156EA0157503113
B1234264202852N00144151EA0157503110
B1234274202847N00144145EA0157503106
B1234284202842N00144140EA0157503103
B1234294202837N00144135EA0157503100
B1234304202832N00144129EA0157503097
B1234314202828N00144123EA0157503094
B1234324202823N00144118EA0157503090
B1234334202817N00144113EA0157503086
B1234344202812N00144108EA0157503082
B1234354202807N00144102EA0157503078
B1234364202801N00144096EA0157503075
B1234374202795N00144091EA0157503072
B1234384202789N00144085EA0157503067
B1234394202782N00144079EA0157503061
B1234404202775N00144072EA0157503057
B1234414202769N00144065EA0157503053
B1234424202762N00144057EA0157503049
B1234434202756N00144051EA0157503046
B1234444202751N00144044EA0157503042
B1234454202745N00144038EA0157503039
B1234464202738N00144032EA0157503035
B1234474202732N00144026EA0157503031
B1234484202726N00144020EA0157503027
B1234494202720N00144014EA0157503024
B1234504202714N00144008EA0157503021
B1234514202707N00144001EA0157503019
B1234524202701N00143995EA0157503017
B1234534202695N00143988EA0157503016
B1234544202690N00143982EA0157503015
B1234554202685N00143976EA0157503013
B1234564202679N00143970EA0157503012
B1234574202674N00143964EA0157503009
B1234584202668N00143959EA0157503007
B1234594202662N00143953EA0157503003
B1235004202656N00143947EA0157503000
B1235014202650N00143941EA0157502997
B1235024202644N00143936EA0157502995
B1235034202637N00143933EA0157502993
B1235044202630N00143930EA0157502992
B1235054202625N00143927EA0157502991
B1235064202621N00143922EA0157502991
B1235074202618N00143917EA0157502990
B1235084202614N00143911EA0157502988
B1235094202609N00143906EA0157502985
B1235104202604N00143900EA0157502981
B1235114202599N00143894EA0157502977
B1235124202593N00143887EA0157502974
B1235134202587N00143881EA0157502972
B1235144202581N00143874EA0157502970
B1235154202576N00143868EA0157502970
B1235164202571N00143862EA0157502970
B1235174202566N00143857EA0157502970
B1235184202559N00143851EA0157502968
B1235194202553N00143846EA0157502966
B1235204202545N00143840EA0157502964
B1235214202538N00143833EA0157502963
B1235224202531N00143826EA0157502962
B1235234202524N00143818EA0157502962
B1235244202518N00143811EA0157502962
B1235254202511N00143803EA0157502962
B1235264202504N00143796EA0157502962
B1235274202497N00143789EA0157502961
B1235284202491N00143781EA0157502961
B1235294202484N00143773EA0157502961
B1235304202478N00143765EA0157502962
B1235314202471N00143758EA0157502961
B1235324202464N00143751EA0157502961
B1235334202458N00143744EA0157502959
B1235344202452N00143738EA0157502958
B1235354202445N00143731EA0157502956
B1235364202438N00143724EA0157502954
B1235374202430N00143718EA0157502952
B1235384202423N00143711EA0157502952
B1235394202416N00143704EA0157502953
B1235404202409N00143696EA0157502954
B1235414202404N00143689EA0157502955
B1235424202398N00143683EA0157502956
B1235434202392N00143678EA0157502956
B1235444202385N00143673EA0157502954
B1235454202378N00143667EA0157502953
B1235464202371N00143661EA0157502951
B1235474202364N00143654EA0157502951
B1235484202358N00143648EA0157502951
B1235494202352N00143641EA0157502951
B1235504202346N00143635EA0157502950
B1235514202340N00143629EA0157502949
B1235524202333N00143623EA0157502947
B1235534202326N00143617EA0157502945
B1235544202319N00143611EA0157502943
B1235554202312N00143605EA0157502943
B1235564202305N00143599EA0157502943
B1235574202300N00143592EA0157502943
B1235584202294N00143586EA0157502943
B1235594202287N00143580EA0157502942
B1236004202280N00143574EA0157502941
B1236014202273N00143568EA0157502939
B1236024202265N00143562EA0157502938
B1236034202258N00143556EA0157502937
B1236044202251N00143550EA0157502937
B1236054202244N00143544EA0157502936
B1236064202237N00143538EA0157502935
B1236074202229N00143533EA0157502934
B1236084202221N00143528EA0157502933
B1236094202214N00143523EA0157502932
B1236104202206N00143517EA0157502931
B1236114202199N00143512EA0157502930
B1236124202192N00143506EA0157502929
B1236134202185N00143501EA0157502929
B1236144202179N00143495EA0157502927
B1236154202173N00143491EA0157502926
B1236164202166N00143486EA0157502924
B1236174202159N00143481EA0157502921
B1236184202152N00143476EA0157502917
B1236194202145N00143470EA0157502914
B1236204202138N00143465EA0157502911
B1236214202131N00143461EA0157502909
B1236224202125N00143456EA0157502908
B1236234202119N00143451EA0157502906
B1236244202113N00143445EA0157502903
B1236254202107N00143440EA0157502900
B1236264202100N00143435EA0157502897
B1236274202094N00143429EA0157502894
B1236284202087N00143424EA0157502891
B1236294202080N00143419EA0157502888
B1236304202074N00143415EA0157502885
B1236314202068N00143410EA0157502882
B1236324202062N00143406EA0157502879
B1236334202055N00143401EA0157502876
B1236344202048N00143397EA0157502872
B1236354202042N00143393EA0157502869
B1236364202035N00143389EA0157502865
B1236374202028N00143385EA0157502863
B1236384202021N00143382EA0157502860
B1236394202014N00143378EA0157502858
B1236404202008N00143374EA0157502856
B1236414202001N00143370EA0157502854
B1236424201995N00143366EA0157502852
B1236434201988N00143362EA0157502850
B1236444201982N00143359EA0157502848
B1236454201975N00143355EA0157502846
B1236464201969N00143352EA0157502844
B1236474201963N00143349EA0157502842
B1236484201957N00143347EA0157502841
B1236494201952N00143343EA0157502839
B1236504201946N00143340EA0157502837
B1236514201940N00143337EA0157502835
B1236524201934N00143334EA0157502832
B1236534201927N00143331EA0157502830
B1236544201921N00143329EA0157502827
B1236554201915N00143326EA0157502824
B1236564201909N00143323EA0157502822
B1236574201902N00143320EA0157502819
B1236584201896N00143317EA0157502816
B1236594201889N00143314EA0157502813
B1237004201883N00143311EA0157502811
B1237014201876N00143308EA0157502809
B1237024201870N00143304EA0157502806
B1237034201864N00143301EA0157502804
B1237044201858N00143298EA0157502801
B1237054201851N00143295EA0157502798
B1237064201844N00143291EA0157502794
B1237074201837N00143288EA0157502792
B1237084201830N00143285EA0157502790
B1237094201824N00143282EA0157502789
B1237104201818N00143279EA0157502787
B1237114201812N00143276EA0157502785
B1237124201806N00143274EA0157502783
B1237134201800N00143272EA0157502781
B1237144201794N00143271EA0157502779
B1237154201788N00143269EA0157502778
B1237164201782N00143268EA0157502778
B1237174201776N00143266EA0157502777
B1237184201771N00143264EA0157502776
B1237194201766N00143262EA0157502774
B1237204201760N00143260EA0157502772
B1237214201755N00143258EA0157502771
B1237224201749N00143256EA0157502769
B1237234201744N00143254EA0157502767
B1237244201739N00143253EA0157502765
B1237254201733N00143251EA0157502762
B1237264201727N00143250EA0157502759
B1237274201721N00143247EA0157502756
B1237284201714N00143245EA0157502753
B1237294201708N00143242EA0157502751
B1237304201702N00143241EA0157502750
B1237314201697N00143239EA0157502750
B1237324201691N00143238EA0157502749
B1237334201686N00143236EA0157502747
B1237344201680N00143234EA0157502744
B1237354201674N00143232EA0157502740
B1237364201667N00143230EA0157502736
B1237374201661N00143228EA0157502732
B1237384201654N00143226EA0157502729
B1237394201648N00143225EA0157502726
B1237404201642N00143223EA0157502722
B1237414201635N00143222EA0157502719
B1237424201628N00143220EA0157502715
B1237434201622N00143217EA0157502713
B1237444201615N00143215EA0157502710
B1237454201609N00143213EA0157502707
B1237464201604N00143212EA0157502705
B1237474201598N00143210EA0157502703
B1237484201593N00143208EA0157502701
B1237494201588N00143206EA0157502699
B1237504201583N00143205EA0157502696
B1237514201578N00143203EA0157502693
B1237524201573N00143200EA0157502691
B1237534201567N00143198EA0157502688
B1237544201562N00143196EA0157502685
B1237554201556N00143195EA0157502682
B1237564201551N00143193EA0157502680
B1237574201546N00143190EA0157502677
B1237584201540N00143187EA0157502675
B1237594201534N00143185EA0157502673
B1238004201529N00143182EA0157502673
B1238014201525N00143180EA0157502673
B1238024201520N00143179EA0157502672
B1238034201515N00143178EA0157502671
B1238044201510N00143177EA0157502669
B1238054201504N00143176EA0157502667
B1238064201498N00143174EA0157502667
B1238074201492N00143173EA0157502670
B1238084201487N00143171EA0157502674
B1238094201483N00143170EA0157502682
B1238104201481N00143170EA0157502687
B1238114201479N00143169EA0157502693
B1238124201476N00143167EA0157502695
B1238134201472N00143164EA0157502696
B1238144201468N00143162EA0157502699
B1238154201465N00143163EA0157502703
B1238164201463N00143168EA0157502705
B1238174201462N00143176EA0157502706
B1238184201463N00143184EA0157502708
B1238194201466N00143192EA0157502711
B1238204201471N00143198EA0157502714
B1238214201478N00143201EA0157502716
B1238224201485N00143201EA0157502718
B1238234201492N00143198EA0157502720
B1238244201497N00143192EA0157502722
B1238254201501N00143185EA0157502724
B1238264201502N00143177EA0157502727
B1238274201500N00143170EA0157502729
B1238284201496N00143167EA0157502732
B1238294201493N00143167EA0157502735
B1238304201489N00143171EA0157502738
B1238314201487N00143178EA0157502741
B1238324201487N00143186EA0157502743
B1238334201490N00143194EA0157502745
B1238344201495N00143202EA0157502746
B1238354201502N00143207EA0157502747
B1238364201510N00143208EA0157502749
B1238374201517N00143206EA0157502751
B1238384201522N00143200EA0157502753
B1238394201526N00143194EA0157502755
B1238404201528N00143187EA0157502757
B1238414201528N00143181EA0157502759
B1238424201527N00143175EA0157502762
B1238434201525N00143172EA0157502764
B1238444201522N00143169EA0157502767
B1238454201520N00143167EA0157502769
B1238464201518N00143166EA0157502772
B1238474201514N00143167EA0157502775
B1238484201511N00143171EA0157502777
B1238494201508N00143177EA0157502778
B1238504201506N00143184EA0157502781
B1238514201507N00143193EA0157502783
B1238524201510N00143202EA0157502785
B1238534201515N00143210EA0157502786
B1238544201522N00143215EA0157502787
B1238554201530N00143216EA0157502789
B1238564201536N00143214EA0157502790
B1238574201541N00143209EA0157502792
B1238584201544N00143203EA0157502793
B1238594201545N00143197EA0157502795
B1239004201543N00143191EA0157502796
B1239014201540N00143187EA0157502798
B1239024201536N00143186EA0157502801
B1239034201533N00143189EA0157502805
B1239044201530N00143194EA0157502808
B1239054201529N00143201EA0157502810
B1239064201529N00143210EA0157502810
B1239074201533N00143220EA0157502811
B1239084201539N00143229EA0157502812
B1239094201547N00143234EA0157502813
B1239104201554N00143237EA0157502814
B1239114201561N00143236EA0157502816
B1239124201567N00143233EA0157502817
B1239134201570N00143227EA0157502819
B1239144201571N00143221EA0157502820
B1239154201569N00143216EA0157502821
B1239164201566N00143213EA0157502823
B1239174201563N00143213EA0157502825
B1239184201559N00143215EA0157502828
B1239194201556N00143219EA0157502830
B1239204201554N00143225EA0157502832
B1239214201553N00143232EA0157502834
B1239224201553N00143241EA0157502835
B1239234201555N00143250EA0157502836
B1239244201559N00143259EA0157502836
B1239254201565N00143267EA0157502836
B1239264201572N00143272EA0157502835
B1239274201580N00143273EA0157502835
B1239284201586N00143270EA0157502836
B1239294201590N00143266EA0157502838
B1239304201592N00143261EA0157502839
B1239314201593N00143257EA0157502840
B1239324201593N00143253EA0157502842
B1239334201592N00143249EA0157502844
B1239344201591N00143245EA0157502845
B1239354201589N00143242EA0157502846
B1239364201586N00143240EA0157502847
B1239374201582N00143239EA0157502848
B1239384201578N00143239EA0157502849
B1239394201574N00143239EA0157502851
B1239404201569N00143242EA0157502853
B1239414201566N00143247EA0157502855
B1239424201564N00143254EA0157502857
B1239434201564N00143263EA0157502857
B1239444201564N00143273EA0157502856
B1239454201565N00143283EA0157502857
B1239464201568N00143293EA0157502858
B1239474201571N00143301EA0157502860
B1239484201576N00143306EA0157502862
B1239494201583N00143309EA0157502862
B1239504201589N00143308EA0157502862
B1239514201594N00143305EA0157502862
B1239524201597N00143301EA0157502862
B1239534201598N00143295EA0157502862
B1239544201598N00143290EA0157502862
B1239554201596N00143285EA0157502863
B1239564201593N00143282EA0157502864
B1239574201590N00143281EA0157502865
B1239584201587N00143282EA0157502866
B1239594201583N00143282EA0157502865
B1240004201579N00143282EA0157502865
B1240014201574N00143282EA0157502865
B1240024201570N00143284EA0157502866
B1240034201567N00143288EA0157502866
B1240044201565N00143296EA0157502865
B1240054201565N00143305EA0157502863
B1240064201568N00143314EA0157502861
B1240074201572N00143323EA0157502861
B1240084201578N00143329EA0157502862
B1240094201585N00143331EA0157502862
B1240104201593N00143332EA0157502861
B1240114201602N00143330EA0157502860
B1240124201610N00143327EA0157502859
B1240134201616N00143321EA0157502860
B1240144201621N00143314EA0157502861
B1240154201622N00143306EA0157502861
B1240164201623N00143299EA0157502861
B1240174201621N00143292EA0157502861
B1240184201619N00143287EA0157502861
B1240194201615N00143284EA0157502862
B1240204201612N00143281EA0157502863
B1240214201609N00143278EA0157502864
B1240224201606N00143277EA0157502866
B1240234201603N00143275EA0157502866
B1240244201600N00143273EA0157502865
B1240254201596N00143269EA0157502864
B1240264201593N00143265EA0157502864
B1240274201590N00143261EA0157502864
B1240284201588N00143257EA0157502865
B1240294201585N00143253EA0157502865
B1240304201583N00143248EA0157502865
B1240314201580N00143243EA0157502866
B1240324201578N00143239EA0157502868
B1240334201576N00143235EA0157502870
B1240344201575N00143231EA0157502871
B1240354201575N00143227EA0157502871
B1240364201573N00143222EA0157502870
B1240374201572N00143217EA0157502868
B1240384201569N00143213EA0157502866
B1240394201567N00143209EA0157502865
B1240404201566N00143205EA0157502866
B1240414201564N00143202EA0157502865
B1240424201563N00143198EA0157502864
B1240434201560N00143194EA0157502863
B1240444201557N00143191EA0157502863
B1240454201555N00143188EA0157502864
B1240464201554N00143185EA0157502866
B1240474201553N00143181EA0157502868
B1240484201553N00143177EA0157502869
B1240494201552N00143172EA0157502869
B1240504201551N00143167EA0157502869
B1240514201549N00143160EA0157502869
B1240524201547N00143154EA0157502871
B1240534201546N00143148EA0157502874
B1240544201544N00143143EA0157502878
B1240554201542N00143141EA0157502882
B1240564201540N00143141EA0157502885
B1240574201537N00143145EA0157502887
B1240584201535N00143152EA0157502889
B1240594201537N00143160EA0157502891
B1241004201541N00143168EA0157502894
B1241014201547N00143174EA0157502896
B1241024201555N00143177EA0157502898
B1241034201564N00143177EA0157502900
B1241044201571N00143174EA0157502903
B1241054201577N00143168EA0157502905
B1241064201580N00143161EA0157502907
B1241074201582N00143154EA0157502908
B1241084201582N00143148EA0157502910
B1241094201581N00143144EA0157502913
B1241104201579N00143142EA0157502916
B1241114201576N00143142EA0157502919
B1241124201573N00143147EA0157502920
B1241134201572N00143155EA0157502921
B1241144201573N00143166EA0157502923
B1241154201578N00143176EA0157502926
B1241164201586N00143182EA0157502929
B1241174201595N00143184EA0157502931
B1241184201603N00143182EA0157502933
B1241194201610N00143179EA0157502935
B1241204201615N00143173EA0157502936
B1241214201618N00143167EA0157502937
B1241224201619N00143161EA0157502938
B1241234201618N00143156EA0157502937
B1241244201616N00143152EA0157502938
B1241254201613N00143151EA0157502939
B1241264201610N00143152EA0157502940
B1241274201607N00143154EA0157502942
B1241284201604N00143158EA0157502944
B1241294201603N00143164EA0157502946
B1241304201603N00143172EA0157502948
B1241314201605N00143181EA0157502950
B1241324201611N00143189EA0157502952
B1241334201618N00143194EA0157502955
B1241344201626N00143195EA0157502958
B1241354201633N00143193EA0157502961
B1241364201638N00143188EA0157502963
B1241374201642N00143182EA0157502963
B1241384201643N00143176EA0157502964
B1241394201643N00143172EA0157502965
B1241404201641N00143169EA0157502966
B1241414201638N00143169EA0157502965
B1241424201634N00143170EA0157502964
B1241434201630N00143172EA0157502968
B1241444201627N00143176EA0157502971
B1241454201625N00143182EA0157502973
B1241464201625N00143191EA0157502975
B1241474201627N00143200EA0157502977
B1241484201631N00143207EA0157502981
B1241494201637N00143212EA0157502985
B1241504201644N00143214EA0157502986
B1241514201651N00143213EA0157502986
B1241524201658N00143211EA0157502987
B1241534201663N00143206EA0157502989
B1241544201666N00143200EA0157502990
B1241554201666N00143195EA0157502991
B1241564201664N00143192EA0157502992
B1241574201662N00143189EA0157502994
B1241584201659N00143189EA0157502995
B1241594201656N00143190EA0157502996
B1242004201652N00143192EA0157502996
B1242014201649N00143197EA0157502997
B1242024201648N00143204EA0157502999
B1242034201648N00143212EA0157503001
B1242044201651N00143220EA0157503003
B1242054201656N00143227EA0157503003
B1242064201664N00143232EA0157503004
B1242074201671N00143233EA0157503005
B1242084201678N00143230EA0157503006
B1242094201683N00143224EA0157503008
B1242104201686N00143218EA0157503008
B1242114201686N00143211EA0157503008
B1242124201687N00143205EA0157503009
B1242134201686N00143199EA0157503010
B1242144201685N00143194EA0157503011
B1242154201684N00143189EA0157503011
B1242164201681N00143185EA0157503010
B1242174201679N00143180EA0157503010
B1242184201676N00143176EA0157503010
B1242194201674N00143172EA0157503010
B1242204201672N00143168EA0157503010
B1242214201670N00143164EA0157503008
B1242224201667N00143159EA0157503007
B1242234201664N00143155EA0157503006
B1242244201661N00143150EA0157503006
B1242254201658N00143145EA0157503008
B1242264201656N00143141EA0157503010
B1242274201654N00143138EA0157503011
B1242284201653N00143134EA0157503010
B1242294201651N00143128EA0157503009
B1242304201649N00143121EA0157503007
B1242314201648N00143112EA0157503006
B1242324201646N00143106EA0157503008
B1242334201644N00143101EA0157503010
B1242344201642N00143095EA0157503012
B1242354201640N00143089EA0157503012
B1242364201638N00143083EA0157503012
B1242374201636N00143076EA0157503011
B1242384201634N00143068EA0157503009
B1242394201631N00143060EA0157503008
B1242404201628N00143052EA0157503008
B1242414201625N00143045EA0157503008
B1242424201622N00143038EA0157503009
B1242434201620N00143033EA0157503010
B1242444201617N00143027EA0157503011
B1242454201614N00143022EA0157503011
B1242464201612N00143016EA0157503011
B1242474201610N00143009EA0157503012
B1242484201608N00143003EA0157503014
B1242494201606N00142998EA0157503018
B1242504201604N00142993EA0157503022
B1242514201602N00142990EA0157503027
B1242524201600N00142988EA0157503031
B1242534201597N00142988EA0157503034
B1242544201594N00142990EA0157503035
B1242554201590N00142996EA0157503036
B1242564201589N00143003EA0157503038
B1242574201592N00143011EA0157503043
B1242584201598N00143017EA0157503045
B1242594201606N00143020EA0157503046
B1243004201615N00143020EA0157503047
B1243014201622N00143017EA0157503048
B1243024201627N00143010EA0157503050
B1243034201631N00143001EA0157503050
B1243044201633N00142992EA0157503051
B1243054201633N00142985EA0157503055
B1243064201632N00142980EA0157503059
B1243074201630N00142976EA0157503062
B1243084201626N00142975EA0157503063
B1243094201622N00142977EA0157503063
B1243104201619N00142983EA0157503063
B1243114201619N00142991EA0157503063
B1243124201622N00142999EA0157503064
B1243134201630N00143002EA0157503065
B1243144201638N00143000EA0157503065
B1243154201645N00142994EA0157503066
B1243164201650N00142986EA0157503067
B1243174201653N00142977EA0157503069
B1243184201655N00142969EA0157503071
B1243194201655N00142961EA0157503073
B1243204201655N00142953EA0157503075
B1243214201653N00142945EA0157503076
B1243224201651N00142938EA0157503078
B1243234201649N00142931EA0157503079
B1243244201645N00142926EA0157503081
B1243254201641N00142924EA0157503083
B1243264201636N00142926EA0157503085
B1243274201633N00142932EA0157503086
B1243284201632N00142940EA0157503087
B1243294201634N00142949EA0157503089
B1243304201639N00142955EA0157503091
B1243314201645N00142958EA0157503094
B1243324201652N00142958EA0157503096
B1243334201659N00142954EA0157503099
B1243344201664N00142948EA0157503101
B1243354201668N00142939EA0157503102
B1243364201671N00142930EA0157503102
B1243374201671N00142920EA0157503103
B1243384201671N00142910EA0157503105
B1243394201669N00142902EA0157503108
B1243404201667N00142896EA0157503112
B1243414201663N00142892EA0157503115
B1243424201659N00142892EA0157503118
B1243434201655N00142896EA0157503119
B1243444201653N00142902EA0157503120
B1243454201654N00142911EA0157503122
B1243464201659N00142918EA0157503123
B1243474201666N00142922EA0157503124
B1243484201674N00142922EA0157503127
B1243494201680N00142918EA0157503129
B1243504201685N00142911EA0157503131
B1243514201687N00142902EA0157503132
B1243524201687N00142892EA0157503133
B1243534201685N00142884EA0157503134
B1243544201681N00142878EA0157503137
B1243554201677N00142876EA0157503140
B1243564201673N00142877EA0157503144
B1243574201671N00142881EA0157503146
B1243584201670N00142888EA0157503148
B1243594201671N00142896EA0157503149
B1244004201675N00142903EA0157503151
B1244014201681N00142908EA0157503153
B1244024201688N00142910EA0157503155
B1244034201695N00142907EA0157503157
B1244044201701N00142901EA0157503159
B1244054201704N00142892EA0157503159
B1244064201705N00142883EA0157503161
B1244074201705N00142874EA0157503163
B1244084201704N00142866EA0157503166
B1244094201703N00142859EA0157503169
B1244104201702N00142853EA0157503172
B1244114201700N00142847EA0157503175
B1244124201698N00142841EA0157503177
B1244134201697N00142834EA0157503179
B1244144201696N00142828EA0157503181
B1244154201694N00142823EA0157503185
B1244164201692N00142820EA0157503188
B1244174201688N00142820EA0157503191
B1244184201684N00142822EA0157503192
B1244194201681N00142826EA0157503194
B1244204201679N00142832EA0157503196
B1244214201679N00142838EA0157503199
B1244224201681N00142845EA0157503201
B1244234201685N00142852EA0157503202
B1244244201690N00142856EA0157503203
B1244254201698N00142858EA0157503205
B1244264201705N00142856EA0157503207
B1244274201711N00142851EA0157503209
B1244284201715N00142844EA0157503211
B1244294201718N00142836EA0157503213
B1244304201719N00142828EA0157503215
B1244314201718N00142820EA0157503217
B1244324201717N00142814EA0157503219
B1244334201716N00142808EA0157503222
B1244344201714N00142804EA0157503226
B1244354201712N00142801EA0157503229
B1244364201709N00142802EA0157503230
B1244374201706N00142805EA0157503231
B1244384201704N00142811EA0157503231
B1244394201703N00142819EA0157503232
B1244404201705N00142827EA0157503234
B1244414201710N00142834EA0157503236
B1244424201716N00142838EA0157503237
B1244434201724N00142840EA0157503239
B1244444201731N00142838EA0157503241
B1244454201737N00142835EA0157503242
B1244464201743N00142829EA0157503244
B1244474201746N00142821EA0157503245
B1244484201748N00142812EA0157503246
B1244494201748N00142804EA0157503248
B1244504201748N00142797EA0157503250
B1244514201747N00142790EA0157503253
B1244524201746N00142785EA0157503256
B1244534201745N00142779EA0157503258
B1244544201744N00142773EA0157503260
B1244554201743N00142767EA0157503262
B1244564201741N00142761EA0157503263
B1244574201739N00142755EA0157503264
B1244584201737N00142750EA0157503265
B1244594201735N00142744EA0157503267
B1245004201734N00142738EA0157503269
B1245014201733N00142732EA0157503270
B1245024201732N00142727EA0157503271
B1245034201730N00142722EA0157503271
B1245044201729N00142716EA0157503271
B1245054201727N00142710EA0157503270
B1245064201725N00142702EA0157503270
B1245074201722N00142694EA0157503271
B1245084201720N00142686EA0157503272
B1245094201717N00142677EA0157503275
B1245104201714N00142669EA0157503278
B1245114201711N00142662EA0157503281
B1245124201708N00142655EA0157503285
B1245134201704N00142648EA0157503288
B1245144201701N00142641EA0157503290
B1245154201698N00142634EA0157503292
B1245164201695N00142626EA0157503293
B1245174201693N00142618EA0157503294
B1245184201689N00142609EA0157503295
B1245194201686N00142600EA0157503296
B1245204201682N00142592EA0157503298
B1245214201678N00142584EA0157503300
B1245224201675N00142576EA0157503302
B1245234201672N00142568EA0157503304
B1245244201668N00142559EA0157503307
B1245254201666N00142550EA0157503309
B1245264201663N00142541EA0157503311
B1245274201660N00142532EA0157503312
B1245284201659N00142523EA0157503314
B1245294201657N00142514EA0157503315
B1245304201655N00142505EA0157503317
B1245314201654N00142496EA0157503319
B1245324201652N00142488EA0157503321
B1245334201650N00142479EA0157503322
B1245344201648N00142470EA0157503322
B1245354201646N00142461EA0157503322
B1245364201644N00142451EA0157503322
B1245374201643N00142442EA0157503323
B1245384201641N00142432EA0157503324
B1245394201640N00142423EA0157503325
B1245404201638N00142414EA0157503327
B1245414201635N00142406EA0157503329
B1245424201633N00142400EA0157503330
B1245434201630N00142393EA0157503330
B1245444201628N00142386EA0157503329
B1245454201625N00142378EA0157503327
B1245464201622N00142369EA0157503324
B1245474201619N00142361EA0157503322
B1245484201615N00142352EA0157503319
B1245494201612N00142343EA0157503316
B1245504201608N00142334EA0157503313
B1245514201604N00142325EA0157503310
B1245524201601N00142315EA0157503308
B1245534201598N00142305EA0157503305
B1245544201596N00142295EA0157503303
B1245554201593N00142286EA0157503301
B1245564201591N00142276EA0157503298
B1245574201589N00142266EA0157503295
B1245584201586N00142257EA0157503292
B1245594201582N00142247EA0157503288
B1246004201579N00142237EA0157503284
B1246014201575N00142226EA0157503281
B1246024201572N00142217EA0157503277
B1246034201569N00142208EA0157503275
B1246044201565N00142200EA0157503272
B1246054201563N00142192EA0157503269
B1246064201560N00142184EA0157503266
B1246074201557N00142175EA0157503261
B1246084201554N00142166EA0157503256
B1246094201551N00142155EA0157503251
B1246104201549N00142145EA0157503247
B1246114201546N00142135EA0157503244
B1246124201544N00142126EA0157503241
B1246134201541N00142118EA0157503238
B1246144201538N00142109EA0157503234
B1246154201535N00142100EA0157503229
B1246164201532N00142090EA0157503225
B1246174201529N00142081EA0157503220
B1246184201525N00142071EA0157503216
B1246194201522N00142061EA0157503212
B1246204201518N00142050EA0157503208
B1246214201515N00142038EA0157503205
B1246224201511N00142027EA0157503203
B1246234201508N00142016EA0157503203
B1246244201505N00142006EA0157503203
B1246254201502N00141997EA0157503203
B1246264201499N00141989EA0157503202
B1246274201497N00141980EA0157503201
B1246284201495N00141972EA0157503198
B1246294201493N00141962EA0157503194
B1246304201491N00141952EA0157503189
B1246314201488N00141941EA0157503184
B1246324201485N00141931EA0157503180
B1246334201483N00141920EA0157503177
B1246344201480N00141911EA0157503175
B1246354201478N00141902EA0157503174
B1246364201476N00141893EA0157503171
B1246374201475N00141885EA0157503168
B1246384201473N00141875EA0157503165
B1246394201470N00141866EA0157503160
B1246404201468N00141855EA0157503155
B1246414201466N00141844EA0157503151
B1246424201464N00141833EA0157503147
B1246434201462N00141822EA0157503144
B1246444201459N00141811EA0157503142
B1246454201456N00141801EA0157503139
B1246464201453N00141791EA0157503137
B1246474201450N00141781EA0157503135
B1246484201448N00141770EA0157503132
B1246494201445N00141759EA0157503130
B1246504201442N00141749EA0157503128
B1246514201439N00141739EA0157503126
B1246524201435N00141730EA0157503125
B1246534201431N00141720EA0157503123
B1246544201428N00141711EA0157503121
B1246554201425N00141700EA0157503118
B1246564201421N00141690EA0157503115
B1246574201417N00141680EA0157503113
B1246584201414N00141670EA0157503111
B1246594201411N00141660EA0157503109
B1247004201408N00141650EA0157503107
B1247014201404N00141639EA0157503104
B1247024201401N00141628EA0157503101
B1247034201398N00141617EA0157503099
B1247044201395N00141607EA0157503098
B1247054201393N00141597EA0157503097
B1247064201391N00141587EA0157503096
B1247074201388N00141578EA0157503095
B1247084201386N00141568EA0157503095
B1247094201384N00141559EA0157503095
B1247104201381N00141550EA0157503094
B1247114201379N00141540EA0157503095
B1247124201376N00141531EA0157503095
B1247134201373N00141522EA0157503095
B1247144201371N00141513EA0157503096
B1247154201368N00141504EA0157503097
B1247164201366N00141496EA0157503097
B1247174201363N00141487EA0157503097
B1247184201360N00141478EA0157503097
B1247194201357N00141468EA0157503097
B1247204201355N00141457EA0157503097
B1247214201352N00141447EA0157503097
B1247224201349N00141437EA0157503099
B1247234201346N00141428EA0157503101
B1247244201343N00141419EA0157503103
B1247254201340N00141410EA0157503105
B1247264201337N00141401EA0157503106
B1247274201335N00141391EA0157503107
B1247284201332N00141381EA0157503109
B1247294201329N00141372EA0157503112
B1247304201326N00141363EA0157503115
B1247314201324N00141355EA0157503118
B1247324201322N00141345EA0157503120
B1247334201320N00141334EA0157503122
B1247344201318N00141324EA0157503123
B1247354201315N00141314EA0157503125
B1247364201312N00141304EA0157503127
B1247374201309N00141294EA0157503129
B1247384201306N00141284EA0157503131
B1247394201303N00141275EA0157503132
B1247404201300N00141265EA0157503133
B1247414201297N00141256EA0157503135
B1247424201295N00141247EA0157503136
B1247434201292N00141237EA0157503136
B1247444201290N00141227EA0157503136
B1247454201287N00141216EA0157503135
B1247464201284N00141206EA0157503135
B1247474201281N00141195EA0157503136
B1247484201278N00141185EA0157503137
B1247494201276N00141174EA0157503139
B1247504201274N00141164EA0157503142
B1247514201272N00141155EA0157503144
B1247524201270N00141147EA0157503147
B1247534201267N00141138EA0157503148
B1247544201265N00141129EA0157503150
B1247554201262N00141119EA0157503151
B1247564201259N00141109EA0157503152
B1247574201257N00141100EA0157503153
B1247584201254N00141090EA0157503154
B1247594201252N00141081EA0157503156
B1248004201249N00141073EA0157503157
B1248014201247N00141064EA0157503158
B1248024201244N00141055EA0157503159
B1248034201242N00141046EA0157503160
B1248044201240N00141038EA0157503161
B1248054201238N00141029EA0157503162
B1248064201236N00141020EA0157503162
B1248074201234N00141011EA0157503162
B1248084201231N00141002EA0157503162
B1248094201229N00140993EA0157503162
B1248104201227N00140984EA0157503162
B1248114201224N00140975EA0157503161
B1248124201221N00140965EA0157503162
B1248134201219N00140955EA0157503162
B1248144201216N00140945EA0157503164
B1248154201213N00140934EA0157503166
B1248164201211N00140924EA0157503168
B1248174201209N00140913EA0157503171
B1248184201207N00140903EA0157503174
B1248194201204N00140892EA0157503177
B1248204201202N00140882EA0157503180
B1248214201199N00140871EA0157503183
B1248224201197N00140861EA0157503185
B1248234201195N00140850EA0157503187
B1248244201192N00140840EA0157503189
B1248254201190N00140829EA0157503192
B1248264201187N00140818EA0157503194
B1248274201184N00140807EA0157503196
B1248284201182N00140797EA0157503199
B1248294201179N00140787EA0157503201
B1248304201177N00140777EA0157503204
B1248314201174N00140766EA0157503206
B1248324201172N00140756EA0157503209
B1248334201170N00140745EA0157503211
B1248344201168N00140735EA0157503213
B1248354201166N00140724EA0157503215
B1248364201164N00140714EA0157503218
B1248374201162N00140703EA0157503219
B1248384201160N00140692EA0157503220
B1248394201158N00140681EA0157503221
B1248404201156N00140669EA0157503221
B1248414201154N00140658EA0157503221
B1248424201152N00140647EA0157503221
B1248434201150N00140636EA0157503221
B1248444201148N00140624EA0157503221
B1248454201146N00140613EA0157503221
B1248464201144N00140602EA0157503221
B1248474201142N00140591EA0157503221
B1248484201140N00140581EA0157503222
B1248494201138N00140570EA0157503223
B1248504201136N00140560EA0157503224
B1248514201134N00140550EA0157503224
B1248524201133N00140541EA0157503225
B1248534201131N00140532EA0157503225
B1248544201128N00140523EA0157503224
B1248554201126N00140514EA0157503223
B1248564201125N00140504EA0157503222
B1248574201123N00140494EA0157503221
B1248584201121N00140484EA0157503221
B1248594201119N00140475EA0157503223
B1249004201117N00140466EA0157503227
B1249014201115N00140459EA0157503230
B1249024201114N00140451EA0157503231
B1249034201111N00140443EA0157503230
B1249044201109N00140434EA0157503228
B1249054201106N00140425EA0157503226
B1249064201104N00140416EA0157503225
B1249074201102N00140406EA0157503224
B1249084201100N00140397EA0157503222
B1249094201097N00140389EA0157503221
B1249104201095N00140381EA0157503220
B1249114201093N00140373EA0157503218
B1249124201091N00140364EA0157503216
B1249134201089N00140354EA0157503213
B1249144201087N00140344EA0157503210
B1249154201085N00140334EA0157503208
B1249164201082N00140324EA0157503206
B1249174201079N00140315EA0157503205
B1249184201076N00140305EA0157503204
B1249194201073N00140295EA0157503204
B1249204201071N00140286EA0157503205
B1249214201069N00140277EA0157503207
B1249224201066N00140270EA0157503209
B1249234201064N00140263EA0157503211
B1249244201061N00140256EA0157503211
B1249254201059N00140249EA0157503210
B1249264201057N00140240EA0157503208
B1249274201054N00140231EA0157503206
B1249284201052N00140221EA0157503205
B1249294201050N00140212EA0157503205
B1249304201048N00140203EA0157503205
B1249314201045N00140195EA0157503206
B1249324201042N00140187EA0157503206
B1249334201040N00140179EA0157503206
B1249344201037N00140171EA0157503206
B1249354201035N00140162EA0157503205
B1249364201033N00140152EA0157503204
B1249374201031N00140142EA0157503203
B1249384201029N00140133EA0157503203
B1249394201027N00140124EA0157503202
B1249404201025N00140115EA0157503202
B1249414201023N00140106EA0157503201
B1249424201021N00140096EA0157503201
B1249434201019N00140087EA0157503201
B1249444201017N00140079EA0157503203
B1249454201015N00140071EA0157503205
B1249464201013N00140063EA0157503207
B1249474201010N00140056EA0157503207
B1249484201007N00140047EA0157503206
B1249494201004N00140037EA0157503205
B1249504201001N00140028EA0157503205
B1249514200998N00140018EA0157503205
B1249524200996N00140009EA0157503207
B1249534200993N00140001EA0157503209
B1249544200991N00139992EA0157503210
B1249554200988N00139984EA0157503211
B1249564200985N00139975EA0157503211
B1249574200983N00139966EA0157503212
B1249584200980N00139957EA0157503213
B1249594200978N00139948EA0157503214
B1250004200976N00139939EA0157503215
B1250014200973N00139930EA0157503217
B1250024200971N00139921EA0157503218
B1250034200969N00139913EA0157503219
B1250044200966N00139906EA0157503221
B1250054200963N00139900EA0157503223
B1250064200960N00139893EA0157503223
B1250074200958N00139885EA0157503223
B1250084200956N00139876EA0157503222
B1250094200954N00139867EA0157503222
B1250104200951N00139858EA0157503223
B1250114200948N00139849EA0157503224
B1250124200945N00139840EA0157503226
B1250134200943N00139832EA0157503228
B1250144200941N00139824EA0157503228
B1250154200939N00139816EA0157503228
B1250164200936N00139806EA0157503226
B1250174200933N00139796EA0157503225
B1250184200930N00139785EA0157503224
B1250194200927N00139773EA0157503224
B1250204200925N00139763EA0157503225
B1250214200923N00139752EA0157503227
B1250224200921N00139741EA0157503228
B1250234200919N00139731EA0157503229
B1250244200917N00139721EA0157503229
B1250254200914N00139710EA0157503229
B1250264200912N00139699EA0157503228
B1250274200909N00139687EA0157503227
B1250284200907N00139676EA0157503228
B1250294200905N00139665EA0157503229
B1250304200903N00139654EA0157503230
B1250314200901N00139643EA0157503231
B1250324200900N00139633EA0157503231
B1250334200898N00139622EA0157503231
B1250344200896N00139611EA0157503231
B1250354200895N00139599EA0157503230
B1250364200893N00139588EA0157503230
B1250374200891N00139576EA0157503231
B1250384200888N00139565EA0157503231
B1250394200886N00139555EA0157503232
B1250404200884N00139544EA0157503233
B1250414200882N00139533EA0157503233
B1250424200880N00139523EA0157503234
B1250434200877N00139512EA0157503234
B1250444200875N00139501EA0157503235
B1250454200874N00139491EA0157503236
B1250464200872N00139481EA0157503237
B1250474200870N00139470EA0157503237
B1250484200869N00139460EA0157503237
B1250494200867N00139449EA0157503237
B1250504200865N00139438EA0157503237
B1250514200863N00139427EA0157503236
B1250524200861N00139415EA0157503235
B1250534200859N00139404EA0157503235
B1250544200858N00139392EA0157503234
B1250554200856N00139381EA0157503235
B1250564200854N00139369EA0157503234
B1250574200853N00139357EA0157503234
B1250584200851N00139345EA0157503234
B1250594200849N00139333EA0157503235
B1251004200847N00139321EA0157503235
B1251014200844N00139310EA0157503237
B1251024200841N00139299EA0157503238
B1251034200838N00139288EA0157503240
B1251044200835N00139277EA0157503240
B1251054200832N00139266EA0157503241
B1251064200829N00139256EA0157503240
B1251074200825N00139245EA0157503240
B1251084200822N00139233EA0157503239
B1251094200819N00139222EA0157503238
B1251104200816N00139211EA0157503238
B1251114200813N00139200EA0157503239
B1251124200810N00139189EA0157503239
B1251134200808N00139178EA0157503240
B1251144200806N00139167EA0157503240
B1251154200803N00139156EA0157503239
B1251164200801N00139146EA0157503239
B1251174200798N00139135EA0157503239
B1251184200796N00139125EA0157503239
B1251194200795N00139115EA0157503239
B1251204200793N00139106EA0157503240
B1251214200791N00139098EA0157503241
B1251224200789N00139090EA0157503241
B1251234200788N00139081EA0157503242
B1251244200787N00139073EA0157503242
B1251254200787N00139064EA0157503242
B1251264200786N00139056EA0157503241
B1251274200785N00139047EA0157503240
B1251284200784N00139037EA0157503237
B1251294200782N00139026EA0157503234
B1251304200780N00139015EA0157503232
B1251314200777N00139004EA0157503231
B1251324200775N00138993EA0157503232
B1251334200774N00138982EA0157503234
B1251344200772N00138973EA0157503236
B1251354200770N00138963EA0157503236
B1251364200768N00138953EA0157503236
B1251374200767N00138942EA0157503235
B1251384200766N00138931EA0157503235
B1251394200764N00138919EA0157503234
B1251404200763N00138909EA0157503235
B1251414200761N00138899EA0157503235
B1251424200760N00138888EA0157503235
B1251434200759N00138878EA0157503234
B1251444200757N00138867EA0157503234
B1251454200756N00138856EA0157503233
B1251464200753N00138845EA0157503232
B1251474200751N00138833EA0157503231
B1251484200749N00138821EA0157503230
B1251494200748N00138809EA0157503230
B1251504200746N00138797EA0157503230
B1251514200744N00138786EA0157503231
B1251524200742N00138775EA0157503232
B1251534200741N00138764EA0157503232
B1251544200739N00138753EA0157503232
B1251554200737N00138742EA0157503230
B1251564200734N00138731EA0157503229
B1251574200732N00138720EA0157503228
B1251584200730N00138708EA0157503228
B1251594200728N00138696EA0157503229
B1252004200726N00138685EA0157503231
B1252014200725N00138674EA0157503232
B1252024200723N00138664EA0157503232
B1252034200721N00138654EA0157503231
B1252044200718N00138642EA0157503228
B1252054200716N00138630EA0157503225
B1252064200715N00138617EA0157503222
B1252074200715N00138604EA0157503218
B1252084200713N00138590EA0157503214
B1252094200711N00138575EA0157503210
B1252104200709N00138561EA0157503205
B1252114200707N00138546EA0157503201
B1252124200705N00138531EA0157503197
B1252134200703N00138517EA0157503193
B1252144200700N00138502EA0157503188
B1252154200696N00138486EA0157503183
B1252164200692N00138471EA0157503178
B1252174200689N00138455EA0157503174
B1252184200686N00138439EA0157503171
B1252194200683N00138424EA0157503169
B1252204200679N00138409EA0157503166
B1252214200676N00138394EA0157503164
B1252224200672N00138380EA0157503162
B1252234200670N00138366EA0157503160
B1252244200667N00138352EA0157503157
B1252254200663N00138337EA0157503154
B1252264200659N00138322EA0157503151
B1252274200656N00138307EA0157503149
B1252284200653N00138293EA0157503147
B1252294200649N00138279EA0157503146
B1252304200646N00138265EA0157503145
B1252314200642N00138252EA0157503144
B1252324200639N00138238EA0157503142
B1252334200636N00138225EA0157503141
B1252344200634N00138212EA0157503139
B1252354200631N00138199EA0157503137
B1252364200628N00138186EA0157503134
B1252374200624N00138172EA0157503132
B1252384200620N00138159EA0157503130
B1252394200617N00138146EA0157503129
B1252404200615N00138133EA0157503129
B1252414200612N00138121EA0157503129
B1252424200609N00138108EA0157503129
B1252434200606N00138095EA0157503128
B1252444200604N00138083EA0157503128
B1252454200602N00138070EA0157503128
B1252464200600N00138057EA0157503127
B1252474200597N00138045EA0157503127
B1252484200594N00138033EA0157503126
B1252494200591N00138021EA0157503126
B1252504200589N00138009EA0157503124
B1252514200587N00137997EA0157503123
B1252524200585N00137984EA0157503121
B1252534200583N00137971EA0157503120
B1252544200582N00137958EA0157503119
B1252554200580N00137946EA0157503118
B1252564200578N00137933EA0157503117
B1252574200576N00137920EA0157503117
B1252584200575N00137908EA0157503116
B1252594200573N00137895EA0157503116
B1253004200572N00137882EA0157503116
B1253014200570N00137870EA0157503115
B1253024200568N00137858EA0157503114
B1253034200566N00137845EA0157503113
B1253044200564N00137832EA0157503111
B1253054200563N00137819EA0157503110
B1253064200560N00137806EA0157503109
B1253074200558N00137793EA0157503108
B1253084200556N00137780EA0157503107
B1253094200553N00137768EA0157503107
B1253104200550N00137755EA0157503107
B1253114200548N00137743EA0157503105
B1253124200545N00137729EA0157503104
B1253134200544N00137715EA0157503102
B1253144200542N00137701EA0157503101
B1253154200540N00137688EA0157503100
B1253164200538N00137674EA0157503099
B1253174200536N00137661EA0157503099
B1253184200534N00137648EA0157503098
B1253194200532N00137635EA0157503097
B1253204200530N00137622EA0157503095
B1253214200527N00137609EA0157503093
B1253224200525N00137595EA0157503091
B1253234200523N00137581EA0157503090
B1253244200520N00137567EA0157503088
B1253254200519N00137554EA0157503087
B1253264200516N00137540EA0157503086
B1253274200514N00137526EA0157503085
B1253284200511N00137513EA0157503083
B1253294200507N00137499EA0157503081
B1253304200504N00137485EA0157503079
B1253314200500N00137471EA0157503076
B1253324200497N00137457EA0157503074
B1253334200493N00137443EA0157503072
B1253344200490N00137430EA0157503071
B1253354200488N00137417EA0157503069
B1253364200485N00137404EA0157503067
B1253374200483N00137391EA0157503064
B1253384200480N00137377EA0157503061
B1253394200477N00137364EA0157503057
B1253404200474N00137350EA0157503055
B1253414200471N00137336EA0157503054
B1253424200470N00137324EA0157503055
B1253434200469N00137313EA0157503055
B1253444200468N00137302EA0157503054
B1253454200466N00137291EA0157503052
B1253464200463N00137279EA0157503049
B1253474200460N00137267EA0157503045
B1253484200457N00137254EA0157503041
B1253494200455N00137241EA0157503037
B1253504200453N00137227EA0157503033
B1253514200451N00137213EA0157503030
B1253524200450N00137199EA0157503027
B1253534200448N00137185EA0157503024
B1253544200445N00137171EA0157503021
B1253554200442N00137158EA0157503018
B1253564200440N00137145EA0157503016
B1253574200438N00137132EA0157503013
B1253584200436N00137119EA0157503010
B1253594200433N00137106EA0157503006
B1254004200431N00137093EA0157503003
B1254014200428N00137080EA0157502999
B1254024200426N00137067EA0157502996
B1254034200424N00137055EA0157502993
B1254044200422N00137043EA0157502990
B1254054200419N00137031EA0157502986
B1254064200417N00137019EA0157502981
B1254074200415N00137007EA0157502975
B1254084200413N00136994EA0157502969
B1254094200411N00136981EA0157502964
B1254104200408N00136967EA0157502960
B1254114200406N00136954EA0157502956
B1254124200404N00136941EA0157502953
B1254134200401N00136929EA0157502950
B1254144200399N00136915EA0157502946
B1254154200396N00136902EA0157502942
B1254164200394N00136888EA0157502938
B1254174200393N00136874EA0157502935
B1254184200391N00136861EA0157502932
B1254194200389N00136847EA0157502929
B1254204200387N00136834EA0157502927
B1254214200386N00136822EA0157502924
B1254224200384N00136809EA0157502921
B1254234200383N00136797EA0157502918
B1254244200381N00136784EA0157502913
B1254254200379N00136771EA0157502909
B1254264200377N00136758EA0157502905
B1254274200376N00136745EA0157502902
B1254284200374N00136733EA0157502900
B1254294200372N00136722EA0157502897
B1254304200370N00136710EA0157502894
B1254314200368N00136698EA0157502890
B1254324200366N00136686EA0157502885
B1254334200364N00136673EA0157502880
B1254344200362N00136661EA0157502876
B1254354200360N00136648EA0157502871
B1254364200359N00136636EA0157502868
B1254374200358N00136624EA0157502865
B1254384200357N00136613EA0157502862
B1254394200355N00136602EA0157502858
B1254404200353N00136591EA0157502853
B1254414200351N00136578EA0157502848
B1254424200350N00136565EA0157502843
B1254434200349N00136553EA0157502839
B1254444200347N00136541EA0157502836
B1254454200346N00136529EA0157502833
B1254464200345N00136518EA0157502831
B1254474200344N00136507EA0157502828
B1254484200342N00136496EA0157502825
B1254494200341N00136484EA0157502820
B1254504200339N00136472EA0157502814
B1254514200336N00136459EA0157502808
B1254524200335N00136445EA0157502802
B1254534200333N00136432EA0157502798
B1254544200332N00136419EA0157502795
B1254554200330N00136407EA0157502792
B1254564200329N00136395EA0157502789
B1254574200328N00136383EA0157502785
B1254584200327N00136371EA0157502781
B1254594200325N00136358EA0157502776
B1255004200324N00136346EA0157502772
B1255014200323N00136333EA0157502767
B1255024200322N00136321EA0157502763
B1255034200321N00136309EA0157502760
B1255044200321N00136298EA0157502757
B1255054200319N00136287EA0157502753
B1255064200317N00136275EA0157502749
B1255074200316N00136263EA0157502744
B1255084200314N00136250EA0157502739
B1255094200313N00136237EA0157502735
B1255104200312N00136224EA0157502730
B1255114200310N00136211EA0157502726
B1255124200308N00136198EA0157502723
B1255134200307N00136185EA0157502719
B1255144200305N00136173EA0157502716
B1255154200304N00136161EA0157502714
B1255164200302N00136149EA0157502710
B1255174200301N00136137EA0157502707
B1255184200299N00136124EA0157502702
B1255194200298N00136111EA0157502698
B1255204200297N00136097EA0157502694
B1255214200295N00136084EA0157502690
B1255224200293N00136071EA0157502687
B1255234200291N00136057EA0157502684
B1255244200289N00136044EA0157502681
B1255254200288N00136030EA0157502679
B1255264200287N00136016EA0157502676
B1255274200285N00136003EA0157502674
B1255284200284N00135989EA0157502672
B1255294200282N00135975EA0157502670
B1255304200281N00135961EA0157502668
B1255314200280N00135947EA0157502665
B1255324200279N00135933EA0157502662
B1255334200277N00135919EA0157502659
B1255344200276N00135906EA0157502657
B1255354200275N00135894EA0157502655
B1255364200274N00135883EA0157502654
B1255374200273N00135871EA0157502652
B1255384200272N00135860EA0157502648
B1255394200270N00135847EA0157502644
B1255404200269N00135835EA0157502640
B1255414200268N00135822EA0157502637
B1255424200267N00135809EA0157502634
B1255434200266N00135797EA0157502632
B1255444200265N00135786EA0157502629
B1255454200264N00135775EA0157502627
B1255464200263N00135764EA0157502625
B1255474200262N00135753EA0157502622
B1255484200261N00135742EA0157502619
B1255494200260N00135731EA0157502616
B1255504200259N00135720EA0157502613
B1255514200258N00135709EA0157502612
B1255524200257N00135699EA0157502610
B1255534200256N00135689EA0157502609
B1255544200255N00135681EA0157502608
B1255554200254N00135672EA0157502607
B1255564200254N00135664EA0157502605
B1255574200253N00135655EA0157502602
B1255584200252N00135646EA0157502599
B1255594200251N00135637EA0157502596
B1256004200250N00135628EA0157502593
B1256014200249N00135618EA0157502590
B1256024200248N00135609EA0157502586
B1256034200247N00135599EA0157502583
B1256044200246N00135590EA0157502579
B1256054200245N00135580EA0157502576
B1256064200245N00135570EA0157502573
B1256074200244N00135561EA0157502571
B1256084200242N00135551EA0157502568
B1256094200241N00135542EA0157502566
B1256104200240N00135533EA0157502563
B1256114200239N00135524EA0157502560
B1256124200237N00135515EA0157502556
B1256134200235N00135505EA0157502552
B1256144200234N00135495EA0157502548
B1256154200232N00135485EA0157502545
B1256164200230N00135475EA0157502542
B1256174200229N00135466EA0157502540
B1256184200229N00135457EA0157502539
B1256194200228N00135447EA0157502536
B1256204200227N00135437EA0157502533
B1256214200226N00135427EA0157502529
B1256224200225N00135417EA0157502525
B1256234200224N00135407EA0157502521
B1256244200224N00135396EA0157502517
B1256254200223N00135386EA0157502514
B1256264200222N00135376EA0157502511
B1256274200220N00135366EA0157502507
B1256284200219N00135356EA0157502503
B1256294200217N00135347EA0157502500
B1256304200216N00135337EA0157502496
B1256314200215N00135327EA0157502493
B1256324200213N00135318EA0157502489
B1256334200212N00135308EA0157502485
B1256344200210N00135298EA0157502482
B1256354200209N00135288EA0157502477
B1256364200207N00135279EA0157502473
B1256374200206N00135269EA0157502469
B1256384200205N00135259EA0157502466
B1256394200205N00135250EA0157502462
B1256404200204N00135241EA0157502458
B1256414200203N00135232EA0157502454
B1256424200202N00135223EA0157502451
B1256434200201N00135214EA0157502449
B1256444200200N00135207EA0157502447
B1256454200199N00135199EA0157502445
B1256464200198N00135192EA0157502443
B1256474200198N00135184EA0157502439
B1256484200197N00135176EA0157502434
B1256494200196N00135167EA0157502428
B1256504200195N00135157EA0157502422
B1256514200194N00135147EA0157502416
B1256524200193N00135137EA0157502411
B1256534200192N00135127EA0157502407
B1256544200191N00135117EA0157502404
B1256554200190N00135108EA0157502401
B1256564200189N00135099EA0157502398
B1256574200188N00135091EA0157502394
B1256584200186N00135082EA0157502389
B1256594200185N00135073EA0157502384
B1257004200184N00135063EA0157502380
B1257014200182N00135054EA0157502375
B1257024200180N00135046EA0157502371
B1257034200179N00135037EA0157502367
B1257044200178N00135028EA0157502363
B1257054200177N00135019EA0157502358
B1257064200176N00135010EA0157502353
B1257074200175N00135000EA0157502348
B1257084200174N00134990EA0157502343
B1257094200174N00134980EA0157502338
B1257104200175N00134969EA0157502335
B1257114200175N00134958EA0157502331
B1257124200174N00134948EA0157502327
B1257134200173N00134938EA0157502324
B1257144200172N00134929EA0157502320
B1257154200171N00134919EA0157502316
B1257164200170N00134909EA0157502311
B1257174200169N00134899EA0157502306
B1257184200167N00134890EA0157502301
B1257194200166N00134880EA0157502297
B1257204200165N00134869EA0157502292
B1257214200163N00134857EA0157502288
B1257224200161N00134845EA0157502284
B1257234200159N00134833EA0157502282
B1257244200157N00134821EA0157502281
B1257254200155N00134810EA0157502281
B1257264200153N00134800EA0157502280
B1257274200150N00134790EA0157502278
B1257284200148N00134779EA0157502275
B1257294200147N00134768EA0157502273
B1257304200146N00134757EA0157502272
B1257314200145N00134746EA0157502272
B1257324200145N00134735EA0157502273
B1257334200144N00134725EA0157502273
B1257344200143N00134714EA0157502272
B1257354200143N00134703EA0157502271
B1257364200143N00134692EA0157502272
B1257374200142N00134681EA0157502274
B1257384200142N00134670EA0157502276
B1257394200142N00134659EA0157502277
B1257404200142N00134648EA0157502279
B1257414200142N00134637EA0157502282
B1257424200142N00134626EA0157502286
B1257434200142N00134616EA0157502289
B1257444200142N00134607EA0157502291
B1257454200141N00134597EA0157502292
B1257464200140N00134586EA0157502293
B1257474200139N00134575EA0157502293
B1257484200139N00134564EA0157502294
B1257494200138N00134552EA0157502295
B1257504200137N00134541EA0157502297
B1257514200136N00134530EA0157502300
B1257524200134N00134520EA0157502303
B1257534200135N00134511EA0157502307
B1257544200137N00134503EA0157502310
B1257554200138N00134495EA0157502312
B1257564200138N00134487EA0157502311
B1257574200137N00134477EA0157502309
B1257584200137N00134466EA0157502307
B1257594200138N00134455EA0157502306
B1258004200139N00134445EA0157502306
B1258014200139N00134434EA0157502305
B1258024200137N00134423EA0157502304
B1258034200135N00134411EA0157502302
B1258044200134N00134400EA0157502301
B1258054200135N00134387EA0157502301
B1258064200136N00134375EA0157502301
B1258074200136N00134363EA0157502301
B1258084200134N00134351EA0157502301
B1258094200131N00134340EA0157502299
B1258104200129N00134327EA0157502298
B1258114200128N00134314EA0157502297
B1258124200127N00134302EA0157502295
B1258134200126N00134289EA0157502294
B1258144200124N00134277EA0157502293
B1258154200122N00134265EA0157502293
B1258164200122N00134254EA0157502295
B1258174200121N00134243EA0157502297
B1258184200121N00134233EA0157502299
B1258194200120N00134223EA0157502301
B1258204200119N00134212EA0157502302
B1258214200118N00134201EA0157502304
B1258224200117N00134190EA0157502305
B1258234200116N00134179EA0157502307
B1258244200115N00134170EA0157502308
B1258254200113N00134160EA0157502310
B1258264200112N00134150EA0157502311
B1258274200111N00134140EA0157502312
B1258284200110N00134130EA0157502312
B1258294200109N00134119EA0157502311
B1258304200107N00134109EA0157502309
B1258314200104N00134098EA0157502306
B1258324200103N00134088EA0157502302
B1258334200102N00134078EA0157502298
B1258344200101N00134067EA0157502295
B1258354200101N00134056EA0157502293
B1258364200099N00134046EA0157502292
B1258374200097N00134036EA0157502290
B1258384200095N00134026EA0157502288
B1258394200093N00134015EA0157502286
B1258404200092N00134003EA0157502284
B1258414200090N00133991EA0157502284
B1258424200087N00133980EA0157502284
B1258434200085N00133969EA0157502284
B1258444200083N00133957EA0157502285
B1258454200082N00133946EA0157502284
B1258464200080N00133933EA0157502284
B1258474200078N00133921EA0157502285
B1258484200076N00133909EA0157502287
B1258494200075N00133898EA0157502289
B1258504200074N00133886EA0157502291
B1258514200072N00133875EA0157502291
B1258524200070N00133863EA0157502291
B1258534200068N00133852EA0157502290
B1258544200066N00133842EA0157502290
B1258554200064N00133831EA0157502288
B1258564200063N00133820EA0157502285
B1258574200061N00133808EA0157502281
B1258584200059N00133796EA0157502276
B1258594200056N00133782EA0157502271
B1259004200054N00133769EA0157502267
B1259014200051N00133756EA0157502263
B1259024200048N00133743EA0157502262
B1259034200045N00133730EA0157502261
B1259044200043N00133717EA0157502260
B1259054200042N00133704EA0157502259
B1259064200040N00133691EA0157502257
B1259074200038N00133678EA0157502255
B1259084200036N00133665EA0157502254
B1259094200035N00133652EA0157502253
B1259104200034N00133639EA0157502252
B1259114200030N00133626EA0157502251
B1259124200026N00133615EA0157502250
B1259134200021N00133604EA0157502251
B1259144200018N00133594EA0157502253
B1259154200017N00133583EA0157502256
B1259164200016N00133573EA0157502258
B1259174200014N00133564EA0157502259
B1259184200011N00133556EA0157502259
B1259194200008N00133547EA0157502258
B1259204200006N00133538EA0157502258
B1259214200003N00133529EA0157502256
B1259224200000N00133520EA0157502254
B1259234159997N00133511EA0157502252
B1259244159995N00133501EA0157502250
B1259254159994N00133491EA0157502247
B1259264159992N00133480EA0157502244
B1259274159990N00133470EA0157502241
B1259284159987N00133459EA0157502238
B1259294159985N00133448EA0157502235
B1259304159984N00133438EA0157502233
B1259314159982N00133427EA0157502230
B1259324159980N00133417EA0157502227
B1259334159977N00133406EA0157502223
B1259344159974N00133394EA0157502219
B1259354159972N00133383EA0157502215
B1259364159969N00133371EA0157502211
B1259374159966N00133360EA0157502207
B1259384159964N00133348EA0157502204
B1259394159963N00133336EA0157502201
B1259404159961N00133325EA0157502198
B1259414159959N00133314EA0157502195
B1259424159957N00133303EA0157502194
B1259434159954N00133293EA0157502194
B1259444159951N00133283EA0157502193
B1259454159948N00133273EA0157502192
B1259464159944N00133263EA0157502189
B1259474159941N00133253EA0157502187
B1259484159939N00133242EA0157502185
B1259494159936N00133231EA0157502182
B1259504159932N00133221EA0157502180
B1259514159929N00133210EA0157502179
B1259524159926N00133200EA0157502177
B1259534159923N00133189EA0157502176
B1259544159920N00133180EA0157502175
B1259554159916N00133170EA0157502173
B1259564159913N00133159EA0157502170
B1259574159911N00133149EA0157502168
B1259584159909N00133138EA0157502166
B1259594159907N00133129EA0157502165
B1300004159906N00133120EA0157502164
B1300014159904N00133112EA0157502163
B1300024159902N00133103EA0157502160
B1300034159899N00133093EA0157502157
B1300044159897N00133084EA0157502155
B1300054159896N00133074EA0157502154
B1300064159895N00133064EA0157502154
B1300074159893N00133055EA0157502154
B1300084159891N00133046EA0157502153
B1300094159887N00133037EA0157502151
B1300104159884N00133027EA0157502148
B1300114159882N00133016EA0157502147
B1300124159880N00133007EA0157502148
B1300134159878N00132998EA0157502148
B1300144159876N00132990EA0157502148
B1300154159874N00132982EA0157502147
B1300164159872N00132973EA0157502144
B1300174159869N00132962EA0157502141
B1300184159866N00132952EA0157502139
B1300194159863N00132943EA0157502139
B1300204159861N00132935EA0157502140
B1300214159860N00132928EA0157502141
B1300224159859N00132920EA0157502141
B1300234159857N00132911EA0157502140
B1300244159856N00132902EA0157502138
B1300254159855N00132892EA0157502137
B1300264159856N00132882EA0157502136
B1300274159856N00132872EA0157502136
B1300284159855N00132863EA0157502136
B1300294159852N00132854EA0157502135
B1300304159849N00132845EA0157502133
B1300314159846N00132836EA0157502133
B1300324159844N00132827EA0157502132
B1300334159842N00132818EA0157502132
B1300344159839N00132809EA0157502131
B1300354159837N00132799EA0157502130
B1300364159835N00132789EA0157502128
B1300374159833N00132780EA0157502127
B1300384159831N00132770EA0157502127
B1300394159829N00132762EA0157502126
B1300404159826N00132754EA0157502126
B1300414159824N00132746EA0157502125
B1300424159822N00132737EA0157502124
B1300434159820N00132728EA0157502122
B1300444159819N00132718EA0157502121
B1300454159817N00132709EA0157502120
B1300464159815N00132700EA0157502119
B1300474159812N00132691EA0157502119
B1300484159810N00132682EA0157502119
B1300494159808N00132674EA0157502119
B1300504159805N00132666EA0157502118
B1300514159803N00132657EA0157502117
B1300524159801N00132647EA0157502115
B1300534159799N00132637EA0157502115
B1300544159796N00132628EA0157502114
B1300554159793N00132619EA0157502113
B1300564159790N00132609EA0157502112
B1300574159786N00132600EA0157502111
B1300584159783N00132590EA0157502111
B1300594159781N00132579EA0157502112
B1301004159779N00132570EA0157502116
B1301014159775N00132562EA0157502119
B1301024159772N00132555EA0157502122
B1301034159769N00132546EA0157502124
B1301044159766N00132538EA0157502126
B1301054159762N00132530EA0157502128
B1301064159758N00132522EA0157502129
B1301074159754N00132514EA0157502130
B1301084159750N00132505EA0157502130
B1301094159746N00132495EA0157502129
B1301104159741N00132484EA0157502129
B1301114159737N00132474EA0157502129
B1301124159734N00132463EA0157502130
B1301134159730N00132453EA0157502131
B1301144159726N00132444EA0157502132
B1301154159722N00132434EA0157502130
B1301164159718N00132423EA0157502128
B1301174159714N00132411EA0157502126
B1301184159709N00132400EA0157502124
B1301194159705N00132388EA0157502123
B1301204159701N00132376EA0157502122
B1301214159698N00132364EA0157502121
B1301224159695N00132352EA0157502120
B1301234159693N00132341EA0157502120
B1301244159690N00132330EA0157502121
B1301254159689N00132322EA0157502121
B1301264159690N00132314EA0157502121
B1301274159690N00132306EA0157502120
B1301284159691N00132298EA0157502117
B1301294159691N00132289EA0157502114
B1301304159690N00132279EA0157502111
B1301314159689N00132269EA0157502111
B1301324159689N00132261EA0157502112
B1301334159689N00132254EA0157502114
B1301344159689N00132247EA0157502114
B1301354159688N00132240EA0157502113
B1301364159687N00132231EA0157502110
B1301374159686N00132221EA0157502107
B1301384159684N00132212EA0157502105
B1301394159683N00132203EA0157502104
B1301404159683N00132195EA0157502104
B1301414159682N00132187EA0157502104
B1301424159682N00132179EA0157502103
B1301434159680N00132171EA0157502101
B1301444159679N00132161EA0157502098
B1301454159677N00132152EA0157502096
B1301464159676N00132142EA0157502094
B1301474159675N00132133EA0157502092
B1301484159673N00132124EA0157502090
B1301494159671N00132114EA0157502088
B1301504159668N00132104EA0157502085
B1301514159665N00132095EA0157502084
B1301524159662N00132086EA0157502084
B1301534159658N00132079EA0157502083
B1301544159655N00132071EA0157502082
B1301554159652N00132062EA0157502081
B1301564159649N00132052EA0157502079
B1301574159646N00132043EA0157502077
B1301584159642N00132035EA0157502076
B1301594159638N00132027EA0157502074
B1302004159634N00132019EA0157502072
B1302014159630N00132010EA0157502070
B1302024159627N00132000EA0157502068
B1302034159623N00131991EA0157502067
B1302044159619N00131984EA0157502068
B1302054159614N00131978EA0157502069
B1302064159610N00131971EA0157502069
B1302074159606N00131964EA0157502067
B1302084159601N00131957EA0157502066
B1302094159596N00131948EA0157502066
B1302104159592N00131940EA0157502067
B1302114159588N00131932EA0157502068
B1302124159585N00131926EA0157502072
B1302134159582N00131921EA0157502074
B1302144159580N00131914EA0157502076
B1302154159578N00131906EA0157502075
B1302164159576N00131897EA0157502073
B1302174159576N00131887EA0157502072
B1302184159574N00131878EA0157502072
B1302194159573N00131869EA0157502074
B1302204159571N00131862EA0157502076
B1302214159569N00131855EA0157502078
B1302224159567N00131846EA0157502078
B1302234159566N00131836EA0157502078
B1302244159566N00131826EA0157502080
B1302254159566N00131816EA0157502083
B1302264159567N00131808EA0157502087
B1302274159568N00131799EA0157502090
B1302284159570N00131791EA0157502093
B1302294159572N00131783EA0157502096
B1302304159575N00131773EA0157502097
B1302314159579N00131764EA0157502099
B1302324159583N00131755EA0157502102
B1302334159586N00131747EA0157502107
B1302344159589N00131739EA0157502113
B1302354159593N00131732EA0157502117
B1302364159597N00131725EA0157502120
B1302374159602N00131718EA0157502124
B1302384159607N00131711EA0157502127
B1302394159613N00131705EA0157502131
B1302404159618N00131699EA0157502135
B1302414159623N00131692EA0157502140
B1302424159628N00131685EA0157502144
B1302434159633N00131678EA0157502147
B1302444159638N00131670EA0157502150
B1302454159642N00131664EA0157502154
B1302464159647N00131658EA0157502157
B1302474159651N00131653EA0157502160
B1302484159656N00131649EA0157502160
B1302494159661N00131644EA0157502160
B1302504159667N00131640EA0157502159
B1302514159673N00131636EA0157502159
B1302524159680N00131635EA0157502159
B1302534159686N00131635EA0157502161
B1302544159691N00131636EA0157502163
B1302554159695N00131635EA0157502164
B1302564159700N00131635EA0157502165
B1302574159706N00131634EA0157502162
B1302584159713N00131634EA0157502159
B1302594159719N00131636EA0157502158
B1303004159725N00131638EA0157502158
B1303014159729N00131640EA0157502160
B1303024159733N00131642EA0157502162
B1303034159736N00131645EA0157502163
B1303044159740N00131647EA0157502162
B1303054159744N00131650EA0157502162
B1303064159749N00131654EA0157502161
B1303074159754N00131656EA0157502160
B1303084159760N00131657EA0157502159
B1303094159766N00131658EA0157502159
B1303104159772N00131660EA0157502159
B1303114159777N00131663EA0157502160
B1303124159782N00131667EA0157502161
B1303134159785N00131670EA0157502163
B1303144159789N00131672EA0157502163
B1303154159792N00131675EA0157502162
B1303164159797N00131680EA0157502160
B1303174159801N00131684EA0157502158
B1303184159806N00131690EA0157502157
B1303194159810N00131695EA0157502159
B1303204159814N00131699EA0157502160
B1303214159819N00131704EA0157502161
B1303224159823N00131708EA0157502161
B1303234159828N00131713EA0157502160
B1303244159832N00131719EA0157502160
B1303254159835N00131725EA0157502160
B1303264159837N00131731EA0157502159
B1303274159839N00131737EA0157502160
B1303284159842N00131743EA0157502159
B1303294159846N00131749EA0157502157
B1303304159848N00131755EA0157502155
B1303314159849N00131762EA0157502153
B1303324159850N00131770EA0157502151
B1303334159851N00131776EA0157502151
B1303344159854N00131783EA0157502150
B1303354159857N00131789EA0157502148
B1303364159859N00131797EA0157502147
B1303374159860N00131805EA0157502145
B1303384159861N00131812EA0157502144
B1303394159862N00131820EA0157502145
B1303404159865N00131826EA0157502146
B1303414159867N00131833EA0157502146
B1303424159869N00131840EA0157502145
B1303434159870N00131848EA0157502145
B1303444159872N00131857EA0157502144
B1303454159873N00131865EA0157502146
B1303464159876N00131872EA0157502148
B1303474159878N00131880EA0157502150
B1303484159880N00131887EA0157502151
B1303494159882N00131893EA0157502152
B1303504159884N00131900EA0157502152
B1303514159887N00131906EA0157502152
B1303524159889N00131913EA0157502153
B1303534159891N00131918EA0157502154
B1303544159892N00131924EA0157502155
B1303554159894N00131931EA0157502156
B1303564159895N00131937EA0157502157
B1303574159896N00131945EA0157502157
B1303584159895N00131951EA0157502158
B1303594159894N00131958EA0157502159
B1304004159893N00131965EA0157502159
B1304014159894N00131972EA0157502159
B1304024159893N00131980EA0157502159
B1304034159892N00131987EA0157502159
B1304044159890N00131994EA0157502158
B1304054159888N00132002EA0157502158
B1304064159885N00132009EA0157502157
B1304074159883N00132017EA0157502157
B1304084159880N00132023EA0157502157
B1304094159877N00132029EA0157502155
B1304104159872N00132035EA0157502152
B1304114159868N00132040EA0157502148
B1304124159863N00132045EA0157502146
B1304134159859N00132050EA0157502144
B1304144159855N00132055EA0157502144
B1304154159852N00132059EA0157502144
B1304164159849N00132063EA0157502144
B1304174159846N00132066EA0157502144
B1304184159842N00132068EA0157502142
B1304194159837N00132071EA0157502139
B1304204159832N00132074EA0157502137
B1304214159827N00132075EA0157502135
B1304224159821N00132076EA0157502135
B1304234159816N00132077EA0157502135
B1304244159812N00132077EA0157502136
B1304254159808N00132077EA0157502135
B1304264159804N00132077EA0157502134
B1304274159799N00132075EA0157502131
B1304284159794N00132072EA0157502130
B1304294159789N00132069EA0157502128
B1304304159785N00132065EA0157502128
B1304314159781N00132062EA0157502128
B1304324159777N00132059EA0157502127
B1304334159772N00132055EA0157502125
B1304344159768N00132049EA0157502123
B1304354159765N00132042EA0157502122
B1304364159762N00132035EA0157502122
B1304374159759N00132028EA0157502122
B1304384159756N00132020EA0157502122
B1304394159754N00132013EA0157502121
B1304404159751N00132006EA0157502119
B1304414159747N00132001EA0157502118
B1304424159743N00131996EA0157502116
B1304434159740N00131990EA0157502114
B1304444159737N00131982EA0157502111
B1304454159735N00131973EA0157502109
B1304464159734N00131964EA0157502107
B1304474159733N00131954EA0157502105
B1304484159732N00131944EA0157502103
B1304494159732N00131934EA0157502103
B1304504159732N00131924EA0157502102
B1304514159735N00131913EA0157502100
B1304524159739N00131903EA0157502097
B1304534159744N00131893EA0157502095
B1304544159750N00131883EA0157502092
B1304554159756N00131874EA0157502090
B1304564159762N00131867EA0157502089
B1304574159768N00131861EA0157502089
B1304584159772N00131855EA0157502088
B1304594159776N00131849EA0157502086
B1305004159782N00131843EA0157502083
B1305014159788N00131838EA0157502079
B1305024159795N00131836EA0157502077
B1305034159801N00131837EA0157502076
B1305044159805N00131842EA0157502075
B1305054159806N00131849EA0157502072
B1305064159805N00131855EA0157502069
B1305074159801N00131859EA0157502069
B1305084159797N00131859EA0157502067
B1305094159793N00131855EA0157502066
B1305104159792N00131848EA0157502064
B1305114159794N00131839EA0157502061
B1305124159800N00131834EA0157502056
B1305134159807N00131832EA0157502052
B1305144159813N00131838EA0157502047
B1305154159816N00131844EA0157502044
B1305164159815N00131844EA0157502039
B1305174159811N00131843EA0157502032
B1305184159809N00131838EA0157502025
B1305194159811N00131831EA0157502019
B1305204159815N00131827EA0157502011
B1305214159819N00131829EA0157501998
B1305224159821N00131833EA0157501984
B1305234159820N00131836EA0157501975
B1305244159816N00131835EA0157501964
B1305254159812N00131833EA0157501950
B1305264159813N00131830EA0157501940
B1305274159817N00131831EA0157501929
B1305284159822N00131832EA0157501914
B1305294159823N00131833EA0157501901
B1305304159820N00131835EA0157501886
B1305314159816N00131834EA0157501870
B1305324159818N00131830EA0157501859
B1305334159821N00131829EA0157501851
B1305344159819N00131824EA0157501842
B1305354159821N00131824EA0157501838
B1305364159819N00131825EA0157501835
B1305374159816N00131823EA0157501829
B1305384159813N00131817EA0157501833
B1305394159812N00131812EA0157501837
B1305404159812N00131805EA0157501831
B1305414159814N00131800EA0157501824
B1305424159816N00131797EA0157501813
B1305434159819N00131794EA0157501805
B1305444159817N00131793EA0157501807
B1305454159818N00131792EA0157501799
B1305464159814N00131793EA0157501790
B1305474159817N00131789EA0157501786
B1305484159818N00131784EA0157501778
B1305494159819N00131782EA0157501769
B1305504159820N00131781EA0157501768
B1305514159819N00131785EA0157501763
B1305524159815N00131788EA0157501756
B1305534159814N00131789EA0157501755
B1305544159814N00131789EA0157501758
B1305554159815N00131786EA0157501755
B1305564159815N00131784EA0157501749
B1305574159816N00131780EA0157501740
B1305584159815N00131782EA0157501734
B1305594159810N00131785EA0157501729
B1306004159802N00131791EA0157501729
B1306014159802N00131792EA0157501725
B1306024159797N00131791EA0157501721
B1306034159795N00131791EA0157501723
B1306044159793N00131790EA0157501717
B1306054159793N00131790EA0157501710
B1306064159790N00131791EA0157501712
B1306074159788N00131792EA0157501706
B1306084159792N00131791EA0157501701
B1306094159788N00131787EA0157501694
B1306104159807N00131778EA0157501702
B1306114159811N00131774EA0157501702
B1306124159828N00131778EA0157501706
B1306134159838N00131783EA0157501716
B1306144159841N00131786EA0157501721
B1306154159841N00131789EA0157501720
B1306164159846N00131791EA0157501713
B1306174159857N00131786EA0157501702
B1306184159860N00131791EA0157501699
B1306194159861N00131795EA0157501685
B1306204159854N00131793EA0157501674
B1306214159843N00131805EA0157501674
B1306224159844N00131805EA0157501683
B1306234159844N00131807EA0157501672
B1306244159845N00131806EA0157501661
B1306254159847N00131808EA0157501650
B1306264159849N00131811EA0157501639
B1306274159847N00131816EA0157501633
B1306284159846N00131819EA0157501625
B1306294159849N00131818EA0157501620
B1306304159851N00131813EA0157501611
B1306314159853N00131810EA0157501602
B1306324159855N00131810EA0157501592
B1306334159855N00131812EA0157501582
B1306344159852N00131812EA0157501575
B1306354159852N00131815EA0157501571
B1306364159852N00131811EA0157501570
B1306374159851N00131803EA0157501571
B1306384159848N00131798EA0157501570
B1306394159850N00131789EA0157501569
B1306404159852N00131783EA0157501569
B1306414159853N00131777EA0157501566
B1306424159855N00131772EA0157501561
B1306434159857N00131761EA0157501559
B1306444159862N00131736EA0157501554
B1306454159860N00131680EA0157501564
B1306464159858N00131665EA0157501606
B1306474159852N00131654EA0157501624
B1306484159848N00131643EA0157501638
B1306494159845N00131634EA0157501642
B1306504159842N00131623EA0157501642
B1306514159840N00131618EA0157501653
B1306524159837N00131613EA0157501656
B1306534159838N00131615EA0157501657
B1306544159830N00131622EA0157501655
B1306554159826N00131631EA0157501630
B1306564159822N00131627EA0157501627
B1306574159818N00131617EA0157501619
B1306584159818N00131616EA0157501615
B1306594159820N00131612EA0157501606
B1307004159826N00131604EA0157501611
B1307014159832N00131597EA0157501629
B1307024159839N00131595EA0157501651
B1307034159849N00131595EA0157501667
B1307044159856N00131599EA0157501677
B1307054159861N00131604EA0157501682
B1307064159868N00131608EA0157501688
B1307074159871N00131614EA0157501695
B1307084159873N00131622EA0157501702
B1307094159874N00131630EA0157501707
B1307104159877N00131639EA0157501712
B1307114159878N00131646EA0157501717
B1307124159879N00131652EA0157501719
B1307134159877N00131658EA0157501723
B1307144159875N00131662EA0157501725
B1307154159871N00131666EA0157501727
B1307164159869N00131672EA0157501729
B1307174159866N00131678EA0157501731
B1307184159863N00131685EA0157501732
B1307194159859N00131690EA0157501734
B1307204159854N00131694EA0157501734
B1307214159849N00131698EA0157501736
B1307224159846N00131705EA0157501737
B1307234159842N00131710EA0157501739
B1307244159838N00131716EA0157501740
B1307254159833N00131720EA0157501742
B1307264159828N00131723EA0157501744
B1307274159822N00131726EA0157501745
B1307284159817N00131730EA0157501747
B1307294159813N00131735EA0157501749
B1307304159809N00131740EA0157501752
B1307314159804N00131744EA0157501753
B1307324159798N00131747EA0157501755
B1307334159793N00131751EA0157501757
B1307344159787N00131755EA0157501760
B1307354159783N00131759EA0157501763
B1307364159779N00131764EA0157501764
B1307374159774N00131768EA0157501765
B1307384159768N00131771EA0157501765
B1307394159762N00131775EA0157501766
B1307404159756N00131778EA0157501768
B1307414159752N00131782EA0157501770
B1307424159748N00131786EA0157501771
B1307434159742N00131789EA0157501771
B1307444159735N00131792EA0157501770
B1307454159728N00131795EA0157501770
B1307464159722N00131800EA0157501771
B1307474159718N00131806EA0157501772
B1307484159714N00131811EA0157501774
B1307494159710N00131814EA0157501775
B1307504159705N00131817EA0157501775
B1307514159701N00131820EA0157501774
B1307524159698N00131824EA0157501773
B1307534159695N00131828EA0157501772
B1307544159692N00131831EA0157501770
B1307554159689N00131833EA0157501769
B1307564159687N00131835EA0157501767
B1307574159684N00131838EA0157501766
B1307584159683N00131842EA0157501764
B1307594159682N00131847EA0157501762
B1308004159681N00131851EA0157501760
B1308014159680N00131856EA0157501758
B1308024159680N00131860EA0157501756
B1308034159680N00131865EA0157501754
B1308044159680N00131870EA0157501753
B1308054159682N00131876EA0157501751
B1308064159684N00131881EA0157501749
B1308074159686N00131887EA0157501748
B1308084159689N00131891EA0157501746
B1308094159693N00131896EA0157501744
B1308104159697N00131901EA0157501741
B1308114159701N00131906EA0157501738
B1308124159704N00131911EA0157501734
B1308134159706N00131917EA0157501731
B1308144159710N00131922EA0157501728
B1308154159715N00131925EA0157501724
B1308164159720N00131929EA0157501719
B1308174159726N00131932EA0157501716
B1308184159731N00131935EA0157501713
B1308194159736N00131938EA0157501709
B1308204159742N00131940EA0157501705
B1308214159749N00131942EA0157501700
B1308224159756N00131944EA0157501696
B1308234159763N00131946EA0157501692
B1308244159769N00131948EA0157501689
B1308254159775N00131951EA0157501687
B1308264159779N00131954EA0157501684
B1308274159784N00131958EA0157501681
B1308284159788N00131963EA0157501678
B1308294159791N00131969EA0157501676
B1308304159792N00131975EA0157501673
B1308314159792N00131981EA0157501669
B1308324159791N00131987EA0157501667
B1308334159789N00131992EA0157501664
B1308344159786N00131996EA0157501660
B1308354159783N00132000EA0157501657
B1308364159779N00132003EA0157501653
B1308374159775N00132007EA0157501649
B1308384159770N00132009EA0157501645
B1308394159765N00132010EA0157501640
B1308404159760N00132010EA0157501637
B1308414159755N00132007EA0157501633
B1308424159750N00132004EA0157501629
B1308434159745N00132002EA0157501625
B1308444159740N00132001EA0157501620
B1308454159735N00131998EA0157501616
B1308464159731N00131993EA0157501611
B1308474159727N00131985EA0157501607
B1308484159723N00131978EA0157501602
B1308494159720N00131971EA0157501599
B1308504159716N00131965EA0157501597
B1308514159711N00131963EA0157501594
B1308524159706N00131960EA0157501590
B1308534159701N00131958EA0157501587
B1308544159697N00131954EA0157501585
B1308554159693N00131951EA0157501583
B1308564159688N00131950EA0157501581
B1308574159684N00131951EA0157501578
B1308584159679N00131952EA0157501574
B1308594159675N00131951EA0157501571
B1309004159671N00131949EA0157501567
B1309014159666N00131946EA0157501563
B1309024159662N00131946EA0157501559
B1309034159657N00131948EA0157501555
B1309044159652N00131950EA0157501550
B1309054159646N00131952EA0157501547
B1309064159641N00131952EA0157501544
B1309074159637N00131952EA0157501541
B1309084159633N00131954EA0157501538
B1309094159629N00131956EA0157501535
B1309104159625N00131958EA0157501531
B1309114159621N00131959EA0157501527
B1309124159617N00131961EA0157501523
B1309134159613N00131964EA0157501519
B1309144159609N00131967EA0157501515
B1309154159606N00131972EA0157501510
B1309164159602N00131976EA0157501506
B1309174159599N00131979EA0157501503
B1309184159596N00131982EA0157501500
B1309194159594N00131985EA0157501496
B1309204159591N00131988EA0157501493
B1309214159588N00131992EA0157501489
B1309224159585N00131996EA0157501485
B1309234159582N00131999EA0157501482
B1309244159579N00132003EA0157501479
B1309254159577N00132007EA0157501476
B1309264159575N00132011EA0157501472
B1309274159574N00132016EA0157501468
B1309284159572N00132021EA0157501464
B1309294159570N00132026EA0157501460
B1309304159569N00132030EA0157501457
B1309314159569N00132035EA0157501453
B1309324159569N00132040EA0157501449
B1309334159570N00132046EA0157501445
B1309344159571N00132052EA0157501441
B1309354159572N00132058EA0157501437
B1309364159573N00132064EA0157501433
B1309374159575N00132070EA0157501429
B1309384159578N00132077EA0157501425
B1309394159581N00132083EA0157501421
B1309404159584N00132089EA0157501417
B1309414159588N00132094EA0157501413
B1309424159591N00132100EA0157501409
B1309434159594N00132105EA0157501405
B1309444159598N00132111EA0157501400
B1309454159602N00132116EA0157501396
B1309464159608N00132121EA0157501391
B1309474159613N00132125EA0157501387
B1309484159618N00132129EA0157501383
B1309494159624N00132132EA0157501379
B1309504159630N00132135EA0157501375
B1309514159636N00132137EA0157501370
B1309524159642N00132138EA0157501365
B1309534159648N00132139EA0157501361
B1309544159653N00132141EA0157501356
B1309554159659N00132143EA0157501351
B1309564159665N00132144EA0157501346
B1309574159672N00132143EA0157501342
B1309584159677N00132142EA0157501337
B1309594159682N00132139EA0157501334
B1310004159687N00132138EA0157501331
B1310014159692N00132138EA0157501327
B1310024159697N00132137EA0157501324
B1310034159702N00132135EA0157501320
B1310044159707N00132131EA0157501316
B1310054159711N00132127EA0157501311
B1310064159716N00132122EA0157501307
B1310074159721N00132118EA0157501303
B1310084159725N00132113EA0157501299
B1310094159729N00132108EA0157501295
B1310104159733N00132102EA0157501291
B1310114159737N00132094EA0157501286
B1310124159740N00132087EA0157501281
B1310134159743N00132080EA0157501277
B1310144159746N00132073EA0157501273
B1310154159748N00132065EA0157501268
B1310164159750N00132057EA0157501264
B1310174159752N00132049EA0157501259
B1310184159753N00132041EA0157501253
B1310194159755N00132033EA0157501248
B1310204159755N00132024EA0157501243
B1310214159755N00132016EA0157501238
B1310224159755N00132007EA0157501233
B1310234159754N00132000EA0157501228
B1310244159752N00131992EA0157501224
B1310254159750N00131985EA0157501220
B1310264159748N00131978EA0157501217
B1310274159746N00131972EA0157501214
B1310284159743N00131965EA0157501210
B1310294159740N00131960EA0157501206
B1310304159736N00131955EA0157501202
B1310314159732N00131950EA0157501198
B1310324159728N00131946EA0157501194
B1310334159724N00131942EA0157501190
B1310344159719N00131940EA0157501186
B1310354159714N00131939EA0157501182
B1310364159709N00131939EA0157501177
B1310374159704N00131940EA0157501172
B1310384159700N00131941EA0157501168
B1310394159696N00131943EA0157501164
B1310404159692N00131946EA0157501160
B1310414159689N00131950EA0157501156
B1310424159686N00131953EA0157501152
B1310434159683N00131957EA0157501148
B1310444159681N00131961EA0157501144
B1310454159679N00131966EA0157501139
B1310464159677N00131972EA0157501135
B1310474159676N00131978EA0157501131
B1310484159675N00131984EA0157501127
B1310494159675N00131990EA0157501122
B1310504159675N00131996EA0157501117
B1310514159675N00132002EA0157501112
B1310524159675N00132009EA0157501107
B1310534159676N00132015EA0157501102
B1310544159678N00132021EA0157501096
B1310554159681N00132027EA0157501092
B1310564159683N00132032EA0157501087
B1310574159687N00132037EA0157501082
B1310584159690N00132042EA0157501077
B1310594159694N00132046EA0157501072
B1311004159698N00132051EA0157501066
B1311014159703N00132055EA0157501061
B1311024159708N00132059EA0157501056
B1311034159714N00132061EA0157501052
B1311044159719N00132061EA0157501048
B1311054159724N00132060EA0157501044
B1311064159729N00132059EA0157501040
B1311074159734N00132058EA0157501035
B1311084159739N00132057EA0157501029
B1311094159745N00132055EA0157501024
B1311104159751N00132053EA0157501019
B1311114159756N00132050EA0157501014
B1311124159762N00132046EA0157501010
B1311134159767N00132042EA0157501007
B1311144159771N00132037EA0157501005
B1311154159775N00132031EA0157501002
B1311164159778N00132023EA0157500999
B1311174159780N00132013EA0157500995
B1311184159779N00132003EA0157500992
B1311194159777N00131993EA0157500988
B1311204159772N00131985EA0157500984
B1311214159767N00131981EA0157500980
B1311224159762N00131978EA0157500977
B1311234159757N00131978EA0157500974
B1311244159752N00131979EA0157500971
B1311254159748N00131982EA0157500966
B1311264159744N00131986EA0157500962
B1311274159742N00131991EA0157500957
B1311284159741N00131997EA0157500953
B1311294159743N00132002EA0157500949
B1311304159748N00132004EA0157500944
B1311314159755N00132002EA0157500940
B1311324159760N00131996EA0157500936
B1311334159763N00131987EA0157500932
B1311344159763N00131976EA0157500927
B1311354159760N00131967EA0157500922
B1311364159754N00131962EA0157500918
B1311374159748N00131961EA0157500914
B1311384159743N00131965EA0157500910
B1311394159740N00131970EA0157500905
B1311404159741N00131976EA0157500901
B1311414159743N00131981EA0157500897
B1311424159747N00131984EA0157500892
B1311434159751N00131987EA0157500888
B1311444159755N00131987EA0157500885
B1311454159760N00131986EA0157500882
B1311464159766N00131983EA0157500878
B1311474159770N00131978EA0157500873
B1311484159774N00131971EA0157500869
B1311494159777N00131963EA0157500866
B1311504159777N00131953EA0157500862
B1311514159775N00131944EA0157500857
B1311524159771N00131936EA0157500852
B1311534159767N00131930EA0157500849
B1311544159763N00131926EA0157500845
B1311554159758N00131922EA0157500841
B1311564159753N00131920EA0157500837
B1311574159747N00131918EA0157500832
B1311584159741N00131915EA0157500827
B1311594159734N00131912EA0157500822
B1312004159729N00131910EA0157500819
B1312014159724N00131909EA0157500815
B1312024159719N00131908EA0157500812
B1312034159713N00131907EA0157500808
B1312044159706N00131905EA0157500803
B1312054159700N00131903EA0157500799
B1312064159694N00131902EA0157500795
B1312074159689N00131902EA0157500793
B1312084159684N00131901EA0157500790
B1312094159678N00131899EA0157500786
B1312104159672N00131898EA0157500782
B1312114159666N00131896EA0157500778
B1312124159660N00131895EA0157500775
B1312134159655N00131893EA0157500773
B1312144159650N00131892EA0157500770
B1312154159645N00131890EA0157500767
B1312164159639N00131888EA0157500764
B1312174159633N00131887EA0157500760
B1312184159627N00131885EA0157500756
B1312194159621N00131883EA0157500753
B1312204159615N00131881EA0157500750
B1312214159609N00131879EA0157500748
B1312224159602N00131877EA0157500745
B1312234159596N00131875EA0157500743
B1312244159590N00131873EA0157500741
B1312254159583N00131871EA0157500739
B1312264159577N00131870EA0157500737
B1312274159570N00131868EA0157500734
B1312284159564N00131867EA0157500733
B1312294159558N00131866EA0157500731
B1312304159552N00131865EA0157500730
B1312314159546N00131864EA0157500728
B1312324159540N00131863EA0157500727
B1312334159535N00131864EA0157500724
B1312344159530N00131866EA0157500723
B1312354159526N00131868EA0157500721
B1312364159523N00131872EA0157500719
B1312374159519N00131875EA0157500718
B1312384159517N00131879EA0157500720
B1312394159514N00131882EA0157500722
B1312404159513N00131884EA0157500725
B1312414159512N00131887EA0157500726
B1312424159513N00131889EA0157500725
B1312434159515N00131891EA0157500722
B1312444159519N00131890EA0157500721
B1312454159522N00131885EA0157500720
B1312464159524N00131880EA0157500720
B1312474159527N00131876EA0157500720
B1312484159530N00131875EA0157500718
B1312494159531N00131878EA0157500717
B1312504159531N00131882EA0157500715
B1312514159529N00131886EA0157500714
B1312524159526N00131889EA0157500713
B1312534159523N00131892EA0157500712
B1312544159523N00131895EA0157500710
B1312554159524N00131898EA0157500706
B1312564159525N00131902EA0157500702
B1312574159527N00131907EA0157500700
B1312584159529N00131911EA0157500698
B1312594159531N00131915EA0157500696
B1313004159533N00131918EA0157500695
B1313014159535N00131920EA0157500694
B1313024159537N00131924EA0157500693
B1313034159539N00131927EA0157500691
B1313044159541N00131931EA0157500690
B1313054159544N00131934EA0157500689
B1313064159547N00131937EA0157500688
B1313074159549N00131940EA0157500687
B1313084159551N00131944EA0157500686
B1313094159554N00131947EA0157500685
B1313104159556N00131950EA0157500685
B1313114159558N00131952EA0157500684
B1313124159561N00131954EA0157500683
B1313134159564N00131957EA0157500682
B1313144159567N00131959EA0157500680
B1313154159570N00131962EA0157500679
B1313164159573N00131965EA0157500678
B1313174159576N00131968EA0157500678
B1313184159579N00131970EA0157500678
B1313194159582N00131972EA0157500677
B1313204159584N00131974EA0157500677
B1313214159586N00131976EA0157500676
B1313224159586N00131977EA0157500675
B1313234159586N00131977EA0157500674
B1313244159586N00131977EA0157500673
B1313254159587N00131977EA0157500672
B1313264159587N00131977EA0157500672
B1313274159588N00131977EA0157500671
B1313284159588N00131976EA0157500670
B1313294159588N00131976EA0157500669
B1313304159588N00131976EA0157500669
B1313314159588N00131976EA0157500668
B1313324159588N00131976EA0157500667
B1313334159588N00131976EA0157500667
B1313344159587N00131976EA0157500666
B1313354159587N00131976EA0157500666
B1313364159586N00131976EA0157500665
B1313374159586N00131976EA0157500665
B1313384159586N00131976EA0157500664
B1313394159586N00131975EA0157500664
B1313404159586N00131975EA0157500664
B1313414159586N00131975EA0157500664
B1313424159586N00131975EA0157500665
B1313434159586N00131976EA0157500665
B1313444159586N00131976EA0157500665
B1313454159586N00131976EA0157500665
B1313464159586N00131975EA0157500666
B1313474159586N00131976EA0157500666
B1313484159586N00131976EA0157500666
B1313494159586N00131976EA0157500667
B1313504159586N00131976EA0157500667
B1313514159586N00131976EA0157500667
B1313524159586N00131976EA0157500667
B1313534159586N00131976EA0157500667
B1313544159586N00131976EA0157500668
B1313554159586N00131977EA0157500668
B1313564159586N00131977EA0157500669
B1313574159586N00131977EA0157500669
B1313584159585N00131977EA0157500669
B1313594159586N00131978EA0157500670
B1314004159585N00131978EA0157500670
B1314014159585N00131978EA0157500670
B1314024159585N00131979EA0157500670
B1314034159585N00131978EA0157500670
B1314044159585N00131979EA0157500670
B1314054159585N00131979EA0157500671
B1314064159585N00131979EA0157500671
B1314074159585N00131979EA0157500671
B1314084159585N00131980EA0157500671
B1314094159585N00131980EA0157500671
B1314104159585N00131980EA0157500671
B1314114159585N00131981EA0157500671
B1314124159585N00131981EA0157500671
B1314134159586N00131981EA0157500672
B1314144159586N00131982EA0157500672
B1314154159585N00131982EA0157500672
B1314164159585N00131981EA0157500673
B1314174159585N00131981EA0157500673
B1314184159585N00131981EA0157500673
B1314194159586N00131982EA0157500673
B1314204159586N00131982EA0157500673
B1314214159586N00131982EA0157500674
B1314224159586N00131982EA0157500674
B1314234159586N00131982EA0157500674
B1314244159586N00131982EA0157500674
B1314254159586N00131982EA0157500675
B1314264159586N00131982EA0157500675
B1314274159586N00131982EA0157500675
B1314284159586N00131982EA0157500675
B1314294159586N00131982EA0157500676
B1314304159586N00131982EA0157500676
B1314314159586N00131982EA0157500676
B1314324159586N00131982EA0157500676
B1314334159586N00131982EA0157500677
B1314344159586N00131983EA0157500677
B1314354159587N00131983EA0157500677
B1314364159587N00131984EA0157500677
B1314374159587N00131984EA0157500678
B1314384159588N00131985EA0157500678
B1314394159588N00131986EA0157500678
B1314404159588N00131987EA0157500678
B1314414159589N00131987EA0157500679
B1314424159589N00131988EA0157500679
B1314434159590N00131989EA0157500679
B1314444159590N00131989EA0157500679
B1314454159591N00131990EA0157500679
B1314464159591N00131990EA0157500679
B1314474159591N00131991EA0157500679
B1314484159591N00131992EA0157500680
B1314494159592N00131993EA0157500680
B1314504159592N00131994EA0157500680
B1314514159593N00131994EA0157500680
B1314524159593N00131995EA0157500680
B1314534159594N00131996EA0157500681
B1314544159594N00131997EA0157500681
B1314554159595N00131998EA0157500681
B1314564159595N00131999EA0157500682
B1314574159595N00131999EA0157500682
B1314584159596N00132000EA0157500682
B1314594159596N00132001EA0157500683
B1315004159596N00132001EA0157500683
B1315014159596N00132002EA0157500683
B1315024159597N00132003EA0157500684
B1315034159597N00132004EA0157500685
B1315044159597N00132004EA0157500685
B1315054159597N00132005EA0157500685
B1315064159597N00132005EA0157500685
B1315074159598N00132006EA0157500686
B1315084159598N00132006EA0157500686
B1315094159598N00132007EA0157500686
B1315104159598N00132007EA0157500686
B1315114159597N00132008EA0157500686
B1315124159597N00132009EA0157500687
B1315134159597N00132010EA0157500686
B1315144159597N00132010EA0157500687
B1315154159597N00132011EA0157500687
B1315164159597N00132012EA0157500687
B1315174159596N00132013EA0157500687
B1315184159596N00132013EA0157500687
B1315194159596N00132014EA0157500687
B1315204159596N00132015EA0157500687
B1315214159595N00132016EA0157500687
B1315224159595N00132017EA0157500687
B1315234159595N00132018EA0157500688
B1315244159595N00132019EA0157500688
B1315254159595N00132020EA0157500688
B1315264159594N00132020EA0157500688
B1315274159594N00132021EA0157500688
B1315284159594N00132022EA0157500688
B1315294159594N00132022EA0157500688
B1315304159594N00132022EA0157500688
B1315314159594N00132022EA0157500687
B1315324159594N00132022EA0157500687
B1315334159594N00132022EA0157500687
B1315344159594N00132023EA0157500687
B1315354159593N00132023EA0157500687
B1315364159593N00132023EA0157500687
B1315374159593N00132023EA0157500687
B1315384159593N00132023EA0157500687
B1315394159593N00132023EA0157500687
B1315404159593N00132023EA0157500687
B1315414159593N00132023EA0157500687
B1315424159593N00132023EA0157500687
B1315434159593N00132023EA0157500687
B1315444159593N00132024EA0157500687
B1315454159594N00132024EA0157500687
B1315464159594N00132023EA0157500687
B1315474159594N00132023EA0157500687
B1315484159594N00132023EA0157500687
B1315494159594N00132023EA0157500687
B1315504159594N00132023EA0157500687
B1315514159594N00132023EA0157500687
B1315524159594N00132023EA0157500687
B1315534159594N00132023EA0157500687
B1315544159594N00132023EA0157500687
B1315554159594N00132023EA0157500687
B1315564159594N00132023EA0157500687
B1315574159594N00132023EA0157500687
B1315584159594N00132023EA0157500687
B1315594159594N00132023EA0157500687
B1316004159594N00132023EA0157500687
B1316014159594N00132023EA0157500687
B1316024159594N00132023EA0157500687
B1316034159594N00132023EA0157500687
B1316044159594N00132023EA0157500687
B1316054159594N00132023EA0157500687
B1316064159594N00132023EA0157500687
B1316074159594N00132023EA0157500687
B1316084159594N00132023EA0157500687
B1316094159594N00132023EA0157500688
B1316104159594N00132023EA0157500687
B1316114159594N00132023EA0157500687
B1316124159594N00132023EA0157500687
B1316134159594N00132023EA0157500687
B1316144159594N00132023EA0157500687
B1316154159594N00132023EA0157500687
B1316164159594N00132023EA0157500687
B1316174159594N00132023EA0157500687
B1316184159594N00132023EA0157500687
B1316194159594N00132023EA0157500687
B1316204159594N00132023EA0157500687
B1316214159594N00132023EA0157500687
B1316224159594N00132023EA0157500687
B1316234159594N00132023EA0157500687
B1316244159594N00132023EA0157500687
B1316254159594N00132023EA0157500687
B1316264159594N00132023EA0157500687
B1316274159594N00132023EA0157500687
B1316284159594N00132023EA0157500688
B1316294159594N00132023EA0157500688
B1316304159594N00132023EA0157500688
B1316314159594N00132023EA0157500688
B1316324159594N00132023EA0157500688
B1316334159594N00132023EA0157500688
B1316344159594N00132023EA0157500688
B1316354159594N00132023EA0157500688
B1316364159594N00132023EA0157500688
B1316374159594N00132023EA0157500688
B1316384159594N00132023EA0157500688
B1316394159594N00132023EA0157500688
B1316404159594N00132023EA0157500688
B1316414159594N00132023EA0157500688
B1316424159594N00132023EA0157500688
B1316434159594N00132023EA0157500688
B1316444159594N00132023EA0157500688
B1316454159594N00132023EA0157500688
B1316464159594N00132023EA0157500688
B1316474159594N00132023EA0157500688
B1316484159594N00132023EA0157500688
B1316494159594N00132023EA0157500688
B1316504159594N00132023EA0157500688
B1316514159594N00132023EA0157500688
B1316524159594N00132023EA0157500687
B1316534159594N00132023EA0157500687
B1316544159594N00132023EA0157500687
B1316554159594N00132023EA0157500687
B1316564159593N00132023EA0157500687
B1316574159594N00132023EA0157500687
B1316584159594N00132022EA0157500687
B1316594159593N00132022EA0157500687
B1317004159594N00132023EA0157500687
B1317014159594N00132022EA0157500686
B1317024159594N00132022EA0157500686
B1317034159594N00132022EA0157500686
B1317044159593N00132023EA0157500686
B1317054159593N00132023EA0157500686
B1317064159593N00132022EA0157500686
B1317074159593N00132022EA0157500686
B1317084159593N00132022EA0157500687
B1317094159593N00132022EA0157500687
B1317104159593N00132022EA0157500687
B1317114159594N00132022EA0157500687
B1317124159594N00132022EA0157500687
B1317134159594N00132022EA0157500687
B1317144159593N00132022EA0157500687
B1317154159594N00132022EA0157500687
B1317164159593N00132023EA0157500688
B1317174159594N00132023EA0157500688
B1317184159594N00132023EA0157500688
B1317194159594N00132023EA0157500689
B1317204159594N00132023EA0157500689
B1317214159594N00132023EA0157500689
B1317224159594N00132023EA0157500689
B1317234159594N00132023EA0157500689
B1317244159594N00132023EA0157500689
B1317254159594N00132023EA0157500689
B1317264159594N00132023EA0157500689
B1317274159594N00132023EA0157500689
B1317284159594N00132023EA0157500689
B1317294159594N00132023EA0157500689
B1317304159594N00132023EA0157500690
B1317314159594N00132023EA0157500690
B1317324159594N00132023EA0157500690
B1317334159594N00132023EA0157500690
B1317344159594N00132023EA0157500690
B1317354159594N00132023EA0157500690
B1317364159594N00132023EA0157500690
B1317374159594N00132023EA0157500690
B1317384159594N00132023EA0157500689
B1317394159593N00132023EA0157500689
B1317404159593N00132022EA0157500689
B1317414159593N00132022EA0157500689
B1317424159594N00132022EA0157500689
B1317434159593N00132023EA0157500689
B1317444159593N00132023EA0157500689
B1317454159593N00132023EA0157500689
B1317464159593N00132023EA0157500689
B1317474159593N00132023EA0157500689
B1317484159593N00132023EA0157500689
B1317494159593N00132023EA0157500689
B1317504159593N00132023EA0157500689
B1317514159593N00132023EA0157500689
B1317524159593N00132023EA0157500689
B1317534159593N00132023EA0157500689
B1317544159593N00132022EA0157500689
B1317554159593N00132022EA0157500689
B1317564159593N00132022EA0157500689
B1317574159593N00132022EA0157500689
B1317584159593N00132023EA0157500688
B1317594159593N00132023EA0157500688
B1318004159593N00132023EA0157500688
B1318014159593N00132023EA0157500688
B1318024159593N00132023EA0157500688
B1318034159594N00132023EA0157500687
B1318044159594N00132023EA0157500687
B1318054159594N00132023EA0157500687
B1318064159595N00132024EA0157500687
B1318074159595N00132024EA0157500687
B1318084159595N00132023EA0157500687
B1318094159595N00132023EA0157500687
B1318104159595N00132023EA0157500687
B1318114159596N00132023EA0157500687
B1318124159596N00132023EA0157500687
B1318134159596N00132024EA0157500686
B1318144159596N00132024EA0157500686
B1318154159596N00132024EA0157500686
B1318164159597N00132024EA0157500686
B1318174159597N00132024EA0157500686
B1318184159597N00132024EA0157500686
B1318194159596N00132024EA0157500686
B1318204159596N00132025EA0157500686
B1318214159597N00132025EA0157500686
B1318224159597N00132025EA0157500686
B1318234159597N00132026EA0157500686
B1318244159598N00132026EA0157500686
B1318254159598N00132026EA0157500686
B1318264159599N00132025EA0157500686
B1318274159599N00132025EA0157500687
B1318284159599N00132025EA0157500687
B1318294159599N00132025EA0157500687
B1318304159598N00132025EA0157500688
B1318314159598N00132025EA0157500689
B1318324159598N00132025EA0157500689
B1318334159598N00132024EA0157500689
B1318344159597N00132024EA0157500690
B1318354159597N00132024EA0157500691
B1318364159597N00132024EA0157500691
B1318374159597N00132023EA0157500693
B1318384159597N00132024EA0157500694
B1318394159597N00132024EA0157500694
B1318404159597N00132025EA0157500695
B1318414159597N00132025EA0157500695
B1318424159597N00132025EA0157500696
B1318434159597N00132025EA0157500696
B1318444159597N00132025EA0157500696
B1318454159597N00132026EA0157500697
B1318464159597N00132026EA0157500697
B1318474159597N00132026EA0157500697
B1318484159597N00132026EA0157500698
B1318494159597N00132026EA0157500698
B1318504159597N00132026EA0157500698
B1318514159597N00132026EA0157500698
B1318524159597N00132026EA0157500698
B1318534159597N00132026EA0157500699
B1318544159597N00132027EA0157500699
B1318554159597N00132026EA0157500699
B1318564159597N00132026EA0157500700
B1318574159596N00132026EA0157500700
B1318584159594N00132026EA0157500700
B1318594159594N00132026EA0157500699
B1319004159594N00132026EA0157500698
B1319014159594N00132026EA0157500698
B1319024159594N00132026EA0157500698
B1319034159593N00132027EA0157500698
B1319044159594N00132026EA0157500698
B1319054159594N00132025EA0157500698
B1319064159594N00132025EA0157500697
B1319074159594N00132025EA0157500697
B1319084159594N00132025EA0157500697
B1319094159594N00132025EA0157500696
B1319104159593N00132025EA0157500695
B1319114159593N00132025EA0157500695
B1319124159594N00132025EA0157500694
B1319134159594N00132025EA0157500694
B1319144159594N00132025EA0157500693
B1319154159594N00132025EA0157500692
B1319164159594N00132024EA0157500692
B1319174159594N00132024EA0157500691
B1319184159594N00132025EA0157500691
B1319194159594N00132025EA0157500691
B1319204159594N00132024EA0157500691
B1319214159595N00132024EA0157500691
B1319224159595N00132024EA0157500691
B1319234159595N00132024EA0157500691
B1319244159595N00132024EA0157500692
B1319254159595N00132024EA0157500692
B1319264159594N00132024EA0157500692
B1319274159595N00132024EA0157500692
B1319284159594N00132025EA0157500692
B1319294159594N00132026EA0157500691
B1319304159594N00132026EA0157500691
B1319314159594N00132027EA0157500691
B1319324159594N00132028EA0157500691
B1319334159594N00132028EA0157500691
B1319344159594N00132028EA0157500691
B1319354159594N00132027EA0157500691
B1319364159594N00132028EA0157500691
B1319374159595N00132028EA0157500690
B1319384159594N00132027EA0157500690
B1319394159594N00132027EA0157500690
B1319404159594N00132028EA0157500690
B1319414159594N00132028EA0157500690
B1319424159594N00132028EA0157500690
B1319434159594N00132028EA0157500690
B1319444159594N00132028EA0157500690
B1319454159594N00132027EA0157500690
B1319464159594N00132027EA0157500690
B1319474159594N00132026EA0157500688
B1319484159594N00132026EA0157500688
B1319494159594N00132026EA0157500688
B1319504159594N00132026EA0157500688
B1319514159593N00132026EA0157500688
B1319524159593N00132026EA0157500688
B1319534159593N00132027EA0157500688
B1319544159593N00132027EA0157500688
B1319554159593N00132027EA0157500688
B1319564159594N00132027EA0157500688
B1319574159593N00132027EA0157500688
B1319584159594N00132027EA0157500688
B1319594159593N00132027EA0157500688
B1320004159593N00132027EA0157500687
B1320014159593N00132028EA0157500687
B1320024159593N00132028EA0157500687
B1320034159594N00132027EA0157500687
B1320044159594N00132026EA0157500688
B1320054159594N00132025EA0157500688
B1320064159594N00132024EA0157500687
B1320074159594N00132024EA0157500687
B1320084159594N00132024EA0157500687
B1320094159594N00132025EA0157500687
B1320104159594N00132025EA0157500687
B1320114159594N00132025EA0157500687
B1320124159594N00132025EA0157500687
B1320134159594N00132025EA0157500688
B1320144159593N00132024EA0157500688
B1320154159593N00132024EA0157500688
B1320164159593N00132024EA0157500688
B1320174159593N00132025EA0157500688
B1320184159593N00132025EA0157500688
B1320194159593N00132025EA0157500689
B1320204159593N00132025EA0157500689
B1320214159593N00132025EA0157500689
B1320224159593N00132026EA0157500689
B1320234159593N00132026EA0157500689
B1320244159593N00132026EA0157500689
B1320254159593N00132026EA0157500690
B1320264159592N00132026EA0157500690
B1320274159592N00132026EA0157500690
B1320284159592N00132026EA0157500690
B1320294159592N00132026EA0157500690
B1320304159592N00132026EA0157500690
B1320314159593N00132025EA0157500689
B1320324159593N00132025EA0157500690
B1320334159592N00132025EA0157500689
B1320344159592N00132025EA0157500690
B1320354159592N00132025EA0157500690
B1320364159592N00132025EA0157500690
B1320374159592N00132026EA0157500690
B1320384159592N00132026EA0157500690
B1320394159592N00132026EA0157500689
B1320404159593N00132026EA0157500689
B1320414159593N00132026EA0157500689
B1320424159593N00132026EA0157500688
B1320434159593N00132026EA0157500688
B1320444159593N00132027EA0157500689
B1320454159593N00132027EA0157500688
B1320464159594N00132026EA0157500689
B1320474159594N00132026EA0157500689
B1320484159594N00132025EA0157500689
B1320494159595N00132024EA0157500689
B1320504159595N00132024EA0157500689
B1320514159595N00132024EA0157500689
B1320524159595N00132024EA0157500689
B1320534159595N00132024EA0157500690
B1320544159595N00132024EA0157500690
B1320554159596N00132024EA0157500690
B1320564159596N00132025EA0157500690
B1320574159596N00132025EA0157500690
B1320584159596N00132026EA0157500690
B1320594159596N00132026EA0157500690
B1321004159596N00132027EA0157500690
B1321014159596N00132027EA0157500690
B1321024159597N00132027EA0157500690
B1321034159597N00132027EA0157500690
B1321044159597N00132027EA0157500690
B1321054159597N00132027EA0157500690
B1321064159597N00132027EA0157500690
B1321074159597N00132027EA0157500690
B1321084159596N00132026EA0157500689
B1321094159596N00132026EA0157500689
B1321104159595N00132026EA0157500689
B1321114159595N00132026EA0157500689
B1321124159595N00132025EA0157500689
B1321134159595N00132025EA0157500689
B1321144159595N00132025EA0157500690
B1321154159595N00132025EA0157500690
B1321164159594N00132024EA0157500690
B1321174159594N00132024EA0157500691
B1321184159595N00132025EA0157500691
B1321194159595N00132026EA0157500691
B1321204159595N00132026EA0157500691
B1321214159594N00132027EA0157500690
B1321224159594N00132028EA0157500690
B1321234159593N00132029EA0157500689
B1321244159593N00132028EA0157500689
B1321254159593N00132029EA0157500688
B1321264159593N00132029EA0157500688
B1321274159593N00132029EA0157500687
B1321284159593N00132029EA0157500687
B1321294159592N00132028EA0157500687
B1321304159592N00132027EA0157500687
B1321314159592N00132027EA0157500687
B1321324159592N00132027EA0157500686
B1321334159592N00132026EA0157500686
B1321344159591N00132026EA0157500686
B1321354159591N00132026EA0157500686
B1321364159591N00132026EA0157500686
B1321374159591N00132026EA0157500686
B1321384159591N00132027EA0157500686
B1321394159591N00132026EA0157500685
B1321404159591N00132026EA0157500685
B1321414159591N00132027EA0157500685
B1321424159591N00132027EA0157500685
B1321434159590N00132028EA0157500685
B1321444159590N00132029EA0157500685
B1321454159591N00132030EA0157500685
B1321464159591N00132029EA0157500685
B1321474159591N00132029EA0157500684
B1321484159592N00132029EA0157500684
B1321494159592N00132028EA0157500684
B1321504159593N00132027EA0157500684
B1321514159593N00132027EA0157500684
B1321524159594N00132027EA0157500685
B1321534159594N00132027EA0157500685
B1321544159594N00132028EA0157500685
B1321554159594N00132028EA0157500685
B1321564159594N00132028EA0157500685
B1321574159595N00132028EA0157500685
B1321584159595N00132028EA0157500685
B1321594159595N00132028EA0157500685
B1322004159595N00132028EA0157500686
B1322014159595N00132028EA0157500686
B1322024159595N00132028EA0157500686
B1322034159595N00132028EA0157500686
B1322044159595N00132028EA0157500686
B1322054159595N00132028EA0157500686
B1322064159595N00132028EA0157500686
B1322074159595N00132028EA0157500686
B1322084159595N00132027EA0157500687
B1322094159595N00132027EA0157500687
B1322104159595N00132027EA0157500687
B1322114159595N00132027EA0157500687
B1322124159595N00132027EA0157500687
B1322134159595N00132027EA0157500687
B1322144159595N00132027EA0157500687
B1322154159595N00132027EA0157500687
B1322164159595N00132027EA0157500687
B1322174159595N00132027EA0157500688
B1322184159595N00132027EA0157500688
B1322194159595N00132027EA0157500688
B1322204159595N00132027EA0157500688
B1322214159595N00132027EA0157500688
B1322224159595N00132026EA0157500688
B1322234159595N00132026EA0157500688
B1322244159595N00132026EA0157500688
B1322254159595N00132026EA0157500688
B1322264159595N00132027EA0157500689
B1322274159595N00132027EA0157500689
B1322284159595N00132027EA0157500689
B1322294159595N00132027EA0157500689
B1322304159595N00132026EA0157500689
B1322314159595N00132026EA0157500689
B1322324159595N00132025EA0157500690
B1322334159594N00132025EA0157500690
B1322344159594N00132024EA0157500690
B1322354159594N00132024EA0157500691
B1322364159594N00132024EA0157500690
B1322374159594N00132024EA0157500690
B1322384159594N00132024EA0157500690
B1322394159594N00132024EA0157500689
B1322404159594N00132024EA0157500689
B1322414159593N00132024EA0157500689
B1322424159593N00132024EA0157500689
B1322434159594N00132024EA0157500689
B1322444159594N00132024EA0157500688
B1322454159595N00132023EA0157500688
B1322464159596N00132024EA0157500688
B1322474159596N00132025EA0157500688
B1322484159596N00132025EA0157500688
B1322494159596N00132025EA0157500688
B1322504159596N00132025EA0157500688
B1322514159596N00132025EA0157500688
B1322524159596N00132025EA0157500688
B1322534159596N00132026EA0157500688
B1322544159597N00132027EA0157500687
B1322554159597N00132028EA0157500688
B1322564159597N00132028EA0157500688
B1322574159597N00132028EA0157500688
B1322584159597N00132028EA0157500689
B1322594159597N00132028EA0157500689
B1323004159597N00132028EA0157500690
B1323014159597N00132028EA0157500691
B1323024159597N00132028EA0157500691
B1323034159598N00132028EA0157500691
B1323044159597N00132027EA0157500692
B1323054159597N00132027EA0157500691
B1323064159597N00132027EA0157500692
B1323074159597N00132027EA0157500690
B1323084159597N00132027EA0157500690
B1323094159596N00132027EA0157500690
B1323104159596N00132027EA0157500690
B1323114159596N00132027EA0157500690
B1323124159596N00132027EA0157500690
B1323134159595N00132026EA0157500690
B1323144159595N00132026EA0157500690
B1323154159595N00132025EA0157500692
B1323164159595N00132026EA0157500692
B1323174159595N00132026EA0157500691
B1323184159595N00132026EA0157500691
B1323194159595N00132026EA0157500692
B1323204159594N00132027EA0157500692
B1323214159594N00132027EA0157500692
B1323224159594N00132027EA0157500691
B1323234159594N00132027EA0157500692
B1323244159594N00132027EA0157500691
B1323254159594N00132027EA0157500690
B1323264159594N00132028EA0157500689
B1323274159594N00132028EA0157500689
B1323284159594N00132029EA0157500689
B1323294159593N00132029EA0157500688
B1323304159594N00132030EA0157500687
B1323314159594N00132030EA0157500687
B1323324159594N00132030EA0157500686
B1323334159594N00132030EA0157500687
B1323344159594N00132030EA0157500687
B1323354159594N00132029EA0157500687
B1323364159594N00132029EA0157500687
B1323374159594N00132029EA0157500687
B1323384159594N00132029EA0157500687
B1323394159595N00132029EA0157500687
B1323404159595N00132028EA0157500687
B1323414159594N00132028EA0157500687
B1323424159595N00132028EA0157500687
B1323434159595N00132028EA0157500687
B1323444159595N00132028EA0157500687
B1323454159595N00132028EA0157500687
B1323464159595N00132028EA0157500687
B1323474159595N00132028EA0157500687
B1323484159595N00132027EA0157500688
B1323494159594N00132027EA0157500688
B1323504159594N00132027EA0157500688
B1323514159594N00132027EA0157500687
B1323524159594N00132026EA0157500687
B1323534159594N00132026EA0157500688
B1323544159594N00132026EA0157500687
B1323554159594N00132026EA0157500688
B1323564159594N00132025EA0157500688
B1323574159594N00132025EA0157500688
B1323584159594N00132025EA0157500688
B1323594159594N00132025EA0157500688
B1324004159594N00132025EA0157500688
B1324014159594N00132025EA0157500688
B1324024159594N00132025EA0157500688
B1324034159595N00132025EA0157500688
B1324044159595N00132025EA0157500688
B1324054159596N00132025EA0157500689
B1324064159596N00132024EA0157500689
B1324074159596N00132024EA0157500689
B1324084159597N00132025EA0157500689
B1324094159597N00132025EA0157500689
B1324104159597N00132025EA0157500689
B1324114159597N00132025EA0157500689
B1324124159597N00132025EA0157500689
B1324134159596N00132024EA0157500688
B1324144159596N00132023EA0157500689
B1324154159596N00132024EA0157500689
B1324164159595N00132025EA0157500690
B1324174159595N00132025EA0157500690
B1324184159595N00132025EA0157500690
B1324194159595N00132025EA0157500689
B1324204159595N00132025EA0157500688
B1324214159595N00132025EA0157500688
B1324224159595N00132024EA0157500689
B1324234159595N00132024EA0157500688
B1324244159595N00132025EA0157500688
B1324254159595N00132025EA0157500688
B1324264159595N00132024EA0157500688
B1324274159595N00132024EA0157500688
B1324284159595N00132024EA0157500688
B1324294159594N00132024EA0157500688
B1324304159594N00132024EA0157500688
B1324314159594N00132024EA0157500688
B1324324159594N00132024EA0157500688
B1324334159594N00132024EA0157500688
B1324344159594N00132024EA0157500688
B1324354159594N00132024EA0157500688
B1324364159594N00132024EA0157500688
B1324374159594N00132024EA0157500688
B1324384159594N00132024EA0157500688
B1324394159593N00132024EA0157500688
B1324404159593N00132024EA0157500688
B1324414159593N00132024EA0157500688
B1324424159593N00132024EA0157500688
B1324434159593N00132024EA0157500688
B1324444159593N00132024EA0157500690
B1324454159593N00132024EA0157500690
B1324464159592N00132025EA0157500691
B1324474159592N00132025EA0157500692
B1324484159592N00132025EA0157500692
B1324494159592N00132025EA0157500692
B1324504159593N00132024EA0157500693
B1324514159593N00132023EA0157500692
B1324524159593N00132023EA0157500692
B1324534159593N00132023EA0157500692
B1324544159593N00132023EA0157500692
B1324554159592N00132023EA0157500692
B1324564159592N00132024EA0157500692
B1324574159593N00132023EA0157500693
B1324584159593N00132024EA0157500693
B1324594159592N00132024EA0157500693
B1325004159593N00132024EA0157500694
B1325014159593N00132024EA0157500694
B1325024159593N00132023EA0157500695
B1325034159592N00132023EA0157500694
B1325044159592N00132022EA0157500694
B1325054159592N00132021EA0157500694
B1325064159592N00132021EA0157500693
B1325074159593N00132021EA0157500693
B1325084159593N00132021EA0157500694
B1325094159593N00132022EA0157500694
B1325104159593N00132023EA0157500694
B1325114159594N00132023EA0157500694
B1325124159594N00132023EA0157500695
B1325134159594N00132023EA0157500695
B1325144159594N00132023EA0157500695
B1325154159594N00132023EA0157500694
B1325164159594N00132023EA0157500694
B1325174159593N00132022EA0157500695
B1325184159593N00132022EA0157500695
B1325194159593N00132022EA0157500695
B1325204159593N00132022EA0157500694
B1325214159594N00132022EA0157500694
B1325224159594N00132022EA0157500694
B1325234159594N00132022EA0157500693
B1325244159595N00132022EA0157500693
B1325254159595N00132022EA0157500693
B1325264159595N00132022EA0157500692
B1325274159595N00132022EA0157500692
B1325284159594N00132021EA0157500692
B1325294159594N00132021EA0157500692
B1325304159593N00132021EA0157500692
B1325314159594N00132021EA0157500692
B1325324159594N00132021EA0157500692
B1325334159593N00132021EA0157500692
B1325344159593N00132022EA0157500692
B1325354159593N00132022EA0157500693
B1325364159593N00132022EA0157500692
B1325374159593N00132022EA0157500693
B1325384159593N00132022EA0157500693
B1325394159593N00132022EA0157500693
B1325404159593N00132022EA0157500693
B1325414159593N00132022EA0157500694
B1325424159594N00132023EA0157500694
B1325434159594N00132024EA0157500694
B1325444159594N00132024EA0157500694
B1325454159594N00132024EA0157500694
B1325464159594N00132024EA0157500693
B1325474159594N00132023EA0157500693
B1325484159594N00132023EA0157500693
B1325494159594N00132023EA0157500693
B1325504159595N00132023EA0157500693
B1325514159595N00132023EA0157500693
B1325524159595N00132023EA0157500694
B1325534159595N00132023EA0157500693
B1325544159595N00132023EA0157500693
B1325554159595N00132023EA0157500694
B1325564159595N00132023EA0157500693
B1325574159596N00132022EA0157500693
B1325584159596N00132022EA0157500693
B1325594159596N00132022EA0157500693
B1326004159596N00132022EA0157500692
B1326014159596N00132022EA0157500692
B1326024159596N00132022EA0157500692
B1326034159596N00132022EA0157500692
B1326044159596N00132022EA0157500692
B1326054159596N00132022EA0157500692
B1326064159596N00132022EA0157500692
B1326074159596N00132022EA0157500691
B1326084159596N00132023EA0157500691
B1326094159596N00132023EA0157500691
B1326104159596N00132022EA0157500690
B1326114159596N00132022EA0157500690
B1326124159596N00132022EA0157500690
B1326134159596N00132023EA0157500690
B1326144159596N00132023EA0157500690
B1326154159596N00132023EA0157500690
B1326164159596N00132023EA0157500690
B1326174159596N00132023EA0157500690
B1326184159596N00132023EA0157500691
B1326194159596N00132023EA0157500691
B1326204159596N00132023EA0157500691
B1326214159596N00132023EA0157500691
B1326224159596N00132023EA0157500692
B1326234159596N00132022EA0157500692
B1326244159596N00132022EA0157500692
B1326254159596N00132022EA0157500693
B1326264159596N00132022EA0157500692
B1326274159596N00132023EA0157500692
B1326284159596N00132023EA0157500691
B1326294159595N00132024EA0157500691
B1326304159595N00132025EA0157500691
B1326314159595N00132025EA0157500691
B1326324159595N00132025EA0157500690
B1326334159595N00132024EA0157500690
B1326344159595N00132024EA0157500690
B1326354159595N00132025EA0157500690
B1326364159594N00132025EA0157500691
B1326374159594N00132025EA0157500693
B1326384159594N00132025EA0157500693
B1326394159594N00132024EA0157500693
B1326404159594N00132024EA0157500693
B1326414159594N00132024EA0157500693
B1326424159594N00132024EA0157500693
B1326434159594N00132024EA0157500693
B1326444159594N00132023EA0157500693
B1326454159594N00132023EA0157500693
B1326464159594N00132023EA0157500692
B1326474159594N00132023EA0157500692
B1326484159594N00132023EA0157500692
B1326494159594N00132022EA0157500692
B1326504159594N00132021EA0157500693
B1326514159594N00132021EA0157500693
B1326524159594N00132021EA0157500693
B1326534159594N00132020EA0157500694
B1326544159594N00132020EA0157500693
B1326554159594N00132020EA0157500694
B1326564159594N00132021EA0157500693
B1326574159594N00132021EA0157500693
B1326584159594N00132021EA0157500693
B1326594159594N00132021EA0157500693
B1327004159594N00132021EA0157500693
B1327014159594N00132021EA0157500693
B1327024159594N00132022EA0157500693
B1327034159594N00132022EA0157500693
B1327044159594N00132022EA0157500694
B1327054159594N00132022EA0157500694
B1327064159593N00132023EA0157500694
B1327074159593N00132023EA0157500694
B1327084159593N00132022EA0157500694
B1327094159593N00132023EA0157500694
B1327104159593N00132023EA0157500694
B1327114159593N00132023EA0157500695
B1327124159593N00132023EA0157500696
B1327134159593N00132023EA0157500696
B1327144159593N00132024EA0157500696
B1327154159593N00132024EA0157500695
B1327164159593N00132024EA0157500695
B1327174159593N00132024EA0157500694
B1327184159593N00132024EA0157500694
B1327194159593N00132024EA0157500694
B1327204159593N00132024EA0157500694
B1327214159593N00132024EA0157500694
B1327224159593N00132024EA0157500695
B1327234159593N00132024EA0157500694
B1327244159593N00132025EA0157500694
B1327254159593N00132025EA0157500694
B1327264159593N00132025EA0157500694
B1327274159593N00132025EA0157500694
B1327284159593N00132025EA0157500694
B1327294159594N00132025EA0157500694
B1327304159594N00132025EA0157500693
B1327314159594N00132024EA0157500693
B1327324159594N00132024EA0157500693
B1327334159594N00132024EA0157500692
B1327344159594N00132025EA0157500692
B1327354159594N00132025EA0157500692
B1327364159594N00132025EA0157500691
B1327374159594N00132025EA0157500691
B1327384159593N00132025EA0157500691
B1327394159593N00132025EA0157500690
B1327404159593N00132025EA0157500690
B1327414159593N00132025EA0157500690
B1327424159593N00132026EA0157500690
B1327434159594N00132026EA0157500690
B1327444159593N00132026EA0157500690
B1327454159593N00132026EA0157500690
B1327464159593N00132025EA0157500689
B1327474159594N00132026EA0157500689
B1327484159594N00132026EA0157500689
B1327494159593N00132026EA0157500689
B1327504159593N00132026EA0157500689
B1327514159593N00132026EA0157500689
B1327524159593N00132026EA0157500688
B1327534159594N00132026EA0157500688
B1327544159594N00132026EA0157500688
B1327554159594N00132026EA0157500688
B1327564159594N00132026EA0157500688
B1327574159594N00132026EA0157500688
B1327584159594N00132026EA0157500688
B1327594159594N00132026EA0157500688
B1328004159594N00132026EA0157500688
B1328014159594N00132026EA0157500688
B1328024159594N00132026EA0157500689
B1328034159594N00132027EA0157500689
B1328044159594N00132027EA0157500689
B1328054159594N00132027EA0157500689
B1328064159594N00132027EA0157500690
B1328074159594N00132027EA0157500690
B1328084159594N00132027EA0157500689
B1328094159594N00132027EA0157500689
B1328104159594N00132027EA0157500689
B1328114159594N00132027EA0157500689
B1328124159594N00132027EA0157500689
B1328134159594N00132027EA0157500689
B1328144159594N00132027EA0157500689
B1328154159594N00132027EA0157500689
B1328164159594N00132027EA0157500688
B1328174159594N00132027EA0157500688
B1328184159594N00132027EA0157500688
B1328194159594N00132027EA0157500688
B1328204159594N00132027EA0157500688
B1328214159593N00132028EA0157500688
B1328224159593N00132028EA0157500688
B1328234159593N00132028EA0157500687
B1328244159593N00132027EA0157500687
B1328254159593N00132027EA0157500687
B1328264159593N00132027EA0157500686
B1328274159593N00132026EA0157500687
B1328284159593N00132026EA0157500687
B1328294159592N00132026EA0157500687
B1328304159593N00132026EA0157500687
B1328314159593N00132026EA0157500687
B1328324159592N00132026EA0157500687
B1328334159592N00132026EA0157500687
B1328344159592N00132026EA0157500687
B1328354159592N00132026EA0157500686
B1328364159592N00132026EA0157500686
B1328374159592N00132026EA0157500686
B1328384159592N00132025EA0157500686
B1328394159592N00132026EA0157500686
B1328404159592N00132026EA0157500686
B1328414159592N00132026EA0157500686
B1328424159592N00132026EA0157500686
B1328434159592N00132026EA0157500686
B1328444159592N00132026EA0157500686
B1328454159592N00132026EA0157500686
B1328464159592N00132026EA0157500686
B1328474159592N00132026EA0157500686
B1328484159592N00132026EA0157500686
B1328494159592N00132026EA0157500686
B1328504159592N00132026EA0157500686
B1328514159592N00132025EA0157500686
B1328524159592N00132025EA0157500686
B1328534159592N00132025EA0157500686
B1328544159592N00132025EA0157500685
B1328554159592N00132025EA0157500685
B1328564159592N00132026EA0157500685
B1328574159592N00132026EA0157500685
B1328584159592N00132026EA0157500685
B1328594159592N00132026EA0157500685
B1329004159592N00132026EA0157500685
B1329014159592N00132026EA0157500685
B1329024159592N00132025EA0157500685
B1329034159592N00132025EA0157500686
B1329044159592N00132025EA0157500686
B1329054159592N00132025EA0157500686
B1329064159592N00132025EA0157500686
B1329074159592N00132025EA0157500685
B1329084159592N00132025EA0157500685
B1329094159592N00132025EA0157500685
B1329104159591N00132025EA0157500685
B1329114159591N00132025EA0157500685
B1329124159591N00132025EA0157500685
B1329134159591N00132025EA0157500685
B1329144159591N00132025EA0157500685
B1329154159591N00132025EA0157500685
B1329164159591N00132025EA0157500685
B1329174159591N00132024EA0157500685
B1329184159590N00132024EA0157500685
B1329194159590N00132024EA0157500685
B1329204159590N00132024EA0157500684
B1329214159591N00132025EA0157500684
B1329224159591N00132025EA0157500684
B1329234159591N00132025EA0157500686
B1329244159591N00132025EA0157500687
B1329254159591N00132025EA0157500687
B1329264159591N00132025EA0157500687
B1329274159591N00132025EA0157500687
B1329284159591N00132025EA0157500687
B1329294159591N00132025EA0157500687
B1329304159591N00132025EA0157500687
B1329314159591N00132024EA0157500688
B1329324159591N00132025EA0157500688
B1329334159591N00132025EA0157500689
B1329344159591N00132026EA0157500688
B1329354159591N00132025EA0157500690
B1329364159591N00132025EA0157500690
B1329374159591N00132025EA0157500690
B1329384159591N00132025EA0157500690
B1329394159591N00132024EA0157500690
B1329404159591N00132024EA0157500690
B1329414159591N00132024EA0157500691
B1329424159591N00132024EA0157500691
B1329434159592N00132024EA0157500691
B1329444159592N00132024EA0157500691
B1329454159592N00132024EA0157500691
B1329464159592N00132024EA0157500690
B1329474159592N00132024EA0157500690
B1329484159592N00132024EA0157500690
B1329494159592N00132024EA0157500690
B1329504159592N00132024EA0157500691
B1329514159592N00132024EA0157500691
B1329524159592N00132024EA0157500692
B1329534159592N00132024EA0157500691
B1329544159592N00132024EA0157500690
B1329554159592N00132024EA0157500691
B1329564159592N00132024EA0157500691
B1329574159592N00132025EA0157500690
B1329584159592N00132025EA0157500689
B1329594159592N00132025EA0157500689
B1330004159592N00132025EA0157500689
B1330014159592N00132025EA0157500689
B1330024159592N00132025EA0157500689
B1330034159592N00132025EA0157500689
B1330044159592N00132025EA0157500689
B1330054159592N00132025EA0157500688
B1330064159592N00132025EA0157500689
B1330074159592N00132025EA0157500689
B1330084159592N00132025EA0157500689
B1330094159592N00132025EA0157500690
B1330104159592N00132025EA0157500690
B1330114159592N00132025EA0157500691
B1330124159592N00132025EA0157500691
B1330134159592N00132025EA0157500690
B1330144159593N00132025EA0157500691
B1330154159592N00132025EA0157500691
B1330164159592N00132025EA0157500691
B1330174159592N00132026EA0157500690
B1330184159593N00132025EA0157500690
B1330194159592N00132025EA0157500690
B1330204159592N00132025EA0157500690
B1330214159592N00132026EA0157500691
B1330224159592N00132026EA0157500691
B1330234159592N00132026EA0157500690
B1330244159593N00132026EA0157500690
B1330254159593N00132026EA0157500690
B1330264159593N00132026EA0157500690
B1330274159593N00132026EA0157500690
B1330284159593N00132026EA0157500690
B1330294159593N00132026EA0157500690
B1330304159593N00132026EA0157500690
B1330314159593N00132025EA0157500690
B1330324159592N00132025EA0157500690
B1330334159592N00132025EA0157500691
B1330344159592N00132025EA0157500691
B1330354159593N00132025EA0157500691
B1330364159592N00132025EA0157500692
B1330374159592N00132025EA0157500692
B1330384159592N00132025EA0157500693
B1330394159592N00132025EA0157500692
B1330404159592N00132025EA0157500692
B1330414159592N00132025EA0157500691
B1330424159592N00132025EA0157500692
B1330434159592N00132025EA0157500692
B1330444159592N00132025EA0157500691
B1330454159592N00132025EA0157500691
B1330464159592N00132025EA0157500691
B1330474159592N00132025EA0157500691
B1330484159592N00132025EA0157500690
B1330494159592N00132025EA0157500691
B1330504159593N00132025EA0157500691
B1330514159593N00132025EA0157500691
B1330524159593N00132025EA0157500691
B1330534159592N00132025EA0157500691
B1330544159592N00132025EA0157500691
B1330554159592N00132025EA0157500691
B1330564159592N00132025EA0157500691
B1330574159592N00132025EA0157500692
B1330584159592N00132026EA0157500692
B1330594159593N00132026EA0157500691
B1331004159593N00132025EA0157500691
B1331014159593N00132024EA0157500692
B1331024159592N00132024EA0157500692
B1331034159592N00132023EA0157500693
B1331044159592N00132023EA0157500693
B1331054159592N00132023EA0157500693
B1331064159592N00132023EA0157500692
B1331074159592N00132023EA0157500692
B1331084159592N00132023EA0157500692
B1331094159592N00132023EA0157500692
B1331104159592N00132023EA0157500692
B1331114159592N00132024EA0157500691
B1331124159592N00132023EA0157500691
B1331134159592N00132023EA0157500692
B1331144159592N00132023EA0157500692
B1331154159592N00132023EA0157500691
B1331164159592N00132023EA0157500691
B1331174159592N00132023EA0157500691
B1331184159592N00132023EA0157500690
B1331194159592N00132023EA0157500690
B1331204159592N00132023EA0157500690
B1331214159592N00132023EA0157500690
B1331224159592N00132022EA0157500691
B1331234159592N00132022EA0157500691
B1331244159592N00132023EA0157500691
B1331254159591N00132022EA0157500692
B1331264159591N00132023EA0157500692
B1331274159591N00132023EA0157500692
B1331284159592N00132023EA0157500692
B1331294159592N00132022EA0157500691
B1331304159592N00132022EA0157500691
B1331314159592N00132022EA0157500690
B1331324159592N00132022EA0157500690
B1331334159592N00132022EA0157500690
B1331344159592N00132022EA0157500690
B1331354159592N00132022EA0157500690
B1331364159592N00132022EA0157500689
B1331374159592N00132023EA0157500689
B1331384159592N00132023EA0157500689
B1331394159592N00132023EA0157500689
B1331404159591N00132023EA0157500689
B1331414159591N00132022EA0157500689
B1331424159592N00132022EA0157500689
B1331434159592N00132022EA0157500689
B1331444159592N00132022EA0157500689
B1331454159592N00132022EA0157500688
B1331464159592N00132022EA0157500689
B1331474159592N00132022EA0157500689
B1331484159592N00132022EA0157500689
B1331494159592N00132022EA0157500689
B1331504159592N00132022EA0157500689
B1331514159592N00132022EA0157500688
B1331524159592N00132023EA0157500689
B1331534159592N00132023EA0157500690
B1331544159592N00132022EA0157500690
B1331554159592N00132023EA0157500691
B1331564159591N00132023EA0157500690
B1331574159591N00132023EA0157500690
B1331584159591N00132022EA0157500691
B1331594159591N00132022EA0157500691
B1332004159591N00132022EA0157500691
B1332014159591N00132022EA0157500690
B1332024159591N00132022EA0157500689
B1332034159591N00132022EA0157500689
B1332044159591N00132022EA0157500690
B1332054159591N00132022EA0157500690
B1332064159591N00132023EA0157500690
B1332074159591N00132022EA0157500691
B1332084159591N00132022EA0157500691
B1332094159591N00132022EA0157500691
B1332104159591N00132022EA0157500691
B1332114159591N00132022EA0157500691
B1332124159591N00132023EA0157500691
B1332134159591N00132023EA0157500691
B1332144159591N00132023EA0157500691
B1332154159591N00132023EA0157500691
B1332164159591N00132023EA0157500691
B1332174159591N00132023EA0157500690
B1332184159591N00132022EA0157500690
B1332194159591N00132022EA0157500691
B1332204159591N00132023EA0157500690
B1332214159591N00132023EA0157500691
B1332224159590N00132023EA0157500691
B1332234159590N00132024EA0157500691
B1332244159590N00132024EA0157500692
B1332254159591N00132024EA0157500692
B1332264159591N00132024EA0157500692
B1332274159591N00132024EA0157500692
B1332284159591N00132024EA0157500692
B1332294159591N00132024EA0157500692
B1332304159591N00132024EA0157500692
B1332314159591N00132024EA0157500692
B1332324159590N00132024EA0157500692
B1332334159591N00132024EA0157500692
B1332344159591N00132024EA0157500692
B1332354159591N00132024EA0157500692
B1332364159591N00132023EA0157500691
B1332374159591N00132023EA0157500691
B1332384159591N00132023EA0157500691
B1332394159591N00132024EA0157500691
B1332404159591N00132023EA0157500692
B1332414159590N00132023EA0157500693
B1332424159590N00132023EA0157500693
B1332434159590N00132023EA0157500692
B1332444159590N00132023EA0157500692
B1332454159591N00132023EA0157500692
B1332464159591N00132023EA0157500691
B1332474159590N00132023EA0157500691
B1332484159591N00132023EA0157500691
B1332494159591N00132023EA0157500691
B1332504159591N00132023EA0157500690
B1332514159591N00132023EA0157500690
B1332524159591N00132023EA0157500690
B1332534159591N00132023EA0157500690
B1332544159591N00132023EA0157500690
B1332554159591N00132023EA0157500691
B1332564159591N00132023EA0157500691
B1332574159591N00132023EA0157500691
B1332584159591N00132023EA0157500691
B1332594159591N00132022EA0157500691
B1333004159591N00132022EA0157500691
B1333014159591N00132022EA0157500691
B1333024159591N00132022EA0157500690
B1333034159592N00132022EA0157500690
B1333044159592N00132022EA0157500690
B1333054159592N00132022EA0157500690
B1333064159592N00132022EA0157500690
B1333074159592N00132022EA0157500690
B1333084159592N00132022EA0157500690
B1333094159592N00132022EA0157500690
B1333104159592N00132021EA0157500690
B1333114159592N00132021EA0157500690
B1333124159592N00132021EA0157500691
B1333134159592N00132021EA0157500691
B1333144159592N00132021EA0157500691
B1333154159592N00132021EA0157500692
B1333164159592N00132021EA0157500692
B1333174159592N00132021EA0157500692
B1333184159592N00132021EA0157500693
B1333194159592N00132021EA0157500692
B1333204159592N00132021EA0157500692
B1333214159592N00132021EA0157500693
B1333224159592N00132021EA0157500692
B1333234159592N00132021EA0157500692
B1333244159592N00132021EA0157500692
B1333254159592N00132021EA0157500692
B1333264159592N00132021EA0157500691
B1333274159592N00132021EA0157500691
B1333284159592N00132020EA0157500691
B1333294159592N00132021EA0157500691
B1333304159592N00132020EA0157500692
B1333314159592N00132020EA0157500692
B1333324159592N00132020EA0157500692
B1333334159592N00132020EA0157500692
B1333344159592N00132020EA0157500692
B1333354159592N00132021EA0157500691
B1333364159592N00132021EA0157500691
B1333374159592N00132021EA0157500691
B1333384159592N00132021EA0157500691
B1333394159592N00132021EA0157500690
B1333404159592N00132021EA0157500690
B1333414159592N00132021EA0157500690
B1333424159591N00132021EA0157500690
B1333434159591N00132021EA0157500690
B1333444159591N00132021EA0157500690
B1333454159591N00132021EA0157500690
B1333464159591N00132021EA0157500690
B1333474159591N00132021EA0157500689
B1333484159591N00132021EA0157500689
B1333494159591N00132021EA0157500689
B1333504159592N00132021EA0157500689
B1333514159592N00132021EA0157500689
B1333524159592N00132021EA0157500689
B1333534159591N00132021EA0157500689
B1333544159591N00132021EA0157500689
B1333554159592N00132021EA0157500689
B1333564159592N00132021EA0157500688
B1333574159591N00132021EA0157500688
B1333584159591N00132021EA0157500689
B1333594159592N00132021EA0157500688
B1334004159592N00132021EA0157500689
B1334014159591N00132021EA0157500688
B1334024159591N00132021EA0157500688
B1334034159591N00132021EA0157500688
B1334044159592N00132021EA0157500688
B1334054159592N00132021EA0157500688
B1334064159592N00132021EA0157500688
B1334074159592N00132021EA0157500688
B1334084159592N00132021EA0157500688
B1334094159592N00132021EA0157500687
B1334104159592N00132021EA0157500687
B1334114159592N00132021EA0157500687
B1334124159592N00132021EA0157500688
B1334134159592N00132022EA0157500688
B1334144159592N00132021EA0157500688
B1334154159592N00132021EA0157500688
B1334164159591N00132021EA0157500689
B1334174159591N00132021EA0157500689
B1334184159591N00132021EA0157500689
B1334194159591N00132021EA0157500689
B1334204159591N00132021EA0157500689
B1334214159592N00132021EA0157500689
B1334224159592N00132021EA0157500689
B1334234159592N00132021EA0157500689
B1334244159592N00132021EA0157500688
B1334254159592N00132021EA0157500688
B1334264159592N00132021EA0157500689
B1334274159592N00132021EA0157500689
B1334284159592N00132021EA0157500689
B1334294159592N00132021EA0157500688
B1334304159592N00132021EA0157500689
B1334314159592N00132022EA0157500689
B1334324159592N00132021EA0157500689
B1334334159592N00132022EA0157500689
B1334344159592N00132022EA0157500689
B1334354159592N00132022EA0157500689
B1334364159592N00132021EA0157500690
B1334374159592N00132021EA0157500690
B1334384159592N00132021EA0157500690
B1334394159592N00132021EA0157500690
B1334404159592N00132021EA0157500691
B1334414159592N00132020EA0157500691
B1334424159592N00132020EA0157500692
B1334434159592N00132020EA0157500692
B1334444159592N00132020EA0157500692
B1334454159592N00132020EA0157500692
B1334464159591N00132020EA0157500693
B1334474159591N00132021EA0157500693
B1334484159591N00132021EA0157500694
B1334494159591N00132021EA0157500694
B1334504159591N00132021EA0157500693
B1334514159591N00132021EA0157500693
B1334524159591N00132021EA0157500693
B1334534159591N00132021EA0157500693
B1334544159591N00132021EA0157500693
B1334554159590N00132021EA0157500693
B1334564159590N00132021EA0157500693
B1334574159589N00132021EA0157500693
B1334584159589N00132021EA0157500693
B1334594159589N00132021EA0157500693
B1335004159590N00132021EA0157500693
B1335014159589N00132021EA0157500692
B1335024159589N00132021EA0157500692
B1335034159589N00132021EA0157500692
B1335044159589N00132021EA0157500693
B1335054159589N00132021EA0157500693
B1335064159590N00132021EA0157500693
B1335074159590N00132021EA0157500693
B1335084159590N00132021EA0157500694
B1335094159590N00132022EA0157500693
B1335104159590N00132022EA0157500694
B1335114159590N00132022EA0157500696
B1335124159591N00132022EA0157500695
B1335134159591N00132022EA0157500695
B1335144159591N00132022EA0157500695
B1335154159591N00132022EA0157500695
B1335164159591N00132022EA0157500695
B1335174159591N00132022EA0157500695
B1335184159591N00132022EA0157500695
B1335194159591N00132022EA0157500695
B1335204159591N00132022EA0157500695
B1335214159591N00132021EA0157500694
B1335224159591N00132022EA0157500693
B1335234159591N00132022EA0157500694
B1335244159591N00132022EA0157500694
B1335254159591N00132021EA0157500694
B1335264159591N00132021EA0157500694
B1335274159591N00132022EA0157500694
B1335284159591N00132022EA0157500694
B1335294159591N00132022EA0157500693
B1335304159591N00132022EA0157500693
B1335314159591N00132022EA0157500693
B1335324159591N00132022EA0157500693
B1335334159591N00132022EA0157500693
B1335344159591N00132022EA0157500692
B1335354159591N00132022EA0157500692
B1335364159591N00132022EA0157500692
B1335374159591N00132022EA0157500692
B1335384159591N00132022EA0157500692
B1335394159591N00132022EA0157500693
B1335404159591N00132023EA0157500693
B1335414159592N00132023EA0157500693
B1335424159592N00132023EA0157500693
B1335434159592N00132023EA0157500693
B1335444159592N00132023EA0157500694
B1335454159592N00132023EA0157500694
B1335464159592N00132023EA0157500694
B1335474159592N00132023EA0157500694
B1335484159592N00132023EA0157500694
B1335494159592N00132023EA0157500694
B1335504159592N00132024EA0157500694
B1335514159592N00132024EA0157500694
B1335524159592N00132024EA0157500694
B1335534159593N00132024EA0157500694
B1335544159593N00132024EA0157500694
B1335554159593N00132025EA0157500694
B1335564159593N00132025EA0157500694
B1335574159593N00132025EA0157500693
B1335584159593N00132025EA0157500693
B1335594159593N00132024EA0157500692
B1336004159593N00132024EA0157500692
B1336014159593N00132024EA0157500693
B1336024159593N00132024EA0157500692
B1336034159594N00132024EA0157500692
B1336044159594N00132024EA0157500694
B1336054159594N00132025EA0157500695
B1336064159594N00132025EA0157500695
B1336074159594N00132025EA0157500695
B1336084159594N00132025EA0157500695
B1336094159595N00132025EA0157500696
B1336104159594N00132025EA0157500696
B1336114159595N00132025EA0157500696
B1336124159595N00132025EA0157500696
B1336134159595N00132025EA0157500696
B1336144159595N00132025EA0157500696
B1336154159595N00132025EA0157500696
B1336164159595N00132025EA0157500696
B1336174159595N00132025EA0157500696
B1336184159595N00132025EA0157500696
B1336194159595N00132025EA0157500696
B1336204159596N00132025EA0157500696
B1336214159596N00132025EA0157500695
B1336224159596N00132025EA0157500697
B1336234159596N00132025EA0157500697
B1336244159596N00132025EA0157500697
B1336254159596N00132025EA0157500698
B1336264159596N00132024EA0157500698
B1336274159595N00132024EA0157500697
B1336284159594N00132024EA0157500697
B1336294159594N00132024EA0157500696
B1336304159593N00132024EA0157500696
B1336314159593N00132024EA0157500696
B1336324159593N00132025EA0157500696
B1336334159593N00132025EA0157500695
B1336344159593N00132024EA0157500695
B1336354159592N00132024EA0157500694
B1336364159592N00132025EA0157500694
B1336374159592N00132024EA0157500693
B1336384159592N00132024EA0157500693
B1336394159591N00132024EA0157500692
B1336404159591N00132025EA0157500692
B1336414159590N00132025EA0157500692
B1336424159590N00132025EA0157500691
B1336434159591N00132025EA0157500691
B1336444159591N00132025EA0157500691
B1336454159591N00132025EA0157500691
B1336464159591N00132026EA0157500690
B1336474159591N00132026EA0157500690
B1336484159591N00132026EA0157500690
B1336494159591N00132026EA0157500690
B1336504159591N00132026EA0157500691
B1336514159591N00132025EA0157500690
B1336524159591N00132025EA0157500690
B1336534159590N00132026EA0157500690
B1336544159590N00132025EA0157500689
B1336554159590N00132025EA0157500689
B1336564159590N00132026EA0157500689
B1336574159590N00132026EA0157500689
B1336584159590N00132026EA0157500689
B1336594159590N00132025EA0157500689
B1337004159590N00132026EA0157500689
B1337014159590N00132026EA0157500690
B1337024159590N00132025EA0157500689
B1337034159590N00132025EA0157500690
B1337044159590N00132026EA0157500690
B1337054159591N00132026EA0157500689
B1337064159591N00132026EA0157500689
B1337074159591N00132026EA0157500688
B1337084159591N00132026EA0157500689
B1337094159590N00132026EA0157500689
B1337104159590N00132025EA0157500690
B1337114159591N00132026EA0157500690
B1337124159590N00132026EA0157500689
B1337134159590N00132026EA0157500690
B1337144159590N00132026EA0157500690
B1337154159590N00132026EA0157500690
B1337164159590N00132025EA0157500690
B1337174159589N00132025EA0157500690
B1337184159588N00132025EA0157500690
B1337194159587N00132024EA0157500689
B1337204159587N00132024EA0157500690
B1337214159586N00132024EA0157500689
B1337224159586N00132024EA0157500689
B1337234159585N00132023EA0157500689
B1337244159585N00132024EA0157500688
B1337254159584N00132025EA0157500688
B1337264159584N00132025EA0157500687
B1337274159584N00132025EA0157500687
B1337284159584N00132025EA0157500686
B1337294159585N00132026EA0157500686
B1337304159584N00132027EA0157500685
B1337314159584N00132027EA0157500684
B1337324159585N00132027EA0157500684
B1337334159584N00132027EA0157500684
B1337344159584N00132027EA0157500684
B1337354159585N00132027EA0157500684
B1337364159585N00132028EA0157500684
B1337374159585N00132029EA0157500683
B1337384159584N00132030EA0157500681
B1337394159585N00132030EA0157500680
B1337404159585N00132030EA0157500680
B1337414159585N00132029EA0157500680
B1337424159585N00132029EA0157500681
B1337434159585N00132029EA0157500680
B1337444159586N00132028EA0157500680
B1337454159586N00132027EA0157500682
B1337464159587N00132025EA0157500682
B1337474159588N00132025EA0157500685
B1337484159589N00132024EA0157500688
B1337494159589N00132024EA0157500689
B1337504159590N00132024EA0157500690
B1337514159590N00132024EA0157500690
B1337524159590N00132024EA0157500691
B1337534159590N00132025EA0157500691
B1337544159590N00132026EA0157500691
B1337554159590N00132026EA0157500690
B1337564159591N00132027EA0157500690
B1337574159591N00132028EA0157500688
B1337584159592N00132028EA0157500687
B1337594159592N00132029EA0157500686
B1338004159592N00132028EA0157500685
B1338014159592N00132028EA0157500685
B1338024159592N00132029EA0157500685
B1338034159593N00132029EA0157500685
B1338044159593N00132029EA0157500685
B1338054159593N00132030EA0157500683
B1338064159594N00132031EA0157500684
B1338074159594N00132032EA0157500683
B1338084159594N00132032EA0157500683
B1338094159595N00132033EA0157500683
B1338104159596N00132034EA0157500683
B1338114159596N00132034EA0157500682
B1338124159597N00132034EA0157500682
B1338134159597N00132035EA0157500682
B1338144159598N00132035EA0157500681
B1338154159598N00132036EA0157500681
B1338164159598N00132036EA0157500681
B1338174159599N00132037EA0157500681
B1338184159599N00132037EA0157500681
B1338194159599N00132037EA0157500681
B1338204159600N00132037EA0157500681
B1338214159600N00132037EA0157500681
B1338224159600N00132037EA0157500681
B1338234159600N00132038EA0157500681
B1338244159600N00132038EA0157500681
B1338254159600N00132039EA0157500681
B1338264159600N00132040EA0157500681
B1338274159600N00132040EA0157500681
B1338284159601N00132041EA0157500681
B1338294159601N00132042EA0157500681
B1338304159601N00132043EA0157500681
B1338314159601N00132044EA0157500681
B1338324159601N00132045EA0157500680
B1338334159601N00132046EA0157500680
B1338344159601N00132047EA0157500680
B1338354159601N00132047EA0157500679
B1338364159601N00132048EA0157500679
B1338374159601N00132050EA0157500679
B1338384159601N00132051EA0157500678
B1338394159601N00132051EA0157500678
B1338404159600N00132052EA0157500678
B1338414159600N00132053EA0157500678
B1338424159600N00132054EA0157500678
B1338434159600N00132054EA0157500678
B1338444159599N00132055EA0157500678
B1338454159599N00132056EA0157500678
B1338464159599N00132057EA0157500678
B1338474159600N00132058EA0157500678
B1338484159600N00132059EA0157500678
B1338494159600N00132060EA0157500678
B1338504159600N00132060EA0157500678
B1338514159601N00132061EA0157500678
B1338524159601N00132061EA0157500677
B1338534159602N00132062EA0157500678
B1338544159602N00132063EA0157500678
B1338554159602N00132063EA0157500678
B1338564159602N00132064EA0157500679
B1338574159603N00132064EA0157500679
B1338584159603N00132065EA0157500679
B1338594159603N00132066EA0157500679
B1339004159604N00132066EA0157500679
B1339014159604N00132067EA0157500679
B1339024159604N00132068EA0157500680
B1339034159605N00132068EA0157500680
B1339044159605N00132069EA0157500680
B1339054159606N00132069EA0157500678
B1339064159606N00132070EA0157500679
B1339074159606N00132070EA0157500679
B1339084159606N00132071EA0157500679
B1339094159607N00132071EA0157500679
B1339104159607N00132072EA0157500679
B1339114159607N00132072EA0157500680
B1339124159607N00132073EA0157500680
B1339134159607N00132073EA0157500681
B1339144159608N00132073EA0157500681
B1339154159607N00132073EA0157500681
B1339164159607N00132073EA0157500681
B1339174159607N00132074EA0157500682
B1339184159607N00132074EA0157500683
B1339194159608N00132074EA0157500683
B1339204159608N00132074EA0157500683
B1339214159608N00132075EA0157500683
B1339224159609N00132076EA0157500683
B1339234159609N00132076EA0157500685
B1339244159609N00132077EA0157500684
B1339254159609N00132077EA0157500685
B1339264159609N00132077EA0157500685
B1339274159609N00132078EA0157500685
B1339284159609N00132078EA0157500685
B1339294159609N00132079EA0157500686
B1339304159608N00132079EA0157500686
B1339314159608N00132079EA0157500687
B1339324159608N00132080EA0157500687
B1339334159608N00132080EA0157500687
B1339344159608N00132080EA0157500687
B1339354159609N00132080EA0157500687
B1339364159608N00132080EA0157500687
B1339374159608N00132081EA0157500688
B1339384159608N00132081EA0157500689
B1339394159608N00132082EA0157500689
B1339404159609N00132082EA0157500690
B1339414159609N00132083EA0157500690
B1339424159609N00132083EA0157500689
B1339434159609N00132083EA0157500690
B1339444159609N00132083EA0157500690
B1339454159609N00132083EA0157500690
B1339464159609N00132083EA0157500690
B1339474159609N00132084EA0157500689
B1339484159609N00132084EA0157500688
B1339494159608N00132084EA0157500688
B1339504159608N00132084EA0157500688
B1339514159608N00132083EA0157500689
B1339524159608N00132083EA0157500689
B1339534159608N00132083EA0157500689
B1339544159608N00132083EA0157500688
B1339554159608N00132083EA0157500688
B1339564159608N00132083EA0157500688
B1339574159608N00132083EA0157500687
B1339584159608N00132083EA0157500687
B1339594159608N00132083EA0157500687
B1340004159608N00132084EA0157500686
B1340014159608N00132084EA0157500686
B1340024159608N00132084EA0157500686
B1340034159608N00132084EA0157500685
B1340044159608N00132084EA0157500686
B1340054159607N00132084EA0157500686
B1340064159608N00132084EA0157500686
B1340074159607N00132084EA0157500686
B1340084159607N00132084EA0157500686
B1340094159607N00132084EA0157500686
B1340104159607N00132084EA0157500686
B1340114159607N00132084EA0157500686
B1340124159607N00132084EA0157500686
B1340134159607N00132084EA0157500686
B1340144159607N00132084EA0157500686
B1340154159607N00132084EA0157500687
B1340164159607N00132084EA0157500687
B1340174159607N00132084EA0157500687
B1340184159607N00132084EA0157500687
B1340194159607N00132084EA0157500687
B1340204159607N00132084EA0157500687
B1340214159608N00132083EA0157500687
B1340224159608N00132083EA0157500688
B1340234159608N00132083EA0157500688
B1340244159608N00132083EA0157500688
B1340254159608N00132083EA0157500689
B1340264159608N00132083EA0157500689
B1340274159608N00132083EA0157500689
B1340284159608N00132083EA0157500689
B1340294159608N00132083EA0157500689
B1340304159608N00132083EA0157500690
B1340314159608N00132083EA0157500690
B1340324159608N00132083EA0157500690
B1340334159608N00132083EA0157500690
B1340344159608N00132083EA0157500690
B1340354159608N00132083EA0157500690
B1340364159608N00132083EA0157500691
B1340374159608N00132083EA0157500691
B1340384159608N00132083EA0157500691
B1340394159609N00132082EA0157500691
B1340404159609N00132082EA0157500692
B1340414159609N00132082EA0157500692
B1340424159609N00132082EA0157500692
B1340434159609N00132081EA0157500692
B1340444159609N00132081EA0157500693
B1340454159609N00132081EA0157500693
B1340464159609N00132081EA0157500693
B1340474159609N00132081EA0157500694
B1340484159609N00132080EA0157500694
B1340494159608N00132080EA0157500694
B1340504159608N00132080EA0157500694
B1340514159608N00132080EA0157500694
B1340524159608N00132080EA0157500694
B1340534159608N00132080EA0157500694
B1340544159608N00132080EA0157500694
B1340554159608N00132080EA0157500694
B1340564159608N00132080EA0157500694
B1340574159608N00132080EA0157500695
B1340584159608N00132080EA0157500695
B1340594159608N00132080EA0157500695
B1341004159608N00132080EA0157500695
B1341014159608N00132080EA0157500695
B1341024159608N00132080EA0157500695
B1341034159608N00132080EA0157500695
B1341044159608N00132080EA0157500695
B1341054159608N00132080EA0157500695
B1341064159608N00132080EA0157500695
B1341074159608N00132080EA0157500695
B1341084159608N00132080EA0157500695
B1341094159608N00132079EA0157500695
B1341104159608N00132079EA0157500695
B1341114159608N00132080EA0157500695
B1341124159608N00132079EA0157500695
B1341134159608N00132079EA0157500695
B1341144159608N00132079EA0157500695
B1341154159608N00132079EA0157500696
B1341164159608N00132079EA0157500696
B1341174159608N00132079EA0157500696
B1341184159608N00132079EA0157500696
B1341194159608N00132079EA0157500696
B1341204159608N00132079EA0157500696
B1341214159608N00132079EA0157500696
B1341224159608N00132079EA0157500696
B1341234159608N00132079EA0157500697
B1341244159608N00132079EA0157500697
B1341254159608N00132079EA0157500697
B1341264159608N00132078EA0157500697
B1341274159608N00132078EA0157500697
B1341284159608N00132078EA0157500697
B1341294159608N00132078EA0157500698
B1341304159608N00132079EA0157500698
B1341314159608N00132079EA0157500698
B1341324159608N00132079EA0157500698
B1341334159608N00132079EA0157500697
B1341344159608N00132079EA0157500697
B1341354159608N00132080EA0157500696
B1341364159607N00132080EA0157500695
B1341374159607N00132081EA0157500694
B1341384159607N00132081EA0157500694
B1341394159607N00132081EA0157500693
B1341404159607N00132081EA0157500693
B1341414159607N00132081EA0157500692
B1341424159607N00132081EA0157500692
B1341434159607N00132082EA0157500692
B1341444159607N00132082EA0157500692
B1341454159607N00132082EA0157500692
B1341464159607N00132082EA0157500692
B1341474159607N00132082EA0157500692
B1341484159607N00132082EA0157500692
B1341494159607N00132082EA0157500692
B1341504159607N00132082EA0157500692
B1341514159607N00132082EA0157500692
B1341524159607N00132082EA0157500692
B1341534159607N00132082EA0157500692
B1341544159607N00132081EA0157500692
B1341554159607N00132081EA0157500692
B1341564159607N00132081EA0157500693
B1341574159607N00132080EA0157500693
B1341584159607N00132080EA0157500693
B1341594159607N00132080EA0157500693
B1342004159607N00132081EA0157500693
B1342014159607N00132081EA0157500693
B1342024159607N00132081EA0157500693
B1342034159607N00132081EA0157500693
B1342044159606N00132081EA0157500693
B1342054159606N00132081EA0157500693
B1342064159606N00132081EA0157500693
B1342074159606N00132081EA0157500692
B1342084159606N00132082EA0157500692
B1342094159606N00132082EA0157500692
B1342104159606N00132082EA0157500691
B1342114159606N00132082EA0157500691
B1342124159606N00132082EA0157500691
B1342134159606N00132082EA0157500691
B1342144159606N00132082EA0157500691
B1342154159606N00132082EA0157500691
B1342164159606N00132081EA0157500692
B1342174159606N00132081EA0157500692
B1342184159606N00132081EA0157500692
B1342194159606N00132081EA0157500693
B1342204159606N00132081EA0157500693
B1342214159606N00132081EA0157500693
B1342224159606N00132081EA0157500693
B1342234159606N00132081EA0157500693
B1342244159606N00132081EA0157500693
B1342254159606N00132081EA0157500693
B1342264159606N00132081EA0157500693
B1342274159606N00132081EA0157500693
B1342284159606N00132081EA0157500693
B1342294159605N00132081EA0157500693
B1342304159605N00132081EA0157500693
B1342314159605N00132081EA0157500693
B1342324159605N00132081EA0157500693
B1342334159605N00132081EA0157500693
B1342344159605N00132082EA0157500692
B1342354159605N00132082EA0157500692
B1342364159605N00132082EA0157500692
B1342374159605N00132082EA0157500692
B1342384159605N00132081EA0157500692
B1342394159605N00132081EA0157500692
B1342404159605N00132082EA0157500692
B1342414159605N00132082EA0157500692
B1342424159605N00132082EA0157500692
B1342434159605N00132081EA0157500692
B1342444159605N00132081EA0157500692
B1342454159605N00132082EA0157500692
B1342464159605N00132082EA0157500692
B1342474159605N00132082EA0157500692
B1342484159605N00132082EA0157500692
B1342494159605N00132082EA0157500692
B1342504159605N00132081EA0157500692
B1342514159605N00132082EA0157500692
B1342524159605N00132082EA0157500692
B1342534159605N00132082EA0157500692
B1342544159605N00132082EA0157500692
B1342554159605N00132082EA0157500692
B1342564159605N00132082EA0157500692
B1342574159605N00132082EA0157500692
B1342584159605N00132082EA0157500692
B1342594159605N00132082EA0157500692
B1343004159605N00132082EA0157500692
B1343014159605N00132082EA0157500692
B1343024159605N00132082EA0157500693
B1343034159605N00132082EA0157500693
B1343044159605N00132082EA0157500693
B1343054159605N00132081EA0157500693
B1343064159605N00132082EA0157500693
B1343074159605N00132082EA0157500693
B1343084159605N00132082EA0157500693
B1343094159605N00132082EA0157500693
B1343104159605N00132082EA0157500693
B1343114159605N00132082EA0157500693
B1343124159605N00132082EA0157500693
B1343134159605N00132081EA0157500693
B1343144159605N00132081EA0157500694
B1343154159605N00132081EA0157500694
B1343164159605N00132081EA0157500694
B1343174159605N00132081EA0157500694
B1343184159605N00132081EA0157500694
B1343194159605N00132081EA0157500694
B1343204159605N00132081EA0157500695
B1343214159605N00132081EA0157500695
B1343224159605N00132081EA0157500695
B1343234159605N00132081EA0157500695
B1343244159605N00132081EA0157500695
B1343254159605N00132081EA0157500695
B1343264159605N00132081EA0157500695
B1343274159605N00132081EA0157500696
B1343284159605N00132081EA0157500696
B1343294159605N00132081EA0157500696
B1343304159605N00132081EA0157500696
B1343314159605N00132081EA0157500696
B1343324159605N00132081EA0157500696
B1343334159605N00132081EA0157500696
B1343344159606N00132081EA0157500696
B1343354159606N00132081EA0157500696
B1343364159606N00132081EA0157500696
B1343374159606N00132081EA0157500696
B1343384159606N00132081EA0157500696
B1343394159606N00132081EA0157500696
B1343404159606N00132081EA0157500696
B1343414159606N00132081EA0157500696
B1343424159606N00132081EA0157500696
B1343434159606N00132081EA0157500696
B1343444159606N00132081EA0157500697
B1343454159606N00132081EA0157500697
B1343464159606N00132081EA0157500697
B1343474159606N00132081EA0157500696
B1343484159605N00132081EA0157500696
B1343494159605N00132081EA0157500696
B1343504159605N00132082EA0157500696
B1343514159605N00132082EA0157500695
B1343524159605N00132082EA0157500695
B1343534159605N00132082EA0157500695
B1343544159605N00132082EA0157500695
B1343554159605N00132082EA0157500695
B1343564159605N00132082EA0157500695
B1343574159605N00132082EA0157500695
B1343584159605N00132082EA0157500694
B1343594159605N00132082EA0157500694
B1344004159605N00132082EA0157500694
B1344014159605N00132082EA0157500694
B1344024159605N00132082EA0157500694
B1344034159604N00132082EA0157500694
B1344044159604N00132082EA0157500694
B1344054159604N00132082EA0157500694
B1344064159604N00132082EA0157500694
B1344074159604N00132082EA0157500694
B1344084159604N00132082EA0157500694
B1344094159604N00132082EA0157500694
B1344104159604N00132082EA0157500694
B1344114159604N00132082EA0157500694
B1344124159604N00132082EA0157500694
B1344134159604N00132082EA0157500694
B1344144159604N00132082EA0157500695
B1344154159604N00132082EA0157500695
B1344164159604N00132082EA0157500695
B1344174159604N00132082EA0157500695
B1344184159604N00132082EA0157500694
B1344194159604N00132082EA0157500694
B1344204159604N00132082EA0157500694
B1344214159604N00132083EA0157500694
B1344224159604N00132083EA0157500693
B1344234159604N00132083EA0157500693
B1344244159604N00132083EA0157500693
B1344254159604N00132084EA0157500693
B1344264159604N00132084EA0157500692
B1344274159604N00132084EA0157500692
B1344284159604N00132085EA0157500691
B1344294159604N00132085EA0157500691
B1344304159604N00132085EA0157500691
B1344314159604N00132085EA0157500691
B1344324159604N00132085EA0157500691
B1344334159604N00132085EA0157500691
B1344344159604N00132085EA0157500690
B1344354159604N00132085EA0157500690
B1344364159604N00132085EA0157500690
B1344374159604N00132085EA0157500690
B1344384159604N00132085EA0157500690
B1344394159604N00132086EA0157500690
B1344404159604N00132086EA0157500690
B1344414159604N00132085EA0157500690
B1344424159604N00132085EA0157500690
B1344434159604N00132085EA0157500690
B1344444159604N00132085EA0157500691
B1344454159605N00132085EA0157500691
B1344464159605N00132085EA0157500691
B1344474159605N00132085EA0157500691
B1344484159605N00132085EA0157500691
B1344494159605N00132085EA0157500691
B1344504159605N00132085EA0157500691
B1344514159605N00132085EA0157500691
B1344524159605N00132085EA0157500691
B1344534159605N00132085EA0157500691
B1344544159605N00132085EA0157500691
B1344554159605N00132085EA0157500690
B1344564159604N00132085EA0157500690
B1344574159605N00132086EA0157500690
B1344584159605N00132085EA0157500690
B1344594159605N00132085EA0157500690
B1345004159605N00132085EA0157500691
B1345014159605N00132085EA0157500691
B1345024159605N00132085EA0157500691
B1345034159605N00132085EA0157500691
B1345044159605N00132086EA0157500691
B1345054159605N00132085EA0157500691
B1345064159605N00132086EA0157500691
B1345074159605N00132085EA0157500691
B1345084159605N00132085EA0157500691
B1345094159605N00132085EA0157500692
B1345104159605N00132086EA0157500692
B1345114159605N00132086EA0157500691
B1345124159605N00132086EA0157500691
B1345134159605N00132086EA0157500691
B1345144159605N00132086EA0157500690
B1345154159605N00132086EA0157500690
B1345164159605N00132086EA0157500690
B1345174159605N00132086EA0157500691
B1345184159605N00132086EA0157500691
B1345194159605N00132086EA0157500691
B1345204159605N00132086EA0157500691
B1345214159605N00132086EA0157500691
B1345224159605N00132086EA0157500691
B1345234159605N00132086EA0157500691
B1345244159605N00132086EA0157500691
B1345254159606N00132086EA0157500691
B1345264159606N00132086EA0157500692
B1345274159606N00132086EA0157500692
B1345284159606N00132085EA0157500692
B1345294159606N00132085EA0157500692
B1345304159606N00132085EA0157500692
B1345314159606N00132085EA0157500692
B1345324159606N00132085EA0157500692
B1345334159606N00132085EA0157500693
B1345344159606N00132085EA0157500693
B1345354159606N00132085EA0157500693
B1345364159606N00132085EA0157500692
B1345374159606N00132084EA0157500692
B1345384159606N00132084EA0157500692
B1345394159606N00132083EA0157500692
B1345404159606N00132083EA0157500693
B1345414159605N00132082EA0157500693
B1345424159605N00132081EA0157500693
B1345434159605N00132081EA0157500693
B1345444159605N00132080EA0157500693
B1345454159605N00132080EA0157500693
B1345464159605N00132079EA0157500693
B1345474159605N00132078EA0157500692
B1345484159605N00132078EA0157500693
B1345494159605N00132078EA0157500693
B1345504159605N00132077EA0157500693
B1345514159605N00132077EA0157500693
B1345524159605N00132076EA0157500693
B1345534159606N00132075EA0157500693
B1345544159606N00132075EA0157500693
B1345554159606N00132075EA0157500693
B1345564159606N00132075EA0157500693
B1345574159606N00132074EA0157500693
B1345584159606N00132074EA0157500693
B1345594159606N00132074EA0157500692
B1346004159606N00132074EA0157500692
B1346014159606N00132074EA0157500692
B1346024159606N00132074EA0157500692
B1346034159606N00132074EA0157500692
B1346044159606N00132074EA0157500692
B1346054159607N00132074EA0157500692
B1346064159607N00132074EA0157500692
B1346074159607N00132074EA0157500692
B1346084159607N00132074EA0157500692
B1346094159607N00132074EA0157500692
B1346104159607N00132074EA0157500692
B1346114159607N00132074EA0157500692
B1346124159607N00132074EA0157500692
B1346134159607N00132073EA0157500692
B1346144159608N00132074EA0157500692
B1346154159608N00132073EA0157500692
B1346164159608N00132073EA0157500692
B1346174159608N00132073EA0157500692
B1346184159608N00132073EA0157500692
B1346194159608N00132073EA0157500692
B1346204159608N00132073EA0157500692
B1346214159608N00132074EA0157500692
B1346224159608N00132074EA0157500692
B1346234159607N00132074EA0157500692
B1346244159607N00132074EA0157500692
B1346254159608N00132074EA0157500692
B1346264159608N00132075EA0157500692
B1346274159608N00132075EA0157500692
B1346284159608N00132075EA0157500692
B1346294159608N00132074EA0157500692
B1346304159608N00132074EA0157500693
B1346314159608N00132074EA0157500693
B1346324159608N00132074EA0157500693
B1346334159608N00132074EA0157500693
B1346344159608N00132074EA0157500692
B1346354159608N00132074EA0157500692
B1346364159608N00132075EA0157500691
B1346374159608N00132075EA0157500691
B1346384159608N00132074EA0157500691
B1346394159608N00132075EA0157500691
B1346404159608N00132075EA0157500691
B1346414159608N00132075EA0157500691
B1346424159608N00132075EA0157500690
B1346434159608N00132075EA0157500690
B1346444159608N00132075EA0157500690
B1346454159608N00132075EA0157500690
B1346464159608N00132075EA0157500690
B1346474159608N00132075EA0157500689
B1346484159608N00132075EA0157500689
B1346494159608N00132075EA0157500689
B1346504159608N00132075EA0157500689
B1346514159608N00132075EA0157500689
B1346524159608N00132074EA0157500688
B1346534159608N00132075EA0157500688
B1346544159608N00132075EA0157500688
B1346554159609N00132074EA0157500688
B1346564159609N00132074EA0157500688
B1346574159609N00132074EA0157500688
B1346584159609N00132074EA0157500688
B1346594159609N00132074EA0157500687
B1347004159609N00132074EA0157500687
B1347014159609N00132074EA0157500686
B1347024159609N00132075EA0157500686
B1347034159609N00132075EA0157500686
B1347044159608N00132075EA0157500685
B1347054159609N00132075EA0157500685
B1347064159609N00132075EA0157500685
B1347074159608N00132075EA0157500685
B1347084159608N00132075EA0157500685
B1347094159608N00132075EA0157500685
B1347104159608N00132074EA0157500685
B1347114159608N00132074EA0157500685
B1347124159608N00132074EA0157500685
B1347134159608N00132074EA0157500684
B1347144159608N00132074EA0157500684
B1347154159608N00132075EA0157500685
B1347164159609N00132075EA0157500685
B1347174159609N00132074EA0157500685
B1347184159609N00132074EA0157500685
B1347194159608N00132074EA0157500685
B1347204159609N00132074EA0157500685
B1347214159609N00132074EA0157500685
B1347224159609N00132074EA0157500685
B1347234159609N00132073EA0157500685
B1347244159609N00132073EA0157500685
B1347254159609N00132073EA0157500685
B1347264159609N00132073EA0157500685
B1347274159609N00132073EA0157500685
B1347284159609N00132072EA0157500685
B1347294159609N00132072EA0157500685
B1347304159609N00132072EA0157500686
B1347314159609N00132072EA0157500686
B1347324159609N00132072EA0157500686
B1347334159609N00132072EA0157500687
B1347344159609N00132072EA0157500687
B1347354159609N00132072EA0157500687
B1347364159609N00132071EA0157500687
B1347374159609N00132071EA0157500688
B1347384159609N00132071EA0157500688
B1347394159609N00132071EA0157500689
B1347404159609N00132071EA0157500689
B1347414159609N00132071EA0157500689
B1347424159609N00132071EA0157500689
B1347434159609N00132071EA0157500689
B1347444159609N00132071EA0157500689
B1347454159609N00132071EA0157500689
B1347464159609N00132071EA0157500689
B1347474159608N00132071EA0157500690
B1347484159608N00132071EA0157500690
B1347494159608N00132071EA0157500691
B1347504159608N00132070EA0157500691
B1347514159608N00132070EA0157500691
B1347524159608N00132070EA0157500691
B1347534159608N00132069EA0157500692
B1347544159608N00132069EA0157500692
B1347554159607N00132069EA0157500693
B1347564159607N00132069EA0157500693
B1347574159607N00132069EA0157500693
B1347584159607N00132069EA0157500693
B1347594159607N00132069EA0157500693
B1348004159607N00132069EA0157500692
B1348014159606N00132069EA0157500692
B1348024159606N00132069EA0157500692
B1348034159606N00132069EA0157500692
B1348044159607N00132070EA0157500691
B1348054159607N00132070EA0157500691
B1348064159607N00132070EA0157500691
B1348074159607N00132071EA0157500691
B1348084159607N00132071EA0157500692
B1348094159607N00132071EA0157500692
B1348104159607N00132072EA0157500692
B1348114159607N00132072EA0157500692
B1348124159608N00132072EA0157500692
B1348134159608N00132072EA0157500692
B1348144159608N00132072EA0157500693
B1348154159608N00132072EA0157500693
B1348164159608N00132072EA0157500693
B1348174159608N00132072EA0157500692
B1348184159608N00132072EA0157500692
B1348194159608N00132072EA0157500692
B1348204159608N00132072EA0157500693
B1348214159608N00132073EA0157500693
B1348224159608N00132073EA0157500694
B1348234159608N00132073EA0157500695
B1348244159608N00132073EA0157500695
B1348254159608N00132073EA0157500695
B1348264159608N00132073EA0157500695
B1348274159608N00132073EA0157500694
B1348284159608N00132073EA0157500694
B1348294159608N00132072EA0157500694
B1348304159608N00132073EA0157500694
B1348314159608N00132073EA0157500694
B1348324159608N00132073EA0157500694
B1348334159608N00132073EA0157500694
B1348344159608N00132072EA0157500694
B1348354159608N00132072EA0157500694
B1348364159608N00132072EA0157500693
B1348374159608N00132073EA0157500694
B1348384159608N00132072EA0157500694
B1348394159609N00132072EA0157500694
B1348404159609N00132072EA0157500694
B1348414159609N00132073EA0157500694
B1348424159609N00132073EA0157500694
B1348434159609N00132073EA0157500693
B1348444159609N00132073EA0157500694
B1348454159609N00132073EA0157500693
B1348464159609N00132073EA0157500693
B1348474159609N00132073EA0157500693
B1348484159609N00132073EA0157500693
B1348494159609N00132073EA0157500693
B1348504159609N00132073EA0157500693
B1348514159609N00132073EA0157500693
B1348524159609N00132073EA0157500692
B1348534159609N00132073EA0157500692
B1348544159609N00132073EA0157500692
B1348554159609N00132073EA0157500692
B1348564159609N00132073EA0157500692
B1348574159609N00132073EA0157500693
B1348584159609N00132073EA0157500692
B1348594159609N00132073EA0157500693
B1349004159609N00132073EA0157500694
B1349014159609N00132073EA0157500694
B1349024159609N00132073EA0157500694
B1349034159609N00132073EA0157500694
B1349044159609N00132073EA0157500694
B1349054159609N00132073EA0157500693
B1349064159609N00132073EA0157500693
B1349074159609N00132073EA0157500693
B1349084159608N00132073EA0157500692
B1349094159608N00132073EA0157500693
B1349104159608N00132072EA0157500693
B1349114159608N00132072EA0157500694
B1349124159608N00132072EA0157500694
B1349134159608N00132072EA0157500694
B1349144159608N00132072EA0157500694
B1349154159608N00132072EA0157500695
B1349164159608N00132072EA0157500696
B1349174159608N00132072EA0157500696
B1349184159609N00132072EA0157500696
B1349194159609N00132071EA0157500696
B1349204159609N00132071EA0157500697
B1349214159609N00132071EA0157500697
B1349224159609N00132071EA0157500697
B1349234159609N00132071EA0157500697
B1349244159608N00132070EA0157500698
B1349254159608N00132070EA0157500699
B1349264159608N00132069EA0157500700
B1349274159608N00132069EA0157500698
B1349284159608N00132069EA0157500698
B1349294159608N00132070EA0157500697
B1349304159608N00132070EA0157500697
B1349314159609N00132070EA0157500696
B1349324159609N00132070EA0157500696
B1349334159609N00132070EA0157500696
B1349344159609N00132070EA0157500695
B1349354159608N00132070EA0157500694
B1349364159608N00132070EA0157500694
B1349374159608N00132070EA0157500693
B1349384159608N00132071EA0157500694
B1349394159608N00132071EA0157500694
B1349404159608N00132071EA0157500693
B1349414159608N00132070EA0157500694
B1349424159608N00132070EA0157500694
B1349434159608N00132071EA0157500694
B1349444159608N00132071EA0157500694
B1349454159608N00132071EA0157500694
B1349464159608N00132071EA0157500694
B1349474159608N00132071EA0157500695
B1349484159608N00132071EA0157500695
B1349494159608N00132071EA0157500695
B1349504159608N00132071EA0157500695
B1349514159608N00132071EA0157500694
B1349524159608N00132071EA0157500695
B1349534159608N00132071EA0157500694
B1349544159608N00132071EA0157500694
B1349554159608N00132072EA0157500694
B1349564159608N00132072EA0157500694
B1349574159608N00132072EA0157500694
B1349584159608N00132072EA0157500692
B1349594159608N00132072EA0157500693
B1350004159608N00132072EA0157500693
B1350014159608N00132072EA0157500693
B1350024159608N00132072EA0157500693
B1350034159608N00132073EA0157500692
B1350044159608N00132073EA0157500692
B1350054159608N00132073EA0157500692
B1350064159608N00132073EA0157500691
B1350074159608N00132072EA0157500691
B1350084159608N00132072EA0157500691
B1350094159608N00132072EA0157500692
B1350104159607N00132072EA0157500692
B1350114159607N00132072EA0157500692
B1350124159607N00132072EA0157500692
B1350134159607N00132072EA0157500693
B1350144159607N00132072EA0157500695
B1350154159606N00132072EA0157500695
B1350164159606N00132073EA0157500694
B1350174159606N00132073EA0157500693
B1350184159607N00132073EA0157500693
B1350194159606N00132073EA0157500693
B1350204159607N00132073EA0157500692
B1350214159607N00132074EA0157500691
B1350224159607N00132074EA0157500692
B1350234159608N00132076EA0157500692
B1350244159608N00132076EA0157500698
B1350254159608N00132076EA0157500698
B1350264159609N00132076EA0157500698
B1350274159608N00132076EA0157500697
B1350284159609N00132076EA0157500698
B1350294159609N00132076EA0157500697
B1350304159609N00132077EA0157500697
B1350314159609N00132077EA0157500696
B1350324159610N00132077EA0157500697
B1350334159610N00132077EA0157500696
B1350344159610N00132078EA0157500696
B1350354159610N00132078EA0157500696
B1350364159610N00132078EA0157500696
B1350374159611N00132078EA0157500696
B1350384159611N00132078EA0157500696
B1350394159611N00132079EA0157500697
B1350404159611N00132078EA0157500697
B1350414159611N00132078EA0157500697
B1350424159611N00132078EA0157500697
B1350434159610N00132078EA0157500697
B1350444159610N00132078EA0157500697
B1350454159610N00132078EA0157500697
B1350464159610N00132078EA0157500697
B1350474159610N00132078EA0157500698
B1350484159610N00132078EA0157500697
B1350494159610N00132078EA0157500698
B1350504159610N00132078EA0157500698
B1350514159610N00132078EA0157500699
B1350524159610N00132078EA0157500699
B1350534159610N00132078EA0157500699
B1350544159610N00132078EA0157500698
B1350554159610N00132078EA0157500697
B1350564159611N00132078EA0157500697
B1350574159611N00132078EA0157500697
B1350584159610N00132077EA0157500696
B1350594159610N00132077EA0157500698
B1351004159610N00132076EA0157500699
B1351014159610N00132076EA0157500701
B1351024159610N00132076EA0157500701
B1351034159609N00132076EA0157500701
B1351044159609N00132076EA0157500701
B1351054159609N00132075EA0157500702
B1351064159609N00132075EA0157500702
B1351074159609N00132075EA0157500702
B1351084159609N00132075EA0157500702
B1351094159609N00132075EA0157500703
B1351104159608N00132075EA0157500703
B1351114159608N00132074EA0157500703
B1351124159608N00132074EA0157500704
B1351134159608N00132074EA0157500703
B1351144159608N00132074EA0157500704
B1351154159608N00132074EA0157500704
B1351164159608N00132074EA0157500704
B1351174159609N00132074EA0157500703
B1351184159609N00132075EA0157500704
B1351194159609N00132074EA0157500705
B1351204159609N00132074EA0157500705
B1351214159608N00132073EA0157500705
B1351224159608N00132072EA0157500704
B1351234159608N00132071EA0157500704
B1351244159607N00132071EA0157500704
B1351254159607N00132070EA0157500704
B1351264159607N00132070EA0157500704
B1351274159607N00132069EA0157500704
B1351284159606N00132069EA0157500704
B1351294159607N00132070EA0157500702
B1351304159607N00132070EA0157500701
B1351314159607N00132070EA0157500700
B1351324159607N00132070EA0157500700
B1351334159607N00132070EA0157500700
B1351344159608N00132071EA0157500698
B1351354159608N00132071EA0157500698
B1351364159608N00132072EA0157500696
B1351374159608N00132072EA0157500695
B1351384159608N00132073EA0157500695
B1351394159609N00132074EA0157500695
B1351404159609N00132074EA0157500695
B1351414159609N00132074EA0157500695
B1351424159609N00132074EA0157500695
B1351434159609N00132074EA0157500696
B1351444159609N00132074EA0157500695
B1351454159609N00132074EA0157500695
B1351464159609N00132074EA0157500695
B1351474159607N00132073EA0157500695
B1351484159608N00132074EA0157500695
B1351494159608N00132075EA0157500695
B1351504159608N00132076EA0157500696
B1351514159608N00132076EA0157500696
B1351524159609N00132076EA0157500696
B1351534159608N00132076EA0157500696
B1351544159608N00132075EA0157500697
B1351554159609N00132077EA0157500696
B1351564159608N00132075EA0157500697
B1351574159609N00132076EA0157500698
B1351584159609N00132076EA0157500698
B1351594159609N00132076EA0157500698
B1352004159610N00132077EA0157500700
B1352014159610N00132077EA0157500700
B1352024159610N00132077EA0157500699
B1352034159610N00132077EA0157500700
B1352044159611N00132077EA0157500700
B1352054159611N00132078EA0157500700
B1352064159612N00132079EA0157500700
B1352074159612N00132080EA0157500700
B1352084159612N00132079EA0157500700
B1352094159612N00132080EA0157500700
B1352104159612N00132080EA0157500700
B1352114159612N00132080EA0157500700
B1352124159612N00132080EA0157500701
B1352134159613N00132081EA0157500702
B1352144159613N00132079EA0157500701
B1352154159612N00132080EA0157500702
B1352164159612N00132080EA0157500702
B1352174159613N00132080EA0157500703
B1352184159614N00132081EA0157500703
B1352194159614N00132082EA0157500703
B1352204159614N00132082EA0157500704
B1352214159614N00132082EA0157500704
B1352224159613N00132082EA0157500705
B1352234159613N00132082EA0157500705
B1352244159612N00132081EA0157500705
B1352254159612N00132081EA0157500706
B1352264159609N00132079EA0157500707
B1352274159609N00132079EA0157500708
B1352284159608N00132078EA0157500708
B1352294159607N00132076EA0157500709
B1352304159607N00132076EA0157500710
B1352314159607N00132076EA0157500710
B1352324159606N00132076EA0157500710
B1352334159606N00132074EA0157500710
B1352344159605N00132073EA0157500711
B1352354159602N00132071EA0157500712
B1352364159600N00132071EA0157500712
B1352374159599N00132073EA0157500711
B1352384159598N00132076EA0157500711
B1352394159596N00132078EA0157500708
B1352404159595N00132081EA0157500706
B1352414159592N00132086EA0157500706
B1352424159590N00132092EA0157500706
B1352434159587N00132097EA0157500705
B1352444159585N00132103EA0157500705
B1352454159582N00132110EA0157500703
B1352464159579N00132117EA0157500703
B1352474159576N00132125EA0157500703
B1352484159573N00132132EA0157500700
B1352494159570N00132140EA0157500700
B1352504159566N00132149EA0157500698
B1352514159562N00132158EA0157500699
B1352524159558N00132166EA0157500699
B1352534159555N00132175EA0157500700
B1352544159552N00132183EA0157500697
B1352554159548N00132191EA0157500697
B1352564159545N00132199EA0157500695
B1352574159542N00132206EA0157500693
B1352584159539N00132214EA0157500691
B1352594159535N00132221EA0157500688
B1353004159531N00132228EA0157500688
B1353014159527N00132233EA0157500688
B1353024159523N00132236EA0157500687
B1353034159519N00132239EA0157500686
B1353044159515N00132241EA0157500684
B1353054159510N00132242EA0157500685
B1353064159507N00132241EA0157500684
B1353074159503N00132238EA0157500684
B1353084159501N00132234EA0157500683
B1353094159497N00132230EA0157500683
B1353104159494N00132225EA0157500682
B1353114159490N00132220EA0157500681
B1353124159489N00132214EA0157500680
B1353134159488N00132207EA0157500679
B1353144159488N00132201EA0157500678
B1353154159487N00132195EA0157500678
B1353164159488N00132188EA0157500677
B1353174159489N00132181EA0157500677
B1353184159490N00132176EA0157500676
B1353194159493N00132171EA0157500675
B1353204159496N00132166EA0157500675
B1353214159499N00132163EA0157500675
B1353224159502N00132161EA0157500673
B1353234159505N00132160EA0157500672
B1353244159509N00132159EA0157500672
B1353254159512N00132160EA0157500671
B1353264159516N00132162EA0157500670
B1353274159520N00132165EA0157500671
B1353284159525N00132169EA0157500671
B1353294159530N00132174EA0157500670
B1353304159535N00132179EA0157500670
B1353314159541N00132184EA0157500670
B1353324159548N00132189EA0157500669
B1353334159555N00132195EA0157500668
B1353344159562N00132199EA0157500668
B1353354159570N00132205EA0157500667
B1353364159578N00132210EA0157500666
B1353374159586N00132216EA0157500665
B1353384159594N00132222EA0157500665
B1353394159602N00132227EA0157500664
B1353404159611N00132231EA0157500664
B1353414159619N00132235EA0157500664
B1353424159627N00132239EA0157500664
B1353434159636N00132243EA0157500664
B1353444159644N00132248EA0157500663
B1353454159653N00132252EA0157500662
B1353464159662N00132256EA0157500662
B1353474159671N00132260EA0157500662
B1353484159679N00132265EA0157500662
B1353494159688N00132270EA0157500662
B1353504159697N00132275EA0157500662
B1353514159705N00132281EA0157500662
B1353524159713N00132287EA0157500661
B1353534159721N00132293EA0157500660
B1353544159730N00132300EA0157500660
B1353554159738N00132308EA0157500660
B1353564159746N00132317EA0157500660
B1353574159753N00132325EA0157500660
B1353584159761N00132335EA0157500660
B1353594159769N00132345EA0157500659
B1354004159776N00132355EA0157500658
B1354014159783N00132365EA0157500658
B1354024159790N00132374EA0157500657
B1354034159797N00132384EA0157500656
B1354044159804N00132393EA0157500655
B1354054159812N00132403EA0157500654
B1354064159819N00132412EA0157500653
B1354074159827N00132420EA0157500652
B1354084159835N00132428EA0157500651
B1354094159843N00132437EA0157500651
B1354104159851N00132444EA0157500650
B1354114159860N00132452EA0157500648
B1354124159868N00132459EA0157500647
B1354134159877N00132466EA0157500646
B1354144159886N00132472EA0157500645
B1354154159895N00132478EA0157500644
B1354164159905N00132484EA0157500643
B1354174159914N00132490EA0157500642
B1354184159923N00132496EA0157500642
B1354194159933N00132502EA0157500641
B1354204159942N00132509EA0157500639
B1354214159951N00132517EA0157500638
B1354224159959N00132524EA0157500638
B1354234159968N00132532EA0157500637
B1354244159976N00132541EA0157500636
B1354254159984N00132550EA0157500635
B1354264159991N00132559EA0157500634
B1354274159999N00132569EA0157500633
B1354284200006N00132580EA0157500632
B1354294200013N00132592EA0157500631
B1354304200019N00132603EA0157500630
B1354314200025N00132615EA0157500629
B1354324200031N00132627EA0157500628
B1354334200037N00132639EA0157500627
B1354344200043N00132651EA0157500626
B1354354200048N00132664EA0157500625
B1354364200054N00132676EA0157500625
B1354374200059N00132688EA0157500624
B1354384200065N00132702EA0157500624
B1354394200070N00132713EA0157500623
B1354404200076N00132726EA0157500623
B1354414200081N00132738EA0157500622
B1354424200086N00132751EA0157500621
B1354434200091N00132763EA0157500621
B1354444200095N00132777EA0157500619
B1354454200098N00132791EA0157500619
B1354464200101N00132804EA0157500619
B1354474200103N00132818EA0157500618
B1354484200105N00132833EA0157500617
B1354494200106N00132847EA0157500616
B1354504200108N00132862EA0157500616
B1354514200110N00132877EA0157500615
B1354524200111N00132891EA0157500614
B1354534200113N00132906EA0157500613
B1354544200115N00132920EA0157500612
B1354554200117N00132935EA0157500611
B1354564200119N00132949EA0157500611
B1354574200120N00132963EA0157500610
B1354584200122N00132976EA0157500609
B1354594200123N00132987EA0157500608
B1355004200123N00132998EA0157500608
B1355014200122N00133007EA0157500609
B1355024200120N00133015EA0157500608
B1355034200117N00133023EA0157500607
B1355044200113N00133030EA0157500607
B1355054200108N00133037EA0157500605
B1355064200103N00133043EA0157500604
B1355074200098N00133050EA0157500604
B1355084200094N00133058EA0157500603
B1355094200091N00133067EA0157500602
B1355104200089N00133077EA0157500601
B1355114200089N00133086EA0157500601
B1355124200090N00133095EA0157500600
B1355134200095N00133101EA0157500599
B1355144200100N00133109EA0157500600
B1355154200105N00133116EA0157500600
B1355164200111N00133123EA0157500599
B1355174200117N00133130EA0157500599
B1355184200123N00133137EA0157500598
B1355194200129N00133145EA0157500597
B1355204200133N00133154EA0157500596
B1355214200136N00133163EA0157500595
B1355224200139N00133174EA0157500594
B1355234200140N00133185EA0157500594
B1355244200141N00133196EA0157500593
B1355254200142N00133206EA0157500592
B1355264200142N00133217EA0157500592
B1355274200141N00133229EA0157500592
B1355284200140N00133240EA0157500591
B1355294200138N00133250EA0157500590
B1355304200134N00133261EA0157500590
B1355314200131N00133272EA0157500590
B1355324200126N00133282EA0157500590
B1355334200122N00133292EA0157500589
B1355344200119N00133302EA0157500589
B1355354200116N00133314EA0157500589
B1355364200112N00133326EA0157500588
B1355374200110N00133338EA0157500588
B1355384200111N00133349EA0157500588
B1355394200113N00133360EA0157500589
B1355404200114N00133373EA0157500589
B1355414200116N00133385EA0157500589
B1355424200118N00133396EA0157500589
B1355434200121N00133407EA0157500589
B1355444200124N00133418EA0157500588
B1355454200126N00133430EA0157500588
B1355464200128N00133441EA0157500587
B1355474200130N00133453EA0157500586
B1355484200130N00133464EA0157500585
B1355494200129N00133477EA0157500584
B1355504200129N00133489EA0157500582
B1355514200127N00133502EA0157500582
B1355524200126N00133516EA0157500581
B1355534200124N00133529EA0157500581
B1355544200122N00133544EA0157500581
B1355554200119N00133556EA0157500581
B1355564200116N00133568EA0157500581
B1355574200113N00133581EA0157500583
B1355584200109N00133592EA0157500583
B1355594200105N00133604EA0157500584
B1356004200101N00133616EA0157500585
B1356014200097N00133628EA0157500585
B1356024200092N00133639EA0157500586
B1356034200086N00133650EA0157500586
B1356044200081N00133662EA0157500587
B1356054200076N00133673EA0157500588
B1356064200072N00133685EA0157500587
B1356074200068N00133698EA0157500587
B1356084200064N00133711EA0157500586
B1356094200061N00133724EA0157500586
B1356104200058N00133737EA0157500585
B1356114200054N00133751EA0157500585
B1356124200051N00133764EA0157500584
B1356134200048N00133777EA0157500583
B1356144200046N00133790EA0157500583
B1356154200043N00133803EA0157500583
B1356164200041N00133815EA0157500583
B1356174200039N00133827EA0157500583
B1356184200038N00133837EA0157500583
B1356194200039N00133850EA0157500582
B1356204200039N00133862EA0157500580
B1356214200040N00133872EA0157500579
B1356224200041N00133882EA0157500580
B1356234200046N00133890EA0157500580
B1356244200051N00133903EA0157500580
B1356254200055N00133908EA0157500579
B1356264200061N00133915EA0157500582
B1356274200069N00133921EA0157500583
B1356284200077N00133928EA0157500583
B1356294200088N00133934EA0157500581
B1356304200097N00133939EA0157500580
B1356314200107N00133944EA0157500579
B1356324200116N00133950EA0157500578
B1356334200125N00133956EA0157500577
B1356344200134N00133961EA0157500576
B1356354200142N00133968EA0157500575
B1356364200150N00133974EA0157500574
B1356374200157N00133981EA0157500573
B1356384200161N00133988EA0157500572
B1356394200164N00133996EA0157500572
B1356404200167N00134004EA0157500572
B1356414200170N00134014EA0157500572
B1356424200172N00134024EA0157500571
B1356434200173N00134034EA0157500571
B1356444200175N00134045EA0157500570
B1356454200175N00134057EA0157500569
B1356464200174N00134070EA0157500569
B1356474200171N00134084EA0157500568
B1356484200169N00134096EA0157500568
B1356494200167N00134107EA0157500567
B1356504200165N00134121EA0157500566
B1356514200163N00134134EA0157500565
B1356524200161N00134146EA0157500564
B1356534200158N00134158EA0157500563
B1356544200155N00134169EA0157500562
B1356554200152N00134180EA0157500561
B1356564200149N00134191EA0157500560
B1356574200146N00134202EA0157500558
B1356584200142N00134210EA0157500557
B1356594200137N00134219EA0157500556
B1357004200131N00134227EA0157500555
B1357014200124N00134232EA0157500555
B1357024200117N00134239EA0157500554
B1357034200113N00134246EA0157500554
B1357044200110N00134254EA0157500554
B1357054200110N00134266EA0157500553
B1357064200111N00134275EA0157500548
B1357074200112N00134285EA0157500543
B1357084200113N00134294EA0157500539
B1357094200116N00134304EA0157500536
B1357104200121N00134313EA0157500534
B1357114200127N00134318EA0157500532
B1357124200135N00134322EA0157500529
B1357134200142N00134325EA0157500526
B1357144200148N00134323EA0157500522
B1357154200155N00134321EA0157500519
B1357164200162N00134318EA0157500520
B1357174200170N00134316EA0157500520
B1357184200177N00134313EA0157500520
B1357194200184N00134310EA0157500520
B1357204200191N00134308EA0157500520
B1357214200198N00134307EA0157500521
B1357224200204N00134307EA0157500521
B1357234200211N00134308EA0157500521
B1357244200216N00134311EA0157500522
B1357254200219N00134315EA0157500522
B1357264200223N00134321EA0157500522
B1357274200226N00134327EA0157500522
B1357284200229N00134333EA0157500522
B1357294200232N00134340EA0157500521
B1357304200235N00134346EA0157500521
B1357314200236N00134353EA0157500520
B1357324200236N00134359EA0157500519
B1357334200234N00134363EA0157500519
B1357344200232N00134367EA0157500518
B1357354200229N00134372EA0157500518
B1357364200224N00134375EA0157500518
B1357374200219N00134378EA0157500517
B1357384200212N00134380EA0157500516
B1357394200206N00134383EA0157500516
B1357404200199N00134385EA0157500515
B1357414200192N00134387EA0157500515
B1357424200183N00134389EA0157500515
B1357434200175N00134390EA0157500516
B1357444200167N00134392EA0157500516
B1357454200160N00134395EA0157500516
B1357464200152N00134399EA0157500516
B1357474200145N00134404EA0157500515
B1357484200137N00134410EA0157500516
B1357494200130N00134417EA0157500516
B1357504200123N00134425EA0157500517
B1357514200116N00134434EA0157500517
B1357524200108N00134442EA0157500517
B1357534200101N00134451EA0157500518
B1357544200093N00134459EA0157500518
B1357554200086N00134467EA0157500518
B1357564200079N00134475EA0157500518
B1357574200071N00134484EA0157500518
B1357584200064N00134492EA0157500519
B1357594200057N00134501EA0157500519
B1358004200050N00134508EA0157500519
B1358014200043N00134516EA0157500519
B1358024200037N00134525EA0157500520
B1358034200030N00134534EA0157500520
B1358044200025N00134544EA0157500520
B1358054200020N00134555EA0157500520
B1358064200017N00134568EA0157500520
B1358074200015N00134579EA0157500519
B1358084200016N00134588EA0157500520
B1358094200017N00134600EA0157500520
B1358104200019N00134611EA0157500521
B1358114200021N00134624EA0157500521
B1358124200025N00134637EA0157500522
B1358134200028N00134648EA0157500523
B1358144200031N00134660EA0157500523
B1358154200032N00134673EA0157500523
B1358164200033N00134686EA0157500523
B1358174200033N00134696EA0157500524
B1358184200032N00134707EA0157500526
B1358194200031N00134719EA0157500528
B1358204200029N00134730EA0157500528
B1358214200027N00134742EA0157500528
B1358224200024N00134755EA0157500528
B1358234200022N00134767EA0157500529
B1358244200020N00134779EA0157500529
B1358254200017N00134792EA0157500530
B1358264200015N00134804EA0157500530
B1358274200012N00134817EA0157500530
B1358284200009N00134829EA0157500530
B1358294200007N00134842EA0157500530
B1358304200004N00134855EA0157500530
B1358314200002N00134867EA0157500530
B1358324159999N00134880EA0157500531
B1358334159997N00134893EA0157500531
B1358344159994N00134906EA0157500531
B1358354159991N00134919EA0157500531
B1358364159988N00134932EA0157500531
B1358374159985N00134945EA0157500531
B1358384159983N00134958EA0157500531
B1358394159981N00134971EA0157500531
B1358404159978N00134983EA0157500531
B1358414159976N00134996EA0157500531
B1358424159974N00135008EA0157500532
B1358434159971N00135021EA0157500532
B1358444159968N00135032EA0157500533
B1358454159965N00135043EA0157500533
B1358464159959N00135054EA0157500533
B1358474159953N00135063EA0157500534
B1358484159946N00135071EA0157500535
B1358494159940N00135079EA0157500536
B1358504159932N00135087EA0157500537
B1358514159924N00135094EA0157500537
B1358524159916N00135101EA0157500538
B1358534159909N00135109EA0157500540
B1358544159901N00135118EA0157500540
B1358554159894N00135127EA0157500541
B1358564159887N00135137EA0157500541
B1358574159880N00135147EA0157500542
B1358584159873N00135157EA0157500542
B1358594159866N00135168EA0157500543
B1359004159858N00135178EA0157500543
B1359014159850N00135189EA0157500543
B1359024159842N00135199EA0157500543
B1359034159835N00135210EA0157500544
B1359044159828N00135220EA0157500544
B1359054159821N00135230EA0157500545
B1359064159813N00135241EA0157500545
B1359074159806N00135251EA0157500545
B1359084159799N00135261EA0157500546
B1359094159792N00135272EA0157500546
B1359104159785N00135281EA0157500546
B1359114159777N00135291EA0157500546
B1359124159770N00135301EA0157500546
B1359134159762N00135310EA0157500546
B1359144159753N00135319EA0157500546
B1359154159744N00135327EA0157500547
B1359164159734N00135334EA0157500547
B1359174159725N00135341EA0157500548
B1359184159715N00135349EA0157500549
B1359194159705N00135354EA0157500550
B1359204159695N00135360EA0157500551
B1359214159684N00135364EA0157500552
B1359224159673N00135369EA0157500552
B1359234159663N00135373EA0157500552
B1359244159653N00135377EA0157500553
B1359254159643N00135381EA0157500554
B1359264159632N00135384EA0157500555
B1359274159622N00135386EA0157500556
B1359284159613N00135389EA0157500557
B1359294159603N00135393EA0157500558
B1359304159595N00135398EA0157500558
B1359314159587N00135403EA0157500557
B1359324159579N00135408EA0157500557
B1359334159573N00135416EA0157500558
B1359344159569N00135427EA0157500558
B1359354159565N00135438EA0157500558
B1359364159562N00135447EA0157500557
B1359374159559N00135457EA0157500557
B1359384159558N00135466EA0157500557
B1359394159562N00135471EA0157500556
B1359404159564N00135480EA0157500557
B1359414159567N00135491EA0157500558
B1359424159572N00135499EA0157500560
B1359434159577N00135508EA0157500559
B1359444159583N00135516EA0157500560
B1359454159588N00135526EA0157500560
B1359464159596N00135537EA0157500562
B1359474159602N00135548EA0157500564
B1359484159608N00135558EA0157500566
B1359494159615N00135569EA0157500567
B1359504159622N00135579EA0157500567
B1359514159628N00135589EA0157500567
B1359524159635N00135600EA0157500567
B1359534159642N00135610EA0157500567
B1359544159649N00135621EA0157500568
B1359554159657N00135634EA0157500567
B1359564159665N00135645EA0157500566
B1359574159675N00135654EA0157500567
B1359584159683N00135665EA0157500566
B1359594159691N00135675EA0157500566
B1400004159699N00135685EA0157500567
B1400014159708N00135695EA0157500567
B1400024159717N00135704EA0157500567
B1400034159726N00135713EA0157500568
B1400044159735N00135722EA0157500568
B1400054159744N00135732EA0157500568
B1400064159753N00135743EA0157500569
B1400074159762N00135753EA0157500569
B1400084159771N00135764EA0157500570
B1400094159780N00135774EA0157500570
B1400104159788N00135784EA0157500570
B1400114159797N00135795EA0157500571
B1400124159805N00135806EA0157500571
B1400134159814N00135817EA0157500572
B1400144159822N00135828EA0157500572
B1400154159830N00135839EA0157500572
B1400164159837N00135850EA0157500572
B1400174159845N00135861EA0157500572
B1400184159853N00135873EA0157500573
B1400194159860N00135884EA0157500574
B1400204159867N00135895EA0157500575
B1400214159875N00135906EA0157500576
B1400224159882N00135917EA0157500576
B1400234159889N00135928EA0157500576
B1400244159895N00135940EA0157500577
B1400254159901N00135951EA0157500577
B1400264159908N00135963EA0157500577
B1400274159914N00135973EA0157500578
B1400284159921N00135984EA0157500578
B1400294159927N00135993EA0157500579
B1400304159934N00136004EA0157500579
B1400314159940N00136014EA0157500579
B1400324159948N00136019EA0157500579
B1400334159956N00136023EA0157500579
B1400344159963N00136026EA0157500580
B1400354159970N00136030EA0157500581
B1400364159978N00136036EA0157500583
B1400374159985N00136041EA0157500583
B1400384159991N00136049EA0157500584
B1400394159997N00136056EA0157500584
B1400404200001N00136065EA0157500584
B1400414200005N00136075EA0157500584
B1400424200008N00136086EA0157500584
B1400434200008N00136095EA0157500585
B1400444200009N00136107EA0157500586
B1400454200011N00136117EA0157500586
B1400464200014N00136130EA0157500586
B1400474200015N00136143EA0157500586
B1400484200017N00136156EA0157500588
B1400494200019N00136169EA0157500589
B1400504200021N00136179EA0157500590
B1400514200023N00136193EA0157500594
B1400524200026N00136206EA0157500596
B1400534200031N00136219EA0157500597
B1400544200034N00136232EA0157500598
B1400554200037N00136243EA0157500600
B1400564200041N00136253EA0157500601
B1400574200046N00136264EA0157500602
B1400584200051N00136275EA0157500602
B1400594200057N00136287EA0157500602
B1401004200061N00136297EA0157500602
B1401014200065N00136309EA0157500602
B1401024200069N00136320EA0157500602
B1401034200072N00136332EA0157500604
B1401044200075N00136343EA0157500605
B1401054200078N00136355EA0157500606
B1401064200082N00136366EA0157500607
B1401074200085N00136377EA0157500608
B1401084200088N00136388EA0157500609
B1401094200091N00136399EA0157500611
B1401104200092N00136410EA0157500613
B1401114200093N00136422EA0157500614
B1401124200093N00136433EA0157500615
B1401134200091N00136446EA0157500617
B1401144200090N00136458EA0157500618
B1401154200088N00136470EA0157500619
B1401164200085N00136481EA0157500620
B1401174200081N00136493EA0157500620
B1401184200077N00136505EA0157500621
B1401194200073N00136516EA0157500622
B1401204200068N00136528EA0157500623
B1401214200063N00136541EA0157500624
B1401224200056N00136554EA0157500624
B1401234200049N00136567EA0157500626
B1401244200042N00136580EA0157500627
B1401254200034N00136594EA0157500627
B1401264200027N00136607EA0157500627
B1401274200019N00136620EA0157500627
B1401284200011N00136633EA0157500626
B1401294200004N00136647EA0157500625
B1401304159997N00136660EA0157500625
B1401314159990N00136673EA0157500625
B1401324159984N00136687EA0157500624
B1401334159977N00136700EA0157500625
B1401344159971N00136713EA0157500624
B1401354159964N00136726EA0157500624
B1401364159958N00136739EA0157500623
B1401374159952N00136752EA0157500623
B1401384159946N00136764EA0157500622
B1401394159940N00136776EA0157500622
B1401404159933N00136788EA0157500621
B1401414159925N00136798EA0157500621
B1401424159916N00136807EA0157500620
B1401434159908N00136817EA0157500620
B1401444159899N00136827EA0157500620
B1401454159890N00136836EA0157500620
B1401464159881N00136845EA0157500621
B1401474159873N00136855EA0157500621
B1401484159864N00136864EA0157500620
B1401494159856N00136873EA0157500621
B1401504159847N00136881EA0157500621
B1401514159839N00136890EA0157500621
B1401524159831N00136898EA0157500621
B1401534159823N00136906EA0157500621
B1401544159816N00136915EA0157500622
B1401554159808N00136923EA0157500621
B1401564159801N00136931EA0157500621
B1401574159793N00136940EA0157500621
B1401584159785N00136948EA0157500620
B1401594159777N00136957EA0157500620
B1402004159769N00136965EA0157500619
B1402014159760N00136973EA0157500619
B1402024159752N00136981EA0157500618
B1402034159743N00136990EA0157500618
B1402044159734N00136998EA0157500617
B1402054159726N00137007EA0157500617
B1402064159717N00137015EA0157500616
B1402074159709N00137024EA0157500615
B1402084159701N00137032EA0157500615
B1402094159692N00137041EA0157500615
B1402104159684N00137050EA0157500614
B1402114159676N00137060EA0157500614
B1402124159667N00137069EA0157500614
B1402134159658N00137078EA0157500614
B1402144159650N00137087EA0157500614
B1402154159641N00137095EA0157500614
B1402164159633N00137104EA0157500614
B1402174159626N00137113EA0157500614
B1402184159620N00137123EA0157500614
B1402194159613N00137132EA0157500613
B1402204159607N00137141EA0157500613
B1402214159603N00137152EA0157500613
B1402224159599N00137163EA0157500614
B1402234159597N00137174EA0157500613
B1402244159596N00137185EA0157500614
B1402254159597N00137196EA0157500614
B1402264159597N00137208EA0157500614
B1402274159599N00137220EA0157500614
B1402284159601N00137233EA0157500615
B1402294159602N00137245EA0157500617
B1402304159603N00137258EA0157500617
B1402314159602N00137269EA0157500617
B1402324159602N00137282EA0157500618
B1402334159600N00137294EA0157500618
B1402344159598N00137305EA0157500619
B1402354159594N00137317EA0157500620
B1402364159591N00137328EA0157500621
B1402374159587N00137339EA0157500621
B1402384159582N00137350EA0157500622
B1402394159578N00137363EA0157500623
B1402404159574N00137376EA0157500624
B1402414159570N00137389EA0157500624
B1402424159566N00137403EA0157500624
B1402434159562N00137416EA0157500624
B1402444159558N00137429EA0157500624
B1402454159554N00137442EA0157500625
B1402464159551N00137455EA0157500625
B1402474159547N00137468EA0157500625
B1402484159543N00137481EA0157500626
B1402494159539N00137495EA0157500626
B1402504159536N00137509EA0157500626
B1402514159532N00137523EA0157500626
B1402524159528N00137535EA0157500627
B1402534159525N00137550EA0157500627
B1402544159522N00137563EA0157500628
B1402554159519N00137577EA0157500628
B1402564159517N00137593EA0157500629
B1402574159515N00137608EA0157500629
B1402584159513N00137622EA0157500629
B1402594159511N00137636EA0157500629
B1403004159509N00137652EA0157500629
B1403014159507N00137667EA0157500629
B1403024159505N00137681EA0157500630
B1403034159503N00137695EA0157500630
B1403044159501N00137709EA0157500631
B1403054159499N00137722EA0157500631
B1403064159497N00137735EA0157500631
B1403074159496N00137747EA0157500632
B1403084159495N00137760EA0157500631
B1403094159493N00137773EA0157500631
B1403104159492N00137785EA0157500631
B1403114159491N00137796EA0157500631
B1403124159492N00137809EA0157500630
B1403134159492N00137821EA0157500630
B1403144159493N00137834EA0157500631
B1403154159494N00137848EA0157500631
B1403164159494N00137862EA0157500631
B1403174159495N00137874EA0157500631
B1403184159496N00137889EA0157500630
B1403194159497N00137903EA0157500631
B1403204159498N00137918EA0157500631
B1403214159498N00137934EA0157500632
B1403224159498N00137949EA0157500633
B1403234159498N00137964EA0157500632
B1403244159498N00137979EA0157500631
B1403254159497N00137993EA0157500630
B1403264159496N00138008EA0157500629
B1403274159495N00138022EA0157500629
B1403284159494N00138036EA0157500628
B1403294159493N00138050EA0157500627
B1403304159491N00138064EA0157500627
B1403314159490N00138077EA0157500626
B1403324159489N00138090EA0157500625
B1403334159488N00138103EA0157500625
B1403344159487N00138117EA0157500624
B1403354159487N00138130EA0157500625
B1403364159489N00138144EA0157500624
B1403374159491N00138157EA0157500624
B1403384159493N00138171EA0157500623
B1403394159495N00138184EA0157500623
B1403404159497N00138198EA0157500623
B1403414159499N00138211EA0157500622
B1403424159501N00138225EA0157500622
B1403434159503N00138238EA0157500622
B1403444159505N00138251EA0157500622
B1403454159507N00138265EA0157500622
B1403464159509N00138278EA0157500621
B1403474159511N00138290EA0157500621
B1403484159512N00138303EA0157500620
B1403494159513N00138316EA0157500619
B1403504159513N00138330EA0157500618
B1403514159513N00138342EA0157500618
B1403524159512N00138355EA0157500619
B1403534159511N00138366EA0157500618
B1403544159509N00138376EA0157500618
B1403554159507N00138385EA0157500617
B1403564159506N00138395EA0157500615
B1403574159505N00138404EA0157500615
B1403584159505N00138412EA0157500614
B1403594159506N00138420EA0157500613
B1404004159509N00138428EA0157500612
B1404014159511N00138436EA0157500611
B1404024159514N00138442EA0157500611
B1404034159516N00138448EA0157500610
B1404044159517N00138455EA0157500609
B1404054159518N00138461EA0157500608
B1404064159518N00138468EA0157500607
B1404074159516N00138473EA0157500606
B1404084159512N00138477EA0157500606
B1404094159508N00138480EA0157500605
B1404104159503N00138483EA0157500605
B1404114159497N00138485EA0157500605
B1404124159491N00138488EA0157500604
B1404134159485N00138492EA0157500604
B1404144159480N00138498EA0157500603
B1404154159474N00138505EA0157500602
B1404164159468N00138512EA0157500601
B1404174159463N00138519EA0157500600
B1404184159458N00138525EA0157500599
B1404194159453N00138531EA0157500598
B1404204159450N00138539EA0157500597
B1404214159446N00138547EA0157500596
B1404224159443N00138554EA0157500595
B1404234159440N00138561EA0157500594
B1404244159439N00138569EA0157500593
B1404254159438N00138577EA0157500592
B1404264159437N00138584EA0157500592
B1404274159436N00138591EA0157500591
B1404284159437N00138598EA0157500590
B1404294159438N00138604EA0157500589
B1404304159441N00138607EA0157500589
B1404314159444N00138608EA0157500588
B1404324159451N00138606EA0157500587
B1404334159455N00138607EA0157500585
B1404344159458N00138605EA0157500584
B1404354159462N00138602EA0157500584
B1404364159465N00138598EA0157500582
B1404374159469N00138593EA0157500581
B1404384159472N00138587EA0157500580
B1404394159475N00138581EA0157500578
B1404404159479N00138574EA0157500576
B1404414159482N00138568EA0157500576
B1404424159486N00138562EA0157500575
B1404434159490N00138558EA0157500574
B1404444159494N00138555EA0157500573
B1404454159499N00138552EA0157500571
B1404464159505N00138551EA0157500570
B1404474159510N00138550EA0157500571
B1404484159516N00138549EA0157500572
B1404494159523N00138549EA0157500573
B1404504159529N00138548EA0157500573
B1404514159536N00138550EA0157500574
B1404524159544N00138553EA0157500576
B1404534159552N00138557EA0157500577
B1404544159560N00138559EA0157500578
B1404554159568N00138563EA0157500578
B1404564159576N00138566EA0157500578
B1404574159584N00138569EA0157500577
B1404584159592N00138573EA0157500577
B1404594159599N00138576EA0157500575
B1405004159606N00138578EA0157500574
B1405014159612N00138580EA0157500574
B1405024159618N00138579EA0157500573
B1405034159623N00138578EA0157500572
B1405044159629N00138575EA0157500571
B1405054159634N00138571EA0157500570
B1405064159638N00138566EA0157500569
B1405074159643N00138561EA0157500568
B1405084159647N00138556EA0157500567
B1405094159652N00138552EA0157500566
B1405104159657N00138548EA0157500565
B1405114159662N00138545EA0157500565
B1405124159668N00138543EA0157500564
B1405134159672N00138543EA0157500563
B1405144159676N00138545EA0157500562
B1405154159680N00138547EA0157500562
B1405164159684N00138548EA0157500561
B1405174159687N00138550EA0157500561
B1405184159689N00138552EA0157500561
B1405194159692N00138556EA0157500560
B1405204159695N00138562EA0157500560
B1405214159699N00138569EA0157500560
B1405224159703N00138576EA0157500560
B1405234159708N00138584EA0157500560
B1405244159713N00138593EA0157500560
B1405254159717N00138601EA0157500559
B1405264159723N00138612EA0157500559
B1405274159728N00138623EA0157500559
B1405284159733N00138633EA0157500559
B1405294159737N00138644EA0157500559
B1405304159742N00138653EA0157500559
B1405314159746N00138660EA0157500559
B1405324159750N00138667EA0157500558
B1405334159755N00138672EA0157500558
B1405344159759N00138675EA0157500557
B1405354159765N00138678EA0157500558
B1405364159771N00138679EA0157500559
B1405374159778N00138679EA0157500559
B1405384159785N00138679EA0157500560
B1405394159793N00138679EA0157500561
B1405404159800N00138678EA0157500562
B1405414159807N00138676EA0157500562
B1405424159814N00138674EA0157500564
B1405434159819N00138671EA0157500565
B1405444159825N00138669EA0157500566
B1405454159830N00138667EA0157500567
B1405464159836N00138665EA0157500566
B1405474159841N00138665EA0157500568
B1405484159847N00138667EA0157500568
B1405494159852N00138673EA0157500568
B1405504159856N00138678EA0157500569
B1405514159859N00138683EA0157500568
B1405524159861N00138690EA0157500568
B1405534159862N00138698EA0157500567
B1405544159863N00138706EA0157500567
B1405554159862N00138716EA0157500567
B1405564159860N00138726EA0157500567
B1405574159859N00138735EA0157500567
B1405584159858N00138744EA0157500567
B1405594159857N00138753EA0157500567
B1406004159856N00138763EA0157500566
B1406014159855N00138773EA0157500566
B1406024159852N00138782EA0157500566
B1406034159849N00138790EA0157500566
B1406044159844N00138798EA0157500566
B1406054159839N00138806EA0157500566
B1406064159833N00138814EA0157500566
B1406074159827N00138822EA0157500566
B1406084159821N00138830EA0157500566
B1406094159815N00138838EA0157500565
B1406104159810N00138846EA0157500565
B1406114159806N00138856EA0157500564
B1406124159801N00138865EA0157500564
B1406134159797N00138874EA0157500563
B1406144159793N00138883EA0157500562
B1406154159789N00138893EA0157500562
B1406164159786N00138903EA0157500561
B1406174159782N00138913EA0157500561
B1406184159780N00138922EA0157500560
B1406194159777N00138931EA0157500560
B1406204159775N00138939EA0157500560
B1406214159772N00138946EA0157500559
B1406224159769N00138953EA0157500557
B1406234159764N00138959EA0157500555
B1406244159758N00138964EA0157500554
B1406254159752N00138968EA0157500554
B1406264159745N00138971EA0157500553
B1406274159739N00138974EA0157500552
B1406284159731N00138975EA0157500551
B1406294159724N00138976EA0157500551
B1406304159717N00138978EA0157500550
B1406314159711N00138982EA0157500550
B1406324159704N00138986EA0157500548
B1406334159699N00138991EA0157500546
B1406344159693N00138997EA0157500544
B1406354159686N00139004EA0157500543
B1406364159680N00139011EA0157500540
B1406374159674N00139018EA0157500538
B1406384159666N00139026EA0157500536
B1406394159659N00139033EA0157500534
B1406404159653N00139040EA0157500531
B1406414159646N00139046EA0157500529
B1406424159640N00139052EA0157500526
B1406434159634N00139058EA0157500524
B1406444159630N00139065EA0157500521
B1406454159627N00139072EA0157500519
B1406464159623N00139081EA0157500518
B1406474159622N00139090EA0157500515
B1406484159620N00139100EA0157500514
B1406494159619N00139109EA0157500514
B1406504159617N00139118EA0157500513
B1406514159615N00139128EA0157500512
B1406524159615N00139138EA0157500511
B1406534159616N00139148EA0157500510
B1406544159618N00139156EA0157500510
B1406554159620N00139165EA0157500508
B1406564159622N00139175EA0157500508
B1406574159625N00139185EA0157500507
B1406584159627N00139196EA0157500506
B1406594159630N00139206EA0157500506
B1407004159634N00139215EA0157500506
B1407014159637N00139226EA0157500506
B1407024159640N00139235EA0157500506
B1407034159643N00139245EA0157500506
B1407044159646N00139255EA0157500507
B1407054159649N00139264EA0157500508
B1407064159652N00139273EA0157500508
B1407074159655N00139281EA0157500508
B1407084159660N00139285EA0157500509
B1407094159665N00139288EA0157500509
B1407104159670N00139289EA0157500509
B1407114159674N00139290EA0157500509
B1407124159679N00139288EA0157500510
B1407134159682N00139285EA0157500511
B1407144159687N00139282EA0157500512
B1407154159694N00139280EA0157500513
B1407164159700N00139277EA0157500514
B1407174159707N00139275EA0157500515
B1407184159715N00139276EA0157500516
B1407194159722N00139277EA0157500517
B1407204159730N00139279EA0157500518
B1407214159738N00139281EA0157500519
B1407224159747N00139283EA0157500519
B1407234159755N00139284EA0157500520
B1407244159764N00139286EA0157500521
B1407254159772N00139288EA0157500521
B1407264159780N00139290EA0157500523
B1407274159788N00139294EA0157500524
B1407284159796N00139299EA0157500524
B1407294159804N00139303EA0157500525
B1407304159813N00139308EA0157500526
B1407314159821N00139314EA0157500527
B1407324159829N00139319EA0157500527
B1407334159837N00139324EA0157500527
B1407344159845N00139329EA0157500527
B1407354159853N00139334EA0157500528
B1407364159861N00139338EA0157500529
B1407374159868N00139342EA0157500530
B1407384159874N00139345EA0157500530
B1407394159881N00139349EA0157500531
B1407404159887N00139353EA0157500531
B1407414159893N00139359EA0157500531
B1407424159899N00139366EA0157500530
B1407434159905N00139372EA0157500531
B1407444159911N00139379EA0157500531
B1407454159917N00139385EA0157500532
B1407464159924N00139391EA0157500533
B1407474159930N00139397EA0157500534
B1407484159935N00139404EA0157500535
B1407494159939N00139412EA0157500536
B1407504159943N00139420EA0157500537
B1407514159944N00139428EA0157500538
B1407524159946N00139436EA0157500540
B1407534159947N00139444EA0157500540
B1407544159949N00139452EA0157500541
B1407554159950N00139459EA0157500542
B1407564159953N00139463EA0157500542
B1407574159955N00139469EA0157500542
B1407584159958N00139472EA0157500543
B1407594159964N00139473EA0157500544
B1408004159970N00139473EA0157500544
B1408014159976N00139474EA0157500545
B1408024159982N00139475EA0157500546
B1408034159988N00139478EA0157500546
B1408044159995N00139480EA0157500547
B1408054200003N00139483EA0157500548
B1408064200009N00139486EA0157500549
B1408074200016N00139489EA0157500550
B1408084200023N00139492EA0157500551
B1408094200030N00139495EA0157500553
B1408104200037N00139497EA0157500554
B1408114200044N00139500EA0157500555
B1408124200052N00139502EA0157500556
B1408134200060N00139504EA0157500557
B1408144200067N00139507EA0157500557
B1408154200074N00139510EA0157500558
B1408164200081N00139513EA0157500559
B1408174200088N00139515EA0157500560
B1408184200094N00139518EA0157500561
B1408194200101N00139521EA0157500562
B1408204200108N00139523EA0157500563
B1408214200115N00139524EA0157500564
B1408224200121N00139524EA0157500564
B1408234200128N00139520EA0157500565
B1408244200134N00139518EA0157500566
B1408254200140N00139516EA0157500567
B1408264200146N00139511EA0157500568
B1408274200152N00139506EA0157500568
B1408284200159N00139500EA0157500569
B1408294200165N00139495EA0157500570
B1408304200171N00139491EA0157500571
B1408314200177N00139488EA0157500572
B1408324200184N00139485EA0157500573
B1408334200190N00139484EA0157500574
B1408344200196N00139485EA0157500575
B1408354200203N00139487EA0157500577
B1408364200210N00139491EA0157500578
B1408374200216N00139496EA0157500580
B1408384200221N00139500EA0157500581
B1408394200227N00139504EA0157500582
B1408404200233N00139509EA0157500583
B1408414200239N00139515EA0157500584
B1408424200245N00139520EA0157500585
B1408434200251N00139526EA0157500586
B1408444200257N00139532EA0157500588
B1408454200260N00139537EA0157500589
B1408464200263N00139543EA0157500589
B1408474200265N00139549EA0157500590
B1408484200269N00139555EA0157500591
B1408494200272N00139560EA0157500592
B1408504200275N00139559EA0157500593
B1408514200281N00139562EA0157500592
B1408524200289N00139562EA0157500594
B1408534200295N00139562EA0157500596
B1408544200302N00139561EA0157500597
B1408554200308N00139561EA0157500598
B1408564200315N00139562EA0157500599
B1408574200322N00139564EA0157500599
B1408584200328N00139567EA0157500600
B1408594200334N00139570EA0157500601
B1409004200341N00139572EA0157500602
B1409014200347N00139573EA0157500603
B1409024200353N00139575EA0157500604
B1409034200358N00139576EA0157500605
B1409044200364N00139577EA0157500606
B1409054200369N00139580EA0157500606
B1409064200375N00139584EA0157500607
B1409074200376N00139589EA0157500608
B1409084200378N00139596EA0157500611
B1409094200380N00139603EA0157500614
B1409104200382N00139610EA0157500616
B1409114200386N00139618EA0157500618
B1409124200390N00139623EA0157500620
B1409134200395N00139631EA0157500622
B1409144200399N00139637EA0157500623
B1409154200404N00139644EA0157500624
B1409164200409N00139651EA0157500625
B1409174200414N00139659EA0157500626
B1409184200419N00139666EA0157500627
B1409194200424N00139673EA0157500628
B1409204200428N00139680EA0157500630
B1409214200433N00139687EA0157500631
B1409224200440N00139693EA0157500633
B1409234200446N00139699EA0157500634
B1409244200452N00139704EA0157500636
B1409254200459N00139710EA0157500638
B1409264200465N00139715EA0157500640
B1409274200470N00139721EA0157500642
B1409284200475N00139727EA0157500644
B1409294200480N00139735EA0157500646
B1409304200484N00139743EA0157500649
B1409314200487N00139750EA0157500652
B1409324200491N00139756EA0157500654
B1409334200496N00139762EA0157500657
B1409344200502N00139765EA0157500660
B1409354200508N00139767EA0157500661
B1409364200515N00139769EA0157500661
B1409374200522N00139769EA0157500664
B1409384200529N00139767EA0157500665
B1409394200536N00139764EA0157500666
B1409404200543N00139762EA0157500666
B1409414200549N00139760EA0157500666
B1409424200556N00139758EA0157500667
B1409434200562N00139758EA0157500667
B1409444200569N00139758EA0157500667
B1409454200576N00139760EA0157500667
B1409464200582N00139762EA0157500668
B1409474200588N00139767EA0157500667
B1409484200594N00139771EA0157500669
B1409494200600N00139774EA0157500671
B1409504200605N00139779EA0157500672
B1409514200610N00139784EA0157500672
B1409524200615N00139789EA0157500672
B1409534200620N00139794EA0157500673
B1409544200625N00139799EA0157500673
B1409554200631N00139802EA0157500675
B1409564200637N00139802EA0157500675
B1409574200644N00139800EA0157500675
B1409584200651N00139799EA0157500675
B1409594200657N00139797EA0157500675
B1410004200663N00139795EA0157500676
B1410014200668N00139791EA0157500677
B1410024200675N00139788EA0157500678
B1410034200681N00139785EA0157500680
B1410044200687N00139783EA0157500680
B1410054200694N00139782EA0157500680
B1410064200700N00139782EA0157500681
B1410074200706N00139782EA0157500681
B1410084200713N00139782EA0157500681
B1410094200719N00139783EA0157500682
B1410104200726N00139785EA0157500683
B1410114200733N00139787EA0157500683
B1410124200740N00139790EA0157500684
B1410134200747N00139791EA0157500685
B1410144200753N00139794EA0157500686
B1410154200759N00139798EA0157500686
B1410164200766N00139801EA0157500686
B1410174200772N00139805EA0157500687
B1410184200779N00139808EA0157500688
B1410194200786N00139810EA0157500689
B1410204200793N00139811EA0157500690
B1410214200800N00139810EA0157500690
B1410224200807N00139809EA0157500691
B1410234200814N00139807EA0157500692
B1410244200820N00139806EA0157500692
B1410254200827N00139806EA0157500693
B1410264200834N00139807EA0157500691
B1410274200841N00139809EA0157500690
B1410284200847N00139811EA0157500689
B1410294200853N00139813EA0157500687
B1410304200858N00139817EA0157500685
B1410314200862N00139821EA0157500683
B1410324200867N00139824EA0157500681
B1410334200870N00139827EA0157500680
B1410344200872N00139831EA0157500679
B1410354200873N00139836EA0157500680
B1410364200872N00139841EA0157500681
B1410374200871N00139845EA0157500681
B1410384200866N00139851EA0157500681
B1410394200863N00139855EA0157500680
B1410404200861N00139861EA0157500679
B1410414200860N00139868EA0157500679
B1410424200865N00139872EA0157500679
B1410434200868N00139877EA0157500679
B1410444200872N00139883EA0157500678
B1410454200875N00139888EA0157500678
B1410464200879N00139894EA0157500678
B1410474200881N00139901EA0157500678
B1410484200883N00139908EA0157500676
B1410494200884N00139916EA0157500676
B1410504200886N00139925EA0157500676
B1410514200887N00139932EA0157500675
B1410524200888N00139941EA0157500674
B1410534200889N00139950EA0157500673
B1410544200890N00139958EA0157500672
B1410554200891N00139967EA0157500672
B1410564200892N00139974EA0157500671
B1410574200893N00139982EA0157500671
B1410584200893N00139988EA0157500672
B1410594200892N00139993EA0157500672
B1411004200890N00139999EA0157500673
B1411014200889N00140005EA0157500675
B1411024200888N00140012EA0157500676
B1411034200890N00140019EA0157500677
B1411044200892N00140025EA0157500678
B1411054200894N00140032EA0157500679
B1411064200895N00140039EA0157500680
B1411074200898N00140046EA0157500680
B1411084200901N00140053EA0157500681
B1411094200904N00140062EA0157500681
B1411104200908N00140071EA0157500682
B1411114200912N00140081EA0157500682
B1411124200915N00140089EA0157500682
B1411134200920N00140096EA0157500682
B1411144200924N00140103EA0157500683
B1411154200929N00140109EA0157500683
B1411164200934N00140112EA0157500684
B1411174200940N00140115EA0157500684
B1411184200944N00140119EA0157500684
B1411194200949N00140124EA0157500686
B1411204200951N00140130EA0157500686
B1411214200952N00140137EA0157500688
B1411224200954N00140144EA0157500688
B1411234200957N00140153EA0157500690
B1411244200959N00140163EA0157500690
B1411254200961N00140174EA0157500690
B1411264200963N00140182EA0157500691
B1411274200965N00140192EA0157500692
B1411284200968N00140201EA0157500692
B1411294200972N00140210EA0157500693
B1411304200975N00140218EA0157500694
B1411314200979N00140225EA0157500695
B1411324200983N00140233EA0157500696
B1411334200987N00140241EA0157500698
B1411344200992N00140248EA0157500699
B1411354200997N00140256EA0157500700
B1411364201003N00140264EA0157500702
B1411374201010N00140273EA0157500703
B1411384201015N00140280EA0157500704
B1411394201021N00140288EA0157500705
B1411404201027N00140296EA0157500706
B1411414201033N00140304EA0157500707
B1411424201038N00140311EA0157500708
B1411434201043N00140319EA0157500710
B1411444201048N00140327EA0157500711
B1411454201051N00140334EA0157500711
B1411464201054N00140343EA0157500712
B1411474201057N00140352EA0157500712
B1411484201060N00140360EA0157500712
B1411494201064N00140368EA0157500712
B1411504201068N00140376EA0157500713
B1411514201072N00140383EA0157500713
B1411524201075N00140390EA0157500713
B1411534201079N00140394EA0157500714
B1411544201084N00140400EA0157500714
B1411554201090N00140406EA0157500714
B1411564201096N00140408EA0157500714
B1411574201103N00140412EA0157500713
B1411584201110N00140418EA0157500713
B1411594201116N00140423EA0157500713
B1412004201123N00140428EA0157500712
B1412014201129N00140432EA0157500711
B1412024201135N00140437EA0157500709
B1412034201141N00140441EA0157500708
B1412044201149N00140445EA0157500707
B1412054201156N00140449EA0157500706
B1412064201164N00140451EA0157500706
B1412074201171N00140453EA0157500707
B1412084201178N00140454EA0157500707
B1412094201185N00140455EA0157500706
B1412104201193N00140455EA0157500706
B1412114201200N00140456EA0157500706
B1412124201208N00140457EA0157500707
B1412134201216N00140459EA0157500708
B1412144201222N00140460EA0157500709
B1412154201228N00140460EA0157500708
B1412164201235N00140460EA0157500707
B1412174201242N00140459EA0157500706
B1412184201249N00140458EA0157500705
B1412194201256N00140456EA0157500705
B1412204201263N00140454EA0157500705
B1412214201270N00140452EA0157500705
B1412224201278N00140451EA0157500705
B1412234201285N00140451EA0157500706
B1412244201293N00140452EA0157500706
B1412254201302N00140452EA0157500706
B1412264201311N00140455EA0157500706
B1412274201319N00140458EA0157500706
B1412284201328N00140461EA0157500706
B1412294201337N00140464EA0157500706
B1412304201343N00140466EA0157500706
B1412314201350N00140468EA0157500704
B1412324201356N00140468EA0157500701
B1412334201362N00140467EA0157500698
B1412344201367N00140465EA0157500695
B1412354201373N00140464EA0157500693
B1412364201380N00140462EA0157500691
B1412374201387N00140461EA0157500690
B1412384201393N00140462EA0157500689
B1412394201401N00140466EA0157500689
B1412404201409N00140471EA0157500689
B1412414201416N00140474EA0157500689
B1412424201425N00140477EA0157500690
B1412434201433N00140481EA0157500690
B1412444201441N00140484EA0157500690
B1412454201449N00140485EA0157500690
B1412464201457N00140486EA0157500690
B1412474201465N00140488EA0157500690
B1412484201472N00140491EA0157500690
B1412494201480N00140495EA0157500691
B1412504201487N00140500EA0157500690
B1412514201495N00140506EA0157500688
B1412524201502N00140511EA0157500688
B1412534201508N00140514EA0157500688
B1412544201515N00140517EA0157500688
B1412554201522N00140519EA0157500689
B1412564201530N00140521EA0157500690
B1412574201536N00140523EA0157500689
B1412584201540N00140523EA0157500688
B1412594201545N00140523EA0157500689
B1413004201551N00140523EA0157500689
B1413014201557N00140525EA0157500690
B1413024201563N00140528EA0157500691
B1413034201569N00140532EA0157500692
B1413044201572N00140536EA0157500691
B1413054201576N00140541EA0157500691
B1413064201582N00140546EA0157500692
B1413074201586N00140550EA0157500692
B1413084201592N00140552EA0157500693
B1413094201597N00140555EA0157500694
B1413104201603N00140556EA0157500695
B1413114201608N00140558EA0157500696
B1413124201613N00140559EA0157500696
B1413134201619N00140559EA0157500697
B1413144201625N00140559EA0157500697
B1413154201631N00140559EA0157500697
B1413164201637N00140558EA0157500698
B1413174201644N00140558EA0157500698
B1413184201649N00140558EA0157500698
B1413194201656N00140557EA0157500698
B1413204201661N00140558EA0157500698
B1413214201666N00140560EA0157500698
B1413224201670N00140565EA0157500698
B1413234201676N00140570EA0157500698
B1413244201682N00140576EA0157500698
B1413254201688N00140582EA0157500699
B1413264201695N00140589EA0157500699
B1413274201702N00140595EA0157500699
B1413284201709N00140602EA0157500700
B1413294201715N00140609EA0157500700
B1413304201722N00140615EA0157500699
B1413314201730N00140623EA0157500700
B1413324201737N00140630EA0157500703
B1413334201744N00140636EA0157500705
B1413344201751N00140642EA0157500706
B1413354201757N00140649EA0157500708
B1413364201763N00140655EA0157500710
B1413374201769N00140661EA0157500711
B1413384201775N00140667EA0157500713
B1413394201780N00140673EA0157500714
B1413404201785N00140679EA0157500714
B1413414201790N00140684EA0157500715
B1413424201794N00140687EA0157500716
B1413434201798N00140688EA0157500717
B1413444201802N00140686EA0157500717
B1413454201806N00140685EA0157500716
B1413464201809N00140681EA0157500716
B1413474201813N00140679EA0157500715
B1413484201817N00140675EA0157500715
B1413494201820N00140673EA0157500714
B1413504201824N00140670EA0157500715
B1413514201830N00140667EA0157500715
B1413524201835N00140665EA0157500716
B1413534201841N00140663EA0157500717
B1413544201846N00140660EA0157500717
B1413554201851N00140657EA0157500717
B1413564201855N00140654EA0157500719
B1413574201860N00140649EA0157500719
B1413584201866N00140646EA0157500720
B1413594201870N00140642EA0157500721
B1414004201876N00140638EA0157500722
B1414014201881N00140636EA0157500723
B1414024201886N00140635EA0157500723
B1414034201891N00140637EA0157500723
B1414044201896N00140639EA0157500723
B1414054201901N00140640EA0157500723
B1414064201905N00140640EA0157500725
B1414074201912N00140639EA0157500726
B1414084201917N00140639EA0157500727
B1414094201923N00140639EA0157500728
B1414104201929N00140639EA0157500728
B1414114201934N00140639EA0157500728
B1414124201938N00140643EA0157500730
B1414134201942N00140644EA0157500731
B1414144201941N00140647EA0157500732
B1414154201943N00140650EA0157500732
B1414164201945N00140655EA0157500734
B1414174201946N00140660EA0157500736
B1414184201946N00140666EA0157500737
B1414194201945N00140674EA0157500739
B1414204201944N00140681EA0157500740
B1414214201944N00140689EA0157500742
B1414224201943N00140697EA0157500744
B1414234201942N00140704EA0157500746
B1414244201942N00140711EA0157500747
B1414254201941N00140718EA0157500748
B1414264201942N00140723EA0157500748
B1414274201945N00140730EA0157500749
B1414284201948N00140735EA0157500750
B1414294201952N00140740EA0157500750
B1414304201955N00140745EA0157500749
B1414314201959N00140749EA0157500749
B1414324201963N00140753EA0157500751
B1414334201968N00140756EA0157500753
B1414344201971N00140759EA0157500754
B1414354201976N00140764EA0157500757
B1414364201980N00140767EA0157500755
B1414374201981N00140770EA0157500757
B1414384201983N00140776EA0157500759
B1414394201985N00140781EA0157500760
B1414404201987N00140787EA0157500757
B1414414201987N00140794EA0157500754
B1414424201987N00140800EA0157500752
B1414434201986N00140805EA0157500751
B1414444201985N00140812EA0157500751
B1414454201984N00140822EA0157500748
B1414464201983N00140829EA0157500751
B1414474201982N00140837EA0157500753
B1414484201982N00140846EA0157500753
B1414494201983N00140855EA0157500753
B1414504201987N00140863EA0157500754
B1414514201989N00140872EA0157500755
B1414524201992N00140881EA0157500757
B1414534201995N00140891EA0157500759
B1414544201999N00140900EA0157500760
B1414554202002N00140910EA0157500762
B1414564202005N00140920EA0157500763
B1414574202008N00140931EA0157500765
B1414584202010N00140941EA0157500766
B1414594202012N00140952EA0157500766
B1415004202014N00140962EA0157500768
B1415014202015N00140972EA0157500769
B1415024202017N00140982EA0157500770
B1415034202018N00140991EA0157500771
B1415044202019N00141000EA0157500771
B1415054202019N00141008EA0157500773
B1415064202017N00141017EA0157500777
B1415074202015N00141024EA0157500778
B1415084202013N00141032EA0157500778
B1415094202011N00141040EA0157500777
B1415104202009N00141048EA0157500776
B1415114202005N00141054EA0157500776
B1415124202001N00141059EA0157500776
B1415134201997N00141064EA0157500777
B1415144201991N00141067EA0157500775
B1415154201986N00141070EA0157500775
B1415164201981N00141072EA0157500776
B1415174201976N00141075EA0157500776
B1415184201970N00141078EA0157500777
B1415194201966N00141082EA0157500778
B1415204201962N00141086EA0157500779
B1415214201962N00141094EA0157500780
B1415224201960N00141103EA0157500780
B1415234201959N00141110EA0157500780
B1415244201957N00141117EA0157500780
B1415254201954N00141125EA0157500778
B1415264201952N00141133EA0157500777
B1415274201950N00141141EA0157500777
B1415284201949N00141147EA0157500776
B1415294201948N00141153EA0157500775
B1415304201947N00141160EA0157500774
B1415314201946N00141168EA0157500773
B1415324201944N00141176EA0157500772
B1415334201941N00141187EA0157500771
B1415344201939N00141196EA0157500770
B1415354201935N00141205EA0157500769
B1415364201929N00141214EA0157500768
B1415374201924N00141222EA0157500769
B1415384201920N00141230EA0157500769
B1415394201915N00141239EA0157500767
B1415404201911N00141250EA0157500768
B1415414201907N00141259EA0157500768
B1415424201904N00141269EA0157500767
B1415434201900N00141279EA0157500767
B1415444201897N00141289EA0157500767
B1415454201894N00141299EA0157500767
B1415464201892N00141309EA0157500766
B1415474201889N00141319EA0157500766
B1415484201887N00141328EA0157500767
B1415494201884N00141338EA0157500767
B1415504201880N00141347EA0157500767
B1415514201876N00141354EA0157500767
B1415524201872N00141361EA0157500769
B1415534201867N00141368EA0157500769
B1415544201862N00141374EA0157500770
B1415554201857N00141380EA0157500770
B1415564201852N00141383EA0157500771
B1415574201847N00141386EA0157500772
B1415584201841N00141390EA0157500773
B1415594201838N00141395EA0157500774
B1416004201834N00141400EA0157500775
B1416014201831N00141405EA0157500775
B1416024201830N00141413EA0157500775
B1416034201827N00141419EA0157500776
B1416044201825N00141425EA0157500775
B1416054201823N00141432EA0157500776
B1416064201822N00141437EA0157500777
B1416074201822N00141442EA0157500777
B1416084201823N00141448EA0157500778
B1416094201822N00141452EA0157500778
B1416104201821N00141458EA0157500778
B1416114201817N00141464EA0157500778
B1416124201814N00141467EA0157500778
B1416134201810N00141473EA0157500779
B1416144201807N00141478EA0157500779
B1416154201806N00141485EA0157500780
B1416164201804N00141491EA0157500779
B1416174201802N00141498EA0157500780
B1416184201800N00141506EA0157500781
B1416194201798N00141515EA0157500782
B1416204201796N00141524EA0157500783
B1416214201793N00141535EA0157500783
B1416224201790N00141544EA0157500784
B1416234201786N00141553EA0157500785
B1416244201783N00141563EA0157500786
B1416254201779N00141573EA0157500787
B1416264201776N00141583EA0157500787
B1416274201772N00141594EA0157500788
B1416284201767N00141604EA0157500788
B1416294201764N00141615EA0157500789
B1416304201761N00141628EA0157500789
B1416314201757N00141640EA0157500789
B1416324201754N00141651EA0157500789
B1416334201751N00141664EA0157500790
B1416344201748N00141676EA0157500790
B1416354201745N00141689EA0157500790
B1416364201742N00141701EA0157500791
B1416374201738N00141714EA0157500790
B1416384201735N00141726EA0157500790
B1416394201732N00141738EA0157500791
B1416404201730N00141751EA0157500791
B1416414201728N00141764EA0157500791
B1416424201726N00141777EA0157500792
B1416434201725N00141789EA0157500792
B1416444201724N00141801EA0157500792
B1416454201723N00141812EA0157500793
B1416464201722N00141825EA0157500796
B1416474201721N00141837EA0157500798
B1416484201719N00141850EA0157500800
B1416494201717N00141861EA0157500801
B1416504201715N00141874EA0157500803
B1416514201712N00141886EA0157500804
B1416524201708N00141898EA0157500805
B1416534201705N00141910EA0157500806
B1416544201702N00141923EA0157500806
B1416554201699N00141935EA0157500806
B1416564201696N00141946EA0157500806
B1416574201693N00141957EA0157500806
B1416584201690N00141968EA0157500807
B1416594201687N00141980EA0157500806
B1417004201684N00141991EA0157500806
B1417014201681N00142003EA0157500806
B1417024201678N00142015EA0157500806
B1417034201675N00142026EA0157500806
B1417044201672N00142038EA0157500806
B1417054201669N00142050EA0157500806
B1417064201666N00142062EA0157500806
B1417074201663N00142073EA0157500806
B1417084201660N00142085EA0157500806
B1417094201657N00142097EA0157500806
B1417104201654N00142109EA0157500806
B1417114201651N00142121EA0157500807
B1417124201648N00142133EA0157500807
B1417134201645N00142145EA0157500808
B1417144201642N00142157EA0157500808
B1417154201639N00142169EA0157500808
B1417164201637N00142180EA0157500808
B1417174201634N00142192EA0157500808
B1417184201631N00142202EA0157500808
B1417194201628N00142212EA0157500809
B1417204201626N00142222EA0157500809
B1417214201625N00142232EA0157500810
B1417224201627N00142241EA0157500811
B1417234201628N00142251EA0157500812
B1417244201630N00142262EA0157500812
B1417254201631N00142272EA0157500813
B1417264201633N00142283EA0157500813
B1417274201635N00142294EA0157500813
B1417284201637N00142304EA0157500813
B1417294201639N00142314EA0157500813
B1417304201640N00142324EA0157500813
B1417314201640N00142334EA0157500813
B1417324201640N00142343EA0157500814
B1417334201640N00142353EA0157500814
B1417344201640N00142363EA0157500814
B1417354201640N00142372EA0157500815
B1417364201640N00142381EA0157500815
B1417374201640N00142390EA0157500815
B1417384201640N00142399EA0157500816
B1417394201641N00142407EA0157500815
B1417404201644N00142417EA0157500815
B1417414201646N00142425EA0157500815
B1417424201649N00142433EA0157500815
B1417434201653N00142441EA0157500814
B1417444201657N00142450EA0157500813
B1417454201662N00142460EA0157500814
B1417464201666N00142469EA0157500815
B1417474201671N00142478EA0157500815
B1417484201676N00142487EA0157500815
B1417494201681N00142496EA0157500815
B1417504201685N00142506EA0157500815
B1417514201690N00142514EA0157500815
B1417524201695N00142523EA0157500815
B1417534201699N00142531EA0157500814
B1417544201703N00142540EA0157500815
B1417554201706N00142548EA0157500814
B1417564201708N00142557EA0157500815
B1417574201708N00142568EA0157500815
B1417584201709N00142580EA0157500817
B1417594201709N00142591EA0157500817
B1418004201708N00142603EA0157500817
B1418014201708N00142615EA0157500817
B1418024201708N00142627EA0157500816
B1418034201707N00142639EA0157500815
B1418044201706N00142651EA0157500814
B1418054201705N00142663EA0157500813
B1418064201705N00142676EA0157500812
B1418074201704N00142688EA0157500811
B1418084201703N00142700EA0157500810
B1418094201702N00142712EA0157500809
B1418104201702N00142724EA0157500807
B1418114201701N00142736EA0157500805
B1418124201700N00142748EA0157500804
B1418134201699N00142760EA0157500803
B1418144201699N00142773EA0157500801
B1418154201699N00142785EA0157500800
B1418164201699N00142797EA0157500799
B1418174201698N00142810EA0157500798
B1418184201698N00142823EA0157500797
B1418194201698N00142835EA0157500796
B1418204201697N00142848EA0157500795
B1418214201696N00142860EA0157500794
B1418224201696N00142872EA0157500792
B1418234201695N00142884EA0157500791
B1418244201695N00142897EA0157500790
B1418254201694N00142909EA0157500789
B1418264201693N00142921EA0157500787
B1418274201693N00142933EA0157500786
B1418284201692N00142945EA0157500785
B1418294201691N00142956EA0157500784
B1418304201691N00142968EA0157500783
B1418314201690N00142979EA0157500782
B1418324201689N00142990EA0157500781
B1418334201688N00143000EA0157500780
B1418344201686N00143010EA0157500779
B1418354201685N00143019EA0157500778
B1418364201683N00143028EA0157500777
B1418374201681N00143035EA0157500776
B1418384201678N00143042EA0157500775
B1418394201675N00143049EA0157500774
B1418404201670N00143055EA0157500774
B1418414201665N00143062EA0157500775
B1418424201660N00143068EA0157500775
B1418434201654N00143074EA0157500775
B1418444201649N00143078EA0157500774
B1418454201645N00143083EA0157500774
B1418464201641N00143088EA0157500774
B1418474201638N00143095EA0157500773
B1418484201636N00143101EA0157500773
B1418494201636N00143111EA0157500772
B1418504201636N00143120EA0157500770
B1418514201635N00143129EA0157500769
B1418524201634N00143138EA0157500769
B1418534201632N00143148EA0157500768
B1418544201630N00143157EA0157500768
B1418554201628N00143165EA0157500768
B1418564201626N00143173EA0157500767
B1418574201623N00143180EA0157500767
B1418584201619N00143186EA0157500765
B1418594201613N00143191EA0157500765
B1419004201607N00143196EA0157500766
B1419014201600N00143201EA0157500766
B1419024201592N00143205EA0157500766
B1419034201585N00143210EA0157500766
B1419044201578N00143215EA0157500766
B1419054201570N00143219EA0157500766
B1419064201563N00143223EA0157500766
B1419074201556N00143227EA0157500766
B1419084201549N00143231EA0157500765
B1419094201543N00143234EA0157500765
B1419104201537N00143238EA0157500765
B1419114201532N00143242EA0157500764
B1419124201527N00143248EA0157500763
B1419134201524N00143255EA0157500762
B1419144201520N00143263EA0157500761
B1419154201516N00143271EA0157500760
B1419164201513N00143280EA0157500759
B1419174201510N00143289EA0157500758
B1419184201506N00143297EA0157500757
B1419194201503N00143307EA0157500756
B1419204201501N00143315EA0157500755
B1419214201499N00143324EA0157500754
B1419224201498N00143333EA0157500753
B1419234201498N00143342EA0157500752
B1419244201499N00143351EA0157500751
B1419254201500N00143359EA0157500750
B1419264201500N00143366EA0157500749
B1419274201499N00143373EA0157500749
B1419284201498N00143380EA0157500749
B1419294201496N00143386EA0157500748
B1419304201494N00143392EA0157500747
B1419314201489N00143397EA0157500747
B1419324201485N00143402EA0157500747
B1419334201480N00143407EA0157500746
B1419344201474N00143409EA0157500746
B1419354201468N00143411EA0157500746
B1419364201462N00143412EA0157500746
B1419374201457N00143411EA0157500746
B1419384201451N00143410EA0157500747
B1419394201445N00143407EA0157500747
B1419404201439N00143405EA0157500747
B1419414201433N00143402EA0157500747
B1419424201426N00143401EA0157500748
B1419434201421N00143401EA0157500748
B1419444201417N00143401EA0157500747
B1419454201413N00143403EA0157500747
B1419464201409N00143404EA0157500747
B1419474201405N00143407EA0157500746
B1419484201402N00143409EA0157500747
B1419494201398N00143410EA0157500746
B1419504201395N00143412EA0157500746
B1419514201391N00143415EA0157500747
B1419524201389N00143418EA0157500746
B1419534201386N00143423EA0157500746
B1419544201385N00143427EA0157500746
B1419554201385N00143432EA0157500746
B1419564201386N00143436EA0157500746
B1419574201387N00143439EA0157500746
B1419584201390N00143442EA0157500746
B1419594201393N00143444EA0157500746
B1420004201398N00143442EA0157500746
B1420014201403N00143441EA0157500745
B1420024201407N00143440EA0157500745
B1420034201411N00143439EA0157500745
B1420044201416N00143440EA0157500745
B1420054201420N00143439EA0157500744
B1420064201425N00143440EA0157500744
B1420074201431N00143442EA0157500744
B1420084201438N00143445EA0157500743
B1420094201444N00143448EA0157500743
B1420104201450N00143452EA0157500743
B1420114201456N00143459EA0157500743
B1420124201461N00143466EA0157500743
B1420134201469N00143472EA0157500742
B1420144201475N00143479EA0157500743
B1420154201480N00143487EA0157500743
B1420164201485N00143496EA0157500743
B1420174201488N00143505EA0157500744
B1420184201492N00143515EA0157500745
B1420194201496N00143525EA0157500746
B1420204201500N00143536EA0157500747
B1420214201503N00143546EA0157500747
B1420224201507N00143557EA0157500747
B1420234201510N00143568EA0157500747
B1420244201514N00143579EA0157500747
B1420254201517N00143590EA0157500747
B1420264201520N00143600EA0157500748
B1420274201524N00143611EA0157500748
B1420284201527N00143622EA0157500748
B1420294201530N00143633EA0157500749
B1420304201534N00143644EA0157500749
B1420314201537N00143655EA0157500750
B1420324201540N00143665EA0157500750
B1420334201543N00143676EA0157500751
B1420344201546N00143686EA0157500751
B1420354201549N00143696EA0157500752
B1420364201552N00143705EA0157500753
B1420374201555N00143714EA0157500753
B1420384201559N00143723EA0157500754
B1420394201564N00143731EA0157500755
B1420404201570N00143738EA0157500755
B1420414201575N00143745EA0157500756
B1420424201581N00143752EA0157500757
B1420434201587N00143759EA0157500758
B1420444201593N00143766EA0157500759
B1420454201599N00143773EA0157500760
B1420464201605N00143780EA0157500761
B1420474201610N00143786EA0157500761
B1420484201615N00143792EA0157500761
B1420494201619N00143798EA0157500762
B1420504201623N00143804EA0157500762
B1420514201622N00143811EA0157500763
B1420524201624N00143818EA0157500764
B1420534201625N00143827EA0157500765
B1420544201626N00143836EA0157500765
B1420554201626N00143846EA0157500766
B1420564201626N00143857EA0157500766
B1420574201626N00143867EA0157500767
B1420584201625N00143878EA0157500767
B1420594201625N00143888EA0157500767
B1421004201625N00143898EA0157500768
B1421014201624N00143908EA0157500769
B1421024201624N00143918EA0157500770
B1421034201626N00143929EA0157500771
B1421044201628N00143939EA0157500771
B1421054201631N00143949EA0157500772
B1421064201634N00143960EA0157500772
B1421074201637N00143970EA0157500773
B1421084201641N00143980EA0157500774
B1421094201644N00143991EA0157500774
B1421104201647N00144002EA0157500775
B1421114201651N00144012EA0157500776
B1421124201654N00144023EA0157500776
B1421134201657N00144033EA0157500777
B1421144201660N00144042EA0157500778
B1421154201663N00144051EA0157500780
B1421164201665N00144059EA0157500781
B1421174201668N00144066EA0157500782
B1421184201670N00144072EA0157500783
B1421194201674N00144078EA0157500783
B1421204201677N00144078EA0157500784
B1421214201681N00144078EA0157500785
B1421224201686N00144077EA0157500786
B1421234201689N00144073EA0157500787
B1421244201694N00144069EA0157500789
B1421254201699N00144065EA0157500789
B1421264201703N00144060EA0157500791
B1421274201708N00144055EA0157500793
B1421284201712N00144051EA0157500794
B1421294201715N00144047EA0157500796
B1421304201720N00144042EA0157500798
B1421314201725N00144039EA0157500799
B1421324201730N00144038EA0157500800
B1421334201734N00144037EA0157500802
B1421344201738N00144039EA0157500803
B1421354201741N00144042EA0157500804
B1421364201742N00144047EA0157500805
B1421374201745N00144053EA0157500805
B1421384201749N00144059EA0157500807
B1421394201752N00144067EA0157500807
B1421404201756N00144075EA0157500808
B1421414201760N00144083EA0157500808
B1421424201764N00144091EA0157500809
B1421434201768N00144099EA0157500810
B1421444201772N00144108EA0157500811
B1421454201776N00144116EA0157500811
B1421464201780N00144125EA0157500811
B1421474201783N00144133EA0157500812
B1421484201787N00144141EA0157500812
B1421494201791N00144149EA0157500813
B1421504201794N00144156EA0157500813
B1421514201797N00144163EA0157500813
B1421524201800N00144169EA0157500814
B1421534201803N00144174EA0157500814
B1421544201807N00144179EA0157500814
B1421554201811N00144181EA0157500815
B1421564201816N00144180EA0157500815
B1421574201821N00144177EA0157500815
B1421584201826N00144175EA0157500815
B1421594201832N00144173EA0157500816
B1422004201838N00144170EA0157500816
B1422014201844N00144166EA0157500816
B1422024201851N00144162EA0157500816
B1422034201858N00144158EA0157500817
B1422044201865N00144154EA0157500817
B1422054201872N00144149EA0157500817
B1422064201880N00144145EA0157500818
B1422074201887N00144140EA0157500818
B1422084201894N00144136EA0157500818
B1422094201902N00144131EA0157500818
B1422104201909N00144127EA0157500818
B1422114201917N00144123EA0157500818
B1422124201925N00144118EA0157500818
B1422134201932N00144114EA0157500819
B1422144201939N00144110EA0157500819
B1422154201947N00144107EA0157500820
B1422164201955N00144104EA0157500820
B1422174201963N00144102EA0157500821
B1422184201971N00144100EA0157500821
B1422194201981N00144098EA0157500822
B1422204201989N00144097EA0157500822
B1422214201998N00144095EA0157500823
B1422224202007N00144094EA0157500823
B1422234202016N00144092EA0157500824
B1422244202024N00144091EA0157500825
B1422254202032N00144090EA0157500825
B1422264202040N00144089EA0157500826
B1422274202047N00144087EA0157500826
B1422284202054N00144086EA0157500827
B1422294202062N00144085EA0157500827
B1422304202069N00144084EA0157500827
B1422314202076N00144083EA0157500828
B1422324202084N00144083EA0157500828
B1422334202091N00144083EA0157500828
B1422344202099N00144085EA0157500829
B1422354202106N00144087EA0157500830
B1422364202113N00144090EA0157500831
B1422374202121N00144093EA0157500832
B1422384202128N00144097EA0157500832
B1422394202136N00144101EA0157500833
B1422404202144N00144105EA0157500834
B1422414202152N00144109EA0157500835
B1422424202160N00144113EA0157500836
B1422434202168N00144118EA0157500837
B1422444202177N00144122EA0157500838
B1422454202185N00144126EA0157500840
B1422464202195N00144130EA0157500842
B1422474202203N00144134EA0157500844
B1422484202212N00144138EA0157500846
B1422494202220N00144141EA0157500847
B1422504202227N00144145EA0157500848
B1422514202234N00144148EA0157500849
B1422524202242N00144152EA0157500849
B1422534202249N00144156EA0157500850
B1422544202255N00144161EA0157500851
B1422554202261N00144166EA0157500852
B1422564202267N00144172EA0157500853
B1422574202272N00144177EA0157500853
B1422584202277N00144182EA0157500854
B1422594202283N00144187EA0157500855
B1423004202287N00144192EA0157500856
B1423014202292N00144196EA0157500857
B1423024202296N00144199EA0157500858
B1423034202300N00144202EA0157500858
B1423044202305N00144202EA0157500858
B1423054202310N00144200EA0157500858
B1423064202315N00144197EA0157500858
B1423074202321N00144193EA0157500858
B1423084202326N00144188EA0157500859
B1423094202330N00144184EA0157500859
B1423104202334N00144180EA0157500859
B1423114202338N00144177EA0157500860
B1423124202342N00144174EA0157500862
B1423134202346N00144173EA0157500862
B1423144202351N00144173EA0157500862
B1423154202356N00144175EA0157500863
B1423164202361N00144179EA0157500864
B1423174202366N00144184EA0157500865
B1423184202371N00144188EA0157500866
B1423194202376N00144193EA0157500868
B1423204202381N00144198EA0157500868
B1423214202386N00144203EA0157500869
B1423224202392N00144208EA0157500870
B1423234202398N00144210EA0157500871
B1423244202404N00144212EA0157500872
B1423254202410N00144212EA0157500873
B1423264202417N00144211EA0157500874
B1423274202424N00144209EA0157500874
B1423284202432N00144208EA0157500876
B1423294202439N00144206EA0157500876
B1423304202447N00144205EA0157500877
B1423314202454N00144203EA0157500878
B1423324202461N00144202EA0157500880
B1423334202469N00144200EA0157500882
B1423344202476N00144199EA0157500882
B1423354202484N00144198EA0157500883
B1423364202490N00144196EA0157500885
B1423374202497N00144195EA0157500886
B1423384202503N00144194EA0157500886
B1423394202510N00144193EA0157500887
B1423404202516N00144192EA0157500889
B1423414202522N00144191EA0157500890
B1423424202528N00144190EA0157500892
B1423434202534N00144190EA0157500891
B1423444202539N00144192EA0157500893
B1423454202544N00144196EA0157500892
B1423464202550N00144202EA0157500893
B1423474202555N00144208EA0157500894
B1423484202560N00144213EA0157500896
B1423494202566N00144220EA0157500898
B1423504202572N00144226EA0157500899
B1423514202579N00144233EA0157500900
B1423524202585N00144240EA0157500901
B1423534202592N00144248EA0157500901
B1423544202598N00144255EA0157500903
B1423554202605N00144262EA0157500903
B1423564202611N00144269EA0157500904
B1423574202617N00144276EA0157500904
B1423584202624N00144283EA0157500904
B1423594202630N00144291EA0157500904
B1424004202637N00144298EA0157500904
B1424014202643N00144306EA0157500905
B1424024202650N00144313EA0157500904
B1424034202656N00144320EA0157500905
B1424044202662N00144327EA0157500904
B1424054202668N00144335EA0157500904
B1424064202674N00144341EA0157500904
B1424074202680N00144347EA0157500903
B1424084202686N00144352EA0157500902
B1424094202693N00144356EA0157500902
B1424104202700N00144359EA0157500901
B1424114202707N00144361EA0157500899
B1424124202714N00144363EA0157500898
B1424134202722N00144365EA0157500897
B1424144202729N00144366EA0157500894
B1424154202737N00144367EA0157500893
B1424164202745N00144368EA0157500892
B1424174202753N00144369EA0157500892
B1424184202761N00144370EA0157500890
B1424194202768N00144371EA0157500891
B1424204202776N00144373EA0157500890
B1424214202784N00144374EA0157500890
B1424224202793N00144375EA0157500889
B1424234202800N00144377EA0157500889
B1424244202808N00144377EA0157500888
B1424254202815N00144378EA0157500888
B1424264202823N00144379EA0157500888
B1424274202831N00144380EA0157500887
B1424284202839N00144381EA0157500885
B1424294202847N00144382EA0157500885
B1424304202854N00144383EA0157500884
B1424314202861N00144384EA0157500884
B1424324202870N00144386EA0157500882
B1424334202877N00144387EA0157500882
B1424344202885N00144388EA0157500882
B1424354202892N00144389EA0157500880
B1424364202900N00144390EA0157500878
B1424374202907N00144390EA0157500877
B1424384202914N00144391EA0157500875
B1424394202921N00144392EA0157500876
B1424404202929N00144393EA0157500877
B1424414202936N00144394EA0157500878
B1424424202943N00144394EA0157500879
B1424434202950N00144395EA0157500879
B1424444202957N00144396EA0157500880
B1424454202964N00144397EA0157500881
B1424464202971N00144397EA0157500882
B1424474202978N00144398EA0157500882
B1424484202985N00144399EA0157500882
B1424494202992N00144400EA0157500883
B1424504202999N00144402EA0157500882
B1424514203005N00144405EA0157500884
B1424524203011N00144409EA0157500883
B1424534203017N00144414EA0157500882
B1424544203024N00144418EA0157500883
B1424554203030N00144423EA0157500882
B1424564203037N00144428EA0157500882
B1424574203043N00144433EA0157500881
B1424584203050N00144439EA0157500881
B1424594203057N00144444EA0157500881
B1425004203064N00144449EA0157500880
B1425014203072N00144455EA0157500878
B1425024203079N00144461EA0157500877
B1425034203086N00144466EA0157500876
B1425044203094N00144472EA0157500876
B1425054203101N00144478EA0157500875
B1425064203109N00144484EA0157500875
B1425074203116N00144490EA0157500875
B1425084203123N00144495EA0157500875
B1425094203130N00144501EA0157500876
B1425104203137N00144506EA0157500875
B1425114203144N00144512EA0157500876
B1425124203150N00144517EA0157500876
B1425134203157N00144522EA0157500876
B1425144203163N00144527EA0157500876
B1425154203169N00144532EA0157500876
B1425164203175N00144538EA0157500875
B1425174203181N00144543EA0157500875
B1425184203186N00144550EA0157500875
B1425194203190N00144559EA0157500875
B1425204203193N00144569EA0157500875
B1425214203196N00144580EA0157500875
B1425224203199N00144592EA0157500875
B1425234203203N00144605EA0157500873
B1425244203206N00144618EA0157500872
B1425254203209N00144631EA0157500871
B1425264203213N00144645EA0157500870
B1425274203216N00144659EA0157500869
B1425284203220N00144673EA0157500869
B1425294203223N00144687EA0157500868
B1425304203227N00144702EA0157500868
B1425314203231N00144717EA0157500867
B1425324203235N00144731EA0157500868
B1425334203239N00144746EA0157500867
B1425344203242N00144760EA0157500867
B1425354203246N00144774EA0157500868
B1425364203249N00144789EA0157500869
B1425374203253N00144803EA0157500869
B1425384203257N00144816EA0157500868
B1425394203260N00144830EA0157500868
B1425404203264N00144844EA0157500868
B1425414203267N00144858EA0157500867
B1425424203270N00144872EA0157500867
B1425434203274N00144886EA0157500866
B1425444203277N00144900EA0157500865
B1425454203281N00144914EA0157500865
B1425464203284N00144928EA0157500865
B1425474203288N00144942EA0157500865
B1425484203291N00144957EA0157500864
B1425494203295N00144970EA0157500865
B1425504203298N00144984EA0157500865
B1425514203302N00144996EA0157500865
B1425524203305N00145008EA0157500865
B1425534203308N00145020EA0157500865
B1425544203312N00145032EA0157500864
B1425554203315N00145043EA0157500864
B1425564203319N00145054EA0157500864
B1425574203322N00145066EA0157500863
B1425584203325N00145077EA0157500863
B1425594203328N00145088EA0157500863
B1426004203330N00145099EA0157500863
B1426014203331N00145110EA0157500863
B1426024203332N00145122EA0157500862
B1426034203332N00145133EA0157500862
B1426044203333N00145145EA0157500862
B1426054203334N00145156EA0157500862
B1426064203334N00145169EA0157500862
B1426074203335N00145181EA0157500862
B1426084203336N00145194EA0157500862
B1426094203336N00145206EA0157500862
B1426104203337N00145218EA0157500862
B1426114203337N00145229EA0157500862
B1426124203337N00145239EA0157500862
B1426134203336N00145249EA0157500862
B1426144203335N00145259EA0157500861
B1426154203333N00145269EA0157500861
B1426164203332N00145280EA0157500860
B1426174203331N00145291EA0157500861
B1426184203331N00145302EA0157500861
B1426194203330N00145313EA0157500861
B1426204203329N00145325EA0157500861
B1426214203327N00145336EA0157500861
B1426224203325N00145348EA0157500861
B1426234203322N00145359EA0157500861
B1426244203319N00145371EA0157500861
B1426254203316N00145382EA0157500861
B1426264203312N00145396EA0157500861
B1426274203308N00145408EA0157500860
B1426284203303N00145421EA0157500859
B1426294203299N00145433EA0157500859
B1426304203296N00145446EA0157500859
B1426314203292N00145457EA0157500858
B1426324203289N00145466EA0157500857
B1426334203286N00145476EA0157500857
B1426344203283N00145486EA0157500856
B1426354203281N00145496EA0157500855
B1426364203277N00145508EA0157500855
B1426374203274N00145519EA0157500854
B1426384203271N00145531EA0157500853
B1426394203268N00145544EA0157500853
B1426404203265N00145556EA0157500852
B1426414203262N00145569EA0157500851
B1426424203259N00145582EA0157500848
B1426434203256N00145595EA0157500846
B1426444203252N00145607EA0157500845
B1426454203249N00145620EA0157500843
B1426464203246N00145633EA0157500842
B1426474203243N00145646EA0157500841
B1426484203240N00145659EA0157500840
B1426494203237N00145672EA0157500839
B1426504203235N00145685EA0157500838
B1426514203233N00145698EA0157500838
B1426524203230N00145711EA0157500837
B1426534203227N00145724EA0157500836
B1426544203224N00145737EA0157500835
B1426554203222N00145750EA0157500834
B1426564203219N00145762EA0157500833
B1426574203216N00145776EA0157500832
B1426584203214N00145788EA0157500832
B1426594203212N00145800EA0157500832
B1427004203210N00145812EA0157500831
B1427014203209N00145825EA0157500831
B1427024203209N00145838EA0157500830
B1427034203208N00145852EA0157500830
B1427044203207N00145865EA0157500829
B1427054203207N00145879EA0157500829
B1427064203206N00145893EA0157500828
B1427074203205N00145907EA0157500828
B1427084203205N00145921EA0157500827
B1427094203204N00145934EA0157500827
B1427104203204N00145948EA0157500827
B1427114203203N00145961EA0157500826
B1427124203202N00145974EA0157500826
B1427134203202N00145988EA0157500826
B1427144203201N00146001EA0157500826
B1427154203201N00146014EA0157500826
B1427164203200N00146026EA0157500825
B1427174203199N00146038EA0157500825
B1427184203199N00146049EA0157500825
B1427194203198N00146059EA0157500825
B1427204203199N00146068EA0157500824
B1427214203199N00146076EA0157500824
B1427224203201N00146084EA0157500824
B1427234203203N00146093EA0157500822
B1427244203207N00146102EA0157500821
B1427254203212N00146111EA0157500821
B1427264203217N00146120EA0157500821
B1427274203221N00146129EA0157500820
B1427284203227N00146139EA0157500820
B1427294203232N00146149EA0157500819
B1427304203236N00146158EA0157500818
B1427314203240N00146168EA0157500818
B1427324203244N00146179EA0157500816
B1427334203246N00146189EA0157500815
B1427344203249N00146200EA0157500814
B1427354203252N00146209EA0157500813
B1427364203254N00146218EA0157500812
B1427374203256N00146227EA0157500811
B1427384203258N00146235EA0157500811
B1427394203259N00146243EA0157500811
B1427404203259N00146251EA0157500811
B1427414203258N00146258EA0157500810
B1427424203256N00146266EA0157500811
B1427434203253N00146272EA0157500810
B1427444203249N00146279EA0157500810
B1427454203242N00146285EA0157500809
B1427464203236N00146291EA0157500808
B1427474203230N00146298EA0157500808
B1427484203223N00146305EA0157500808
B1427494203217N00146311EA0157500808
B1427504203210N00146318EA0157500808
B1427514203203N00146324EA0157500809
B1427524203197N00146331EA0157500808
B1427534203190N00146337EA0157500808
B1427544203184N00146344EA0157500809
B1427554203177N00146350EA0157500809
B1427564203171N00146357EA0157500809
B1427574203165N00146364EA0157500809
B1427584203160N00146371EA0157500809
B1427594203155N00146377EA0157500808
B1428004203151N00146384EA0157500808
B1428014203148N00146391EA0157500808
B1428024203147N00146398EA0157500807
B1428034203147N00146405EA0157500808
B1428044203149N00146411EA0157500809
B1428054203152N00146418EA0157500810
B1428064203155N00146424EA0157500810
B1428074203159N00146430EA0157500810
B1428084203164N00146435EA0157500810
B1428094203171N00146441EA0157500810
B1428104203178N00146446EA0157500809
B1428114203184N00146451EA0157500809
B1428124203191N00146457EA0157500810
B1428134203198N00146462EA0157500810
B1428144203204N00146468EA0157500810
B1428154203211N00146474EA0157500811
B1428164203216N00146482EA0157500811
B1428174203222N00146489EA0157500811
B1428184203226N00146497EA0157500811
B1428194203231N00146505EA0157500811
B1428204203235N00146514EA0157500811
B1428214203239N00146523EA0157500811
B1428224203243N00146531EA0157500811
B1428234203247N00146539EA0157500811
B1428244203251N00146548EA0157500811
B1428254203254N00146555EA0157500810
B1428264203256N00146564EA0157500809
B1428274203257N00146572EA0157500808
B1428284203257N00146580EA0157500807
B1428294203255N00146587EA0157500806
B1428304203253N00146596EA0157500806
B1428314203250N00146605EA0157500805
B1428324203246N00146614EA0157500805
B1428334203242N00146623EA0157500805
B1428344203238N00146633EA0157500804
B1428354203234N00146644EA0157500804
B1428364203229N00146654EA0157500803
B1428374203225N00146665EA0157500802
B1428384203221N00146676EA0157500801
B1428394203217N00146686EA0157500800
B1428404203213N00146696EA0157500800
B1428414203208N00146706EA0157500799
B1428424203204N00146716EA0157500799
B1428434203202N00146725EA0157500798
B1428444203201N00146732EA0157500797
B1428454203201N00146741EA0157500796
B1428464203203N00146749EA0157500795
B1428474203204N00146760EA0157500794
B1428484203206N00146771EA0157500793
B1428494203207N00146782EA0157500791
B1428504203209N00146793EA0157500790
B1428514203211N00146804EA0157500789
B1428524203213N00146814EA0157500788
B1428534203216N00146824EA0157500787
B1428544203219N00146835EA0157500786
B1428554203224N00146845EA0157500786
B1428564203228N00146855EA0157500785
B1428574203232N00146865EA0157500784
B1428584203237N00146876EA0157500783
B1428594203242N00146887EA0157500782
B1429004203247N00146898EA0157500782
B1429014203252N00146909EA0157500781
B1429024203257N00146920EA0157500780
B1429034203262N00146931EA0157500778
B1429044203267N00146941EA0157500777
B1429054203271N00146951EA0157500776
B1429064203276N00146961EA0157500774
B1429074203280N00146970EA0157500773
B1429084203284N00146980EA0157500773
B1429094203286N00146989EA0157500772
B1429104203288N00147000EA0157500772
B1429114203289N00147011EA0157500772
B1429124203289N00147022EA0157500770
B1429134203290N00147034EA0157500768
B1429144203290N00147045EA0157500767
B1429154203290N00147057EA0157500767
B1429164203289N00147068EA0157500766
B1429174203287N00147079EA0157500766
B1429184203284N00147089EA0157500766
B1429194203281N00147100EA0157500766
B1429204203279N00147110EA0157500765
B1429214203275N00147120EA0157500764
B1429224203272N00147129EA0157500764
B1429234203271N00147136EA0157500764
B1429244203271N00147146EA0157500763
B1429254203272N00147155EA0157500762
B1429264203274N00147164EA0157500762
B1429274203275N00147175EA0157500761
B1429284203278N00147185EA0157500761
B1429294203281N00147196EA0157500759
B1429304203284N00147208EA0157500758
B1429314203287N00147219EA0157500758
B1429324203290N00147231EA0157500757
B1429334203293N00147242EA0157500756
B1429344203296N00147254EA0157500755
B1429354203299N00147265EA0157500754
B1429364203302N00147276EA0157500753
B1429374203304N00147286EA0157500752
B1429384203307N00147296EA0157500752
B1429394203309N00147305EA0157500751
B1429404203311N00147314EA0157500750
B1429414203314N00147321EA0157500750
B1429424203317N00147328EA0157500749
B1429434203321N00147334EA0157500749
B1429444203326N00147339EA0157500748
B1429454203331N00147343EA0157500746
B1429464203337N00147349EA0157500744
B1429474203344N00147354EA0157500744
B1429484203351N00147360EA0157500743
B1429494203357N00147365EA0157500742
B1429504203364N00147371EA0157500741
B1429514203370N00147376EA0157500740
B1429524203377N00147381EA0157500738
B1429534203383N00147386EA0157500737
B1429544203390N00147391EA0157500736
B1429554203397N00147396EA0157500735
B1429564203403N00147402EA0157500734
B1429574203410N00147407EA0157500734
B1429584203415N00147411EA0157500733
B1429594203422N00147414EA0157500732
B1430004203428N00147417EA0157500732
B1430014203434N00147417EA0157500732
B1430024203441N00147417EA0157500731
B1430034203447N00147416EA0157500732
B1430044203454N00147415EA0157500732
B1430054203460N00147413EA0157500733
B1430064203466N00147411EA0157500732
B1430074203472N00147409EA0157500732
B1430084203478N00147407EA0157500732
B1430094203484N00147406EA0157500732
B1430104203489N00147407EA0157500732
B1430114203495N00147409EA0157500732
B1430124203498N00147412EA0157500730
B1430134203501N00147417EA0157500731
B1430144203503N00147425EA0157500729
B1430154203505N00147433EA0157500726
B1430164203507N00147442EA0157500727
B1430174203509N00147452EA0157500727
B1430184203510N00147461EA0157500727
B1430194203511N00147471EA0157500727
B1430204203513N00147481EA0157500726
B1430214203517N00147492EA0157500726
B1430224203521N00147503EA0157500726
B1430234203525N00147513EA0157500726
B1430244203529N00147523EA0157500727
B1430254203533N00147534EA0157500726
B1430264203538N00147545EA0157500726
B1430274203542N00147555EA0157500726
B1430284203546N00147566EA0157500726
B1430294203550N00147577EA0157500726
B1430304203554N00147587EA0157500726
B1430314203557N00147595EA0157500726
B1430324203560N00147604EA0157500727
B1430334203563N00147611EA0157500727
B1430344203567N00147618EA0157500728
B1430354203571N00147624EA0157500727
B1430364203576N00147627EA0157500727
B1430374203583N00147629EA0157500726
B1430384203590N00147631EA0157500725
B1430394203597N00147633EA0157500725
B1430404203605N00147635EA0157500725
B1430414203613N00147637EA0157500725
B1430424203621N00147639EA0157500726
B1430434203629N00147641EA0157500726
B1430444203637N00147643EA0157500726
B1430454203645N00147644EA0157500726
B1430464203653N00147646EA0157500726
B1430474203662N00147648EA0157500725
B1430484203670N00147650EA0157500725
B1430494203678N00147652EA0157500725
B1430504203686N00147654EA0157500725
B1430514203694N00147656EA0157500725
B1430524203702N00147660EA0157500725
B1430534203710N00147664EA0157500725
B1430544203717N00147669EA0157500725
B1430554203725N00147674EA0157500725
B1430564203732N00147680EA0157500725
B1430574203740N00147685EA0157500724
B1430584203747N00147690EA0157500725
B1430594203754N00147694EA0157500724
B1431004203761N00147698EA0157500724
B1431014203768N00147701EA0157500724
B1431024203774N00147702EA0157500724
B1431034203782N00147702EA0157500724
B1431044203790N00147701EA0157500724
B1431054203798N00147699EA0157500722
B1431064203806N00147697EA0157500722
B1431074203814N00147695EA0157500722
B1431084203821N00147693EA0157500721
B1431094203828N00147691EA0157500721
B1431104203835N00147691EA0157500720
B1431114203842N00147692EA0157500719
B1431124203849N00147694EA0157500718
B1431134203856N00147697EA0157500717
B1431144203863N00147700EA0157500716
B1431154203870N00147704EA0157500715
B1431164203877N00147708EA0157500715
B1431174203884N00147712EA0157500714
B1431184203892N00147716EA0157500714
B1431194203900N00147720EA0157500713
B1431204203908N00147723EA0157500713
B1431214203916N00147726EA0157500712
B1431224203924N00147729EA0157500712
B1431234203932N00147731EA0157500712
B1431244203940N00147734EA0157500711
B1431254203948N00147736EA0157500710
B1431264203956N00147738EA0157500710
B1431274203963N00147741EA0157500709
B1431284203969N00147743EA0157500709
B1431294203975N00147745EA0157500709
B1431304203982N00147748EA0157500709
B1431314203987N00147752EA0157500708
B1431324203993N00147757EA0157500708
B1431334203997N00147762EA0157500708
B1431344204001N00147767EA0157500708
B1431354204005N00147772EA0157500708
B1431364204007N00147777EA0157500707
B1431374204009N00147784EA0157500706
B1431384204010N00147790EA0157500705
B1431394204008N00147797EA0157500705
B1431404204005N00147802EA0157500706
B1431414204002N00147809EA0157500705
B1431424203998N00147815EA0157500704
B1431434203994N00147822EA0157500704
B1431444203990N00147829EA0157500704
B1431454203989N00147837EA0157500703
B1431464203988N00147846EA0157500703
B1431474203989N00147854EA0157500702
B1431484203992N00147859EA0157500702
B1431494203993N00147866EA0157500703
B1431504203995N00147874EA0157500703
B1431514203994N00147880EA0157500703
B1431524203993N00147887EA0157500702
B1431534203990N00147893EA0157500702
B1431544203986N00147899EA0157500702
B1431554203981N00147906EA0157500701
B1431564203978N00147912EA0157500701
B1431574203975N00147919EA0157500701
B1431584203975N00147927EA0157500701
B1431594203977N00147933EA0157500701
B1432004203980N00147939EA0157500700
B1432014203983N00147945EA0157500700
B1432024203988N00147950EA0157500700
B1432034203993N00147955EA0157500701
B1432044203997N00147961EA0157500701
B1432054204001N00147968EA0157500701
B1432064204003N00147976EA0157500698
B1432074204004N00147985EA0157500696
B1432084204004N00147993EA0157500694
B1432094204004N00148002EA0157500692
B1432104204003N00148011EA0157500689
B1432114204003N00148020EA0157500687
B1432124204002N00148029EA0157500687
B1432134204001N00148038EA0157500685
B1432144204000N00148047EA0157500684
B1432154204000N00148055EA0157500684
B1432164204000N00148064EA0157500684
B1432174204000N00148073EA0157500684
B1432184204003N00148079EA0157500684
B1432194204007N00148087EA0157500683
B1432204204011N00148093EA0157500685
B1432214204016N00148099EA0157500686
B1432224204022N00148105EA0157500685
B1432234204028N00148111EA0157500686
B1432244204034N00148117EA0157500685
B1432254204040N00148123EA0157500686
B1432264204047N00148129EA0157500686
B1432274204053N00148135EA0157500686
B1432284204060N00148142EA0157500686
B1432294204066N00148149EA0157500686
B1432304204072N00148155EA0157500686
B1432314204079N00148162EA0157500686
B1432324204084N00148169EA0157500687
B1432334204089N00148177EA0157500687
B1432344204094N00148185EA0157500687
B1432354204100N00148193EA0157500688
B1432364204106N00148199EA0157500688
B1432374204112N00148204EA0157500689
B1432384204119N00148208EA0157500690
B1432394204125N00148211EA0157500691
B1432404204132N00148214EA0157500691
B1432414204138N00148217EA0157500692
B1432424204143N00148221EA0157500691
B1432434204148N00148226EA0157500692
B1432444204151N00148231EA0157500691
B1432454204152N00148238EA0157500691
B1432464204153N00148245EA0157500690
B1432474204152N00148250EA0157500689
B1432484204150N00148256EA0157500689
B1432494204148N00148263EA0157500688
B1432504204144N00148271EA0157500686
B1432514204140N00148278EA0157500686
B1432524204137N00148286EA0157500686
B1432534204134N00148295EA0157500686
B1432544204133N00148303EA0157500687
B1432554204132N00148313EA0157500686
B1432564204132N00148324EA0157500687
B1432574204134N00148334EA0157500687
B1432584204137N00148343EA0157500687
B1432594204139N00148354EA0157500687
B1433004204141N00148365EA0157500688
B1433014204142N00148376EA0157500689
B1433024204144N00148387EA0157500691
B1433034204146N00148399EA0157500694
B1433044204147N00148410EA0157500696
B1433054204149N00148421EA0157500699
B1433064204151N00148431EA0157500700
B1433074204154N00148441EA0157500701
B1433084204157N00148451EA0157500703
B1433094204162N00148461EA0157500704
B1433104204166N00148470EA0157500706
B1433114204172N00148479EA0157500708
B1433124204178N00148486EA0157500708
B1433134204185N00148494EA0157500708
B1433144204193N00148501EA0157500709
B1433154204201N00148509EA0157500709
B1433164204208N00148517EA0157500710
B1433174204216N00148525EA0157500710
B1433184204224N00148533EA0157500711
B1433194204232N00148541EA0157500712
B1433204204240N00148550EA0157500713
B1433214204248N00148558EA0157500713
B1433224204255N00148565EA0157500714
B1433234204263N00148573EA0157500715
B1433244204271N00148581EA0157500715
B1433254204278N00148589EA0157500716
B1433264204286N00148596EA0157500716
B1433274204294N00148602EA0157500717
B1433284204302N00148608EA0157500717
B1433294204310N00148614EA0157500718
B1433304204318N00148619EA0157500719
B1433314204326N00148625EA0157500720
B1433324204335N00148630EA0157500721
B1433334204344N00148635EA0157500722
B1433344204352N00148641EA0157500722
B1433354204360N00148646EA0157500723
B1433364204369N00148651EA0157500724
B1433374204378N00148656EA0157500724
B1433384204386N00148661EA0157500725
B1433394204395N00148664EA0157500726
B1433404204404N00148667EA0157500726
B1433414204413N00148669EA0157500726
B1433424204421N00148671EA0157500727
B1433434204430N00148673EA0157500727
B1433444204439N00148675EA0157500727
B1433454204447N00148677EA0157500727
B1433464204454N00148680EA0157500728
B1433474204462N00148684EA0157500728
B1433484204467N00148690EA0157500728
B1433494204474N00148697EA0157500729
B1433504204480N00148704EA0157500729
B1433514204486N00148713EA0157500729
B1433524204492N00148721EA0157500730
B1433534204498N00148729EA0157500730
B1433544204504N00148738EA0157500731
B1433554204510N00148746EA0157500731
B1433564204515N00148753EA0157500732
B1433574204520N00148760EA0157500732
B1433584204525N00148767EA0157500733
B1433594204531N00148772EA0157500733
B1434004204537N00148775EA0157500733
B1434014204546N00148776EA0157500733
B1434024204553N00148777EA0157500734
B1434034204561N00148779EA0157500734
B1434044204570N00148780EA0157500734
B1434054204578N00148782EA0157500734
B1434064204586N00148784EA0157500735
B1434074204595N00148786EA0157500735
B1434084204603N00148789EA0157500735
B1434094204612N00148790EA0157500735
B1434104204620N00148792EA0157500734
B1434114204629N00148794EA0157500734
B1434124204637N00148797EA0157500733
B1434134204645N00148799EA0157500733
B1434144204654N00148801EA0157500733
B1434154204662N00148804EA0157500733
B1434164204670N00148808EA0157500733
B1434174204678N00148813EA0157500732
B1434184204685N00148817EA0157500732
B1434194204693N00148823EA0157500732
B1434204204700N00148828EA0157500731
B1434214204708N00148833EA0157500731
B1434224204715N00148838EA0157500730
B1434234204723N00148842EA0157500730
B1434244204730N00148846EA0157500729
B1434254204738N00148848EA0157500729
B1434264204746N00148849EA0157500728
B1434274204754N00148850EA0157500728
B1434284204762N00148851EA0157500728
B1434294204770N00148851EA0157500727
B1434304204778N00148852EA0157500726
B1434314204786N00148853EA0157500726
B1434324204792N00148853EA0157500725
B1434334204799N00148854EA0157500725
B1434344204804N00148856EA0157500725
B1434354204810N00148859EA0157500724
B1434364204815N00148864EA0157500724
B1434374204819N00148870EA0157500724
B1434384204823N00148876EA0157500724
B1434394204827N00148882EA0157500723
B1434404204829N00148888EA0157500722
B1434414204832N00148895EA0157500723
B1434424204832N00148902EA0157500723
B1434434204832N00148908EA0157500722
B1434444204830N00148915EA0157500721
B1434454204826N00148920EA0157500721
B1434464204821N00148926EA0157500718
B1434474204815N00148931EA0157500719
B1434484204810N00148936EA0157500716
B1434494204806N00148941EA0157500716
B1434504204802N00148948EA0157500714
B1434514204798N00148955EA0157500713
B1434524204796N00148964EA0157500712
B1434534204795N00148971EA0157500714
B1434544204795N00148980EA0157500713
B1434554204796N00148988EA0157500713
B1434564204796N00148997EA0157500712
B1434574204797N00149007EA0157500712
B1434584204798N00149018EA0157500711
B1434594204799N00149028EA0157500709
B1435004204799N00149039EA0157500707
B1435014204800N00149049EA0157500706
B1435024204800N00149058EA0157500705
B1435034204801N00149066EA0157500704
B1435044204802N00149075EA0157500702
B1435054204803N00149083EA0157500701
B1435064204803N00149090EA0157500699
B1435074204804N00149098EA0157500698
B1435084204804N00149105EA0157500697
B1435094204805N00149112EA0157500696
B1435104204805N00149119EA0157500695
B1435114204806N00149125EA0157500694
B1435124204806N00149133EA0157500693
B1435134204807N00149139EA0157500693
B1435144204809N00149143EA0157500692
B1435154204811N00149148EA0157500691
B1435164204813N00149152EA0157500691
B1435174204816N00149155EA0157500691
B1435184204817N00149160EA0157500692
B1435194204819N00149163EA0157500692
B1435204204821N00149166EA0157500692
B1435214204822N00149169EA0157500692
B1435224204822N00149170EA0157500692
B1435234204823N00149172EA0157500693
B1435244204823N00149174EA0157500692
B1435254204823N00149176EA0157500692
B1435264204824N00149177EA0157500692
B1435274204824N00149180EA0157500691
B1435284204826N00149180EA0157500691
B1435294204829N00149182EA0157500691
B1435304204830N00149184EA0157500691
B1435314204830N00149186EA0157500690
B1435324204832N00149188EA0157500690
B1435334204834N00149189EA0157500689
B1435344204835N00149192EA0157500689
B1435354204837N00149194EA0157500690
B1435364204838N00149195EA0157500689
B1435374204841N00149193EA0157500688
B1435384204842N00149192EA0157500690
B1435394204844N00149193EA0157500691
B1435404204847N00149194EA0157500692
B1435414204852N00149195EA0157500692
B1435424204854N00149197EA0157500693
B1435434204857N00149201EA0157500693
B1435444204859N00149204EA0157500694
B1435454204862N00149207EA0157500694
B1435464204866N00149209EA0157500693
B1435474204869N00149212EA0157500690
B1435484204871N00149215EA0157500690
B1435494204874N00149220EA0157500690
B1435504204877N00149223EA0157500689
B1435514204879N00149226EA0157500689
B1435524204883N00149231EA0157500689
B1435534204886N00149234EA0157500689
B1435544204889N00149236EA0157500688
B1435554204893N00149240EA0157500688
B1435564204896N00149242EA0157500688
B1435574204897N00149243EA0157500688
B1435584204899N00149246EA0157500687
B1435594204902N00149248EA0157500687
B1436004204904N00149249EA0157500686
B1436014204908N00149251EA0157500686
B1436024204910N00149255EA0157500686
B1436034204913N00149258EA0157500686
B1436044204916N00149261EA0157500685
B1436054204920N00149264EA0157500684
B1436064204923N00149265EA0157500684
B1436074204927N00149270EA0157500684
B1436084204930N00149272EA0157500685
B1436094204934N00149275EA0157500685
B1436104204939N00149277EA0157500686
B1436114204943N00149279EA0157500686
B1436124204946N00149281EA0157500687
B1436134204949N00149282EA0157500687
B1436144204952N00149284EA0157500688
B1436154204955N00149286EA0157500689
B1436164204956N00149285EA0157500690
B1436174204959N00149286EA0157500692
B1436184204961N00149287EA0157500693
B1436194204964N00149290EA0157500695
B1436204204967N00149292EA0157500695
B1436214204969N00149293EA0157500697
B1436224204971N00149295EA0157500697
B1436234204974N00149297EA0157500697
B1436244204978N00149298EA0157500698
B1436254204980N00149300EA0157500698
B1436264204983N00149301EA0157500697
B1436274204985N00149302EA0157500697
B1436284204986N00149304EA0157500698
B1436294204989N00149306EA0157500698
B1436304204991N00149308EA0157500698
B1436314204994N00149311EA0157500699
B1436324204996N00149314EA0157500698
B1436334204997N00149317EA0157500699
B1436344204999N00149318EA0157500699
B1436354204999N00149319EA0157500699
B1436364205000N00149320EA0157500698
B1436374205001N00149320EA0157500698
B1436384205002N00149321EA0157500698
B1436394205003N00149321EA0157500699
B1436404205004N00149321EA0157500699
B1436414205005N00149320EA0157500699
B1436424205005N00149320EA0157500699
B1436434205006N00149318EA0157500699
B1436444205006N00149317EA0157500698
B1436454205007N00149315EA0157500698
B1436464205008N00149314EA0157500698
B1436474205009N00149313EA0157500698
B1436484205010N00149312EA0157500698
B1436494205011N00149310EA0157500697
B1436504205011N00149309EA0157500698
B1436514205012N00149308EA0157500698
B1436524205012N00149306EA0157500698
B1436534205012N00149303EA0157500697
B1436544205011N00149302EA0157500696
B1436554205009N00149302EA0157500696
B1436564205008N00149302EA0157500695
B1436574205008N00149302EA0157500695
B1436584205008N00149302EA0157500695
B1436594205009N00149302EA0157500694
B1437004205009N00149302EA0157500694
B1437014205009N00149302EA0157500693
B1437024205009N00149302EA0157500693
B1437034205009N00149302EA0157500692
B1437044205011N00149303EA0157500691
B1437054205011N00149304EA0157500691
B1437064205011N00149304EA0157500690
B1437074205011N00149304EA0157500689
B1437084205011N00149304EA0157500689
B1437094205012N00149304EA0157500688
B1437104205011N00149304EA0157500687
B1437114205011N00149304EA0157500687
B1437124205011N00149304EA0157500686
B1437134205011N00149304EA0157500685
B1437144205012N00149304EA0157500685
B1437154205011N00149304EA0157500685
B1437164205012N00149304EA0157500684
B1437174205012N00149303EA0157500684
B1437184205013N00149304EA0157500686
B1437194205013N00149304EA0157500684
B1437204205014N00149305EA0157500684
B1437214205014N00149306EA0157500684
B1437224205015N00149306EA0157500683
B1437234205015N00149306EA0157500681
B1437244205016N00149307EA0157500679
B1437254205017N00149307EA0157500677
B1437264205017N00149308EA0157500676
B1437274205016N00149308EA0157500675
B1437284205016N00149308EA0157500675
B1437294205016N00149308EA0157500676
B1437304205016N00149308EA0157500677
B1437314205016N00149308EA0157500676
B1437324205016N00149308EA0157500676
B1437334205016N00149307EA0157500675
B1437344205016N00149307EA0157500675
B1437354205016N00149307EA0157500675
B1437364205016N00149306EA0157500675
B1437374205016N00149306EA0157500675
B1437384205016N00149306EA0157500675
B1437394205015N00149306EA0157500676
B1437404205016N00149305EA0157500676
B1437414205015N00149305EA0157500676
B1437424205015N00149305EA0157500676
B1437434205015N00149304EA0157500677
B1437444205015N00149304EA0157500678
B1437454205015N00149303EA0157500679
B1437464205015N00149303EA0157500679
B1437474205015N00149303EA0157500680
B1437484205014N00149303EA0157500680
B1437494205014N00149303EA0157500681
B1437504205014N00149303EA0157500681
B1437514205014N00149303EA0157500682
B1437524205014N00149303EA0157500682
B1437534205014N00149303EA0157500682
B1437544205014N00149303EA0157500683
B1437554205014N00149303EA0157500683
B1437564205014N00149302EA0157500683
B1437574205014N00149302EA0157500684
B1437584205014N00149302EA0157500684
B1437594205014N00149302EA0157500684
B1438004205013N00149302EA0157500684
B1438014205013N00149301EA0157500684
B1438024205013N00149301EA0157500685
B1438034205013N00149301EA0157500685
B1438044205013N00149301EA0157500685
B1438054205013N00149301EA0157500686
B1438064205013N00149301EA0157500685
B1438074205013N00149301EA0157500685
B1438084205013N00149301EA0157500686
B1438094205013N00149301EA0157500686
B1438104205013N00149301EA0157500686
B1438114205013N00149301EA0157500686
B1438124205013N00149300EA0157500687
B1438134205013N00149300EA0157500687
B1438144205012N00149300EA0157500687
B1438154205012N00149300EA0157500688
B1438164205012N00149300EA0157500688
B1438174205012N00149300EA0157500688
B1438184205012N00149300EA0157500688
B1438194205012N00149300EA0157500688
B1438204205011N00149300EA0157500688
B1438214205011N00149300EA0157500688
B1438224205011N00149300EA0157500688
B1438234205011N00149301EA0157500689
B1438244205011N00149301EA0157500688
B1438254205011N00149301EA0157500689
B1438264205011N00149301EA0157500689
B1438274205011N00149301EA0157500689
B1438284205011N00149301EA0157500689
B1438294205011N00149301EA0157500689
B1438304205011N00149301EA0157500689
B1438314205011N00149301EA0157500690
B1438324205011N00149301EA0157500690
B1438334205011N00149301EA0157500690
B1438344205011N00149301EA0157500691
B1438354205011N00149301EA0157500691
B1438364205011N00149301EA0157500691
B1438374205011N00149301EA0157500691
B1438384205011N00149301EA0157500691
B1438394205011N00149301EA0157500691
B1438404205011N00149301EA0157500691
B1438414205011N00149301EA0157500692
B1438424205011N00149301EA0157500692
B1438434205011N00149301EA0157500692
B1438444205011N00149301EA0157500692
B1438454205011N00149301EA0157500692
B1438464205011N00149301EA0157500693
B1438474205011N00149301EA0157500693
B1438484205011N00149301EA0157500693
B1438494205011N00149301EA0157500693
B1438504205011N00149301EA0157500693
B1438514205011N00149301EA0157500693
B1438524205011N00149301EA0157500694
B1438534205011N00149301EA0157500694
B1438544205011N00149300EA0157500694
B1438554205011N00149299EA0157500695
B1438564205011N00149299EA0157500695
B1438574205011N00149298EA0157500695
B1438584205011N00149298EA0157500695
B1438594205011N00149298EA0157500695
B1439004205012N00149298EA0157500696
B1439014205012N00149298EA0157500697
B1439024205012N00149298EA0157500697
B1439034205012N00149298EA0157500698
B1439044205013N00149298EA0157500699
B1439054205013N00149298EA0157500700
B1439064205013N00149298EA0157500700
B1439074205013N00149298EA0157500700
B1439084205012N00149298EA0157500701
B1439094205012N00149298EA0157500702
B1439104205012N00149298EA0157500702
B1439114205012N00149299EA0157500702
B1439124205013N00149299EA0157500702
B1439134205013N00149300EA0157500702
B1439144205013N00149301EA0157500703
B1439154205013N00149301EA0157500703
B1439164205014N00149301EA0157500703
B1439174205014N00149302EA0157500703
B1439184205014N00149302EA0157500703
B1439194205014N00149302EA0157500703
B1439204205014N00149302EA0157500702
B1439214205014N00149302EA0157500702
B1439224205013N00149302EA0157500703
B1439234205013N00149302EA0157500702
B1439244205013N00149302EA0157500702
B1439254205013N00149302EA0157500701
B1439264205014N00149302EA0157500701
B1439274205014N00149302EA0157500701
B1439284205014N00149303EA0157500702
B1439294205014N00149303EA0157500701
B1439304205013N00149302EA0157500702
B1439314205013N00149302EA0157500702
B1439324205013N00149301EA0157500703
B1439334205013N00149301EA0157500705
B1439344205013N00149301EA0157500705
B1439354205013N00149300EA0157500705
B1439364205013N00149300EA0157500706
B1439374205012N00149299EA0157500706
B1439384205012N00149299EA0157500702
B1439394205012N00149299EA0157500701
B1439404205012N00149299EA0157500702
B1439414205012N00149299EA0157500702
B1439424205012N00149299EA0157500702
B1439434205012N00149299EA0157500703
B1439444205011N00149299EA0157500701
B1439454205011N00149299EA0157500701
B1439464205010N00149299EA0157500701
B1439474205009N00149300EA0157500699
B1439484205009N00149302EA0157500699
B1439494205008N00149303EA0157500699
B1439504205008N00149304EA0157500698
B1439514205009N00149306EA0157500697
B1439524205009N00149306EA0157500697
B1439534205009N00149306EA0157500696
B1439544205009N00149306EA0157500696
B1439554205009N00149306EA0157500696
B1439564205009N00149306EA0157500696
B1439574205009N00149306EA0157500695
B1439584205009N00149306EA0157500695
B1439594205009N00149306EA0157500695
B1440004205009N00149306EA0157500695
B1440014205009N00149306EA0157500695
B1440024205009N00149306EA0157500695
B1440034205009N00149306EA0157500695
B1440044205009N00149307EA0157500694
B1440054205009N00149308EA0157500693
B1440064205009N00149310EA0157500693
B1440074205009N00149311EA0157500692
B1440084205009N00149311EA0157500691
B1440094205009N00149312EA0157500691
B1440104205009N00149313EA0157500691
B1440114205009N00149314EA0157500690
B1440124205009N00149315EA0157500690
B1440134205009N00149316EA0157500690
B1440144205009N00149317EA0157500689
B1440154205009N00149318EA0157500689
B1440164205009N00149319EA0157500689
B1440174205009N00149319EA0157500689
B1440184205009N00149319EA0157500689
B1440194205009N00149320EA0157500689
B1440204205008N00149321EA0157500689
B1440214205008N00149321EA0157500688
B1440224205008N00149322EA0157500688
B1440234205008N00149323EA0157500688
B1440244205008N00149323EA0157500687
B1440254205007N00149323EA0157500687
B1440264205008N00149323EA0157500687
B1440274205007N00149324EA0157500686
B1440284205007N00149324EA0157500687
B1440294205006N00149325EA0157500687
B1440304205005N00149325EA0157500687
B1440314205005N00149324EA0157500687
B1440324205003N00149322EA0157500687
B1440334205000N00149321EA0157500687
B1440344204998N00149319EA0157500687
B1440354204996N00149317EA0157500687
B1440364204994N00149315EA0157500687
B1440374204991N00149314EA0157500687
B1440384204989N00149312EA0157500687
B1440394204986N00149310EA0157500687
B1440404204983N00149308EA0157500688
B1440414204980N00149306EA0157500688
B1440424204977N00149304EA0157500688
B1440434204974N00149302EA0157500688
B1440444204972N00149300EA0157500688
B1440454204969N00149298EA0157500688
B1440464204966N00149297EA0157500688
B1440474204963N00149295EA0157500688
B1440484204959N00149293EA0157500688
B1440494204956N00149292EA0157500688
B1440504204953N00149290EA0157500688
B1440514204950N00149289EA0157500688
B1440524204948N00149288EA0157500688
B1440534204945N00149288EA0157500688
B1440544204942N00149287EA0157500688
B1440554204938N00149286EA0157500688
B1440564204934N00149284EA0157500688
B1440574204930N00149283EA0157500687
B1440584204927N00149281EA0157500687
B1440594204924N00149278EA0157500687
B1441004204920N00149276EA0157500687
B1441014204917N00149273EA0157500687
B1441024204914N00149271EA0157500686
B1441034204911N00149268EA0157500686
B1441044204908N00149265EA0157500686
B1441054204905N00149261EA0157500686
B1441064204903N00149258EA0157500685
B1441074204901N00149255EA0157500685
B1441084204898N00149252EA0157500685
B1441094204896N00149249EA0157500685
B1441104204893N00149245EA0157500686
B1441114204890N00149241EA0157500686
B1441124204887N00149238EA0157500687
B1441134204885N00149235EA0157500688
B1441144204882N00149231EA0157500688
B1441154204880N00149227EA0157500688
B1441164204877N00149223EA0157500689
B1441174204874N00149220EA0157500689
B1441184204871N00149217EA0157500690
B1441194204868N00149214EA0157500690
B1441204204865N00149211EA0157500691
B1441214204862N00149209EA0157500691
B1441224204859N00149206EA0157500692
B1441234204857N00149202EA0157500692
B1441244204854N00149200EA0157500693
B1441254204851N00149198EA0157500695
B1441264204849N00149196EA0157500695
B1441274204847N00149195EA0157500696
B1441284204844N00149194EA0157500696
B1441294204840N00149194EA0157500697
B1441304204837N00149194EA0157500697
B1441314204833N00149196EA0157500697
B1441324204829N00149198EA0157500697
B1441334204825N00149200EA0157500698
B1441344204821N00149202EA0157500698
B1441354204817N00149204EA0157500699
B1441364204813N00149206EA0157500699
B1441374204808N00149209EA0157500699
B1441384204804N00149211EA0157500699
B1441394204800N00149213EA0157500699
B1441404204797N00149215EA0157500699
B1441414204793N00149216EA0157500699
B1441424204790N00149218EA0157500699
B1441434204787N00149220EA0157500699
B1441444204784N00149222EA0157500699
B1441454204780N00149224EA0157500699
B1441464204776N00149226EA0157500698
B1441474204772N00149229EA0157500698
B1441484204769N00149233EA0157500697
B1441494204765N00149236EA0157500697
B1441504204761N00149238EA0157500697
B1441514204757N00149240EA0157500696
B1441524204753N00149243EA0157500696
B1441534204748N00149242EA0157500696
B1441544204742N00149241EA0157500696
B1441554204737N00149240EA0157500696
B1441564204732N00149238EA0157500696
B1441574204729N00149235EA0157500696
B1441584204725N00149232EA0157500696
B1441594204722N00149230EA0157500697
B1442004204718N00149227EA0157500697
B1442014204714N00149225EA0157500696
B1442024204711N00149222EA0157500696
B1442034204708N00149219EA0157500696
B1442044204705N00149217EA0157500696
B1442054204703N00149215EA0157500696
B1442064204701N00149214EA0157500696
B1442074204699N00149212EA0157500696
B1442084204698N00149212EA0157500696
B1442094204697N00149213EA0157500696
B1442104204695N00149213EA0157500696
B1442114204693N00149215EA0157500696
B1442124204692N00149216EA0157500696
B1442134204690N00149218EA0157500696
B1442144204689N00149221EA0157500695
B1442154204686N00149225EA0157500695
B1442164204684N00149229EA0157500694
B1442174204684N00149233EA0157500694
B1442184204682N00149238EA0157500693
B1442194204681N00149242EA0157500692
B1442204204679N00149247EA0157500692
B1442214204677N00149250EA0157500691
B1442224204675N00149254EA0157500691
B1442234204672N00149257EA0157500691
B1442244204670N00149261EA0157500692
B1442254204669N00149264EA0157500694
B1442264204666N00149268EA0157500694
B1442274204664N00149272EA0157500693
B1442284204662N00149276EA0157500693
B1442294204660N00149281EA0157500692
B1442304204657N00149285EA0157500692
B1442314204655N00149289EA0157500692
B1442324204654N00149294EA0157500692
B1442334204651N00149299EA0157500692
B1442344204649N00149304EA0157500691
B1442354204648N00149309EA0157500691
B1442364204645N00149313EA0157500691
B1442374204643N00149317EA0157500691
B1442384204641N00149321EA0157500691
B1442394204639N00149325EA0157500690
B1442404204641N00149327EA0157500689
B1442414204638N00149328EA0157500688
B1442424204635N00149327EA0157500686
B1442434204632N00149327EA0157500684
B1442444204630N00149327EA0157500682
B1442454204628N00149327EA0157500679
B1442464204626N00149328EA0157500677
B1442474204624N00149331EA0157500677
B1442484204623N00149334EA0157500676
B1442494204622N00149337EA0157500675
B1442504204622N00149341EA0157500674
B1442514204622N00149344EA0157500673
B1442524204621N00149346EA0157500672
B1442534204620N00149349EA0157500672
B1442544204619N00149352EA0157500671
B1442554204617N00149356EA0157500671
B1442564204614N00149361EA0157500670
B1442574204612N00149365EA0157500671
B1442584204610N00149370EA0157500671
B1442594204607N00149374EA0157500670
B1443004204605N00149376EA0157500671
B1443014204603N00149379EA0157500671
B1443024204602N00149380EA0157500672
B1443034204600N00149381EA0157500672
B1443044204599N00149381EA0157500672
B1443054204599N00149381EA0157500672
B1443064204599N00149382EA0157500672
B1443074204599N00149382EA0157500672
B1443084204599N00149382EA0157500673
B1443094204598N00149382EA0157500673
B1443104204598N00149383EA0157500674
B1443114204598N00149383EA0157500674
B1443124204597N00149383EA0157500675
B1443134204597N00149383EA0157500675
B1443144204597N00149383EA0157500676
B1443154204597N00149383EA0157500676
B1443164204596N00149383EA0157500677
B1443174204596N00149384EA0157500677
B1443184204596N00149384EA0157500677
B1443194204595N00149384EA0157500677
B1443204204595N00149384EA0157500677
B1443214204595N00149384EA0157500677
B1443224204595N00149384EA0157500677
B1443234204595N00149384EA0157500677
B1443244204595N00149384EA0157500678
B1443254204595N00149384EA0157500678
B1443264204595N00149383EA0157500679
B1443274204595N00149383EA0157500679
B1443284204595N00149383EA0157500679
B1443294204595N00149383EA0157500679
B1443304204596N00149383EA0157500680
B1443314204595N00149383EA0157500680
B1443324204595N00149383EA0157500680
B1443334204595N00149383EA0157500680
B1443344204595N00149383EA0157500681
B1443354204595N00149383EA0157500681
B1443364204596N00149383EA0157500681
B1443374204596N00149383EA0157500682
B1443384204596N00149383EA0157500682
B1443394204596N00149382EA0157500682
B1443404204597N00149382EA0157500682
B1443414204597N00149382EA0157500682
B1443424204598N00149382EA0157500682
B1443434204598N00149382EA0157500682
B1443444204598N00149382EA0157500682
B1443454204598N00149382EA0157500682
B1443464204598N00149382EA0157500682
B1443474204599N00149381EA0157500682
B1443484204599N00149381EA0157500682
B1443494204600N00149381EA0157500682
B1443504204601N00149381EA0157500683
B1443514204601N00149381EA0157500683
B1443524204602N00149380EA0157500683
B1443534204602N00149379EA0157500683
B1443544204602N00149379EA0157500683
B1443554204603N00149378EA0157500683
B1443564204603N00149378EA0157500683
B1443574204603N00149378EA0157500683
B1443584204604N00149377EA0157500683
B1443594204604N00149377EA0157500683
B1444004204604N00149377EA0157500684
B1444014204605N00149377EA0157500684
B1444024204605N00149377EA0157500684
B1444034204606N00149376EA0157500684
B1444044204606N00149376EA0157500684
B1444054204606N00149376EA0157500685
B1444064204607N00149376EA0157500685
B1444074204608N00149375EA0157500684
B1444084204609N00149376EA0157500684
B1444094204609N00149376EA0157500684
B1444104204609N00149376EA0157500684
B1444114204609N00149374EA0157500684
B1444124204610N00149373EA0157500683
B1444134204610N00149373EA0157500683
B1444144204611N00149372EA0157500683
B1444154204611N00149372EA0157500682
B1444164204612N00149372EA0157500682
B1444174204612N00149371EA0157500682
B1444184204613N00149371EA0157500681
B1444194204613N00149371EA0157500681
B1444204204614N00149370EA0157500681
B1444214204614N00149370EA0157500680
B1444224204615N00149370EA0157500680
B1444234204615N00149370EA0157500679
B1444244204615N00149370EA0157500680
B1444254204616N00149370EA0157500680
B1444264204616N00149370EA0157500679
B1444274204616N00149370EA0157500679
B1444284204616N00149370EA0157500679
B1444294204616N00149370EA0157500680
B1444304204616N00149370EA0157500679
B1444314204616N00149369EA0157500679
B1444324204617N00149369EA0157500679
B1444334204617N00149369EA0157500679
B1444344204617N00149369EA0157500679
B1444354204617N00149369EA0157500680
B1444364204617N00149369EA0157500680
B1444374204617N00149369EA0157500680
B1444384204617N00149369EA0157500680
B1444394204617N00149369EA0157500680
B1444404204617N00149368EA0157500679
B1444414204618N00149368EA0157500679
B1444424204618N00149368EA0157500679
B1444434204619N00149368EA0157500679
B1444444204619N00149368EA0157500679
B1444454204620N00149367EA0157500680
B1444464204620N00149367EA0157500680
B1444474204621N00149366EA0157500680
B1444484204621N00149366EA0157500680
B1444494204621N00149365EA0157500680
B1444504204621N00149365EA0157500681
B1444514204622N00149364EA0157500681
B1444524204621N00149362EA0157500682
B1444534204622N00149362EA0157500684
B1444544204623N00149362EA0157500684
B1444554204624N00149362EA0157500684
B1444564204624N00149363EA0157500684
B1444574204625N00149364EA0157500685
B1444584204626N00149365EA0157500685
B1444594204627N00149365EA0157500686
B1445004204627N00149366EA0157500687
B1445014204628N00149367EA0157500686
B1445024204628N00149368EA0157500687
B1445034204628N00149368EA0157500686
B1445044204628N00149369EA0157500686
B1445054204628N00149369EA0157500687
B1445064204628N00149368EA0157500688
B1445074204628N00149368EA0157500690
B1445084204628N00149368EA0157500691
B1445094204628N00149368EA0157500691
B1445104204628N00149369EA0157500691
B1445114204628N00149369EA0157500691
B1445124204628N00149369EA0157500691
B1445134204627N00149369EA0157500691
B1445144204627N00149369EA0157500691
B1445154204627N00149369EA0157500691
B1445164204627N00149369EA0157500692
B1445174204627N00149369EA0157500692
B1445184204627N00149370EA0157500692
B1445194204627N00149370EA0157500692
B1445204204627N00149371EA0157500692
B1445214204626N00149370EA0157500692
B1445224204627N00149370EA0157500692
B1445234204627N00149370EA0157500692
B1445244204627N00149370EA0157500692
B1445254204628N00149370EA0157500692
B1445264204628N00149370EA0157500692
B1445274204628N00149370EA0157500692
B1445284204628N00149371EA0157500693
B1445294204628N00149370EA0157500693
B1445304204628N00149370EA0157500693
B1445314204629N00149371EA0157500693
B1445324204629N00149371EA0157500692
B1445334204629N00149370EA0157500693
B1445344204629N00149371EA0157500693
B1445354204628N00149371EA0157500694
B1445364204628N00149371EA0157500694
B1445374204628N00149371EA0157500693
B1445384204628N00149371EA0157500693
B1445394204627N00149371EA0157500693
B1445404204627N00149371EA0157500693
B1445414204627N00149372EA0157500694
B1445424204626N00149370EA0157500694
B1445434204626N00149370EA0157500695
B1445444204626N00149369EA0157500695
B1445454204626N00149369EA0157500695
B1445464204626N00149369EA0157500695
B1445474204626N00149369EA0157500694
B1445484204627N00149369EA0157500694
B1445494204627N00149369EA0157500694
B1445504204627N00149369EA0157500694
B1445514204627N00149369EA0157500694
B1445524204628N00149369EA0157500694
B1445534204628N00149369EA0157500694
B1445544204628N00149368EA0157500694
B1445554204628N00149368EA0157500695
B1445564204628N00149368EA0157500695
B1445574204629N00149368EA0157500695
B1445584204629N00149368EA0157500695
B1445594204629N00149368EA0157500695
B1446004204629N00149368EA0157500695
B1446014204629N00149369EA0157500695
B1446024204629N00149369EA0157500695
B1446034204629N00149369EA0157500695
B1446044204629N00149369EA0157500695
B1446054204629N00149369EA0157500695
B1446064204629N00149369EA0157500695
B1446074204629N00149369EA0157500694
B1446084204628N00149369EA0157500693
B1446094204628N00149369EA0157500693
B1446104204628N00149369EA0157500692
B1446114204628N00149369EA0157500692
B1446124204628N00149367EA0157500692
B1446134204628N00149368EA0157500693
B1446144204628N00149367EA0157500693
B1446154204628N00149368EA0157500692
B1446164204628N00149368EA0157500692
B1446174204628N00149368EA0157500691
B1446184204628N00149369EA0157500691
B1446194204629N00149369EA0157500691
B1446204204629N00149369EA0157500691
B1446214204629N00149369EA0157500691
B1446224204629N00149369EA0157500691
B1446234204629N00149369EA0157500691
B1446244204629N00149368EA0157500691
B1446254204629N00149368EA0157500691
B1446264204629N00149369EA0157500691
B1446274204629N00149368EA0157500691
B1446284204629N00149368EA0157500692
B1446294204629N00149369EA0157500692
B1446304204629N00149369EA0157500692
B1446314204629N00149370EA0157500691
B1446324204629N00149370EA0157500691
B1446334204630N00149370EA0157500691
B1446344204630N00149370EA0157500692
B1446354204630N00149371EA0157500692
B1446364204630N00149371EA0157500692
B1446374204630N00149371EA0157500693
B1446384204630N00149371EA0157500693
B1446394204631N00149371EA0157500693
B1446404204631N00149371EA0157500693
B1446414204631N00149371EA0157500693
B1446424204631N00149371EA0157500693
B1446434204631N00149371EA0157500692
B1446444204631N00149371EA0157500692
B1446454204631N00149372EA0157500692
B1446464204631N00149372EA0157500691
B1446474204631N00149371EA0157500691
B1446484204631N00149371EA0157500691
B1446494204631N00149371EA0157500690
B1446504204631N00149370EA0157500690
B1446514204631N00149371EA0157500690
B1446524204630N00149371EA0157500689
B1446534204630N00149370EA0157500689
B1446544204630N00149370EA0157500689
B1446554204631N00149371EA0157500689
B1446564204631N00149371EA0157500689
B1446574204631N00149371EA0157500689
B1446584204631N00149371EA0157500690
B1446594204631N00149371EA0157500690
B1447004204630N00149371EA0157500690
B1447014204631N00149371EA0157500690
B1447024204631N00149371EA0157500691
B1447034204631N00149372EA0157500691
B1447044204631N00149372EA0157500692
B1447054204631N00149372EA0157500693
B1447064204631N00149372EA0157500693
B1447074204631N00149372EA0157500693
B1447084204631N00149372EA0157500693
B1447094204631N00149373EA0157500694
B1447104204631N00149372EA0157500694
B1447114204631N00149373EA0157500695
B1447124204631N00149373EA0157500696
B1447134204631N00149373EA0157500697
B1447144204631N00149373EA0157500697
B1447154204631N00149373EA0157500698
B1447164204631N00149372EA0157500698
B1447174204631N00149372EA0157500699
B1447184204631N00149372EA0157500699
B1447194204631N00149372EA0157500700
B1447204204631N00149372EA0157500700
B1447214204631N00149372EA0157500701
B1447224204631N00149372EA0157500702
B1447234204632N00149372EA0157500702
B1447244204631N00149372EA0157500703
B1447254204631N00149372EA0157500704
B1447264204632N00149372EA0157500704
B1447274204631N00149372EA0157500705
B1447284204632N00149372EA0157500705
B1447294204631N00149371EA0157500705
B1447304204631N00149371EA0157500705
B1447314204631N00149371EA0157500706
B1447324204631N00149370EA0157500706
B1447334204631N00149370EA0157500706
B1447344204630N00149369EA0157500706
B1447354204630N00149369EA0157500706
B1447364204630N00149369EA0157500705
B1447374204630N00149369EA0157500706
B1447384204630N00149369EA0157500705
B1447394204630N00149369EA0157500705
B1447404204630N00149370EA0157500705
B1447414204630N00149370EA0157500705
B1447424204630N00149370EA0157500705
B1447434204630N00149370EA0157500705
B1447444204629N00149370EA0157500705
B1447454204629N00149370EA0157500705
B1447464204629N00149370EA0157500704
B1447474204629N00149369EA0157500704
B1447484204628N00149369EA0157500704
B1447494204628N00149369EA0157500704
B1447504204628N00149368EA0157500704
B1447514204628N00149368EA0157500704
B1447524204628N00149368EA0157500704
B1447534204627N00149368EA0157500703
B1447544204627N00149368EA0157500703
B1447554204627N00149368EA0157500703
B1447564204627N00149368EA0157500703
B1447574204626N00149368EA0157500702
B1447584204627N00149368EA0157500703
B1447594204626N00149369EA0157500703
B1448004204626N00149369EA0157500703
B1448014204626N00149369EA0157500703
B1448024204626N00149369EA0157500702
B1448034204625N00149369EA0157500702
B1448044204625N00149369EA0157500702
B1448054204625N00149369EA0157500702
B1448064204625N00149369EA0157500702
B1448074204625N00149368EA0157500701
B1448084204625N00149368EA0157500701
B1448094204625N00149368EA0157500701
B1448104204624N00149368EA0157500701
B1448114204625N00149367EA0157500700
B1448124204625N00149368EA0157500700
B1448134204626N00149368EA0157500699
B1448144204625N00149367EA0157500699
B1448154204626N00149367EA0157500699
B1448164204625N00149366EA0157500699
B1448174204625N00149366EA0157500698
B1448184204624N00149366EA0157500698
B1448194204625N00149366EA0157500699
B1448204204625N00149366EA0157500699
B1448214204625N00149365EA0157500698
B1448224204624N00149365EA0157500698
B1448234204624N00149364EA0157500698
B1448244204624N00149364EA0157500698
B1448254204624N00149364EA0157500699
B1448264204624N00149364EA0157500700
B1448274204624N00149365EA0157500700
B1448284204624N00149364EA0157500700
B1448294204625N00149365EA0157500700
B1448304204625N00149365EA0157500700
B1448314204625N00149364EA0157500700
B1448324204625N00149364EA0157500700
B1448334204625N00149364EA0157500699
B1448344204625N00149364EA0157500699
B1448354204625N00149363EA0157500698
B1448364204625N00149364EA0157500698
B1448374204625N00149364EA0157500697
B1448384204625N00149364EA0157500697
B1448394204625N00149363EA0157500696
B1448404204625N00149364EA0157500696
B1448414204625N00149364EA0157500696
B1448424204625N00149364EA0157500696
B1448434204624N00149364EA0157500696
B1448444204624N00149364EA0157500696
B1448454204625N00149365EA0157500696
B1448464204625N00149365EA0157500695
B1448474204625N00149365EA0157500695
B1448484204625N00149366EA0157500695
B1448494204625N00149366EA0157500694
B1448504204625N00149367EA0157500694
B1448514204625N00149367EA0157500694
B1448524204625N00149367EA0157500693
B1448534204625N00149368EA0157500693
B1448544204626N00149368EA0157500694
B1448554204625N00149369EA0157500694
B1448564204626N00149369EA0157500694
B1448574204626N00149370EA0157500694
B1448584204626N00149370EA0157500694
B1448594204625N00149369EA0157500694
B1449004204625N00149368EA0157500694
B1449014204625N00149368EA0157500694
B1449024204625N00149368EA0157500695
B1449034204625N00149368EA0157500695
B1449044204625N00149369EA0157500695
B1449054204625N00149368EA0157500695
B1449064204624N00149368EA0157500695
B1449074204624N00149368EA0157500694
B1449084204624N00149368EA0157500694
B1449094204624N00149368EA0157500695
B1449104204624N00149369EA0157500694
B1449114204624N00149368EA0157500694
B1449124204624N00149368EA0157500694
B1449134204624N00149368EA0157500694
B1449144204625N00149369EA0157500694
B1449154204625N00149369EA0157500693
B1449164204625N00149370EA0157500692
B1449174204625N00149371EA0157500692
B1449184204626N00149371EA0157500691
B1449194204626N00149371EA0157500690
B1449204204626N00149371EA0157500690
B1449214204626N00149370EA0157500689
B1449224204626N00149370EA0157500689
B1449234204627N00149370EA0157500689
B1449244204627N00149370EA0157500689
B1449254204627N00149370EA0157500688
B1449264204626N00149369EA0157500688
B1449274204626N00149368EA0157500688
B1449284204626N00149367EA0157500689
B1449294204626N00149366EA0157500689
B1449304204626N00149367EA0157500689
B1449314204626N00149366EA0157500689
B1449324204626N00149366EA0157500689
B1449334204626N00149366EA0157500689
B1449344204626N00149367EA0157500689
B1449354204626N00149367EA0157500690
B1449364204626N00149368EA0157500690
B1449374204627N00149368EA0157500691
B1449384204627N00149369EA0157500691
B1449394204627N00149368EA0157500692
B1449404204627N00149368EA0157500693
B1449414204627N00149368EA0157500693
B1449424204627N00149368EA0157500694
B1449434204627N00149368EA0157500694
B1449444204628N00149368EA0157500694
B1449454204627N00149368EA0157500694
B1449464204627N00149368EA0157500694
B1449474204627N00149367EA0157500694
B1449484204627N00149367EA0157500695
B1449494204627N00149367EA0157500695
B1449504204627N00149367EA0157500696
B1449514204627N00149367EA0157500696
B1449524204627N00149367EA0157500697
B1449534204626N00149367EA0157500697
B1449544204627N00149368EA0157500697
B1449554204627N00149368EA0157500697
B1449564204627N00149368EA0157500697
B1449574204627N00149368EA0157500696
B1449584204627N00149368EA0157500696
B1449594204627N00149369EA0157500697
B1450004204627N00149368EA0157500697
B1450014204627N00149368EA0157500697
B1450024204627N00149368EA0157500697
B1450034204628N00149369EA0157500697
B1450044204627N00149368EA0157500698
B1450054204628N00149369EA0157500697
B1450064204628N00149370EA0157500697
B1450074204628N00149370EA0157500697
B1450084204628N00149370EA0157500697
B1450094204628N00149371EA0157500697
B1450104204628N00149371EA0157500695
B1450114204628N00149371EA0157500695
B1450124204629N00149371EA0157500695
B1450134204629N00149372EA0157500694
B1450144204629N00149372EA0157500694
B1450154204628N00149372EA0157500694
B1450164204629N00149372EA0157500694
B1450174204629N00149373EA0157500694
B1450184204629N00149373EA0157500694
B1450194204628N00149373EA0157500695
B1450204204629N00149373EA0157500694
B1450214204629N00149373EA0157500694
B1450224204629N00149373EA0157500694
B1450234204629N00149372EA0157500694
B1450244204629N00149371EA0157500694
B1450254204629N00149371EA0157500694
B1450264204629N00149371EA0157500695
B1450274204629N00149372EA0157500695
B1450284204629N00149372EA0157500694
B1450294204630N00149372EA0157500694
B1450304204630N00149372EA0157500694
B1450314204630N00149372EA0157500694
B1450324204630N00149372EA0157500694
B1450334204630N00149371EA0157500693
B1450344204630N00149371EA0157500692
B1450354204630N00149371EA0157500692
B1450364204629N00149371EA0157500692
B1450374204629N00149371EA0157500691
B1450384204629N00149370EA0157500691
B1450394204629N00149371EA0157500691
B1450404204629N00149371EA0157500690
B1450414204630N00149372EA0157500690
B1450424204629N00149370EA0157500690
B1450434204629N00149371EA0157500690
B1450444204630N00149370EA0157500689
B1450454204629N00149369EA0157500689
B1450464204629N00149369EA0157500689
B1450474204629N00149369EA0157500689
B1450484204629N00149369EA0157500688
B1450494204629N00149369EA0157500687
B1450504204629N00149369EA0157500687
B1450514204628N00149367EA0157500686
B1450524204629N00149367EA0157500686
B1450534204629N00149368EA0157500686
B1450544204629N00149368EA0157500685
B1450554204628N00149368EA0157500684
B1450564204628N00149368EA0157500683
B1450574204628N00149368EA0157500683
B1450584204628N00149368EA0157500683
B1450594204627N00149368EA0157500683
B1451004204627N00149369EA0157500682
B1451014204627N00149369EA0157500681
B1451024204627N00149369EA0157500681
B1451034204627N00149368EA0157500680
B1451044204627N00149368EA0157500681
B1451054204627N00149369EA0157500680
B1451064204627N00149368EA0157500680
B1451074204627N00149369EA0157500680
B1451084204627N00149369EA0157500680
B1451094204626N00149369EA0157500682
B1451104204627N00149369EA0157500683
B1451114204627N00149369EA0157500684
B1451124204627N00149369EA0157500684
B1451134204627N00149369EA0157500686
B1451144204627N00149369EA0157500686
B1451154204627N00149369EA0157500686
B1451164204627N00149370EA0157500686
B1451174204627N00149370EA0157500687
B1451184204627N00149370EA0157500687
B1451194204627N00149370EA0157500687
B1451204204627N00149371EA0157500687
B1451214204627N00149371EA0157500687
B1451224204627N00149371EA0157500687
B1451234204627N00149372EA0157500686
B1451244204627N00149371EA0157500687
B1451254204627N00149371EA0157500687
B1451264204627N00149371EA0157500687
B1451274204627N00149371EA0157500687
B1451284204627N00149371EA0157500688
B1451294204627N00149372EA0157500688
B1451304204627N00149372EA0157500688
B1451314204628N00149372EA0157500688
B1451324204627N00149372EA0157500688
B1451334204627N00149372EA0157500688
B1451344204628N00149372EA0157500689
B1451354204628N00149372EA0157500689
B1451364204628N00149373EA0157500689
B1451374204628N00149373EA0157500688
B1451384204628N00149373EA0157500688
B1451394204627N00149372EA0157500688
B1451404204627N00149372EA0157500688
B1451414204627N00149372EA0157500688
B1451424204627N00149372EA0157500687
B1451434204627N00149372EA0157500687
B1451444204627N00149372EA0157500686
B1451454204627N00149371EA0157500686
B1451464204627N00149371EA0157500687
B1451474204627N00149370EA0157500688
B1451484204626N00149370EA0157500688
B1451494204626N00149370EA0157500689
B1451504204627N00149371EA0157500689
B1451514204627N00149370EA0157500690
B1451524204627N00149370EA0157500690
B1451534204627N00149370EA0157500691
B1451544204627N00149370EA0157500692
B1451554204627N00149370EA0157500693
B1451564204627N00149370EA0157500693
B1451574204627N00149370EA0157500693
B1451584204627N00149369EA0157500694
B1451594204627N00149369EA0157500694
B1452004204627N00149369EA0157500694
B1452014204627N00149369EA0157500695
B1452024204627N00149369EA0157500695
B1452034204628N00149370EA0157500695
B1452044204628N00149370EA0157500695
B1452054204628N00149370EA0157500695
B1452064204628N00149371EA0157500695
B1452074204628N00149371EA0157500695
B1452084204628N00149371EA0157500695
B1452094204628N00149371EA0157500696
B1452104204628N00149371EA0157500696
B1452114204628N00149371EA0157500696
B1452124204628N00149372EA0157500696
B1452134204629N00149372EA0157500696
B1452144204629N00149373EA0157500697
B1452154204629N00149373EA0157500697
B1452164204629N00149373EA0157500697
B1452174204628N00149373EA0157500697
B1452184204628N00149372EA0157500697
B1452194204628N00149373EA0157500697
B1452204204629N00149373EA0157500698
LXFM live.flymaster.net version 1.01
LXFM Created 2026-07-11 15:07:52
LXFM flight id 1807607
GF93AB5B0F3DA5DDCE9E55C2304510958
