AXFMSFP Flymaster Live, V1.0, S/N 967666
HFFXA010
HFPLTPILOT:32-Juan Manuel Garcia Guerrero
HFGTYGLIDERTYPE:22 Niviuk IP6 Cocktail
HFGIDGLIDERID:
HFDTM100GPSDATUM:WGS-1984
HFCIDCOMPETITIONID:68575
HFCCLCOMPETITIONCLASS:
HOSITSITE:unknown-XX
HFGPSRECEIVER:UBLOX,CAM-M8Q,72,50000,GPS,GLO,GAL
HFPRSPRESSALTSENSOR:BOSCH,BMP280,9163
HFRFWFIRMWAREVERSION:202h
HFRHWHARDWAREVERSION:1.0R2
HFFTYFRTYPE:Flymaster,TRACKER
HFDTE240526
B0939214151955N00049096EA0049400628
B0939224151955N00049097EA0049300628
B0939234151955N00049097EA0049300628
B0939244151956N00049097EA0049300627
B0939254151956N00049097EA0049300626
B0939264151956N00049096EA0049300626
B0939274151956N00049097EA0049300626
B0939284151956N00049097EA0049300626
B0939294151956N00049097EA0049300626
B0939304151956N00049097EA0049300626
B0939314151956N00049096EA0049300627
B0939324151956N00049096EA0049300626
B0939334151956N00049096EA0049300626
B0939344151956N00049096EA0049300625
B0939354151956N00049096EA0049300626
B0939364151956N00049096EA0049300626
B0939374151957N00049096EA0049300626
B0939384151957N00049095EA0049400627
B0939394151958N00049094EA0049300627
B0939404151958N00049094EA0049300628
B0939414151958N00049094EA0049200628
B0939424151958N00049094EA0049300627
B0939434151958N00049094EA0049300627
B0939444151958N00049094EA0049300627
B0939454151958N00049095EA0049400627
B0939464151959N00049095EA0049300626
B0939474151959N00049095EA0049300626
B0939484151959N00049095EA0049300625
B0939494151959N00049095EA0049300626
B0939504151959N00049095EA0049300626
B0939514151959N00049095EA0049300625
B0939524151959N00049096EA0049300625
B0939534151959N00049096EA0049300625
B0939544151959N00049096EA0049400625
B0939554151959N00049096EA0049400625
B0939564151959N00049095EA0049400626
B0939574151959N00049094EA0049300627
B0939584151959N00049094EA0049300626
B0939594151959N00049093EA0049300626
B0940004151958N00049093EA0049300628
B0940014151958N00049092EA0049300628
B0940024151958N00049092EA0049300628
B0940034151958N00049091EA0049300628
B0940044151958N00049090EA0049300628
B0940054151958N00049091EA0049300629
B0940064151958N00049091EA0049300629
B0940074151958N00049091EA0049300630
B0940084151957N00049092EA0049400631
B0940094151958N00049093EA0049300632
B0940104151958N00049094EA0049300630
B0940114151958N00049094EA0049400631
B0940124151958N00049093EA0049300632
B0940134151958N00049094EA0049300632
B0940144151958N00049094EA0049300631
B0940154151958N00049094EA0049300631
B0940164151958N00049094EA0049300631
B0940174151958N00049094EA0049300631
B0940184151958N00049094EA0049300631
B0940194151958N00049093EA0049300631
B0940204151959N00049093EA0049300631
B0940214151959N00049092EA0049300630
B0940224151959N00049092EA0049400630
B0940234151959N00049092EA0049300630
B0940244151960N00049093EA0049300630
B0940254151960N00049093EA0049400630
B0940264151960N00049093EA0049400630
B0940274151960N00049094EA0049300630
B0940284151959N00049094EA0049300630
B0940294151959N00049094EA0049400630
B0940304151959N00049094EA0049300630
B0940314151960N00049095EA0049400631
B0940324151960N00049095EA0049300628
B0940334151960N00049095EA0049300628
B0940344151960N00049095EA0049300628
B0940354151960N00049095EA0049400628
B0940364151960N00049095EA0049300628
B0940374151960N00049095EA0049300628
B0940384151960N00049095EA0049300628
B0940394151960N00049095EA0049300627
B0940404151960N00049095EA0049300627
B0940414151960N00049095EA0049300627
B0940424151960N00049094EA0049300626
B0940434151961N00049094EA0049400626
B0940444151961N00049094EA0049300626
B0940454151961N00049094EA0049300626
B0940464151961N00049094EA0049300628
B0940474151961N00049092EA0049300627
B0940484151961N00049092EA0049300630
B0940494151962N00049091EA0049300630
B0940504151961N00049090EA0049300631
B0940514151960N00049090EA0049400632
B0940524151959N00049090EA0049300633
B0940534151959N00049091EA0049400633
B0940544151959N00049091EA0049300632
B0940554151958N00049092EA0049400631
B0940564151958N00049092EA0049300630
B0940574151957N00049093EA0049300630
B0940584151957N00049093EA0049300630
B0940594151957N00049094EA0049300629
B0941004151956N00049095EA0049300629
B0941014151956N00049096EA0049400629
B0941024151956N00049096EA0049300628
B0941034151956N00049097EA0049300627
B0941044151956N00049098EA0049300627
B0941054151955N00049100EA0049300627
B0941064151955N00049100EA0049400625
B0941074151955N00049101EA0049200626
B0941084151955N00049101EA0049400626
B0941094151955N00049102EA0049200625
B0941104151955N00049103EA0049200626
B0941114151955N00049103EA0049300626
B0941124151955N00049104EA0049400626
B0941134151955N00049104EA0049300625
B0941144151955N00049105EA0049200624
B0941154151954N00049105EA0049200624
B0941164151954N00049106EA0049300624
B0941174151954N00049106EA0049200624
B0941184151954N00049106EA0049100624
B0941194151954N00049106EA0049200625
B0941204151954N00049106EA0049200625
B0941214151954N00049106EA0049200625
B0941224151953N00049106EA0049200625
B0941234151953N00049106EA0049100624
B0941244151953N00049106EA0049100624
B0941254151953N00049107EA0049100624
B0941264151953N00049107EA0049100623
B0941274151953N00049107EA0049100623
B0941284151953N00049107EA0049100623
B0941294151953N00049107EA0049100623
B0941304151953N00049108EA0049100623
B0941314151953N00049108EA0049100623
B0941324151953N00049108EA0049100622
B0941334151953N00049108EA0049100622
B0941344151953N00049109EA0049100622
B0941354151953N00049109EA0049100622
B0941364151953N00049109EA0049100622
B0941374151953N00049109EA0049100621
B0941384151953N00049109EA0049200621
B0941394151953N00049109EA0049100621
B0941404151953N00049109EA0049100621
B0941414151953N00049109EA0049100621
B0941424151953N00049109EA0049100621
B0941434151953N00049110EA0049100621
B0941444151953N00049110EA0049100620
B0941454151953N00049110EA0049100620
B0941464151953N00049110EA0049100620
B0941474151953N00049110EA0049200620
B0941484151953N00049110EA0049100620
B0941494151953N00049110EA0049200620
B0941504151953N00049110EA0049100620
B0941514151953N00049110EA0049100620
B0941524151953N00049110EA0049200620
B0941534151953N00049110EA0049200620
B0941544151953N00049110EA0049200620
B0941554151953N00049110EA0049200620
B0941564151953N00049110EA0049100620
B0941574151953N00049110EA0049100620
B0941584151953N00049110EA0049100620
B0941594151953N00049110EA0049100620
B0942004151953N00049110EA0049200620
B0942014151953N00049110EA0049100620
B0942024151953N00049110EA0049200619
B0942034151953N00049110EA0049100620
B0942044151953N00049110EA0049100619
B0942054151953N00049110EA0049100619
B0942064151953N00049110EA0049200619
B0942074151953N00049110EA0049200619
B0942084151953N00049110EA0049200619
B0942094151953N00049110EA0049200619
B0942104151953N00049110EA0049200619
B0942114151953N00049110EA0049100619
B0942124151953N00049110EA0049100619
B0942134151953N00049110EA0049100619
B0942144151953N00049110EA0049200619
B0942154151953N00049110EA0049100619
B0942164151953N00049110EA0049100619
B0942174151953N00049110EA0049100619
B0942184151953N00049110EA0049100620
B0942194151953N00049110EA0049100620
B0942204151953N00049110EA0049100620
B0942214151953N00049110EA0049100620
B0942224151953N00049110EA0049100620
B0942234151953N00049110EA0049100620
B0942244151953N00049110EA0049200620
B0942254151953N00049110EA0049100620
B0942264151953N00049110EA0049200620
B0942274151953N00049110EA0049100620
B0942284151953N00049110EA0049100620
B0942294151953N00049110EA0049100620
B0942304151953N00049110EA0049200620
B0942314151953N00049110EA0049100620
B0942324151953N00049110EA0049100620
B0942334151953N00049110EA0049100620
B0942344151953N00049110EA0049100621
B0942354151953N00049110EA0049100621
B0942364151953N00049110EA0049100621
B0942374151953N00049110EA0049100621
B0942384151953N00049110EA0049100620
B0942394151953N00049110EA0049100620
B0942404151953N00049110EA0049100620
B0942414151953N00049110EA0049100620
B0942424151953N00049110EA0049100620
B0942434151953N00049110EA0049100620
B0942444151953N00049110EA0049100620
B0942454151953N00049110EA0049100620
B0942464151953N00049110EA0049100620
B0942474151952N00049110EA0049100620
B0942484151952N00049110EA0049100620
B0942494151952N00049110EA0049100620
B0942504151952N00049110EA0049100620
B0942514151952N00049110EA0049100621
B0942524151952N00049110EA0049100621
B0942534151952N00049110EA0049100621
B0942544151952N00049110EA0049100621
B0942554151952N00049110EA0049200621
B0942564151952N00049110EA0049100621
B0942574151952N00049110EA0049100621
B0942584151952N00049110EA0049100621
B0942594151952N00049110EA0049100621
B0943004151952N00049110EA0049100621
B0943014151952N00049110EA0049100621
B0943024151952N00049110EA0049100621
B0943034151952N00049110EA0049100621
B0943044151952N00049110EA0049100621
B0943054151952N00049110EA0049100621
B0943064151952N00049110EA0049100621
B0943074151952N00049110EA0049100621
B0943084151952N00049110EA0049100621
B0943094151952N00049110EA0049100621
B0943104151952N00049110EA0049100621
B0943114151952N00049110EA0049100621
B0943124151952N00049110EA0049100621
B0943134151953N00049110EA0049100621
B0943144151953N00049110EA0049100621
B0943154151953N00049110EA0049100621
B0943164151953N00049110EA0049100621
B0943174151953N00049110EA0049100621
B0943184151953N00049110EA0049100621
B0943194151953N00049110EA0049100621
B0943204151953N00049110EA0049100621
B0943214151953N00049110EA0049100621
B0943224151953N00049110EA0049000620
B0943234151953N00049110EA0049100620
B0943244151953N00049110EA0049100620
B0943254151953N00049110EA0049000620
B0943264151953N00049110EA0049100620
B0943274151953N00049110EA0049100620
B0943284151953N00049110EA0049100620
B0943294151953N00049110EA0049100620
B0943304151953N00049110EA0049200620
B0943314151953N00049110EA0049100620
B0943324151953N00049110EA0049100620
B0943334151953N00049110EA0049100620
B0943344151953N00049110EA0049000620
B0943354151953N00049110EA0049100620
B0943364151953N00049110EA0049000620
B0943374151953N00049110EA0049000620
B0943384151953N00049110EA0049000620
B0943394151953N00049110EA0049100620
B0943404151953N00049110EA0049100620
B0943414151953N00049110EA0049100620
B0943424151953N00049110EA0049100620
B0943434151953N00049110EA0049100620
B0943444151953N00049110EA0049100620
B0943454151953N00049110EA0049100620
B0943464151953N00049110EA0049100620
B0943474151953N00049110EA0049200620
B0943484151953N00049110EA0049100620
B0943494151953N00049110EA0049000620
B0943504151953N00049110EA0049000620
B0943514151953N00049110EA0049100620
B0943524151953N00049110EA0049000620
B0943534151953N00049110EA0049100620
B0943544151953N00049110EA0049000620
B0943554151953N00049110EA0049100620
B0943564151953N00049110EA0049100620
B0943574151953N00049110EA0049100620
B0943584151953N00049110EA0049100621
B0943594151953N00049110EA0049200621
B0944004151953N00049110EA0049100621
B0944014151953N00049110EA0049100621
B0944024151953N00049110EA0049100621
B0944034151953N00049110EA0049000621
B0944044151953N00049110EA0049200621
B0944054151953N00049110EA0049100621
B0944064151953N00049110EA0049100621
B0944074151953N00049110EA0049100621
B0944084151953N00049110EA0049200621
B0944094151953N00049110EA0049100621
B0944104151953N00049110EA0049100621
B0944114151953N00049110EA0049100621
B0944124151953N00049110EA0049100621
B0944134151953N00049110EA0049100621
B0944144151953N00049110EA0049100621
B0944154151953N00049110EA0049100621
B0944164151953N00049110EA0049200621
B0944174151953N00049110EA0049100621
B0944184151953N00049110EA0049100621
B0944194151953N00049110EA0049100621
B0944204151953N00049110EA0049100621
B0944214151953N00049110EA0049100621
B0944224151952N00049110EA0049200621
B0944234151952N00049110EA0049200621
B0944244151952N00049110EA0049100621
B0944254151953N00049110EA0049100621
B0944264151953N00049110EA0049100621
B0944274151952N00049110EA0049100621
B0944284151952N00049110EA0049100621
B0944294151952N00049110EA0049100621
B0944304151952N00049110EA0049100621
B0944314151952N00049110EA0049100621
B0944324151953N00049110EA0049100621
B0944334151953N00049110EA0049100621
B0944344151953N00049110EA0049100621
B0944354151952N00049110EA0049100621
B0944364151952N00049110EA0049100621
B0944374151952N00049110EA0049100621
B0944384151952N00049110EA0049100621
B0944394151953N00049110EA0049100621
B0944404151953N00049110EA0049100621
B0944414151953N00049110EA0049100621
B0944424151953N00049110EA0049100621
B0944434151953N00049110EA0049100621
B0944444151953N00049110EA0049100621
B0944454151953N00049110EA0049100621
B0944464151953N00049110EA0049100621
B0944474151953N00049110EA0049100621
B0944484151952N00049110EA0049100621
B0944484151953N00049107EA0049100623
B0944494151952N00049110EA0049100621
B0944504151952N00049110EA0049100621
B0944514151953N00049110EA0049100621
B0944524151953N00049110EA0049100621
B0944534151952N00049110EA0049100621
B0944544151952N00049110EA0049100621
B0944554151952N00049110EA0049200621
B0944564151952N00049110EA0049100621
B0944574151952N00049110EA0049100621
B0944584151953N00049110EA0049100621
B0944594151952N00049110EA0049100622
B0945004151952N00049110EA0049100622
B0945014151952N00049110EA0049100622
B0945024151953N00049110EA0049100622
B0945034151952N00049110EA0049100622
B0945044151952N00049110EA0049100622
B0945054151952N00049110EA0049100622
B0945064151952N00049110EA0049100622
B0945074151952N00049110EA0049100622
B0945084151952N00049110EA0049100622
B0945094151952N00049110EA0049100622
B0945104151952N00049110EA0049100622
B0945114151952N00049110EA0049100622
B0945124151952N00049110EA0049100622
B0945134151952N00049110EA0049100622
B0945144151952N00049110EA0049100622
B0945154151952N00049110EA0049100622
B0945164151952N00049110EA0049100622
B0945174151952N00049110EA0049100622
B0945184151952N00049110EA0049100622
B0945194151952N00049110EA0049100622
B0945204151952N00049110EA0049100622
B0945214151952N00049110EA0049100622
B0945224151952N00049110EA0049100622
B0945234151952N00049110EA0049100622
B0945244151952N00049110EA0049100622
B0945254151952N00049110EA0049100622
B0945264151952N00049110EA0049100622
B0945274151952N00049110EA0049100622
B0945284151952N00049110EA0049100622
B0945294151952N00049110EA0049100622
B0945304151952N00049110EA0049200622
B0945314151952N00049110EA0049100622
B0945324151952N00049110EA0049100622
B0945334151952N00049110EA0049100623
B0945344151952N00049110EA0049100623
B0945354151952N00049110EA0049100623
B0945364151952N00049110EA0049100623
B0945374151952N00049110EA0049100623
B0945384151952N00049110EA0049100623
B0945394151952N00049110EA0049100623
B0945404151952N00049110EA0049100623
B0945414151952N00049110EA0049100623
B0945424151952N00049110EA0049100623
B0945434151952N00049110EA0049100623
B0945444151952N00049110EA0049200622
B0945454151952N00049110EA0049100622
B0945464151952N00049110EA0049100622
B0945474151952N00049110EA0049100622
B0945484151952N00049110EA0049100622
B0945494151952N00049110EA0049100622
B0945504151952N00049110EA0049100622
B0945514151952N00049110EA0049100622
B0945524151952N00049110EA0049100622
B0945534151952N00049110EA0049100622
B0945544151952N00049110EA0049100622
B0945554151952N00049110EA0049100622
B0945564151952N00049110EA0049100622
B0945574151952N00049110EA0049100622
B0945584151952N00049110EA0049100623
B0945594151952N00049110EA0049100622
B0946004151952N00049110EA0049100623
B0946014151952N00049110EA0049100623
B0946024151952N00049110EA0049100623
B0946034151952N00049110EA0049100623
B0946044151952N00049110EA0049100623
B0946054151952N00049110EA0049200623
B0946064151952N00049110EA0049100622
B0946074151952N00049110EA0049100622
B0946084151952N00049110EA0049100622
B0946094151952N00049110EA0049100622
B0946104151952N00049110EA0049100623
B0946114151952N00049110EA0049100623
B0946124151952N00049110EA0049100623
B0946134151952N00049110EA0049100623
B0946144151952N00049110EA0049000622
B0946154151952N00049110EA0049100622
B0946164151952N00049110EA0049100622
B0946174151952N00049110EA0049100623
B0946184151952N00049110EA0049100623
B0946194151952N00049110EA0049100623
B0946204151952N00049110EA0049100623
B0946214151952N00049110EA0049200623
B0946224151952N00049110EA0049100623
B0946234151952N00049110EA0049100623
B0946244151952N00049110EA0049100623
B0946254151952N00049110EA0049100623
B0946264151952N00049110EA0049100623
B0946274151952N00049110EA0049100623
B0946284151952N00049110EA0049200623
B0946294151952N00049110EA0049100623
B0946304151952N00049110EA0049100623
B0946314151952N00049110EA0049100623
B0946324151952N00049110EA0049100623
B0946334151952N00049110EA0049100623
B0946344151952N00049110EA0049100622
B0946354151952N00049110EA0049100622
B0946364151952N00049110EA0049000622
B0946374151952N00049110EA0049100622
B0946384151952N00049110EA0049100622
B0946394151952N00049110EA0049100622
B0946404151952N00049110EA0049100622
B0946414151952N00049110EA0049100622
B0946424151952N00049110EA0049000622
B0946434151952N00049110EA0049100622
B0946444151952N00049110EA0049100622
B0946454151952N00049110EA0049100622
B0946464151952N00049110EA0049100622
B0946474151952N00049110EA0049100622
B0946484151952N00049110EA0049100622
B0946494151952N00049110EA0049100622
B0946504151952N00049110EA0049100622
B0946514151952N00049110EA0049100622
B0946524151952N00049110EA0049100622
B0946534151952N00049110EA0049100622
B0946544151952N00049110EA0049200622
B0946554151953N00049110EA0049100622
B0946564151953N00049110EA0049200622
B0946574151953N00049110EA0049100622
B0946584151953N00049110EA0049100622
B0946594151953N00049110EA0049100622
B0947004151953N00049110EA0049100622
B0947014151953N00049110EA0049100622
B0947024151953N00049110EA0049100622
B0947034151953N00049110EA0049200622
B0947044151953N00049110EA0049200622
B0947054151953N00049110EA0049200622
B0947064151953N00049110EA0049200622
B0947074151953N00049110EA0049200622
B0947084151953N00049110EA0049100622
B0947094151953N00049110EA0049100622
B0947104151953N00049110EA0049100622
B0947114151953N00049110EA0049100622
B0947124151953N00049110EA0049100622
B0947134151952N00049110EA0049100622
B0947144151952N00049110EA0049100623
B0947154151952N00049110EA0049200623
B0947164151952N00049110EA0049100623
B0947174151952N00049110EA0049200623
B0947184151952N00049110EA0049200623
B0947194151952N00049110EA0049100623
B0947204151952N00049110EA0049100623
B0947214151952N00049110EA0049100623
B0947224151952N00049110EA0049100623
B0947234151952N00049110EA0049100623
B0947244151952N00049110EA0049100623
B0947254151952N00049110EA0049100623
B0947264151952N00049110EA0049100623
B0947274151952N00049110EA0049200623
B0947284151952N00049110EA0049000623
B0947294151952N00049110EA0049100623
B0947304151952N00049110EA0049100623
B0947314151952N00049110EA0049100623
B0947324151952N00049110EA0049100623
B0947334151952N00049110EA0049000623
B0947344151952N00049110EA0049100623
B0947354151952N00049110EA0049100623
B0947364151952N00049110EA0049100623
B0947374151952N00049110EA0049100623
B0947384151952N00049110EA0049100623
B0947394151952N00049110EA0049100623
B0947404151952N00049110EA0049100623
B0947414151952N00049110EA0049100623
B0947424151952N00049110EA0049100623
B0947434151952N00049110EA0049100623
B0947444151952N00049110EA0049100623
B0947454151952N00049110EA0049100623
B0947464151952N00049110EA0049100623
B0947474151952N00049110EA0049100623
B0947484151952N00049110EA0049100623
B0947494151952N00049110EA0049100623
B0947504151952N00049110EA0049100623
B0947514151952N00049110EA0049100623
B0947524151952N00049110EA0049100623
B0947534151952N00049110EA0049100623
B0947544151952N00049110EA0049100623
B0947554151953N00049110EA0049100623
B0947564151952N00049110EA0049100623
B0947574151953N00049110EA0049100623
B0947584151953N00049110EA0049100623
B0947594151953N00049110EA0049100623
B0948004151953N00049110EA0049100623
B0948014151953N00049110EA0049100623
B0948024151953N00049110EA0049100623
B0948034151953N00049110EA0049100623
B0948044151953N00049110EA0049100623
B0948054151953N00049110EA0049100623
B0948064151953N00049110EA0049100623
B0948074151953N00049110EA0049100623
B0948084151953N00049110EA0049100623
B0948094151953N00049110EA0049100623
B0948104151953N00049110EA0049100623
B0948114151953N00049110EA0049100623
B0948124151953N00049110EA0049100623
B0948134151953N00049110EA0049100623
B0948144151953N00049110EA0049100623
B0948154151953N00049110EA0049100623
B0948164151953N00049110EA0049100623
B0948174151953N00049110EA0049100623
B0948184151953N00049110EA0049100623
B0948194151953N00049110EA0049100623
B0948204151953N00049110EA0049100623
B0948214151953N00049110EA0049100623
B0948224151953N00049110EA0049100623
B0948234151953N00049110EA0049100622
B0948244151953N00049110EA0049100622
B0948254151953N00049110EA0049000622
B0948264151953N00049110EA0049100622
B0948274151953N00049110EA0049100622
B0948284151953N00049110EA0049100622
B0948294151953N00049110EA0049100622
B0948304151953N00049110EA0049000622
B0948314151953N00049110EA0049100622
B0948324151953N00049110EA0049100622
B0948334151953N00049110EA0049100622
B0948344151953N00049110EA0049100622
B0948354151953N00049110EA0049200622
B0948364151953N00049110EA0049100622
B0948374151953N00049110EA0049100622
B0948384151953N00049110EA0049100622
B0948394151953N00049110EA0049100622
B0948404151953N00049110EA0049100622
B0948414151953N00049110EA0049100622
B0948424151953N00049110EA0049100622
B0948434151953N00049110EA0049100622
B0948444151953N00049110EA0049100622
B0948454151953N00049110EA0049100622
B0948464151953N00049110EA0049100622
B0948474151953N00049110EA0049100622
B0948484151953N00049110EA0049100622
B0948494151953N00049110EA0049100622
B0948504151953N00049110EA0049100622
B0948514151953N00049110EA0049100622
B0948524151953N00049110EA0049100622
B0948534151953N00049110EA0049100622
B0948544151953N00049110EA0049100622
B0948554151953N00049110EA0049100622
B0948564151953N00049110EA0049000622
B0948574151953N00049110EA0049200622
B0948584151953N00049110EA0049100622
B0948594151953N00049110EA0049100622
B0949004151953N00049110EA0049100622
B0949014151953N00049110EA0049100622
B0949024151953N00049110EA0049100622
B0949034151953N00049110EA0049100622
B0949044151953N00049110EA0049100623
B0949054151953N00049110EA0049100623
B0949064151953N00049110EA0049100623
B0949074151953N00049110EA0049100623
B0949084151953N00049110EA0049000623
B0949094151953N00049110EA0049100623
B0949104151953N00049110EA0049100623
B0949114151953N00049110EA0049100623
B0949124151953N00049110EA0049100623
B0949134151953N00049110EA0049100622
B0949144151953N00049110EA0049100622
B0949154151953N00049110EA0049100623
B0949164151953N00049110EA0049000623
B0949174151953N00049110EA0049100623
B0949184151953N00049110EA0049000622
B0949194151953N00049110EA0049100622
B0949204151953N00049110EA0049100622
B0949214151953N00049110EA0049100622
B0949224151953N00049110EA0049100622
B0949234151953N00049110EA0049100622
B0949244151953N00049110EA0049100623
B0949254151953N00049110EA0049100623
B0949264151953N00049110EA0049000623
B0949274151953N00049110EA0049100623
B0949284151953N00049110EA0049100623
B0949294151953N00049110EA0049000623
B0949304151953N00049110EA0049000623
B0949314151953N00049110EA0049100623
B0949324151953N00049110EA0049100623
B0949334151953N00049110EA0049000622
B0949344151953N00049110EA0049100622
B0949354151953N00049110EA0049100622
B0949364151953N00049110EA0049100622
B0949374151953N00049110EA0049100622
B0949384151953N00049110EA0049100622
B0949394151953N00049110EA0049100622
B0949404151953N00049110EA0049100622
B0949414151953N00049110EA0049100622
B0949424151953N00049110EA0049100622
B0949434151953N00049110EA0049100622
B0949444151953N00049110EA0049100622
B0949454151953N00049110EA0049100622
B0949464151953N00049110EA0049100622
B0949474151953N00049110EA0049100622
B0949484151953N00049110EA0049100622
B0949494151953N00049110EA0049100622
B0949504151953N00049110EA0049100622
B0949514151953N00049110EA0049000623
B0949524151953N00049110EA0049100623
B0949534151953N00049110EA0049100623
B0949544151953N00049110EA0049100623
B0949554151953N00049110EA0049100623
B0949564151953N00049110EA0049100623
B0949574151953N00049110EA0049100623
B0949584151953N00049110EA0049100623
B0949594151953N00049110EA0049100623
B0950004151953N00049110EA0049100623
B0950014151953N00049110EA0049100623
B0950024151953N00049110EA0049000623
B0950034151953N00049110EA0049100623
B0950044151953N00049110EA0049100623
B0950054151953N00049110EA0049100624
B0950064151953N00049110EA0049100624
B0950074151953N00049110EA0049100624
B0950084151953N00049110EA0049100624
B0950094151953N00049110EA0049100623
B0950104151953N00049110EA0049100624
B0950114151953N00049110EA0049100624
B0950124151953N00049110EA0049100624
B0950134151953N00049110EA0049100624
B0950144151953N00049110EA0049100624
B0950154151953N00049110EA0049100624
B0950164151953N00049110EA0049200624
B0950174151953N00049110EA0049100624
B0950184151953N00049110EA0049200624
B0950194151953N00049110EA0049100624
B0950204151953N00049110EA0049100624
B0950214151953N00049110EA0049100624
B0950224151953N00049110EA0049100624
B0950234151953N00049110EA0049100624
B0950244151953N00049110EA0049100624
B0950254151952N00049110EA0049100624
B0950264151952N00049110EA0049100624
B0950274151952N00049110EA0049100624
B0950284151952N00049110EA0049100624
B0950294151952N00049110EA0049100624
B0950304151952N00049110EA0049100623
B0950314151952N00049110EA0049100623
B0950324151952N00049110EA0049100623
B0950334151952N00049110EA0049100623
B0950344151952N00049110EA0049100624
B0950354151952N00049110EA0049200624
B0950364151952N00049110EA0049200624
B0950374151952N00049110EA0049100624
B0950384151952N00049110EA0049200624
B0950394151952N00049110EA0049100624
B0950404151952N00049110EA0049200624
B0950414151952N00049110EA0049100624
B0950424151952N00049110EA0049100624
B0950434151952N00049110EA0049100623
B0950444151952N00049110EA0049100623
B0950454151952N00049110EA0049100623
B0950464151952N00049110EA0049100623
B0950474151952N00049110EA0049200623
B0950484151952N00049110EA0049100623
B0950494151952N00049110EA0049100623
B0950504151952N00049110EA0049100623
B0950514151952N00049110EA0049100623
B0950524151952N00049110EA0049100623
B0950534151952N00049110EA0049100623
B0950544151952N00049110EA0049100623
B0950554151952N00049110EA0049100623
B0950564151952N00049110EA0049200623
B0950574151952N00049110EA0049100623
B0950584151952N00049110EA0049100623
B0950594151952N00049110EA0049200623
B0951004151952N00049110EA0049100623
B0951014151952N00049110EA0049100623
B0951024151952N00049110EA0049100623
B0951034151952N00049110EA0049100623
B0951044151952N00049110EA0049100623
B0951054151952N00049110EA0049100623
B0951064151952N00049110EA0049100623
B0951074151952N00049110EA0049100623
B0951084151952N00049110EA0049100623
B0951094151952N00049110EA0049100623
B0951104151952N00049110EA0049100623
B0951114151952N00049110EA0049100623
B0951124151952N00049110EA0049100623
B0951134151952N00049110EA0049100623
B0951144151952N00049110EA0049200623
B0951154151952N00049110EA0049200623
B0951164151952N00049110EA0049200623
B0951174151952N00049110EA0049100623
B0951184151952N00049110EA0049200623
B0951194151952N00049110EA0049200623
B0951204151952N00049110EA0049100623
B0951214151952N00049110EA0049100623
B0951224151952N00049110EA0049100623
B0951234151952N00049110EA0049100623
B0951244151952N00049110EA0049100623
B0951254151952N00049110EA0049100623
B0951264151952N00049110EA0049100623
B0951274151952N00049110EA0049100623
B0951284151952N00049110EA0049100623
B0951294151952N00049110EA0049100623
B0951304151952N00049110EA0049100623
B0951314151952N00049110EA0049100623
B0951324151952N00049110EA0049100624
B0951334151952N00049110EA0049100624
B0951344151952N00049110EA0049100624
B0951354151952N00049110EA0049100624
B0951364151952N00049110EA0049100624
B0951374151952N00049110EA0049100624
B0951384151952N00049110EA0049100624
B0951394151952N00049110EA0049100624
B0951404151952N00049110EA0049100624
B0951414151952N00049110EA0049100624
B0951424151952N00049110EA0049100624
B0951434151952N00049110EA0049100624
B0951444151952N00049110EA0049100624
B0951454151952N00049110EA0049100623
B0951464151952N00049110EA0049100623
B0951474151952N00049110EA0049100623
B0951484151952N00049110EA0049100623
B0951494151952N00049110EA0049000623
B0951504151952N00049110EA0049100623
B0951514151952N00049110EA0049100623
B0951524151952N00049110EA0049100623
B0951534151952N00049110EA0049100623
B0951544151952N00049110EA0049100623
B0951554151952N00049110EA0049100623
B0951564151952N00049110EA0049100623
B0951574151952N00049110EA0049100623
B0951584151952N00049110EA0049100623
B0951594151952N00049110EA0049100623
B0952004151952N00049110EA0049100623
B0952014151952N00049110EA0049100623
B0952024151952N00049110EA0049100622
B0952034151952N00049110EA0049100622
B0952044151952N00049110EA0049100622
B0952054151952N00049110EA0049100622
B0952064151952N00049110EA0049200622
B0952074151952N00049110EA0049100622
B0952084151952N00049110EA0049200622
B0952094151952N00049110EA0049100622
B0952104151952N00049110EA0049100622
B0952114151952N00049110EA0049100622
B0952124151952N00049110EA0049100622
B0952134151952N00049110EA0049100622
B0952144151952N00049110EA0049100622
B0952154151952N00049110EA0049100622
B0952164151952N00049110EA0049200622
B0952174151952N00049110EA0049100622
B0952184151952N00049110EA0049100622
B0952194151952N00049110EA0049100622
B0952204151952N00049110EA0049100622
B0952214151952N00049110EA0049100622
B0952224151952N00049110EA0049100623
B0952234151952N00049110EA0049100623
B0952244151952N00049110EA0049100623
B0952254151952N00049110EA0049100623
B0952264151952N00049110EA0049100623
B0952274151952N00049110EA0049100623
B0952284151952N00049110EA0049100623
B0952294151952N00049110EA0049100623
B0952304151952N00049110EA0049100623
B0952314151952N00049110EA0049200623
B0952324151952N00049110EA0049200623
B0952334151952N00049110EA0049100623
B0952344151952N00049110EA0049100623
B0952354151952N00049110EA0049100623
B0952364151952N00049110EA0049200623
B0952374151952N00049110EA0049200623
B0952384151952N00049110EA0049100623
B0952394151952N00049110EA0049200623
B0952404151952N00049110EA0049100623
B0952414151952N00049110EA0049100623
B0952424151952N00049110EA0049100623
B0952434151952N00049110EA0049200623
B0952444151952N00049110EA0049200623
B0952454151952N00049110EA0049200623
B0952464151952N00049110EA0049200623
B0952474151952N00049110EA0049100623
B0952484151952N00049110EA0049200623
B0952494151952N00049110EA0049200623
B0952504151952N00049110EA0049200623
B0952514151952N00049110EA0049200623
B0952524151952N00049110EA0049200623
B0952534151952N00049110EA0049200623
B0952544151952N00049110EA0049200623
B0952554151952N00049110EA0049200622
B0952564151952N00049110EA0049100622
B0952574151952N00049110EA0049200622
B0952584151952N00049110EA0049200622
B0952594151952N00049110EA0049200622
B0953004151952N00049110EA0049200622
B0953014151952N00049110EA0049100622
B0953024151952N00049110EA0049100622
B0953034151952N00049110EA0049200622
B0953044151952N00049110EA0049200622
B0953054151952N00049110EA0049100622
B0953064151952N00049110EA0049200622
B0953074151952N00049110EA0049100623
B0953084151952N00049110EA0049100623
B0953094151952N00049110EA0049100623
B0953104151952N00049110EA0049100623
B0953114151952N00049110EA0049100623
B0953124151952N00049110EA0049000623
B0953134151952N00049110EA0049100623
B0953144151952N00049110EA0049100623
B0953154151952N00049110EA0049000623
B0953164151952N00049110EA0049100623
B0953174151952N00049110EA0049100623
B0953184151952N00049110EA0049100623
B0953194151952N00049110EA0049000623
B0953204151952N00049110EA0049100623
B0953214151952N00049110EA0049100623
B0953224151952N00049110EA0049100623
B0953234151952N00049110EA0049100623
B0953244151952N00049110EA0049100623
B0953254151952N00049110EA0049000623
B0953264151952N00049110EA0049000623
B0953274151952N00049110EA0049100623
B0953284151952N00049110EA0049100623
B0953294151952N00049110EA0049100623
B0953304151952N00049110EA0049100623
B0953314151952N00049110EA0049000623
B0953324151952N00049110EA0049100623
B0953334151952N00049110EA0049000623
B0953344151952N00049110EA0049000623
B0953354151952N00049110EA0049100623
B0953364151952N00049110EA0049000623
B0953374151952N00049110EA0049100623
B0953384151952N00049110EA0049100623
B0953394151952N00049110EA0049100623
B0953404151952N00049110EA0049100623
B0953414151952N00049110EA0049100623
B0953424151952N00049110EA0049100623
B0953434151952N00049110EA0049200623
B0953444151952N00049110EA0049100623
B0953454151952N00049110EA0049100623
B0953464151952N00049110EA0049100623
B0953474151952N00049110EA0049100623
B0953484151952N00049110EA0049100623
B0953494151952N00049110EA0049100623
B0953504151952N00049110EA0049200623
B0953514151952N00049110EA0049100623
B0953524151952N00049110EA0049100623
B0953534151952N00049110EA0049100623
B0953544151952N00049110EA0049100623
B0953554151952N00049110EA0049100623
B0953564151952N00049110EA0049100623
B0953574151952N00049110EA0049100623
B0953584151952N00049110EA0049200623
B0953594151952N00049110EA0049000623
B0954004151952N00049110EA0049000623
B0954014151952N00049110EA0049100622
B0954024151952N00049110EA0049100622
B0954034151952N00049110EA0049000622
B0954044151952N00049110EA0049100622
B0954054151952N00049110EA0049000622
B0954064151952N00049110EA0049100622
B0954074151952N00049110EA0049100622
B0954084151952N00049110EA0049100622
B0954094151952N00049110EA0049100622
B0954104151952N00049110EA0049100622
B0954114151952N00049110EA0049100623
B0954124151952N00049110EA0049100623
B0954134151952N00049110EA0049100623
B0954144151952N00049110EA0049100622
B0954154151952N00049110EA0049100623
B0954164151952N00049110EA0049100623
B0954174151952N00049110EA0049100623
B0954184151952N00049110EA0049100623
B0954194151952N00049110EA0049100623
B0954204151952N00049110EA0049100623
B0954214151952N00049110EA0049100623
B0954224151952N00049110EA0049100623
B0954234151952N00049110EA0049100623
B0954244151952N00049110EA0049100623
B0954254151952N00049110EA0049100623
B0954264151952N00049110EA0049100623
B0954274151952N00049110EA0049100623
B0954284151952N00049110EA0049100623
B0954294151952N00049110EA0049100623
B0954304151952N00049110EA0049100623
B0954314151952N00049110EA0049100623
B0954324151952N00049110EA0049000623
B0954334151952N00049110EA0049100623
B0954344151952N00049110EA0049100623
B0954354151952N00049110EA0049000623
B0954364151952N00049110EA0049100623
B0954374151952N00049110EA0049100623
B0954384151952N00049110EA0049100623
B0954394151952N00049110EA0049100623
B0954404151952N00049110EA0049100623
B0954414151952N00049110EA0049000623
B0954424151952N00049110EA0049100623
B0954434151952N00049110EA0049100623
B0954444151952N00049110EA0049100623
B0954454151952N00049110EA0049100623
B0954464151952N00049110EA0049100623
B0954474151952N00049110EA0049100623
B0954484151952N00049110EA0049100623
B0954494151952N00049110EA0049100623
B0954504151952N00049110EA0049100623
B0954514151952N00049110EA0049100623
B0954524151952N00049110EA0049000623
B0954534151952N00049110EA0049100623
B0954544151952N00049110EA0049100623
B0954554151952N00049110EA0049100623
B0954564151952N00049110EA0049100623
B0954574151952N00049110EA0049100623
B0954584151952N00049110EA0049100623
B0954594151952N00049110EA0049100623
B0955004151952N00049110EA0049100623
B0955014151952N00049110EA0049100623
B0955024151952N00049110EA0049100623
B0955034151952N00049110EA0049100623
B0955044151952N00049110EA0049100623
B0955054151952N00049110EA0049100623
B0955064151952N00049110EA0049100623
B0955074151952N00049110EA0049100623
B0955084151952N00049110EA0049100623
B0955094151952N00049110EA0049100623
B0955104151952N00049110EA0049100623
B0955114151952N00049110EA0049100623
B0955124151952N00049110EA0049200623
B0955134151952N00049110EA0049100622
B0955144151952N00049110EA0049100623
B0955154151952N00049110EA0049100622
B0955164151952N00049110EA0049100623
B0955174151952N00049110EA0049100623
B0955184151952N00049110EA0049100623
B0955194151952N00049110EA0049100623
B0955204151952N00049110EA0049100623
B0955214151952N00049110EA0049100623
B0955224151952N00049110EA0049100623
B0955234151952N00049110EA0049100623
B0955244151952N00049110EA0049200623
B0955254151953N00049110EA0049200623
B0955264151953N00049110EA0049200623
B0955274151953N00049110EA0049200623
B0955284151954N00049110EA0049200623
B0955294151954N00049110EA0049100623
B0955304151954N00049110EA0049200623
B0955314151954N00049110EA0049200623
B0955324151954N00049110EA0049300623
B0955334151953N00049110EA0049200624
B0955344151953N00049110EA0049200623
B0955354151953N00049110EA0049100624
B0955364151953N00049110EA0049200624
B0955374151953N00049110EA0049100624
B0955384151953N00049110EA0049400623
B0955394151953N00049110EA0049100623
B0955404151953N00049110EA0049100623
B0955414151953N00049110EA0049100623
B0955424151953N00049110EA0049000623
B0955434151953N00049110EA0049100623
B0955444151953N00049110EA0049100623
B0955454151953N00049110EA0049200623
B0955464151953N00049110EA0049200623
B0955474151953N00049110EA0049200622
B0955484151953N00049110EA0049200622
B0955494151954N00049110EA0049100622
B0955504151954N00049110EA0049200622
B0955514151954N00049110EA0049200622
B0955524151954N00049110EA0049100622
B0955534151954N00049110EA0049100622
B0955544151954N00049110EA0049100622
B0955554151954N00049110EA0049100622
B0955564151954N00049110EA0049100622
B0955574151954N00049110EA0049100622
B0955584151954N00049110EA0049100622
B0955594151954N00049110EA0049100622
B0956004151954N00049110EA0049100621
B0956014151954N00049110EA0049100621
B0956024151954N00049110EA0049100621
B0956034151954N00049110EA0049100621
B0956044151954N00049110EA0049100621
B0956054151954N00049110EA0049100621
B0956064151954N00049110EA0049100621
B0956074151954N00049110EA0049100622
B0956084151954N00049110EA0049100622
B0956094151954N00049110EA0049100622
B0956104151954N00049110EA0049100622
B0956114151954N00049110EA0049200622
B0956124151954N00049110EA0049100622
B0956134151954N00049110EA0049100622
B0956144151954N00049110EA0049100622
B0956154151954N00049110EA0049100622
B0956164151954N00049110EA0049200622
B0956174151954N00049110EA0049100622
B0956184151954N00049110EA0049200622
B0956194151954N00049110EA0049100622
B0956204151954N00049110EA0049100622
B0956214151954N00049110EA0049100622
B0956224151954N00049110EA0049100622
B0956234151954N00049110EA0049100622
B0956244151954N00049110EA0049100622
B0956254151954N00049110EA0049100622
B0956264151954N00049110EA0049200622
B0956274151954N00049110EA0049100622
B0956284151954N00049110EA0049100622
B0956294151954N00049110EA0049200622
B0956304151954N00049110EA0049300622
B0956314151954N00049110EA0049200622
B0956324151954N00049110EA0049100622
B0956334151954N00049110EA0049100622
B0956344151954N00049110EA0049100622
B0956354151954N00049110EA0049100622
B0956364151954N00049110EA0049100622
B0956374151954N00049110EA0049100621
B0956384151954N00049110EA0049100621
B0956394151954N00049110EA0049100621
B0956404151954N00049110EA0049200621
B0956414151954N00049110EA0049100621
B0956424151954N00049110EA0049100621
B0956434151954N00049110EA0049100621
B0956444151954N00049110EA0049100621
B0956454151954N00049110EA0049100621
B0956464151954N00049110EA0049100621
B0956474151954N00049110EA0049100621
B0956484151954N00049110EA0049100621
B0956494151954N00049110EA0049100621
B0956504151954N00049110EA0049100621
B0956514151954N00049110EA0049100621
B0956524151954N00049110EA0049100621
B0956534151954N00049110EA0049100621
B0956544151954N00049110EA0049100621
B0956554151954N00049110EA0049200621
B0956564151954N00049110EA0049100621
B0956574151954N00049110EA0049100621
B0956584151954N00049110EA0049200621
B0956594151954N00049110EA0049200621
B0957004151954N00049110EA0049200621
B0957014151954N00049110EA0049100621
B0957024151954N00049110EA0049100621
B0957034151954N00049110EA0049100621
B0957044151954N00049110EA0049100621
B0957054151953N00049110EA0049200621
B0957064151953N00049110EA0049200621
B0957074151953N00049110EA0049100621
B0957084151953N00049110EA0049100621
B0957094151954N00049110EA0049100620
B0957104151954N00049110EA0049200620
B0957114151954N00049110EA0049200620
B0957124151954N00049111EA0049200620
B0957134151953N00049111EA0049100620
B0957144151953N00049111EA0049100621
B0957154151953N00049111EA0049100621
B0957164151953N00049111EA0049100621
B0957174151953N00049111EA0049100621
B0957184151953N00049111EA0049100621
B0957194151953N00049111EA0049100621
B0957204151953N00049111EA0049200621
B0957214151953N00049111EA0049100621
B0957224151953N00049111EA0049100621
B0957234151953N00049111EA0049100621
B0957244151953N00049111EA0049100621
B0957254151953N00049111EA0049100621
B0957264151953N00049111EA0049100621
B0957274151953N00049111EA0049100621
B0957284151953N00049111EA0049100621
B0957294151953N00049111EA0049100621
B0957304151953N00049111EA0049100621
B0957314151953N00049111EA0049100621
B0957324151953N00049111EA0049100621
B0957334151953N00049111EA0049100621
B0957344151953N00049111EA0049100621
B0957354151953N00049111EA0049100621
B0957364151953N00049111EA0049100621
B0957374151953N00049111EA0049200621
B0957384151953N00049111EA0049200621
B0957394151953N00049111EA0049100622
B0957404151953N00049111EA0049100622
B0957414151953N00049111EA0049100622
B0957424151953N00049111EA0049100622
B0957434151953N00049111EA0049200622
B0957444151953N00049111EA0049200622
B0957454151953N00049111EA0049100622
B0957464151953N00049111EA0049200622
B0957474151953N00049111EA0049100622
B0957484151953N00049111EA0049100622
B0957494151953N00049111EA0049100622
B0957504151953N00049111EA0049200622
B0957514151953N00049111EA0049100622
B0957524151953N00049111EA0049200622
B0957534151953N00049111EA0049200622
B0957544151953N00049111EA0049200622
B0957554151953N00049111EA0049200623
B0957564151953N00049111EA0049200623
B0957574151953N00049111EA0049200623
B0957584151953N00049111EA0049200623
B0957594151953N00049111EA0049200623
B0958004151953N00049111EA0049200623
B0958014151953N00049111EA0049200623
B0958024151953N00049111EA0049200623
B0958034151953N00049111EA0049100622
B0958044151953N00049111EA0049100622
B0958054151953N00049111EA0049100622
B0958064151953N00049111EA0049200622
B0958074151953N00049111EA0049200622
B0958084151953N00049111EA0049200622
B0958094151953N00049111EA0049200622
B0958104151953N00049111EA0049200622
B0958114151953N00049111EA0049200622
B0958124151953N00049111EA0049200622
B0958134151953N00049111EA0049200622
B0958144151953N00049111EA0049200622
B0958154151953N00049111EA0049100622
B0958164151953N00049111EA0049200622
B0958174151953N00049111EA0049200622
B0958184151953N00049111EA0049200622
B0958194151953N00049111EA0049200622
B0958204151953N00049111EA0049200622
B0958214151953N00049111EA0049200622
B0958224151953N00049111EA0049100622
B0958234151953N00049111EA0049100622
B0958244151953N00049111EA0049200622
B0958254151953N00049111EA0049100622
B0958264151953N00049111EA0049100622
B0958274151953N00049111EA0049200622
B0958284151953N00049111EA0049200622
B0958294151953N00049111EA0049200622
B0958304151953N00049111EA0049100622
B0958314151953N00049111EA0049200622
B0958324151953N00049111EA0049200622
B0958334151953N00049111EA0049200622
B0958344151953N00049111EA0049200622
B0958354151953N00049111EA0049200622
B0958364151953N00049111EA0049200622
B0958374151953N00049111EA0049100622
B0958384151953N00049111EA0049100622
B0958394151953N00049111EA0049200622
B0958404151953N00049111EA0049200622
B0958414151953N00049111EA0049200622
B0958424151953N00049111EA0049200622
B0958434151953N00049111EA0049100622
B0958444151953N00049111EA0049200622
B0958454151953N00049111EA0049200622
B0958464151953N00049111EA0049200622
B0958474151953N00049111EA0049100622
B0958484151953N00049111EA0049200622
B0958494151953N00049111EA0049200622
B0958504151953N00049111EA0049200622
B0958514151953N00049111EA0049200622
B0958524151953N00049111EA0049200622
B0958534151953N00049111EA0049200622
B0958544151953N00049111EA0049200622
B0958554151953N00049111EA0049100622
B0958564151953N00049111EA0049100622
B0958574151953N00049111EA0049200622
B0958584151953N00049111EA0049100622
B0958594151953N00049111EA0049200622
B0959004151953N00049111EA0049200622
B0959014151953N00049111EA0049200622
B0959024151953N00049111EA0049200622
B0959034151953N00049111EA0049200622
B0959044151953N00049111EA0049200622
B0959054151953N00049111EA0049200622
B0959064151953N00049111EA0049200622
B0959074151953N00049111EA0049200622
B0959084151953N00049111EA0049200622
B0959094151953N00049111EA0049200622
B0959104151953N00049111EA0049200622
B0959114151953N00049111EA0049200622
B0959124151953N00049111EA0049200622
B0959134151953N00049111EA0049200622
B0959144151953N00049111EA0049200622
B0959154151953N00049111EA0049100622
B0959164151953N00049111EA0049100622
B0959174151953N00049111EA0049100622
B0959184151953N00049111EA0049100622
B0959194151953N00049111EA0049100622
B0959204151953N00049111EA0049100622
B0959214151953N00049111EA0049200622
B0959224151953N00049111EA0049100622
B0959234151953N00049111EA0049100622
B0959244151953N00049111EA0049100622
B0959254151953N00049111EA0049200622
B0959264151953N00049111EA0049100622
B0959274151953N00049111EA0049200622
B0959284151953N00049111EA0049200622
B0959294151953N00049111EA0049200622
B0959304151953N00049111EA0049100622
B0959314151953N00049111EA0049200622
B0959324151953N00049111EA0049200622
B0959334151953N00049111EA0049200622
B0959344151953N00049111EA0049200622
B0959354151953N00049111EA0049100622
B0959364151953N00049111EA0049100622
B0959374151953N00049111EA0049200622
B0959384151953N00049111EA0049100622
B0959394151953N00049111EA0049100622
B0959404151953N00049111EA0049200622
B0959414151953N00049111EA0049100622
B0959424151953N00049111EA0049200622
B0959434151953N00049111EA0049100622
B0959444151953N00049111EA0049100622
B0959454151953N00049111EA0049200622
B0959464151953N00049111EA0049100622
B0959474151953N00049111EA0049100622
B0959484151953N00049111EA0049200622
B0959494151953N00049111EA0049200622
B0959504151953N00049111EA0049100622
B0959514151953N00049111EA0049200622
B0959524151953N00049111EA0049200622
B0959534151953N00049111EA0049200622
B0959544151953N00049111EA0049100622
B0959554151953N00049111EA0049200621
B0959564151953N00049111EA0049100621
B0959574151953N00049111EA0049100622
B0959584151953N00049111EA0049200622
B0959594151953N00049111EA0049200622
B1000004151953N00049111EA0049200622
B1000014151953N00049111EA0049200622
B1000024151953N00049111EA0049200622
B1000034151953N00049111EA0049200622
B1000044151953N00049111EA0049200622
B1000054151953N00049111EA0049200622
B1000064151953N00049111EA0049200622
B1000074151953N00049111EA0049200622
B1000084151953N00049111EA0049200622
B1000094151953N00049111EA0049200622
B1000104151953N00049111EA0049200622
B1000114151953N00049111EA0049200622
B1000124151953N00049111EA0049200622
B1000134151953N00049111EA0049200622
B1000144151953N00049111EA0049200622
B1000154151953N00049111EA0049200622
B1000164151953N00049111EA0049200622
B1000174151953N00049111EA0049200622
B1000184151953N00049111EA0049200622
B1000194151953N00049111EA0049200622
B1000204151953N00049111EA0049200622
B1000214151953N00049111EA0049200622
B1000224151953N00049111EA0049200622
B1000234151953N00049111EA0049200622
B1000244151953N00049111EA0049200621
B1000254151953N00049111EA0049200621
B1000264151953N00049111EA0049100622
B1000274151953N00049111EA0049100621
B1000284151953N00049111EA0049200621
B1000294151953N00049111EA0049200621
B1000304151953N00049111EA0049200621
B1000314151953N00049111EA0049100621
B1000324151953N00049111EA0049200621
B1000334151953N00049111EA0049200621
B1000344151953N00049111EA0049200621
B1000354151953N00049111EA0049200621
B1000364151953N00049111EA0049200621
B1000374151953N00049111EA0049200621
B1000384151953N00049111EA0049200621
B1000394151953N00049111EA0049100621
B1000404151953N00049111EA0049200621
B1000414151953N00049111EA0049100621
B1000424151953N00049111EA0049200621
B1000434151953N00049111EA0049200621
B1000444151953N00049111EA0049200621
B1000454151953N00049111EA0049200621
B1000464151953N00049111EA0049200621
B1000474151953N00049111EA0049100621
B1000484151953N00049111EA0049100621
B1000494151953N00049111EA0049100621
B1000504151953N00049111EA0049100621
B1000514151953N00049111EA0049200621
B1000524151953N00049111EA0049100621
B1000534151954N00049111EA0049200621
B1000544151954N00049111EA0049100621
B1000554151954N00049111EA0049200621
B1000564151954N00049111EA0049200621
B1000574151954N00049111EA0049100621
B1000584151954N00049111EA0049200621
B1000594151954N00049111EA0049100621
B1001004151954N00049111EA0049100621
B1001014151954N00049111EA0049200621
B1001024151954N00049111EA0049100621
B1001034151954N00049111EA0049100621
B1001044151954N00049111EA0049100621
B1001054151954N00049111EA0049100621
B1001064151954N00049111EA0049200621
B1001074151954N00049111EA0049100621
B1001084151954N00049111EA0049200621
B1001094151954N00049111EA0049200621
B1001104151954N00049111EA0049100621
B1001114151954N00049111EA0049100621
B1001124151954N00049111EA0049200621
B1001134151954N00049111EA0049100621
B1001144151954N00049111EA0049200621
B1001154151954N00049111EA0049200621
B1001164151954N00049111EA0049100621
B1001174151954N00049111EA0049100621
B1001184151954N00049111EA0049100621
B1001194151954N00049111EA0049100621
B1001204151954N00049111EA0049100621
B1001214151954N00049111EA0049100621
B1001224151953N00049111EA0049100621
B1001234151953N00049111EA0049100621
B1001244151953N00049111EA0049100621
B1001254151954N00049111EA0049200621
B1001264151953N00049111EA0049100621
B1001274151953N00049111EA0049100621
B1001284151953N00049111EA0049100621
B1001294151953N00049111EA0049100621
B1001304151953N00049111EA0049200621
B1001314151953N00049111EA0049200622
B1001324151953N00049111EA0049100622
B1001334151953N00049111EA0049200622
B1001344151953N00049111EA0049100622
B1001354151953N00049111EA0049200622
B1001364151953N00049111EA0049100622
B1001374151953N00049111EA0049200622
B1001384151953N00049111EA0049200622
B1001394151953N00049111EA0049200622
B1001404151953N00049111EA0049200622
B1001414151953N00049111EA0049200622
B1001424151953N00049111EA0049200622
B1001434151953N00049111EA0049200622
B1001444151953N00049111EA0049100622
B1001454151953N00049111EA0049100622
B1001464151953N00049111EA0049200622
B1001474151953N00049111EA0049200622
B1001484151953N00049111EA0049200622
B1001494151953N00049111EA0049200622
B1001504151953N00049111EA0049200622
B1001514151953N00049111EA0049300622
B1001524151953N00049111EA0049200622
B1001534151953N00049111EA0049200622
B1001544151954N00049111EA0049200622
B1001554151953N00049111EA0049200622
B1001564151953N00049111EA0049200622
B1001574151954N00049111EA0049200622
B1001584151954N00049111EA0049200622
B1001594151954N00049111EA0049200622
B1002004151954N00049111EA0049200622
B1002014151954N00049111EA0049200622
B1002024151954N00049111EA0049200622
B1002034151954N00049111EA0049200622
B1002044151954N00049111EA0049100622
B1002054151954N00049111EA0049200622
B1002064151954N00049111EA0049200622
B1002074151954N00049111EA0049200622
B1002084151954N00049111EA0049200622
B1002094151954N00049111EA0049200622
B1002104151954N00049111EA0049200622
B1002114151954N00049111EA0049200622
B1002124151954N00049111EA0049200622
B1002134151954N00049111EA0049200621
B1002144151954N00049111EA0049200621
B1002154151954N00049111EA0049200621
B1002164151954N00049111EA0049200621
B1002174151954N00049111EA0049200621
B1002184151954N00049111EA0049200621
B1002194151954N00049111EA0049200621
B1002204151954N00049111EA0049200621
B1002214151954N00049111EA0049200621
B1002224151954N00049111EA0049100621
B1002234151954N00049111EA0049200621
B1002244151954N00049111EA0049200621
B1002254151954N00049111EA0049200621
B1002264151954N00049111EA0049200621
B1002274151954N00049111EA0049200621
B1002284151954N00049111EA0049100621
B1002294151954N00049111EA0049100621
B1002304151954N00049111EA0049200621
B1002314151954N00049111EA0049200621
B1002324151954N00049111EA0049200621
B1002334151954N00049111EA0049100621
B1002344151954N00049111EA0049100621
B1002354151954N00049111EA0049100621
B1002364151954N00049111EA0049200621
B1002374151954N00049111EA0049100621
B1002384151954N00049111EA0049100621
B1002394151954N00049111EA0049200621
B1002404151954N00049111EA0049100621
B1002414151954N00049111EA0049200621
B1002424151954N00049111EA0049100621
B1002434151954N00049111EA0049100621
B1002444151954N00049111EA0049100621
B1002454151954N00049111EA0049100621
B1002464151954N00049111EA0049200621
B1002474151954N00049111EA0049200621
B1002484151954N00049111EA0049200621
B1002494151954N00049111EA0049200621
B1002504151954N00049111EA0049200621
B1002514151954N00049111EA0049200621
B1002524151954N00049111EA0049100621
B1002534151954N00049111EA0049200621
B1002544151954N00049111EA0049200621
B1002554151954N00049111EA0049200621
B1002564151954N00049111EA0049100621
B1002574151954N00049111EA0049100621
B1002584151954N00049111EA0049200621
B1002594151954N00049111EA0049200621
B1003004151954N00049111EA0049100621
B1003014151954N00049111EA0049100621
B1003024151954N00049111EA0049100621
B1003034151954N00049111EA0049100621
B1003044151954N00049111EA0049100621
B1003054151954N00049111EA0049100621
B1003064151954N00049111EA0049100621
B1003074151954N00049111EA0049100621
B1003084151954N00049111EA0049100621
B1003094151954N00049111EA0049200621
B1003104151954N00049111EA0049200621
B1003114151954N00049111EA0049200621
B1003124151954N00049111EA0049100621
B1003134151954N00049111EA0049200621
B1003144151954N00049111EA0049200621
B1003154151954N00049111EA0049100621
B1003164151954N00049111EA0049200621
B1003174151954N00049111EA0049100622
B1003184151954N00049111EA0049200622
B1003194151954N00049111EA0049200622
B1003204151954N00049111EA0049100622
B1003214151954N00049111EA0049100622
B1003224151954N00049111EA0049100622
B1003234151954N00049111EA0049100622
B1003244151954N00049111EA0049100622
B1003254151954N00049111EA0049100622
B1003264151954N00049111EA0049100622
B1003274151954N00049111EA0049100622
B1003284151954N00049111EA0049100622
B1003294151954N00049111EA0049200622
B1003304151954N00049111EA0049100622
B1003314151954N00049111EA0049100622
B1003324151954N00049111EA0049100622
B1003334151954N00049111EA0049100622
B1003344151954N00049111EA0049100622
B1003354151954N00049111EA0049100622
B1003364151954N00049111EA0049100622
B1003374151954N00049111EA0049100622
B1003384151954N00049111EA0049200622
B1003394151954N00049111EA0049100622
B1003404151954N00049111EA0049100622
B1003414151954N00049111EA0049100622
B1003424151954N00049111EA0049100622
B1003434151954N00049111EA0049200622
B1003444151954N00049111EA0049100622
B1003454151954N00049111EA0049100622
B1003464151954N00049111EA0049100622
B1003474151954N00049111EA0049100622
B1003484151954N00049111EA0049100622
B1003494151954N00049111EA0049100622
B1003504151954N00049111EA0049200622
B1003514151954N00049111EA0049200622
B1003524151954N00049111EA0049200622
B1003534151954N00049111EA0049100622
B1003544151954N00049111EA0049100622
B1003554151954N00049111EA0049100622
B1003564151954N00049111EA0049100622
B1003574151954N00049111EA0049100622
B1003584151954N00049111EA0049100622
B1003594151954N00049111EA0049200622
B1004004151954N00049111EA0049200622
B1004014151954N00049111EA0049200622
B1004024151954N00049111EA0049200622
B1004034151954N00049111EA0049200622
B1004044151954N00049111EA0049200622
B1004054151954N00049111EA0049100622
B1004064151954N00049111EA0049200622
B1004074151954N00049111EA0049100622
B1004084151954N00049111EA0049200622
B1004094151954N00049111EA0049200622
B1004104151954N00049111EA0049200622
B1004114151954N00049111EA0049200622
B1004124151954N00049111EA0049200622
B1004134151954N00049111EA0049200622
B1004144151954N00049111EA0049200622
B1004154151954N00049111EA0049200622
B1004164151954N00049111EA0049200622
B1004174151954N00049111EA0049200622
B1004184151954N00049111EA0049200622
B1004194151954N00049111EA0049200622
B1004204151954N00049111EA0049200622
B1004214151954N00049111EA0049200622
B1004224151954N00049111EA0049200622
B1004234151954N00049111EA0049200622
B1004244151954N00049111EA0049200621
B1004254151954N00049111EA0049200621
B1004264151954N00049111EA0049200621
B1004274151954N00049111EA0049200622
B1004284151954N00049111EA0049200621
B1004294151954N00049111EA0049200622
B1004304151954N00049111EA0049200622
B1004314151954N00049111EA0049200622
B1004324151954N00049111EA0049200622
B1004334151953N00049111EA0049200622
B1004344151953N00049111EA0049200622
B1004354151953N00049111EA0049100622
B1004364151953N00049111EA0049100622
B1004374151953N00049111EA0049100622
B1004384151953N00049111EA0049100622
B1004394151953N00049111EA0049100622
B1004404151953N00049111EA0049200622
B1004414151953N00049111EA0049100622
B1004424151953N00049111EA0049100622
B1004434151953N00049111EA0049100622
B1004444151953N00049111EA0049100622
B1004454151953N00049111EA0049100622
B1004464151953N00049111EA0049100622
B1004474151953N00049111EA0049100622
B1004484151953N00049111EA0049100622
B1004494151953N00049111EA0049100622
B1004504151953N00049111EA0049100622
B1004514151953N00049111EA0049100622
B1004524151953N00049111EA0049100622
B1004534151953N00049111EA0049200622
B1004544151953N00049111EA0049200622
B1004554151953N00049111EA0049100622
B1004564151953N00049111EA0049200622
B1004574151953N00049111EA0049200622
B1004584151953N00049111EA0049200622
B1004594151953N00049111EA0049100622
B1005004151953N00049111EA0049100622
B1005014151953N00049111EA0049100622
B1005024151953N00049111EA0049200622
B1005034151953N00049111EA0049100622
B1005044151953N00049111EA0049200622
B1005054151953N00049111EA0049100622
B1005064151953N00049111EA0049200622
B1005074151953N00049111EA0049100622
B1005084151953N00049111EA0049100622
B1005094151953N00049111EA0049200622
B1005104151953N00049110EA0049100622
B1005114151953N00049110EA0049100622
B1005124151953N00049110EA0049100622
B1005134151953N00049110EA0049100622
B1005144151953N00049110EA0049100622
B1005154151953N00049110EA0049200622
B1005164151953N00049110EA0049100622
B1005174151953N00049110EA0049100622
B1005184151953N00049110EA0049100622
B1005194151953N00049110EA0049200622
B1005204151953N00049110EA0049100622
B1005214151953N00049110EA0049200622
B1005224151953N00049110EA0049200622
B1005234151953N00049110EA0049100622
B1005244151953N00049110EA0049200622
B1005254151953N00049110EA0049200622
B1005264151953N00049110EA0049200622
B1005274151953N00049110EA0049200622
B1005284151953N00049110EA0049200623
B1005294151953N00049110EA0049200623
B1005304151953N00049110EA0049100623
B1005314151953N00049110EA0049200623
B1005324151953N00049110EA0049100623
B1005334151953N00049110EA0049100623
B1005344151953N00049110EA0049200623
B1005354151953N00049110EA0049100623
B1005364151953N00049110EA0049100623
B1005374151953N00049110EA0049200623
B1005384151953N00049110EA0049200623
B1005394151953N00049111EA0049200623
B1005404151953N00049111EA0049200623
B1005414151953N00049111EA0049200623
B1005424151953N00049111EA0049200623
B1005434151953N00049111EA0049100623
B1005444151953N00049111EA0049200623
B1005454151953N00049111EA0049200623
B1005464151953N00049111EA0049200623
B1005474151953N00049111EA0049200623
B1005484151953N00049111EA0049100623
B1005494151953N00049111EA0049200623
B1005504151953N00049111EA0049100623
B1005514151953N00049111EA0049100623
B1005524151953N00049111EA0049100623
B1005534151953N00049111EA0049100623
B1005544151953N00049111EA0049100623
B1005554151953N00049111EA0049100623
B1005564151953N00049111EA0049100623
B1005574151953N00049111EA0049100623
B1005584151953N00049111EA0049100623
B1005594151953N00049111EA0049100623
B1006004151953N00049111EA0049100623
B1006014151953N00049111EA0049100623
B1006024151953N00049111EA0049100623
B1006034151953N00049111EA0049200623
B1006044151953N00049111EA0049100623
B1006054151953N00049111EA0049200623
B1006064151953N00049111EA0049200623
B1006074151953N00049111EA0049100623
B1006084151953N00049111EA0049100623
B1006094151953N00049111EA0049200623
B1006104151953N00049111EA0049100623
B1006114151953N00049111EA0049200623
B1006124151953N00049111EA0049100623
B1006134151953N00049111EA0049200623
B1006144151953N00049111EA0049200623
B1006154151953N00049111EA0049100623
B1006164151953N00049111EA0049200623
B1006174151953N00049111EA0049100623
B1006184151953N00049111EA0049100623
B1006194151953N00049111EA0049100623
B1006204151953N00049111EA0049100623
B1006214151953N00049111EA0049100623
B1006224151953N00049111EA0049200623
B1006234151953N00049111EA0049200623
B1006244151953N00049111EA0049200623
B1006254151953N00049111EA0049200623
B1006264151953N00049111EA0049200623
B1006274151953N00049111EA0049200624
B1006284151953N00049111EA0049200624
B1006294151953N00049111EA0049200624
B1006304151953N00049111EA0049100624
B1006314151953N00049111EA0049200624
B1006324151953N00049111EA0049200624
B1006334151953N00049111EA0049200624
B1006344151953N00049111EA0049200624
B1006354151953N00049111EA0049100624
B1006364151953N00049111EA0049200624
B1006374151953N00049111EA0049200624
B1006384151953N00049111EA0049200624
B1006394151953N00049111EA0049200624
B1006404151953N00049111EA0049200624
B1006414151953N00049111EA0049200624
B1006424151953N00049111EA0049200624
B1006434151953N00049111EA0049200624
B1006444151953N00049111EA0049200624
B1006454151953N00049111EA0049100624
B1006464151953N00049111EA0049100624
B1006474151953N00049111EA0049100624
B1006484151953N00049111EA0049200624
B1006494151953N00049111EA0049200624
B1006504151953N00049111EA0049200624
B1006514151953N00049111EA0049200624
B1006524151953N00049111EA0049200624
B1006534151953N00049111EA0049200624
B1006544151953N00049111EA0049100624
B1006554151953N00049111EA0049200624
B1006564151953N00049111EA0049200624
B1006574151953N00049111EA0049200624
B1006584151953N00049111EA0049200624
B1006594151953N00049111EA0049200624
B1007004151953N00049111EA0049200624
B1007014151953N00049111EA0049100624
B1007024151953N00049111EA0049100624
B1007034151953N00049111EA0049200624
B1007044151953N00049111EA0049200624
B1007054151953N00049111EA0049200624
B1007064151953N00049110EA0049200624
B1007074151953N00049110EA0049200624
B1007084151953N00049110EA0049200624
B1007094151953N00049110EA0049200624
B1007104151953N00049110EA0049100623
B1007114151953N00049110EA0049200623
B1007124151953N00049110EA0049200623
B1007134151953N00049110EA0049200623
B1007144151953N00049110EA0049200623
B1007154151953N00049110EA0049200623
B1007164151953N00049110EA0049200623
B1007174151953N00049110EA0049200623
B1007184151953N00049110EA0049200623
B1007194151953N00049110EA0049200623
B1007204151953N00049110EA0049200623
B1007214151953N00049110EA0049200623
B1007224151953N00049110EA0049200623
B1007234151953N00049110EA0049200623
B1007244151953N00049110EA0049200623
B1007254151953N00049110EA0049200623
B1007264151953N00049110EA0049100623
B1007274151953N00049110EA0049200623
B1007284151953N00049110EA0049100623
B1007294151953N00049110EA0049100623
B1007304151953N00049110EA0049100623
B1007314151953N00049110EA0049200623
B1007324151953N00049110EA0049100623
B1007334151953N00049110EA0049200623
B1007344151953N00049110EA0049200623
B1007354151953N00049110EA0049200623
B1007364151953N00049110EA0049200623
B1007374151953N00049110EA0049200623
B1007384151953N00049110EA0049100623
B1007394151953N00049110EA0049100623
B1007404151953N00049110EA0049100623
B1007414151953N00049110EA0049100623
B1007424151953N00049110EA0049100623
B1007434151953N00049110EA0049100623
B1007444151953N00049110EA0049200623
B1007454151953N00049110EA0049100623
B1007464151953N00049110EA0049200623
B1007474151953N00049110EA0049200623
B1007484151953N00049110EA0049200623
B1007494151953N00049110EA0049100623
B1007504151953N00049110EA0049100623
B1007514151953N00049110EA0049100623
B1007524151953N00049110EA0049200623
B1007534151953N00049110EA0049200623
B1007544151953N00049110EA0049100623
B1007554151953N00049111EA0049200623
B1007564151953N00049111EA0049100623
B1007574151953N00049111EA0049200623
B1007584151953N00049111EA0049100623
B1007594151953N00049111EA0049100623
B1008004151953N00049111EA0049200623
B1008014151953N00049111EA0049200623
B1008024151953N00049111EA0049200623
B1008034151953N00049111EA0049200623
B1008044151953N00049111EA0049100623
B1008054151953N00049111EA0049100623
B1008064151953N00049111EA0049200623
B1008074151953N00049111EA0049200623
B1008084151953N00049111EA0049200623
B1008094151953N00049111EA0049200623
B1008104151953N00049111EA0049200623
B1008114151953N00049111EA0049200623
B1008124151953N00049111EA0049200624
B1008134151953N00049111EA0049200624
B1008144151953N00049111EA0049100624
B1008154151953N00049111EA0049200624
B1008164151953N00049111EA0049200624
B1008174151953N00049111EA0049200624
B1008184151953N00049111EA0049100624
B1008194151953N00049111EA0049200624
B1008204151953N00049111EA0049100624
B1008214151953N00049111EA0049200624
B1008224151953N00049111EA0049200624
B1008234151953N00049111EA0049100624
B1008244151953N00049111EA0049200624
B1008254151953N00049111EA0049100624
B1008264151953N00049111EA0049100624
B1008274151953N00049111EA0049100624
B1008284151953N00049111EA0049200624
B1008294151953N00049111EA0049200624
B1008304151953N00049111EA0049100624
B1008314151953N00049111EA0049100624
B1008324151953N00049111EA0049100624
B1008334151953N00049111EA0049200624
B1008344151953N00049111EA0049200624
B1008354151953N00049111EA0049200624
B1008364151953N00049111EA0049100624
B1008374151953N00049111EA0049200624
B1008384151953N00049111EA0049100624
B1008394151953N00049111EA0049100624
B1008404151953N00049111EA0049200624
B1008414151953N00049111EA0049200624
B1008424151953N00049111EA0049200624
B1008434151953N00049111EA0049200624
B1008444151953N00049111EA0049200624
B1008454151953N00049111EA0049100624
B1008464151953N00049111EA0049200624
B1008474151953N00049111EA0049100624
B1008484151953N00049111EA0049100624
B1008494151953N00049111EA0049100624
B1008504151953N00049111EA0049200624
B1008514151953N00049111EA0049200624
B1008524151953N00049111EA0049100624
B1008534151953N00049111EA0049200624
B1008544151953N00049111EA0049200624
B1008554151953N00049111EA0049100624
B1008564151953N00049111EA0049100624
B1008574151953N00049111EA0049200624
B1008584151953N00049111EA0049100624
B1008594151953N00049111EA0049200624
B1009004151953N00049111EA0049100624
B1009014151953N00049111EA0049100624
B1009024151953N00049111EA0049100624
B1009034151953N00049111EA0049100624
B1009044151953N00049111EA0049200624
B1009054151953N00049111EA0049100624
B1009064151953N00049111EA0049200624
B1009074151953N00049111EA0049100624
B1009084151953N00049111EA0049100624
B1009094151953N00049111EA0049100624
B1009104151953N00049111EA0049100624
B1009114151953N00049111EA0049100624
B1009124151953N00049111EA0049100624
B1009134151953N00049111EA0049100624
B1009144151953N00049111EA0049100624
B1009154151953N00049111EA0049100624
B1009164151953N00049111EA0049200624
B1009174151953N00049111EA0049100624
B1009184151953N00049111EA0049100624
B1009194151953N00049111EA0049100624
B1009204151953N00049111EA0049100624
B1009214151953N00049111EA0049100624
B1009224151953N00049111EA0049100624
B1009234151953N00049111EA0049100624
B1009244151953N00049111EA0049200624
B1009254151953N00049111EA0049100624
B1009264151953N00049111EA0049100624
B1009274151953N00049111EA0049200624
B1009284151953N00049111EA0049100624
B1009294151953N00049111EA0049100624
B1009304151953N00049111EA0049100624
B1009314151953N00049111EA0049100624
B1009324151953N00049111EA0049200624
B1009334151953N00049111EA0049100624
B1009344151953N00049111EA0049100624
B1009354151953N00049111EA0049100624
B1009364151953N00049111EA0049200624
B1009374151953N00049111EA0049100624
B1009384151953N00049111EA0049200624
B1009394151953N00049111EA0049200624
B1009404151953N00049111EA0049200624
B1009414151953N00049111EA0049200624
B1009424151953N00049111EA0049100624
B1009434151953N00049111EA0049100624
B1009444151953N00049111EA0049100624
B1009454151953N00049111EA0049100624
B1009464151953N00049111EA0049000624
B1009474151953N00049111EA0049100624
B1009484151953N00049111EA0049100624
B1009494151953N00049111EA0049100624
B1009504151953N00049111EA0049100624
B1009514151953N00049111EA0049200624
B1009524151953N00049111EA0049100624
B1009534151953N00049111EA0049100624
B1009544151953N00049111EA0049100623
B1009554151953N00049111EA0049200623
B1009564151953N00049111EA0049200623
B1009574151953N00049110EA0049200623
B1009584151953N00049110EA0049200623
B1009594151953N00049110EA0049100623
B1010004151953N00049110EA0049200623
B1010014151953N00049110EA0049200623
B1010024151953N00049110EA0049100623
B1010034151953N00049110EA0049200623
B1010044151953N00049110EA0049100623
B1010054151953N00049110EA0049100623
B1010064151953N00049110EA0049200623
B1010074151953N00049110EA0049100623
B1010084151953N00049110EA0049100623
B1010094151953N00049110EA0049200623
B1010104151953N00049110EA0049100623
B1010114151953N00049110EA0049100623
B1010124151953N00049110EA0049100623
B1010134151953N00049110EA0049100623
B1010144151953N00049110EA0049100623
B1010154151953N00049110EA0049100623
B1010164151953N00049110EA0049100623
B1010174151953N00049110EA0049200623
B1010184151953N00049110EA0049100623
B1010194151953N00049110EA0049200623
B1010204151953N00049110EA0049100623
B1010214151953N00049110EA0049100623
B1010224151953N00049110EA0049100623
B1010234151953N00049110EA0049100623
B1010244151953N00049110EA0049100623
B1010254151953N00049110EA0049100623
B1010264151953N00049110EA0049200623
B1010274151953N00049110EA0049200623
B1010284151953N00049110EA0049200623
B1010294151953N00049110EA0049100623
B1010304151953N00049110EA0049200623
B1010314151953N00049110EA0049200624
B1010324151953N00049110EA0049100624
B1010334151953N00049110EA0049200624
B1010344151953N00049110EA0049200624
B1010354151953N00049110EA0049200624
B1010364151953N00049110EA0049200624
B1010374151953N00049110EA0049100624
B1010384151953N00049110EA0049100624
B1010394151953N00049110EA0049200624
B1010404151953N00049110EA0049200624
B1010414151953N00049110EA0049200624
B1010424151953N00049110EA0049200624
B1010434151953N00049110EA0049200624
B1010444151953N00049110EA0049100624
B1010454151953N00049111EA0049200624
B1010464151953N00049111EA0049200624
B1010474151953N00049111EA0049200624
B1010484151953N00049111EA0049200624
B1010494151953N00049111EA0049200624
B1010504151953N00049111EA0049200624
B1010514151953N00049111EA0049200624
B1010524151953N00049111EA0049200624
B1010534151953N00049111EA0049200624
B1010544151953N00049111EA0049200624
B1010554151953N00049111EA0049200624
B1010564151953N00049111EA0049200624
B1010574151953N00049111EA0049200624
B1010584151953N00049111EA0049200624
B1010594151953N00049111EA0049200624
B1011004151953N00049111EA0049200624
B1011014151953N00049111EA0049200624
B1011024151953N00049111EA0049200624
B1011034151953N00049111EA0049200624
B1011044151953N00049111EA0049100624
B1011054151953N00049111EA0049200624
B1011064151953N00049111EA0049100624
B1011074151953N00049111EA0049200624
B1011084151953N00049111EA0049100624
B1011094151953N00049111EA0049200624
B1011104151953N00049111EA0049200624
B1011114151953N00049111EA0049200624
B1011124151953N00049111EA0049200623
B1011134151953N00049111EA0049200623
B1011144151953N00049111EA0049100623
B1011154151953N00049110EA0049200623
B1011164151953N00049110EA0049100623
B1011174151953N00049110EA0049200623
B1011184151953N00049110EA0049100623
B1011194151953N00049110EA0049200623
B1011204151953N00049110EA0049100623
B1011214151953N00049110EA0049100623
B1011224151953N00049110EA0049100623
B1011234151953N00049110EA0049100623
B1011244151953N00049110EA0049100623
B1011254151953N00049110EA0049200623
B1011264151953N00049110EA0049100623
B1011274151953N00049110EA0049100623
B1011284151953N00049110EA0049200623
B1011294151953N00049110EA0049200623
B1011304151953N00049110EA0049200623
B1011314151953N00049110EA0049200623
B1011324151953N00049110EA0049200623
B1011334151953N00049110EA0049100623
B1011344151953N00049110EA0049100623
B1011354151953N00049110EA0049100623
B1011364151953N00049110EA0049100623
B1011374151953N00049110EA0049200623
B1011384151953N00049110EA0049100623
B1011394151953N00049110EA0049100623
B1011404151953N00049110EA0049100623
B1011414151953N00049110EA0049200623
B1011424151953N00049110EA0049100623
B1011434151953N00049110EA0049200623
B1011444151953N00049110EA0049200623
B1011454151953N00049110EA0049200623
B1011464151953N00049110EA0049100623
B1011474151953N00049110EA0049100623
B1011484151953N00049110EA0049100623
B1011494151953N00049110EA0049100623
B1011504151953N00049110EA0049100623
B1011514151953N00049110EA0049100623
B1011524151953N00049110EA0049100623
B1011534151953N00049110EA0049100623
B1011544151953N00049110EA0049200623
B1011554151953N00049110EA0049100623
B1011564151953N00049110EA0049100623
B1011574151953N00049110EA0049100623
B1011584151953N00049110EA0049100623
B1011594151953N00049110EA0049200624
B1012004151953N00049110EA0049100624
B1012014151953N00049110EA0049100624
B1012024151953N00049110EA0049200624
B1012034151953N00049110EA0049200624
B1012044151953N00049110EA0049200624
B1012054151953N00049110EA0049100624
B1012064151953N00049110EA0049200624
B1012074151953N00049110EA0049100624
B1012084151953N00049110EA0049100624
B1012094151953N00049110EA0049100624
B1012104151953N00049110EA0049200624
B1012114151953N00049110EA0049200624
B1012124151953N00049110EA0049200624
B1012134151953N00049110EA0049200624
B1012144151953N00049110EA0049200624
B1012154151953N00049110EA0049100624
B1012164151953N00049110EA0049200624
B1012174151953N00049110EA0049200624
B1012184151953N00049110EA0049100624
B1012194151953N00049110EA0049100624
B1012204151953N00049110EA0049200624
B1012214151953N00049110EA0049100624
B1012224151953N00049110EA0049100624
B1012234151953N00049110EA0049200624
B1012244151953N00049110EA0049100624
B1012254151953N00049110EA0049100624
B1012264151953N00049110EA0049100624
B1012274151953N00049110EA0049100624
B1012284151953N00049110EA0049100624
B1012294151953N00049110EA0049100624
B1012304151953N00049110EA0049200624
B1012314151953N00049110EA0049100624
B1012324151953N00049110EA0049200624
B1012334151953N00049110EA0049200624
B1012344151953N00049110EA0049200624
B1012354151953N00049110EA0049200624
B1012364151953N00049110EA0049200624
B1012374151953N00049110EA0049200624
B1012384151953N00049110EA0049100624
B1012394151953N00049110EA0049200624
B1012404151953N00049110EA0049200624
B1012414151953N00049110EA0049100624
B1012424151953N00049110EA0049200624
B1012434151953N00049110EA0049100624
B1012444151953N00049110EA0049100624
B1012454151953N00049110EA0049200624
B1012464151953N00049110EA0049200624
B1012474151953N00049110EA0049100624
B1012484151953N00049110EA0049200624
B1012494151953N00049110EA0049200624
B1012504151953N00049110EA0049200624
B1012514151953N00049110EA0049200624
B1012524151953N00049110EA0049200624
B1012534151953N00049110EA0049200624
B1012544151953N00049110EA0049200624
B1012554151953N00049110EA0049200624
B1012564151953N00049110EA0049200624
B1012574151953N00049110EA0049200624
B1012584151953N00049110EA0049200624
B1012594151953N00049110EA0049200624
B1013004151953N00049110EA0049200624
B1013014151953N00049110EA0049200624
B1013024151953N00049110EA0049200624
B1013034151953N00049110EA0049200624
B1013044151953N00049110EA0049200624
B1013054151953N00049110EA0049200624
B1013064151953N00049110EA0049200624
B1013074151953N00049110EA0049200624
B1013084151953N00049110EA0049200624
B1013094151953N00049110EA0049200624
B1013104151953N00049110EA0049200624
B1013114151953N00049110EA0049200624
B1013124151953N00049110EA0049200624
B1013134151953N00049110EA0049200624
B1013144151953N00049110EA0049200624
B1013154151953N00049110EA0049200624
B1013164151953N00049110EA0049200624
B1013174151953N00049110EA0049200624
B1013184151953N00049110EA0049200624
B1013194151953N00049110EA0049400624
B1013204151953N00049111EA0049200624
B1013214151953N00049111EA0049200624
B1013224151953N00049111EA0049200624
B1013234151953N00049111EA0049000624
B1013244151953N00049110EA0049200624
B1013254151953N00049110EA0049200624
B1013264151953N00049110EA0049200624
B1013274151952N00049110EA0049200624
B1013284151953N00049110EA0049200624
B1013294151952N00049110EA0049200624
B1013304151952N00049110EA0049200624
B1013314151952N00049110EA0049200624
B1013324151952N00049110EA0049200624
B1013334151953N00049110EA0049100624
B1013344151952N00049110EA0049200623
B1013354151952N00049110EA0049200624
B1013364151952N00049110EA0049200624
B1013374151952N00049110EA0049200624
B1013384151952N00049110EA0049200624
B1013394151952N00049110EA0049200624
B1013404151952N00049110EA0049200624
B1013414151952N00049110EA0049200624
B1013424151952N00049110EA0049200624
B1013434151952N00049110EA0049100624
B1013444151952N00049110EA0049100624
B1013454151952N00049110EA0049200625
B1013464151952N00049110EA0049100625
B1013474151952N00049110EA0049200625
B1013484151952N00049110EA0049200625
B1013494151952N00049110EA0049200625
B1013504151952N00049110EA0049200625
B1013514151952N00049110EA0049200625
B1013524151952N00049110EA0049200625
B1013534151952N00049110EA0049200624
B1013544151952N00049110EA0049200624
B1013554151952N00049110EA0049200624
B1013564151952N00049110EA0049200624
B1013574151952N00049110EA0049200624
B1013584151952N00049110EA0049100624
B1013594151952N00049110EA0049200624
B1014004151952N00049110EA0049300624
B1014014151952N00049110EA0049200623
B1014024151952N00049110EA0049200623
B1014034151952N00049110EA0049200623
B1014044151952N00049110EA0049100623
B1014054151952N00049110EA0049200623
B1014064151952N00049110EA0049200623
B1014074151952N00049110EA0049200623
B1014084151952N00049110EA0049200623
B1014094151952N00049110EA0049200623
B1014104151952N00049110EA0049200623
B1014114151952N00049110EA0049100623
B1014124151952N00049110EA0049200623
B1014134151952N00049110EA0049100623
B1014144151952N00049110EA0049200623
B1014154151952N00049110EA0049100623
B1014164151952N00049110EA0049200623
B1014174151952N00049111EA0049200622
B1014184151952N00049111EA0049200622
B1014194151952N00049111EA0049200623
B1014204151953N00049111EA0049200623
B1014214151953N00049110EA0049200622
B1014224151953N00049110EA0049200622
B1014234151953N00049110EA0049200622
B1014244151953N00049110EA0049200622
B1014254151953N00049110EA0049200622
B1014264151953N00049110EA0049200622
B1014274151953N00049110EA0049200622
B1014284151953N00049110EA0049200622
B1014294151953N00049110EA0049200622
B1014304151953N00049110EA0049200622
B1014314151953N00049110EA0049200621
B1014324151953N00049110EA0049200621
B1014334151953N00049110EA0049200621
B1014344151953N00049110EA0049200621
B1014354151953N00049110EA0049200621
B1014364151953N00049110EA0049200621
B1014374151953N00049110EA0049200621
B1014384151953N00049110EA0049200621
B1014394151953N00049110EA0049200621
B1014404151953N00049110EA0049200621
B1014414151953N00049110EA0049200621
B1014424151953N00049110EA0049200621
B1014434151953N00049110EA0049200621
B1014444151953N00049110EA0049200621
B1014454151953N00049110EA0049200621
B1014464151953N00049110EA0049200620
B1014474151953N00049110EA0049200621
B1014484151953N00049110EA0049200621
B1014494151953N00049110EA0049200620
B1014504151953N00049110EA0049200620
B1014514151953N00049110EA0049200620
B1014524151953N00049110EA0049200620
B1014534151953N00049110EA0049300620
B1014544151953N00049110EA0049200620
B1014554151953N00049110EA0049100620
B1014564151953N00049110EA0049200621
B1014574151953N00049110EA0049200621
B1014584151953N00049110EA0049200621
B1014594151953N00049110EA0049200622
B1015004151953N00049110EA0049200622
B1015014151953N00049110EA0049200622
B1015024151953N00049110EA0049200622
B1015034151953N00049110EA0049200622
B1015044151953N00049110EA0049200622
B1015054151953N00049110EA0049300622
B1015064151953N00049111EA0049200622
B1015074151953N00049111EA0049200622
B1015084151953N00049111EA0049200622
B1015094151953N00049111EA0049100622
B1015104151953N00049111EA0049200622
B1015114151953N00049111EA0049200622
B1015124151953N00049111EA0049200622
B1015134151953N00049111EA0049200622
B1015144151953N00049111EA0049200622
B1015154151953N00049111EA0049200622
B1015164151953N00049111EA0049300622
B1015174151953N00049110EA0049200622
B1015184151953N00049110EA0049200622
B1015194151953N00049110EA0049200622
B1015204151953N00049110EA0049200622
B1015214151953N00049110EA0049200622
B1015224151953N00049110EA0049200622
B1015234151953N00049110EA0049200622
B1015244151953N00049110EA0049200622
B1015254151953N00049110EA0049200622
B1015264151953N00049110EA0049200622
B1015274151953N00049110EA0049200621
B1015284151953N00049110EA0049200621
B1015294151953N00049110EA0049200621
B1015304151953N00049110EA0049200622
B1015314151953N00049110EA0049200622
B1015324151953N00049110EA0049200622
B1015334151953N00049110EA0049200622
B1015344151953N00049110EA0049200621
B1015354151953N00049110EA0049300621
B1015364151953N00049110EA0049200621
B1015374151953N00049110EA0049200621
B1015384151953N00049110EA0049200621
B1015394151953N00049110EA0049200622
B1015404151953N00049110EA0049200622
B1015414151953N00049110EA0049300621
B1015424151953N00049110EA0049100621
B1015434151953N00049110EA0049200621
B1015444151953N00049110EA0049200621
B1015454151953N00049110EA0049200621
B1015464151953N00049110EA0049200621
B1015474151953N00049110EA0049200621
B1015484151953N00049110EA0049200621
B1015494151953N00049110EA0049200621
B1015504151953N00049110EA0049100621
B1015514151953N00049110EA0049200621
B1015524151953N00049110EA0049200621
B1015534151953N00049110EA0049200621
B1015544151953N00049110EA0049200621
B1015554151953N00049110EA0049200621
B1015564151953N00049110EA0049200621
B1015574151953N00049110EA0049100621
B1015584151953N00049110EA0049200621
B1015594151953N00049110EA0049200621
B1016004151953N00049110EA0049200621
B1016014151953N00049110EA0049100621
B1016024151953N00049110EA0049100621
B1016034151953N00049110EA0049200621
B1016044151953N00049110EA0049200621
B1016054151953N00049110EA0049200620
B1016064151953N00049110EA0049200620
B1016074151953N00049110EA0049100620
B1016084151953N00049110EA0049200620
B1016094151953N00049110EA0049100620
B1016104151953N00049110EA0049100620
B1016114151953N00049110EA0049100620
B1016124151953N00049110EA0049200620
B1016134151953N00049110EA0049100620
B1016144151953N00049110EA0049200620
B1016154151953N00049110EA0049200620
B1016164151953N00049110EA0049200620
B1016174151953N00049110EA0049200620
B1016184151953N00049110EA0049200620
B1016194151953N00049110EA0049200620
B1016204151953N00049110EA0049200620
B1016214151953N00049110EA0049200620
B1016224151953N00049110EA0049200620
B1016234151953N00049110EA0049200620
B1016244151953N00049110EA0049200620
B1016254151953N00049110EA0049200620
B1016264151953N00049110EA0049200620
B1016274151953N00049110EA0049200620
B1016284151953N00049110EA0049200620
B1016294151953N00049110EA0049200620
B1016304151953N00049110EA0049100620
B1016314151953N00049110EA0049200620
B1016324151953N00049110EA0049200620
B1016334151953N00049110EA0049200620
B1016344151953N00049110EA0049100620
B1016354151953N00049110EA0049200620
B1016364151953N00049110EA0049200620
B1016374151953N00049110EA0049200620
B1016384151953N00049110EA0049100620
B1016394151953N00049110EA0049100620
B1016404151953N00049110EA0049100620
B1016414151953N00049110EA0049100620
B1016424151953N00049110EA0049100620
B1016434151953N00049110EA0049100620
B1016444151953N00049110EA0049100620
B1016454151953N00049110EA0049200620
B1016464151953N00049110EA0049100620
B1016474151953N00049110EA0049100620
B1016484151953N00049110EA0049100620
B1016494151953N00049110EA0049100620
B1016504151953N00049110EA0049100620
B1016514151953N00049110EA0049100620
B1016524151953N00049110EA0049100620
B1016534151953N00049110EA0049100620
B1016544151953N00049110EA0049000620
B1016554151953N00049110EA0049100620
B1016564151953N00049110EA0049100619
B1016574151953N00049110EA0049100620
B1016584151953N00049110EA0049100620
B1016594151953N00049110EA0049100620
B1017004151953N00049110EA0049100620
B1017014151953N00049110EA0049100620
B1017024151953N00049110EA0049100620
B1017034151953N00049110EA0049100620
B1017044151953N00049110EA0049100620
B1017054151953N00049110EA0049100620
B1017064151953N00049110EA0049100620
B1017074151953N00049110EA0049200620
B1017084151953N00049110EA0049100620
B1017094151953N00049110EA0049200620
B1017104151953N00049110EA0049200620
B1017114151953N00049110EA0049200620
B1017124151953N00049110EA0049100620
B1017134151953N00049110EA0049100620
B1017144151953N00049110EA0049200620
B1017154151953N00049110EA0049100620
B1017164151953N00049110EA0049100620
B1017174151953N00049110EA0049100620
B1017184151953N00049110EA0049200620
B1017194151953N00049110EA0049200620
B1017204151953N00049110EA0049100620
B1017214151953N00049110EA0049100620
B1017224151953N00049110EA0049100620
B1017234151953N00049110EA0049100620
B1017244151953N00049110EA0049200620
B1017254151953N00049110EA0049200620
B1017264151953N00049110EA0049100620
B1017274151953N00049110EA0049100620
B1017284151953N00049110EA0049100620
B1017294151953N00049110EA0049100620
B1017304151953N00049110EA0049100620
B1017314151953N00049110EA0049100620
B1017324151953N00049110EA0049100620
B1017334151953N00049110EA0049100620
B1017344151953N00049110EA0049100620
B1017354151953N00049110EA0049200620
B1017364151953N00049110EA0049100620
B1017374151953N00049110EA0049100620
B1017384151953N00049110EA0049100620
B1017394151953N00049110EA0049100620
B1017404151953N00049110EA0049200620
B1017414151953N00049110EA0049100620
B1017424151953N00049110EA0049100620
B1017434151953N00049110EA0049100620
B1017444151953N00049110EA0049100621
B1017454151953N00049110EA0049100621
B1017464151953N00049110EA0049100621
B1017474151953N00049110EA0049100621
B1017484151953N00049110EA0049100621
B1017494151953N00049110EA0049100621
B1017504151953N00049110EA0049100621
B1017514151953N00049110EA0049100621
B1017524151953N00049110EA0049100621
B1017534151953N00049110EA0049200621
B1017544151953N00049110EA0049100621
B1017554151953N00049110EA0049100621
B1017564151953N00049110EA0049200621
B1017574151953N00049111EA0049100621
B1017584151953N00049111EA0049200621
B1017594151953N00049111EA0049200621
B1018004151953N00049111EA0049200621
B1018014151953N00049111EA0049200621
B1018024151953N00049111EA0049200621
B1018034151953N00049111EA0049200621
B1018044151953N00049111EA0049200621
B1018054151953N00049111EA0049200621
B1018064151953N00049111EA0049100621
B1018074151953N00049111EA0049200621
B1018084151953N00049111EA0049200621
B1018094151953N00049111EA0049200621
B1018104151953N00049111EA0049200621
B1018114151953N00049111EA0049200621
B1018124151953N00049111EA0049200621
B1018134151953N00049111EA0049200621
B1018144151953N00049111EA0049200621
B1018154151953N00049111EA0049100621
B1018164151953N00049111EA0049200621
B1018174151953N00049111EA0049200621
B1018184151953N00049111EA0049200621
B1018194151953N00049111EA0049100621
B1018204151953N00049111EA0049100621
B1018214151953N00049111EA0049200621
B1018224151953N00049111EA0049200621
B1018234151953N00049111EA0049200621
B1018244151953N00049111EA0049200621
B1018254151953N00049111EA0049200621
B1018264151953N00049111EA0049100621
B1018274151953N00049111EA0049200621
B1018284151953N00049111EA0049100621
B1018294151953N00049111EA0049100621
B1018304151953N00049111EA0049100621
B1018314151953N00049111EA0049100621
B1018324151953N00049111EA0049100621
B1018334151953N00049111EA0049100621
B1018344151953N00049111EA0049100621
B1018354151953N00049111EA0049100621
B1018364151953N00049111EA0049100621
B1018374151953N00049111EA0049100621
B1018384151953N00049111EA0049100621
B1018394151953N00049111EA0049100621
B1018404151953N00049111EA0049100621
B1018414151953N00049111EA0049100621
B1018424151953N00049111EA0049100621
B1018434151953N00049111EA0049200621
B1018444151953N00049111EA0049100621
B1018454151953N00049111EA0049100621
B1018464151953N00049111EA0049100621
B1018474151953N00049111EA0049100621
B1018484151953N00049111EA0049100621
B1018494151953N00049111EA0049100621
B1018504151953N00049111EA0049100621
B1018514151953N00049111EA0049100621
B1018524151953N00049111EA0049200621
B1018534151953N00049111EA0049200621
B1018544151953N00049111EA0049100621
B1018554151953N00049111EA0049200621
B1018564151953N00049111EA0049200621
B1018574151953N00049111EA0049200621
B1018584151953N00049111EA0049100621
B1018594151953N00049111EA0049200621
B1019004151953N00049111EA0049200621
B1019014151953N00049111EA0049200621
B1019024151953N00049111EA0049100621
B1019034151953N00049111EA0049100621
B1019044151953N00049111EA0049200621
B1019054151953N00049111EA0049100621
B1019064151953N00049111EA0049100621
B1019074151953N00049111EA0049200621
B1019084151953N00049111EA0049200622
B1019094151953N00049111EA0049200621
B1019104151953N00049111EA0049200621
B1019114151953N00049111EA0049100621
B1019124151953N00049111EA0049200621
B1019134151953N00049111EA0049200621
B1019144151953N00049111EA0049200621
B1019154151953N00049111EA0049100621
B1019164151953N00049111EA0049100621
B1019174151953N00049111EA0049200621
B1019184151953N00049111EA0049100621
B1019194151953N00049111EA0049200621
B1019204151953N00049111EA0049200621
B1019214151953N00049111EA0049200621
B1019224151953N00049111EA0049200621
B1019234151953N00049111EA0049200621
B1019244151953N00049111EA0049200621
B1019254151953N00049111EA0049200621
B1019264151953N00049111EA0049200621
B1019274151953N00049111EA0049200621
B1019284151953N00049111EA0049200621
B1019294151953N00049111EA0049200621
B1019304151953N00049111EA0049200621
B1019314151954N00049111EA0049100621
B1019324151954N00049111EA0049100621
B1019334151954N00049111EA0049200621
B1019344151954N00049111EA0049200621
B1019354151954N00049111EA0049100621
B1019364151954N00049111EA0049100621
B1019374151954N00049111EA0049200621
B1019384151954N00049111EA0049100622
B1019394151954N00049111EA0049200622
B1019404151954N00049111EA0049200622
B1019414151954N00049111EA0049100621
B1019424151954N00049110EA0049200621
B1019434151954N00049110EA0049100622
B1019444151953N00049110EA0049200622
B1019454151953N00049110EA0049200621
B1019464151953N00049110EA0049200621
B1019474151953N00049110EA0049100621
B1019484151953N00049110EA0049200621
B1019494151953N00049110EA0049200621
B1019504151953N00049110EA0049200621
B1019514151954N00049110EA0049200621
B1019524151954N00049110EA0049200621
B1019534151954N00049110EA0049200621
B1019544151954N00049110EA0049200621
B1019554151954N00049110EA0049200621
B1019564151954N00049110EA0049200621
B1019574151954N00049110EA0049200621
B1019584151954N00049110EA0049200621
B1019594151954N00049110EA0049100621
B1020004151954N00049110EA0049200621
B1020014151954N00049110EA0049200621
B1020024151954N00049110EA0049100621
B1020034151954N00049110EA0049100621
B1020044151954N00049110EA0049100621
B1020054151954N00049110EA0049100621
B1020064151953N00049110EA0049100621
B1020074151953N00049110EA0049200620
B1020084151953N00049110EA0049200620
B1020094151953N00049110EA0049100620
B1020104151953N00049110EA0049100620
B1020114151953N00049110EA0049200620
B1020124151953N00049110EA0049200620
B1020134151953N00049110EA0049200620
B1020144151953N00049110EA0049200620
B1020154151953N00049110EA0049200620
B1020164151953N00049110EA0049100621
B1020174151953N00049110EA0049200621
B1020184151953N00049110EA0049200621
B1020194151953N00049110EA0049200621
B1020204151953N00049110EA0049200621
B1020214151953N00049110EA0049200620
B1020224151953N00049110EA0049200620
B1020234151953N00049110EA0049200620
B1020244151953N00049110EA0049200620
B1020254151953N00049110EA0049100620
B1020264151953N00049110EA0049200620
B1020274151953N00049110EA0049200620
B1020284151953N00049110EA0049100620
B1020294151953N00049110EA0049200620
B1020304151953N00049110EA0049200620
B1020314151953N00049110EA0049200620
B1020324151953N00049110EA0049200620
B1020334151953N00049110EA0049200620
B1020344151953N00049110EA0049100620
B1020354151953N00049110EA0049200620
B1020364151953N00049110EA0049100620
B1020374151953N00049110EA0049200620
B1020384151953N00049110EA0049200620
B1020394151953N00049110EA0049200620
B1020404151953N00049110EA0049200620
B1020414151953N00049110EA0049200620
B1020424151953N00049110EA0049200620
B1020434151953N00049110EA0049200620
B1020444151953N00049110EA0049100619
B1020454151953N00049110EA0049100619
B1020464151953N00049110EA0049100619
B1020474151953N00049110EA0049100619
B1020484151953N00049110EA0049100619
B1020494151953N00049110EA0049200619
B1020504151953N00049110EA0049100619
B1020514151953N00049110EA0049200619
B1020524151953N00049110EA0049200619
B1020534151953N00049110EA0049200619
B1020544151953N00049110EA0049100619
B1020554151953N00049110EA0049100619
B1020564151953N00049110EA0049100619
B1020574151953N00049110EA0049200619
B1020584151953N00049110EA0049200619
B1020594151953N00049110EA0049200618
B1021004151953N00049110EA0049200618
B1021014151953N00049110EA0049200618
B1021024151953N00049110EA0049200618
B1021034151953N00049110EA0049100618
B1021044151953N00049110EA0049200618
B1021054151953N00049110EA0049200618
B1021064151953N00049110EA0049100618
B1021074151953N00049110EA0049100618
B1021084151953N00049110EA0049100618
B1021094151953N00049110EA0049100618
B1021104151953N00049110EA0049200618
B1021114151953N00049110EA0049100618
B1021124151953N00049110EA0049200618
B1021134151953N00049110EA0049200618
B1021144151953N00049110EA0049200618
B1021154151953N00049110EA0049100618
B1021164151953N00049110EA0049100619
B1021174151953N00049110EA0049200619
B1021184151953N00049110EA0049100619
B1021194151953N00049110EA0049100619
B1021204151953N00049110EA0049100618
B1021214151953N00049110EA0049100618
B1021224151953N00049110EA0049200619
B1021234151953N00049110EA0049100619
B1021244151953N00049110EA0049100619
B1021254151953N00049110EA0049200619
B1021264151953N00049110EA0049100619
B1021274151953N00049110EA0049100619
B1021284151953N00049110EA0049100619
B1021294151953N00049110EA0049100619
B1021304151953N00049110EA0049200619
B1021314151953N00049110EA0049200619
B1021324151953N00049110EA0049100619
B1021334151953N00049110EA0049100619
B1021344151953N00049110EA0049100619
B1021354151953N00049110EA0049100619
B1021364151953N00049110EA0049100619
B1021374151953N00049110EA0049100619
B1021384151953N00049110EA0049100620
B1021394151953N00049110EA0049200620
B1021404151953N00049110EA0049100620
B1021414151953N00049110EA0049200620
B1021424151953N00049110EA0049200620
B1021434151953N00049110EA0049200620
B1021444151953N00049110EA0049200620
B1021454151953N00049110EA0049200620
B1021464151953N00049110EA0049200620
B1021474151953N00049110EA0049200620
B1021484151953N00049110EA0049200620
B1021494151953N00049110EA0049300620
B1021504151953N00049110EA0049100620
B1021514151953N00049110EA0049100620
B1021524151953N00049110EA0049100620
B1021534151953N00049110EA0049100620
B1021544151953N00049110EA0049200620
B1021554151953N00049110EA0049200620
B1021564151953N00049110EA0049100620
B1021574151953N00049110EA0049200620
B1021584151953N00049110EA0049200620
B1021594151953N00049110EA0049200620
B1022004151953N00049110EA0049200620
B1022014151953N00049110EA0049200620
B1022024151953N00049110EA0049200620
B1022034151953N00049110EA0049200620
B1022044151953N00049110EA0049100620
B1022054151953N00049110EA0049200620
B1022064151953N00049110EA0049100620
B1022074151953N00049110EA0049100621
B1022084151953N00049110EA0049100621
B1022094151953N00049110EA0049200621
B1022104151953N00049110EA0049100621
B1022114151953N00049110EA0049100621
B1022124151953N00049110EA0049200621
B1022134151953N00049110EA0049100621
B1022144151953N00049110EA0049100621
B1022154151953N00049110EA0049100621
B1022164151953N00049110EA0049200621
B1022174151953N00049110EA0049200621
B1022184151953N00049110EA0049200621
B1022194151953N00049111EA0049200621
B1022204151953N00049110EA0049200621
B1022214151953N00049110EA0049200621
B1022224151953N00049110EA0049200622
B1022234151953N00049110EA0049200622
B1022244151953N00049110EA0049200622
B1022254151953N00049110EA0049200622
B1022264151953N00049110EA0049200622
B1022274151953N00049110EA0049200622
B1022284151953N00049110EA0049200622
B1022294151953N00049111EA0049200622
B1022304151953N00049111EA0049200622
B1022314151953N00049111EA0049200622
B1022324151953N00049111EA0049300622
B1022334151953N00049111EA0049200622
B1022344151953N00049111EA0049200622
B1022354151953N00049111EA0049200622
B1022364151953N00049111EA0049200622
B1022374151953N00049111EA0049200623
B1022384151953N00049111EA0049100623
B1022394151953N00049111EA0049200623
B1022404151953N00049111EA0049200623
B1022414151953N00049111EA0049200623
B1022424151953N00049111EA0049200623
B1022434151953N00049111EA0049200623
B1022444151953N00049111EA0049200623
B1022454151953N00049111EA0049100623
B1022464151953N00049111EA0049300623
B1022474151953N00049111EA0049200623
B1022484151953N00049111EA0049200623
B1022494151953N00049111EA0049200623
B1022504151953N00049111EA0049200623
B1022514151953N00049111EA0049200623
B1022524151953N00049111EA0049200623
B1022534151953N00049111EA0049200623
B1022544151953N00049111EA0049200623
B1022554151953N00049111EA0049200623
B1022564151953N00049111EA0049200623
B1022574151953N00049111EA0049200623
B1022584151953N00049111EA0049200623
B1022594151953N00049111EA0049200623
B1023004151953N00049111EA0049200623
B1023014151953N00049111EA0049200623
B1023024151953N00049111EA0049200623
B1023034151953N00049111EA0049200623
B1023044151953N00049111EA0049200623
B1023054151953N00049111EA0049200623
B1023064151953N00049111EA0049300624
B1023074151953N00049111EA0049200623
B1023084151953N00049111EA0049200623
B1023094151953N00049111EA0049200623
B1023104151953N00049111EA0049200624
B1023114151953N00049111EA0049200624
B1023124151953N00049111EA0049200624
B1023134151953N00049111EA0049200624
B1023144151953N00049111EA0049200624
B1023154151953N00049111EA0049200624
B1023164151953N00049111EA0049200624
B1023174151953N00049111EA0049200624
B1023184151953N00049111EA0049200625
B1023194151953N00049111EA0049200625
B1023204151953N00049111EA0049200625
B1023214151953N00049111EA0049300625
B1023224151953N00049111EA0049200625
B1023234151953N00049111EA0049200625
B1023244151953N00049111EA0049200625
B1023254151953N00049111EA0049300625
B1023264151953N00049111EA0049200625
B1023274151953N00049111EA0049200625
B1023284151953N00049111EA0049200625
B1023294151953N00049111EA0049200625
B1023304151953N00049111EA0049200625
B1023314151953N00049111EA0049200625
B1023324151953N00049111EA0049200625
B1023334151953N00049111EA0049200625
B1023344151953N00049111EA0049200625
B1023354151953N00049111EA0049200625
B1023364151953N00049111EA0049200625
B1023374151953N00049111EA0049200625
B1023384151953N00049111EA0049200625
B1023394151953N00049111EA0049200625
B1023404151953N00049111EA0049200625
B1023414151953N00049111EA0049200626
B1023424151953N00049111EA0049200625
B1023434151953N00049111EA0049200625
B1023444151953N00049111EA0049200626
B1023454151953N00049111EA0049200626
B1023464151953N00049111EA0049300626
B1023474151953N00049111EA0049200626
B1023484151953N00049111EA0049200626
B1023494151953N00049112EA0049300626
B1023504151953N00049112EA0049300626
B1023514151953N00049112EA0049300626
B1023524151953N00049112EA0049200626
B1023534151953N00049112EA0049200626
B1023544151953N00049112EA0049200626
B1023554151953N00049112EA0049200626
B1023564151953N00049112EA0049200626
B1023574151953N00049112EA0049200626
B1023584151953N00049112EA0049200626
B1023594151953N00049112EA0049200626
B1024004151953N00049112EA0049200626
B1024014151953N00049112EA0049300626
B1024024151953N00049112EA0049200626
B1024034151953N00049112EA0049200626
B1024044151953N00049112EA0049200626
B1024054151953N00049112EA0049200626
B1024064151953N00049112EA0049300626
B1024074151953N00049112EA0049200626
B1024084151953N00049112EA0049300626
B1024094151952N00049112EA0049200626
B1024104151952N00049112EA0049200626
B1024114151953N00049112EA0049200626
B1024124151953N00049112EA0049300626
B1024134151953N00049112EA0049200626
B1024144151953N00049112EA0049200626
B1024154151953N00049112EA0049300626
B1024164151953N00049112EA0049200626
B1024174151953N00049112EA0049300626
B1024184151953N00049112EA0049300626
B1024194151953N00049112EA0049200625
B1024204151953N00049112EA0049200625
B1024214151953N00049112EA0049200625
B1024224151953N00049112EA0049200625
B1024234151953N00049112EA0049200625
B1024244151953N00049112EA0049200625
B1024254151953N00049112EA0049200625
B1024264151953N00049112EA0049200625
B1024274151953N00049112EA0049300625
B1024284151953N00049112EA0049200625
B1024294151953N00049112EA0049200625
B1024304151953N00049112EA0049300625
B1024314151953N00049112EA0049200625
B1024324151953N00049112EA0049200625
B1024334151953N00049112EA0049200625
B1024344151953N00049112EA0049200625
B1024354151953N00049112EA0049200625
B1024364151953N00049112EA0049200625
B1024374151953N00049112EA0049200625
B1024384151953N00049112EA0049200625
B1024394151953N00049112EA0049200625
B1024404151953N00049112EA0049200625
B1024414151953N00049112EA0049200625
B1024424151953N00049112EA0049200625
B1024434151953N00049112EA0049200625
B1024444151953N00049112EA0049300625
B1024454151953N00049112EA0049300625
B1024464151953N00049112EA0049300625
B1024474151953N00049112EA0049400625
B1024484151953N00049112EA0049200626
B1024494151953N00049112EA0049300625
B1024504151953N00049112EA0049300625
B1024514151953N00049111EA0049300625
B1024524151953N00049111EA0049300625
B1024534151953N00049112EA0049300625
B1024544151953N00049112EA0049300625
B1024554151953N00049112EA0049300625
B1024564151953N00049112EA0049200624
B1024574151953N00049111EA0049300624
B1024584151953N00049111EA0049300624
B1024594151953N00049111EA0049300624
B1025004151953N00049111EA0049400624
B1025014151953N00049111EA0049200624
B1025024151953N00049111EA0049300623
B1025034151953N00049111EA0049200623
B1025044151953N00049111EA0049300623
B1025054151954N00049111EA0049300623
B1025064151954N00049111EA0049300622
B1025074151954N00049111EA0049300622
B1025084151954N00049111EA0049300622
B1025094151954N00049111EA0049300621
B1025104151954N00049111EA0049200621
B1025114151954N00049111EA0049200621
B1025124151954N00049111EA0049200621
B1025134151954N00049111EA0049200621
B1025144151954N00049111EA0049200620
B1025154151954N00049110EA0049200620
B1025164151954N00049110EA0049200620
B1025174151954N00049110EA0049200620
B1025184151954N00049110EA0049100620
B1025194151954N00049111EA0049100619
B1025204151954N00049111EA0049200619
B1025214151954N00049111EA0049100619
B1025224151954N00049111EA0049200619
B1025234151954N00049111EA0049200619
B1025244151954N00049111EA0049200618
B1025254151954N00049111EA0049200619
B1025264151954N00049111EA0049200619
B1025274151954N00049111EA0049200619
B1025284151954N00049111EA0049200619
B1025294151954N00049111EA0049200619
B1025304151954N00049111EA0049200619
B1025314151954N00049111EA0049200619
B1025324151954N00049111EA0049200619
B1025334151954N00049110EA0049200619
B1025344151954N00049111EA0049100618
B1025354151954N00049111EA0049200618
B1025364151954N00049111EA0049200618
B1025374151954N00049111EA0049200618
B1025384151955N00049111EA0049200617
B1025394151955N00049111EA0049200617
B1025404151955N00049111EA0049200617
B1025414151955N00049111EA0049200617
B1025424151955N00049111EA0049200617
B1025434151955N00049111EA0049200617
B1025444151955N00049111EA0049200617
B1025454151955N00049111EA0049300617
B1025464151955N00049111EA0049200616
B1025474151955N00049111EA0049200616
B1025484151955N00049111EA0049200616
B1025494151955N00049110EA0049200616
B1025504151955N00049110EA0049200616
B1025514151955N00049110EA0049200616
B1025524151955N00049111EA0049200616
B1025534151955N00049111EA0049200616
B1025544151955N00049111EA0049200616
B1025554151955N00049111EA0049300616
B1025564151955N00049110EA0049300616
B1025574151955N00049110EA0049200616
B1025584151955N00049110EA0049100616
B1025594151955N00049110EA0049200616
B1026004151955N00049110EA0049200617
B1026014151954N00049110EA0049300617
B1026024151954N00049110EA0049300617
B1026034151954N00049110EA0049300617
B1026044151954N00049110EA0049300617
B1026054151954N00049110EA0049200617
B1026064151954N00049111EA0049300617
B1026074151954N00049110EA0049300618
B1026084151954N00049110EA0049200618
B1026094151954N00049110EA0049200618
B1026104151954N00049110EA0049200618
B1026114151954N00049110EA0049300618
B1026124151954N00049110EA0049200618
B1026134151954N00049110EA0049200618
B1026144151954N00049110EA0049200618
B1026154151954N00049110EA0049300619
B1026164151954N00049110EA0049200619
B1026174151954N00049110EA0049300619
B1026184151954N00049110EA0049200619
B1026194151954N00049110EA0049400619
B1026204151954N00049110EA0049200619
B1026214151954N00049110EA0049300619
B1026224151954N00049110EA0049200619
B1026234151954N00049110EA0049200619
B1026244151954N00049110EA0049200620
B1026254151954N00049110EA0049200620
B1026264151954N00049110EA0049200620
B1026274151954N00049110EA0049300620
B1026284151954N00049110EA0049300620
B1026294151954N00049111EA0049300620
B1026304151954N00049111EA0049200620
B1026314151954N00049111EA0049200620
B1026324151953N00049111EA0049200620
B1026334151953N00049111EA0049300621
B1026344151953N00049110EA0049300620
B1026354151953N00049110EA0049500620
B1026364151953N00049110EA0049300620
B1026374151953N00049110EA0049300620
B1026384151953N00049110EA0049300620
B1026394151953N00049110EA0049200620
B1026404151953N00049110EA0049200620
B1026414151953N00049110EA0049300620
B1026424151953N00049110EA0049200620
B1026434151953N00049110EA0049200620
B1026444151953N00049110EA0049200620
B1026454151953N00049110EA0049200620
B1026464151953N00049110EA0049300620
B1026474151953N00049110EA0049200620
B1026484151953N00049110EA0049200620
B1026494151953N00049110EA0049200620
B1026504151953N00049110EA0049200620
B1026514151953N00049110EA0049200621
B1026524151953N00049110EA0049300621
B1026534151953N00049110EA0049200621
B1026544151953N00049110EA0049200621
B1026554151953N00049110EA0049200620
B1026564151953N00049110EA0049200620
B1026574151953N00049110EA0049200621
B1026584151953N00049110EA0049300620
B1026594151953N00049110EA0049300620
B1027004151953N00049110EA0049200620
B1027014151953N00049110EA0049200620
B1027024151953N00049110EA0049200620
B1027034151953N00049110EA0049200620
B1027044151953N00049110EA0049200621
B1027054151953N00049110EA0049200621
B1027064151953N00049110EA0049300621
B1027074151953N00049110EA0049200621
B1027084151953N00049110EA0049300621
B1027094151953N00049110EA0049200621
B1027104151953N00049110EA0049100621
B1027114151954N00049110EA0049100621
B1027124151954N00049110EA0049100621
B1027134151954N00049110EA0049100621
B1027144151954N00049110EA0049200621
B1027154151954N00049110EA0049200621
B1027164151954N00049110EA0049200620
B1027174151954N00049110EA0049200620
B1027184151954N00049110EA0049200620
B1027194151954N00049110EA0049200620
B1027204151954N00049110EA0049200620
B1027214151954N00049110EA0049200620
B1027224151954N00049110EA0049200620
B1027234151954N00049110EA0049200620
B1027244151954N00049110EA0049200620
B1027254151954N00049110EA0049200620
B1027264151954N00049110EA0049300620
B1027274151954N00049110EA0049100620
B1027284151954N00049110EA0049200620
B1027294151954N00049110EA0049200620
B1027304151954N00049110EA0049200620
B1027314151954N00049111EA0049200620
B1027324151954N00049111EA0049300620
B1027334151954N00049111EA0049200619
B1027344151954N00049111EA0049300618
B1027354151954N00049111EA0049200618
B1027364151954N00049111EA0049200618
B1027374151954N00049111EA0049300618
B1027384151954N00049111EA0049300618
B1027394151954N00049111EA0049200618
B1027404151954N00049111EA0049200618
B1027414151954N00049111EA0049200618
B1027424151954N00049111EA0049300618
B1027434151954N00049111EA0049200618
B1027444151954N00049111EA0049300617
B1027454151954N00049111EA0049300617
B1027464151954N00049111EA0049300617
B1027474151954N00049111EA0049300617
B1027484151954N00049111EA0049300617
B1027494151955N00049111EA0049300617
B1027504151955N00049111EA0049300617
B1027514151955N00049111EA0049300617
B1027524151955N00049111EA0049200616
B1027534151955N00049111EA0049300616
B1027544151955N00049111EA0049300616
B1027554151955N00049111EA0049200616
B1027564151955N00049110EA0049300616
B1027574151955N00049110EA0049200616
B1027584151955N00049110EA0049300617
B1027594151955N00049110EA0049300617
B1028004151955N00049110EA0049300617
B1028014151955N00049110EA0049300617
B1028024151955N00049110EA0049300617
B1028034151955N00049110EA0049300617
B1028044151955N00049110EA0049300617
B1028054151955N00049110EA0049300617
B1028064151955N00049110EA0049300617
B1028074151955N00049110EA0049300618
B1028084151955N00049110EA0049300618
B1028094151955N00049110EA0049300618
B1028104151955N00049110EA0049300618
B1028114151954N00049110EA0049300619
B1028124151954N00049110EA0049200619
B1028134151954N00049111EA0049200618
B1028144151954N00049111EA0049200618
B1028154151954N00049111EA0049200619
B1028164151954N00049111EA0049200619
B1028174151953N00049111EA0049200619
B1028184151953N00049111EA0049200619
B1028194151953N00049111EA0049300619
B1028204151953N00049111EA0049300619
B1028214151953N00049111EA0049300619
B1028224151953N00049111EA0049300619
B1028234151953N00049111EA0049200619
B1028244151953N00049111EA0049300619
B1028254151953N00049111EA0049300619
B1028264151953N00049111EA0049200619
B1028274151953N00049111EA0049300620
B1028284151953N00049111EA0049200620
B1028294151953N00049111EA0049300620
B1028304151953N00049111EA0049300620
B1028314151953N00049111EA0049300620
B1028324151953N00049111EA0049300620
B1028334151953N00049111EA0049300619
B1028344151953N00049111EA0049200619
B1028354151953N00049111EA0049300619
B1028364151953N00049111EA0049200619
B1028374151953N00049111EA0049200619
B1028384151953N00049111EA0049200619
B1028394151953N00049111EA0049200619
B1028404151953N00049111EA0049300619
B1028414151953N00049111EA0049200619
B1028424151953N00049111EA0049300619
B1028434151953N00049111EA0049300619
B1028444151953N00049111EA0049300619
B1028454151953N00049111EA0049300619
B1028464151953N00049111EA0049300619
B1028474151953N00049111EA0049300619
B1028484151953N00049111EA0049300619
B1028494151953N00049111EA0049400619
B1028504151953N00049111EA0049300619
B1028514151953N00049111EA0049300619
B1028524151953N00049111EA0049300619
B1028534151953N00049111EA0049300619
B1028544151953N00049111EA0049300619
B1028554151953N00049111EA0049300619
B1028564151953N00049111EA0049300619
B1028574151953N00049111EA0049200619
B1028584151953N00049111EA0049300620
B1028594151953N00049111EA0049300620
B1029004151953N00049111EA0049300620
B1029014151953N00049112EA0049300620
B1029024151953N00049111EA0049300620
B1029034151953N00049111EA0049300620
B1029044151953N00049111EA0049300620
B1029054151953N00049111EA0049300620
B1029064151953N00049111EA0049300620
B1029074151953N00049111EA0049300620
B1029084151953N00049111EA0049300620
B1029094151953N00049111EA0049200620
B1029104151952N00049111EA0049200620
B1029114151952N00049111EA0049300620
B1029124151952N00049111EA0049200620
B1029134151952N00049111EA0049300620
B1029144151952N00049111EA0049300620
B1029154151952N00049111EA0049300620
B1029164151952N00049111EA0049300620
B1029174151952N00049111EA0049300620
B1029184151952N00049111EA0049300620
B1029194151952N00049112EA0049200620
B1029204151952N00049112EA0049400620
B1029214151952N00049112EA0049300620
B1029224151952N00049112EA0049300620
B1029234151952N00049112EA0049300621
B1029244151952N00049112EA0049300621
B1029254151951N00049112EA0049300621
B1029264151951N00049112EA0049200621
B1029274151951N00049112EA0049200621
B1029284151951N00049112EA0049300620
B1029294151951N00049112EA0049200620
B1029304151951N00049112EA0049100620
B1029314151951N00049112EA0049200619
B1029324151951N00049112EA0049200619
B1029334151951N00049112EA0049200619
B1029344151951N00049112EA0049200619
B1029354151951N00049112EA0049200619
B1029364151951N00049112EA0049200619
B1029374151951N00049112EA0049200619
B1029384151951N00049111EA0049200619
B1029394151951N00049111EA0049100619
B1029404151951N00049111EA0049200619
B1029414151951N00049111EA0049200619
B1029424151951N00049111EA0049200619
B1029434151951N00049111EA0049200619
B1029444151951N00049111EA0049100619
B1029454151951N00049111EA0049200619
B1029464151951N00049111EA0049200619
B1029474151951N00049111EA0049200619
B1029484151951N00049111EA0049200619
B1029494151951N00049111EA0049200619
B1029504151951N00049111EA0049200619
B1029514151951N00049111EA0049100619
B1029524151951N00049111EA0049200619
B1029534151951N00049111EA0049200619
B1029544151951N00049111EA0049100619
B1029554151951N00049111EA0049200619
B1029564151951N00049111EA0049300618
B1029574151951N00049111EA0049200618
B1029584151951N00049111EA0049100618
B1029594151951N00049111EA0049200618
B1030004151951N00049111EA0049200618
B1030014151951N00049111EA0049200618
B1030024151951N00049111EA0049200618
B1030034151951N00049111EA0049200618
B1030044151951N00049111EA0049200618
B1030054151951N00049111EA0049200618
B1030064151951N00049111EA0049200618
B1030074151951N00049111EA0049100618
B1030084151951N00049111EA0049200617
B1030094151951N00049111EA0049200617
B1030104151951N00049111EA0049200617
B1030114151951N00049111EA0049200617
B1030124151951N00049111EA0049200618
B1030134151951N00049111EA0049200618
B1030144151951N00049111EA0049200618
B1030154151951N00049111EA0049200618
B1030164151951N00049111EA0049200618
B1030174151951N00049111EA0049200618
B1030184151951N00049112EA0049200618
B1030194151951N00049112EA0049200618
B1030204151951N00049112EA0049300618
B1030214151951N00049112EA0049200618
B1030224151951N00049112EA0049200618
B1030234151951N00049112EA0049200618
B1030244151951N00049112EA0049200618
B1030254151951N00049112EA0049100618
B1030264151951N00049112EA0049100618
B1030274151951N00049112EA0049100618
B1030284151951N00049112EA0049100618
B1030294151952N00049112EA0049200618
B1030304151952N00049112EA0049200618
B1030314151952N00049112EA0049200618
B1030324151952N00049112EA0049200618
B1030334151952N00049112EA0049200618
B1030344151952N00049112EA0049100618
B1030354151952N00049112EA0049200618
B1030364151952N00049111EA0049200618
B1030374151952N00049111EA0049200618
B1030384151952N00049112EA0049200618
B1030394151952N00049111EA0049200618
B1030404151952N00049111EA0049200618
B1030414151952N00049111EA0049200618
B1030424151952N00049111EA0049200618
B1030434151952N00049111EA0049200618
B1030444151952N00049111EA0049100618
B1030454151952N00049111EA0049200618
B1030464151952N00049111EA0049200617
B1030474151952N00049111EA0049100617
B1030484151952N00049111EA0049100617
B1030494151952N00049111EA0049200617
B1030504151952N00049111EA0049100617
B1030514151952N00049111EA0049200617
B1030524151952N00049111EA0049200617
B1030534151952N00049111EA0049200617
B1030544151952N00049111EA0049200617
B1030554151952N00049111EA0049200617
B1030564151952N00049111EA0049200617
B1030574151952N00049111EA0049200617
B1030584151952N00049111EA0049200617
B1030594151952N00049111EA0049200617
B1031004151952N00049111EA0049200617
B1031014151952N00049111EA0049200617
B1031024151952N00049111EA0049200617
B1031034151952N00049111EA0049200617
B1031044151952N00049111EA0049200617
B1031054151952N00049112EA0049200617
B1031064151952N00049112EA0049200617
B1031074151951N00049113EA0049200617
B1031084151951N00049113EA0049200618
B1031094151950N00049113EA0049200618
B1031104151950N00049113EA0049200618
B1031114151950N00049114EA0049200618
B1031124151950N00049114EA0049200617
B1031134151950N00049114EA0049300617
B1031144151950N00049114EA0049200616
B1031154151950N00049115EA0049300616
B1031164151950N00049115EA0049200615
B1031174151949N00049116EA0049200615
B1031184151949N00049116EA0049200615
B1031194151949N00049116EA0049100615
B1031204151949N00049117EA0049100614
B1031214151949N00049117EA0049100614
B1031224151949N00049117EA0049100614
B1031234151949N00049117EA0049200614
B1031244151949N00049117EA0049100615
B1031254151949N00049117EA0049100614
B1031264151949N00049117EA0049100614
B1031274151949N00049117EA0049100615
B1031284151949N00049117EA0049100615
B1031294151949N00049117EA0049100615
B1031304151949N00049117EA0049100615
B1031314151949N00049117EA0049200615
B1031324151949N00049117EA0049100615
B1031334151949N00049117EA0049200615
B1031344151949N00049117EA0049200615
B1031354151949N00049117EA0049200615
B1031364151949N00049117EA0049200615
B1031374151949N00049117EA0049200615
B1031384151949N00049117EA0049200615
B1031394151949N00049117EA0049100615
B1031404151949N00049117EA0049200615
B1031414151949N00049117EA0049100615
B1031424151949N00049117EA0049100615
B1031434151949N00049117EA0049100615
B1031444151949N00049117EA0049200615
B1031454151949N00049117EA0049200615
B1031464151949N00049117EA0049200615
B1031474151949N00049117EA0049200615
B1031484151948N00049117EA0049200615
B1031494151948N00049117EA0049200615
B1031504151948N00049117EA0049200615
B1031514151948N00049117EA0049200615
B1031524151948N00049117EA0049200615
B1031534151948N00049117EA0049200615
B1031544151948N00049116EA0049200615
B1031554151948N00049116EA0049200615
B1031564151948N00049116EA0049200615
B1031574151948N00049116EA0049200615
B1031584151948N00049116EA0049200615
B1031594151948N00049116EA0049200615
B1032004151948N00049116EA0049200616
B1032014151948N00049116EA0049200616
B1032024151948N00049116EA0049200616
B1032034151948N00049116EA0049200616
B1032044151948N00049116EA0049200616
B1032054151948N00049116EA0049200616
B1032064151948N00049116EA0049200616
B1032074151948N00049116EA0049200616
B1032084151948N00049116EA0049200616
B1032094151948N00049116EA0049200616
B1032104151948N00049116EA0049200616
B1032114151948N00049116EA0049200616
B1032124151948N00049117EA0049200616
B1032134151948N00049116EA0049000616
B1032144151949N00049115EA0049300616
B1032154151949N00049115EA0049400616
B1032164151949N00049115EA0049200617
B1032174151949N00049116EA0049200617
B1032184151949N00049117EA0049100617
B1032194151949N00049118EA0049100616
B1032204151949N00049119EA0049100616
B1032214151948N00049121EA0049200616
B1032224151947N00049123EA0049200616
B1032234151947N00049126EA0049100617
B1032244151947N00049129EA0049000617
B1032254151947N00049131EA0049100617
B1032264151946N00049134EA0048900616
B1032274151945N00049138EA0048800616
B1032284151944N00049142EA0048700615
B1032294151943N00049146EA0048900615
B1032304151942N00049148EA0049100617
B1032314151940N00049150EA0049100618
B1032324151939N00049152EA0049100618
B1032334151937N00049154EA0049100618
B1032344151935N00049156EA0049200618
B1032354151932N00049157EA0049300619
B1032364151931N00049159EA0049300621
B1032374151929N00049159EA0049300621
B1032384151926N00049160EA0049200621
B1032394151924N00049160EA0049100621
B1032404151921N00049161EA0049000620
B1032414151918N00049161EA0049100620
B1032424151915N00049161EA0049200620
B1032434151913N00049162EA0049100620
B1032444151910N00049163EA0049000620
B1032454151907N00049163EA0048900619
B1032464151904N00049163EA0048600618
B1032474151901N00049163EA0048900617
B1032484151897N00049163EA0049000617
B1032494151894N00049163EA0048700616
B1032504151892N00049163EA0048600616
B1032514151889N00049164EA0048700615
B1032524151887N00049167EA0048400613
B1032534151884N00049170EA0048500611
B1032544151881N00049173EA0048200611
B1032554151878N00049175EA0048300611
B1032564151876N00049178EA0048200612
B1032574151874N00049180EA0048100610
B1032584151871N00049183EA0047700608
B1032594151867N00049186EA0047800606
B1033004151862N00049188EA0048000606
B1033014151859N00049189EA0048300608
B1033024151856N00049190EA0048600612
B1033034151853N00049190EA0048800615
B1033044151851N00049191EA0048800617
B1033054151848N00049193EA0048800617
B1033064151845N00049195EA0048800616
B1033074151842N00049197EA0048800616
B1033084151840N00049199EA0048800617
B1033094151837N00049200EA0048900618
B1033104151835N00049202EA0048900618
B1033114151833N00049205EA0048800618
B1033124151830N00049208EA0048700617
B1033134151827N00049211EA0048700616
B1033144151824N00049214EA0048500616
B1033154151821N00049217EA0048600616
B1033164151818N00049221EA0048500616
B1033174151816N00049225EA0048600616
B1033184151814N00049229EA0048700616
B1033194151811N00049232EA0049000618
B1033204151810N00049236EA0049300620
B1033214151809N00049239EA0049600623
B1033224151809N00049241EA0049900627
B1033234151809N00049244EA0050100630
B1033244151808N00049246EA0050200631
B1033254151807N00049250EA0050100631
B1033264151805N00049255EA0050300632
B1033274151804N00049260EA0050600634
B1033284151803N00049265EA0050900637
B1033294151802N00049269EA0051200641
B1033304151802N00049273EA0051400644
B1033314151801N00049276EA0051600646
B1033324151801N00049280EA0051700648
B1033334151800N00049285EA0051900649
B1033344151800N00049290EA0052000650
B1033354151799N00049295EA0052200652
B1033364151799N00049299EA0052400655
B1033374151798N00049304EA0052700657
B1033384151797N00049308EA0052700659
B1033394151796N00049312EA0052900660
B1033404151795N00049317EA0052900661
B1033414151794N00049321EA0053100663
B1033424151793N00049324EA0053200664
B1033434151790N00049325EA0053200665
B1033444151787N00049323EA0053300666
B1033454151783N00049319EA0053300665
B1033464151781N00049313EA0053400665
B1033474151781N00049305EA0053600667
B1033484151783N00049297EA0053700668
B1033494151787N00049290EA0053700668
B1033504151793N00049284EA0053800668
B1033514151800N00049280EA0053900668
B1033524151808N00049279EA0054000669
B1033534151815N00049280EA0054300671
B1033544151821N00049283EA0054400673
B1033554151825N00049288EA0054700676
B1033564151828N00049293EA0054800678
B1033574151829N00049299EA0054900678
B1033584151830N00049304EA0055000680
B1033594151831N00049308EA0055000681
B1034004151831N00049312EA0055000681
B1034014151831N00049315EA0055000682
B1034024151829N00049317EA0055100682
B1034034151827N00049318EA0055100683
B1034044151824N00049317EA0055100683
B1034054151821N00049314EA0055200683
B1034064151819N00049309EA0055200684
B1034074151817N00049302EA0055300684
B1034084151817N00049294EA0055400685
B1034094151819N00049285EA0055400685
B1034104151823N00049277EA0055400685
B1034114151830N00049270EA0055200684
B1034124151837N00049266EA0055300683
B1034134151845N00049265EA0055400684
B1034144151852N00049267EA0055600685
B1034154151858N00049270EA0055600686
B1034164151862N00049273EA0055700687
B1034174151865N00049277EA0055700688
B1034184151866N00049282EA0055700688
B1034194151865N00049286EA0055700688
B1034204151863N00049288EA0055700688
B1034214151861N00049290EA0055700689
B1034224151858N00049289EA0055700689
B1034234151855N00049285EA0055700690
B1034244151852N00049279EA0055800689
B1034254151850N00049272EA0055700689
B1034264151850N00049264EA0055900690
B1034274151850N00049256EA0055900691
B1034284151850N00049247EA0056100692
B1034294151850N00049239EA0056200693
B1034304151850N00049231EA0056300694
B1034314151849N00049223EA0056300694
B1034324151849N00049215EA0056500695
B1034334151850N00049207EA0056500696
B1034344151851N00049198EA0056600696
B1034354151854N00049189EA0056500696
B1034364151860N00049180EA0056500695
B1034374151867N00049173EA0056500694
B1034384151875N00049169EA0056600695
B1034394151882N00049168EA0056600695
B1034404151889N00049170EA0056600696
B1034414151894N00049173EA0056700696
B1034424151898N00049177EA0056900698
B1034434151901N00049179EA0057100700
B1034444151903N00049182EA0057200702
B1034454151904N00049185EA0057300703
B1034464151905N00049187EA0057100703
B1034474151905N00049190EA0057200703
B1034484151904N00049192EA0057300704
B1034494151902N00049193EA0057400704
B1034504151900N00049192EA0057500705
B1034514151896N00049190EA0057700706
B1034524151893N00049186EA0057900708
B1034534151891N00049183EA0058100711
B1034544151889N00049180EA0058300714
B1034554151887N00049177EA0058400715
B1034564151885N00049174EA0058400716
B1034574151882N00049172EA0058400716
B1034584151879N00049170EA0058400716
B1034594151876N00049169EA0058400716
B1035004151872N00049168EA0058500716
B1035014151869N00049167EA0058700717
B1035024151866N00049165EA0058800719
B1035034151863N00049164EA0059000720
B1035044151861N00049164EA0059100722
B1035054151860N00049165EA0059200724
B1035064151859N00049166EA0059400725
B1035074151859N00049169EA0059500726
B1035084151859N00049173EA0059700728
B1035094151861N00049176EA0059800730
B1035104151861N00049178EA0060000732
B1035114151860N00049180EA0060100734
B1035124151858N00049182EA0060200735
B1035134151856N00049183EA0060300736
B1035144151853N00049182EA0060500737
B1035154151850N00049179EA0060900741
B1035164151848N00049174EA0061200744
B1035174151847N00049166EA0061400746
B1035184151846N00049157EA0061400747
B1035194151848N00049147EA0061600748
B1035204151852N00049137EA0061700749
B1035214151858N00049128EA0061800750
B1035224151865N00049122EA0062000751
B1035234151871N00049119EA0062200754
B1035244151877N00049118EA0062400756
B1035254151882N00049119EA0062500757
B1035264151886N00049121EA0062600759
B1035274151889N00049123EA0062700760
B1035284151891N00049126EA0062800761
B1035294151892N00049129EA0063000763
B1035304151893N00049132EA0063100764
B1035314151893N00049134EA0063200765
B1035324151893N00049137EA0063300766
B1035334151892N00049140EA0063400767
B1035344151891N00049141EA0063400768
B1035354151888N00049142EA0063600770
B1035364151886N00049140EA0063700771
B1035374151883N00049138EA0063800772
B1035384151881N00049136EA0064000774
B1035394151879N00049136EA0064000775
B1035404151877N00049136EA0064000776
B1035414151876N00049138EA0064200776
B1035424151875N00049140EA0064300777
B1035434151874N00049142EA0064300778
B1035444151874N00049144EA0064400779
B1035454151873N00049146EA0064300779
B1035464151871N00049149EA0064300778
B1035474151870N00049152EA0064300778
B1035484151869N00049154EA0064500779
B1035494151867N00049156EA0064500780
B1035504151866N00049158EA0064600781
B1035514151864N00049158EA0064700782
B1035524151862N00049159EA0064600782
B1035534151859N00049159EA0064600782
B1035544151856N00049159EA0064500782
B1035554151852N00049160EA0064500781
B1035564151849N00049162EA0064600781
B1035574151846N00049163EA0064700782
B1035584151844N00049163EA0064700783
B1035594151841N00049164EA0064700783
B1036004151838N00049164EA0064700783
B1036014151834N00049164EA0064700782
B1036024151830N00049164EA0064700782
B1036034151826N00049164EA0064800783
B1036044151823N00049164EA0065000785
B1036054151821N00049165EA0065100787
B1036064151821N00049167EA0065100788
B1036074151820N00049170EA0065000787
B1036084151819N00049173EA0065000787
B1036094151817N00049176EA0064900786
B1036104151816N00049178EA0064900786
B1036114151815N00049180EA0064700785
B1036124151814N00049183EA0064600784
B1036134151814N00049185EA0064500782
B1036144151813N00049188EA0064400781
B1036154151813N00049191EA0064400781
B1036164151813N00049194EA0064300780
B1036174151814N00049197EA0064300780
B1036184151816N00049200EA0064200780
B1036194151818N00049203EA0064100779
B1036204151820N00049206EA0064100779
B1036214151823N00049209EA0064100778
B1036224151826N00049212EA0064100778
B1036234151829N00049215EA0064000778
B1036244151833N00049218EA0064000777
B1036254151837N00049221EA0064000777
B1036264151841N00049224EA0063900777
B1036274151844N00049227EA0064000777
B1036284151846N00049229EA0064000778
B1036294151847N00049233EA0063900778
B1036304151849N00049236EA0063800777
B1036314151852N00049240EA0063700776
B1036324151855N00049244EA0063600775
B1036334151858N00049247EA0063400774
B1036344151861N00049250EA0063300772
B1036354151865N00049254EA0063200771
B1036364151869N00049258EA0063100770
B1036374151872N00049261EA0063000768
B1036384151877N00049264EA0062900767
B1036394151881N00049268EA0062800766
B1036404151884N00049272EA0062800765
B1036414151888N00049277EA0062700764
B1036424151892N00049282EA0062600763
B1036434151896N00049287EA0062700763
B1036444151898N00049291EA0062700763
B1036454151900N00049295EA0062700764
B1036464151902N00049299EA0062600764
B1036474151903N00049304EA0062500763
B1036484151904N00049309EA0062400762
B1036494151904N00049314EA0062300760
B1036504151904N00049318EA0062300760
B1036514151902N00049322EA0062200760
B1036524151900N00049325EA0062200759
B1036534151897N00049327EA0062100759
B1036544151894N00049328EA0062100758
B1036554151890N00049329EA0062000758
B1036564151886N00049328EA0061900757
B1036574151882N00049327EA0061800756
B1036584151877N00049326EA0061700755
B1036594151873N00049324EA0061600754
B1037004151869N00049322EA0061500753
B1037014151865N00049319EA0061300751
B1037024151860N00049315EA0061100749
B1037034151856N00049312EA0061000748
B1037044151851N00049310EA0060900746
B1037054151847N00049307EA0060800745
B1037064151842N00049303EA0060700744
B1037074151838N00049300EA0060600743
B1037084151834N00049296EA0060500741
B1037094151829N00049293EA0060400740
B1037104151825N00049289EA0060300739
B1037114151821N00049285EA0060200738
B1037124151817N00049281EA0060100737
B1037134151813N00049277EA0059900736
B1037144151809N00049273EA0059700734
B1037154151804N00049269EA0059600732
B1037164151799N00049266EA0059500730
B1037174151794N00049262EA0059400729
B1037184151789N00049259EA0059400729
B1037194151784N00049257EA0059500729
B1037204151780N00049255EA0059500729
B1037214151776N00049252EA0059300729
B1037224151772N00049250EA0059000727
B1037234151767N00049247EA0058900725
B1037244151762N00049244EA0058800723
B1037254151758N00049241EA0058800722
B1037264151754N00049238EA0058600721
B1037274151750N00049234EA0058400719
B1037284151746N00049230EA0058300717
B1037294151742N00049225EA0058000715
B1037304151738N00049220EA0057900713
B1037314151734N00049216EA0057800712
B1037324151730N00049211EA0057600711
B1037334151726N00049207EA0057400709
B1037344151722N00049202EA0057200707
B1037354151718N00049197EA0056900704
B1037364151713N00049193EA0056700702
B1037374151709N00049188EA0056500699
B1037384151704N00049184EA0056300697
B1037394151700N00049180EA0056100696
B1037404151696N00049176EA0055900694
B1037414151691N00049173EA0055800692
B1037424151687N00049170EA0055600689
B1037434151682N00049166EA0055300687
B1037444151677N00049163EA0055100685
B1037454151673N00049160EA0054900683
B1037464151668N00049157EA0054800681
B1037474151663N00049156EA0054500678
B1037484151659N00049154EA0054300676
B1037494151654N00049152EA0054200674
B1037504151649N00049150EA0054100673
B1037514151644N00049147EA0053900671
B1037524151640N00049144EA0053800670
B1037534151636N00049142EA0053600668
B1037544151632N00049139EA0053300666
B1037554151627N00049136EA0053100663
B1037564151622N00049134EA0052800660
B1037574151617N00049132EA0052600657
B1037584151612N00049131EA0052400656
B1037594151608N00049131EA0052200654
B1038004151604N00049131EA0052100653
B1038014151600N00049132EA0052000651
B1038024151597N00049135EA0051700649
B1038034151596N00049138EA0051500647
B1038044151596N00049141EA0051300645
B1038054151598N00049145EA0051000642
B1038064151600N00049148EA0050800639
B1038074151604N00049151EA0050500636
B1038084151608N00049154EA0050400634
B1038094151612N00049157EA0050200632
B1038104151616N00049160EA0050100631
B1038114151620N00049162EA0050000630
B1038124151624N00049163EA0050000629
B1038134151628N00049164EA0049900629
B1038144151633N00049165EA0049900628
B1038154151638N00049164EA0049800627
B1038164151643N00049164EA0049700626
B1038174151649N00049164EA0049600625
B1038184151655N00049164EA0049500624
B1038194151660N00049163EA0049500623
B1038204151666N00049162EA0049400622
B1038214151672N00049161EA0049300622
B1038224151678N00049160EA0049200621
B1038234151685N00049159EA0049100620
B1038244151691N00049158EA0049100619
B1038254151697N00049157EA0049000618
B1038264151703N00049157EA0048900617
B1038274151710N00049156EA0048800616
B1038284151716N00049154EA0048600615
B1038294151723N00049153EA0048500613
B1038304151730N00049152EA0048400612
B1038314151737N00049151EA0048400611
B1038324151744N00049150EA0048300610
B1038334151750N00049150EA0048200609
B1038344151755N00049149EA0048200609
B1038354151761N00049149EA0048000607
B1038364151766N00049148EA0047800606
B1038374151772N00049148EA0047600603
B1038384151779N00049148EA0047400601
B1038394151785N00049149EA0047400600
B1038404151791N00049149EA0047400600
B1038414151797N00049150EA0047500600
B1038424151802N00049151EA0047500600
B1038434151808N00049152EA0047400600
B1038444151813N00049155EA0047300599
B1038454151819N00049157EA0047300598
B1038464151824N00049160EA0047200598
B1038474151830N00049162EA0047200597
B1038484151836N00049164EA0047300598
B1038494151842N00049165EA0047300598
B1038504151848N00049166EA0047300598
B1038514151854N00049168EA0047400598
B1038524151860N00049169EA0047400598
B1038534151867N00049169EA0047300598
B1038544151873N00049171EA0047300598
B1038554151880N00049172EA0047300597
B1038564151887N00049173EA0047400597
B1038574151893N00049174EA0047500598
B1038584151899N00049175EA0047600599
B1038594151905N00049176EA0047600600
B1039004151911N00049178EA0047600600
B1039014151917N00049180EA0047600600
B1039024151922N00049183EA0047800601
B1039034151927N00049186EA0047900602
B1039044151932N00049189EA0047900603
B1039054151937N00049192EA0047900603
B1039064151942N00049196EA0047900603
B1039074151948N00049199EA0048000603
B1039084151953N00049203EA0048100604
B1039094151959N00049206EA0048200605
B1039104151964N00049209EA0048500607
B1039114151968N00049213EA0048800610
B1039124151971N00049216EA0049000612
B1039134151974N00049220EA0049100614
B1039144151977N00049226EA0049200615
B1039154151980N00049232EA0049500617
B1039164151981N00049237EA0049700621
B1039174151982N00049242EA0050100624
B1039184151981N00049245EA0050300627
B1039194151979N00049248EA0050500629
B1039204151977N00049249EA0050900633
B1039214151976N00049251EA0051300637
B1039224151976N00049254EA0051400640
B1039234151978N00049258EA0051400641
B1039244151980N00049262EA0051400641
B1039254151983N00049267EA0051300641
B1039264151984N00049271EA0051500641
B1039274151984N00049274EA0051500642
B1039284151983N00049277EA0051500643
B1039294151981N00049278EA0051700644
B1039304151978N00049278EA0052000646
B1039314151976N00049277EA0052200649
B1039324151975N00049276EA0052500652
B1039334151974N00049275EA0052500654
B1039344151973N00049274EA0052500654
B1039354151970N00049272EA0052300653
B1039364151966N00049268EA0052200652
B1039374151962N00049263EA0052200651
B1039384151959N00049256EA0052200651
B1039394151955N00049249EA0052300651
B1039404151952N00049242EA0052400652
B1039414151947N00049236EA0052500653
B1039424151943N00049231EA0052700655
B1039434151940N00049228EA0052900657
B1039444151937N00049227EA0053000659
B1039454151934N00049227EA0053100660
B1039464151931N00049228EA0053100661
B1039474151929N00049230EA0053200662
B1039484151928N00049232EA0053200662
B1039494151928N00049235EA0053200662
B1039504151930N00049239EA0053300663
B1039514151933N00049243EA0053400663
B1039524151937N00049246EA0053600664
B1039534151939N00049249EA0053900667
B1039544151939N00049253EA0054000669
B1039554151938N00049256EA0054100671
B1039564151935N00049259EA0054200672
B1039574151931N00049261EA0054500674
B1039584151928N00049263EA0054800677
B1039594151925N00049264EA0055200681
B1040004151923N00049264EA0055500685
B1040014151921N00049263EA0055800688
B1040024151918N00049261EA0055900690
B1040034151914N00049256EA0056000691
B1040044151911N00049251EA0055900692
B1040054151909N00049243EA0056100692
B1040064151908N00049235EA0056100693
B1040074151908N00049226EA0056300693
B1040084151909N00049216EA0056400694
B1040094151912N00049208EA0056500695
B1040104151917N00049201EA0056700696
B1040114151923N00049196EA0056900698
B1040124151929N00049192EA0057100700
B1040134151935N00049191EA0057300703
B1040144151940N00049192EA0057400704
B1040154151944N00049194EA0057600706
B1040164151947N00049196EA0057600707
B1040174151950N00049198EA0057700708
B1040184151952N00049201EA0057700709
B1040194151953N00049204EA0057800710
B1040204151953N00049208EA0057900710
B1040214151952N00049211EA0058100711
B1040224151951N00049214EA0058400714
B1040234151949N00049216EA0058600717
B1040244151947N00049216EA0058800719
B1040254151945N00049215EA0058900721
B1040264151942N00049212EA0059200722
B1040274151939N00049206EA0059200723
B1040284151937N00049199EA0059200724
B1040294151936N00049190EA0059200724
B1040304151936N00049182EA0059200724
B1040314151939N00049173EA0059200724
B1040324151943N00049166EA0059000723
B1040334151949N00049159EA0059000722
B1040344151956N00049154EA0059100722
B1040354151962N00049150EA0059200722
B1040364151969N00049149EA0059300724
B1040374151975N00049150EA0059400725
B1040384151981N00049151EA0059400726
B1040394151986N00049152EA0059400726
B1040404151992N00049153EA0059400726
B1040414151998N00049156EA0059500726
B1040424152002N00049160EA0059500726
B1040434152005N00049165EA0059600727
B1040444152006N00049168EA0059700728
B1040454152008N00049172EA0059800729
B1040464152010N00049175EA0059900730
B1040474152011N00049178EA0059800731
B1040484152012N00049180EA0059700731
B1040494152011N00049182EA0059600730
B1040504152011N00049184EA0059400728
B1040514152010N00049186EA0059200727
B1040524152008N00049187EA0058900725
B1040534152006N00049187EA0058800723
B1040544152003N00049188EA0058700721
B1040554152001N00049189EA0058500720
B1040564151999N00049190EA0058400718
B1040574151996N00049191EA0058200717
B1040584151993N00049191EA0058100715
B1040594151991N00049192EA0058000713
B1041004151989N00049192EA0057800712
B1041014151988N00049194EA0057700711
B1041024151986N00049195EA0057500709
B1041034151984N00049196EA0057400708
B1041044151981N00049196EA0057300707
B1041054151978N00049195EA0057300707
B1041064151976N00049195EA0057300707
B1041074151974N00049195EA0057300706
B1041084151973N00049196EA0057200706
B1041094151972N00049198EA0057100705
B1041104151971N00049201EA0057200704
B1041114151971N00049203EA0057200704
B1041124151970N00049205EA0057200705
B1041134151970N00049208EA0057200705
B1041144151970N00049210EA0057100705
B1041154151971N00049213EA0057100705
B1041164151971N00049216EA0057100704
B1041174151971N00049219EA0057000704
B1041184151971N00049222EA0057000703
B1041194151971N00049226EA0056800703
B1041204151970N00049229EA0056800702
B1041214151968N00049233EA0056800702
B1041224151966N00049235EA0056800702
B1041234151964N00049236EA0056800702
B1041244151961N00049237EA0056800702
B1041254151958N00049236EA0056700701
B1041264151954N00049235EA0056600700
B1041274151951N00049234EA0056400699
B1041284151947N00049232EA0056300697
B1041294151942N00049230EA0056200696
B1041304151938N00049228EA0056000695
B1041314151934N00049226EA0056000694
B1041324151929N00049225EA0055800692
B1041334151925N00049224EA0055900691
B1041344151920N00049223EA0055900691
B1041354151915N00049222EA0056100692
B1041364151912N00049219EA0056200694
B1041374151908N00049215EA0056300695
B1041384151905N00049211EA0056300696
B1041394151901N00049206EA0056300696
B1041404151897N00049201EA0056400696
B1041414151892N00049197EA0056300696
B1041424151888N00049193EA0056500697
B1041434151884N00049190EA0056600698
B1041444151881N00049186EA0056700700
B1041454151878N00049181EA0056600700
B1041464151874N00049177EA0056600700
B1041474151871N00049175EA0056400699
B1041484151867N00049173EA0056400698
B1041494151864N00049174EA0056200697
B1041504151861N00049176EA0056200696
B1041514151860N00049179EA0056100695
B1041524151859N00049183EA0056100694
B1041534151859N00049187EA0055900694
B1041544151861N00049192EA0055900692
B1041554151863N00049198EA0055900692
B1041564151866N00049203EA0056000692
B1041574151868N00049207EA0056200694
B1041584151870N00049210EA0056400696
B1041594151871N00049213EA0056500698
B1042004151873N00049216EA0056500699
B1042014151875N00049220EA0056400698
B1042024151877N00049225EA0056400698
B1042034151880N00049229EA0056500698
B1042044151884N00049233EA0056600699
B1042054151887N00049236EA0056900700
B1042064151890N00049239EA0056900702
B1042074151891N00049243EA0057000703
B1042084151892N00049248EA0057000703
B1042094151891N00049253EA0057100704
B1042104151888N00049256EA0057200705
B1042114151885N00049256EA0057500707
B1042124151882N00049255EA0057600709
B1042134151878N00049253EA0057800710
B1042144151875N00049249EA0058100712
B1042154151871N00049246EA0058300715
B1042164151868N00049244EA0058600718
B1042174151866N00049245EA0058700721
B1042184151864N00049249EA0058900722
B1042194151865N00049253EA0059100724
B1042204151868N00049258EA0059200726
B1042214151872N00049261EA0059400727
B1042224151875N00049265EA0059600729
B1042234151878N00049268EA0059700731
B1042244151880N00049272EA0059800732
B1042254151880N00049276EA0059800733
B1042264151879N00049278EA0059700733
B1042274151877N00049279EA0059700732
B1042284151873N00049278EA0059800733
B1042294151870N00049275EA0059900734
B1042304151868N00049271EA0059900735
B1042314151867N00049266EA0060000735
B1042324151865N00049261EA0060000735
B1042334151863N00049256EA0060000735
B1042344151861N00049250EA0059900735
B1042354151859N00049243EA0060000734
B1042364151858N00049236EA0060000734
B1042374151858N00049227EA0060000734
B1042384151860N00049218EA0060000734
B1042394151863N00049209EA0059900734
B1042404151868N00049202EA0060000734
B1042414151874N00049195EA0060100734
B1042424151880N00049188EA0060300735
B1042434151886N00049182EA0060400737
B1042444151893N00049178EA0060700739
B1042454151899N00049176EA0060800741
B1042464151905N00049174EA0060900743
B1042474151911N00049174EA0061000744
B1042484151918N00049174EA0061100744
B1042494151924N00049175EA0061400745
B1042504151930N00049178EA0061400746
B1042514151933N00049182EA0061500748
B1042524151933N00049186EA0061500748
B1042534151932N00049188EA0061500749
B1042544151931N00049189EA0061700750
B1042554151930N00049190EA0062000752
B1042564151930N00049191EA0062100754
B1042574151930N00049192EA0062200756
B1042584151929N00049193EA0062300756
B1042594151927N00049193EA0062400758
B1043004151924N00049193EA0062500759
B1043014151921N00049193EA0062400759
B1043024151919N00049192EA0062400760
B1043034151916N00049189EA0062500760
B1043044151914N00049185EA0062500759
B1043054151911N00049180EA0062500759
B1043064151910N00049174EA0062400759
B1043074151908N00049168EA0062300758
B1043084151906N00049162EA0062300758
B1043094151903N00049157EA0062300757
B1043104151900N00049151EA0062200756
B1043114151898N00049146EA0062200756
B1043124151895N00049141EA0062200757
B1043134151892N00049138EA0062200757
B1043144151889N00049135EA0062100756
B1043154151885N00049132EA0062100755
B1043164151882N00049129EA0062100756
B1043174151879N00049127EA0062100756
B1043184151877N00049124EA0062200757
B1043194151875N00049122EA0062200757
B1043204151874N00049120EA0062100757
B1043214151871N00049119EA0061900755
B1043224151868N00049118EA0061700753
B1043234151865N00049116EA0061700752
B1043244151862N00049114EA0061800752
B1043254151860N00049110EA0061800752
B1043264151857N00049107EA0061900753
B1043274151855N00049103EA0061800753
B1043284151852N00049100EA0061700752
B1043294151849N00049097EA0061600751
B1043304151846N00049093EA0061500750
B1043314151843N00049090EA0061400749
B1043324151839N00049087EA0061400748
B1043334151836N00049085EA0061300747
B1043344151833N00049082EA0061100747
B1043354151831N00049081EA0061000745
B1043364151828N00049079EA0060900744
B1043374151824N00049077EA0060800743
B1043384151822N00049075EA0060700742
B1043394151819N00049073EA0060600741
B1043404151816N00049071EA0060400739
B1043414151813N00049068EA0060100737
B1043424151809N00049066EA0060000735
B1043434151806N00049064EA0059800733
B1043444151803N00049064EA0059700731
B1043454151800N00049064EA0059600730
B1043464151798N00049064EA0059600729
B1043474151795N00049063EA0059600729
B1043484151793N00049062EA0059500729
B1043494151791N00049061EA0059300727
B1043504151788N00049061EA0059000725
B1043514151784N00049059EA0058800722
B1043524151781N00049057EA0058600720
B1043534151777N00049055EA0058500719
B1043544151774N00049054EA0058400718
B1043554151772N00049055EA0058200716
B1043564151770N00049058EA0058000714
B1043574151770N00049062EA0057800712
B1043584151770N00049066EA0057600711
B1043594151772N00049071EA0057500709
B1044004151773N00049075EA0057500709
B1044014151775N00049078EA0057300708
B1044024151777N00049083EA0057100706
B1044034151780N00049088EA0056900704
B1044044151782N00049093EA0056900702
B1044054151784N00049099EA0056900702
B1044064151786N00049104EA0057000702
B1044074151787N00049108EA0057100703
B1044084151789N00049112EA0057200704
B1044094151790N00049117EA0057200705
B1044104151791N00049121EA0057300706
B1044114151792N00049125EA0057400707
B1044124151794N00049130EA0057600709
B1044134151795N00049133EA0057600710
B1044144151795N00049137EA0057600710
B1044154151795N00049140EA0057500710
B1044164151794N00049144EA0057500709
B1044174151793N00049148EA0057400709
B1044184151792N00049153EA0057400708
B1044194151790N00049156EA0057500709
B1044204151787N00049159EA0057600709
B1044214151784N00049160EA0057600710
B1044224151782N00049162EA0057700711
B1044234151780N00049164EA0057900712
B1044244151778N00049167EA0058100714
B1044254151776N00049170EA0058400717
B1044264151775N00049172EA0058800720
B1044274151774N00049173EA0058900723
B1044284151773N00049174EA0059000725
B1044294151772N00049176EA0059200726
B1044304151771N00049179EA0059200727
B1044314151771N00049182EA0059500729
B1044324151772N00049186EA0059600730
B1044334151776N00049189EA0059800732
B1044344151781N00049191EA0059700734
B1044354151788N00049190EA0059800734
B1044364151796N00049187EA0059800734
B1044374151804N00049181EA0059900734
B1044384151810N00049173EA0060200735
B1044394151815N00049164EA0060300737
B1044404151818N00049155EA0060500738
B1044414151819N00049145EA0060700740
B1044424151818N00049137EA0060800742
B1044434151817N00049130EA0060900742
B1044444151814N00049124EA0061100744
B1044454151812N00049120EA0061300746
B1044464151809N00049119EA0061400748
B1044474151807N00049119EA0061700750
B1044484151805N00049119EA0061800752
B1044494151804N00049121EA0062000754
B1044504151804N00049124EA0062300756
B1044514151804N00049127EA0062500758
B1044524151806N00049130EA0062800761
B1044534151810N00049134EA0063000764
B1044544151815N00049136EA0063200766
B1044554151822N00049137EA0063400769
B1044564151829N00049134EA0063600770
B1044574151836N00049128EA0063600771
B1044584151842N00049119EA0063700772
B1044594151845N00049109EA0063900773
B1045004151846N00049100EA0064000774
B1045014151844N00049093EA0064100775
B1045024151841N00049089EA0064100776
B1045034151839N00049087EA0064300778
B1045044151837N00049086EA0064600781
B1045054151835N00049086EA0065000784
B1045064151835N00049087EA0065200787
B1045074151834N00049089EA0065400789
B1045084151834N00049091EA0065400791
B1045094151834N00049093EA0065700792
B1045104151836N00049097EA0065700794
B1045114151839N00049101EA0065900795
B1045124151845N00049104EA0066000796
B1045134151851N00049105EA0066200798
B1045144151858N00049103EA0066300799
B1045154151865N00049098EA0066300800
B1045164151871N00049091EA0066300800
B1045174151876N00049082EA0066300799
B1045184151880N00049072EA0066500800
B1045194151882N00049063EA0066700802
B1045204151882N00049054EA0066700804
B1045214151880N00049048EA0066800804
B1045224151878N00049043EA0066800805
B1045234151875N00049040EA0066800805
B1045244151873N00049038EA0066900805
B1045254151870N00049038EA0066900805
B1045264151869N00049038EA0067100807
B1045274151868N00049039EA0067400809
B1045284151867N00049039EA0067600811
B1045294151867N00049040EA0067700813
B1045304151866N00049042EA0067800814
B1045314151866N00049045EA0068100816
B1045324151866N00049047EA0068300818
B1045334151867N00049049EA0068600821
B1045344151868N00049051EA0068700823
B1045354151870N00049054EA0068900825
B1045364151872N00049058EA0069000826
B1045374151875N00049062EA0069100828
B1045384151879N00049065EA0069300830
B1045394151885N00049068EA0069400831
B1045404151892N00049068EA0069500833
B1045414151899N00049066EA0069700834
B1045424151906N00049063EA0069700836
B1045434151912N00049057EA0069900836
B1045444151918N00049049EA0069900837
B1045454151922N00049039EA0070000837
B1045464151923N00049029EA0070100838
B1045474151921N00049021EA0070200839
B1045484151919N00049015EA0070400841
B1045494151917N00049011EA0070500843
B1045504151914N00049009EA0070700845
B1045514151911N00049008EA0070900846
B1045524151909N00049008EA0071100848
B1045534151908N00049007EA0071400851
B1045544151906N00049006EA0071500853
B1045554151905N00049006EA0071700855
B1045564151904N00049007EA0072000858
B1045574151902N00049007EA0072100860
B1045584151901N00049006EA0072200861
B1045594151899N00049007EA0072400862
B1046004151897N00049009EA0072500863
B1046014151895N00049012EA0072500864
B1046024151895N00049014EA0072800867
B1046034151895N00049017EA0072900869
B1046044151895N00049019EA0073100871
B1046054151895N00049021EA0073200872
B1046064151895N00049023EA0073300873
B1046074151895N00049025EA0073400874
B1046084151893N00049027EA0073500874
B1046094151892N00049029EA0073600875
B1046104151891N00049030EA0073600876
B1046114151889N00049032EA0073800878
B1046124151888N00049033EA0073900879
B1046134151886N00049033EA0074000880
B1046144151884N00049034EA0074100881
B1046154151883N00049035EA0074200883
B1046164151882N00049036EA0074400884
B1046174151880N00049037EA0074400885
B1046184151879N00049038EA0074400885
B1046194151877N00049039EA0074500885
B1046204151874N00049041EA0074400885
B1046214151872N00049042EA0074400885
B1046224151870N00049044EA0074300885
B1046234151868N00049046EA0074200884
B1046244151866N00049047EA0074100883
B1046254151863N00049050EA0073800881
B1046264151861N00049052EA0073700880
B1046274151859N00049053EA0073600879
B1046284151857N00049054EA0073500878
B1046294151854N00049055EA0073400877
B1046304151851N00049055EA0073200875
B1046314151849N00049055EA0073000873
B1046324151847N00049057EA0072700871
B1046334151845N00049059EA0072400869
B1046344151843N00049062EA0072200866
B1046354151841N00049064EA0072000864
B1046364151840N00049067EA0071900862
B1046374151838N00049070EA0071800861
B1046384151836N00049073EA0071700860
B1046394151835N00049075EA0071700859
B1046404151833N00049076EA0071600858
B1046414151831N00049078EA0071500857
B1046424151829N00049080EA0071300856
B1046434151828N00049082EA0071100854
B1046444151826N00049085EA0070800851
B1046454151825N00049088EA0070700849
B1046464151823N00049091EA0070600848
B1046474151822N00049093EA0070700847
B1046484151821N00049095EA0070700847
B1046494151820N00049097EA0070700848
B1046504151819N00049099EA0070700848
B1046514151819N00049101EA0070600847
B1046524151819N00049104EA0070600847
B1046534151819N00049108EA0070600846
B1046544151820N00049111EA0070500846
B1046554151819N00049115EA0070400845
B1046564151819N00049119EA0070400845
B1046574151818N00049122EA0070400845
B1046584151817N00049125EA0070500845
B1046594151816N00049128EA0070600845
B1047004151815N00049131EA0070500846
B1047014151814N00049133EA0070500846
B1047024151813N00049136EA0070400846
B1047034151811N00049139EA0070500845
B1047044151810N00049142EA0070500845
B1047054151810N00049145EA0070600846
B1047064151810N00049148EA0070600846
B1047074151810N00049151EA0070600846
B1047084151810N00049154EA0070600846
B1047094151809N00049157EA0070600846
B1047104151808N00049160EA0070500846
B1047114151806N00049161EA0070500846
B1047124151803N00049162EA0070500845
B1047134151800N00049162EA0070600846
B1047144151797N00049162EA0070800847
B1047154151795N00049163EA0070900849
B1047164151794N00049165EA0070700849
B1047174151793N00049169EA0070600848
B1047184151793N00049174EA0070400846
B1047194151793N00049179EA0070300844
B1047204151793N00049183EA0070100843
B1047214151793N00049187EA0070100842
B1047224151793N00049192EA0070000842
B1047234151794N00049196EA0069900841
B1047244151794N00049201EA0069900840
B1047254151794N00049206EA0069800839
B1047264151793N00049211EA0069800838
B1047274151792N00049216EA0069800838
B1047284151793N00049220EA0069900839
B1047294151795N00049225EA0069900839
B1047304151798N00049230EA0069900839
B1047314151801N00049235EA0070000840
B1047324151804N00049239EA0070100841
B1047334151806N00049243EA0070200842
B1047344151808N00049246EA0070200842
B1047354151809N00049250EA0070100842
B1047364151810N00049254EA0070100842
B1047374151811N00049258EA0069900841
B1047384151813N00049262EA0069900840
B1047394151816N00049268EA0069700839
B1047404151819N00049273EA0069500837
B1047414151823N00049279EA0069500836
B1047424151827N00049285EA0069400835
B1047434151831N00049289EA0069400835
B1047444151834N00049293EA0069500835
B1047454151837N00049297EA0069500836
B1047464151840N00049301EA0069500836
B1047474151843N00049304EA0069500836
B1047484151847N00049307EA0069500836
B1047494151850N00049311EA0069500835
B1047504151854N00049316EA0069400835
B1047514151857N00049320EA0069500835
B1047524151859N00049324EA0069500835
B1047534151861N00049328EA0069400835
B1047544151862N00049332EA0069300835
B1047554151862N00049336EA0069200834
B1047564151861N00049339EA0069300833
B1047574151860N00049341EA0069400834
B1047584151858N00049341EA0069400834
B1047594151856N00049339EA0069500835
B1048004151854N00049337EA0069400836
B1048014151851N00049335EA0069500835
B1048024151848N00049332EA0069400835
B1048034151845N00049328EA0069500835
B1048044151843N00049323EA0069600836
B1048054151841N00049318EA0069800838
B1048064151840N00049314EA0070100840
B1048074151839N00049309EA0070300842
B1048084151839N00049303EA0070300843
B1048094151839N00049295EA0070400844
B1048104151840N00049286EA0070400844
B1048114151843N00049276EA0070500844
B1048124151848N00049268EA0070700846
B1048134151854N00049262EA0070800847
B1048144151861N00049258EA0070800848
B1048154151869N00049256EA0070900847
B1048164151876N00049257EA0070900848
B1048174151882N00049259EA0071000848
B1048184151886N00049264EA0071100849
B1048194151888N00049268EA0071200850
B1048204151888N00049272EA0071300851
B1048214151887N00049274EA0071400852
B1048224151885N00049275EA0071600854
B1048234151883N00049273EA0071700855
B1048244151881N00049271EA0071800856
B1048254151879N00049267EA0071800857
B1048264151877N00049262EA0072000858
B1048274151876N00049255EA0072100859
B1048284151876N00049247EA0072200860
B1048294151878N00049237EA0072200860
B1048304151883N00049228EA0072400860
B1048314151890N00049221EA0072500862
B1048324151897N00049218EA0072800864
B1048334151904N00049217EA0072900866
B1048344151910N00049219EA0072800867
B1048354151916N00049222EA0072900868
B1048364151921N00049226EA0073000868
B1048374151924N00049230EA0073200870
B1048384151926N00049234EA0073200872
B1048394151927N00049237EA0073300872
B1048404151927N00049240EA0073400873
B1048414151928N00049244EA0073400874
B1048424151929N00049248EA0073500874
B1048434151929N00049252EA0073600875
B1048444151928N00049254EA0073700877
B1048454151927N00049255EA0073900878
B1048464151926N00049255EA0074000879
B1048474151924N00049254EA0074000880
B1048484151922N00049251EA0074000881
B1048494151919N00049248EA0074100881
B1048504151917N00049243EA0074100881
B1048514151916N00049237EA0074200881
B1048524151915N00049229EA0074200882
B1048534151915N00049220EA0074400882
B1048544151918N00049210EA0074400883
B1048554151923N00049201EA0074400883
B1048564151930N00049194EA0074400883
B1048574151939N00049190EA0074500884
B1048584151946N00049188EA0074800886
B1048594151952N00049188EA0074900889
B1049004151957N00049190EA0075000890
B1049014151962N00049192EA0074900890
B1049024151968N00049196EA0074800889
B1049034151972N00049201EA0075000889
B1049044151977N00049206EA0075100890
B1049054151980N00049211EA0075300891
B1049064151983N00049214EA0075400893
B1049074151985N00049218EA0075500895
B1049084151987N00049222EA0075500896
B1049094151988N00049226EA0075400896
B1049104151988N00049230EA0075500895
B1049114151987N00049233EA0075400896
B1049124151986N00049235EA0075500896
B1049134151983N00049235EA0075500896
B1049144151981N00049234EA0075600897
B1049154151979N00049232EA0075700898
B1049164151977N00049230EA0075800899
B1049174151974N00049226EA0075800899
B1049184151971N00049222EA0075900900
B1049194151968N00049217EA0076000900
B1049204151966N00049211EA0076100901
B1049214151966N00049204EA0076200902
B1049224151967N00049194EA0076200903
B1049234151971N00049185EA0076200902
B1049244151975N00049175EA0076100902
B1049254151981N00049168EA0076200902
B1049264151988N00049162EA0076200903
B1049274151995N00049159EA0076200902
B1049284152003N00049158EA0076200901
B1049294152009N00049159EA0076200902
B1049304152015N00049161EA0076400903
B1049314152020N00049163EA0076400904
B1049324152024N00049167EA0076400904
B1049334152027N00049172EA0076500905
B1049344152029N00049177EA0076600905
B1049354152029N00049181EA0076700906
B1049364152029N00049184EA0076900908
B1049374152029N00049186EA0076900910
B1049384152027N00049188EA0076900911
B1049394152025N00049189EA0076900910
B1049404152023N00049191EA0076900910
B1049414152021N00049192EA0076800910
B1049424152018N00049194EA0076800910
B1049434152016N00049196EA0076700910
B1049444152014N00049199EA0076600910
B1049454152012N00049201EA0076600909
B1049464152009N00049203EA0076600909
B1049474152006N00049205EA0076700909
B1049484152004N00049207EA0076800909
B1049494152003N00049209EA0076900911
B1049504152001N00049211EA0076900912
B1049514151999N00049214EA0077000912
B1049524151998N00049217EA0077000912
B1049534151996N00049220EA0077200913
B1049544151995N00049223EA0077400915
B1049554151993N00049227EA0077600917
B1049564151992N00049231EA0077900919
B1049574151992N00049235EA0078100922
B1049584151992N00049241EA0078300925
B1049594151993N00049246EA0078600927
B1050004151994N00049252EA0079000930
B1050014151995N00049257EA0079200934
B1050024151996N00049263EA0079400937
B1050034151996N00049268EA0079700939
B1050044151996N00049274EA0079900941
B1050054151996N00049279EA0080100943
B1050064151996N00049284EA0080300946
B1050074151996N00049288EA0080500948
B1050084151995N00049293EA0080900951
B1050094151994N00049297EA0081200954
B1050104151992N00049301EA0081500957
B1050114151990N00049304EA0081800961
B1050124151988N00049305EA0082000964
B1050134151986N00049305EA0082200967
B1050144151984N00049304EA0082300968
B1050154151981N00049301EA0082400970
B1050164151978N00049296EA0082600970
B1050174151976N00049289EA0082800972
B1050184151976N00049280EA0083000974
B1050194151978N00049272EA0083200976
B1050204151982N00049263EA0083500978
B1050214151987N00049256EA0083800981
B1050224151993N00049250EA0084000984
B1050234152000N00049247EA0084400987
B1050244152007N00049246EA0084600989
B1050254152014N00049248EA0084700991
B1050264152020N00049251EA0084800992
B1050274152025N00049255EA0085000993
B1050284152029N00049260EA0085300996
B1050294152031N00049265EA0085500998
B1050304152031N00049270EA0085801001
B1050314152030N00049275EA0085901003
B1050324152028N00049278EA0086301007
B1050334152026N00049280EA0086501010
B1050344152024N00049281EA0086701012
B1050354152021N00049281EA0086901014
B1050364152017N00049280EA0087101015
B1050374152014N00049277EA0087301017
B1050384152012N00049272EA0087701020
B1050394152012N00049265EA0087901023
B1050404152013N00049257EA0088101025
B1050414152016N00049249EA0088301027
B1050424152020N00049242EA0088501029
B1050434152025N00049236EA0088801032
B1050444152030N00049232EA0089101035
B1050454152037N00049230EA0089201037
B1050464152043N00049228EA0089501038
B1050474152050N00049228EA0089701040
B1050484152055N00049229EA0090001044
B1050494152060N00049232EA0090201047
B1050504152064N00049236EA0090501049
B1050514152068N00049242EA0090901052
B1050524152071N00049247EA0091201055
B1050534152072N00049253EA0091701060
B1050544152071N00049257EA0092001064
B1050554152070N00049261EA0092301068
B1050564152069N00049265EA0092701071
B1050574152067N00049269EA0093001075
B1050584152065N00049272EA0093401079
B1050594152062N00049274EA0093801083
B1051004152059N00049274EA0094201088
B1051014152056N00049272EA0094601092
B1051024152054N00049269EA0094901095
B1051034152052N00049264EA0095101098
B1051044152050N00049256EA0095101099
B1051054152050N00049247EA0095401101
B1051064152051N00049237EA0095901103
B1051074152054N00049228EA0096301108
B1051084152058N00049222EA0096801113
B1051094152064N00049217EA0097001118
B1051104152070N00049214EA0097101120
B1051114152076N00049212EA0097301121
B1051124152083N00049210EA0097401123
B1051134152090N00049210EA0097701125
B1051144152096N00049213EA0097901127
B1051154152101N00049216EA0098301130
B1051164152105N00049221EA0098601133
B1051174152108N00049226EA0098901136
B1051184152109N00049232EA0099301140
B1051194152109N00049238EA0099601144
B1051204152108N00049243EA0100101148
B1051214152107N00049247EA0100401152
B1051224152104N00049249EA0100801157
B1051234152101N00049251EA0101101161
B1051244152098N00049251EA0101401164
B1051254152095N00049249EA0101701167
B1051264152092N00049246EA0101901169
B1051274152089N00049240EA0102001171
B1051284152088N00049232EA0102001172
B1051294152089N00049223EA0102201173
B1051304152089N00049214EA0102401174
B1051314152091N00049205EA0102801178
B1051324152094N00049197EA0103301183
B1051334152098N00049191EA0103701188
B1051344152103N00049187EA0104001191
B1051354152110N00049184EA0104301194
B1051364152116N00049182EA0104501197
B1051374152122N00049183EA0104801200
B1051384152127N00049186EA0105101203
B1051394152131N00049192EA0105501206
B1051404152134N00049198EA0105901209
B1051414152135N00049204EA0106301214
B1051424152135N00049209EA0106701219
B1051434152134N00049213EA0107001223
B1051444152132N00049217EA0107301226
B1051454152129N00049221EA0107401229
B1051464152125N00049222EA0107701231
B1051474152121N00049220EA0108001233
B1051484152117N00049217EA0107901235
B1051494152114N00049211EA0108101236
B1051504152112N00049205EA0108201238
B1051514152111N00049197EA0108501239
B1051524152111N00049189EA0108801241
B1051534152111N00049182EA0109101245
B1051544152112N00049175EA0109401249
B1051554152113N00049168EA0109801252
B1051564152115N00049161EA0110001255
B1051574152119N00049154EA0110301257
B1051584152123N00049147EA0110501260
B1051594152129N00049142EA0110901263
B1052004152134N00049139EA0111401267
B1052014152140N00049138EA0111901272
B1052024152145N00049139EA0112201277
B1052034152150N00049142EA0112701281
B1052044152154N00049145EA0113101285
B1052054152158N00049150EA0113501289
B1052064152160N00049156EA0113801293
B1052074152161N00049163EA0114201296
B1052084152160N00049170EA0114601301
B1052094152158N00049174EA0115201306
B1052104152155N00049178EA0115601311
B1052114152152N00049180EA0115901315
B1052124152148N00049181EA0116101318
B1052134152144N00049179EA0116301321
B1052144152140N00049175EA0116501323
B1052154152137N00049169EA0116601325
B1052164152135N00049162EA0116901327
B1052174152135N00049155EA0117101329
B1052184152135N00049148EA0117401332
B1052194152137N00049141EA0117601334
B1052204152140N00049135EA0117901337
B1052214152144N00049129EA0118301340
B1052224152149N00049125EA0118501343
B1052234152155N00049124EA0118801346
B1052244152161N00049124EA0119301350
B1052254152166N00049126EA0119701354
B1052264152171N00049128EA0120201359
B1052274152175N00049132EA0120701364
B1052284152178N00049136EA0121001369
B1052294152180N00049141EA0121401373
B1052304152182N00049147EA0121901377
B1052314152182N00049154EA0122201380
B1052324152181N00049160EA0122601384
B1052334152178N00049165EA0123001388
B1052344152174N00049168EA0123101392
B1052354152169N00049168EA0123201394
B1052364152164N00049166EA0123301395
B1052374152160N00049162EA0123301396
B1052384152156N00049156EA0123401396
B1052394152153N00049149EA0123601397
B1052404152152N00049141EA0123801399
B1052414152152N00049134EA0124001401
B1052424152153N00049127EA0124301404
B1052434152154N00049120EA0124501406
B1052444152156N00049113EA0124701408
B1052454152159N00049105EA0124901410
B1052464152163N00049098EA0125101412
B1052474152169N00049093EA0125401415
B1052484152175N00049090EA0125801418
B1052494152180N00049089EA0126301423
B1052504152185N00049090EA0126801428
B1052514152189N00049091EA0127201433
B1052524152194N00049092EA0127701438
B1052534152198N00049094EA0128101442
B1052544152202N00049096EA0128301446
B1052554152205N00049100EA0128701449
B1052564152207N00049106EA0128701451
B1052574152208N00049112EA0128901453
B1052584152208N00049119EA0129201455
B1052594152207N00049125EA0129601458
B1053004152205N00049131EA0129901462
B1053014152202N00049136EA0130201465
B1053024152197N00049140EA0130501468
B1053034152192N00049143EA0130801472
B1053044152187N00049146EA0131101475
B1053054152182N00049146EA0131301478
B1053064152177N00049145EA0131501480
B1053074152171N00049143EA0131601482
B1053084152166N00049140EA0131701483
B1053094152161N00049135EA0131701484
B1053104152157N00049129EA0131701484
B1053114152153N00049121EA0131801484
B1053124152151N00049113EA0131801485
B1053134152150N00049106EA0132001486
B1053144152149N00049099EA0132201488
B1053154152149N00049092EA0132301489
B1053164152149N00049084EA0132401490
B1053174152151N00049075EA0132601491
B1053184152153N00049068EA0132801493
B1053194152156N00049061EA0133001495
B1053204152160N00049055EA0133301498
B1053214152164N00049050EA0133501501
B1053224152169N00049047EA0133801503
B1053234152173N00049045EA0134101506
B1053244152178N00049044EA0134401509
B1053254152182N00049044EA0134801513
B1053264152186N00049045EA0135001516
B1053274152190N00049048EA0135301519
B1053284152193N00049052EA0135501521
B1053294152196N00049057EA0135601523
B1053304152198N00049062EA0135901525
B1053314152200N00049067EA0136201528
B1053324152202N00049072EA0136401530
B1053334152203N00049078EA0136601533
B1053344152205N00049083EA0137001536
B1053354152207N00049088EA0137301539
B1053364152208N00049093EA0137601543
B1053374152209N00049098EA0137801546
B1053384152209N00049103EA0138001548
B1053394152210N00049109EA0138201550
B1053404152209N00049114EA0138301552
B1053414152207N00049120EA0138501554
B1053424152204N00049124EA0138701556
B1053434152199N00049127EA0138901558
B1053444152193N00049129EA0139201560
B1053454152188N00049129EA0139501564
B1053464152183N00049128EA0139701567
B1053474152177N00049125EA0139901569
B1053484152172N00049121EA0139901570
B1053494152167N00049115EA0140101571
B1053504152162N00049108EA0140201573
B1053514152159N00049101EA0140301574
B1053524152156N00049093EA0140501576
B1053534152155N00049086EA0140601577
B1053544152154N00049078EA0140601578
B1053554152154N00049070EA0140801579
B1053564152153N00049062EA0140801579
B1053574152154N00049054EA0140901580
B1053584152156N00049046EA0141001581
B1053594152159N00049040EA0141201582
B1054004152164N00049036EA0141301583
B1054014152168N00049032EA0141501585
B1054024152173N00049029EA0141801586
B1054034152178N00049027EA0142001589
B1054044152182N00049026EA0142201592
B1054054152186N00049027EA0142401594
B1054064152191N00049028EA0142501595
B1054074152195N00049030EA0142701597
B1054084152200N00049032EA0142801598
B1054094152203N00049036EA0143001600
B1054104152207N00049039EA0143301602
B1054114152209N00049044EA0143501605
B1054124152211N00049048EA0143701607
B1054134152212N00049053EA0143901610
B1054144152212N00049058EA0144101611
B1054154152210N00049063EA0144001613
B1054164152207N00049068EA0144101614
B1054174152204N00049073EA0144201615
B1054184152201N00049078EA0144401616
B1054194152197N00049082EA0144601617
B1054204152193N00049085EA0144701619
B1054214152188N00049086EA0144901621
B1054224152184N00049086EA0144901623
B1054234152180N00049087EA0144901624
B1054244152176N00049086EA0144801623
B1054254152171N00049085EA0144601621
B1054264152165N00049080EA0144401618
B1054274152161N00049073EA0144401616
B1054284152158N00049065EA0144601617
B1054294152156N00049057EA0144801620
B1054304152155N00049050EA0145001622
B1054314152155N00049043EA0145201624
B1054324152155N00049036EA0145201625
B1054334152156N00049028EA0145401625
B1054344152158N00049021EA0145601627
B1054354152161N00049013EA0145901629
B1054364152164N00049007EA0146101631
B1054374152167N00049002EA0146101633
B1054384152170N00048998EA0146301635
B1054394152174N00048993EA0146401635
B1054404152179N00048990EA0146401636
B1054414152184N00048987EA0146601637
B1054424152189N00048987EA0146801638
B1054434152193N00048989EA0147001640
B1054444152197N00048991EA0147301643
B1054454152199N00048995EA0147501646
B1054464152200N00048998EA0147601648
B1054474152201N00049001EA0147701650
B1054484152202N00049004EA0147801650
B1054494152202N00049008EA0147801651
B1054504152202N00049012EA0147701650
B1054514152200N00049017EA0147501650
B1054524152197N00049021EA0147601649
B1054534152195N00049025EA0147501649
B1054544152193N00049027EA0147401649
B1054554152191N00049030EA0147201648
B1054564152190N00049034EA0147001646
B1054574152188N00049039EA0146901643
B1054584152187N00049044EA0146801642
B1054594152186N00049048EA0146701641
B1055004152186N00049052EA0146501641
B1055014152185N00049056EA0146501640
B1055024152185N00049060EA0146301638
B1055034152185N00049064EA0146201637
B1055044152185N00049068EA0146001636
B1055054152185N00049073EA0145801634
B1055064152185N00049077EA0145601632
B1055074152184N00049082EA0145401630
B1055084152184N00049087EA0145201628
B1055094152183N00049092EA0145101626
B1055104152183N00049096EA0144901625
B1055114152183N00049100EA0144901625
B1055124152182N00049105EA0144701623
B1055134152182N00049109EA0144401621
B1055144152181N00049114EA0144201618
B1055154152181N00049119EA0143801616
B1055164152180N00049125EA0143601613
B1055174152180N00049130EA0143501611
B1055184152179N00049136EA0143301609
B1055194152179N00049141EA0143101608
B1055204152179N00049146EA0143001606
B1055214152179N00049152EA0142701604
B1055224152180N00049158EA0142401601
B1055234152180N00049164EA0142201599
B1055244152180N00049170EA0142101597
B1055254152179N00049176EA0142001596
B1055264152178N00049182EA0141901595
B1055274152178N00049187EA0141801594
B1055284152178N00049193EA0141601592
B1055294152177N00049199EA0141401590
B1055304152177N00049205EA0141201588
B1055314152175N00049211EA0141001586
B1055324152174N00049216EA0140801584
B1055334152174N00049222EA0140601582
B1055344152174N00049228EA0140501581
B1055354152174N00049234EA0140401579
B1055364152175N00049240EA0140201578
B1055374152175N00049246EA0140201577
B1055384152176N00049252EA0140101576
B1055394152178N00049258EA0140001575
B1055404152180N00049264EA0140001574
B1055414152181N00049269EA0140001574
B1055424152182N00049274EA0140101575
B1055434152183N00049278EA0140101576
B1055444152184N00049282EA0140001575
B1055454152185N00049287EA0139901574
B1055464152185N00049294EA0140001573
B1055474152186N00049300EA0140101574
B1055484152186N00049306EA0140201575
B1055494152187N00049311EA0140201575
B1055504152189N00049316EA0140201576
B1055514152190N00049322EA0140201575
B1055524152191N00049328EA0140001575
B1055534152193N00049335EA0139901573
B1055544152194N00049342EA0139801572
B1055554152195N00049348EA0139801572
B1055564152196N00049355EA0139801572
B1055574152198N00049361EA0140001573
B1055584152199N00049366EA0140001574
B1055594152199N00049371EA0140001574
B1056004152201N00049377EA0139901573
B1056014152202N00049383EA0139801572
B1056024152203N00049389EA0139801572
B1056034152205N00049395EA0139901572
B1056044152206N00049401EA0140101573
B1056054152207N00049407EA0140301575
B1056064152208N00049412EA0140501577
B1056074152209N00049416EA0140601579
B1056084152212N00049421EA0140801581
B1056094152214N00049426EA0141001582
B1056104152216N00049430EA0141201584
B1056114152217N00049435EA0141401586
B1056124152218N00049439EA0141601589
B1056134152218N00049442EA0141701591
B1056144152217N00049446EA0141801592
B1056154152214N00049448EA0141801593
B1056164152210N00049450EA0141801593
B1056174152205N00049450EA0141801593
B1056184152201N00049447EA0141901593
B1056194152197N00049443EA0142001594
B1056204152194N00049436EA0142001595
B1056214152192N00049429EA0142101595
B1056224152191N00049420EA0142201595
B1056234152193N00049412EA0142201596
B1056244152196N00049404EA0142401597
B1056254152200N00049398EA0142501598
B1056264152204N00049394EA0142601599
B1056274152209N00049391EA0142701600
B1056284152214N00049390EA0142801601
B1056294152218N00049391EA0142901602
B1056304152222N00049391EA0143101603
B1056314152225N00049393EA0143201605
B1056324152227N00049396EA0143301606
B1056334152228N00049400EA0143401607
B1056344152227N00049405EA0143401607
B1056354152224N00049409EA0143501608
B1056364152220N00049411EA0143601609
B1056374152215N00049410EA0143601610
B1056384152211N00049407EA0143601610
B1056394152207N00049403EA0143601610
B1056404152203N00049396EA0143701610
B1056414152200N00049389EA0143601610
B1056424152198N00049381EA0143701611
B1056434152197N00049372EA0143801612
B1056444152197N00049364EA0143901612
B1056454152199N00049355EA0144001613
B1056464152202N00049347EA0144001614
B1056474152206N00049341EA0144201615
B1056484152210N00049336EA0144301616
B1056494152215N00049332EA0144301617
B1056504152220N00049330EA0144401617
B1056514152225N00049330EA0144601617
B1056524152228N00049332EA0144601618
B1056534152231N00049336EA0144701619
B1056544152232N00049341EA0144801621
B1056554152231N00049346EA0144901622
B1056564152229N00049350EA0145001624
B1056574152226N00049353EA0145101624
B1056584152223N00049355EA0145001624
B1056594152218N00049357EA0145001624
B1057004152214N00049357EA0145101624
B1057014152210N00049356EA0145101625
B1057024152205N00049355EA0145101625
B1057034152201N00049353EA0145101625
B1057044152197N00049349EA0145101625
B1057054152193N00049343EA0145201625
B1057064152190N00049336EA0145201625
B1057074152188N00049329EA0145201626
B1057084152189N00049321EA0145301626
B1057094152192N00049313EA0145301626
B1057104152197N00049306EA0145301626
B1057114152202N00049302EA0145501627
B1057124152207N00049299EA0145601629
B1057134152211N00049298EA0145601630
B1057144152215N00049298EA0145701631
B1057154152219N00049300EA0145701631
B1057164152222N00049303EA0145601630
B1057174152225N00049307EA0145601630
B1057184152226N00049311EA0145601630
B1057194152227N00049314EA0145701631
B1057204152228N00049317EA0145701631
B1057214152229N00049321EA0145601631
B1057224152229N00049325EA0145501631
B1057234152229N00049329EA0145501630
B1057244152229N00049334EA0145501630
B1057254152229N00049338EA0145501630
B1057264152228N00049343EA0145501631
B1057274152227N00049348EA0145601631
B1057284152226N00049352EA0145601632
B1057294152226N00049356EA0145701633
B1057304152227N00049359EA0145801633
B1057314152228N00049363EA0145701634
B1057324152229N00049366EA0145801634
B1057334152230N00049370EA0145601633
B1057344152229N00049374EA0145501633
B1057354152226N00049379EA0145401631
B1057364152223N00049383EA0145301630
B1057374152220N00049387EA0145301629
B1057384152217N00049392EA0145101628
B1057394152214N00049396EA0145001627
B1057404152211N00049401EA0144901626
B1057414152208N00049407EA0144801624
B1057424152206N00049413EA0144701623
B1057434152203N00049419EA0144701623
B1057444152201N00049424EA0144701623
B1057454152199N00049430EA0144801623
B1057464152197N00049435EA0144901623
B1057474152195N00049439EA0144901624
B1057484152191N00049443EA0144901625
B1057494152187N00049445EA0144801625
B1057504152181N00049447EA0144701624
B1057514152174N00049446EA0144601622
B1057524152168N00049445EA0144601622
B1057534152162N00049441EA0144701622
B1057544152157N00049437EA0144701623
B1057554152152N00049431EA0144601623
B1057564152147N00049427EA0144601622
B1057574152142N00049424EA0144501622
B1057584152136N00049423EA0144501621
B1057594152131N00049424EA0144401621
B1058004152127N00049425EA0144401620
B1058014152124N00049427EA0144401621
B1058024152121N00049430EA0144401621
B1058034152120N00049433EA0144201619
B1058044152119N00049437EA0144001618
B1058054152119N00049441EA0144001617
B1058064152119N00049446EA0144001616
B1058074152120N00049450EA0144101616
B1058084152123N00049453EA0144101617
B1058094152126N00049454EA0144001617
B1058104152130N00049455EA0143901616
B1058114152134N00049457EA0143801615
B1058124152138N00049460EA0143801614
B1058134152140N00049464EA0143701614
B1058144152142N00049468EA0143801614
B1058154152143N00049473EA0143801614
B1058164152146N00049477EA0143801614
B1058174152149N00049481EA0143801614
B1058184152152N00049483EA0143901615
B1058194152155N00049485EA0143901616
B1058204152158N00049487EA0143901616
B1058214152161N00049489EA0143801615
B1058224152165N00049491EA0143501613
B1058234152169N00049495EA0143401611
B1058244152172N00049498EA0143401610
B1058254152176N00049500EA0143501611
B1058264152180N00049502EA0143601612
B1058274152183N00049502EA0143801613
B1058284152187N00049502EA0143901614
B1058294152191N00049501EA0143901614
B1058304152195N00049497EA0144001614
B1058314152199N00049492EA0144001614
B1058324152203N00049485EA0144101615
B1058334152206N00049478EA0144201616
B1058344152210N00049473EA0144301617
B1058354152214N00049469EA0144501618
B1058364152219N00049467EA0144601618
B1058374152223N00049467EA0144801620
B1058384152225N00049468EA0145001622
B1058394152225N00049470EA0145101624
B1058404152224N00049473EA0145001624
B1058414152222N00049475EA0145001625
B1058424152219N00049477EA0145001625
B1058434152214N00049478EA0145101624
B1058444152208N00049478EA0145001624
B1058454152201N00049476EA0145101624
B1058464152195N00049472EA0145201625
B1058474152190N00049466EA0145501628
B1058484152186N00049458EA0145601629
B1058494152182N00049449EA0145601630
B1058504152180N00049439EA0145601630
B1058514152181N00049428EA0145501630
B1058524152184N00049418EA0145401628
B1058534152189N00049411EA0145201626
B1058544152195N00049408EA0145101625
B1058554152200N00049407EA0145301625
B1058564152203N00049406EA0145501627
B1058574152206N00049405EA0145601629
B1058584152209N00049403EA0145801630
B1058594152212N00049403EA0145801631
B1059004152216N00049403EA0145901631
B1059014152219N00049405EA0145901631
B1059024152222N00049407EA0146201633
B1059034152224N00049410EA0146301636
B1059044152224N00049412EA0146601639
B1059054152224N00049413EA0146801641
B1059064152224N00049415EA0146701642
B1059074152223N00049418EA0146801643
B1059084152220N00049421EA0146801643
B1059094152216N00049424EA0146901643
B1059104152211N00049426EA0147101644
B1059114152206N00049426EA0147301647
B1059124152200N00049424EA0147501649
B1059134152194N00049419EA0147501650
B1059144152189N00049412EA0147701650
B1059154152185N00049403EA0147901652
B1059164152184N00049393EA0148201655
B1059174152184N00049385EA0148401658
B1059184152186N00049376EA0148401659
B1059194152188N00049368EA0148501660
B1059204152192N00049361EA0148601660
B1059214152197N00049356EA0148701661
B1059224152202N00049353EA0148801662
B1059234152206N00049352EA0149001664
B1059244152209N00049352EA0149201666
B1059254152211N00049353EA0149401668
B1059264152212N00049354EA0149401669
B1059274152213N00049356EA0149601670
B1059284152213N00049360EA0149601670
B1059294152214N00049363EA0149801672
B1059304152214N00049366EA0150001673
B1059314152214N00049369EA0150101676
B1059324152212N00049372EA0150301678
B1059334152210N00049374EA0150301680
B1059344152206N00049377EA0150401680
B1059354152201N00049379EA0150601681
B1059364152195N00049380EA0150801682
B1059374152189N00049379EA0151001684
B1059384152184N00049376EA0151501688
B1059394152179N00049372EA0152101693
B1059404152176N00049368EA0152401698
B1059414152173N00049363EA0152501701
B1059424152169N00049357EA0152501702
B1059434152165N00049349EA0152301701
B1059444152163N00049340EA0152001699
B1059454152164N00049331EA0151801698
B1059464152167N00049324EA0151601696
B1059474152172N00049318EA0151501694
B1059484152177N00049314EA0151601693
B1059494152181N00049310EA0151901695
B1059504152186N00049304EA0152201697
B1059514152189N00049300EA0152401700
B1059524152193N00049297EA0152501703
B1059534152197N00049295EA0152601704
B1059544152202N00049294EA0152701705
B1059554152206N00049295EA0152801705
B1059564152209N00049297EA0153101707
B1059574152211N00049298EA0153301710
B1059584152212N00049300EA0153501712
B1059594152213N00049301EA0153601713
B1100004152214N00049304EA0153601714
B1100014152215N00049308EA0153801714
B1100024152215N00049312EA0153901716
B1100034152214N00049315EA0154201719
B1100044152213N00049318EA0154401721
B1100054152212N00049321EA0154601724
B1100064152210N00049324EA0154701725
B1100074152208N00049327EA0154801727
B1100084152205N00049330EA0154901728
B1100094152201N00049332EA0155001728
B1100104152196N00049334EA0155101729
B1100114152192N00049336EA0155301731
B1100124152187N00049336EA0155501733
B1100134152183N00049334EA0155701736
B1100144152179N00049331EA0155701737
B1100154152174N00049327EA0155701738
B1100164152170N00049321EA0155901738
B1100174152167N00049314EA0156001739
B1100184152166N00049305EA0156201740
B1100194152166N00049296EA0156201742
B1100204152167N00049287EA0156301742
B1100214152170N00049278EA0156401743
B1100224152173N00049269EA0156401743
B1100234152178N00049262EA0156501744
B1100244152183N00049256EA0156601745
B1100254152188N00049252EA0156701746
B1100264152193N00049248EA0156901748
B1100274152197N00049246EA0157001749
B1100284152201N00049246EA0157101750
B1100294152205N00049248EA0157101751
B1100304152208N00049251EA0157101751
B1100314152211N00049254EA0157301752
B1100324152213N00049256EA0157601755
B1100334152214N00049259EA0157701757
B1100344152215N00049262EA0157801758
B1100354152216N00049267EA0157901759
B1100364152216N00049272EA0158001759
B1100374152215N00049276EA0158101760
B1100384152212N00049280EA0158301762
B1100394152209N00049281EA0158601765
B1100404152205N00049282EA0158601766
B1100414152200N00049282EA0158701767
B1100424152195N00049282EA0158701768
B1100434152190N00049280EA0158801768
B1100444152185N00049276EA0158901769
B1100454152182N00049270EA0159001770
B1100464152179N00049263EA0159101771
B1100474152177N00049255EA0159201772
B1100484152175N00049247EA0159401773
B1100494152176N00049239EA0159401774
B1100504152177N00049230EA0159501775
B1100514152180N00049222EA0159601776
B1100524152184N00049216EA0159601776
B1100534152189N00049212EA0159601777
B1100544152194N00049209EA0159601776
B1100554152200N00049208EA0159601776
B1100564152205N00049208EA0159701776
B1100574152209N00049210EA0159801777
B1100584152212N00049213EA0159901778
B1100594152215N00049216EA0160001780
B1101004152216N00049219EA0160301781
B1101014152218N00049222EA0160401783
B1101024152219N00049225EA0160501784
B1101034152221N00049228EA0160601785
B1101044152223N00049232EA0160601786
B1101054152226N00049236EA0160701787
B1101064152228N00049240EA0160801788
B1101074152231N00049243EA0161101790
B1101084152234N00049246EA0161301792
B1101094152237N00049249EA0161501794
B1101104152240N00049251EA0161601796
B1101114152244N00049254EA0161701797
B1101124152247N00049259EA0161901798
B1101134152251N00049263EA0162001800
B1101144152254N00049268EA0162501803
B1101154152256N00049271EA0162801807
B1101164152259N00049274EA0163001810
B1101174152261N00049277EA0163201813
B1101184152264N00049280EA0163401814
B1101194152267N00049284EA0163401815
B1101204152271N00049288EA0163601817
B1101214152274N00049290EA0163801819
B1101224152277N00049292EA0164001821
B1101234152280N00049294EA0164201823
B1101244152283N00049296EA0164301824
B1101254152286N00049298EA0164401826
B1101264152289N00049302EA0164401826
B1101274152291N00049305EA0164501827
B1101284152292N00049309EA0164501827
B1101294152291N00049314EA0164701828
B1101304152288N00049317EA0164901830
B1101314152285N00049318EA0165001832
B1101324152281N00049317EA0165301835
B1101334152277N00049315EA0165401836
B1101344152273N00049310EA0165401837
B1101354152268N00049304EA0165501838
B1101364152264N00049297EA0165801839
B1101374152260N00049291EA0166101842
B1101384152258N00049284EA0166401846
B1101394152257N00049277EA0166501848
B1101404152257N00049268EA0166501849
B1101414152258N00049258EA0166601849
B1101424152259N00049248EA0166701850
B1101434152262N00049239EA0167001852
B1101444152266N00049233EA0167101855
B1101454152271N00049229EA0167401857
B1101464152277N00049225EA0167601859
B1101474152282N00049222EA0167701861
B1101484152288N00049221EA0168001863
B1101494152292N00049220EA0168101864
B1101504152297N00049221EA0168201865
B1101514152301N00049222EA0168301867
B1101524152304N00049223EA0168401868
B1101534152307N00049225EA0168401869
B1101544152309N00049228EA0168401869
B1101554152311N00049231EA0168301869
B1101564152311N00049234EA0168301868
B1101574152311N00049238EA0168201867
B1101584152311N00049242EA0168301867
B1101594152309N00049245EA0168601868
B1102004152306N00049247EA0168701870
B1102014152303N00049248EA0168901873
B1102024152299N00049247EA0169101874
B1102034152294N00049246EA0169101876
B1102044152289N00049243EA0169301876
B1102054152284N00049239EA0169401877
B1102064152280N00049234EA0169501879
B1102074152276N00049226EA0169501880
B1102084152274N00049217EA0169601880
B1102094152272N00049208EA0169801882
B1102104152271N00049200EA0169801883
B1102114152272N00049191EA0169901885
B1102124152275N00049182EA0170001885
B1102134152279N00049173EA0169901884
B1102144152284N00049166EA0170001884
B1102154152290N00049161EA0170201886
B1102164152297N00049159EA0170401887
B1102174152302N00049158EA0170701890
B1102184152307N00049158EA0170901893
B1102194152312N00049158EA0170901895
B1102204152317N00049158EA0170901895
B1102214152321N00049160EA0170801895
B1102224152325N00049163EA0170901894
B1102234152329N00049165EA0170901895
B1102244152332N00049168EA0171101896
B1102254152336N00049170EA0171401898
B1102264152338N00049173EA0171701901
B1102274152339N00049175EA0171801903
B1102284152338N00049178EA0171801904
B1102294152336N00049179EA0171801905
B1102304152334N00049180EA0171801905
B1102314152331N00049180EA0171701904
B1102324152326N00049179EA0171601903
B1102334152322N00049178EA0171701903
B1102344152317N00049174EA0171801904
B1102354152313N00049169EA0171801905
B1102364152308N00049163EA0172001905
B1102374152304N00049156EA0172101906
B1102384152301N00049149EA0172501909
B1102394152299N00049141EA0172701911
B1102404152298N00049133EA0172801914
B1102414152298N00049125EA0173001916
B1102424152299N00049116EA0173101917
B1102434152301N00049107EA0173101917
B1102444152304N00049099EA0173301918
B1102454152308N00049091EA0173401919
B1102464152313N00049084EA0173501920
B1102474152319N00049079EA0173601922
B1102484152325N00049076EA0173701923
B1102494152331N00049074EA0173701924
B1102504152336N00049074EA0173901924
B1102514152342N00049075EA0174101926
B1102524152345N00049077EA0174201927
B1102534152348N00049079EA0174401930
B1102544152350N00049080EA0174601932
B1102554152351N00049082EA0174601933
B1102564152351N00049084EA0174401933
B1102574152351N00049087EA0174301931
B1102584152351N00049091EA0174301930
B1102594152351N00049095EA0174501930
B1103004152349N00049098EA0174601932
B1103014152347N00049100EA0174801934
B1103024152344N00049102EA0175001936
B1103034152340N00049102EA0175101937
B1103044152336N00049101EA0175101939
B1103054152331N00049099EA0175101939
B1103064152327N00049095EA0175101939
B1103074152322N00049090EA0175301940
B1103084152317N00049083EA0175401941
B1103094152313N00049076EA0175501942
B1103104152310N00049067EA0175701943
B1103114152308N00049057EA0175801944
B1103124152307N00049048EA0175901946
B1103134152306N00049039EA0176201948
B1103144152307N00049030EA0176401950
B1103154152309N00049021EA0176301951
B1103164152313N00049013EA0176201950
B1103174152318N00049005EA0176401950
B1103184152323N00048999EA0176501950
B1103194152329N00048994EA0176701953
B1103204152335N00048991EA0176801955
B1103214152341N00048989EA0177001956
B1103224152347N00048987EA0177001957
B1103234152352N00048988EA0177001958
B1103244152357N00048990EA0177201958
B1103254152360N00048993EA0177201959
B1103264152363N00048997EA0177201960
B1103274152364N00049000EA0177401961
B1103284152364N00049003EA0177501963
B1103294152362N00049006EA0177601964
B1103304152360N00049009EA0177601965
B1103314152356N00049010EA0177801966
B1103324152352N00049010EA0177801967
B1103334152348N00049009EA0177901968
B1103344152342N00049007EA0178001968
B1103354152336N00049004EA0178001968
B1103364152331N00048998EA0178201970
B1103374152327N00048991EA0178401971
B1103384152325N00048982EA0178601973
B1103394152324N00048972EA0178701975
B1103404152324N00048963EA0178901977
B1103414152326N00048954EA0178901978
B1103424152329N00048946EA0179101979
B1103434152332N00048937EA0179001979
B1103444152337N00048929EA0179101979
B1103454152343N00048923EA0179201980
B1103464152350N00048921EA0179401981
B1103474152356N00048920EA0179501982
B1103484152360N00048921EA0179701984
B1103494152364N00048922EA0179901986
B1103504152366N00048924EA0180001988
B1103514152366N00048927EA0180001989
B1103524152366N00048930EA0180001989
B1103534152366N00048933EA0180001989
B1103544152366N00048936EA0180201990
B1103554152366N00048939EA0180201991
B1103564152365N00048942EA0180201992
B1103574152365N00048945EA0180301992
B1103584152364N00048949EA0180301993
B1103594152364N00048952EA0180301993
B1104004152363N00048955EA0180301992
B1104014152362N00048959EA0180201992
B1104024152363N00048963EA0180201992
B1104034152363N00048967EA0180301993
B1104044152364N00048971EA0180201993
B1104054152365N00048975EA0180201993
B1104064152365N00048980EA0180101992
B1104074152364N00048984EA0180101991
B1104084152364N00048988EA0180201992
B1104094152364N00048992EA0180101992
B1104104152364N00048996EA0180101992
B1104114152365N00049000EA0180001992
B1104124152365N00049004EA0179901991
B1104134152366N00049009EA0179801990
B1104144152366N00049013EA0179901990
B1104154152367N00049017EA0179901991
B1104164152368N00049021EA0179801991
B1104174152368N00049026EA0179801990
B1104184152369N00049031EA0179801989
B1104194152369N00049036EA0179901990
B1104204152370N00049040EA0180101991
B1104214152371N00049043EA0180201993
B1104224152373N00049046EA0180301994
B1104234152374N00049049EA0180301995
B1104244152375N00049052EA0180301995
B1104254152375N00049057EA0180501995
B1104264152375N00049061EA0180601996
B1104274152375N00049065EA0180801998
B1104284152376N00049069EA0181102001
B1104294152377N00049071EA0181302003
B1104304152379N00049074EA0181302004
B1104314152380N00049077EA0181402005
B1104324152382N00049081EA0181502006
B1104334152384N00049084EA0181702008
B1104344152386N00049087EA0182002010
B1104354152388N00049088EA0182002012
B1104364152390N00049090EA0182202014
B1104374152393N00049092EA0182202014
B1104384152395N00049095EA0182302015
B1104394152397N00049098EA0182502017
B1104404152398N00049101EA0182702019
B1104414152398N00049104EA0182702020
B1104424152397N00049108EA0182802021
B1104434152394N00049112EA0182702020
B1104444152390N00049115EA0182702020
B1104454152384N00049116EA0182702019
B1104464152377N00049113EA0182602019
B1104474152371N00049107EA0182702020
B1104484152367N00049100EA0182802020
B1104494152364N00049091EA0182902021
B1104504152362N00049082EA0182902022
B1104514152362N00049073EA0183002022
B1104524152362N00049064EA0183002022
B1104534152364N00049055EA0182902022
B1104544152367N00049047EA0182902022
B1104554152371N00049040EA0183002022
B1104564152377N00049036EA0183002022
B1104574152382N00049033EA0183202023
B1104584152387N00049031EA0183402025
B1104594152391N00049029EA0183602027
B1105004152394N00049028EA0183702029
B1105014152398N00049028EA0183802030
B1105024152403N00049028EA0183802030
B1105034152408N00049028EA0183802030
B1105044152412N00049029EA0183902031
B1105054152415N00049031EA0184202033
B1105064152418N00049033EA0184402035
B1105074152422N00049035EA0184502037
B1105084152425N00049036EA0184602038
B1105094152428N00049037EA0184702039
B1105104152431N00049039EA0184602039
B1105114152434N00049043EA0184602039
B1105124152434N00049048EA0184602038
B1105134152434N00049053EA0184502038
B1105144152433N00049057EA0184702039
B1105154152431N00049061EA0184802040
B1105164152428N00049063EA0184802041
B1105174152425N00049066EA0184902042
B1105184152421N00049069EA0184802042
B1105194152415N00049070EA0184902042
B1105204152410N00049069EA0184902042
B1105214152404N00049066EA0184902042
B1105224152399N00049063EA0184802041
B1105234152394N00049058EA0184802041
B1105244152389N00049053EA0184702041
B1105254152385N00049046EA0184602040
B1105264152381N00049038EA0184502039
B1105274152378N00049028EA0184502038
B1105284152376N00049018EA0184502037
B1105294152376N00049008EA0184602038
B1105304152378N00048999EA0184902040
B1105314152380N00048990EA0185002042
B1105324152383N00048982EA0185202044
B1105334152386N00048974EA0185402045
B1105344152391N00048967EA0185602047
B1105354152396N00048961EA0185502048
B1105364152400N00048954EA0185602049
B1105374152404N00048948EA0185802050
B1105384152408N00048945EA0185702051
B1105394152413N00048944EA0185602050
B1105404152417N00048946EA0185602049
B1105414152420N00048949EA0185702050
B1105424152421N00048952EA0185802051
B1105434152421N00048956EA0186002053
B1105444152421N00048959EA0186002054
B1105454152420N00048963EA0186102054
B1105464152420N00048967EA0186002054
B1105474152420N00048972EA0186002054
B1105484152420N00048977EA0186002054
B1105494152420N00048981EA0186102055
B1105504152420N00048985EA0186302056
B1105514152420N00048989EA0186402057
B1105524152419N00048992EA0186502058
B1105534152419N00048996EA0186502059
B1105544152418N00049000EA0186402058
B1105554152416N00049004EA0186202058
B1105564152415N00049010EA0186302057
B1105574152415N00049015EA0186302057
B1105584152417N00049020EA0186302057
B1105594152419N00049025EA0186002056
B1106004152423N00049029EA0185902054
B1106014152427N00049032EA0185702053
B1106024152432N00049032EA0185702051
B1106034152437N00049029EA0185602050
B1106044152442N00049024EA0185602049
B1106054152446N00049016EA0185602049
B1106064152448N00049007EA0185602049
B1106074152449N00048998EA0185602049
B1106084152449N00048988EA0185602049
B1106094152449N00048979EA0185802049
B1106104152447N00048970EA0185902051
B1106114152444N00048964EA0185802052
B1106124152440N00048958EA0185802052
B1106134152436N00048953EA0185802052
B1106144152431N00048950EA0185802051
B1106154152426N00048949EA0185902052
B1106164152422N00048951EA0185902052
B1106174152418N00048954EA0186002052
B1106184152415N00048958EA0186102053
B1106194152413N00048962EA0186202055
B1106204152413N00048966EA0186202055
B1106214152413N00048970EA0186202056
B1106224152414N00048974EA0186202056
B1106234152416N00048978EA0186102056
B1106244152417N00048982EA0186002054
B1106254152418N00048987EA0186002053
B1106264152418N00048991EA0186002053
B1106274152418N00048996EA0186302055
B1106284152417N00048999EA0186502056
B1106294152416N00049002EA0186602058
B1106304152414N00049004EA0186602059
B1106314152410N00049007EA0186702060
B1106324152406N00049007EA0186702060
B1106334152401N00049006EA0186702060
B1106344152395N00049002EA0186702061
B1106354152390N00048997EA0186802061
B1106364152386N00048991EA0186902062
B1106374152382N00048984EA0187002063
B1106384152379N00048976EA0187102064
B1106394152377N00048966EA0187102065
B1106404152377N00048956EA0187202065
B1106414152378N00048945EA0187302065
B1106424152381N00048936EA0187202065
B1106434152386N00048929EA0187402066
B1106444152391N00048923EA0187502066
B1106454152396N00048919EA0187602067
B1106464152401N00048917EA0187602068
B1106474152405N00048917EA0187502069
B1106484152410N00048917EA0187502069
B1106494152414N00048917EA0187502068
B1106504152419N00048919EA0187502068
B1106514152422N00048922EA0187602068
B1106524152425N00048926EA0187702069
B1106534152426N00048930EA0187702070
B1106544152426N00048933EA0187802071
B1106554152426N00048937EA0187902072
B1106564152426N00048940EA0188002073
B1106574152426N00048942EA0188002074
B1106584152426N00048945EA0188002075
B1106594152426N00048949EA0188002075
B1107004152427N00048953EA0188102074
B1107014152427N00048957EA0188102075
B1107024152427N00048960EA0188202076
B1107034152428N00048963EA0188402077
B1107044152428N00048966EA0188302078
B1107054152429N00048969EA0188302079
B1107064152429N00048972EA0188402078
B1107074152430N00048976EA0188402079
B1107084152431N00048979EA0188602080
B1107094152432N00048982EA0188702081
B1107104152432N00048984EA0188702082
B1107114152431N00048986EA0188502081
B1107124152431N00048989EA0188302080
B1107134152429N00048992EA0188102078
B1107144152429N00048995EA0188002076
B1107154152428N00048998EA0188002075
B1107164152429N00049001EA0187902075
B1107174152429N00049004EA0187802074
B1107184152429N00049007EA0187802073
B1107194152427N00049009EA0187602072
B1107204152424N00049010EA0187402070
B1107214152420N00049011EA0187302069
B1107224152416N00049011EA0187202068
B1107234152413N00049011EA0187002067
B1107244152409N00049011EA0186802065
B1107254152404N00049010EA0186602063
B1107264152399N00049008EA0186502061
B1107274152393N00049005EA0186402059
B1107284152388N00049000EA0186302059
B1107294152384N00048994EA0186302058
B1107304152380N00048987EA0186202057
B1107314152377N00048979EA0186102056
B1107324152375N00048969EA0185902054
B1107334152374N00048959EA0185802053
B1107344152376N00048948EA0185502051
B1107354152378N00048938EA0185302049
B1107364152382N00048928EA0185302048
B1107374152387N00048920EA0185102046
B1107384152393N00048913EA0185002045
B1107394152398N00048908EA0185002043
B1107404152404N00048905EA0184802042
B1107414152410N00048904EA0184802041
B1107424152415N00048906EA0184802041
B1107434152419N00048909EA0184802040
B1107444152421N00048912EA0184702040
B1107454152423N00048915EA0184702040
B1107464152424N00048917EA0184602040
B1107474152425N00048920EA0184602039
B1107484152425N00048923EA0184402038
B1107494152425N00048926EA0184202036
B1107504152425N00048929EA0184002034
B1107514152425N00048933EA0183802032
B1107524152425N00048936EA0183602030
B1107534152424N00048940EA0183402029
B1107544152424N00048943EA0183202027
B1107554152423N00048947EA0183102025
B1107564152422N00048950EA0182902023
B1107574152420N00048953EA0182702021
B1107584152419N00048956EA0182502019
B1107594152418N00048959EA0182102016
B1108004152418N00048963EA0181802014
B1108014152417N00048968EA0181602010
B1108024152415N00048973EA0181402008
B1108034152413N00048977EA0181402006
B1108044152412N00048980EA0181502007
B1108054152412N00048983EA0181502008
B1108064152412N00048984EA0181402008
B1108074152413N00048986EA0181202007
B1108084152414N00048990EA0180902004
B1108094152416N00048994EA0180702001
B1108104152417N00048998EA0180701999
B1108114152418N00049001EA0180601999
B1108124152419N00049004EA0180501999
B1108134152419N00049007EA0180401998
B1108144152420N00049010EA0180101996
B1108154152421N00049014EA0179901993
B1108164152421N00049019EA0179701991
B1108174152422N00049023EA0179501988
B1108184152423N00049026EA0179301987
B1108194152424N00049030EA0179201985
B1108204152425N00049032EA0178901983
B1108214152427N00049035EA0178701980
B1108224152427N00049038EA0178201977
B1108234152426N00049040EA0178001974
B1108244152425N00049042EA0177801972
B1108254152424N00049043EA0177501969
B1108264152425N00049044EA0177001965
B1108274152425N00049046EA0176601961
B1108284152426N00049049EA0176301956
B1108294152426N00049052EA0175901953
B1108304152425N00049054EA0175601950
B1108314152425N00049056EA0175401947
B1108324152424N00049058EA0175001944
B1108334152423N00049060EA0174701940
B1108344152422N00049062EA0174401937
B1108354152422N00049064EA0174101934
B1108364152420N00049066EA0173801931
B1108374152419N00049068EA0173401927
B1108384152418N00049069EA0173101924
B1108394152417N00049071EA0172801920
B1108404152415N00049073EA0172301916
B1108414152413N00049074EA0172001913
B1108424152410N00049075EA0171601909
B1108434152407N00049076EA0171401905
B1108444152405N00049078EA0171101902
B1108454152403N00049081EA0170901899
B1108464152403N00049084EA0170701897
B1108474152404N00049087EA0170601897
B1108484152405N00049090EA0170501896
B1108494152405N00049092EA0170301895
B1108504152405N00049094EA0170101893
B1108514152406N00049097EA0169801890
B1108524152406N00049101EA0169501886
B1108534152406N00049106EA0169201883
B1108544152407N00049110EA0169101881
B1108554152407N00049114EA0169001880
B1108564152408N00049117EA0168901879
B1108574152409N00049120EA0168701878
B1108584152409N00049123EA0168301875
B1108594152409N00049126EA0168001872
B1109004152408N00049130EA0167701869
B1109014152406N00049134EA0167501865
B1109024152404N00049138EA0167301863
B1109034152403N00049143EA0167201861
B1109044152403N00049147EA0167201861
B1109054152402N00049150EA0167201860
B1109064152400N00049152EA0167001859
B1109074152398N00049155EA0166901858
B1109084152395N00049158EA0166701856
B1109094152392N00049160EA0166601854
B1109104152388N00049161EA0166401853
B1109114152384N00049162EA0166301851
B1109124152380N00049162EA0166201850
B1109134152376N00049162EA0166001848
B1109144152371N00049162EA0165801847
B1109154152367N00049162EA0165701845
B1109164152363N00049161EA0165601843
B1109174152358N00049160EA0165301842
B1109184152354N00049159EA0165101840
B1109194152350N00049158EA0164801838
B1109204152346N00049158EA0164501835
B1109214152341N00049157EA0164301831
B1109224152336N00049158EA0164101828
B1109234152332N00049160EA0163801826
B1109244152327N00049162EA0163601823
B1109254152322N00049164EA0163501822
B1109264152318N00049166EA0163401820
B1109274152314N00049169EA0163201818
B1109284152310N00049172EA0163101817
B1109294152306N00049175EA0162901815
B1109304152303N00049178EA0162801814
B1109314152299N00049181EA0162701812
B1109324152296N00049184EA0162601811
B1109334152293N00049188EA0162601810
B1109344152291N00049192EA0162601810
B1109354152289N00049196EA0162601810
B1109364152287N00049198EA0162701811
B1109374152284N00049199EA0162601811
B1109384152281N00049201EA0162401810
B1109394152278N00049203EA0162301808
B1109404152275N00049205EA0162301807
B1109414152273N00049208EA0162401807
B1109424152271N00049210EA0162501808
B1109434152269N00049211EA0162601810
B1109444152267N00049211EA0162701810
B1109454152264N00049212EA0162501810
B1109464152261N00049213EA0162401809
B1109474152258N00049214EA0162301807
B1109484152254N00049215EA0162201806
B1109494152251N00049217EA0162201806
B1109504152248N00049220EA0162101805
B1109514152247N00049222EA0162201805
B1109524152245N00049225EA0162201805
B1109534152243N00049227EA0162301806
B1109544152242N00049229EA0162301806
B1109554152241N00049232EA0162201806
B1109564152241N00049234EA0162201806
B1109574152240N00049238EA0162201805
B1109584152238N00049241EA0162201805
B1109594152237N00049244EA0162301805
B1110004152235N00049246EA0162301805
B1110014152234N00049248EA0162301806
B1110024152233N00049249EA0162201806
B1110034152232N00049251EA0162101805
B1110044152230N00049253EA0161901803
B1110054152229N00049256EA0161701802
B1110064152227N00049258EA0161701801
B1110074152225N00049259EA0161601800
B1110084152223N00049261EA0161501799
B1110094152221N00049263EA0161401798
B1110104152219N00049264EA0161201796
B1110114152217N00049266EA0161001794
B1110124152215N00049268EA0160701792
B1110134152213N00049270EA0160501790
B1110144152211N00049273EA0160401788
B1110154152209N00049276EA0160201785
B1110164152208N00049279EA0159901783
B1110174152206N00049281EA0159801781
B1110184152204N00049284EA0159601779
B1110194152202N00049286EA0159301777
B1110204152200N00049289EA0159101775
B1110214152197N00049290EA0158801772
B1110224152194N00049292EA0158601770
B1110234152192N00049293EA0158401768
B1110244152190N00049294EA0158201765
B1110254152187N00049296EA0158001763
B1110264152184N00049296EA0157701761
B1110274152181N00049297EA0157501758
B1110284152179N00049299EA0157201755
B1110294152177N00049300EA0157001752
B1110304152175N00049302EA0156801750
B1110314152174N00049303EA0156501748
B1110324152173N00049304EA0156401746
B1110334152171N00049305EA0156001743
B1110344152170N00049306EA0155601739
B1110354152168N00049308EA0155201735
B1110364152166N00049310EA0154801731
B1110374152164N00049312EA0154401727
B1110384152161N00049314EA0154101723
B1110394152159N00049317EA0153901720
B1110404152157N00049320EA0153701717
B1110414152155N00049322EA0153501716
B1110424152154N00049324EA0153401714
B1110434152153N00049325EA0153301713
B1110444152152N00049326EA0153001712
B1110454152151N00049327EA0152601708
B1110464152150N00049328EA0152401705
B1110474152148N00049331EA0151901701
B1110484152146N00049333EA0151701697
B1110494152145N00049335EA0151501695
B1110504152144N00049337EA0151401694
B1110514152144N00049338EA0151201693
B1110524152144N00049339EA0151001690
B1110534152144N00049341EA0150701688
B1110544152144N00049343EA0150401685
B1110554152145N00049346EA0150101682
B1110564152145N00049349EA0149901680
B1110574152146N00049351EA0149801678
B1110584152147N00049353EA0149601676
B1110594152148N00049355EA0149401674
B1111004152148N00049358EA0149201672
B1111014152148N00049361EA0149101670
B1111024152148N00049363EA0148901668
B1111034152147N00049365EA0148601666
B1111044152147N00049367EA0148501664
B1111054152147N00049370EA0148201662
B1111064152147N00049372EA0147901659
B1111074152146N00049375EA0147601656
B1111084152145N00049378EA0147401653
B1111094152145N00049381EA0147201651
B1111104152145N00049384EA0147001649
B1111114152145N00049387EA0146801646
B1111124152145N00049389EA0146501644
B1111134152145N00049392EA0146301641
B1111144152145N00049395EA0145801638
B1111154152144N00049398EA0145601635
B1111164152143N00049401EA0145201631
B1111174152141N00049404EA0145101628
B1111184152139N00049407EA0144801625
B1111194152137N00049410EA0144601623
B1111204152135N00049412EA0144401621
B1111214152134N00049413EA0144301619
B1111224152132N00049415EA0143901617
B1111234152131N00049418EA0143601613
B1111244152130N00049422EA0143301609
B1111254152130N00049426EA0143001607
B1111264152132N00049429EA0143201606
B1111274152134N00049430EA0143401608
B1111284152137N00049429EA0143501609
B1111294152138N00049428EA0143301608
B1111304152139N00049428EA0142901605
B1111314152140N00049430EA0142701601
B1111324152142N00049433EA0142501599
B1111334152143N00049436EA0142501598
B1111344152145N00049438EA0142501598
B1111354152146N00049439EA0142401598
B1111364152147N00049439EA0142401597
B1111374152147N00049440EA0142301597
B1111384152146N00049440EA0142201596
B1111394152145N00049441EA0142101595
B1111404152144N00049442EA0141901593
B1111414152144N00049444EA0141701590
B1111424152143N00049447EA0141601589
B1111434152141N00049449EA0141601588
B1111444152140N00049450EA0141701588
B1111454152139N00049450EA0141701589
B1111464152137N00049449EA0141701589
B1111474152136N00049449EA0141601589
B1111484152135N00049450EA0141501588
B1111494152133N00049451EA0141501587
B1111504152131N00049453EA0141501587
B1111514152129N00049454EA0141801589
B1111524152128N00049453EA0142101592
B1111534152127N00049452EA0142301594
B1111544152127N00049449EA0142301596
B1111554152126N00049447EA0142301597
B1111564152125N00049446EA0142201596
B1111574152124N00049446EA0142101595
B1111584152123N00049446EA0142201595
B1111594152123N00049447EA0142301595
B1112004152122N00049447EA0142401597
B1112014152121N00049446EA0142501599
B1112024152120N00049446EA0142701600
B1112034152119N00049446EA0142801601
B1112044152118N00049446EA0142901601
B1112054152117N00049447EA0143001603
B1112064152115N00049447EA0143401605
B1112074152113N00049448EA0143901609
B1112084152112N00049448EA0144101613
B1112094152112N00049449EA0144101615
B1112104152112N00049448EA0143901614
B1112114152111N00049448EA0143601613
B1112124152110N00049448EA0143501611
B1112134152110N00049450EA0143201608
B1112144152110N00049452EA0143101606
B1112154152112N00049454EA0143101605
B1112164152116N00049455EA0143101605
B1112174152121N00049454EA0142901604
B1112184152128N00049452EA0142801602
B1112194152135N00049447EA0142501600
B1112204152142N00049439EA0142401598
B1112214152148N00049430EA0142401597
B1112224152153N00049418EA0142401597
B1112234152156N00049405EA0142401596
B1112244152159N00049391EA0142601597
B1112254152161N00049379EA0142701598
B1112264152162N00049367EA0142901600
B1112274152162N00049356EA0142901601
B1112284152161N00049345EA0143001601
B1112294152159N00049335EA0142901601
B1112304152156N00049326EA0142901601
B1112314152153N00049318EA0143001602
B1112324152150N00049312EA0143001602
B1112334152147N00049308EA0142901602
B1112344152145N00049305EA0142801601
B1112354152143N00049302EA0142801601
B1112364152141N00049299EA0142801601
B1112374152140N00049297EA0142601600
B1112384152139N00049295EA0142501599
B1112394152138N00049295EA0142401597
B1112404152137N00049296EA0142201596
B1112414152137N00049296EA0142301595
B1112424152137N00049296EA0142401596
B1112434152137N00049295EA0142401597
B1112444152137N00049293EA0142201597
B1112454152138N00049292EA0142001594
B1112464152139N00049292EA0141701591
B1112474152141N00049294EA0141301588
B1112484152144N00049294EA0141001584
B1112494152148N00049295EA0140801582
B1112504152152N00049295EA0140801581
B1112514152156N00049295EA0140801581
B1112524152160N00049294EA0140701581
B1112534152164N00049293EA0140701580
B1112544152168N00049291EA0140701579
B1112554152173N00049290EA0140701579
B1112564152176N00049290EA0140801580
B1112574152179N00049290EA0140801581
B1112584152180N00049290EA0140901581
B1112594152183N00049290EA0141101582
B1113004152186N00049290EA0141301584
B1113014152190N00049288EA0141401585
B1113024152195N00049284EA0141501586
B1113034152202N00049279EA0141501587
B1113044152208N00049270EA0141601587
B1113054152213N00049259EA0141501587
B1113064152217N00049245EA0141601586
B1113074152219N00049231EA0141701587
B1113084152220N00049218EA0141801589
B1113094152219N00049205EA0142001591
B1113104152217N00049194EA0142101592
B1113114152214N00049185EA0142201594
B1113124152210N00049177EA0142301595
B1113134152206N00049170EA0142401596
B1113144152203N00049163EA0142501597
B1113154152200N00049157EA0142601598
B1113164152196N00049150EA0142601598
B1113174152193N00049145EA0142601598
B1113184152190N00049140EA0142301597
B1113194152187N00049137EA0142101596
B1113204152185N00049136EA0141801594
B1113214152184N00049136EA0141701591
B1113224152183N00049137EA0141501589
B1113234152184N00049137EA0141401588
B1113244152186N00049138EA0141401587
B1113254152188N00049139EA0141401587
B1113264152191N00049139EA0141501586
B1113274152194N00049140EA0141401586
B1113284152196N00049141EA0141401586
B1113294152199N00049142EA0141401586
B1113304152201N00049143EA0141501586
B1113314152204N00049144EA0141501587
B1113324152208N00049143EA0141601588
B1113334152213N00049143EA0141701589
B1113344152217N00049142EA0141701589
B1113354152223N00049140EA0141701589
B1113364152229N00049138EA0141701589
B1113374152236N00049133EA0141701589
B1113384152243N00049126EA0141601588
B1113394152250N00049117EA0141601588
B1113404152256N00049105EA0141601587
B1113414152260N00049092EA0141701588
B1113424152263N00049078EA0141801588
B1113434152263N00049066EA0141901590
B1113444152262N00049055EA0141901590
B1113454152259N00049046EA0142001591
B1113464152256N00049038EA0142001592
B1113474152253N00049033EA0142001592
B1113484152250N00049031EA0142101592
B1113494152248N00049029EA0142201593
B1113504152248N00049029EA0142201594
B1113514152249N00049030EA0142301594
B1113524152250N00049030EA0142301595
B1113534152253N00049030EA0142401595
B1113544152257N00049030EA0142401596
B1113554152261N00049029EA0142301596
B1113564152267N00049026EA0142201595
B1113574152275N00049022EA0142201594
B1113584152282N00049016EA0142201593
B1113594152289N00049006EA0142301594
B1114004152295N00048995EA0142301594
B1114014152300N00048982EA0142301595
B1114024152303N00048969EA0142301595
B1114034152305N00048956EA0142401595
B1114044152305N00048944EA0142201595
B1114054152303N00048933EA0142201594
B1114064152299N00048924EA0142101593
B1114074152295N00048917EA0142101593
B1114084152292N00048913EA0142101593
B1114094152289N00048910EA0142101593
B1114104152286N00048909EA0142201593
B1114114152284N00048907EA0142101593
B1114124152282N00048905EA0142101593
B1114134152281N00048904EA0142101593
B1114144152280N00048903EA0142001593
B1114154152279N00048903EA0141801591
B1114164152278N00048903EA0141801590
B1114174152277N00048904EA0141801589
B1114184152276N00048904EA0141901589
B1114194152276N00048904EA0141901590
B1114204152276N00048904EA0142001591
B1114214152276N00048905EA0142101592
B1114224152276N00048904EA0142301593
B1114234152276N00048904EA0142401595
B1114244152275N00048903EA0142501596
B1114254152275N00048903EA0142601597
B1114264152274N00048902EA0142601598
B1114274152274N00048902EA0142601598
B1114284152274N00048901EA0142701599
B1114294152275N00048901EA0142701599
B1114304152277N00048901EA0142701599
B1114314152279N00048901EA0142701599
B1114324152283N00048901EA0142701599
B1114334152287N00048900EA0142801600
B1114344152293N00048897EA0142901601
B1114354152299N00048890EA0143001601
B1114364152306N00048881EA0142901601
B1114374152311N00048870EA0143001602
B1114384152315N00048857EA0143101602
B1114394152316N00048843EA0143101603
B1114404152316N00048830EA0143201603
B1114414152315N00048818EA0143301604
B1114424152312N00048808EA0143201604
B1114434152309N00048799EA0143201605
B1114444152305N00048790EA0143301605
B1114454152302N00048783EA0143301606
B1114464152298N00048777EA0143401606
B1114474152295N00048772EA0143401607
B1114484152291N00048768EA0143301606
B1114494152288N00048766EA0143201606
B1114504152285N00048764EA0143301606
B1114514152284N00048764EA0143301606
B1114524152283N00048764EA0143401606
B1114534152283N00048764EA0143301607
B1114544152284N00048764EA0143201606
B1114554152287N00048765EA0143001605
B1114564152291N00048765EA0142801604
B1114574152296N00048764EA0142801602
B1114584152303N00048760EA0142701601
B1114594152310N00048753EA0142701600
B1115004152316N00048743EA0142701599
B1115014152321N00048730EA0142701599
B1115024152322N00048716EA0142501598
B1115034152321N00048701EA0142401596
B1115044152318N00048688EA0142401596
B1115054152314N00048679EA0142401596
B1115064152310N00048674EA0142201596
B1115074152307N00048671EA0142201595
B1115084152304N00048669EA0142301595
B1115094152302N00048668EA0142401596
B1115104152301N00048666EA0142301597
B1115114152300N00048665EA0142301596
B1115124152298N00048664EA0142201595
B1115134152296N00048665EA0142001593
B1115144152295N00048666EA0141801592
B1115154152294N00048666EA0141901592
B1115164152294N00048666EA0142001592
B1115174152294N00048666EA0142001592
B1115184152294N00048667EA0141801591
B1115194152293N00048668EA0141601590
B1115204152293N00048669EA0141501588
B1115214152291N00048670EA0141301586
B1115224152290N00048671EA0141301585
B1115234152290N00048672EA0141101585
B1115244152290N00048673EA0141001583
B1115254152290N00048674EA0140901582
B1115264152290N00048676EA0140701580
B1115274152289N00048679EA0140501578
B1115284152288N00048682EA0140601577
B1115294152288N00048683EA0140601578
B1115304152288N00048684EA0140601578
B1115314152288N00048685EA0140501578
B1115324152288N00048685EA0140301576
B1115334152287N00048687EA0140101574
B1115344152287N00048688EA0139901572
B1115354152286N00048690EA0139701570
B1115364152285N00048690EA0139501568
B1115374152283N00048690EA0139501568
B1115384152282N00048690EA0139401567
B1115394152281N00048691EA0139301566
B1115404152281N00048692EA0139101564
B1115414152279N00048694EA0138901562
B1115424152277N00048697EA0139101561
B1115434152276N00048698EA0139301563
B1115444152275N00048698EA0139601566
B1115454152274N00048696EA0139801569
B1115464152273N00048695EA0139901570
B1115474152271N00048694EA0139801570
B1115484152270N00048695EA0139801570
B1115494152268N00048694EA0140001571
B1115504152265N00048692EA0140001572
B1115514152262N00048689EA0139901573
B1115524152257N00048684EA0139901572
B1115534152253N00048678EA0139901572
B1115544152248N00048671EA0139901572
B1115554152245N00048661EA0139801572
B1115564152242N00048650EA0139901571
B1115574152242N00048636EA0139801571
B1115584152244N00048624EA0139901570
B1115594152249N00048613EA0140001571
B1116004152254N00048605EA0140001572
B1116014152259N00048600EA0139901572
B1116024152264N00048598EA0139801571
B1116034152267N00048598EA0139801571
B1116044152269N00048599EA0139901571
B1116054152270N00048600EA0140001571
B1116064152270N00048601EA0140001572
B1116074152271N00048601EA0140001573
B1116084152271N00048602EA0140101573
B1116094152272N00048603EA0140001572
B1116104152272N00048605EA0139901572
B1116114152272N00048607EA0139901571
B1116124152273N00048608EA0139901571
B1116134152273N00048610EA0140001571
B1116144152272N00048611EA0140001572
B1116154152271N00048612EA0140001573
B1116164152270N00048613EA0140101573
B1116174152270N00048614EA0140201574
B1116184152270N00048616EA0140201574
B1116194152270N00048618EA0140201574
B1116204152269N00048619EA0140201575
B1116214152269N00048620EA0140201575
B1116224152268N00048621EA0140201576
B1116234152268N00048623EA0140201575
B1116244152267N00048624EA0140301575
B1116254152266N00048626EA0140401575
B1116264152265N00048628EA0140501576
B1116274152264N00048630EA0140701578
B1116284152264N00048631EA0140701579
B1116294152264N00048633EA0140601579
B1116304152263N00048635EA0140801580
B1116314152263N00048636EA0140901581
B1116324152263N00048638EA0141001582
B1116334152263N00048639EA0141101583
B1116344152262N00048641EA0141301585
B1116354152262N00048642EA0141401586
B1116364152261N00048643EA0141501587
B1116374152261N00048644EA0141601588
B1116384152260N00048645EA0141701589
B1116394152258N00048646EA0141801590
B1116404152255N00048646EA0141801591
B1116414152251N00048644EA0141701591
B1116424152247N00048641EA0141801591
B1116434152242N00048638EA0141801592
B1116444152238N00048634EA0141901593
B1116454152234N00048629EA0142001594
B1116464152230N00048622EA0142101594
B1116474152227N00048613EA0142101594
B1116484152225N00048602EA0142101594
B1116494152224N00048590EA0142201594
B1116504152226N00048579EA0142401595
B1116514152229N00048570EA0142501597
B1116524152234N00048562EA0142601598
B1116534152239N00048556EA0142501599
B1116544152245N00048552EA0142601598
B1116554152251N00048551EA0142601599
B1116564152255N00048551EA0142701599
B1116574152257N00048552EA0142701599
B1116584152259N00048554EA0142801600
B1116594152260N00048554EA0142901601
B1117004152261N00048555EA0142901602
B1117014152262N00048556EA0142901603
B1117024152261N00048558EA0142901602
B1117034152261N00048560EA0142801602
B1117044152261N00048562EA0142901602
B1117054152261N00048564EA0143001603
B1117064152261N00048566EA0143101605
B1117074152262N00048567EA0143101606
B1117084152262N00048568EA0143201606
B1117094152262N00048569EA0143001606
B1117104152261N00048570EA0142801604
B1117114152261N00048572EA0142801603
B1117124152261N00048574EA0142601601
B1117134152260N00048576EA0142401599
B1117144152259N00048578EA0142401598
B1117154152258N00048580EA0142301597
B1117164152257N00048582EA0142201597
B1117174152257N00048585EA0142101596
B1117184152256N00048588EA0141901594
B1117194152255N00048590EA0141901594
B1117204152254N00048593EA0141801593
B1117214152252N00048595EA0141801592
B1117224152251N00048598EA0141701592
B1117234152250N00048601EA0141701591
B1117244152249N00048603EA0141601591
B1117254152248N00048606EA0141601590
B1117264152247N00048609EA0141501590
B1117274152246N00048612EA0141601590
B1117284152245N00048614EA0141701590
B1117294152244N00048616EA0141801591
B1117304152243N00048617EA0141701592
B1117314152242N00048618EA0141701591
B1117324152242N00048620EA0141601591
B1117334152243N00048623EA0141501589
B1117344152243N00048626EA0141401589
B1117354152244N00048628EA0141401588
B1117364152244N00048630EA0141501589
B1117374152244N00048631EA0141501589
B1117384152244N00048633EA0141301588
B1117394152244N00048634EA0141101586
B1117404152245N00048637EA0140801584
B1117414152245N00048640EA0140501581
B1117424152245N00048643EA0140601580
B1117434152245N00048645EA0140501579
B1117444152246N00048647EA0140501579
B1117454152246N00048649EA0140301578
B1117464152246N00048651EA0140101577
B1117474152246N00048653EA0139901574
B1117484152246N00048656EA0139701572
B1117494152246N00048659EA0139601570
B1117504152246N00048662EA0139601569
B1117514152245N00048664EA0139501568
B1117524152245N00048666EA0139401567
B1117534152244N00048668EA0139301566
B1117544152244N00048670EA0139201565
B1117554152243N00048673EA0139101564
B1117564152242N00048675EA0139001563
B1117574152242N00048678EA0138901562
B1117584152241N00048680EA0138801561
B1117594152241N00048682EA0138901561
B1118004152241N00048684EA0138801560
B1118014152242N00048686EA0138601560
B1118024152241N00048689EA0138501558
B1118034152241N00048692EA0138501557
B1118044152241N00048695EA0138401557
B1118054152241N00048697EA0138401556
B1118064152241N00048700EA0138301556
B1118074152241N00048702EA0138201555
B1118084152241N00048705EA0138101554
B1118094152240N00048708EA0138001552
B1118104152240N00048711EA0137901551
B1118114152240N00048714EA0137901551
B1118124152239N00048716EA0137901551
B1118134152238N00048718EA0137801551
B1118144152238N00048720EA0137801551
B1118154152237N00048722EA0137801550
B1118164152237N00048724EA0137701550
B1118174152238N00048727EA0137601549
B1118184152238N00048730EA0137501548
B1118194152237N00048733EA0137501548
B1118204152237N00048736EA0137501548
B1118214152237N00048738EA0137601548
B1118224152237N00048741EA0137501548
B1118234152237N00048743EA0137301547
B1118244152237N00048746EA0137301546
B1118254152237N00048749EA0137201545
B1118264152237N00048752EA0137201544
B1118274152236N00048755EA0137101544
B1118284152237N00048758EA0137101544
B1118294152237N00048760EA0137201544
B1118304152238N00048762EA0137201544
B1118314152238N00048765EA0137201544
B1118324152238N00048767EA0137201544
B1118334152239N00048770EA0137101544
B1118344152239N00048772EA0137201543
B1118354152240N00048775EA0137101543
B1118364152240N00048778EA0137301544
B1118374152241N00048780EA0137201545
B1118384152241N00048782EA0137401546
B1118394152241N00048783EA0137401546
B1118404152241N00048784EA0137401547
B1118414152241N00048786EA0137401546
B1118424152241N00048788EA0137401546
B1118434152241N00048790EA0137201545
B1118444152241N00048792EA0137301545
B1118454152241N00048794EA0137201545
B1118464152241N00048796EA0137201545
B1118474152241N00048797EA0137301545
B1118484152241N00048799EA0137401546
B1118494152241N00048800EA0137501547
B1118504152240N00048801EA0137601548
B1118514152239N00048802EA0137601548
B1118524152239N00048804EA0137501548
B1118534152238N00048806EA0137501548
B1118544152238N00048808EA0137501547
B1118554152237N00048811EA0137501548
B1118564152237N00048814EA0137601548
B1118574152236N00048817EA0137601549
B1118584152235N00048819EA0137601549
B1118594152234N00048822EA0137801549
B1119004152233N00048824EA0137601550
B1119014152233N00048827EA0137601549
B1119024152234N00048829EA0137601549
B1119034152234N00048832EA0137501548
B1119044152235N00048834EA0137501548
B1119054152235N00048836EA0137501548
B1119064152235N00048839EA0137501548
B1119074152235N00048841EA0137501548
B1119084152235N00048843EA0137601548
B1119094152234N00048845EA0137501548
B1119104152234N00048848EA0137401547
B1119114152234N00048852EA0137301546
B1119124152233N00048855EA0137201545
B1119134152232N00048859EA0137301544
B1119144152232N00048863EA0137301545
B1119154152233N00048866EA0137501546
B1119164152234N00048869EA0137701548
B1119174152236N00048871EA0138001550
B1119184152239N00048873EA0138001552
B1119194152240N00048874EA0138101553
B1119204152242N00048876EA0138001553
B1119214152243N00048878EA0138001552
B1119224152244N00048881EA0137701552
B1119234152245N00048884EA0137601550
B1119244152247N00048887EA0137201548
B1119254152248N00048891EA0137101545
B1119264152249N00048894EA0136901543
B1119274152250N00048897EA0136701541
B1119284152251N00048900EA0136601539
B1119294152252N00048903EA0136501538
B1119304152253N00048906EA0136301536
B1119314152254N00048909EA0136001534
B1119324152255N00048912EA0135801531
B1119334152256N00048916EA0135601529
B1119344152257N00048919EA0135401527
B1119354152258N00048922EA0135301525
B1119364152259N00048924EA0135201524
B1119374152260N00048926EA0135101523
B1119384152261N00048928EA0135001522
B1119394152263N00048931EA0134901521
B1119404152264N00048935EA0134901520
B1119414152265N00048939EA0135201520
B1119424152265N00048943EA0135301522
B1119434152265N00048946EA0135601525
B1119444152265N00048948EA0135801528
B1119454152265N00048951EA0136101530
B1119464152267N00048954EA0136101531
B1119474152268N00048957EA0136201532
B1119484152268N00048961EA0136501534
B1119494152267N00048963EA0136601536
B1119504152265N00048963EA0136701538
B1119514152262N00048961EA0136701538
B1119524152259N00048957EA0136701538
B1119534152256N00048950EA0136601538
B1119544152253N00048941EA0136601537
B1119554152252N00048931EA0136601537
B1119564152252N00048920EA0136701537
B1119574152253N00048909EA0137001539
B1119584152256N00048899EA0137201540
B1119594152259N00048890EA0137401543
B1120004152264N00048884EA0137401544
B1120014152269N00048880EA0137501545
B1120024152274N00048879EA0137601545
B1120034152279N00048879EA0137801546
B1120044152284N00048879EA0138001548
B1120054152287N00048879EA0138201551
B1120064152291N00048880EA0138501553
B1120074152295N00048880EA0138501554
B1120084152298N00048883EA0138601555
B1120094152300N00048886EA0138601555
B1120104152301N00048890EA0138501555
B1120114152300N00048893EA0138501555
B1120124152298N00048894EA0138301554
B1120134152295N00048894EA0137901552
B1120144152291N00048894EA0137801549
B1120154152288N00048896EA0137601548
B1120164152287N00048899EA0137501546
B1120174152288N00048902EA0137501545
B1120184152289N00048904EA0137601546
B1120194152290N00048906EA0137501546
B1120204152291N00048908EA0137501546
B1120214152293N00048909EA0137401545
B1120224152294N00048912EA0137301543
B1120234152296N00048916EA0137201542
B1120244152297N00048920EA0137401543
B1120254152299N00048922EA0137601545
B1120264152300N00048924EA0137701547
B1120274152301N00048926EA0137701547
B1120284152302N00048928EA0137501547
B1120294152304N00048931EA0137301546
B1120304152305N00048935EA0137301545
B1120314152306N00048938EA0137401545
B1120324152308N00048941EA0137501546
B1120334152309N00048943EA0137501546
B1120344152310N00048945EA0137601547
B1120354152311N00048948EA0137501546
B1120364152312N00048951EA0137401546
B1120374152314N00048954EA0137401546
B1120384152315N00048956EA0137401545
B1120394152316N00048959EA0137301545
B1120404152316N00048960EA0137101544
B1120414152317N00048963EA0137001543
B1120424152318N00048966EA0137001541
B1120434152319N00048969EA0136901541
B1120444152320N00048973EA0136901540
B1120454152322N00048975EA0137001541
B1120464152323N00048977EA0137101542
B1120474152324N00048979EA0137001543
B1120484152324N00048980EA0137101542
B1120494152325N00048983EA0137001542
B1120504152326N00048985EA0137001541
B1120514152328N00048988EA0137001541
B1120524152330N00048991EA0137001541
B1120534152331N00048994EA0137001541
B1120544152332N00048997EA0137101541
B1120554152333N00048999EA0137101542
B1120564152334N00049001EA0137201543
B1120574152336N00049004EA0137301543
B1120584152338N00049006EA0137201543
B1120594152340N00049009EA0137001542
B1121004152343N00049012EA0137101541
B1121014152345N00049016EA0137001541
B1121024152347N00049019EA0137001541
B1121034152349N00049021EA0137001541
B1121044152351N00049023EA0137001541
B1121054152353N00049025EA0136901541
B1121064152355N00049028EA0136801540
B1121074152357N00049031EA0136701538
B1121084152360N00049034EA0136601537
B1121094152363N00049037EA0136501536
B1121104152366N00049040EA0136501536
B1121114152368N00049043EA0136601536
B1121124152370N00049046EA0136501536
B1121134152373N00049048EA0136401536
B1121144152376N00049051EA0136201535
B1121154152379N00049055EA0136101533
B1121164152382N00049058EA0136101531
B1121174152384N00049062EA0136001530
B1121184152385N00049066EA0136001530
B1121194152386N00049068EA0135801530
B1121204152387N00049070EA0135701529
B1121214152388N00049073EA0135501527
B1121224152390N00049076EA0135201525
B1121234152393N00049081EA0135001521
B1121244152396N00049085EA0134901519
B1121254152399N00049088EA0134801518
B1121264152402N00049091EA0134801518
B1121274152405N00049093EA0134801518
B1121284152408N00049095EA0134501516
B1121294152412N00049097EA0134301514
B1121304152414N00049101EA0134001511
B1121314152418N00049105EA0133801509
B1121324152421N00049108EA0133701508
B1121334152424N00049111EA0133701507
B1121344152427N00049114EA0133601506
B1121354152430N00049117EA0133501505
B1121364152433N00049119EA0133501505
B1121374152436N00049121EA0133401504
B1121384152440N00049123EA0133301503
B1121394152443N00049124EA0133201503
B1121404152446N00049126EA0133101502
B1121414152449N00049130EA0133101501
B1121424152452N00049133EA0133101500
B1121434152456N00049136EA0133301501
B1121444152459N00049138EA0133501503
B1121454152463N00049139EA0133501504
B1121464152465N00049141EA0133601505
B1121474152467N00049144EA0133601505
B1121484152469N00049146EA0133601505
B1121494152472N00049149EA0133701505
B1121504152476N00049151EA0133701506
B1121514152480N00049154EA0133701506
B1121524152483N00049156EA0133701507
B1121534152485N00049159EA0133601507
B1121544152488N00049161EA0133501506
B1121554152491N00049163EA0133301504
B1121564152495N00049167EA0133001502
B1121574152498N00049171EA0132901500
B1121584152501N00049175EA0132901499
B1121594152503N00049178EA0132901499
B1122004152507N00049181EA0132901499
B1122014152510N00049184EA0132801498
B1122024152514N00049187EA0132601496
B1122034152518N00049191EA0132401495
B1122044152521N00049195EA0132401494
B1122054152524N00049198EA0132401493
B1122064152528N00049201EA0132301493
B1122074152531N00049204EA0132201492
B1122084152535N00049207EA0132101491
B1122094152538N00049211EA0132001490
B1122104152540N00049214EA0131901489
B1122114152541N00049218EA0131901489
B1122124152543N00049221EA0131801488
B1122134152544N00049225EA0131701488
B1122144152545N00049229EA0131701487
B1122154152544N00049232EA0131601485
B1122164152541N00049235EA0131401484
B1122174152539N00049237EA0131301484
B1122184152535N00049238EA0131201483
B1122194152531N00049239EA0131001482
B1122204152527N00049238EA0130901480
B1122214152523N00049238EA0130801479
B1122224152518N00049237EA0130701478
B1122234152514N00049236EA0130701477
B1122244152510N00049233EA0130601477
B1122254152506N00049229EA0130501476
B1122264152501N00049223EA0130401474
B1122274152497N00049217EA0130201472
B1122284152493N00049209EA0130001471
B1122294152489N00049202EA0130101470
B1122304152486N00049194EA0130101469
B1122314152484N00049185EA0130001469
B1122324152482N00049176EA0130001469
B1122334152481N00049167EA0129901468
B1122344152481N00049157EA0129801467
B1122354152482N00049147EA0129701466
B1122364152484N00049137EA0129701465
B1122374152489N00049129EA0129501464
B1122384152495N00049122EA0129401463
B1122394152501N00049118EA0129301462
B1122404152507N00049116EA0129201461
B1122414152512N00049116EA0129201460
B1122424152517N00049116EA0129201460
B1122434152521N00049117EA0129101459
B1122444152525N00049118EA0129001459
B1122454152529N00049120EA0128901457
B1122464152533N00049121EA0128701456
B1122474152537N00049124EA0128601454
B1122484152541N00049126EA0128401453
B1122494152545N00049127EA0128401452
B1122504152550N00049129EA0128401452
B1122514152554N00049130EA0128401452
B1122524152558N00049132EA0128201451
B1122534152562N00049133EA0128101450
B1122544152566N00049136EA0128101449
B1122554152569N00049139EA0128101448
B1122564152572N00049141EA0128101448
B1122574152575N00049144EA0128101448
B1122584152577N00049147EA0128201448
B1122594152579N00049151EA0128301448
B1123004152578N00049154EA0128401450
B1123014152577N00049155EA0128501451
B1123024152574N00049154EA0128401452
B1123034152571N00049153EA0128301452
B1123044152567N00049151EA0128101450
B1123054152563N00049148EA0127901448
B1123064152558N00049145EA0127801446
B1123074152554N00049140EA0127701445
B1123084152549N00049134EA0127601444
B1123094152545N00049128EA0127401443
B1123104152542N00049120EA0127401442
B1123114152538N00049112EA0127201440
B1123124152535N00049105EA0127201439
B1123134152532N00049097EA0127201438
B1123144152529N00049089EA0127001438
B1123154152527N00049080EA0126901437
B1123164152526N00049070EA0126701435
B1123174152524N00049061EA0126601434
B1123184152522N00049051EA0126501433
B1123194152520N00049042EA0126501432
B1123204152518N00049032EA0126501431
B1123214152518N00049023EA0126401431
B1123224152519N00049014EA0126301431
B1123234152521N00049005EA0126101429
B1123244152525N00048996EA0126001427
B1123254152529N00048988EA0125801425
B1123264152535N00048981EA0125601423
B1123274152541N00048977EA0125401420
B1123284152547N00048976EA0125301418
B1123294152553N00048978EA0125001416
B1123304152556N00048981EA0124901414
B1123314152558N00048985EA0124701413
B1123324152558N00048989EA0124701411
B1123334152556N00048992EA0124701412
B1123344152555N00048993EA0124701412
B1123354152553N00048994EA0124701412
B1123364152550N00048995EA0124601412
B1123374152547N00048996EA0124601411
B1123384152544N00048997EA0124501410
B1123394152540N00048999EA0124401409
B1123404152537N00049000EA0124301408
B1123414152534N00049001EA0124101407
B1123424152531N00049003EA0124001406
B1123434152528N00049006EA0123701404
B1123444152527N00049010EA0123601402
B1123454152527N00049014EA0123301400
B1123464152527N00049018EA0123101398
B1123474152527N00049022EA0123001396
B1123484152527N00049026EA0122801394
B1123494152528N00049030EA0122701392
B1123504152529N00049034EA0122401391
B1123514152531N00049038EA0122301389
B1123524152534N00049042EA0122101387
B1123534152536N00049046EA0121901385
B1123544152539N00049050EA0121801383
B1123554152541N00049054EA0121501381
B1123564152544N00049058EA0121301378
B1123574152547N00049063EA0121101376
B1123584152551N00049068EA0120901374
B1123594152556N00049073EA0120901373
B1124004152560N00049077EA0120801372
B1124014152564N00049081EA0120701371
B1124024152568N00049085EA0120501370
B1124034152571N00049089EA0120501369
B1124044152572N00049092EA0120501369
B1124054152572N00049095EA0120201368
B1124064152570N00049097EA0120001366
B1124074152566N00049098EA0119701363
B1124084152562N00049098EA0119701361
B1124094152558N00049097EA0119701360
B1124104152554N00049094EA0119601360
B1124114152549N00049091EA0119501359
B1124124152544N00049087EA0119201358
B1124134152540N00049083EA0119001355
B1124144152534N00049078EA0118701353
B1124154152529N00049074EA0118501349
B1124164152524N00049069EA0118201347
B1124174152519N00049065EA0117901344
B1124184152514N00049059EA0117601340
B1124194152509N00049054EA0117201337
B1124204152504N00049048EA0116801333
B1124214152498N00049042EA0116601330
B1124224152493N00049036EA0116301327
B1124234152487N00049029EA0116101324
B1124244152482N00049023EA0116001322
B1124254152477N00049016EA0115701320
B1124264152472N00049009EA0115601317
B1124274152467N00049002EA0115301315
B1124284152462N00048995EA0115201313
B1124294152457N00048988EA0115001311
B1124304152452N00048980EA0114701309
B1124314152447N00048973EA0114601307
B1124324152442N00048965EA0114301304
B1124334152437N00048958EA0114201302
B1124344152432N00048951EA0114001301
B1124354152427N00048943EA0113801299
B1124364152422N00048936EA0113601297
B1124374152417N00048929EA0113301294
B1124384152412N00048920EA0113301292
B1124394152407N00048912EA0113001291
B1124404152402N00048904EA0113001290
B1124414152397N00048896EA0112901289
B1124424152392N00048888EA0112801288
B1124434152388N00048880EA0112701287
B1124444152383N00048872EA0112601285
B1124454152379N00048863EA0112301283
B1124464152374N00048853EA0112201282
B1124474152370N00048843EA0112201281
B1124484152367N00048834EA0112201280
B1124494152364N00048825EA0112101280
B1124504152361N00048817EA0112101281
B1124514152360N00048809EA0112001280
B1124524152359N00048800EA0111801279
B1124534152358N00048790EA0111501276
B1124544152358N00048779EA0111301274
B1124554152358N00048768EA0111401273
B1124564152359N00048759EA0111501274
B1124574152359N00048751EA0111601275
B1124584152359N00048742EA0111601276
B1124594152359N00048734EA0111701276
B1125004152359N00048725EA0111701276
B1125014152359N00048716EA0111701276
B1125024152362N00048708EA0111701276
B1125034152365N00048701EA0111801277
B1125044152368N00048694EA0111801277
B1125054152372N00048688EA0111901277
B1125064152377N00048683EA0112001278
B1125074152383N00048679EA0112101279
B1125084152389N00048676EA0112301280
B1125094152394N00048673EA0112501282
B1125104152399N00048670EA0112601284
B1125114152404N00048665EA0112801286
B1125124152408N00048661EA0112901288
B1125134152413N00048658EA0113001288
B1125144152419N00048656EA0113001288
B1125154152426N00048656EA0113101289
B1125164152432N00048659EA0113201289
B1125174152437N00048663EA0113201289
B1125184152441N00048667EA0113401291
B1125194152444N00048672EA0113701293
B1125204152445N00048676EA0113801296
B1125214152445N00048680EA0113901297
B1125224152444N00048683EA0113901298
B1125234152441N00048687EA0114001298
B1125244152437N00048689EA0113901298
B1125254152432N00048688EA0114001298
B1125264152427N00048685EA0114101299
B1125274152422N00048681EA0114101299
B1125284152419N00048676EA0114201300
B1125294152416N00048671EA0114101301
B1125304152413N00048665EA0114001300
B1125314152410N00048657EA0114001299
B1125324152409N00048648EA0114001298
B1125334152408N00048639EA0114001298
B1125344152409N00048630EA0114201300
B1125354152411N00048623EA0114501303
B1125364152414N00048615EA0114701305
B1125374152418N00048609EA0114901307
B1125384152423N00048603EA0115201309
B1125394152429N00048598EA0115601312
B1125404152435N00048595EA0115801315
B1125414152442N00048594EA0116001318
B1125424152448N00048595EA0116201320
B1125434152454N00048596EA0116401322
B1125444152459N00048597EA0116701324
B1125454152464N00048599EA0116801326
B1125464152468N00048603EA0116801328
B1125474152472N00048607EA0117001329
B1125484152475N00048612EA0117101330
B1125494152476N00048617EA0117201331
B1125504152476N00048621EA0117401333
B1125514152475N00048625EA0117401334
B1125524152473N00048628EA0117401334
B1125534152470N00048630EA0117401334
B1125544152466N00048632EA0117401334
B1125554152461N00048632EA0117501334
B1125564152456N00048631EA0117501335
B1125574152452N00048627EA0117601336
B1125584152448N00048620EA0117601336
B1125594152446N00048612EA0117501336
B1126004152445N00048603EA0117601336
B1126014152446N00048593EA0117501336
B1126024152449N00048585EA0117601336
B1126034152453N00048577EA0117701337
B1126044152457N00048571EA0117801338
B1126054152463N00048565EA0117901339
B1126064152469N00048561EA0118201341
B1126074152475N00048557EA0118601344
B1126084152480N00048554EA0119001348
B1126094152485N00048552EA0119201351
B1126104152490N00048553EA0119301353
B1126114152495N00048556EA0119301354
B1126124152498N00048560EA0119501355
B1126134152500N00048565EA0119501356
B1126144152500N00048571EA0119701356
B1126154152497N00048574EA0119701357
B1126164152494N00048576EA0119701358
B1126174152489N00048576EA0119901360
B1126184152485N00048575EA0119901361
B1126194152481N00048572EA0120101361
B1126204152477N00048569EA0120101362
B1126214152473N00048564EA0120101363
B1126224152469N00048557EA0120101363
B1126234152465N00048550EA0120101363
B1126244152460N00048545EA0120101363
B1126254152455N00048541EA0120201363
B1126264152449N00048538EA0120201363
B1126274152443N00048535EA0120301364
B1126284152438N00048531EA0120501365
B1126294152433N00048527EA0120701368
B1126304152428N00048523EA0120901370
B1126314152423N00048521EA0120901371
B1126324152418N00048518EA0120801371
B1126334152412N00048516EA0120901371
B1126344152406N00048515EA0120901371
B1126354152401N00048513EA0121001372
B1126364152396N00048511EA0121101373
B1126374152391N00048509EA0121201374
B1126384152386N00048507EA0121101374
B1126394152380N00048505EA0121001373
B1126404152374N00048503EA0120801372
B1126414152367N00048501EA0120701370
B1126424152361N00048500EA0120601369
B1126434152354N00048499EA0120701369
B1126444152348N00048498EA0120701369
B1126454152342N00048497EA0120701369
B1126464152337N00048494EA0120701370
B1126474152331N00048492EA0120601369
B1126484152325N00048489EA0120501369
B1126494152318N00048486EA0120501368
B1126504152312N00048483EA0120501368
B1126514152305N00048480EA0120601368
B1126524152299N00048477EA0120601368
B1126534152293N00048474EA0120601368
B1126544152286N00048471EA0120601369
B1126554152280N00048469EA0120701369
B1126564152274N00048468EA0120801370
B1126574152268N00048468EA0120801370
B1126584152262N00048469EA0120801370
B1126594152256N00048469EA0121001371
B1127004152251N00048469EA0121101372
B1127014152247N00048469EA0121501375
B1127024152243N00048468EA0121801378
B1127034152239N00048467EA0121901381
B1127044152234N00048467EA0122001382
B1127054152230N00048469EA0122101382
B1127064152226N00048472EA0122001383
B1127074152222N00048475EA0122201383
B1127084152219N00048479EA0122401385
B1127094152217N00048481EA0122701388
B1127104152215N00048484EA0122901391
B1127114152213N00048487EA0122901392
B1127124152211N00048491EA0123001393
B1127134152208N00048494EA0122901393
B1127144152204N00048497EA0122801393
B1127154152200N00048500EA0123001393
B1127164152195N00048502EA0123001393
B1127174152191N00048504EA0123101394
B1127184152187N00048505EA0123001395
B1127194152183N00048507EA0123101395
B1127204152179N00048508EA0123001395
B1127214152174N00048510EA0122801393
B1127224152169N00048513EA0122501391
B1127234152163N00048514EA0122401389
B1127244152158N00048515EA0122301388
B1127254152152N00048515EA0122401387
B1127264152146N00048515EA0122201387
B1127274152141N00048516EA0122101386
B1127284152136N00048517EA0122001385
B1127294152130N00048518EA0121901385
B1127304152125N00048519EA0121801383
B1127314152119N00048520EA0121701382
B1127324152113N00048521EA0121601380
B1127334152107N00048523EA0121801380
B1127344152101N00048524EA0121801381
B1127354152096N00048524EA0121901382
B1127364152091N00048524EA0121901383
B1127374152085N00048524EA0121901382
B1127384152079N00048525EA0121801381
B1127394152072N00048527EA0121601380
B1127404152065N00048527EA0121701379
B1127414152058N00048526EA0121801380
B1127424152051N00048525EA0121901381
B1127434152045N00048524EA0121901382
B1127444152038N00048522EA0121901383
B1127454152031N00048520EA0121901382
B1127464152024N00048518EA0121901382
B1127474152017N00048515EA0121901382
B1127484152010N00048512EA0121901382
B1127494152003N00048509EA0121801382
B1127504151996N00048507EA0121901382
B1127514151989N00048505EA0121801382
B1127524151983N00048503EA0121801382
B1127534151976N00048501EA0121801381
B1127544151970N00048499EA0121701380
B1127554151963N00048498EA0121501379
B1127564151956N00048497EA0121401378
B1127574151949N00048495EA0121501378
B1127584151943N00048494EA0121501378
B1127594151937N00048493EA0121601379
B1128004151931N00048491EA0121601380
B1128014151926N00048488EA0121601380
B1128024151921N00048486EA0121501380
B1128034151916N00048484EA0121501379
B1128044151910N00048483EA0121301378
B1128054151904N00048483EA0121001376
B1128064151898N00048483EA0120801373
B1128074151891N00048482EA0120601371
B1128084151885N00048481EA0120501370
B1128094151878N00048480EA0120401368
B1128104151872N00048479EA0120301368
B1128114151866N00048477EA0120201367
B1128124151859N00048476EA0120201365
B1128134151853N00048475EA0120201365
B1128144151847N00048473EA0120301365
B1128154151841N00048470EA0120301365
B1128164151835N00048468EA0120301366
B1128174151829N00048466EA0120201365
B1128184151823N00048465EA0120001364
B1128194151816N00048464EA0119901363
B1128204151809N00048463EA0119801361
B1128214151802N00048462EA0119801360
B1128224151795N00048461EA0119701360
B1128234151788N00048460EA0119701359
B1128244151782N00048459EA0119601358
B1128254151775N00048458EA0119301356
B1128264151768N00048456EA0119101354
B1128274151761N00048454EA0118901352
B1128284151754N00048451EA0118801350
B1128294151747N00048448EA0118701348
B1128304151741N00048445EA0118401347
B1128314151735N00048442EA0118201345
B1128324151729N00048439EA0117901342
B1128334151722N00048437EA0117501338
B1128344151716N00048434EA0117301335
B1128354151709N00048431EA0117001331
B1128364151703N00048427EA0116601329
B1128374151698N00048423EA0116501327
B1128384151693N00048419EA0116301326
B1128394151689N00048414EA0115901323
B1128404151684N00048410EA0115501318
B1128414151678N00048405EA0115001312
B1128424151672N00048401EA0114501308
B1128434151666N00048395EA0114501306
B1128444151661N00048390EA0114201304
B1128454151657N00048385EA0113901301
B1128464151652N00048380EA0113501297
B1128474151646N00048376EA0113001292
B1128484151640N00048373EA0112501287
B1128494151633N00048369EA0112101282
B1128504151627N00048366EA0112001279
B1128514151622N00048363EA0111801277
B1128524151617N00048361EA0111601276
B1128534151612N00048359EA0111301273
B1128544151606N00048357EA0111001270
B1128554151600N00048355EA0110501266
B1128564151594N00048353EA0110201262
B1128574151587N00048349EA0109901259
B1128584151581N00048346EA0109601255
B1128594151574N00048342EA0109401253
B1129004151569N00048338EA0109101250
B1129014151563N00048335EA0108801247
B1129024151557N00048332EA0108401243
B1129034151551N00048329EA0108001239
B1129044151545N00048326EA0107601235
B1129054151539N00048321EA0107301231
B1129064151533N00048317EA0107101228
B1129074151526N00048312EA0106701225
B1129084151520N00048308EA0106501222
B1129094151514N00048305EA0106201219
B1129104151507N00048302EA0106001217
B1129114151501N00048300EA0105801214
B1129124151495N00048298EA0105601212
B1129134151488N00048295EA0105301210
B1129144151482N00048293EA0105001207
B1129154151475N00048290EA0104701204
B1129164151468N00048287EA0104401201
B1129174151461N00048284EA0104101197
B1129184151453N00048282EA0103801194
B1129194151446N00048279EA0103601191
B1129204151439N00048275EA0103501189
B1129214151432N00048271EA0103501189
B1129224151426N00048269EA0103501189
B1129234151421N00048267EA0103301188
B1129244151416N00048267EA0103101186
B1129254151411N00048266EA0102701184
B1129264151405N00048266EA0102501181
B1129274151399N00048267EA0102401178
B1129284151394N00048267EA0102401178
B1129294151390N00048268EA0102501179
B1129304151387N00048270EA0102401179
B1129314151385N00048272EA0102101177
B1129324151381N00048275EA0101701174
B1129334151376N00048277EA0101301170
B1129344151370N00048278EA0101001166
B1129354151365N00048278EA0100901163
B1129364151360N00048277EA0100901162
B1129374151355N00048277EA0100901162
B1129384151351N00048276EA0100801161
B1129394151347N00048276EA0100601160
B1129404151342N00048276EA0100501159
B1129414151338N00048275EA0100501158
B1129424151333N00048274EA0100301156
B1129434151328N00048273EA0100101155
B1129444151323N00048272EA0100001153
B1129454151317N00048271EA0099901151
B1129464151312N00048270EA0099801151
B1129474151307N00048268EA0099801150
B1129484151302N00048267EA0099701150
B1129494151297N00048265EA0099601149
B1129504151292N00048264EA0099601148
B1129514151286N00048262EA0099501147
B1129524151281N00048260EA0099201146
B1129534151276N00048257EA0099101144
B1129544151271N00048254EA0099001142
B1129554151266N00048251EA0098801141
B1129564151261N00048248EA0098701139
B1129574151256N00048245EA0098501138
B1129584151251N00048243EA0098301136
B1129594151245N00048240EA0098001133
B1130004151240N00048237EA0097801130
B1130014151235N00048234EA0097501128
B1130024151230N00048232EA0097401126
B1130034151225N00048230EA0097201124
B1130044151220N00048228EA0097001122
B1130054151215N00048225EA0096701119
B1130064151210N00048222EA0096501116
B1130074151205N00048221EA0096401115
B1130084151200N00048219EA0096401114
B1130094151196N00048217EA0096401114
B1130104151192N00048215EA0096201114
B1130114151188N00048213EA0096101112
B1130124151183N00048211EA0095901110
B1130134151177N00048209EA0095601107
B1130144151172N00048207EA0095501106
B1130154151166N00048204EA0095501105
B1130164151162N00048202EA0095501105
B1130174151157N00048200EA0095401105
B1130184151153N00048199EA0095301104
B1130194151148N00048197EA0095101103
B1130204151142N00048195EA0095001101
B1130214151137N00048192EA0094901100
B1130224151132N00048190EA0094801099
B1130234151127N00048187EA0094801098
B1130244151123N00048185EA0094701097
B1130254151118N00048183EA0094601096
B1130264151113N00048181EA0094301095
B1130274151108N00048179EA0094101093
B1130284151103N00048178EA0094001091
B1130294151098N00048176EA0093901089
B1130304151093N00048174EA0093801088
B1130314151088N00048172EA0093601087
B1130324151083N00048169EA0093501085
B1130334151077N00048166EA0093401084
B1130344151072N00048163EA0093301083
B1130354151068N00048160EA0093201082
B1130364151063N00048157EA0093101081
B1130374151059N00048154EA0092901079
B1130384151054N00048150EA0092701077
B1130394151049N00048147EA0092501075
B1130404151044N00048144EA0092301073
B1130414151040N00048141EA0092401073
B1130424151036N00048139EA0092401072
B1130434151031N00048138EA0092301072
B1130444151027N00048138EA0092301072
B1130454151023N00048136EA0092301072
B1130464151020N00048135EA0092101071
B1130474151016N00048133EA0091901070
B1130484151012N00048132EA0091501067
B1130494151007N00048131EA0090901062
B1130504151002N00048130EA0090801057
B1130514150997N00048130EA0090501055
B1130524150993N00048129EA0090401054
B1130534150989N00048129EA0090301052
B1130544150986N00048129EA0090001050
B1130554150983N00048129EA0089701047
B1130564150979N00048128EA0089201043
B1130574150975N00048127EA0089001039
B1130584150970N00048126EA0088701036
B1130594150967N00048125EA0088601034
B1131004150964N00048124EA0088401032
B1131014150960N00048123EA0088201030
B1131024150956N00048122EA0087901027
B1131034150952N00048121EA0087701025
B1131044150947N00048121EA0087601023
B1131054150943N00048121EA0087501022
B1131064150938N00048121EA0087401021
B1131074150934N00048121EA0087401020
B1131084150930N00048121EA0087101019
B1131094150925N00048120EA0087001017
B1131104150921N00048121EA0086801015
B1131114150917N00048121EA0086701013
B1131124150913N00048121EA0086601012
B1131134150909N00048121EA0086301011
B1131144150905N00048121EA0086101009
B1131154150900N00048121EA0085801006
B1131164150896N00048121EA0085501002
B1131174150891N00048121EA0085201000
B1131184150887N00048122EA0085000997
B1131194150883N00048123EA0084900995
B1131204150879N00048123EA0084700993
B1131214150875N00048124EA0084400991
B1131224150871N00048125EA0084200988
B1131234150867N00048125EA0083900986
B1131244150863N00048126EA0083600983
B1131254150859N00048126EA0083500981
B1131264150855N00048126EA0083200978
B1131274150851N00048127EA0083000976
B1131284150847N00048127EA0082700973
B1131294150843N00048126EA0082300970
B1131304150839N00048126EA0082000966
B1131314150835N00048125EA0081700964
B1131324150832N00048124EA0081500961
B1131334150829N00048123EA0081200958
B1131344150826N00048122EA0080800955
B1131354150823N00048121EA0080400951
B1131364150819N00048120EA0079900946
B1131374150815N00048119EA0079500941
B1131384150810N00048118EA0079200937
B1131394150806N00048117EA0079000934
B1131404150802N00048116EA0078900933
B1131414150800N00048115EA0078700932
B1131424150797N00048114EA0078400930
B1131434150794N00048113EA0078100926
B1131444150790N00048112EA0077700922
B1131454150786N00048111EA0077400917
B1131464150782N00048111EA0077200914
B1131474150779N00048111EA0077000912
B1131484150776N00048111EA0076700911
B1131494150774N00048110EA0076400908
B1131504150771N00048109EA0076000905
B1131514150768N00048108EA0075600901
B1131524150764N00048107EA0075300897
B1131534150761N00048107EA0075100894
B1131544150758N00048108EA0074700891
B1131554150756N00048109EA0074400888
B1131564150753N00048109EA0074100884
B1131574150749N00048110EA0073700880
B1131584150745N00048112EA0073300876
B1131594150742N00048113EA0073000872
B1132004150738N00048115EA0072800870
B1132014150735N00048115EA0072600868
B1132024150732N00048115EA0072400865
B1132034150728N00048116EA0072000862
B1132044150724N00048117EA0071700858
B1132054150719N00048118EA0071500855
B1132064150715N00048118EA0071200852
B1132074150711N00048118EA0071000850
B1132084150707N00048118EA0070800848
B1132094150703N00048118EA0070700847
B1132104150698N00048118EA0070600845
B1132114150694N00048119EA0070500843
B1132124150689N00048119EA0070400842
B1132134150685N00048119EA0070300841
B1132144150681N00048119EA0070200840
B1132154150676N00048119EA0070100839
B1132164150672N00048118EA0070100838
B1132174150667N00048118EA0069900837
B1132184150662N00048119EA0069900835
B1132194150657N00048119EA0069800835
B1132204150653N00048119EA0069700834
B1132214150649N00048119EA0069600834
B1132224150645N00048119EA0069300832
B1132234150642N00048119EA0069100829
B1132244150638N00048120EA0068700826
B1132254150634N00048121EA0068300822
B1132264150630N00048122EA0068000818
B1132274150625N00048122EA0067700815
B1132284150621N00048122EA0067400813
B1132294150617N00048122EA0067300811
B1132304150614N00048121EA0067200809
B1132314150610N00048121EA0066800807
B1132324150606N00048121EA0066600803
B1132334150601N00048122EA0066200800
B1132344150596N00048123EA0066000797
B1132354150592N00048124EA0065700794
B1132364150587N00048125EA0065500792
B1132374150583N00048126EA0065300790
B1132384150579N00048127EA0065000787
B1132394150575N00048130EA0064700784
B1132404150571N00048132EA0064400781
B1132414150566N00048135EA0064200777
B1132424150561N00048137EA0064000775
B1132434150556N00048138EA0064000774
B1132444150551N00048139EA0064100774
B1132454150547N00048140EA0064200775
B1132464150543N00048140EA0064100775
B1132474150539N00048140EA0063900775
B1132484150534N00048139EA0063800773
B1132494150528N00048138EA0063700771
B1132504150523N00048138EA0063700770
B1132514150518N00048138EA0063700770
B1132524150513N00048138EA0063500770
B1132534150509N00048139EA0063500770
B1132544150504N00048141EA0063400769
B1132554150500N00048143EA0063100767
B1132564150495N00048145EA0062900765
B1132574150491N00048147EA0062600762
B1132584150486N00048149EA0062400760
B1132594150482N00048150EA0062100757
B1133004150477N00048151EA0061800754
B1133014150471N00048152EA0061700751
B1133024150466N00048153EA0061500749
B1133034150462N00048155EA0061300747
B1133044150457N00048156EA0061100745
B1133054150453N00048157EA0060800743
B1133064150449N00048159EA0060600741
B1133074150446N00048162EA0060400739
B1133084150444N00048168EA0060100736
B1133094150444N00048176EA0059700732
B1133104150446N00048185EA0059300727
B1133114150449N00048193EA0059100724
B1133124150454N00048200EA0059000723
B1133134150458N00048205EA0058800722
B1133144150463N00048209EA0058500720
B1133154150469N00048213EA0058200717
B1133164150475N00048218EA0058000713
B1133174150481N00048223EA0057600710
B1133184150487N00048228EA0057500707
B1133194150493N00048232EA0057300706
B1133204150499N00048235EA0057200704
B1133214150505N00048238EA0056900702
B1133224150511N00048241EA0056600699
B1133234150517N00048244EA0056300696
B1133244150524N00048248EA0056000693
B1133254150531N00048250EA0055800690
B1133264150537N00048253EA0055600688
B1133274150543N00048256EA0055400686
B1133284150549N00048260EA0055200683
B1133294150555N00048264EA0054900680
B1133304150561N00048268EA0054600677
B1133314150567N00048272EA0054300674
B1133324150573N00048276EA0054200672
B1133334150577N00048280EA0054000670
B1133344150582N00048284EA0053800669
B1133354150586N00048288EA0053600667
B1133364150591N00048293EA0053300664
B1133374150597N00048298EA0053000661
B1133384150603N00048302EA0052900658
B1133394150609N00048305EA0052700656
B1133404150615N00048309EA0052600655
B1133414150621N00048313EA0052500654
B1133424150627N00048317EA0052400652
B1133434150634N00048321EA0052300651
B1133444150641N00048325EA0052100649
B1133454150648N00048328EA0052100648
B1133464150654N00048331EA0052000647
B1133474150661N00048334EA0052100647
B1133484150667N00048337EA0052100647
B1133494150672N00048341EA0052000647
B1133504150678N00048344EA0051800646
B1133514150685N00048347EA0051700644
B1133524150692N00048349EA0051700642
B1133534150699N00048350EA0051500642
B1133544150706N00048351EA0051600641
B1133554150712N00048353EA0051500641
B1133564150718N00048355EA0051500641
B1133574150724N00048358EA0051400640
B1133584150731N00048360EA0051300639
B1133594150738N00048362EA0051100637
B1134004150745N00048365EA0050800635
B1134014150753N00048367EA0050600633
B1134024150760N00048370EA0050500630
B1134034150767N00048373EA0050300629
B1134044150774N00048376EA0050500629
B1134054150779N00048377EA0050500630
B1134064150784N00048379EA0050300630
B1134074150790N00048381EA0050000628
B1134084150796N00048385EA0049700624
B1134094150803N00048389EA0049400620
B1134104150809N00048394EA0049300619
B1134114150814N00048399EA0049200618
B1134124150820N00048403EA0049000617
B1134134150827N00048406EA0048900615
B1134144150834N00048410EA0048600612
B1134154150841N00048415EA0048500611
B1134164150847N00048419EA0048200608
B1134174150854N00048422EA0048000606
B1134184150860N00048425EA0047600603
B1134194150867N00048428EA0047200599
B1134204150874N00048433EA0046900595
B1134214150881N00048437EA0046600592
B1134224150887N00048441EA0046300589
B1134234150894N00048443EA0046000586
B1134244150900N00048445EA0045900584
B1134254150906N00048447EA0045500580
B1134264150913N00048450EA0045100576
B1134274150920N00048454EA0044800573
B1134284150926N00048457EA0044600570
B1134294150932N00048461EA0044400568
B1134304150938N00048465EA0044300566
B1134314150943N00048470EA0044000564
B1134324150948N00048475EA0043800562
B1134334150953N00048479EA0043500559
B1134344150959N00048484EA0043300556
B1134354150965N00048488EA0043200554
B1134364150970N00048492EA0043100553
B1134374150975N00048496EA0043000552
B1134384150980N00048500EA0042900551
B1134394150985N00048504EA0042800550
B1134404150991N00048509EA0042600548
B1134414150996N00048515EA0042400546
B1134424151001N00048521EA0042300544
B1134434151007N00048528EA0042200543
B1134444151012N00048534EA0042300542
B1134454151018N00048540EA0042200543
B1134464151022N00048546EA0042600545
B1134474151025N00048551EA0042700548
B1134484151025N00048556EA0042600548
B1134494151025N00048561EA0042500547
B1134504151025N00048568EA0042300545
B1134514151026N00048575EA0042200544
B1134524151030N00048582EA0041900541
B1134534151035N00048588EA0041700539
B1134544151040N00048593EA0041700539
B1134554151045N00048596EA0041600539
B1134564151050N00048600EA0041500538
B1134574151056N00048603EA0041300536
B1134584151061N00048605EA0041200535
B1134594151068N00048608EA0041100533
B1135004151074N00048610EA0041000532
B1135014151080N00048612EA0041000531
B1135024151086N00048613EA0041000532
B1135034151091N00048614EA0041000532
B1135044151097N00048615EA0040900531
B1135054151103N00048617EA0040800529
B1135064151109N00048620EA0040600528
B1135074151114N00048623EA0040800527
B1135084151120N00048625EA0040800528
B1135094151125N00048626EA0040700528
B1135104151131N00048627EA0040600527
B1135114151136N00048630EA0040400526
B1135124151141N00048633EA0040200524
B1135134151146N00048636EA0040100522
B1135144151151N00048639EA0040000520
B1135154151157N00048641EA0039800518
B1135164151162N00048644EA0039700517
B1135174151167N00048646EA0039600516
B1135184151173N00048649EA0039400515
B1135194151178N00048651EA0039300513
B1135204151183N00048654EA0039200512
B1135214151188N00048657EA0039100511
B1135224151193N00048660EA0038900510
B1135234151198N00048663EA0038900509
B1135244151203N00048667EA0038800507
B1135254151208N00048671EA0038600506
B1135264151213N00048676EA0038500505
B1135274151217N00048680EA0038500504
B1135284151222N00048685EA0038500504
B1135294151226N00048689EA0038400504
B1135304151231N00048693EA0038300503
B1135314151236N00048697EA0038100502
B1135324151241N00048701EA0037900500
B1135334151247N00048704EA0037800498
B1135344151253N00048708EA0037600496
B1135354151258N00048711EA0037400494
B1135364151263N00048715EA0037300493
B1135374151268N00048719EA0037300492
B1135384151273N00048723EA0037100490
B1135394151278N00048726EA0036900489
B1135404151284N00048730EA0036800487
B1135414151289N00048734EA0036600485
B1135424151295N00048739EA0036500484
B1135434151299N00048743EA0036500483
B1135444151304N00048748EA0036500482
B1135454151309N00048753EA0036300481
B1135464151314N00048757EA0036100480
B1135474151319N00048762EA0036100479
B1135484151324N00048768EA0036000478
B1135494151328N00048773EA0035900477
B1135504151332N00048779EA0035800475
B1135514151337N00048785EA0035700474
B1135524151341N00048792EA0035500472
B1135534151346N00048798EA0035400471
B1135544151350N00048803EA0035300470
B1135554151354N00048809EA0035100469
B1135564151358N00048815EA0035100468
B1135574151362N00048821EA0035000467
B1135584151365N00048828EA0034800465
B1135594151368N00048834EA0034800464
B1136004151372N00048841EA0034700463
B1136014151375N00048848EA0034600462
B1136024151379N00048855EA0034400461
B1136034151383N00048861EA0034200459
B1136044151387N00048869EA0034100458
B1136054151391N00048876EA0034000456
B1136064151395N00048883EA0034300457
B1136074151398N00048889EA0034500459
B1136084151402N00048894EA0034600461
B1136094151406N00048898EA0034700462
B1136104151411N00048902EA0034700462
B1136114151415N00048906EA0034800463
B1136124151419N00048910EA0034900464
B1136134151423N00048914EA0034900465
B1136144151426N00048917EA0035100465
B1136154151430N00048921EA0035100466
B1136164151434N00048924EA0035100466
B1136174151439N00048927EA0035100466
B1136184151443N00048931EA0034900465
B1136194151448N00048936EA0034900465
B1136204151453N00048940EA0035000464
B1136214151458N00048944EA0034900464
B1136224151464N00048948EA0034900464
B1136234151469N00048952EA0034900464
B1136244151473N00048956EA0034900464
B1136254151478N00048960EA0034800464
B1136264151482N00048965EA0034700463
B1136274151487N00048970EA0034600462
B1136284151492N00048976EA0034700461
B1136294151497N00048981EA0035000463
B1136304151499N00048986EA0035400467
B1136314151500N00048990EA0035700471
B1136324151499N00048994EA0035800473
B1136334151499N00048998EA0035900474
B1136344151497N00049002EA0036000474
B1136354151494N00049005EA0036000475
B1136364151490N00049005EA0036100476
B1136374151485N00049004EA0036200477
B1136384151481N00049004EA0036400479
B1136394151477N00049006EA0036600482
B1136404151475N00049009EA0036800484
B1136414151475N00049013EA0036900487
B1136424151475N00049018EA0037000487
B1136434151477N00049024EA0037000488
B1136444151480N00049029EA0037000488
B1136454151486N00049032EA0037200488
B1136464151494N00049031EA0037200487
B1136474151500N00049026EA0037200487
B1136484151503N00049018EA0037400489
B1136494151503N00049010EA0037400490
B1136504151500N00049004EA0037500492
B1136514151497N00048999EA0037600493
B1136524151493N00048995EA0037800495
B1136534151489N00048994EA0038000497
B1136544151485N00048995EA0038100499
B1136554151483N00048998EA0038200499
B1136564151481N00049004EA0038200499
B1136574151481N00049010EA0038200499
B1136584151484N00049017EA0038200500
B1136594151489N00049022EA0038300500
B1137004151495N00049025EA0038400501
B1137014151502N00049025EA0038400501
B1137024151508N00049021EA0038500502
B1137034151514N00049016EA0038700503
B1137044151516N00049009EA0039100507
B1137054151517N00049002EA0039200510
B1137064151514N00048995EA0039300511
B1137074151510N00048990EA0039400511
B1137084151506N00048989EA0039500512
B1137094151502N00048991EA0039500513
B1137104151500N00048996EA0039500512
B1137114151500N00049002EA0039500512
B1137124151503N00049008EA0039400513
B1137134151508N00049012EA0039300512
B1137144151515N00049014EA0039400510
B1137154151522N00049013EA0039400511
B1137164151528N00049009EA0039700512
B1137174151532N00049003EA0040000515
B1137184151534N00048997EA0040200518
B1137194151535N00048990EA0040400521
B1137204151535N00048984EA0040500522
B1137214151535N00048977EA0040600524
B1137224151534N00048970EA0040700525
B1137234151531N00048964EA0040900526
B1137244151527N00048960EA0041000527
B1137254151523N00048957EA0041000528
B1137264151519N00048956EA0041000529
B1137274151516N00048958EA0041000530
B1137284151514N00048963EA0040900529
B1137294151514N00048969EA0041000529
B1137304151515N00048976EA0040900529
B1137314151518N00048982EA0040900529
B1137324151522N00048986EA0041000529
B1137334151528N00048989EA0040900529
B1137344151534N00048990EA0040800528
B1137354151540N00048988EA0040900528
B1137364151546N00048984EA0040900527
B1137374151550N00048977EA0041000527
B1137384151553N00048969EA0041100528
B1137394151553N00048962EA0041300530
B1137404151553N00048956EA0041500532
B1137414151552N00048950EA0041600534
B1137424151551N00048944EA0041700536
B1137434151550N00048939EA0041800537
B1137444151549N00048935EA0041900538
B1137454151547N00048933EA0041800538
B1137464151544N00048932EA0041700538
B1137474151541N00048932EA0041600537
B1137484151537N00048934EA0041700537
B1137494151535N00048935EA0041800538
B1137504151532N00048936EA0041900539
B1137514151530N00048937EA0041900540
B1137524151528N00048939EA0041900540
B1137534151527N00048943EA0041800540
B1137544151526N00048948EA0041800539
B1137554151527N00048955EA0041800538
B1137564151530N00048961EA0041900538
B1137574151533N00048966EA0041900540
B1137584151538N00048970EA0042000541
B1137594151543N00048974EA0042100541
B1138004151548N00048977EA0042000541
B1138014151554N00048979EA0041900541
B1138024151561N00048979EA0041900540
B1138034151568N00048976EA0041800540
B1138044151574N00048970EA0041800538
B1138054151578N00048963EA0041700537
B1138064151581N00048955EA0041600537
B1138074151581N00048948EA0041700537
B1138084151581N00048943EA0041700538
B1138094151579N00048939EA0041700538
B1138104151576N00048936EA0041600538
B1138114151574N00048935EA0041600538
B1138124151571N00048934EA0041700538
B1138134151568N00048934EA0041700538
B1138144151565N00048935EA0041800539
B1138154151563N00048936EA0041800539
B1138164151561N00048939EA0041800540
B1138174151560N00048943EA0041900540
B1138184151560N00048948EA0041900540
B1138194151561N00048954EA0042000541
B1138204151564N00048959EA0042000541
B1138214151568N00048964EA0042000542
B1138224151572N00048968EA0042000542
B1138234151577N00048973EA0042100542
B1138244151582N00048977EA0042000542
B1138254151587N00048982EA0042100542
B1138264151592N00048987EA0042200542
B1138274151597N00048992EA0042400544
B1138284151602N00048996EA0042700546
B1138294151606N00049001EA0042900549
B1138304151608N00049006EA0042900551
B1138314151609N00049013EA0042800551
B1138324151608N00049020EA0042900550
B1138334151607N00049026EA0043100552
B1138344151605N00049028EA0043500555
B1138354151602N00049027EA0043700557
B1138364151599N00049024EA0043800558
B1138374151596N00049020EA0043900560
B1138384151594N00049018EA0044200562
B1138394151592N00049018EA0044400565
B1138404151590N00049020EA0044500567
B1138414151589N00049023EA0044500568
B1138424151589N00049028EA0044600569
B1138434151589N00049034EA0044700569
B1138444151592N00049040EA0044800570
B1138454151596N00049046EA0044900571
B1138464151603N00049050EA0045300573
B1138474151610N00049050EA0045600576
B1138484151616N00049046EA0045700578
B1138494151621N00049039EA0046000581
B1138504151624N00049033EA0046200583
B1138514151623N00049027EA0046500586
B1138524151621N00049023EA0046600588
B1138534151618N00049022EA0046700590
B1138544151616N00049024EA0046900591
B1138554151614N00049028EA0047000593
B1138564151614N00049033EA0047100595
B1138574151614N00049040EA0047300596
B1138584151617N00049047EA0047600598
B1138594151621N00049052EA0047900601
B1139004151627N00049056EA0048200604
B1139014151634N00049057EA0048400607
B1139024151641N00049055EA0048600609
B1139034151648N00049051EA0048900612
B1139044151653N00049045EA0049200615
B1139054151655N00049039EA0049500618
B1139064151655N00049032EA0049600620
B1139074151653N00049027EA0049700622
B1139084151650N00049023EA0050000624
B1139094151647N00049023EA0050400627
B1139104151645N00049027EA0050600631
B1139114151644N00049032EA0050700633
B1139124151644N00049039EA0051000634
B1139134151647N00049046EA0051300637
B1139144151651N00049051EA0051700641
B1139154151657N00049054EA0051900644
B1139164151664N00049054EA0052200647
B1139174151671N00049051EA0052400649
B1139184151676N00049045EA0052600651
B1139194151680N00049037EA0052700653
B1139204151681N00049030EA0053000656
B1139214151679N00049025EA0053100658
B1139224151676N00049022EA0053200660
B1139234151673N00049022EA0053600662
B1139244151670N00049025EA0053700665
B1139254151668N00049029EA0053900667
B1139264151667N00049035EA0054300669
B1139274151669N00049041EA0054800673
B1139284151673N00049046EA0055000677
B1139294151680N00049048EA0055200678
B1139304151687N00049046EA0055300680
B1139314151693N00049041EA0055600682
B1139324151697N00049033EA0055800685
B1139334151698N00049025EA0056000687
B1139344151696N00049020EA0056300690
B1139354151693N00049017EA0056500692
B1139364151689N00049017EA0056700694
B1139374151686N00049020EA0057000697
B1139384151684N00049025EA0057300700
B1139394151685N00049030EA0057600704
B1139404151689N00049035EA0057800706
B1139414151695N00049039EA0058000708
B1139424151701N00049041EA0058300710
B1139434151708N00049040EA0058600714
B1139444151713N00049037EA0058900718
B1139454151718N00049031EA0059000720
B1139464151720N00049023EA0059300721
B1139474151720N00049015EA0059400724
B1139484151718N00049010EA0059600726
B1139494151715N00049006EA0059800729
B1139504151712N00049005EA0060100731
B1139514151709N00049006EA0060300733
B1139524151707N00049010EA0060600736
B1139534151708N00049015EA0060600738
B1139544151710N00049021EA0060800739
B1139554151715N00049026EA0061100742
B1139564151721N00049027EA0061400745
B1139574151728N00049025EA0061700748
B1139584151733N00049019EA0062000751
B1139594151736N00049011EA0062200752
B1140004151736N00049002EA0062300754
B1140014151734N00048996EA0062400755
B1140024151729N00048992EA0062600757
B1140034151726N00048993EA0062800759
B1140044151724N00048996EA0063000762
B1140054151724N00049001EA0063300764
B1140064151728N00049006EA0063500766
B1140074151733N00049009EA0063800768
B1140084151740N00049008EA0064000772
B1140094151745N00049003EA0064200774
B1140104151749N00048995EA0064300775
B1140114151751N00048986EA0064400776
B1140124151750N00048978EA0064600779
B1140134151747N00048973EA0064800781
B1140144151743N00048971EA0064900782
B1140154151740N00048972EA0065100784
B1140164151738N00048973EA0065400786
B1140174151735N00048974EA0065600789
B1140184151733N00048973EA0065800792
B1140194151731N00048973EA0066100794
B1140204151729N00048975EA0066100796
B1140214151728N00048978EA0066400797
B1140224151728N00048982EA0066600799
B1140234151730N00048986EA0066800801
B1140244151733N00048989EA0066900804
B1140254151739N00048989EA0067000805
B1140264151744N00048988EA0067200807
B1140274151750N00048985EA0067200808
B1140284151754N00048982EA0067400809
B1140294151758N00048977EA0067400811
B1140304151761N00048972EA0067300811
B1140314151764N00048965EA0067200809
B1140324151768N00048957EA0067200808
B1140334151772N00048947EA0067400808
B1140344151773N00048937EA0067700811
B1140354151772N00048930EA0067900814
B1140364151770N00048924EA0068200817
B1140374151768N00048920EA0068400819
B1140384151766N00048915EA0068600821
B1140394151764N00048911EA0068800823
B1140404151762N00048907EA0069000825
B1140414151759N00048906EA0069000826
B1140424151757N00048908EA0069000826
B1140434151755N00048912EA0069100826
B1140444151756N00048917EA0069300828
B1140454151757N00048921EA0069600830
B1140464151757N00048924EA0069800834
B1140474151757N00048926EA0070200836
B1140484151755N00048926EA0070300839
B1140494151752N00048925EA0070300840
B1140504151749N00048924EA0070400841
B1140514151745N00048923EA0070500842
B1140524151741N00048922EA0070600843
B1140534151738N00048924EA0070800844
B1140544151735N00048926EA0070900845
B1140554151732N00048927EA0070900847
B1140564151730N00048928EA0071000848
B1140574151727N00048928EA0071100849
B1140584151724N00048929EA0071000849
B1140594151721N00048929EA0070800848
B1141004151718N00048931EA0070800846
B1141014151714N00048934EA0070800846
B1141024151711N00048936EA0070900846
B1141034151707N00048936EA0071000847
B1141044151704N00048935EA0071100848
B1141054151701N00048932EA0071100849
B1141064151697N00048928EA0071100849
B1141074151694N00048922EA0071100849
B1141084151691N00048914EA0071100848
B1141094151690N00048905EA0071100848
B1141104151692N00048896EA0071000848
B1141114151695N00048888EA0070900847
B1141124151700N00048882EA0070800845
B1141134151706N00048878EA0070700844
B1141144151711N00048877EA0070800844
B1141154151716N00048877EA0070800844
B1141164151720N00048878EA0070900844
B1141174151724N00048880EA0070900845
B1141184151727N00048882EA0070800845
B1141194151730N00048885EA0070700844
B1141204151732N00048888EA0070600843
B1141214151734N00048892EA0070600842
B1141224151735N00048897EA0070500842
B1141234151736N00048901EA0070500841
B1141244151737N00048905EA0070500841
B1141254151739N00048909EA0070400840
B1141264151742N00048914EA0070400840
B1141274151745N00048919EA0070400839
B1141284151750N00048923EA0070400839
B1141294151755N00048926EA0070500840
B1141304151761N00048926EA0070600841
B1141314151767N00048925EA0070600842
B1141324151773N00048923EA0070700842
B1141334151779N00048921EA0070700843
B1141344151786N00048919EA0070800843
B1141354151792N00048916EA0070900844
B1141364151799N00048911EA0071000845
B1141374151805N00048905EA0071000845
B1141384151810N00048899EA0070800846
B1141394151814N00048892EA0071000846
B1141404151818N00048884EA0071000846
B1141414151820N00048875EA0070900845
B1141424151821N00048865EA0070700844
B1141434151819N00048855EA0070700843
B1141444151816N00048848EA0070600843
B1141454151812N00048842EA0070600842
B1141464151808N00048837EA0070600842
B1141474151804N00048833EA0070600842
B1141484151800N00048830EA0070500842
B1141494151795N00048827EA0070500841
B1141504151791N00048826EA0070400840
B1141514151787N00048827EA0070300839
B1141524151784N00048829EA0070200838
B1141534151780N00048831EA0070000836
B1141544151776N00048833EA0070000836
B1141554151773N00048836EA0070100835
B1141564151771N00048838EA0070000835
B1141574151768N00048841EA0070000836
B1141584151766N00048844EA0069900835
B1141594151764N00048848EA0069800834
B1142004151761N00048852EA0069800833
B1142014151759N00048857EA0069800833
B1142024151757N00048861EA0069800833
B1142034151755N00048866EA0069800834
B1142044151754N00048870EA0069700834
B1142054151753N00048874EA0069600833
B1142064151750N00048878EA0069400832
B1142074151747N00048882EA0069300830
B1142084151745N00048886EA0069300829
B1142094151743N00048890EA0069300829
B1142104151742N00048894EA0069300829
B1142114151741N00048897EA0069100828
B1142124151739N00048901EA0069000827
B1142134151736N00048904EA0068800824
B1142144151734N00048908EA0068500821
B1142154151732N00048913EA0068400819
B1142164151731N00048917EA0068500819
B1142174151729N00048922EA0068500820
B1142184151728N00048925EA0068700821
B1142194151727N00048929EA0068700822
B1142204151726N00048932EA0068700822
B1142214151725N00048936EA0068600822
B1142224151724N00048940EA0068600821
B1142234151722N00048945EA0068600821
B1142244151721N00048949EA0068700822
B1142254151720N00048953EA0068700822
B1142264151718N00048958EA0068800822
B1142274151717N00048962EA0068800822
B1142284151715N00048967EA0068800823
B1142294151713N00048972EA0068900823
B1142304151712N00048977EA0069000824
B1142314151711N00048981EA0069100825
B1142324151709N00048986EA0069200826
B1142334151708N00048991EA0069300827
B1142344151708N00048995EA0069400828
B1142354151707N00048999EA0069300829
B1142364151705N00049004EA0069300829
B1142374151703N00049008EA0069200828
B1142384151700N00049013EA0069200828
B1142394151698N00049018EA0069300828
B1142404151697N00049022EA0069400829
B1142414151696N00049026EA0069500831
B1142424151696N00049030EA0069400831
B1142434151695N00049033EA0069400831
B1142444151694N00049036EA0069200830
B1142454151692N00049041EA0069000827
B1142464151690N00049046EA0068900825
B1142474151688N00049051EA0068900824
B1142484151686N00049056EA0068900825
B1142494151685N00049062EA0069000825
B1142504151684N00049067EA0069000826
B1142514151685N00049072EA0069100827
B1142524151686N00049078EA0069100827
B1142534151687N00049082EA0069200828
B1142544151689N00049087EA0069300829
B1142554151690N00049090EA0069300829
B1142564151690N00049094EA0069300829
B1142574151689N00049098EA0069300828
B1142584151687N00049103EA0069300828
B1142594151685N00049107EA0069600829
B1143004151684N00049111EA0069700831
B1143014151683N00049114EA0069900834
B1143024151681N00049117EA0070000835
B1143034151679N00049119EA0070100836
B1143044151676N00049121EA0070200837
B1143054151672N00049121EA0070400838
B1143064151669N00049119EA0070300840
B1143074151665N00049114EA0070300840
B1143084151662N00049107EA0070200839
B1143094151661N00049097EA0070200838
B1143104151663N00049088EA0070100837
B1143114151666N00049080EA0070100838
B1143124151669N00049073EA0070100838
B1143134151674N00049067EA0070000837
B1143144151679N00049061EA0069900836
B1143154151686N00049057EA0069800835
B1143164151693N00049054EA0069800834
B1143174151700N00049053EA0069800833
B1143184151707N00049054EA0069800833
B1143194151713N00049056EA0069800834
B1143204151718N00049059EA0069800834
B1143214151723N00049062EA0069800834
B1143224151727N00049066EA0069700834
B1143234151731N00049071EA0069800833
B1143244151734N00049076EA0070000834
B1143254151736N00049081EA0070200836
B1143264151737N00049084EA0070400839
B1143274151738N00049087EA0070500841
B1143284151739N00049091EA0070500841
B1143294151739N00049095EA0070500841
B1143304151738N00049099EA0070500841
B1143314151737N00049103EA0070600841
B1143324151737N00049108EA0070700843
B1143334151739N00049112EA0070800844
B1143344151742N00049114EA0070700845
B1143354151746N00049116EA0070700845
B1143364151751N00049116EA0070700844
B1143374151757N00049115EA0070600843
B1143384151762N00049115EA0070600843
B1143394151768N00049115EA0070600843
B1143404151774N00049117EA0070700843
B1143414151781N00049118EA0070900844
B1143424151786N00049118EA0071100846
B1143434151792N00049118EA0071300848
B1143444151797N00049117EA0071500850
B1143454151804N00049116EA0071600851
B1143464151810N00049116EA0071800852
B1143474151815N00049115EA0072000855
B1143484151820N00049115EA0072200857
B1143494151825N00049113EA0072300859
B1143504151831N00049112EA0072400860
B1143514151838N00049110EA0072400860
B1143524151844N00049110EA0072500861
B1143534151850N00049109EA0072500862
B1143544151856N00049109EA0072600863
B1143554151863N00049109EA0072700863
B1143564151870N00049109EA0072700864
B1143574151876N00049108EA0072800864
B1143584151882N00049106EA0072900865
B1143594151888N00049105EA0072800866
B1144004151894N00049104EA0072900866
B1144014151901N00049103EA0072900866
B1144024151907N00049102EA0072900865
B1144034151913N00049101EA0073000865
B1144044151920N00049100EA0073000866
B1144054151926N00049097EA0073200867
B1144064151931N00049094EA0073400868
B1144074151936N00049088EA0073500870
B1144084151941N00049082EA0073600872
B1144094151946N00049075EA0073800873
B1144104151951N00049069EA0074000875
B1144114151957N00049065EA0074300877
B1144124151964N00049062EA0074400879
B1144134151970N00049058EA0074600881
B1144144151976N00049053EA0074800883
B1144154151983N00049048EA0075100885
B1144164151989N00049043EA0075300888
B1144174151995N00049040EA0075600891
B1144184152000N00049037EA0075800894
B1144194152007N00049036EA0076000896
B1144204152013N00049037EA0076100897
B1144214152019N00049039EA0076400899
B1144224152024N00049043EA0076600901
B1144234152028N00049048EA0076800904
B1144244152029N00049053EA0077000906
B1144254152028N00049058EA0077300908
B1144264152026N00049061EA0077700911
B1144274152023N00049062EA0078100915
B1144284152021N00049060EA0078400920
B1144294152018N00049056EA0078600924
B1144304152016N00049051EA0078800926
B1144314152013N00049045EA0079000927
B1144324152011N00049037EA0079300929
B1144334152009N00049028EA0079400931
B1144344152011N00049019EA0079800934
B1144354152014N00049010EA0079900937
B1144364152020N00049003EA0080100939
B1144374152026N00048998EA0080300941
B1144384152032N00048995EA0080600944
B1144394152038N00048994EA0080800946
B1144404152044N00048994EA0081100948
B1144414152049N00048997EA0081200950
B1144424152054N00049001EA0081400953
B1144434152057N00049005EA0081700955
B1144444152059N00049011EA0082000957
B1144454152061N00049016EA0082200960
B1144464152062N00049022EA0082400962
B1144474152061N00049027EA0082700964
B1144484152059N00049031EA0082900966
B1144494152056N00049031EA0082900969
B1144504152054N00049029EA0083000970
B1144514152052N00049026EA0083100971
B1144524152049N00049022EA0083100972
B1144534152046N00049018EA0083200972
B1144544152043N00049013EA0083200972
B1144554152040N00049007EA0083300973
B1144564152036N00049001EA0083700975
B1144574152033N00048994EA0083800977
B1144584152030N00048986EA0084000980
B1144594152029N00048977EA0084400982
B1145004152030N00048967EA0084600984
B1145014152032N00048957EA0084800987
B1145024152036N00048949EA0085100991
B1145034152040N00048942EA0085400994
B1145044152044N00048935EA0085600996
B1145054152050N00048930EA0085800998
B1145064152056N00048926EA0085800999
B1145074152062N00048923EA0086001001
B1145084152069N00048922EA0086201002
B1145094152075N00048921EA0086401004
B1145104152081N00048921EA0086601007
B1145114152086N00048923EA0086801009
B1145124152090N00048926EA0087001010
B1145134152094N00048929EA0087101012
B1145144152098N00048933EA0087201013
B1145154152100N00048938EA0087401014
B1145164152102N00048943EA0087501016
B1145174152103N00048948EA0087801017
B1145184152103N00048952EA0088101021
B1145194152104N00048956EA0088601025
B1145204152104N00048957EA0089101031
B1145214152103N00048957EA0089501035
B1145224152101N00048957EA0089701038
B1145234152099N00048955EA0089901040
B1145244152097N00048952EA0090001043
B1145254152095N00048948EA0090101044
B1145264152092N00048941EA0090201045
B1145274152090N00048934EA0090501047
B1145284152089N00048926EA0090701049
B1145294152089N00048917EA0091001052
B1145304152091N00048909EA0091301055
B1145314152095N00048901EA0091501057
B1145324152100N00048895EA0091601059
B1145334152106N00048892EA0091701061
B1145344152112N00048890EA0091801062
B1145354152117N00048891EA0091901063
B1145364152122N00048893EA0092001064
B1145374152126N00048896EA0092001065
B1145384152130N00048900EA0092101065
B1145394152134N00048904EA0092301067
B1145404152137N00048908EA0092501068
B1145414152138N00048913EA0092801071
B1145424152139N00048917EA0093001073
B1145434152138N00048920EA0093301076
B1145444152135N00048923EA0093501079
B1145454152132N00048923EA0093801081
B1145464152129N00048923EA0094001084
B1145474152125N00048920EA0094301086
B1145484152120N00048916EA0094601089
B1145494152116N00048911EA0094801092
B1145504152114N00048904EA0095101095
B1145514152112N00048896EA0095301098
B1145524152112N00048887EA0095401100
B1145534152113N00048878EA0095501101
B1145544152116N00048868EA0095801102
B1145554152120N00048860EA0096101105
B1145564152125N00048854EA0096301108
B1145574152130N00048851EA0096401111
B1145584152135N00048850EA0096401112
B1145594152140N00048850EA0096501113
B1146004152145N00048853EA0096501113
B1146014152149N00048858EA0096601113
B1146024152151N00048864EA0096701113
B1146034152152N00048869EA0097001116
B1146044152152N00048874EA0097301119
B1146054152152N00048877EA0097601123
B1146064152151N00048881EA0097901126
B1146074152148N00048884EA0098201128
B1146084152144N00048887EA0098501130
B1146094152139N00048887EA0098601132
B1146104152134N00048883EA0098801134
B1146114152130N00048877EA0099001137
B1146124152128N00048871EA0099301141
B1146134152127N00048866EA0099301143
B1146144152125N00048859EA0099401144
B1146154152123N00048850EA0099301143
B1146164152121N00048841EA0099501143
B1146174152120N00048832EA0099701144
B1146184152120N00048823EA0099901147
B1146194152122N00048816EA0100101150
B1146204152125N00048809EA0100201151
B1146214152129N00048802EA0100401152
B1146224152134N00048797EA0100501153
B1146234152140N00048795EA0100601154
B1146244152146N00048794EA0100801156
B1146254152151N00048796EA0100801158
B1146264152155N00048799EA0100901159
B1146274152159N00048804EA0101001160
B1146284152161N00048809EA0101001160
B1146294152161N00048815EA0101101161
B1146304152160N00048821EA0101201161
B1146314152158N00048826EA0101501163
B1146324152155N00048829EA0101701166
B1146334152152N00048831EA0101901169
B1146344152147N00048832EA0102101171
B1146354152142N00048830EA0102101172
B1146364152137N00048827EA0102401173
B1146374152133N00048821EA0102501175
B1146384152130N00048814EA0102601176
B1146394152127N00048805EA0102701177
B1146404152126N00048797EA0103001179
B1146414152125N00048789EA0103001180
B1146424152126N00048780EA0103001181
B1146434152127N00048771EA0103101181
B1146444152129N00048763EA0103201182
B1146454152132N00048755EA0103201183
B1146464152136N00048749EA0103301184
B1146474152141N00048744EA0103401185
B1146484152146N00048738EA0103501186
B1146494152151N00048734EA0103701188
B1146504152156N00048730EA0103901189
B1146514152162N00048729EA0103901191
B1146524152167N00048729EA0104001192
B1146534152172N00048732EA0104001192
B1146544152176N00048737EA0104001192
B1146554152179N00048742EA0104201193
B1146564152180N00048747EA0104201193
B1146574152181N00048753EA0104301195
B1146584152180N00048758EA0104401196
B1146594152179N00048762EA0104501197
B1147004152177N00048767EA0104501198
B1147014152175N00048771EA0104501198
B1147024152171N00048774EA0104601198
B1147034152167N00048777EA0104801199
B1147044152162N00048777EA0104701200
B1147054152156N00048775EA0104901201
B1147064152150N00048771EA0105001202
B1147074152146N00048765EA0105301204
B1147084152143N00048758EA0105401207
B1147094152142N00048751EA0105401208
B1147104152141N00048743EA0105501208
B1147114152141N00048734EA0105301208
B1147124152142N00048724EA0105301207
B1147134152143N00048715EA0105301207
B1147144152146N00048707EA0105501208
B1147154152149N00048699EA0105601210
B1147164152153N00048692EA0105701211
B1147174152159N00048686EA0105701211
B1147184152165N00048681EA0105701210
B1147194152171N00048678EA0105901211
B1147204152178N00048676EA0105901212
B1147214152184N00048674EA0106001213
B1147224152190N00048672EA0106001214
B1147234152197N00048672EA0106101214
B1147244152203N00048673EA0106301215
B1147254152208N00048676EA0106301216
B1147264152213N00048679EA0106501218
B1147274152217N00048682EA0106501219
B1147284152220N00048686EA0106601220
B1147294152223N00048691EA0106601220
B1147304152225N00048697EA0106601220
B1147314152226N00048704EA0106801221
B1147324152226N00048709EA0106901223
B1147334152225N00048713EA0107101224
B1147344152224N00048717EA0107101226
B1147354152221N00048719EA0107001226
B1147364152217N00048722EA0106901225
B1147374152212N00048723EA0107001224
B1147384152207N00048722EA0107101224
B1147394152202N00048717EA0107101225
B1147404152199N00048709EA0107001226
B1147414152198N00048699EA0107001226
B1147424152201N00048691EA0107001225
B1147434152206N00048685EA0107101225
B1147444152211N00048682EA0107201226
B1147454152216N00048681EA0107301227
B1147464152221N00048681EA0107301228
B1147474152225N00048682EA0107501230
B1147484152229N00048683EA0107401230
B1147494152234N00048686EA0107401229
B1147504152239N00048689EA0107501229
B1147514152244N00048691EA0107501230
B1147524152249N00048692EA0107601231
B1147534152253N00048694EA0107701232
B1147544152258N00048697EA0107701233
B1147554152262N00048700EA0107701233
B1147564152267N00048704EA0107801232
B1147574152272N00048707EA0108001234
B1147584152276N00048709EA0108301236
B1147594152279N00048712EA0108501239
B1148004152281N00048716EA0108501240
B1148014152282N00048721EA0108601241
B1148024152282N00048727EA0108701241
B1148034152279N00048731EA0108701242
B1148044152275N00048733EA0108701242
B1148054152270N00048732EA0108901242
B1148064152265N00048728EA0109101244
B1148074152262N00048722EA0109401247
B1148084152261N00048715EA0109501250
B1148094152261N00048707EA0109701252
B1148104152260N00048699EA0110001253
B1148114152262N00048690EA0110101255
B1148124152265N00048682EA0110301257
B1148134152269N00048677EA0110201258
B1148144152275N00048673EA0110301258
B1148154152281N00048671EA0110301259
B1148164152286N00048671EA0110401259
B1148174152291N00048673EA0110401260
B1148184152296N00048676EA0110401260
B1148194152299N00048681EA0110501261
B1148204152301N00048687EA0110601262
B1148214152303N00048692EA0110701263
B1148224152304N00048696EA0110801264
B1148234152304N00048701EA0110901265
B1148244152303N00048706EA0110801265
B1148254152300N00048711EA0110901265
B1148264152296N00048714EA0111001265
B1148274152291N00048715EA0111201267
B1148284152286N00048713EA0111401269
B1148294152282N00048708EA0111501270
B1148304152279N00048701EA0111601271
B1148314152278N00048693EA0111801272
B1148324152278N00048683EA0111701272
B1148334152280N00048674EA0111901274
B1148344152283N00048667EA0112201276
B1148354152288N00048662EA0112401279
B1148364152293N00048659EA0112401280
B1148374152299N00048658EA0112501281
B1148384152304N00048658EA0112501282
B1148394152309N00048659EA0112601283
B1148404152313N00048662EA0112701284
B1148414152317N00048665EA0112701284
B1148424152319N00048670EA0112701284
B1148434152321N00048676EA0112601283
B1148444152320N00048683EA0112501282
B1148454152318N00048688EA0112501282
B1148464152314N00048691EA0112801282
B1148474152310N00048692EA0112901284
B1148484152305N00048691EA0113201286
B1148494152301N00048688EA0113401289
B1148504152298N00048685EA0113501291
B1148514152294N00048680EA0113501292
B1148524152291N00048675EA0113501292
B1148534152288N00048667EA0113401292
B1148544152286N00048658EA0113501291
B1148554152286N00048648EA0113501291
B1148564152286N00048639EA0113501292
B1148574152288N00048630EA0113701293
B1148584152290N00048622EA0113701295
B1148594152293N00048615EA0113901296
B1149004152296N00048608EA0113901297
B1149014152299N00048601EA0114001298
B1149024152302N00048592EA0114101298
B1149034152305N00048583EA0114201299
B1149044152308N00048575EA0114401300
B1149054152310N00048567EA0114501302
B1149064152314N00048561EA0114401303
B1149074152317N00048554EA0114401303
B1149084152321N00048547EA0114201302
B1149094152325N00048539EA0114001300
B1149104152328N00048530EA0114001299
B1149114152332N00048522EA0113801298
B1149124152336N00048513EA0113801297
B1149134152339N00048504EA0113701296
B1149144152343N00048495EA0113601294
B1149154152347N00048487EA0113401293
B1149164152351N00048478EA0113401291
B1149174152355N00048469EA0113201290
B1149184152359N00048461EA0113101289
B1149194152362N00048452EA0113001287
B1149204152366N00048443EA0112801285
B1149214152371N00048434EA0112701284
B1149224152375N00048425EA0112401282
B1149234152380N00048416EA0112201279
B1149244152385N00048407EA0112001277
B1149254152390N00048398EA0111801275
B1149264152395N00048388EA0111701273
B1149274152399N00048378EA0111501272
B1149284152403N00048367EA0111301270
B1149294152408N00048357EA0111201269
B1149304152412N00048347EA0111101268
B1149314152417N00048338EA0111001267
B1149324152422N00048330EA0110901265
B1149334152427N00048320EA0110801264
B1149344152432N00048311EA0110501262
B1149354152436N00048301EA0110301260
B1149364152441N00048292EA0110001258
B1149374152446N00048283EA0109701255
B1149384152451N00048273EA0109301251
B1149394152456N00048263EA0109101248
B1149404152461N00048252EA0108901245
B1149414152465N00048241EA0108701243
B1149424152469N00048230EA0108401241
B1149434152473N00048220EA0108301239
B1149444152477N00048209EA0108001236
B1149454152481N00048199EA0107601233
B1149464152485N00048188EA0107301230
B1149474152489N00048178EA0106901226
B1149484152494N00048166EA0106601222
B1149494152498N00048155EA0106301218
B1149504152502N00048143EA0106201216
B1149514152506N00048133EA0106301216
B1149524152509N00048124EA0106401218
B1149534152512N00048116EA0106601219
B1149544152515N00048107EA0106601220
B1149554152517N00048098EA0106601220
B1149564152520N00048090EA0106601220
B1149574152523N00048080EA0106501219
B1149584152526N00048071EA0106401218
B1149594152530N00048061EA0106301217
B1150004152533N00048052EA0106201216
B1150014152536N00048042EA0106201215
B1150024152539N00048032EA0106101215
B1150034152542N00048022EA0106201214
B1150044152545N00048012EA0106201215
B1150054152548N00048002EA0106301216
B1150064152551N00047993EA0106501218
B1150074152554N00047983EA0106501220
B1150084152557N00047974EA0106601220
B1150094152560N00047964EA0106701221
B1150104152564N00047954EA0106701222
B1150114152567N00047945EA0106701223
B1150124152571N00047935EA0106701223
B1150134152574N00047925EA0106901224
B1150144152578N00047915EA0107201225
B1150154152582N00047906EA0107401227
B1150164152585N00047898EA0107601230
B1150174152589N00047889EA0107901232
B1150184152592N00047880EA0108201235
B1150194152594N00047871EA0108601238
B1150204152596N00047862EA0108801241
B1150214152597N00047853EA0108801243
B1150224152599N00047843EA0109001245
B1150234152601N00047833EA0109101245
B1150244152604N00047822EA0109301247
B1150254152608N00047813EA0109501249
B1150264152612N00047805EA0109701252
B1150274152618N00047799EA0109901254
B1150284152624N00047795EA0110001255
B1150294152630N00047793EA0110101256
B1150304152635N00047793EA0110301258
B1150314152639N00047794EA0110501260
B1150324152642N00047794EA0110701262
B1150334152645N00047794EA0111001264
B1150344152646N00047795EA0111001265
B1150354152647N00047798EA0111101266
B1150364152646N00047801EA0111401268
B1150374152645N00047802EA0111701272
B1150384152644N00047802EA0111901275
B1150394152640N00047801EA0111901277
B1150404152635N00047799EA0112101277
B1150414152629N00047795EA0112201278
B1150424152623N00047790EA0112601280
B1150434152619N00047783EA0113101286
B1150444152617N00047774EA0113401290
B1150454152615N00047766EA0113701294
B1150464152614N00047756EA0113701296
B1150474152613N00047746EA0113701297
B1150484152612N00047736EA0113701296
B1150494152613N00047724EA0113801296
B1150504152615N00047714EA0113801297
B1150514152618N00047704EA0113901297
B1150524152623N00047695EA0114001298
B1150534152628N00047687EA0114101299
B1150544152633N00047680EA0114301301
B1150554152638N00047673EA0114401303
B1150564152644N00047668EA0114501303
B1150574152651N00047663EA0114401303
B1150584152657N00047660EA0114501303
B1150594152663N00047658EA0114701304
B1151004152669N00047659EA0114601304
B1151014152673N00047662EA0114501304
B1151024152675N00047665EA0114701304
B1151034152677N00047668EA0114901306
B1151044152678N00047671EA0115201307
B1151054152678N00047675EA0115401310
B1151064152677N00047677EA0115801313
B1151074152676N00047680EA0116101317
B1151084152674N00047681EA0116501321
B1151094152671N00047683EA0116901325
B1151104152670N00047685EA0117201328
B1151114152669N00047687EA0117601332
B1151124152669N00047689EA0117901336
B1151134152671N00047690EA0118201340
B1151144152674N00047689EA0118201342
B1151154152680N00047686EA0118101342
B1151164152686N00047680EA0118201341
B1151174152692N00047670EA0118501342
B1151184152695N00047658EA0118901346
B1151194152694N00047646EA0119301350
B1151204152692N00047636EA0119501352
B1151214152687N00047626EA0119801355
B1151224152683N00047619EA0120101358
B1151234152678N00047614EA0120501362
B1151244152674N00047613EA0120701365
B1151254152671N00047614EA0121001368
B1151264152670N00047615EA0121301371
B1151274152670N00047617EA0121401373
B1151284152672N00047619EA0121601376
B1151294152675N00047619EA0121601378
B1151304152679N00047617EA0121601378
B1151314152685N00047612EA0121601378
B1151324152690N00047604EA0121601378
B1151334152694N00047595EA0122001379
B1151344152698N00047584EA0122201381
B1151354152699N00047572EA0122601385
B1151364152699N00047560EA0122701387
B1151374152698N00047549EA0122901390
B1151384152696N00047540EA0123201393
B1151394152693N00047532EA0123401395
B1151404152690N00047525EA0123301396
B1151414152685N00047517EA0123501396
B1151424152680N00047512EA0123601397
B1151434152675N00047509EA0123801399
B1151444152671N00047509EA0124001401
B1151454152669N00047509EA0124301403
B1151464152667N00047509EA0124701407
B1151474152666N00047508EA0124801411
B1151484152664N00047507EA0124901412
B1151494152664N00047508EA0124801413
B1151504152666N00047509EA0124801412
B1151514152670N00047510EA0124601410
B1151524152675N00047507EA0124601410
B1151534152680N00047502EA0124701410
B1151544152684N00047492EA0124801411
B1151554152686N00047481EA0125001412
B1151564152686N00047470EA0125101413
B1151574152686N00047459EA0125101415
B1151584152686N00047449EA0125301416
B1151594152686N00047438EA0125401417
B1152004152686N00047426EA0125601419
B1152014152686N00047415EA0125801420
B1152024152686N00047405EA0126001423
B1152034152684N00047395EA0126101425
B1152044152681N00047385EA0126301426
B1152054152677N00047377EA0126401428
B1152064152673N00047371EA0126601430
B1152074152669N00047368EA0126801432
B1152084152665N00047366EA0126901434
B1152094152661N00047365EA0127001435
B1152104152657N00047364EA0127201436
B1152114152653N00047363EA0127301437
B1152124152651N00047364EA0127601439
B1152134152649N00047365EA0127701441
B1152144152648N00047366EA0128001442
B1152154152647N00047368EA0128101444
B1152164152645N00047370EA0128501447
B1152174152643N00047371EA0128601449
B1152184152640N00047373EA0128601450
B1152194152638N00047374EA0128701451
B1152204152637N00047376EA0128501451
B1152214152638N00047379EA0128401450
B1152224152639N00047381EA0128301449
B1152234152642N00047382EA0128201448
B1152244152645N00047383EA0128201448
B1152254152648N00047384EA0128101447
B1152264152651N00047384EA0128001446
B1152274152656N00047384EA0128001445
B1152284152660N00047382EA0127901444
B1152294152665N00047379EA0127901444
B1152304152669N00047375EA0127901444
B1152314152673N00047370EA0128001445
B1152324152677N00047365EA0128001445
B1152334152682N00047359EA0128001445
B1152344152686N00047352EA0128001445
B1152354152691N00047345EA0128101445
B1152364152697N00047339EA0128201445
B1152374152702N00047335EA0128501446
B1152384152706N00047334EA0128401447
B1152394152709N00047334EA0128401448
B1152404152712N00047335EA0128501449
B1152414152714N00047336EA0128601450
B1152424152716N00047338EA0128601450
B1152434152717N00047341EA0128601451
B1152444152717N00047345EA0128601450
B1152454152717N00047349EA0128601450
B1152464152718N00047352EA0128901452
B1152474152719N00047355EA0129101454
B1152484152719N00047357EA0129101455
B1152494152720N00047360EA0129201456
B1152504152722N00047364EA0129101456
B1152514152723N00047369EA0128901454
B1152524152724N00047375EA0128701452
B1152534152723N00047380EA0128601450
B1152544152723N00047384EA0128701451
B1152554152723N00047387EA0128701451
B1152564152723N00047390EA0128701452
B1152574152723N00047393EA0128601451
B1152584152723N00047397EA0128401449
B1152594152724N00047400EA0128201447
B1153004152726N00047404EA0128101446
B1153014152730N00047406EA0127901444
B1153024152734N00047407EA0127701442
B1153034152739N00047407EA0127601441
B1153044152743N00047405EA0127501440
B1153054152749N00047401EA0127301438
B1153064152754N00047396EA0127001436
B1153074152760N00047389EA0126801433
B1153084152765N00047381EA0126501430
B1153094152770N00047371EA0126401429
B1153104152774N00047362EA0126201427
B1153114152777N00047351EA0126101426
B1153124152780N00047340EA0125901424
B1153134152782N00047328EA0125801422
B1153144152784N00047316EA0125501420
B1153154152785N00047304EA0125301418
B1153164152786N00047292EA0125201417
B1153174152788N00047280EA0125101415
B1153184152789N00047267EA0124901413
B1153194152791N00047254EA0124701411
B1153204152793N00047242EA0124501409
B1153214152796N00047229EA0124401408
B1153224152799N00047218EA0124301407
B1153234152803N00047206EA0124201406
B1153244152806N00047194EA0124501405
B1153254152809N00047183EA0124901407
B1153264152811N00047173EA0125301412
B1153274152812N00047164EA0125601416
B1153284152814N00047154EA0125801419
B1153294152815N00047144EA0125901420
B1153304152816N00047131EA0126101420
B1153314152818N00047118EA0126101421
B1153324152818N00047107EA0126401424
B1153334152818N00047097EA0126701427
B1153344152816N00047088EA0126901430
B1153354152813N00047082EA0126901431
B1153364152810N00047078EA0126901431
B1153374152806N00047077EA0126901431
B1153384152804N00047079EA0126901431
B1153394152803N00047081EA0126801431
B1153404152803N00047084EA0127101432
B1153414152805N00047085EA0127301434
B1153424152807N00047085EA0127601437
B1153434152812N00047083EA0127701439
B1153444152817N00047079EA0127801440
B1153454152823N00047074EA0128001441
B1153464152829N00047069EA0128301444
B1153474152834N00047061EA0128601447
B1153484152839N00047053EA0128801450
B1153494152842N00047043EA0129101453
B1153504152842N00047033EA0129201456
B1153514152841N00047023EA0129301457
B1153524152839N00047014EA0129401458
B1153534152836N00047005EA0129401459
B1153544152833N00047000EA0129601461
B1153554152830N00046997EA0129701462
B1153564152828N00046997EA0129601463
B1153574152826N00046998EA0129601462
B1153584152826N00047000EA0129801463
B1153594152827N00047001EA0129901464
B1154004152829N00047003EA0130101466
B1154014152832N00047005EA0130401468
B1154024152836N00047004EA0130701471
B1154034152839N00047002EA0131301475
B1154044152841N00047001EA0131501478
B1154054152842N00047000EA0131701481
B1154064152843N00047001EA0131601482
B1154074152845N00047002EA0131501483
B1154084152846N00047004EA0131501483
B1154094152848N00047007EA0131601483
B1154104152851N00047009EA0131801484
B1154114152854N00047011EA0131901485
B1154124152859N00047010EA0132101487
B1154134152864N00047006EA0132501490
B1154144152869N00047000EA0132601492
B1154154152873N00046992EA0133001496
B1154164152875N00046985EA0133501500
B1154174152875N00046979EA0133601504
B1154184152876N00046972EA0133601506
B1154194152875N00046966EA0133601506
B1154204152872N00046959EA0133501506
B1154214152868N00046954EA0133501505
B1154224152863N00046951EA0133601506
B1154234152859N00046949EA0133701506
B1154244152855N00046948EA0133901508
B1154254152851N00046947EA0134201510
B1154264152849N00046948EA0134301512
B1154274152848N00046949EA0134401513
B1154284152848N00046950EA0134401514
B1154294152849N00046952EA0134401515
B1154304152850N00046952EA0134501515
B1154314152852N00046951EA0134501515
B1154324152855N00046949EA0134201514
B1154334152859N00046946EA0134101513
B1154344152862N00046944EA0133901511
B1154354152866N00046941EA0133801509
B1154364152871N00046937EA0133701507
B1154374152877N00046931EA0133701506
B1154384152882N00046925EA0133801506
B1154394152886N00046920EA0134001507
B1154404152890N00046918EA0134201509
B1154414152893N00046916EA0134301510
B1154424152896N00046916EA0134401511
B1154434152900N00046915EA0134301512
B1154444152904N00046914EA0134201512
B1154454152908N00046913EA0134201511
B1154464152910N00046911EA0134201511
B1154474152912N00046908EA0134101512
B1154484152913N00046906EA0133901510
B1154494152915N00046904EA0133601507
B1154504152917N00046902EA0133201503
B1154514152921N00046901EA0132801499
B1154524152925N00046900EA0132501495
B1154534152930N00046900EA0132401493
B1154544152933N00046900EA0132201491
B1154554152937N00046899EA0132101490
B1154564152940N00046898EA0132001489
B1154574152944N00046897EA0131801487
B1154584152948N00046895EA0131701485
B1154594152952N00046894EA0131401483
B1155004152956N00046893EA0131201480
B1155014152960N00046893EA0131101479
B1155024152964N00046893EA0130901477
B1155034152967N00046892EA0130901476
B1155044152971N00046890EA0130701475
B1155054152976N00046888EA0130501473
B1155064152981N00046885EA0130201470
B1155074152986N00046881EA0130101468
B1155084152992N00046877EA0129901467
B1155094152996N00046874EA0129801465
B1155104153001N00046870EA0129701464
B1155114153006N00046866EA0129501462
B1155124153011N00046862EA0129301460
B1155134153017N00046858EA0129101459
B1155144153022N00046854EA0129201458
B1155154153027N00046850EA0129101457
B1155164153032N00046846EA0128901456
B1155174153037N00046843EA0128701454
B1155184153042N00046840EA0128601452
B1155194153047N00046836EA0128601451
B1155204153053N00046832EA0128601450
B1155214153058N00046828EA0128801451
B1155224153062N00046824EA0129001453
B1155234153066N00046821EA0129101455
B1155244153069N00046817EA0128901455
B1155254153072N00046813EA0128701455
B1155264153077N00046809EA0128501452
B1155274153083N00046805EA0128401450
B1155284153088N00046802EA0128401449
B1155294153093N00046800EA0128501450
B1155304153097N00046798EA0128701451
B1155314153100N00046796EA0128801453
B1155324153105N00046793EA0128801453
B1155334153110N00046790EA0128701453
B1155344153115N00046786EA0128701452
B1155354153119N00046783EA0128701452
B1155364153125N00046779EA0128601451
B1155374153130N00046776EA0128601451
B1155384153136N00046772EA0128501450
B1155394153142N00046768EA0128401449
B1155404153149N00046764EA0128301449
B1155414153155N00046760EA0128401448
B1155424153161N00046754EA0128301448
B1155434153166N00046747EA0128401448
B1155444153171N00046740EA0128401448
B1155454153175N00046732EA0128501449
B1155464153179N00046725EA0128401449
B1155474153184N00046718EA0128401448
B1155484153189N00046711EA0128401448
B1155494153195N00046705EA0128501447
B1155504153200N00046698EA0128601448
B1155514153205N00046691EA0128701450
B1155524153209N00046684EA0128801451
B1155534153213N00046675EA0128901452
B1155544153215N00046665EA0128801453
B1155554153217N00046654EA0128901453
B1155564153216N00046643EA0129101454
B1155574153214N00046634EA0129301455
B1155584153210N00046628EA0129301456
B1155594153205N00046625EA0129401457
B1156004153201N00046625EA0129401458
B1156014153198N00046627EA0129401458
B1156024153198N00046632EA0129401458
B1156034153199N00046636EA0129401458
B1156044153204N00046638EA0129601458
B1156054153209N00046636EA0129601460
B1156064153215N00046632EA0129701461
B1156074153222N00046626EA0129801461
B1156084153228N00046620EA0129901463
B1156094153233N00046613EA0130001464
B1156104153238N00046604EA0130201465
B1156114153242N00046594EA0130301467
B1156124153244N00046583EA0130401468
B1156134153245N00046572EA0130501469
B1156144153244N00046562EA0130501470
B1156154153241N00046554EA0130701471
B1156164153236N00046550EA0130601471
B1156174153233N00046551EA0130601471
B1156184153233N00046556EA0130401469
B1156194153236N00046560EA0130401468
B1156204153242N00046562EA0130601470
B1156214153249N00046559EA0130901473
B1156224153254N00046555EA0131201476
B1156234153260N00046550EA0131401479
B1156244153265N00046545EA0131501481
B1156254153270N00046540EA0131501482
B1156264153275N00046534EA0131501482
B1156274153280N00046527EA0131501481
B1156284153286N00046520EA0131501481
B1156294153291N00046512EA0131601482
B1156304153295N00046503EA0131601483
B1156314153298N00046493EA0131501483
B1156324153298N00046483EA0131501482
B1156334153297N00046474EA0131401482
B1156344153293N00046467EA0131401482
B1156354153289N00046464EA0131301481
B1156364153285N00046464EA0131201480
B1156374153282N00046467EA0131101479
B1156384153282N00046472EA0131201478
B1156394153284N00046477EA0131201478
B1156404153289N00046481EA0131201478
B1156414153296N00046482EA0131201479
B1156424153303N00046481EA0131301480
B1156434153310N00046477EA0131401481
B1156444153316N00046472EA0131601481
B1156454153321N00046465EA0131601482
B1156464153326N00046458EA0131601483
B1156474153331N00046450EA0131601483
B1156484153337N00046442EA0131601483
B1156494153342N00046434EA0131701483
B1156504153347N00046427EA0131701483
B1156514153352N00046418EA0131701483
B1156524153357N00046409EA0131701483
B1156534153362N00046402EA0131801484
B1156544153367N00046395EA0131801485
B1156554153373N00046389EA0131901485
B1156564153379N00046384EA0131801485
B1156574153386N00046380EA0131801484
B1156584153394N00046376EA0131701484
B1156594153402N00046372EA0131701483
B1157004153409N00046369EA0131901484
B1157014153416N00046366EA0132101486
B1157024153422N00046365EA0132201488
B1157034153427N00046365EA0132401489
B1157044153432N00046367EA0132401491
B1157054153435N00046369EA0132401492
B1157064153439N00046371EA0132501492
B1157074153443N00046373EA0132401492
B1157084153449N00046374EA0132301491
B1157094153456N00046375EA0132201490
B1157104153463N00046374EA0132301490
B1157114153470N00046372EA0132501491
B1157124153476N00046370EA0132601493
B1157134153482N00046366EA0132701494
B1157144153488N00046360EA0132601494
B1157154153495N00046352EA0132501493
B1157164153501N00046343EA0132601492
B1157174153507N00046334EA0132701493
B1157184153512N00046325EA0132901495
B1157194153517N00046317EA0133101498
B1157204153522N00046310EA0133301500
B1157214153527N00046302EA0133401501
B1157224153532N00046294EA0133501501
B1157234153538N00046286EA0133701502
B1157244153543N00046278EA0133801504
B1157254153548N00046270EA0134201507
B1157264153552N00046262EA0134401510
B1157274153555N00046254EA0134501513
B1157284153557N00046245EA0134601514
B1157294153560N00046235EA0134601514
B1157304153560N00046225EA0134601514
B1157314153559N00046215EA0134701514
B1157324153556N00046208EA0134601515
B1157334153551N00046205EA0134601514
B1157344153547N00046205EA0134601514
B1157354153546N00046209EA0134601514
B1157364153549N00046213EA0134701514
B1157374153554N00046216EA0134701514
B1157384153562N00046217EA0134801515
B1157394153569N00046215EA0134901517
B1157404153576N00046213EA0135301520
B1157414153581N00046210EA0135601524
B1157424153587N00046206EA0135701526
B1157434153593N00046201EA0135801527
B1157444153601N00046195EA0135701527
B1157454153609N00046189EA0135901527
B1157464153615N00046181EA0136201529
B1157474153620N00046172EA0136401532
B1157484153623N00046161EA0136401533
B1157494153624N00046150EA0136501534
B1157504153622N00046139EA0136601535
B1157514153618N00046133EA0136701535
B1157524153614N00046133EA0136701536
B1157534153612N00046136EA0136801536
B1157544153613N00046141EA0136901536
B1157554153618N00046144EA0137101538
B1157564153625N00046144EA0137401541
B1157574153632N00046140EA0137501543
B1157584153639N00046133EA0137601545
B1157594153645N00046125EA0137701546
B1158004153650N00046116EA0137801548
B1158014153654N00046104EA0138001549
B1158024153655N00046093EA0138101551
B1158034153654N00046082EA0138201552
B1158044153651N00046073EA0138401553
B1158054153646N00046066EA0138401554
B1158064153641N00046063EA0138601555
B1158074153637N00046063EA0138801557
B1158084153634N00046065EA0139001559
B1158094153633N00046068EA0139201561
B1158104153633N00046072EA0139401563
B1158114153635N00046075EA0139601565
B1158124153639N00046077EA0139801567
B1158134153645N00046078EA0139901569
B1158144153652N00046077EA0140101570
B1158154153660N00046073EA0140101571
B1158164153668N00046067EA0140201572
B1158174153675N00046059EA0140401573
B1158184153680N00046049EA0140501575
B1158194153684N00046037EA0140601576
B1158204153686N00046025EA0140701578
B1158214153686N00046014EA0140901579
B1158224153683N00046004EA0141101581
B1158234153680N00045997EA0141201583
B1158244153676N00045993EA0141201584
B1158254153671N00045991EA0141401584
B1158264153668N00045993EA0141601585
B1158274153666N00045996EA0141601586
B1158284153667N00046001EA0141801588
B1158294153671N00046004EA0142101590
B1158304153677N00046005EA0142301593
B1158314153684N00046004EA0142501595
B1158324153690N00046001EA0142701598
B1158334153697N00045997EA0142901600
B1158344153704N00045991EA0143001602
B1158354153711N00045984EA0143201603
B1158364153717N00045974EA0143201604
B1158374153721N00045963EA0143301605
B1158384153724N00045951EA0143501607
B1158394153724N00045939EA0143701609
B1158404153723N00045929EA0143801611
B1158414153721N00045919EA0144001612
B1158424153718N00045910EA0144101613
B1158434153715N00045904EA0144201615
B1158444153711N00045900EA0144301616
B1158454153707N00045899EA0144301616
B1158464153705N00045901EA0144401617
B1158474153704N00045904EA0144501618
B1158484153705N00045908EA0144701619
B1158494153709N00045912EA0144801620
B1158504153715N00045914EA0145001622
B1158514153722N00045913EA0145201625
B1158524153729N00045909EA0145401627
B1158534153735N00045902EA0145601629
B1158544153741N00045894EA0145701631
B1158554153746N00045883EA0145801632
B1158564153749N00045871EA0145801633
B1158574153749N00045859EA0145901634
B1158584153747N00045849EA0145901634
B1158594153742N00045843EA0145901634
B1159004153738N00045841EA0146001635
B1159014153736N00045842EA0146101636
B1159024153735N00045845EA0146201637
B1159034153738N00045849EA0146301638
B1159044153744N00045852EA0146401638
B1159054153751N00045853EA0146501639
B1159064153759N00045850EA0146701641
B1159074153766N00045844EA0147101644
B1159084153772N00045837EA0147301647
B1159094153777N00045828EA0147401650
B1159104153781N00045818EA0147501651
B1159114153785N00045807EA0147501651
B1159124153787N00045795EA0147601651
B1159134153788N00045783EA0147601652
B1159144153786N00045772EA0147701652
B1159154153783N00045763EA0147901653
B1159164153779N00045756EA0148001655
B1159174153777N00045752EA0148301657
B1159184153774N00045748EA0148501660
B1159194153772N00045746EA0148701662
B1159204153770N00045744EA0148901664
B1159214153768N00045743EA0149001666
B1159224153766N00045744EA0149101667
B1159234153767N00045747EA0149201668
B1159244153769N00045750EA0149301668
B1159254153774N00045753EA0149401669
B1159264153780N00045753EA0149601671
B1159274153788N00045750EA0149801673
B1159284153794N00045744EA0149901674
B1159294153800N00045736EA0149801675
B1159304153804N00045725EA0149901676
B1159314153807N00045713EA0150001676
B1159324153808N00045702EA0150201677
B1159334153807N00045691EA0150401679
B1159344153805N00045684EA0150501681
B1159354153802N00045679EA0150501682
B1159364153798N00045677EA0150701683
B1159374153795N00045676EA0150801683
B1159384153793N00045678EA0151101685
B1159394153793N00045681EA0151301688
B1159404153796N00045685EA0151401689
B1159414153801N00045687EA0151401690
B1159424153808N00045687EA0151501691
B1159434153816N00045684EA0151801693
B1159444153823N00045676EA0151901695
B1159454153829N00045667EA0152001697
B1159464153833N00045656EA0152101698
B1159474153835N00045645EA0152301700
B1159484153835N00045634EA0152501701
B1159494153834N00045625EA0152501703
B1159504153832N00045617EA0152601703
B1159514153828N00045610EA0152501703
B1159524153824N00045605EA0152701703
B1159534153820N00045602EA0153001706
B1159544153816N00045600EA0153301709
B1159554153814N00045600EA0153601712
B1159564153812N00045600EA0153801715
B1159574153811N00045600EA0154101717
B1159584153810N00045603EA0154301720
B1159594153812N00045605EA0154501722
B1200004153815N00045608EA0154701724
B1200014153820N00045610EA0155001726
B1200024153828N00045608EA0155401729
B1200034153836N00045603EA0155601732
B1200044153842N00045593EA0156001735
B1200054153845N00045582EA0156201739
B1200064153846N00045571EA0156601742
B1200074153845N00045562EA0156801745
B1200084153842N00045554EA0157001748
B1200094153839N00045548EA0157101750
B1200104153835N00045545EA0157301752
B1200114153832N00045545EA0157401753
B1200124153831N00045548EA0157501754
B1200134153831N00045553EA0157701755
B1200144153834N00045556EA0158201758
B1200154153839N00045557EA0158401762
B1200164153846N00045555EA0158701765
B1200174153853N00045550EA0159001768
B1200184153859N00045543EA0159301771
B1200194153865N00045534EA0159601774
B1200204153868N00045522EA0159901778
B1200214153868N00045511EA0160201780
B1200224153865N00045502EA0160201782
B1200234153861N00045495EA0160401784
B1200244153857N00045491EA0160501786
B1200254153853N00045489EA0160601788
B1200264153850N00045490EA0160701789
B1200274153849N00045492EA0160901790
B1200284153848N00045495EA0161101792
B1200294153850N00045498EA0161301794
B1200304153854N00045501EA0161501796
B1200314153859N00045504EA0161801799
B1200324153864N00045505EA0162301802
B1200334153869N00045504EA0162601806
B1200344153874N00045501EA0162801810
B1200354153880N00045497EA0163001812
B1200364153887N00045491EA0163101813
B1200374153893N00045482EA0163301815
B1200384153897N00045472EA0163501816
B1200394153899N00045460EA0163701818
B1200404153900N00045449EA0163901820
B1200414153898N00045440EA0164101823
B1200424153894N00045434EA0164101824
B1200434153890N00045431EA0164001823
B1200444153886N00045431EA0164101824
B1200454153883N00045432EA0164401825
B1200464153881N00045435EA0164601827
B1200474153881N00045439EA0164901830
B1200484153884N00045442EA0165001832
B1200494153888N00045443EA0165301834
B1200504153894N00045443EA0165601836
B1200514153902N00045439EA0165801838
B1200524153908N00045433EA0166201842
B1200534153914N00045424EA0166601846
B1200544153917N00045413EA0166801849
B1200554153918N00045402EA0167001852
B1200564153917N00045392EA0167101854
B1200574153914N00045384EA0167201856
B1200584153911N00045379EA0167201857
B1200594153907N00045377EA0167101856
B1201004153902N00045377EA0167001855
B1201014153899N00045379EA0167101854
B1201024153897N00045382EA0167201856
B1201034153897N00045385EA0167501858
B1201044153898N00045389EA0167601860
B1201054153899N00045393EA0167901861
B1201064153902N00045396EA0168101863
B1201074153906N00045398EA0168301866
B1201084153912N00045399EA0168701868
B1201094153919N00045397EA0168901872
B1201104153926N00045392EA0169401875
B1201114153932N00045384EA0169601879
B1201124153936N00045374EA0169801882
B1201134153938N00045362EA0170001884
B1201144153938N00045351EA0170301886
B1201154153935N00045341EA0170601888
B1201164153930N00045335EA0170701891
B1201174153926N00045333EA0170801893
B1201184153922N00045333EA0170901894
B1201194153918N00045335EA0171001895
B1201204153917N00045338EA0171301897
B1201214153917N00045343EA0171501898
B1201224153921N00045348EA0171601899
B1201234153927N00045351EA0172101902
B1201244153934N00045350EA0172501906
B1201254153941N00045345EA0172801911
B1201264153947N00045337EA0173101915
B1201274153952N00045327EA0173501918
B1201284153954N00045316EA0173801922
B1201294153953N00045304EA0174101925
B1201304153950N00045296EA0174201927
B1201314153945N00045292EA0174401928
B1201324153940N00045292EA0174301929
B1201334153938N00045296EA0174701931
B1201344153940N00045301EA0174901933
B1201354153945N00045303EA0175301936
B1201364153953N00045302EA0175601941
B1201374153960N00045296EA0175901945
B1201384153966N00045286EA0176201949
B1201394153969N00045274EA0176501952
B1201404153970N00045262EA0176801955
B1201414153968N00045251EA0177001957
B1201424153963N00045243EA0177301959
B1201434153959N00045240EA0177301962
B1201444153956N00045241EA0177401963
B1201454153956N00045245EA0177501964
B1201464153960N00045249EA0177801965
B1201474153966N00045250EA0178101968
B1201484153972N00045249EA0178501973
B1201494153979N00045244EA0178901978
B1201504153985N00045237EA0179201981
B1201514153990N00045228EA0179501984
B1201524153994N00045216EA0179601986
B1201534153995N00045203EA0179801987
B1201544153994N00045192EA0180001989
B1201554153990N00045183EA0180201991
B1201564153985N00045179EA0180401994
B1201574153982N00045179EA0180501996
B1201584153982N00045182EA0180701997
B1201594153984N00045186EA0180701997
B1202004153988N00045190EA0181101999
B1202014153994N00045191EA0181402002
B1202024154001N00045188EA0181702006
B1202034154008N00045182EA0182002010
B1202044154014N00045174EA0182302013
B1202054154019N00045164EA0182502016
B1202064154022N00045152EA0182602018
B1202074154022N00045140EA0182602018
B1202084154020N00045128EA0182702019
B1202094154016N00045120EA0182802019
B1202104154011N00045116EA0183002021
B1202114154007N00045116EA0183202021
B1202124154006N00045120EA0183202022
B1202134154007N00045125EA0183202023
B1202144154012N00045129EA0183402023
B1202154154018N00045129EA0183802027
B1202164154025N00045126EA0184302032
B1202174154031N00045119EA0184702037
B1202184154036N00045109EA0185002041
B1202194154039N00045097EA0185202043
B1202204154039N00045085EA0185402045
B1202214154037N00045075EA0185402047
B1202224154033N00045067EA0185502047
B1202234154028N00045062EA0185602047
B1202244154024N00045061EA0185702048
B1202254154022N00045064EA0185802050
B1202264154022N00045067EA0185902051
B1202274154024N00045071EA0186202052
B1202284154028N00045073EA0186402054
B1202294154033N00045072EA0186802058
B1202304154038N00045070EA0187102061
B1202314154043N00045066EA0187502064
B1202324154048N00045061EA0187902069
B1202334154053N00045054EA0188402074
B1202344154057N00045045EA0188702078
B1202354154059N00045035EA0188902081
B1202364154059N00045024EA0188902082
B1202374154057N00045013EA0189002084
B1202384154053N00045005EA0189202084
B1202394154047N00045000EA0189302085
B1202404154042N00044999EA0189602086
B1202414154040N00045001EA0190002090
B1202424154040N00045003EA0190102093
B1202434154041N00045005EA0190402096
B1202444154044N00045007EA0190602098
B1202454154048N00045009EA0190902100
B1202464154053N00045010EA0191102103
B1202474154060N00045009EA0191502105
B1202484154066N00045005EA0191902110
B1202494154071N00045000EA0192602116
B1202504154075N00044994EA0193102122
B1202514154078N00044989EA0193502128
B1202524154081N00044983EA0193702131
B1202534154085N00044974EA0193802132
B1202544154088N00044962EA0193802132
B1202554154088N00044949EA0194002133
B1202564154086N00044938EA0194302135
B1202574154081N00044930EA0194402137
B1202584154075N00044926EA0194502138
B1202594154069N00044926EA0194902140
B1203004154066N00044927EA0195402144
B1203014154066N00044929EA0195702149
B1203024154069N00044931EA0196002153
B1203034154073N00044931EA0196402156
B1203044154077N00044932EA0196802160
B1203054154082N00044931EA0197102164
B1203064154087N00044930EA0197502168
B1203074154092N00044927EA0198002173
B1203084154097N00044925EA0198302177
B1203094154102N00044921EA0198702181
B1203104154107N00044916EA0199002185
B1203114154111N00044909EA0199302188
B1203124154114N00044899EA0199502191
B1203134154117N00044889EA0199702193
B1203144154121N00044880EA0199902195
B1203154154125N00044872EA0200102197
B1203164154129N00044866EA0200002199
B1203174154134N00044861EA0200102199
B1203184154138N00044857EA0200102199
B1203194154143N00044852EA0200102199
B1203204154147N00044848EA0200102199
B1203214154151N00044844EA0200002199
B1203224154155N00044841EA0200002199
B1203234154160N00044838EA0199902198
B1203244154165N00044835EA0199802197
B1203254154170N00044832EA0199702195
B1203264154176N00044829EA0199602194
B1203274154181N00044826EA0199602194
B1203284154186N00044822EA0199602194
B1203294154191N00044817EA0199602194
B1203304154196N00044812EA0199402193
B1203314154200N00044807EA0199102191
B1203324154206N00044802EA0198802189
B1203334154211N00044797EA0198602186
B1203344154217N00044792EA0198202183
B1203354154224N00044788EA0197902180
B1203364154231N00044783EA0197702177
B1203374154238N00044778EA0197602175
B1203384154245N00044774EA0197502173
B1203394154253N00044769EA0197402171
B1203404154260N00044763EA0197302170
B1203414154268N00044757EA0197402169
B1203424154276N00044751EA0197202169
B1203434154284N00044746EA0197202168
B1203444154291N00044740EA0197302169
B1203454154298N00044734EA0197202169
B1203464154305N00044728EA0197202168
B1203474154313N00044723EA0197102168
B1203484154320N00044717EA0197202167
B1203494154328N00044712EA0197202168
B1203504154335N00044706EA0197202168
B1203514154341N00044700EA0197302169
B1203524154348N00044694EA0197402170
B1203534154355N00044688EA0197302170
B1203544154361N00044682EA0196802168
B1203554154369N00044677EA0196502164
B1203564154377N00044672EA0196102160
B1203574154385N00044667EA0195702156
B1203584154394N00044661EA0195502152
B1203594154403N00044655EA0195502150
B1204004154411N00044650EA0195702151
B1204014154417N00044645EA0195902153
B1204024154423N00044641EA0195902155
B1204034154429N00044636EA0195802155
B1204044154436N00044632EA0195702153
B1204054154444N00044627EA0195402151
B1204064154451N00044622EA0195202149
B1204074154459N00044618EA0195102147
B1204084154466N00044614EA0195002146
B1204094154473N00044610EA0194702144
B1204104154480N00044606EA0194402141
B1204114154487N00044603EA0194102138
B1204124154494N00044599EA0193802134
B1204134154502N00044594EA0193502131
B1204144154509N00044589EA0193302130
B1204154154515N00044583EA0193202128
B1204164154522N00044577EA0193102127
B1204174154528N00044571EA0192902125
B1204184154535N00044565EA0192702123
B1204194154542N00044559EA0192702122
B1204204154549N00044553EA0192802121
B1204214154555N00044547EA0193002123
B1204224154561N00044541EA0193302126
B1204234154566N00044536EA0193502128
B1204244154572N00044530EA0193602130
B1204254154579N00044524EA0193802131
B1204264154586N00044518EA0193902132
B1204274154592N00044512EA0194102134
B1204284154598N00044507EA0194202137
B1204294154603N00044502EA0194502139
B1204304154607N00044498EA0194402141
B1204314154613N00044494EA0194302140
B1204324154619N00044489EA0194102138
B1204334154626N00044484EA0194002137
B1204344154634N00044479EA0194102137
B1204354154640N00044474EA0194302138
B1204364154646N00044470EA0194502140
B1204374154651N00044465EA0194602142
B1204384154656N00044460EA0194502142
B1204394154663N00044455EA0194302141
B1204404154670N00044449EA0194302139
B1204414154677N00044444EA0194202138
B1204424154685N00044438EA0194402139
B1204434154691N00044433EA0194602141
B1204444154698N00044427EA0194702143
B1204454154704N00044422EA0194502143
B1204464154711N00044416EA0194302141
B1204474154718N00044411EA0194102138
B1204484154725N00044406EA0193802136
B1204494154732N00044401EA0193802135
B1204504154739N00044396EA0193602134
B1204514154745N00044390EA0193502132
B1204524154751N00044385EA0193202130
B1204534154757N00044379EA0193002127
B1204544154764N00044374EA0192802125
B1204554154770N00044368EA0192502122
B1204564154777N00044362EA0192202119
B1204574154784N00044356EA0192102117
B1204584154791N00044351EA0192002116
B1204594154797N00044347EA0191802115
B1205004154803N00044344EA0191802114
B1205014154808N00044340EA0191502112
B1205024154813N00044336EA0191102110
B1205034154820N00044331EA0190802105
B1205044154826N00044326EA0190402101
B1205054154833N00044321EA0190102098
B1205064154840N00044316EA0189902095
B1205074154846N00044311EA0189602093
B1205084154852N00044306EA0189302090
B1205094154858N00044301EA0189002086
B1205104154865N00044296EA0188502081
B1205114154872N00044292EA0188002076
B1205124154880N00044287EA0187602072
B1205134154888N00044282EA0187402069
B1205144154895N00044277EA0187202066
B1205154154901N00044272EA0187002064
B1205164154907N00044267EA0186602061
B1205174154914N00044262EA0186102057
B1205184154921N00044257EA0185702052
B1205194154929N00044252EA0185302048
B1205204154937N00044247EA0184902044
B1205214154944N00044241EA0184802041
B1205224154951N00044236EA0184502038
B1205234154957N00044229EA0184202036
B1205244154964N00044224EA0183702032
B1205254154971N00044219EA0183302027
B1205264154979N00044215EA0182902022
B1205274154988N00044210EA0182602018
B1205284154996N00044206EA0182402014
B1205294155004N00044202EA0182202012
B1205304155011N00044198EA0182102011
B1205314155018N00044195EA0181802009
B1205324155025N00044191EA0181402007
B1205334155032N00044188EA0181002003
B1205344155041N00044184EA0180501997
B1205354155050N00044179EA0180201993
B1205364155058N00044175EA0180101990
B1205374155067N00044172EA0179901989
B1205384155075N00044169EA0179801988
B1205394155082N00044166EA0179701987
B1205404155090N00044164EA0179501985
B1205414155098N00044160EA0179401983
B1205424155106N00044156EA0179201981
B1205434155113N00044151EA0179001980
B1205444155121N00044147EA0178901979
B1205454155129N00044142EA0178801977
B1205464155138N00044137EA0178701975
B1205474155146N00044132EA0178701975
B1205484155154N00044129EA0178801975
B1205494155162N00044126EA0178801976
B1205504155169N00044122EA0178601976
B1205514155177N00044118EA0178501975
B1205524155186N00044114EA0178301973
B1205534155194N00044110EA0178301971
B1205544155202N00044105EA0178201970
B1205554155210N00044100EA0178201970
B1205564155217N00044094EA0178101970
B1205574155224N00044089EA0178001969
B1205584155232N00044084EA0177801968
B1205594155240N00044080EA0177701966
B1206004155248N00044079EA0177601965
B1206014155256N00044078EA0177401964
B1206024155263N00044079EA0177201962
B1206034155271N00044081EA0177001960
B1206044155279N00044084EA0176901957
B1206054155286N00044086EA0176801956
B1206064155293N00044088EA0176701955
B1206074155300N00044090EA0176501954
B1206084155307N00044092EA0176301952
B1206094155313N00044095EA0176101950
B1206104155320N00044099EA0175901947
B1206114155326N00044102EA0175701945
B1206124155332N00044105EA0175601945
B1206134155338N00044107EA0175501944
B1206144155344N00044110EA0175201942
B1206154155350N00044114EA0175001940
B1206164155356N00044118EA0174601936
B1206174155363N00044122EA0174401933
B1206184155370N00044125EA0174201931
B1206194155378N00044127EA0174201929
B1206204155385N00044128EA0174101929
B1206214155392N00044130EA0173901927
B1206224155399N00044132EA0173701925
B1206234155406N00044136EA0173501922
B1206244155413N00044140EA0173201920
B1206254155421N00044144EA0173201918
B1206264155428N00044147EA0173201918
B1206274155435N00044151EA0173201918
B1206284155443N00044154EA0173301918
B1206294155451N00044158EA0173401918
B1206304155458N00044162EA0173401919
B1206314155466N00044166EA0173501920
B1206324155473N00044168EA0173601921
B1206334155480N00044170EA0173601922
B1206344155488N00044172EA0173401921
B1206354155495N00044175EA0173401921
B1206364155503N00044179EA0173301920
B1206374155511N00044183EA0173301919
B1206384155519N00044186EA0173201919
B1206394155526N00044189EA0173301919
B1206404155534N00044193EA0173201919
B1206414155541N00044196EA0173201918
B1206424155548N00044201EA0173201918
B1206434155555N00044205EA0173301918
B1206444155562N00044210EA0173301918
B1206454155569N00044215EA0173301918
B1206464155576N00044220EA0173401919
B1206474155581N00044224EA0173701921
B1206484155588N00044225EA0173901923
B1206494155594N00044225EA0173901925
B1206504155601N00044222EA0174001925
B1206514155608N00044219EA0174001926
B1206524155615N00044214EA0174101926
B1206534155622N00044209EA0174201928
B1206544155629N00044204EA0174301929
B1206554155636N00044199EA0174401930
B1206564155642N00044193EA0174501930
B1206574155649N00044186EA0174501931
B1206584155656N00044180EA0174701932
B1206594155663N00044175EA0174901934
B1207004155669N00044170EA0175101936
B1207014155676N00044165EA0175201938
B1207024155682N00044160EA0175201939
B1207034155689N00044154EA0175301939
B1207044155697N00044148EA0175301940
B1207054155704N00044142EA0175401940
B1207064155712N00044137EA0175601941
B1207074155718N00044131EA0175701943
B1207084155725N00044125EA0175801944
B1207094155731N00044119EA0175801945
B1207104155739N00044113EA0175701944
B1207114155747N00044107EA0175701944
B1207124155755N00044101EA0175801944
B1207134155762N00044095EA0176001945
B1207144155768N00044089EA0176301947
B1207154155773N00044084EA0176501950
B1207164155778N00044079EA0176701953
B1207174155783N00044074EA0176801954
B1207184155789N00044069EA0176901955
B1207194155795N00044064EA0176801955
B1207204155803N00044059EA0176901955
B1207214155810N00044054EA0177201956
B1207224155817N00044049EA0177501959
B1207234155824N00044046EA0177601962
B1207244155830N00044043EA0177801964
B1207254155837N00044041EA0178001966
B1207264155844N00044040EA0178201967
B1207274155851N00044039EA0178301969
B1207284155858N00044040EA0178501971
B1207294155864N00044041EA0178701973
B1207304155870N00044043EA0179001975
B1207314155876N00044045EA0179301978
B1207324155881N00044045EA0179701982
B1207334155886N00044045EA0180001986
B1207344155892N00044045EA0180201989
B1207354155898N00044044EA0180401990
B1207364155905N00044045EA0180701992
B1207374155911N00044046EA0180901994
B1207384155917N00044047EA0181101997
B1207394155923N00044047EA0181502001
B1207404155928N00044048EA0181702004
B1207414155934N00044048EA0181902007
B1207424155940N00044049EA0182202009
B1207434155947N00044050EA0182202010
B1207444155955N00044051EA0182502012
B1207454155962N00044051EA0182802015
B1207464155968N00044052EA0183002018
B1207474155973N00044051EA0183202021
B1207484155979N00044051EA0183202022
B1207494155987N00044052EA0183102021
B1207504155994N00044053EA0183102021
B1207514156002N00044055EA0183302021
B1207524156010N00044056EA0183502023
B1207534156018N00044057EA0183802026
B1207544156025N00044057EA0184002029
B1207554156032N00044058EA0184202031
B1207564156040N00044059EA0184502033
B1207574156047N00044061EA0184502034
B1207584156054N00044063EA0184802036
B1207594156061N00044065EA0185002039
B1208004156068N00044067EA0185102041
B1208014156074N00044069EA0185302043
B1208024156081N00044072EA0185502044
B1208034156088N00044075EA0185702046
B1208044156094N00044077EA0186002049
B1208054156100N00044080EA0186402052
B1208064156105N00044082EA0186702055
B1208074156111N00044085EA0186902058
B1208084156116N00044087EA0187102060
B1208094156122N00044089EA0187302063
B1208104156127N00044091EA0187702066
B1208114156132N00044094EA0187902068
B1208124156137N00044097EA0188102071
B1208134156143N00044100EA0188302073
B1208144156148N00044103EA0188602076
B1208154156154N00044107EA0188902079
B1208164156159N00044110EA0189102082
B1208174156164N00044113EA0189302084
B1208184156169N00044116EA0189402085
B1208194156175N00044119EA0189502087
B1208204156182N00044122EA0189602088
B1208214156189N00044124EA0189802089
B1208224156195N00044127EA0190102091
B1208234156201N00044129EA0190202094
B1208244156206N00044131EA0190402096
B1208254156212N00044133EA0190502097
B1208264156218N00044135EA0190602098
B1208274156225N00044137EA0190602099
B1208284156231N00044139EA0190802099
B1208294156237N00044142EA0191002101
B1208304156244N00044144EA0191102103
B1208314156251N00044146EA0191202105
B1208324156257N00044149EA0191402106
B1208334156263N00044151EA0191502107
B1208344156270N00044153EA0191602109
B1208354156276N00044155EA0191802110
B1208364156282N00044156EA0192002112
B1208374156288N00044157EA0192102114
B1208384156293N00044158EA0192302116
B1208394156299N00044160EA0192302117
B1208404156305N00044163EA0192302117
B1208414156311N00044167EA0192502118
B1208424156317N00044170EA0192702119
B1208434156322N00044173EA0193002121
B1208444156327N00044175EA0193202124
B1208454156332N00044178EA0193402127
B1208464156337N00044180EA0193502128
B1208474156343N00044183EA0193502129
B1208484156348N00044187EA0193502129
B1208494156354N00044191EA0193602129
B1208504156359N00044196EA0193802131
B1208514156363N00044200EA0193902133
B1208524156367N00044203EA0194102135
B1208534156370N00044208EA0194202136
B1208544156374N00044213EA0194302137
B1208554156377N00044218EA0194402138
B1208564156380N00044224EA0194602140
B1208574156383N00044230EA0194802142
B1208584156386N00044235EA0195002144
B1208594156389N00044240EA0195102146
B1209004156392N00044244EA0195102147
B1209014156397N00044250EA0195102147
B1209024156401N00044255EA0195102147
B1209034156405N00044261EA0195002147
B1209044156409N00044268EA0195202147
B1209054156413N00044274EA0195202148
B1209064156417N00044280EA0195402149
B1209074156422N00044286EA0195402150
B1209084156427N00044292EA0195602151
B1209094156431N00044298EA0195802153
B1209104156435N00044303EA0196102156
B1209114156439N00044308EA0196302158
B1209124156442N00044314EA0196402160
B1209134156446N00044319EA0196402161
B1209144156451N00044325EA0196602161
B1209154156456N00044330EA0196602162
B1209164156459N00044335EA0196902164
B1209174156462N00044340EA0197002166
B1209184156464N00044344EA0197102167
B1209194156468N00044349EA0197002167
B1209204156471N00044355EA0197002167
B1209214156475N00044361EA0196902166
B1209224156479N00044368EA0197002167
B1209234156483N00044373EA0197202168
B1209244156487N00044378EA0197302169
B1209254156491N00044382EA0197302170
B1209264156496N00044387EA0197402170
B1209274156501N00044391EA0197402170
B1209284156506N00044395EA0197402171
B1209294156510N00044399EA0197502171
B1209304156514N00044403EA0197502172
B1209314156518N00044407EA0197502172
B1209324156522N00044410EA0197502172
B1209334156525N00044414EA0197402172
B1209344156529N00044418EA0197402171
B1209354156533N00044421EA0196902169
B1209364156538N00044424EA0196602165
B1209374156544N00044426EA0196402163
B1209384156548N00044428EA0196302162
B1209394156551N00044432EA0196002160
B1209404156554N00044436EA0195602157
B1209414156557N00044441EA0195402153
B1209424156561N00044445EA0194902149
B1209434156565N00044451EA0194502144
B1209444156569N00044456EA0194202140
B1209454156573N00044462EA0193902137
B1209464156577N00044468EA0193602134
B1209474156582N00044473EA0193402131
B1209484156586N00044478EA0193102128
B1209494156591N00044483EA0192702125
B1209504156596N00044488EA0192502122
B1209514156601N00044492EA0192402119
B1209524156605N00044497EA0192002117
B1209534156610N00044502EA0191702114
B1209544156615N00044507EA0191502111
B1209554156621N00044511EA0191202108
B1209564156626N00044516EA0191002106
B1209574156631N00044520EA0190802104
B1209584156636N00044524EA0190702102
B1209594156641N00044528EA0190502100
B1210004156646N00044533EA0190302098
B1210014156651N00044537EA0190102096
B1210024156657N00044541EA0189902093
B1210034156662N00044545EA0189602091
B1210044156668N00044548EA0189502089
B1210054156674N00044552EA0189302087
B1210064156680N00044556EA0189002085
B1210074156685N00044560EA0188902083
B1210084156692N00044563EA0188802082
B1210094156698N00044566EA0188602080
B1210104156705N00044569EA0188302078
B1210114156712N00044572EA0188002074
B1210124156719N00044576EA0187702071
B1210134156726N00044581EA0187402067
B1210144156734N00044585EA0187302065
B1210154156741N00044588EA0187202064
B1210164156748N00044590EA0187002062
B1210174156755N00044593EA0186702060
B1210184156762N00044597EA0186402058
B1210194156769N00044602EA0186202055
B1210204156776N00044607EA0186002052
B1210214156782N00044611EA0185802050
B1210224156788N00044615EA0185702049
B1210234156795N00044619EA0185502047
B1210244156801N00044622EA0185302045
B1210254156807N00044626EA0184902042
B1210264156813N00044630EA0184502038
B1210274156819N00044634EA0184102034
B1210284156826N00044639EA0183702030
B1210294156833N00044644EA0183502027
B1210304156840N00044649EA0183402024
B1210314156847N00044653EA0183302023
B1210324156853N00044657EA0183202022
B1210334156859N00044662EA0183102021
B1210344156865N00044666EA0182902020
B1210354156871N00044670EA0182702019
B1210364156877N00044675EA0182502017
B1210374156884N00044679EA0182302014
B1210384156891N00044684EA0182002011
B1210394156898N00044688EA0181802009
B1210404156904N00044691EA0181802008
B1210414156911N00044695EA0181602007
B1210424156917N00044698EA0181302005
B1210434156924N00044702EA0181102003
B1210444156930N00044706EA0181002001
B1210454156936N00044710EA0180801999
B1210464156942N00044714EA0180701997
B1210474156949N00044719EA0180601996
B1210484156955N00044723EA0180501995
B1210494156960N00044728EA0180401994
B1210504156966N00044733EA0180401993
B1210514156972N00044737EA0180301992
B1210524156978N00044742EA0180101991
B1210534156985N00044746EA0180001989
B1210544156991N00044750EA0180001989
B1210554156998N00044753EA0180001989
B1210564157004N00044756EA0180001989
B1210574157009N00044759EA0179801988
B1210584157015N00044762EA0179701987
B1210594157022N00044765EA0179301985
B1211004157027N00044768EA0179101982
B1211014157032N00044771EA0179001980
B1211024157036N00044774EA0178901979
B1211034157040N00044777EA0178801979
B1211044157045N00044779EA0178701977
B1211054157051N00044781EA0178601975
B1211064157056N00044783EA0178501973
B1211074157061N00044784EA0178701974
B1211084157065N00044785EA0178901976
B1211094157068N00044785EA0178901978
B1211104157072N00044785EA0178901979
B1211114157076N00044786EA0178801978
B1211124157081N00044788EA0178601976
B1211134157086N00044790EA0178601974
B1211144157091N00044792EA0178701975
B1211154157095N00044793EA0179001977
B1211164157099N00044793EA0179201980
B1211174157102N00044793EA0179201981
B1211184157106N00044794EA0179001980
B1211194157110N00044795EA0178901979
B1211204157116N00044797EA0178701977
B1211214157121N00044799EA0178601976
B1211224157126N00044801EA0178701976
B1211234157131N00044803EA0178701976
B1211244157135N00044804EA0178701977
B1211254157139N00044806EA0178601976
B1211264157144N00044807EA0178401974
B1211274157149N00044809EA0178101972
B1211284157153N00044811EA0178001970
B1211294157158N00044813EA0178001969
B1211304157162N00044815EA0178001969
B1211314157167N00044816EA0178001969
B1211324157172N00044818EA0177901968
B1211334157177N00044819EA0177801967
B1211344157182N00044822EA0177701966
B1211354157186N00044825EA0177601965
B1211364157191N00044828EA0177701964
B1211374157195N00044830EA0177601964
B1211384157199N00044832EA0177601964
B1211394157204N00044834EA0177701964
B1211404157209N00044835EA0177601964
B1211414157213N00044838EA0177601963
B1211424157217N00044841EA0177401963
B1211434157221N00044844EA0177301961
B1211444157225N00044847EA0177101960
B1211454157230N00044850EA0177101958
B1211464157235N00044853EA0177001957
B1211474157239N00044856EA0176901956
B1211484157243N00044860EA0176701955
B1211494157247N00044864EA0176801954
B1211504157251N00044867EA0177001955
B1211514157254N00044869EA0177201957
B1211524157256N00044871EA0177401960
B1211534157257N00044873EA0177601963
B1211544157259N00044876EA0177501963
B1211554157260N00044880EA0177401962
B1211564157263N00044884EA0177401961
B1211574157266N00044889EA0177401960
B1211584157269N00044892EA0177601962
B1211594157271N00044895EA0177801965
B1212004157273N00044897EA0177901967
B1212014157275N00044899EA0177801966
B1212024157277N00044903EA0177701965
B1212034157279N00044908EA0177601963
B1212044157281N00044913EA0177601963
B1212054157283N00044917EA0177601963
B1212064157286N00044921EA0177601963
B1212074157288N00044924EA0177501963
B1212084157291N00044927EA0177301962
B1212094157294N00044930EA0177101959
B1212104157298N00044935EA0176701956
B1212114157301N00044939EA0176501953
B1212124157304N00044943EA0176301951
B1212134157308N00044946EA0176001949
B1212144157312N00044949EA0175801947
B1212154157315N00044953EA0175501945
B1212164157318N00044957EA0175201941
B1212174157322N00044962EA0175001938
B1212184157326N00044965EA0174801936
B1212194157329N00044968EA0174601934
B1212204157333N00044971EA0174401932
B1212214157335N00044974EA0174101930
B1212224157338N00044977EA0173701926
B1212234157341N00044981EA0173301923
B1212244157346N00044985EA0173001918
B1212254157351N00044990EA0172601914
B1212264157356N00044995EA0172101909
B1212274157362N00045000EA0171901904
B1212284157368N00045005EA0171501901
B1212294157374N00045010EA0171201898
B1212304157379N00045014EA0171101896
B1212314157384N00045018EA0170801894
B1212324157389N00045023EA0170501891
B1212334157393N00045028EA0170201888
B1212344157397N00045033EA0169901885
B1212354157401N00045039EA0169601882
B1212364157405N00045045EA0169201879
B1212374157409N00045051EA0169001875
B1212384157413N00045058EA0168801872
B1212394157417N00045063EA0168701871
B1212404157421N00045067EA0168601870
B1212414157425N00045070EA0168601870
B1212424157429N00045073EA0168401869
B1212434157433N00045076EA0168101867
B1212444157437N00045081EA0167801864
B1212454157441N00045086EA0167501860
B1212464157445N00045091EA0167201856
B1212474157450N00045097EA0166901853
B1212484157454N00045102EA0166701851
B1212494157458N00045107EA0166501848
B1212504157461N00045112EA0166301846
B1212514157465N00045117EA0165801843
B1212524157470N00045122EA0165601839
B1212534157474N00045128EA0165001835
B1212544157479N00045133EA0164801831
B1212554157484N00045139EA0164501828
B1212564157488N00045145EA0164301825
B1212574157492N00045151EA0164101822
B1212584157495N00045156EA0163801820
B1212594157499N00045160EA0163401817
B1213004157504N00045165EA0163101814
B1213014157508N00045169EA0162801810
B1213024157512N00045173EA0162401807
B1213034157516N00045178EA0162101803
B1213044157521N00045183EA0161801799
B1213054157524N00045188EA0161401796
B1213064157528N00045193EA0161101793
B1213074157532N00045199EA0160801789
B1213084157537N00045204EA0160501786
B1213094157542N00045208EA0160401785
B1213104157546N00045209EA0160701786
B1213114157549N00045210EA0160801788
B1213124157551N00045210EA0160701788
B1213134157553N00045210EA0160401786
B1213144157556N00045212EA0159901782
B1213154157559N00045214EA0159301776
B1213164157564N00045219EA0158801771
B1213174157568N00045223EA0158601766
B1213184157572N00045227EA0158601765
B1213194157575N00045231EA0158501764
B1213204157578N00045233EA0158401764
B1213214157581N00045235EA0158101761
B1213224157586N00045238EA0157601758
B1213234157590N00045243EA0157201753
B1213244157593N00045248EA0157101749
B1213254157595N00045252EA0157001748
B1213264157599N00045255EA0156801747
B1213274157604N00045257EA0156601744
B1213284157610N00045259EA0156401742
B1213294157615N00045261EA0156301740
B1213304157619N00045263EA0156401741
B1213314157622N00045265EA0156401741
B1213324157625N00045268EA0156301741
B1213334157630N00045271EA0156301740
B1213344157634N00045274EA0156201739
B1213354157638N00045279EA0156401739
B1213364157640N00045282EA0156801742
B1213374157642N00045285EA0156901745
B1213384157644N00045288EA0157201747
B1213394157645N00045290EA0157401750
B1213404157647N00045292EA0157401751
B1213414157649N00045295EA0157401751
B1213424157651N00045298EA0157401751
B1213434157653N00045302EA0157501752
B1213444157656N00045306EA0157501752
B1213454157659N00045309EA0157701753
B1213464157661N00045313EA0157801755
B1213474157662N00045316EA0157901757
B1213484157662N00045320EA0158001757
B1213494157663N00045325EA0157901757
B1213504157665N00045330EA0158001757
B1213514157666N00045334EA0158201759
B1213524157667N00045337EA0158401761
B1213534157667N00045340EA0158601763
B1213544157666N00045342EA0158601764
B1213554157667N00045345EA0158501764
B1213564157669N00045348EA0158401763
B1213574157671N00045352EA0158201761
B1213584157675N00045356EA0158201761
B1213594157678N00045357EA0158401761
B1214004157680N00045358EA0158301762
B1214014157683N00045359EA0158201762
B1214024157686N00045361EA0158101760
B1214034157688N00045364EA0158001759
B1214044157690N00045367EA0158001759
B1214054157692N00045369EA0158201759
B1214064157694N00045372EA0158301761
B1214074157696N00045373EA0158401761
B1214084157698N00045375EA0158301762
B1214094157701N00045377EA0158201761
B1214104157704N00045379EA0158101760
B1214114157707N00045382EA0158001759
B1214124157711N00045385EA0157901757
B1214134157714N00045389EA0157701756
B1214144157718N00045393EA0157601754
B1214154157723N00045396EA0157601753
B1214164157727N00045399EA0157501752
B1214174157731N00045402EA0157301752
B1214184157734N00045405EA0157601753
B1214194157735N00045407EA0157601754
B1214204157737N00045408EA0157501754
B1214214157739N00045411EA0157301753
B1214224157741N00045415EA0157101750
B1214234157744N00045419EA0156901748
B1214244157748N00045424EA0156901746
B1214254157751N00045428EA0156701745
B1214264157755N00045432EA0156801745
B1214274157758N00045435EA0156801745
B1214284157762N00045438EA0156701745
B1214294157766N00045441EA0156501744
B1214304157770N00045444EA0156401742
B1214314157775N00045448EA0156301740
B1214324157779N00045452EA0156201739
B1214334157784N00045455EA0156201738
B1214344157788N00045458EA0156301739
B1214354157792N00045461EA0156201739
B1214364157796N00045464EA0156201739
B1214374157800N00045467EA0156101738
B1214384157804N00045471EA0156001737
B1214394157808N00045475EA0156001736
B1214404157812N00045478EA0155801735
B1214414157816N00045482EA0155801735
B1214424157820N00045485EA0155801735
B1214434157824N00045488EA0155801734
B1214444157828N00045492EA0155701734
B1214454157832N00045495EA0155601733
B1214464157837N00045499EA0155501732
B1214474157841N00045503EA0155501732
B1214484157846N00045506EA0155501731
B1214494157850N00045509EA0155401731
B1214504157855N00045512EA0155401731
B1214514157859N00045515EA0155501731
B1214524157863N00045518EA0155501730
B1214534157867N00045522EA0155401730
B1214544157871N00045525EA0155301729
B1214554157875N00045529EA0155301729
B1214564157878N00045532EA0155301729
B1214574157881N00045536EA0155201729
B1214584157885N00045540EA0155201729
B1214594157888N00045544EA0155301728
B1215004157892N00045548EA0155301728
B1215014157895N00045552EA0155401729
B1215024157898N00045556EA0155401729
B1215034157902N00045559EA0155501730
B1215044157906N00045562EA0155501731
B1215054157909N00045566EA0155501732
B1215064157913N00045569EA0155501732
B1215074157917N00045573EA0155401731
B1215084157922N00045576EA0155301731
B1215094157926N00045580EA0155401730
B1215104157931N00045583EA0155401730
B1215114157935N00045586EA0155401731
B1215124157939N00045589EA0155401731
B1215134157944N00045591EA0155301730
B1215144157949N00045594EA0155201730
B1215154157953N00045596EA0155101729
B1215164157958N00045599EA0155101728
B1215174157962N00045601EA0155101728
B1215184157965N00045604EA0155101728
B1215194157969N00045606EA0155001727
B1215204157973N00045609EA0154801726
B1215214157977N00045612EA0154801725
B1215224157980N00045615EA0155001725
B1215234157983N00045617EA0155201727
B1215244157985N00045619EA0155201728
B1215254157988N00045620EA0155401729
B1215264157992N00045622EA0155301730
B1215274157997N00045624EA0155201729
B1215284158003N00045627EA0155101728
B1215294158008N00045629EA0155301729
B1215304158013N00045632EA0155301730
B1215314158017N00045634EA0155401731
B1215324158020N00045636EA0155301731
B1215334158024N00045639EA0155101730
B1215344158029N00045642EA0155001728
B1215354158033N00045646EA0154901727
B1215364158037N00045649EA0154901727
B1215374158040N00045652EA0154901727
B1215384158042N00045655EA0154801727
B1215394158045N00045659EA0154701726
B1215404158048N00045663EA0154701724
B1215414158051N00045667EA0154601723
B1215424158055N00045670EA0154601723
B1215434158059N00045674EA0154501723
B1215444158064N00045677EA0154601724
B1215454158068N00045679EA0154901725
B1215464158071N00045681EA0155001727
B1215474158075N00045682EA0155001728
B1215484158078N00045684EA0155001727
B1215494158082N00045687EA0154801726
B1215504158086N00045690EA0154801725
B1215514158090N00045694EA0154801725
B1215524158093N00045697EA0155001725
B1215534158095N00045700EA0155101727
B1215544158097N00045703EA0155101728
B1215554158099N00045706EA0155201729
B1215564158101N00045710EA0155001728
B1215574158104N00045715EA0155001727
B1215584158106N00045719EA0155001727
B1215594158107N00045723EA0155201729
B1216004158108N00045727EA0155301730
B1216014158109N00045730EA0155401731
B1216024158111N00045733EA0155301731
B1216034158113N00045736EA0155201731
B1216044158116N00045740EA0155101730
B1216054158117N00045745EA0155001730
B1216064158119N00045749EA0155101729
B1216074158119N00045754EA0155101729
B1216084158121N00045759EA0155101729
B1216094158123N00045763EA0155101729
B1216104158125N00045766EA0155101730
B1216114158128N00045769EA0155101730
B1216124158131N00045772EA0155001729
B1216134158134N00045776EA0154901728
B1216144158138N00045780EA0154601726
B1216154158142N00045784EA0154601725
B1216164158146N00045789EA0154601725
B1216174158149N00045792EA0154601725
B1216184158153N00045796EA0154501724
B1216194158157N00045799EA0154501724
B1216204158160N00045803EA0154401723
B1216214158164N00045807EA0154201721
B1216224158166N00045811EA0154301720
B1216234158169N00045814EA0154301721
B1216244158172N00045816EA0154401722
B1216254158175N00045819EA0154401722
B1216264158178N00045823EA0154301721
B1216274158181N00045827EA0154201720
B1216284158185N00045832EA0154101719
B1216294158188N00045837EA0153901719
B1216304158191N00045842EA0154001717
B1216314158195N00045848EA0154001718
B1216324158197N00045853EA0154101718
B1216334158199N00045858EA0154201719
B1216344158201N00045863EA0154101720
B1216354158203N00045868EA0154201720
B1216364158206N00045872EA0154201720
B1216374158208N00045877EA0154201719
B1216384158211N00045883EA0154101719
B1216394158213N00045889EA0154101718
B1216404158215N00045894EA0154101718
B1216414158217N00045900EA0154201720
B1216424158220N00045904EA0154401721
B1216434158222N00045909EA0154401723
B1216444158224N00045913EA0154501723
B1216454158227N00045917EA0154501723
B1216464158229N00045923EA0154301722
B1216474158231N00045930EA0154301721
B1216484158232N00045936EA0154301721
B1216494158234N00045943EA0154301721
B1216504158235N00045950EA0154301722
B1216514158238N00045956EA0154301722
B1216524158240N00045963EA0154501722
B1216534158243N00045969EA0154701724
B1216544158245N00045973EA0154901726
B1216554158247N00045978EA0155001728
B1216564158250N00045982EA0155201729
B1216574158253N00045988EA0155201730
B1216584158255N00045994EA0155301730
B1216594158257N00046001EA0155501732
B1217004158257N00046007EA0155801734
B1217014158258N00046012EA0156101737
B1217024158259N00046016EA0156501740
B1217034158260N00046020EA0156601744
B1217044158261N00046023EA0156701746
B1217054158263N00046027EA0156701747
B1217064158265N00046032EA0156601746
B1217074158267N00046037EA0156301744
B1217084158269N00046043EA0156301743
B1217094158272N00046048EA0156301742
B1217104158274N00046053EA0156301743
B1217114158275N00046057EA0156201742
B1217124158277N00046063EA0156001740
B1217134158280N00046069EA0155701738
B1217144158282N00046076EA0155501736
B1217154158286N00046082EA0155701736
B1217164158289N00046086EA0155701736
B1217174158293N00046090EA0155601736
B1217184158296N00046093EA0155401735
B1217194158300N00046097EA0155101733
B1217204158304N00046102EA0154601728
B1217214158310N00046107EA0154301724
B1217224158316N00046112EA0154101721
B1217234158321N00046118EA0153901719
B1217244158325N00046123EA0153701718
B1217254158330N00046127EA0153501715
B1217264158334N00046132EA0153201713
B1217274158339N00046136EA0152701709
B1217284158344N00046140EA0152401705
B1217294158349N00046144EA0152101702
B1217304158353N00046149EA0151701698
B1217314158359N00046153EA0151301694
B1217324158364N00046157EA0151001690
B1217334158369N00046161EA0150601687
B1217344158374N00046165EA0150201683
B1217354158380N00046168EA0149801679
B1217364158385N00046173EA0149401674
B1217374158390N00046178EA0149101670
B1217384158395N00046182EA0148901667
B1217394158400N00046186EA0148701665
B1217404158405N00046190EA0148601664
B1217414158410N00046194EA0148501663
B1217424158414N00046198EA0148501661
B1217434158419N00046201EA0148301660
B1217444158424N00046205EA0148101659
B1217454158429N00046210EA0147901657
B1217464158434N00046216EA0147801655
B1217474158439N00046220EA0147801654
B1217484158444N00046223EA0148101657
B1217494158448N00046224EA0148301659
B1217504158452N00046226EA0148401660
B1217514158455N00046227EA0148601662
B1217524158459N00046228EA0148801664
B1217534158462N00046229EA0148901664
B1217544158466N00046232EA0148901665
B1217554158469N00046236EA0148901665
B1217564158470N00046240EA0148801664
B1217574158470N00046245EA0149001665
B1217584158469N00046248EA0149301666
B1217594158470N00046251EA0149401669
B1218004158471N00046253EA0149601671
B1218014158472N00046256EA0149701673
B1218024158473N00046258EA0149801674
B1218034158474N00046262EA0149901674
B1218044158475N00046264EA0150001675
B1218054158475N00046267EA0150101676
B1218064158475N00046269EA0150201677
B1218074158476N00046271EA0150301678
B1218084158476N00046273EA0150401679
B1218094158478N00046276EA0150301679
B1218104158479N00046280EA0150301680
B1218114158480N00046284EA0150401680
B1218124158482N00046288EA0150501680
B1218134158483N00046292EA0150601681
B1218144158484N00046296EA0150801683
B1218154158485N00046300EA0151101685
B1218164158485N00046304EA0151401688
B1218174158484N00046307EA0151601690
B1218184158484N00046310EA0151701692
B1218194158485N00046313EA0151801693
B1218204158487N00046317EA0151901694
B1218214158489N00046321EA0152001695
B1218224158490N00046324EA0152301697
B1218234158490N00046328EA0152501700
B1218244158490N00046331EA0152801703
B1218254158491N00046335EA0153001705
B1218264158493N00046338EA0153301708
B1218274158493N00046341EA0153501711
B1218284158493N00046344EA0153801713
B1218294158493N00046348EA0154001715
B1218304158493N00046352EA0154101717
B1218314158494N00046357EA0154301719
B1218324158496N00046362EA0154601721
B1218334158497N00046367EA0154801724
B1218344158498N00046371EA0155101727
B1218354158498N00046375EA0155301729
B1218364158498N00046379EA0155601732
B1218374158497N00046383EA0155801734
B1218384158496N00046387EA0156001736
B1218394158495N00046391EA0156401738
B1218404158495N00046395EA0156701742
B1218414158494N00046399EA0156901745
B1218424158493N00046402EA0157201748
B1218434158492N00046405EA0157501751
B1218444158492N00046408EA0157701754
B1218454158491N00046411EA0157901756
B1218464158491N00046414EA0158001757
B1218474158491N00046419EA0158301758
B1218484158490N00046423EA0158701761
B1218494158489N00046426EA0159101766
B1218504158488N00046429EA0159501771
B1218514158488N00046432EA0159901775
B1218524158486N00046435EA0160201778
B1218534158484N00046439EA0160501781
B1218544158483N00046444EA0160801784
B1218554158483N00046449EA0161201788
B1218564158484N00046453EA0161701794
B1218574158487N00046455EA0162001799
B1218584158491N00046456EA0162201802
B1218594158496N00046456EA0162301802
B1219004158503N00046455EA0162501803
B1219014158509N00046452EA0162801805
B1219024158515N00046446EA0163201808
B1219034158517N00046436EA0163401811
B1219044158516N00046427EA0163601813
B1219054158511N00046422EA0163901815
B1219064158506N00046423EA0164001818
B1219074158503N00046428EA0164301820
B1219084158503N00046433EA0164501824
B1219094158504N00046437EA0165001829
B1219104158507N00046439EA0165301833
B1219114158510N00046440EA0165601836
B1219124158514N00046441EA0165501836
B1219134158519N00046442EA0165401835
B1219144158525N00046445EA0165301834
B1219154158530N00046449EA0165301834
B1219164158535N00046452EA0165501835
B1219174158539N00046456EA0165501836
B1219184158544N00046458EA0165401837
B1219194158549N00046461EA0165401836
B1219204158555N00046464EA0165201835
B1219214158561N00046468EA0165201834
B1219224158566N00046472EA0165301834
B1219234158571N00046475EA0165401835
B1219244158576N00046478EA0165501837
B1219254158580N00046481EA0165401837
B1219264158585N00046484EA0165401837
B1219274158590N00046488EA0165301836
B1219284158596N00046492EA0165201835
B1219294158601N00046496EA0165301835
B1219304158605N00046500EA0165401836
B1219314158609N00046502EA0165401837
B1219324158612N00046504EA0165401838
B1219334158616N00046507EA0165201837
B1219344158621N00046510EA0164801835
B1219354158626N00046513EA0164401830
B1219364158632N00046517EA0164101826
B1219374158639N00046518EA0164101824
B1219384158644N00046519EA0164101825
B1219394158648N00046519EA0164001825
B1219404158652N00046521EA0163801823
B1219414158657N00046522EA0163301819
B1219424158663N00046525EA0162801814
B1219434158670N00046528EA0162301809
B1219444158678N00046531EA0162001805
B1219454158685N00046534EA0161901802
B1219464158692N00046537EA0161701801
B1219474158698N00046540EA0161501799
B1219484158705N00046543EA0161201797
B1219494158712N00046546EA0161101794
B1219504158719N00046549EA0160801791
B1219514158726N00046552EA0160701789
B1219524158733N00046555EA0160601788
B1219534158740N00046557EA0160401786
B1219544158746N00046560EA0160301785
B1219554158753N00046563EA0160001783
B1219564158759N00046565EA0159701781
B1219574158766N00046568EA0159501778
B1219584158773N00046571EA0159301776
B1219594158779N00046573EA0159101773
B1220004158786N00046576EA0158701771
B1220014158792N00046578EA0158701769
B1220024158799N00046580EA0158601767
B1220034158805N00046583EA0158301764
B1220044158812N00046586EA0157901761
B1220054158820N00046589EA0157601758
B1220064158827N00046591EA0157401755
B1220074158834N00046594EA0157201752
B1220084158842N00046597EA0156901750
B1220094158849N00046600EA0156701747
B1220104158856N00046603EA0156501745
B1220114158862N00046607EA0156301742
B1220124158868N00046610EA0156101741
B1220134158874N00046614EA0155901739
B1220144158879N00046618EA0155901737
B1220154158885N00046621EA0155601736
B1220164158891N00046624EA0155401734
B1220174158898N00046628EA0155101731
B1220184158904N00046631EA0154901728
B1220194158911N00046635EA0154801726
B1220204158917N00046638EA0154601724
B1220214158923N00046641EA0154401722
B1220224158930N00046644EA0154201721
B1220234158936N00046647EA0154101719
B1220244158942N00046650EA0153801717
B1220254158948N00046654EA0153801715
B1220264158954N00046657EA0153501713
B1220274158960N00046660EA0153201711
B1220284158967N00046663EA0153201709
B1220294158973N00046667EA0153001707
B1220304158979N00046671EA0152801705
B1220314158984N00046675EA0152601703
B1220324158990N00046679EA0152501702
B1220334158996N00046682EA0152401700
B1220344159002N00046686EA0152101699
B1220354159008N00046690EA0152001697
B1220364159014N00046694EA0151801695
B1220374159020N00046698EA0151601693
B1220384159025N00046702EA0151401691
B1220394159030N00046707EA0151201689
B1220404159035N00046711EA0151001687
B1220414159040N00046716EA0150801685
B1220424159045N00046720EA0150601683
B1220434159051N00046725EA0150301680
B1220444159056N00046729EA0150001677
B1220454159061N00046734EA0149701674
B1220464159066N00046739EA0149401671
B1220474159071N00046743EA0149201668
B1220484159076N00046748EA0148801665
B1220494159082N00046752EA0148501662
B1220504159087N00046757EA0148201659
B1220514159091N00046762EA0147901656
B1220524159096N00046767EA0147601652
B1220534159101N00046773EA0147401649
B1220544159106N00046779EA0147201647
B1220554159111N00046785EA0147001644
B1220564159116N00046789EA0146801642
B1220574159120N00046794EA0146501640
B1220584159126N00046797EA0146301638
B1220594159131N00046801EA0145901634
B1221004159136N00046805EA0145601631
B1221014159142N00046810EA0145301627
B1221024159147N00046815EA0144901624
B1221034159153N00046820EA0144701621
B1221044159159N00046825EA0144301617
B1221054159165N00046830EA0144101614
B1221064159170N00046835EA0143801611
B1221074159175N00046841EA0143401608
B1221084159180N00046846EA0143101604
B1221094159185N00046850EA0143001603
B1221104159189N00046853EA0142801602
B1221114159193N00046855EA0142601601
B1221124159197N00046858EA0142401598
B1221134159202N00046861EA0141801594
B1221144159207N00046865EA0141401589
B1221154159212N00046870EA0141101585
B1221164159217N00046874EA0140801581
B1221174159222N00046877EA0140701579
B1221184159227N00046880EA0140601577
B1221194159232N00046883EA0140201575
B1221204159237N00046886EA0140001573
B1221214159242N00046889EA0139801570
B1221224159247N00046892EA0139601567
B1221234159252N00046895EA0139501566
B1221244159257N00046898EA0139301564
B1221254159263N00046900EA0139201563
B1221264159268N00046902EA0139001561
B1221274159273N00046905EA0138901559
B1221284159279N00046907EA0138801558
B1221294159284N00046910EA0138601557
B1221304159289N00046912EA0138301555
B1221314159294N00046914EA0138101553
B1221324159299N00046917EA0137901551
B1221334159304N00046919EA0137701548
B1221344159309N00046921EA0137401545
B1221354159314N00046923EA0137201543
B1221364159318N00046924EA0137101542
B1221374159323N00046925EA0136901540
B1221384159327N00046927EA0136601537
B1221394159332N00046929EA0136301534
B1221404159336N00046931EA0136101531
B1221414159341N00046934EA0135901529
B1221424159345N00046936EA0135701527
B1221434159348N00046939EA0135501525
B1221444159351N00046943EA0135401524
B1221454159355N00046946EA0135201522
B1221464159359N00046949EA0135001519
B1221474159363N00046952EA0134701517
B1221484159367N00046956EA0134601515
B1221494159371N00046959EA0134501514
B1221504159375N00046963EA0134401513
B1221514159379N00046966EA0134201512
B1221524159382N00046970EA0134101510
B1221534159384N00046975EA0133901508
B1221544159388N00046980EA0133701506
B1221554159391N00046985EA0133501504
B1221564159395N00046991EA0133401502
B1221574159399N00046995EA0133301501
B1221584159402N00047000EA0133301500
B1221594159406N00047005EA0133001499
B1222004159409N00047010EA0133001498
B1222014159412N00047015EA0132901497
B1222024159415N00047020EA0132801496
B1222034159418N00047025EA0132701494
B1222044159421N00047030EA0132301492
B1222054159425N00047035EA0132201489
B1222064159429N00047041EA0131901487
B1222074159432N00047046EA0131801485
B1222084159437N00047051EA0131601483
B1222094159441N00047056EA0131501482
B1222104159445N00047059EA0131301481
B1222114159450N00047062EA0131201479
B1222124159454N00047066EA0131001477
B1222134159459N00047071EA0130801474
B1222144159463N00047076EA0130801473
B1222154159468N00047082EA0130801472
B1222164159472N00047087EA0130801472
B1222174159476N00047092EA0130901473
B1222184159479N00047097EA0130801473
B1222194159483N00047102EA0130801473
B1222204159487N00047106EA0130701472
B1222214159491N00047109EA0130801472
B1222224159495N00047112EA0130701472
B1222234159498N00047115EA0130601472
B1222244159500N00047119EA0130501471
B1222254159504N00047123EA0130401470
B1222264159507N00047127EA0130301469
B1222274159511N00047131EA0130201468
B1222284159515N00047136EA0130201467
B1222294159519N00047141EA0130201466
B1222304159522N00047145EA0130201466
B1222314159526N00047148EA0130201466
B1222324159529N00047150EA0130001466
B1222334159533N00047154EA0129901465
B1222344159537N00047158EA0129701463
B1222354159540N00047163EA0129501460
B1222364159544N00047168EA0129401459
B1222374159548N00047174EA0129401458
B1222384159551N00047179EA0129401458
B1222394159554N00047183EA0129301458
B1222404159557N00047187EA0129401459
B1222414159560N00047190EA0129401458
B1222424159564N00047194EA0129201458
B1222434159568N00047197EA0129101456
B1222444159572N00047201EA0129101456
B1222454159577N00047203EA0129101456
B1222464159584N00047202EA0128901456
B1222474159591N00047199EA0128801454
B1222484159598N00047193EA0128601452
B1222494159604N00047186EA0128701451
B1222504159610N00047180EA0128601452
B1222514159615N00047173EA0128601452
B1222524159622N00047167EA0128501450
B1222534159628N00047159EA0128101448
B1222544159634N00047151EA0128001445
B1222554159640N00047143EA0127901444
B1222564159646N00047134EA0127801443
B1222574159651N00047125EA0127701442
B1222584159657N00047117EA0127601440
B1222594159662N00047109EA0127401439
B1223004159668N00047101EA0127101437
B1223014159675N00047094EA0127001434
B1223024159683N00047086EA0126901432
B1223034159690N00047078EA0126901432
B1223044159697N00047070EA0127101434
B1223054159703N00047063EA0127201435
B1223064159709N00047056EA0127301436
B1223074159716N00047050EA0127401437
B1223084159722N00047043EA0127301436
B1223094159729N00047036EA0127301436
B1223104159735N00047029EA0127301436
B1223114159740N00047021EA0127301436
B1223124159746N00047014EA0127201435
B1223134159752N00047006EA0127001434
B1223144159759N00046999EA0126901431
B1223154159766N00046991EA0126901431
B1223164159773N00046984EA0127101432
B1223174159779N00046977EA0127201434
B1223184159786N00046969EA0127301435
B1223194159793N00046961EA0127301435
B1223204159800N00046953EA0127301434
B1223214159808N00046944EA0127301434
B1223224159815N00046936EA0127501436
B1223234159822N00046927EA0127601437
B1223244159828N00046919EA0127701439
B1223254159834N00046910EA0127701439
B1223264159841N00046901EA0127701439
B1223274159848N00046892EA0127601438
B1223284159855N00046882EA0127401437
B1223294159863N00046871EA0127301436
B1223304159870N00046861EA0127301435
B1223314159877N00046850EA0127501436
B1223324159882N00046840EA0127701438
B1223334159887N00046830EA0127801440
B1223344159892N00046821EA0127701440
B1223354159897N00046812EA0127501439
B1223364159903N00046801EA0127301436
B1223374159910N00046790EA0127001433
B1223384159916N00046778EA0127101432
B1223394159922N00046766EA0127201433
B1223404159928N00046756EA0127501435
B1223414159933N00046746EA0127601437
B1223424159938N00046736EA0127601438
B1223434159943N00046725EA0127601438
B1223444159948N00046713EA0127701438
B1223454159953N00046702EA0127701438
B1223464159958N00046691EA0127701438
B1223474159963N00046681EA0127801439
B1223484159967N00046670EA0127901440
B1223494159973N00046658EA0127901440
B1223504159978N00046647EA0128401444
B1223514159982N00046637EA0128801448
B1223524159986N00046627EA0129201452
B1223534159989N00046617EA0129501456
B1223544159993N00046606EA0129801458
B1223554159996N00046596EA0130001460
B1223564200000N00046586EA0130301463
B1223574200003N00046578EA0130501466
B1223584200006N00046569EA0130601468
B1223594200010N00046559EA0130901470
B1224004200015N00046549EA0131201472
B1224014200018N00046539EA0131501475
B1224024200021N00046529EA0131901479
B1224034200021N00046518EA0132201483
B1224044200021N00046507EA0132401485
B1224054200019N00046495EA0132601487
B1224064200016N00046485EA0133001489
B1224074200012N00046478EA0133101492
B1224084200009N00046474EA0133301495
B1224094200007N00046474EA0133501496
B1224104200008N00046475EA0133701498
B1224114200012N00046475EA0133901500
B1224124200018N00046471EA0134101502
B1224134200024N00046463EA0134301504
B1224144200029N00046452EA0134501506
B1224154200032N00046441EA0134801509
B1224164200034N00046429EA0135201513
B1224174200034N00046419EA0135401517
B1224184200033N00046408EA0135701519
B1224194200032N00046399EA0135801521
B1224204200030N00046390EA0136001523
B1224214200027N00046383EA0136101525
B1224224200023N00046379EA0136101525
B1224234200020N00046379EA0136201526
B1224244200020N00046381EA0136401527
B1224254200022N00046383EA0136701529
B1224264200028N00046383EA0136901531
B1224274200035N00046380EA0136901532
B1224284200042N00046373EA0137201533
B1224294200048N00046364EA0137401536
B1224304200053N00046355EA0137701540
B1224314200057N00046347EA0138001544
B1224324200060N00046338EA0138201547
B1224334200062N00046329EA0138201548
B1224344200064N00046319EA0138201548
B1224354200066N00046308EA0138301548
B1224364200068N00046296EA0138401549
B1224374200069N00046284EA0138601550
B1224384200070N00046273EA0139001553
B1224394200071N00046263EA0139301557
B1224404200072N00046254EA0139501560
B1224414200072N00046243EA0139701562
B1224424200073N00046232EA0139601563
B1224434200075N00046220EA0139701563
B1224444200076N00046208EA0139701564
B1224454200077N00046196EA0139901565
B1224464200078N00046184EA0140101567
B1224474200078N00046174EA0140401569
B1224484200080N00046164EA0140701573
B1224494200081N00046155EA0140801575
B1224504200083N00046145EA0140901576
B1224514200085N00046134EA0140901577
B1224524200086N00046122EA0141001577
B1224534200087N00046110EA0141101578
B1224544200088N00046099EA0141201580
B1224554200089N00046089EA0141401582
B1224564200091N00046080EA0141601583
B1224574200093N00046070EA0141601585
B1224584200094N00046059EA0141701586
B1224594200096N00046048EA0141801587
B1225004200098N00046038EA0141901588
B1225014200100N00046028EA0142001589
B1225024200102N00046019EA0142001590
B1225034200104N00046011EA0141901589
B1225044200108N00046002EA0141801588
B1225054200111N00045993EA0141701587
B1225064200114N00045982EA0141501586
B1225074200116N00045971EA0141601585
B1225084200118N00045959EA0141401584
B1225094200121N00045948EA0141501584
B1225104200123N00045938EA0141401584
B1225114200126N00045928EA0141601584
B1225124200128N00045917EA0141401584
B1225134200131N00045907EA0141301583
B1225144200133N00045897EA0141101582
B1225154200136N00045887EA0141001580
B1225164200138N00045877EA0140801579
B1225174200139N00045866EA0140701578
B1225184200141N00045855EA0140601576
B1225194200144N00045845EA0140601575
B1225204200145N00045834EA0140601575
B1225214200147N00045824EA0140501575
B1225224200148N00045814EA0140501575
B1225234200149N00045804EA0140501575
B1225244200150N00045793EA0140401574
B1225254200152N00045782EA0140301573
B1225264200154N00045770EA0140301571
B1225274200157N00045758EA0140101570
B1225284200159N00045746EA0140001568
B1225294200162N00045734EA0139801567
B1225304200165N00045722EA0139701565
B1225314200167N00045710EA0139601564
B1225324200170N00045698EA0139601564
B1225334200173N00045687EA0139601563
B1225344200176N00045675EA0139501563
B1225354200179N00045663EA0139301562
B1225364200181N00045651EA0139201561
B1225374200184N00045640EA0139101560
B1225384200188N00045629EA0139001559
B1225394200191N00045618EA0138601557
B1225404200195N00045606EA0138401555
B1225414200198N00045594EA0138101551
B1225424200201N00045582EA0137801548
B1225434200204N00045569EA0137601545
B1225444200207N00045556EA0137301542
B1225454200210N00045543EA0137201540
B1225464200212N00045531EA0137101539
B1225474200215N00045519EA0137201539
B1225484200218N00045508EA0137201539
B1225494200221N00045497EA0137201540
B1225504200225N00045487EA0137101539
B1225514200228N00045476EA0136901538
B1225524200231N00045464EA0136701536
B1225534200233N00045451EA0136401533
B1225544200235N00045438EA0136201531
B1225554200237N00045425EA0136201529
B1225564200238N00045412EA0136101528
B1225574200239N00045399EA0136001528
B1225584200242N00045387EA0135801527
B1225594200245N00045376EA0135701526
B1226004200248N00045364EA0135701524
B1226014200251N00045353EA0135301522
B1226024200254N00045340EA0135001519
B1226034200256N00045328EA0134701516
B1226044200258N00045316EA0134401512
B1226054200260N00045304EA0134101509
B1226064200263N00045292EA0133801506
B1226074200267N00045280EA0133501504
B1226084200271N00045269EA0133201500
B1226094200274N00045257EA0132801497
B1226104200277N00045245EA0132501493
B1226114200280N00045232EA0132001488
B1226124200283N00045219EA0131601484
B1226134200285N00045207EA0131501482
B1226144200287N00045195EA0131301480
B1226154200289N00045185EA0131001478
B1226164200292N00045174EA0130601474
B1226174200295N00045162EA0130101469
B1226184200298N00045149EA0129601464
B1226194200301N00045136EA0129201459
B1226204200303N00045124EA0128901455
B1226214200306N00045111EA0128601452
B1226224200308N00045100EA0128301449
B1226234200311N00045088EA0128001445
B1226244200314N00045077EA0127601442
B1226254200317N00045065EA0127301439
B1226264200320N00045054EA0127001436
B1226274200322N00045043EA0126801433
B1226284200324N00045032EA0126401430
B1226294200325N00045021EA0126101427
B1226304200326N00045009EA0125801423
B1226314200326N00044998EA0125501420
B1226324200327N00044988EA0125301418
B1226334200328N00044977EA0125101415
B1226344200329N00044967EA0124701412
B1226354200331N00044956EA0124301408
B1226364200332N00044946EA0123901405
B1226374200333N00044935EA0123501400
B1226384200335N00044923EA0123101395
B1226394200337N00044911EA0122501390
B1226404200340N00044899EA0122201386
B1226414200342N00044887EA0121901383
B1226424200345N00044875EA0121601380
B1226434200348N00044863EA0121401377
B1226444200351N00044851EA0121001373
B1226454200354N00044839EA0120701370
B1226464200358N00044827EA0120301366
B1226474200361N00044815EA0120001362
B1226484200365N00044802EA0119701359
B1226494200369N00044790EA0119401355
B1226504200372N00044778EA0119101352
B1226514200376N00044765EA0118801349
B1226524200379N00044753EA0118501346
B1226534200383N00044741EA0118201342
B1226544200386N00044729EA0118001340
B1226554200389N00044717EA0117701337
B1226564200392N00044705EA0117501335
B1226574200396N00044694EA0117201332
B1226584200399N00044682EA0116901329
B1226594200402N00044671EA0116501326
B1227004200406N00044659EA0116201323
B1227014200410N00044648EA0116001320
B1227024200415N00044637EA0115801318
B1227034200419N00044627EA0115601316
B1227044200424N00044618EA0115301313
B1227054200429N00044608EA0115001310
B1227064200436N00044600EA0114901307
B1227074200443N00044592EA0114701305
B1227084200449N00044584EA0114601304
B1227094200455N00044575EA0114601304
B1227104200459N00044567EA0114501304
B1227114200464N00044560EA0114401303
B1227124200469N00044553EA0114001301
B1227134200476N00044547EA0113601297
B1227144200482N00044539EA0113301293
B1227154200489N00044531EA0113001289
B1227164200495N00044521EA0112801286
B1227174200501N00044513EA0112701285
B1227184200506N00044505EA0112701284
B1227194200512N00044498EA0112601283
B1227204200517N00044490EA0112401281
B1227214200524N00044480EA0112201279
B1227224200530N00044470EA0112101277
B1227234200536N00044461EA0112201277
B1227244200542N00044452EA0112401278
B1227254200547N00044444EA0112601280
B1227264200552N00044435EA0112701281
B1227274200557N00044426EA0112801282
B1227284200562N00044416EA0112801283
B1227294200567N00044407EA0112901283
B1227304200572N00044398EA0112901284
B1227314200576N00044390EA0113001285
B1227324200579N00044382EA0113001287
B1227334200581N00044374EA0113001287
B1227344200583N00044364EA0113001286
B1227354200584N00044355EA0113001286
B1227364200586N00044346EA0113201288
B1227374200587N00044339EA0113401290
B1227384200588N00044331EA0113501291
B1227394200588N00044323EA0113701292
B1227404200589N00044315EA0113901293
B1227414200590N00044306EA0114001295
B1227424200591N00044298EA0114201297
B1227434200591N00044290EA0114401300
B1227444200592N00044282EA0114601302
B1227454200593N00044274EA0114901303
B1227464200594N00044266EA0115101306
B1227474200595N00044259EA0115301308
B1227484200596N00044253EA0115501310
B1227494200598N00044245EA0115501311
B1227504200599N00044237EA0115501311
B1227514200601N00044229EA0115601312
B1227524200602N00044220EA0115801313
B1227534200604N00044211EA0115901315
B1227544200605N00044204EA0116101317
B1227554200607N00044196EA0116201319
B1227564200607N00044188EA0116301320
B1227574200608N00044179EA0116301320
B1227584200608N00044169EA0116201319
B1227594200608N00044158EA0116101318
B1228004200609N00044148EA0116101318
B1228014200610N00044139EA0116201319
B1228024200611N00044130EA0116301321
B1228034200611N00044122EA0116201321
B1228044200612N00044114EA0116001320
B1228054200613N00044104EA0115801317
B1228064200614N00044093EA0115501314
B1228074200614N00044082EA0115401311
B1228084200614N00044071EA0115301310
B1228094200613N00044061EA0115201309
B1228104200612N00044052EA0115201309
B1228114200611N00044043EA0115001308
B1228124200611N00044033EA0114801306
B1228134200611N00044022EA0114601303
B1228144200611N00044012EA0114501301
B1228154200611N00044002EA0114401300
B1228164200612N00043992EA0114201299
B1228174200612N00043983EA0114101298
B1228184200613N00043973EA0114001297
B1228194200614N00043963EA0113701294
B1228204200614N00043952EA0113301290
B1228214200615N00043941EA0112901286
B1228224200615N00043929EA0112501282
B1228234200615N00043917EA0112101278
B1228244200616N00043904EA0111901274
B1228254200616N00043892EA0111701271
B1228264200617N00043880EA0111601269
B1228274200617N00043870EA0111501268
B1228284200617N00043860EA0111301267
B1228294200618N00043850EA0111101265
B1228304200618N00043840EA0110701263
B1228314200619N00043829EA0110501260
B1228324200619N00043818EA0110101257
B1228334200619N00043806EA0109901254
B1228344200618N00043795EA0109501251
B1228354200617N00043784EA0109301249
B1228364200616N00043774EA0109001246
B1228374200615N00043764EA0108701243
B1228384200614N00043753EA0108501240
B1228394200613N00043743EA0108201238
B1228404200611N00043733EA0108001235
B1228414200609N00043722EA0107701232
B1228424200607N00043711EA0107401229
B1228434200605N00043699EA0107201225
B1228444200603N00043688EA0106901223
B1228454200601N00043676EA0106701220
B1228464200600N00043666EA0106401218
B1228474200598N00043655EA0106001215
B1228484200596N00043644EA0105701211
B1228494200594N00043633EA0105501208
B1228504200593N00043623EA0105201205
B1228514200591N00043613EA0104901203
B1228524200589N00043603EA0104801201
B1228534200588N00043594EA0104501199
B1228544200586N00043584EA0104301196
B1228554200584N00043573EA0104001193
B1228564200582N00043562EA0103601189
B1228574200580N00043551EA0103401186
B1228584200577N00043539EA0103301184
B1228594200575N00043528EA0103001182
B1229004200572N00043518EA0102901180
B1229014200569N00043507EA0102801179
B1229024200567N00043496EA0102701179
B1229034200566N00043486EA0102701179
B1229044200564N00043477EA0102701179
B1229054200563N00043467EA0102501178
B1229064200561N00043457EA0102401177
B1229074200559N00043446EA0102301175
B1229084200557N00043435EA0102101173
B1229094200556N00043425EA0102101173
B1229104200556N00043415EA0102101174
B1229114200557N00043407EA0102001175
B1229124200560N00043400EA0102001174
B1229134200563N00043392EA0101701172
B1229144200568N00043385EA0101401169
B1229154200574N00043379EA0101101166
B1229164200581N00043375EA0101001163
B1229174200588N00043372EA0101101162
B1229184200594N00043370EA0101301163
B1229194200598N00043370EA0101301165
B1229204200602N00043372EA0101201165
B1229214200605N00043375EA0101001163
B1229224200610N00043378EA0100601160
B1229234200615N00043382EA0100301157
B1229244200621N00043387EA0100201154
B1229254200627N00043391EA0100201153
B1229264200631N00043395EA0100101153
B1229274200635N00043399EA0100101153
B1229284200639N00043403EA0100001153
B1229294200644N00043406EA0099801151
B1229304200649N00043410EA0099601148
B1229314200654N00043415EA0099401146
B1229324200658N00043421EA0099301144
B1229334200662N00043426EA0099201143
B1229344200667N00043430EA0099101142
B1229354200673N00043433EA0099001141
B1229364200678N00043436EA0098801140
B1229374200684N00043439EA0098701138
B1229384200691N00043442EA0098501137
B1229394200697N00043445EA0098401135
B1229404200704N00043446EA0098301134
B1229414200711N00043448EA0098101133
B1229424200718N00043449EA0098001131
B1229434200725N00043450EA0097801129
B1229444200733N00043452EA0097601127
B1229454200740N00043454EA0097501126
B1229464200747N00043456EA0097401124
B1229474200754N00043458EA0097201123
B1229484200761N00043460EA0097101122
B1229494200767N00043462EA0097001120
B1229504200774N00043465EA0096801118
B1229514200781N00043468EA0096701117
B1229524200788N00043472EA0096701116
B1229534200795N00043475EA0096601115
B1229544200801N00043478EA0096601115
B1229554200808N00043479EA0096501115
B1229564200815N00043480EA0096401114
B1229574200823N00043480EA0096301113
B1229584200831N00043481EA0096301112
B1229594200838N00043482EA0096101111
B1230004200844N00043484EA0096001110
B1230014200851N00043486EA0095901109
B1230024200857N00043489EA0095601107
B1230034200865N00043490EA0095301104
B1230044200872N00043493EA0095001101
B1230054200879N00043496EA0094801098
B1230064200886N00043499EA0094601096
B1230074200892N00043503EA0094501094
B1230084200898N00043507EA0094101091
B1230094200904N00043510EA0093901089
B1230104200911N00043513EA0093601086
B1230114200917N00043516EA0093501084
B1230124200924N00043518EA0093201081
B1230134200931N00043521EA0093001079
B1230144200938N00043524EA0092801076
B1230154200944N00043526EA0092501074
B1230164200951N00043529EA0092401072
B1230174200958N00043531EA0092301070
B1230184200965N00043534EA0092101069
B1230194200972N00043536EA0091901067
B1230204200979N00043539EA0091701065
B1230214200986N00043541EA0091601063
B1230224200994N00043542EA0091401062
B1230234201001N00043544EA0091201060
B1230244201008N00043546EA0091201058
B1230254201015N00043549EA0091001057
B1230264201022N00043551EA0090801055
B1230274201029N00043554EA0090601053
B1230284201037N00043556EA0090501051
B1230294201044N00043559EA0090501050
B1230304201051N00043561EA0090301049
B1230314201057N00043564EA0090201048
B1230324201064N00043567EA0090101047
B1230334201070N00043570EA0089901046
B1230344201077N00043573EA0089801044
B1230354201083N00043576EA0089701043
B1230364201089N00043579EA0089701042
B1230374201095N00043582EA0089601042
B1230384201101N00043585EA0089501041
B1230394201107N00043588EA0089301039
B1230404201114N00043592EA0089101037
B1230414201121N00043596EA0089001035
B1230424201128N00043600EA0089001034
B1230434201134N00043603EA0089001034
B1230444201141N00043606EA0089001034
B1230454201147N00043609EA0088801034
B1230464201154N00043613EA0088801033
B1230474201161N00043617EA0088601032
B1230484201167N00043621EA0088701031
B1230494201175N00043624EA0088701031
B1230504201182N00043627EA0088701031
B1230514201188N00043630EA0088801032
B1230524201194N00043634EA0089001033
B1230534201199N00043637EA0089001033
B1230544201205N00043639EA0089001034
B1230554201210N00043642EA0089001034
B1230564201216N00043646EA0089001034
B1230574201221N00043651EA0089001034
B1230584201227N00043655EA0089101034
B1230594201233N00043659EA0089101035
B1231004201239N00043663EA0089301037
B1231014201245N00043666EA0089501038
B1231024201251N00043670EA0089501039
B1231034201256N00043673EA0089601040
B1231044201262N00043677EA0089601041
B1231054201268N00043681EA0089701042
B1231064201274N00043686EA0089901043
B1231074201280N00043690EA0090201045
B1231084201285N00043694EA0090601049
B1231094201288N00043696EA0090901054
B1231104201291N00043698EA0091301057
B1231114201295N00043701EA0091501060
B1231124201298N00043704EA0091701063
B1231134201301N00043707EA0091901065
B1231144201305N00043711EA0092201067
B1231154201309N00043714EA0092401069
B1231164201314N00043716EA0092401071
B1231174201319N00043719EA0092601072
B1231184201324N00043721EA0092601074
B1231194201328N00043724EA0092801075
B1231204201331N00043728EA0093001077
B1231214201334N00043731EA0093201078
B1231224201338N00043735EA0093201080
B1231234201341N00043738EA0093301081
B1231244201345N00043742EA0093201081
B1231254201350N00043746EA0093101080
B1231264201354N00043749EA0093201080
B1231274201358N00043753EA0093201081
B1231284201362N00043757EA0093301081
B1231294201367N00043761EA0093301082
B1231304201370N00043766EA0093501083
B1231314201374N00043770EA0093601084
B1231324201379N00043773EA0093701085
B1231334201384N00043777EA0093801086
B1231344201388N00043781EA0094001087
B1231354201391N00043785EA0094201089
B1231364201395N00043788EA0094401091
B1231374201398N00043791EA0094601094
B1231384201402N00043793EA0094601095
B1231394201406N00043796EA0094701096
B1231404201410N00043800EA0094701097
B1231414201414N00043803EA0094801097
B1231424201418N00043807EA0094801097
B1231434201422N00043810EA0094701098
B1231444201427N00043812EA0094801097
B1231454201431N00043815EA0094801097
B1231464201436N00043818EA0094801096
B1231474201441N00043822EA0094701095
B1231484201446N00043825EA0094601095
B1231494201451N00043828EA0094601095
B1231504201456N00043831EA0094701096
B1231514201460N00043833EA0094601096
B1231524201465N00043835EA0094301094
B1231534201471N00043838EA0094101092
B1231544201477N00043841EA0094001089
B1231554201482N00043845EA0094001088
B1231564201487N00043849EA0094101089
B1231574201491N00043851EA0094101090
B1231584201495N00043854EA0094001089
B1231594201499N00043857EA0093801088
B1232004201503N00043862EA0093501086
B1232014201506N00043868EA0093301083
B1232024201509N00043874EA0093101081
B1232034201512N00043881EA0093001079
B1232044201514N00043887EA0092801078
B1232054201516N00043894EA0092701077
B1232064201519N00043901EA0092601075
B1232074201522N00043909EA0092301072
B1232084201525N00043917EA0092101068
B1232094201529N00043925EA0091701065
B1232104201534N00043931EA0091501062
B1232114201538N00043936EA0091301061
B1232124201543N00043941EA0091001059
B1232134201547N00043946EA0090601056
B1232144201552N00043951EA0090301051
B1232154201557N00043957EA0089801046
B1232164201562N00043963EA0089401041
B1232174201568N00043969EA0089001036
B1232184201574N00043975EA0088701032
B1232194201579N00043980EA0088301029
B1232204201585N00043985EA0088201027
B1232214201591N00043990EA0087901025
B1232224201597N00043995EA0087601022
B1232234201603N00043999EA0087101017
B1232244201609N00044005EA0086701013
B1232254201616N00044010EA0086301008
B1232264201622N00044016EA0086001004
B1232274201628N00044023EA0085601001
B1232284201633N00044031EA0085400998
B1232294201638N00044038EA0085000994
B1232304201644N00044046EA0084700990
B1232314201651N00044052EA0084400987
B1232324201658N00044057EA0084100984
B1232334201665N00044062EA0083800981
B1232344201671N00044065EA0083600979
B1232354201678N00044068EA0083300976
B1232364201684N00044072EA0082800972
B1232374201690N00044075EA0082600969
B1232384201696N00044078EA0082300966
B1232394201702N00044081EA0082300965
B1232404201708N00044085EA0082200963
B1232414201714N00044089EA0082200963
B1232424201721N00044094EA0081900962
B1232434201727N00044100EA0081700959
B1232444201733N00044104EA0081500957
B1232454201738N00044109EA0081500957
B1232464201743N00044112EA0081300956
B1232474201747N00044115EA0081000954
B1232484201752N00044119EA0080600951
B1232494201757N00044123EA0080200946
B1232504201762N00044129EA0080000942
B1232514201767N00044135EA0079800939
B1232524201771N00044141EA0079800938
B1232534201774N00044146EA0079700938
B1232544201775N00044152EA0079600938
B1232554201774N00044157EA0079400936
B1232564201772N00044163EA0079200934
B1232574201768N00044170EA0078900931
B1232584201764N00044175EA0078600928
B1232594201759N00044181EA0078500926
B1233004201754N00044186EA0078400925
B1233014201750N00044190EA0078300925
B1233024201746N00044194EA0078200924
B1233034201741N00044198EA0077900922
B1233044201735N00044202EA0077600919
B1233054201729N00044207EA0077400916
B1233064201723N00044212EA0077300914
B1233074201718N00044217EA0077400914
B1233084201713N00044222EA0077300914
B1233094201708N00044227EA0077400913
B1233104201703N00044231EA0077200913
B1233114201698N00044235EA0077100911
B1233124201692N00044239EA0076800909
B1233134201686N00044243EA0076800907
B1233144201680N00044247EA0076900907
B1233154201676N00044250EA0077000908
B1233164201671N00044252EA0077000909
B1233174201667N00044254EA0076900909
B1233184201663N00044257EA0076700908
B1233194201658N00044261EA0076500906
B1233204201653N00044265EA0076600905
B1233214201649N00044269EA0076800906
B1233224201647N00044273EA0077000908
B1233234201645N00044276EA0077300911
B1233244201644N00044279EA0077400913
B1233254201642N00044281EA0077400913
B1233264201639N00044284EA0077300912
B1233274201636N00044287EA0077000910
B1233284201633N00044290EA0076800908
B1233294201629N00044294EA0076700906
B1233304201625N00044298EA0076500904
B1233314201622N00044302EA0076500903
B1233324201618N00044305EA0076500903
B1233334201614N00044308EA0076400902
B1233344201610N00044311EA0076300901
B1233354201606N00044313EA0076300901
B1233364201601N00044316EA0076200901
B1233374201598N00044319EA0076100900
B1233384201594N00044322EA0076000898
B1233394201589N00044326EA0075900897
B1233404201584N00044330EA0075800895
B1233414201580N00044334EA0075800895
B1233424201575N00044337EA0075900896
B1233434201572N00044340EA0076000897
B1233444201567N00044342EA0075900897
B1233454201562N00044345EA0075700896
B1233464201556N00044347EA0075600893
B1233474201551N00044348EA0075400892
B1233484201545N00044350EA0075500892
B1233494201541N00044351EA0075500893
B1233504201536N00044352EA0075400893
B1233514201532N00044353EA0075300892
B1233524201527N00044354EA0075100890
B1233534201521N00044356EA0074900888
B1233544201516N00044357EA0075000887
B1233554201511N00044357EA0075100888
B1233564201507N00044356EA0075500891
B1233574201505N00044356EA0075700894
B1233584201504N00044357EA0075900898
B1233594201503N00044358EA0075900899
B1234004201502N00044360EA0075800899
B1234014201501N00044361EA0075600898
B1234024201498N00044363EA0075500896
B1234034201495N00044364EA0075300894
B1234044201492N00044366EA0075900895
B1234054201491N00044369EA0076200896
B1234064201493N00044374EA0076300900
B1234074201496N00044381EA0076100900
B1234084201500N00044389EA0076000899
B1234094201503N00044397EA0076100900
B1234104201504N00044404EA0076300902
B1234114201504N00044408EA0076700905
B1234124201505N00044410EA0076800907
B1234134201505N00044412EA0076800908
B1234144201505N00044415EA0076500907
B1234154201503N00044419EA0076200904
B1234164201500N00044421EA0076000901
B1234174201497N00044422EA0076000900
B1234184201495N00044422EA0076300901
B1234194201493N00044422EA0076600904
B1234204201493N00044422EA0076900908
B1234214201493N00044422EA0076900909
B1234224201491N00044423EA0076900909
B1234234201489N00044423EA0076700908
B1234244201486N00044423EA0076600907
B1234254201483N00044424EA0076700907
B1234264201479N00044426EA0076800908
B1234274201477N00044429EA0076900909
B1234284201474N00044431EA0077000910
B1234294201470N00044432EA0077100910
B1234304201467N00044433EA0077200911
B1234314201464N00044433EA0077400913
B1234324201461N00044435EA0077700915
B1234334201458N00044437EA0077900917
B1234344201456N00044438EA0078000919
B1234354201453N00044440EA0078000920
B1234364201450N00044441EA0077900919
B1234374201446N00044442EA0077900919
B1234384201442N00044444EA0078000919
B1234394201439N00044445EA0078100920
B1234404201437N00044447EA0078300922
B1234414201435N00044449EA0078300923
B1234424201432N00044451EA0078400924
B1234434201430N00044453EA0078500924
B1234444201427N00044455EA0078400924
B1234454201424N00044456EA0078500924
B1234464201422N00044457EA0078500925
B1234474201419N00044457EA0078500924
B1234484201416N00044457EA0078400924
B1234494201413N00044457EA0078500925
B1234504201410N00044457EA0078500925
B1234514201408N00044456EA0078600925
B1234524201405N00044454EA0078500926
B1234534201404N00044452EA0078500926
B1234544201402N00044451EA0078400925
B1234554201400N00044450EA0078100923
B1234564201397N00044450EA0077700920
B1234574201393N00044451EA0077500917
B1234584201390N00044452EA0077500916
B1234594201387N00044452EA0077600916
B1235004201385N00044453EA0077700917
B1235014201382N00044453EA0077700917
B1235024201380N00044453EA0077600917
B1235034201376N00044454EA0077400916
B1235044201373N00044455EA0077400915
B1235054201369N00044456EA0077400914
B1235064201366N00044457EA0077500915
B1235074201363N00044458EA0077600916
B1235084201360N00044459EA0077600916
B1235094201358N00044459EA0077600916
B1235104201354N00044459EA0077400915
B1235114201351N00044461EA0077300914
B1235124201347N00044462EA0077200913
B1235134201344N00044462EA0077100913
B1235144201341N00044462EA0077000912
B1235154201337N00044462EA0076800910
B1235164201333N00044463EA0076700907
B1235174201329N00044465EA0076400906
B1235184201325N00044466EA0076400905
B1235194201322N00044466EA0076300904
B1235204201319N00044466EA0076200903
B1235214201315N00044467EA0076000901
B1235224201312N00044468EA0075900899
B1235234201309N00044469EA0075700897
B1235244201305N00044470EA0075500895
B1235254201302N00044469EA0075300893
B1235264201299N00044470EA0075000891
B1235274201295N00044472EA0074800889
B1235284201292N00044475EA0074700886
B1235294201288N00044478EA0074400884
B1235304201283N00044480EA0074300882
B1235314201279N00044481EA0074300881
B1235324201275N00044482EA0074500881
B1235334201272N00044484EA0074600883
B1235344201269N00044485EA0074800884
B1235354201266N00044487EA0074700885
B1235364201262N00044487EA0074500884
B1235374201258N00044489EA0074400882
B1235384201254N00044491EA0074100880
B1235394201250N00044494EA0074000879
B1235404201246N00044497EA0074000877
B1235414201243N00044499EA0074000877
B1235424201240N00044501EA0074000878
B1235434201238N00044503EA0074100878
B1235444201235N00044504EA0074200879
B1235454201232N00044505EA0074100878
B1235464201229N00044506EA0074100878
B1235474201225N00044508EA0074100877
B1235484201222N00044509EA0074300878
B1235494201219N00044510EA0074500881
B1235504201217N00044511EA0074800883
B1235514201216N00044512EA0075000885
B1235524201213N00044513EA0075000886
B1235534201211N00044515EA0074900886
B1235544201208N00044516EA0074900886
B1235554201204N00044518EA0074800885
B1235564201202N00044519EA0074900886
B1235574201199N00044522EA0074800886
B1235584201196N00044525EA0074800885
B1235594201193N00044528EA0074800885
B1236004201191N00044532EA0074900885
B1236014201188N00044535EA0075000886
B1236024201187N00044538EA0074900887
B1236034201185N00044541EA0074800886
B1236044201182N00044546EA0074600884
B1236054201179N00044550EA0074500882
B1236064201175N00044554EA0074500881
B1236074201173N00044557EA0074600882
B1236084201170N00044560EA0074600882
B1236094201168N00044562EA0074500883
B1236104201166N00044566EA0074500882
B1236114201163N00044570EA0074300880
B1236124201161N00044573EA0074400880
B1236134201158N00044576EA0074300880
B1236144201156N00044579EA0074200879
B1236154201153N00044583EA0074000878
B1236164201149N00044586EA0073900876
B1236174201146N00044590EA0073800875
B1236184201143N00044594EA0073800874
B1236194201140N00044598EA0073700874
B1236204201136N00044602EA0073500872
B1236214201133N00044605EA0073300870
B1236224201129N00044608EA0073100868
B1236234201126N00044611EA0072900867
B1236244201122N00044613EA0072700865
B1236254201118N00044616EA0072400862
B1236264201114N00044618EA0072200860
B1236274201109N00044621EA0072100858
B1236284201106N00044624EA0071900856
B1236294201103N00044629EA0071900855
B1236304201100N00044633EA0071800854
B1236314201097N00044637EA0071600853
B1236324201095N00044641EA0071200851
B1236334201091N00044645EA0070800848
B1236344201088N00044651EA0070600844
B1236354201085N00044657EA0070400841
B1236364201082N00044663EA0070200838
B1236374201079N00044668EA0070100837
B1236384201076N00044672EA0069800835
B1236394201073N00044676EA0069700833
B1236404201070N00044682EA0069400830
B1236414201068N00044687EA0069300828
B1236424201065N00044693EA0069000825
B1236434201063N00044699EA0068800823
B1236444201060N00044704EA0068600821
B1236454201057N00044709EA0068400819
B1236464201055N00044714EA0068100817
B1236474201052N00044719EA0068000814
B1236484201050N00044723EA0067900813
B1236494201048N00044726EA0067700811
B1236504201045N00044727EA0067600810
B1236514201042N00044727EA0067500808
B1236524201039N00044724EA0067300807
B1236534201037N00044719EA0067200806
B1236544201037N00044712EA0067100804
B1236554201038N00044706EA0067000803
B1236564201040N00044700EA0067100803
B1236574201040N00044695EA0066900803
B1236584201039N00044691EA0066700802
B1236594201036N00044687EA0066300798
B1237004201033N00044681EA0066300795
B1237014201034N00044675EA0066200795
B1237024201039N00044669EA0065600793
B1237034201046N00044664EA0065400788
B1237044201052N00044660EA0065300786
B1237054201056N00044655EA0065300786
B1237064201057N00044648EA0065100785
B1237074201058N00044641EA0064800781
B1237084201060N00044635EA0064800781
B1237094201065N00044630EA0064500779
B1237104201072N00044627EA0064200775
B1237114201079N00044624EA0064300773
B1237124201084N00044620EA0064300774
B1237134201089N00044616EA0064200773
B1237144201094N00044612EA0064100773
B1237154201099N00044606EA0064000772
B1237164201104N00044600EA0064000771
B1237174201108N00044593EA0064100771
B1237184201110N00044587EA0064200773
B1237194201111N00044582EA0064400775
B1237204201112N00044577EA0064400776
B1237214201113N00044572EA0064300776
B1237224201114N00044567EA0064200775
B1237234201115N00044561EA0064100773
B1237244201115N00044556EA0064000772
B1237254201114N00044551EA0063900771
B1237264201112N00044546EA0063800770
B1237274201111N00044542EA0063700769
B1237284201109N00044541EA0063700769
B1237294201106N00044542EA0063500768
B1237304201103N00044548EA0063100765
B1237314201101N00044556EA0062800762
B1237324201101N00044566EA0062700760
B1237334201101N00044574EA0062900760
B1237344201100N00044582EA0063000762
B1237354201099N00044587EA0063000762
B1237364201097N00044592EA0062900762
B1237374201094N00044595EA0062700759
B1237384201090N00044595EA0062600756
B1237394201087N00044593EA0062600756
B1237404201084N00044591EA0062600757
B1237414201083N00044592EA0062600758
B1237424201080N00044595EA0062500757
B1237434201078N00044600EA0062400755
B1237444201075N00044605EA0062300754
B1237454201072N00044608EA0062400754
B1237464201069N00044608EA0062400755
B1237474201066N00044604EA0062400753
B1237484201065N00044599EA0062200752
B1237494201064N00044593EA0062400753
B1237504201064N00044590EA0062500754
B1237514201065N00044587EA0062500756
B1237524201066N00044584EA0062400756
B1237534201067N00044579EA0062100754
B1237544201066N00044575EA0061900751
B1237554201063N00044572EA0061600749
B1237564201059N00044572EA0061400746
B1237574201055N00044574EA0061200742
B1237584201051N00044579EA0061200742
B1237594201048N00044583EA0061300743
B1238004201045N00044587EA0061300743
B1238014201043N00044590EA0061300744
B1238024201041N00044592EA0061100743
B1238034201038N00044594EA0061000741
B1238044201035N00044596EA0060900739
B1238054201032N00044596EA0060900738
B1238064201029N00044596EA0060800737
B1238074201026N00044597EA0060700737
B1238084201024N00044597EA0060500736
B1238094201021N00044597EA0059800734
B1238104201020N00044597EA0060400733
B1238114201019N00044598EA0060700732
B1238124201018N00044598EA0060600732
B1238134201017N00044599EA0060300731
B1238144201017N00044600EA0060500731
B1238154201016N00044600EA0060400731
B1238164201016N00044600EA0060400732
B1238174201016N00044601EA0060400731
B1238184201016N00044601EA0060400731
B1238194201016N00044601EA0060300731
B1238204201016N00044601EA0060300731
B1238214201016N00044601EA0060300730
B1238224201016N00044601EA0060400730
B1238234201016N00044601EA0060300730
B1238244201016N00044601EA0060400730
B1238254201016N00044601EA0060300730
B1238264201016N00044601EA0060300730
B1238274201016N00044601EA0060300730
B1238284201016N00044601EA0060400730
B1238294201016N00044601EA0060300730
B1238304201016N00044601EA0060400730
B1238314201016N00044601EA0060300730
B1238324201016N00044601EA0060300730
B1238334201016N00044601EA0060400730
B1238344201016N00044601EA0060300730
B1238354201016N00044601EA0060400730
B1238364201016N00044601EA0060400729
B1238374201017N00044601EA0060400729
B1238384201017N00044601EA0060400729
B1238394201017N00044601EA0060400729
B1238404201017N00044601EA0060300729
B1238414201017N00044601EA0060300729
B1238424201017N00044601EA0060300729
B1238434201017N00044601EA0060300729
B1238444201017N00044601EA0060400729
B1238454201017N00044601EA0060300729
B1238464201017N00044602EA0060400729
B1238474201017N00044601EA0060300729
B1238484201017N00044602EA0060300730
B1238494201017N00044602EA0060300730
B1238504201017N00044602EA0060200730
B1238514201017N00044603EA0060500730
B1238524201017N00044603EA0060400730
B1238534201017N00044603EA0060300731
B1238544201017N00044603EA0060400730
B1238554201017N00044603EA0060400731
B1238564201017N00044603EA0060300731
B1238574201017N00044603EA0060300730
B1238584201017N00044603EA0060300731
B1238594201017N00044603EA0060400730
B1239004201017N00044604EA0060400730
B1239014201017N00044604EA0060300730
B1239024201017N00044604EA0060400730
B1239034201017N00044605EA0060300730
B1239044201017N00044605EA0060300731
B1239054201017N00044605EA0060300731
B1239064201017N00044605EA0060400730
B1239074201017N00044605EA0060300730
B1239084201017N00044605EA0060300730
B1239094201017N00044605EA0060300730
B1239104201016N00044606EA0060400730
B1239114201016N00044606EA0060300730
B1239124201016N00044606EA0060300730
B1239134201015N00044606EA0060400730
B1239144201015N00044606EA0060300731
B1239154201015N00044607EA0060400731
B1239164201015N00044607EA0060300730
B1239174201015N00044607EA0060300730
B1239184201015N00044607EA0060300730
B1239194201015N00044607EA0060300730
B1239204201015N00044607EA0060400730
B1239214201015N00044607EA0060400730
B1239224201015N00044607EA0060400730
B1239234201015N00044607EA0060300730
B1239244201015N00044606EA0060400730
B1239254201015N00044606EA0060300730
B1239264201015N00044607EA0060300730
B1239274201015N00044607EA0060300730
B1239284201015N00044607EA0060300729
B1239294201015N00044607EA0060300730
B1239304201015N00044607EA0060400730
B1239314201016N00044607EA0060400730
B1239324201016N00044607EA0060400730
B1239334201016N00044607EA0060300730
B1239344201016N00044607EA0060400730
B1239354201016N00044607EA0060300729
B1239364201016N00044607EA0060400729
B1239374201016N00044607EA0060300729
B1239384201016N00044607EA0060400729
B1239394201016N00044607EA0060300729
B1239404201016N00044607EA0060400729
B1239414201016N00044607EA0060400729
B1239424201016N00044607EA0060400729
B1239434201016N00044607EA0060400729
B1239444201016N00044607EA0060400729
B1239454201016N00044607EA0060300729
B1239464201016N00044607EA0060300729
B1239474201016N00044607EA0060400729
B1239484201016N00044607EA0060400729
B1239494201016N00044607EA0060400729
B1239504201016N00044607EA0060400730
B1239514201016N00044607EA0060400730
B1239524201016N00044607EA0060300730
B1239534201016N00044607EA0060300730
B1239544201016N00044607EA0060400730
B1239554201016N00044607EA0060400730
B1239564201016N00044607EA0060400730
B1239574201016N00044607EA0060300730
B1239584201016N00044607EA0060400730
B1239594201016N00044607EA0060300730
B1240004201016N00044607EA0060300730
B1240014201016N00044607EA0060300730
B1240024201016N00044607EA0060300730
B1240034201015N00044607EA0060300730
B1240044201015N00044607EA0060300730
B1240054201015N00044606EA0060300730
B1240064201015N00044606EA0060400731
B1240074201016N00044606EA0060400731
B1240084201016N00044606EA0060300731
B1240094201016N00044606EA0060300731
B1240104201016N00044606EA0060400731
B1240114201016N00044606EA0060200731
B1240124201016N00044606EA0060400731
B1240134201016N00044606EA0060400731
B1240144201016N00044606EA0060400731
B1240154201015N00044606EA0060300731
B1240164201015N00044606EA0060300731
B1240174201016N00044606EA0060300731
B1240184201016N00044606EA0060300731
B1240194201016N00044606EA0060300731
B1240204201016N00044606EA0060300731
B1240214201016N00044606EA0060300731
B1240224201016N00044606EA0060300731
B1240234201016N00044606EA0060300731
B1240244201016N00044606EA0060300731
B1240254201016N00044606EA0060300731
B1240264201015N00044606EA0060300731
B1240274201015N00044606EA0060300730
B1240284201015N00044606EA0060300731
B1240294201015N00044606EA0060300730
B1240304201015N00044606EA0060300730
B1240314201015N00044606EA0060200730
B1240324201015N00044606EA0060300730
B1240334201015N00044606EA0060300730
B1240344201015N00044606EA0060300730
B1240354201015N00044606EA0060300729
B1240364201015N00044606EA0060200729
B1240374201015N00044606EA0060300729
B1240384201015N00044606EA0060200729
B1240394201015N00044606EA0060400729
B1240404201015N00044606EA0060300729
B1240414201015N00044606EA0060300729
B1240424201015N00044606EA0060100729
B1240434201015N00044606EA0060200729
B1240444201015N00044606EA0060200729
B1240454201015N00044606EA0060200729
B1240464201015N00044606EA0060300729
B1240474201015N00044606EA0060300730
B1240484201016N00044606EA0060300730
B1240494201015N00044606EA0060300730
B1240504201015N00044606EA0060300730
B1240514201015N00044606EA0060300730
B1240524201015N00044606EA0060300730
B1240534201015N00044606EA0060200730
B1240544201016N00044606EA0060200730
B1240554201016N00044606EA0060200730
B1240564201016N00044606EA0060200730
B1240574201015N00044606EA0060200730
B1240584201015N00044606EA0060200729
B1240594201015N00044605EA0060200730
B1241004201015N00044605EA0060200730
B1241014201015N00044605EA0060200730
B1241024201015N00044605EA0060200730
B1241034201015N00044605EA0060200730
B1241044201015N00044605EA0060300729
B1241054201015N00044605EA0060300729
B1241064201015N00044605EA0060300729
B1241074201015N00044605EA0060200729
B1241084201015N00044605EA0060300729
B1241094201015N00044605EA0060200729
B1241104201015N00044605EA0060300729
B1241114201015N00044605EA0060200729
B1241124201015N00044605EA0060200729
B1241134201015N00044605EA0060200729
B1241144201015N00044605EA0060300729
B1241154201015N00044605EA0060300729
B1241164201015N00044605EA0060300729
B1241174201015N00044605EA0060200729
B1241184201015N00044605EA0060300729
B1241194201015N00044605EA0060300729
B1241204201015N00044605EA0060300729
B1241214201015N00044605EA0060300729
B1241224201015N00044605EA0060300729
B1241234201015N00044605EA0060300729
B1241244201015N00044605EA0060300729
B1241254201015N00044605EA0060300729
B1241264201015N00044605EA0060300729
B1241274201015N00044605EA0060300729
B1241284201015N00044605EA0060300729
B1241294201015N00044605EA0060300729
B1241304201015N00044605EA0060300729
B1241314201015N00044605EA0060300728
B1241324201015N00044605EA0060300728
B1241334201015N00044605EA0060200728
B1241344201015N00044605EA0060300728
B1241354201015N00044605EA0060200728
B1241364201015N00044605EA0060300728
B1241374201015N00044605EA0060300728
B1241384201015N00044605EA0060200728
B1241394201015N00044605EA0060300728
B1241404201015N00044605EA0060200728
B1241414201015N00044605EA0060300728
B1241424201015N00044605EA0060200728
B1241434201015N00044605EA0060300728
B1241444201015N00044605EA0060300728
B1241454201015N00044605EA0060300728
B1241464201015N00044605EA0060300728
B1241474201015N00044605EA0060300728
B1241484201015N00044605EA0060300728
B1241494201015N00044605EA0060300728
B1241504201015N00044605EA0060300728
B1241514201015N00044605EA0060300728
B1241524201015N00044605EA0060200728
B1241534201015N00044605EA0060300728
B1241544201015N00044605EA0060300728
B1241554201015N00044605EA0060300728
B1241564201015N00044605EA0060300728
B1241574201015N00044605EA0060400728
B1241584201015N00044605EA0060300728
B1241594201015N00044605EA0060300728
B1242004201015N00044605EA0060300728
B1242014201015N00044605EA0060300728
B1242024201015N00044605EA0060300728
B1242034201015N00044605EA0060300728
B1242044201015N00044605EA0060300728
B1242054201015N00044605EA0060300728
B1242064201015N00044605EA0060300728
B1242074201015N00044605EA0060300728
B1242084201015N00044605EA0060200728
B1242094201015N00044605EA0060300728
B1242104201015N00044605EA0060300728
B1242114201015N00044605EA0060300728
B1242124201015N00044605EA0060300728
B1242134201015N00044605EA0060300728
B1242144201015N00044605EA0060300728
B1242154201015N00044605EA0060300728
B1242164201015N00044605EA0060400728
B1242174201015N00044605EA0060300728
B1242184201015N00044605EA0060400728
B1242194201015N00044605EA0060400728
B1242204201015N00044605EA0060300728
B1242214201015N00044605EA0060300728
B1242224201015N00044605EA0060300728
B1242234201015N00044605EA0060300729
B1242244201015N00044605EA0060300729
B1242254201015N00044605EA0060300729
B1242264201015N00044605EA0060300728
B1242274201015N00044605EA0060300728
B1242284201015N00044605EA0060300729
B1242294201015N00044605EA0060300728
B1242304201015N00044605EA0060300728
B1242314201015N00044605EA0060300728
B1242324201015N00044605EA0060300728
B1242334201015N00044605EA0060300728
B1242344201015N00044605EA0060400728
B1242354201015N00044605EA0060300728
B1242364201015N00044605EA0060300728
B1242374201015N00044605EA0060300728
B1242384201015N00044605EA0060300728
B1242394201015N00044605EA0060300728
B1242404201015N00044605EA0060300728
B1242414201015N00044605EA0060300728
B1242424201015N00044605EA0060300728
B1242434201015N00044605EA0060300728
B1242444201015N00044605EA0060300728
B1242454201015N00044605EA0060300728
B1242464201015N00044605EA0060300728
B1242474201015N00044606EA0060300727
B1242484201015N00044606EA0060300727
B1242494201015N00044606EA0060300727
B1242504201015N00044606EA0060300727
B1242514201015N00044606EA0060300727
B1242524201015N00044606EA0060300727
B1242534201015N00044606EA0060300727
B1242544201015N00044606EA0060400727
B1242554201015N00044606EA0060400727
B1242564201015N00044606EA0060400727
B1242574201015N00044606EA0060400727
B1242584201015N00044606EA0060400727
B1242594201015N00044606EA0060400727
B1243004201015N00044606EA0060300727
B1243014201015N00044606EA0060300726
B1243024201015N00044606EA0060400726
B1243034201015N00044606EA0060300726
B1243044201015N00044606EA0060300726
B1243054201015N00044606EA0060300726
B1243064201015N00044606EA0060200726
B1243074201015N00044606EA0060300726
B1243084201015N00044606EA0060300726
B1243094201015N00044606EA0060300726
B1243104201015N00044606EA0060300726
B1243114201015N00044606EA0060300727
B1243124201015N00044606EA0060300727
B1243134201015N00044606EA0060300727
B1243144201015N00044606EA0060400727
B1243154201015N00044606EA0060400727
B1243164201015N00044606EA0060300727
B1243174201015N00044606EA0060300727
B1243184201015N00044606EA0060400727
B1243194201015N00044606EA0060300727
B1243204201015N00044606EA0060400727
B1243214201015N00044606EA0060300727
B1243224201015N00044606EA0060300727
B1243234201015N00044606EA0060300727
B1243244201015N00044606EA0060300727
B1243254201015N00044606EA0060300727
B1243264201015N00044606EA0060300727
B1243274201015N00044606EA0060300727
B1243284201015N00044606EA0060300727
B1243294201015N00044606EA0060300727
B1243304201015N00044606EA0060300727
B1243314201015N00044606EA0060300727
B1243324201015N00044605EA0060300727
B1243334201015N00044606EA0060400727
B1243344201015N00044606EA0060300727
B1243354201015N00044606EA0060300727
B1243364201015N00044606EA0060400727
B1243374201015N00044606EA0060300727
B1243384201015N00044606EA0060300727
B1243394201015N00044606EA0060300726
B1243404201015N00044606EA0060300726
B1243414201015N00044606EA0060300726
B1243424201015N00044606EA0060300726
B1243434201015N00044606EA0060300726
B1243444201015N00044606EA0060300726
B1243454201015N00044606EA0060300726
B1243464201015N00044606EA0060300726
B1243474201015N00044606EA0060300726
B1243484201015N00044606EA0060300726
B1243494201015N00044606EA0060400726
B1243504201015N00044606EA0060300726
B1243514201015N00044606EA0060300726
B1243524201015N00044606EA0060300726
B1243534201015N00044606EA0060300726
B1243544201015N00044606EA0060300726
B1243554201015N00044606EA0060300726
B1243564201015N00044606EA0060300726
B1243574201015N00044606EA0060300726
B1243584201015N00044606EA0060300726
B1243594201015N00044606EA0060300726
B1244004201015N00044606EA0060300726
B1244014201015N00044606EA0060300726
B1244024201015N00044606EA0060300726
B1244034201015N00044606EA0060300726
B1244044201015N00044606EA0060300726
B1244054201015N00044606EA0060300726
B1244064201015N00044606EA0060300726
B1244074201015N00044606EA0060300726
B1244084201015N00044606EA0060200726
B1244094201015N00044606EA0060300726
B1244104201015N00044606EA0060300725
B1244114201015N00044606EA0060300726
B1244124201015N00044606EA0060300726
B1244134201015N00044606EA0060300726
B1244144201015N00044606EA0060300726
B1244154201015N00044606EA0060300726
B1244164201015N00044606EA0060300726
B1244174201015N00044606EA0060300726
B1244184201015N00044606EA0060300726
B1244194201015N00044606EA0060300726
B1244204201015N00044606EA0060300726
B1244214201015N00044606EA0060300726
B1244224201015N00044606EA0060300726
B1244234201015N00044606EA0060300726
B1244244201015N00044606EA0060300726
B1244254201015N00044606EA0060300727
B1244264201015N00044606EA0060300727
B1244274201015N00044606EA0060300727
B1244284201015N00044606EA0060300727
B1244294201015N00044606EA0060300727
B1244304201015N00044606EA0060300727
B1244314201015N00044605EA0060300727
B1244324201015N00044605EA0060300727
B1244334201015N00044605EA0060300727
B1244344201015N00044605EA0060300727
B1244354201015N00044605EA0060300727
B1244364201015N00044605EA0060300727
B1244374201015N00044605EA0060300728
B1244384201015N00044605EA0060300728
B1244394201015N00044605EA0060300727
B1244404201015N00044605EA0060300727
B1244414201015N00044605EA0060400727
B1244424201015N00044605EA0060300728
B1244434201015N00044605EA0060300728
B1244444201015N00044605EA0060300728
B1244454201015N00044605EA0060400728
B1244464201015N00044605EA0060300728
B1244474201015N00044605EA0060300728
B1244484201015N00044605EA0060300728
B1244494201015N00044605EA0060300728
B1244504201015N00044605EA0060300728
B1244514201015N00044605EA0060300728
B1244524201015N00044605EA0060200728
B1244534201015N00044605EA0060300728
B1244544201015N00044605EA0060300728
B1244554201015N00044605EA0060300728
B1244564201015N00044605EA0060300728
B1244574201015N00044605EA0060300728
B1244584201015N00044605EA0060300728
B1244594201015N00044605EA0060300728
B1245004201015N00044605EA0060300728
B1245014201015N00044605EA0060300728
B1245024201015N00044605EA0060300728
B1245034201015N00044605EA0060200728
B1245044201015N00044605EA0060300728
B1245054201015N00044605EA0060300728
B1245064201015N00044605EA0060300728
B1245074201015N00044605EA0060300728
B1245084201015N00044605EA0060300728
B1245094201015N00044605EA0060300728
B1245104201015N00044605EA0060300728
B1245114201015N00044605EA0060300728
B1245124201015N00044605EA0060300728
B1245134201015N00044605EA0060300728
B1245144201015N00044605EA0060300728
B1245154201015N00044605EA0060300728
B1245164201015N00044605EA0060300728
B1245174201015N00044605EA0060300728
B1245184201015N00044605EA0060300728
B1245194201015N00044605EA0060300728
B1245204201015N00044605EA0060300728
B1245214201015N00044605EA0060300728
B1245224201015N00044605EA0060300728
B1245234201015N00044605EA0060300728
B1245244201015N00044605EA0060300728
B1245254201015N00044605EA0060300728
B1245264201015N00044605EA0060300728
B1245274201015N00044605EA0060300728
B1245284201015N00044605EA0060300728
B1245294201015N00044605EA0060300728
B1245304201015N00044605EA0060300728
B1245314201015N00044605EA0060300728
B1245324201015N00044605EA0060300728
B1245334201015N00044605EA0060300728
B1245344201015N00044605EA0060300728
B1245354201015N00044605EA0060300728
B1245364201015N00044605EA0060300728
B1245374201015N00044605EA0060300728
B1245384201015N00044605EA0060300727
B1245394201015N00044605EA0060300727
B1245404201015N00044605EA0060300727
B1245414201015N00044605EA0060400727
B1245424201015N00044605EA0060300727
B1245434201015N00044605EA0060300727
B1245444201015N00044605EA0060300727
B1245454201015N00044605EA0060300727
B1245464201015N00044605EA0060300727
B1245474201015N00044605EA0060300727
B1245484201015N00044605EA0060400727
B1245494201015N00044605EA0060300727
B1245504201015N00044605EA0060300727
B1245514201015N00044605EA0060300728
B1245524201015N00044605EA0060300728
B1245534201015N00044605EA0060400728
B1245544201015N00044605EA0060300728
B1245554201015N00044605EA0060300728
B1245564201015N00044605EA0060400728
B1245574201015N00044605EA0060300728
B1245584201015N00044605EA0060300728
B1245594201015N00044605EA0060300728
B1246004201015N00044605EA0060300728
B1246014201015N00044605EA0060300728
B1246024201015N00044605EA0060300728
B1246034201015N00044605EA0060400728
B1246044201015N00044605EA0060300728
B1246054201015N00044605EA0060300728
B1246064201015N00044605EA0060400728
B1246074201015N00044605EA0060300728
B1246084201015N00044605EA0060400728
B1246094201015N00044605EA0060300728
B1246104201015N00044605EA0060300728
B1246114201015N00044605EA0060300728
B1246124201015N00044605EA0060300728
B1246134201015N00044605EA0060300728
B1246144201015N00044605EA0060300728
B1246154201015N00044605EA0060400729
B1246164201015N00044605EA0060300729
B1246174201015N00044605EA0060300729
B1246184201015N00044605EA0060400729
B1246194201015N00044605EA0060300729
B1246204201015N00044605EA0060300729
B1246214201015N00044605EA0060400729
B1246224201015N00044605EA0060400729
B1246234201015N00044605EA0060400729
B1246244201015N00044605EA0060400729
B1246254201015N00044605EA0060300729
B1246264201015N00044605EA0060300729
B1246274201015N00044605EA0060300729
B1246284201015N00044605EA0060300729
B1246294201015N00044605EA0060400729
B1246304201015N00044605EA0060300729
B1246314201015N00044605EA0060200729
B1246324201015N00044605EA0060300728
B1246334201015N00044605EA0060300728
B1246344201015N00044605EA0060300728
B1246354201015N00044605EA0060300728
B1246364201015N00044605EA0060300728
B1246374201015N00044605EA0060300728
B1246384201015N00044605EA0060300729
B1246394201015N00044605EA0060300729
B1246404201015N00044605EA0060300729
B1246414201015N00044605EA0060300729
B1246424201015N00044605EA0060300729
B1246434201015N00044605EA0060400729
B1246444201015N00044605EA0060300729
B1246454201015N00044605EA0060300729
B1246464201015N00044605EA0060300729
B1246474201015N00044605EA0060300729
B1246484201015N00044605EA0060400729
B1246494201015N00044605EA0060400729
B1246504201015N00044605EA0060300729
B1246514201015N00044605EA0060300729
B1246524201015N00044605EA0060300729
B1246534201015N00044605EA0060400729
B1246544201015N00044605EA0060400729
B1246554201015N00044605EA0060400729
B1246564201015N00044605EA0060300729
B1246574201015N00044605EA0060300729
B1246584201015N00044605EA0060300729
B1246594201015N00044605EA0060400729
B1247004201015N00044605EA0060300729
B1247014201015N00044605EA0060300729
B1247024201015N00044605EA0060300729
B1247034201015N00044605EA0060300729
B1247044201015N00044605EA0060400729
B1247054201015N00044605EA0060400729
B1247064201015N00044605EA0060300729
B1247074201015N00044605EA0060400729
B1247084201015N00044605EA0060300729
B1247094201015N00044605EA0060300729
B1247104201015N00044605EA0060300729
B1247114201015N00044605EA0060300729
B1247124201015N00044605EA0060300729
B1247134201015N00044605EA0060300729
B1247144201015N00044605EA0060300729
B1247154201015N00044605EA0060300729
B1247164201015N00044605EA0060300729
B1247174201015N00044605EA0060300729
B1247184201015N00044605EA0060300729
B1247194201015N00044605EA0060300729
B1247204201015N00044605EA0060300729
B1247214201015N00044605EA0060300729
B1247224201015N00044605EA0060300729
B1247234201015N00044605EA0060300729
B1247244201015N00044605EA0060300729
B1247254201015N00044605EA0060300729
B1247264201015N00044605EA0060300729
B1247274201015N00044605EA0060300729
B1247284201015N00044605EA0060300729
B1247294201015N00044605EA0060300729
B1247304201015N00044605EA0060300729
B1247314201015N00044605EA0060200729
B1247324201015N00044605EA0060300729
B1247334201015N00044605EA0060300729
B1247344201015N00044605EA0060300729
B1247354201015N00044605EA0060300729
B1247364201015N00044605EA0060200729
B1247374201015N00044605EA0060200729
B1247384201015N00044605EA0060200729
B1247394201015N00044605EA0060300729
B1247404201015N00044605EA0060300729
B1247414201015N00044605EA0060300729
B1247424201015N00044605EA0060200729
B1247434201015N00044605EA0060200729
B1247444201015N00044605EA0060200729
B1247454201015N00044605EA0060200729
B1247464201015N00044605EA0060300729
B1247474201015N00044605EA0060200729
B1247484201015N00044605EA0060300729
B1247494201015N00044605EA0060300729
B1247504201015N00044605EA0060300730
B1247514201015N00044605EA0060300729
B1247524201015N00044605EA0060300730
B1247534201015N00044605EA0060300730
B1247544201015N00044605EA0060200730
B1247554201015N00044605EA0060200730
B1247564201015N00044605EA0060300730
B1247574201015N00044605EA0060300730
B1247584201015N00044605EA0060300730
B1247594201015N00044605EA0060300730
B1248004201015N00044605EA0060300730
B1248014201015N00044605EA0060300730
B1248024201015N00044605EA0060300730
B1248034201015N00044605EA0060300730
B1248044201015N00044605EA0060300730
B1248054201015N00044605EA0060300730
B1248064201015N00044605EA0060300730
B1248074201015N00044605EA0060300730
B1248084201015N00044605EA0060300730
B1248094201015N00044605EA0060300730
B1248104201015N00044605EA0060300730
B1248114201015N00044605EA0060200730
B1248124201015N00044605EA0060200730
B1248134201015N00044605EA0060200730
B1248144201015N00044605EA0060300730
B1248154201015N00044605EA0060300730
B1248164201015N00044605EA0060300730
B1248174201015N00044605EA0060300730
B1248184201015N00044605EA0060200730
B1248194201015N00044605EA0060200730
B1248204201015N00044605EA0060300730
B1248214201015N00044605EA0060300730
B1248224201015N00044605EA0060300730
B1248234201015N00044605EA0060300730
B1248244201015N00044605EA0060300730
B1248254201015N00044605EA0060400730
B1248264201015N00044605EA0060300730
B1248274201015N00044605EA0060300729
B1248284201015N00044605EA0060300729
B1248294201015N00044605EA0060300729
B1248304201015N00044605EA0060300729
B1248314201015N00044605EA0060300729
B1248324201015N00044605EA0060300729
B1248334201015N00044605EA0060300729
B1248344201015N00044605EA0060300729
B1248354201015N00044605EA0060300729
B1248364201015N00044605EA0060300729
B1248374201015N00044605EA0060300729
B1248384201015N00044605EA0060300729
B1248394201015N00044605EA0060300729
B1248404201015N00044605EA0060300729
B1248414201015N00044605EA0060300729
B1248424201015N00044605EA0060300729
B1248434201015N00044605EA0060300729
B1248444201015N00044605EA0060400729
B1248454201015N00044605EA0060400729
B1248464201015N00044605EA0060300729
B1248474201015N00044605EA0060300729
B1248484201015N00044605EA0060400729
B1248494201015N00044605EA0060300729
B1248504201015N00044605EA0060300729
B1248514201015N00044605EA0060200729
B1248524201015N00044605EA0060300729
B1248534201015N00044605EA0060300729
B1248544201015N00044605EA0060300729
B1248554201015N00044605EA0060200729
B1248564201015N00044605EA0060300729
B1248574201015N00044605EA0060300729
B1248584201015N00044605EA0060300729
B1248594201015N00044605EA0060300729
B1249004201015N00044605EA0060300729
B1249014201015N00044605EA0060300729
B1249024201015N00044605EA0060300729
B1249034201015N00044605EA0060300729
B1249044201015N00044605EA0060300729
B1249054201015N00044605EA0060300729
B1249064201015N00044605EA0060300729
B1249074201015N00044605EA0060300729
B1249084201015N00044605EA0060300729
B1249094201015N00044605EA0060300729
B1249104201015N00044605EA0060300729
B1249114201015N00044605EA0060300729
B1249124201015N00044605EA0060300729
B1249134201015N00044605EA0060300729
B1249144201015N00044605EA0060300729
B1249154201015N00044605EA0060300729
B1249164201015N00044605EA0060300729
B1249174201015N00044605EA0060300729
B1249184201015N00044605EA0060300729
B1249194201015N00044605EA0060300729
B1249204201015N00044605EA0060300729
B1249214201015N00044605EA0060300729
B1249224201015N00044605EA0060300729
B1249234201015N00044605EA0060300729
B1249244201015N00044605EA0060300729
B1249254201015N00044605EA0060300729
B1249264201015N00044605EA0060300729
B1249274201015N00044605EA0060300729
B1249284201015N00044605EA0060200729
B1249294201015N00044605EA0060200729
B1249304201015N00044605EA0060300729
B1249314201015N00044605EA0060200729
B1249324201015N00044605EA0060300729
B1249334201015N00044605EA0060300729
B1249344201015N00044605EA0060300729
B1249354201015N00044605EA0060300729
B1249364201015N00044605EA0060300729
B1249374201015N00044605EA0060300729
B1249384201015N00044605EA0060300729
B1249394201015N00044605EA0060200729
B1249404201015N00044605EA0060300729
B1249414201015N00044605EA0060300729
B1249424201015N00044605EA0060200729
B1249434201015N00044605EA0060300729
B1249444201015N00044605EA0060300729
B1249454201015N00044605EA0060300729
B1249464201015N00044605EA0060300729
B1249474201015N00044605EA0060300729
B1249484201015N00044605EA0060300729
B1249494201015N00044605EA0060300729
B1249504201015N00044605EA0060300729
B1249514201015N00044605EA0060300729
B1249524201015N00044605EA0060300729
B1249534201015N00044605EA0060300729
B1249544201015N00044605EA0060300729
B1249554201015N00044605EA0060300729
B1249564201015N00044605EA0060300729
B1249574201015N00044605EA0060300729
B1249584201015N00044605EA0060300729
B1249594201015N00044605EA0060300730
B1250004201015N00044605EA0060300730
B1250014201015N00044605EA0060300730
B1250024201015N00044605EA0060300730
B1250034201015N00044605EA0060200730
B1250044201015N00044605EA0060300730
B1250054201015N00044605EA0060200730
B1250064201016N00044605EA0060300729
B1250074201016N00044605EA0060300729
B1250084201016N00044605EA0060300729
B1250094201016N00044605EA0060300730
B1250104201016N00044605EA0060300730
B1250114201016N00044605EA0060300730
B1250124201016N00044605EA0060400730
B1250134201016N00044605EA0060400730
B1250144201016N00044605EA0060300730
B1250154201016N00044605EA0060300730
B1250164201016N00044605EA0060300730
B1250174201016N00044605EA0060300730
B1250184201016N00044605EA0060300730
B1250194201016N00044605EA0060300730
B1250204201016N00044605EA0060300730
B1250214201016N00044605EA0060300730
B1250224201016N00044605EA0060300730
B1250234201016N00044605EA0060300730
B1250244201016N00044605EA0060300730
B1250254201016N00044605EA0060300730
B1250264201016N00044605EA0060200730
B1250274201016N00044605EA0060300730
B1250284201016N00044605EA0060200730
B1250294201016N00044605EA0060300730
B1250304201016N00044605EA0060200730
B1250314201016N00044605EA0060300730
B1250324201016N00044605EA0060300730
B1250334201016N00044605EA0060300730
B1250344201016N00044605EA0060300730
B1250354201016N00044605EA0060300730
B1250364201016N00044605EA0060300730
B1250374201016N00044605EA0060300730
B1250384201016N00044605EA0060300730
B1250394201016N00044605EA0060300730
B1250404201016N00044605EA0060300730
B1250414201016N00044605EA0060300730
B1250424201016N00044605EA0060300730
B1250434201016N00044605EA0060300730
B1250444201016N00044605EA0060300730
B1250454201016N00044605EA0060300730
B1250464201016N00044605EA0060300730
B1250474201016N00044605EA0060300730
B1250484201016N00044605EA0060300730
B1250494201016N00044605EA0060300730
B1250504201016N00044605EA0060300730
B1250514201016N00044605EA0060300730
B1250524201016N00044605EA0060300730
B1250534201016N00044605EA0060300730
B1250544201016N00044605EA0060300730
B1250554201016N00044605EA0060300730
B1250564201016N00044605EA0060300730
B1250574201016N00044605EA0060300730
B1250584201016N00044605EA0060300730
B1250594201016N00044605EA0060300730
B1251004201016N00044605EA0060300730
B1251014201016N00044605EA0060300730
B1251024201016N00044605EA0060300730
B1251034201016N00044605EA0060300730
B1251044201016N00044605EA0060200730
B1251054201016N00044605EA0060300730
B1251064201016N00044605EA0060300730
B1251074201016N00044605EA0060300731
B1251084201016N00044605EA0060300731
B1251094201016N00044605EA0060200731
B1251104201016N00044605EA0060300731
B1251114201016N00044605EA0060300731
B1251124201016N00044605EA0060300731
B1251134201016N00044605EA0060300731
B1251144201016N00044605EA0060300731
B1251154201016N00044605EA0060300731
B1251164201016N00044605EA0060200731
B1251174201016N00044605EA0060300731
B1251184201016N00044605EA0060300731
B1251194201016N00044605EA0060300731
B1251204201016N00044605EA0060300731
B1251214201016N00044605EA0060200731
B1251224201016N00044605EA0060300731
B1251234201016N00044605EA0060300731
B1251244201016N00044605EA0060300731
B1251254201016N00044605EA0060300731
B1251264201016N00044605EA0060300731
B1251274201016N00044605EA0060300731
B1251284201016N00044605EA0060200731
B1251294201016N00044605EA0060300731
B1251304201016N00044605EA0060200731
B1251314201016N00044605EA0060300731
B1251324201016N00044605EA0060300731
B1251334201016N00044605EA0060300731
B1251344201016N00044605EA0060300730
B1251354201016N00044605EA0060300730
B1251364201016N00044605EA0060300730
B1251374201016N00044605EA0060300731
B1251384201016N00044605EA0060300730
B1251394201016N00044605EA0060200731
B1251404201016N00044605EA0060200730
B1251414201016N00044605EA0060400730
B1251424201016N00044605EA0060300730
B1251434201016N00044605EA0060300730
B1251444201016N00044605EA0060200730
B1251454201016N00044605EA0060300730
B1251464201016N00044605EA0060300730
B1251474201016N00044605EA0060200730
B1251484201016N00044605EA0060200730
B1251494201016N00044605EA0060300730
B1251504201016N00044605EA0060300730
B1251514201016N00044605EA0060300730
B1251524201016N00044605EA0060300730
B1251534201016N00044605EA0060200730
B1251544201016N00044605EA0060300730
B1251554201016N00044605EA0060300730
B1251564201016N00044605EA0060200730
B1251574201016N00044605EA0060300730
B1251584201016N00044605EA0060300730
B1251594201016N00044605EA0060300730
B1252004201016N00044605EA0060300730
B1252014201016N00044605EA0060300730
B1252024201016N00044605EA0060300730
B1252034201016N00044605EA0060300730
B1252044201016N00044605EA0060300730
B1252054201016N00044605EA0060200730
B1252064201016N00044605EA0060300730
B1252074201016N00044605EA0060200730
B1252084201016N00044605EA0060300730
B1252094201016N00044605EA0060200730
B1252104201016N00044604EA0060200730
B1252114201016N00044604EA0060300730
B1252124201016N00044604EA0060300730
B1252134201016N00044604EA0060200730
B1252144201016N00044604EA0060300730
B1252154201016N00044604EA0060300730
B1252164201016N00044604EA0060300730
B1252174201016N00044604EA0060300730
B1252184201016N00044604EA0060300730
B1252194201016N00044604EA0060300730
B1252204201016N00044604EA0060300730
B1252214201016N00044604EA0060300730
B1252224201016N00044604EA0060300730
B1252234201016N00044604EA0060300729
B1252244201016N00044604EA0060300729
B1252254201016N00044604EA0060300729
B1252264201016N00044604EA0060300729
B1252274201016N00044604EA0060300729
B1252284201016N00044604EA0060300729
B1252294201016N00044604EA0060300729
B1252304201016N00044604EA0060300730
B1252314201016N00044604EA0060200730
B1252324201016N00044604EA0060300730
B1252334201016N00044604EA0060300730
B1252344201016N00044604EA0060300730
B1252354201016N00044604EA0060300730
B1252364201016N00044604EA0060300730
B1252374201016N00044604EA0060200730
B1252384201016N00044604EA0060200730
B1252394201016N00044604EA0060200730
B1252404201016N00044604EA0060300731
B1252414201016N00044604EA0060300731
B1252424201016N00044604EA0060300731
B1252434201016N00044604EA0060300730
B1252444201016N00044604EA0060300730
B1252454201016N00044604EA0060300730
B1252464201016N00044604EA0060300730
B1252474201016N00044604EA0060300730
B1252484201016N00044604EA0060200730
B1252494201016N00044604EA0060300730
B1252504201017N00044604EA0060300730
B1252514201017N00044604EA0060300730
B1252524201017N00044604EA0060200730
B1252534201017N00044604EA0060200731
B1252544201017N00044604EA0060300731
B1252554201017N00044604EA0060200731
B1252564201017N00044604EA0060200731
B1252574201017N00044604EA0060300731
B1252584201017N00044604EA0060300731
B1252594201017N00044604EA0060300731
B1253004201017N00044604EA0060300731
B1253014201017N00044604EA0060300731
B1253024201017N00044604EA0060300731
B1253034201017N00044604EA0060200731
B1253044201017N00044604EA0060300731
B1253054201017N00044604EA0060300731
B1253064201017N00044604EA0060300731
B1253074201017N00044604EA0060300731
B1253084201017N00044604EA0060300731
B1253094201017N00044604EA0060300731
B1253104201017N00044604EA0060300731
B1253114201017N00044604EA0060300731
B1253124201017N00044604EA0060300731
B1253134201017N00044604EA0060300731
B1253144201017N00044604EA0060300731
B1253154201017N00044604EA0060300731
B1253164201017N00044604EA0060300731
B1253174201017N00044604EA0060300731
B1253184201017N00044604EA0060300731
B1253194201017N00044604EA0060300731
B1253204201017N00044604EA0060300731
B1253214201017N00044604EA0060300731
B1253224201017N00044604EA0060300731
B1253234201017N00044604EA0060300731
B1253244201017N00044604EA0060300731
B1253254201017N00044604EA0060300731
B1253264201017N00044604EA0060300731
B1253274201017N00044604EA0060300731
B1253284201017N00044604EA0060300731
B1253294201017N00044604EA0060300731
B1253304201017N00044604EA0060300731
B1253314201017N00044604EA0060300731
B1253324201017N00044604EA0060200732
B1253334201017N00044604EA0060300732
B1253344201017N00044604EA0060300732
B1253354201017N00044604EA0060300732
B1253364201017N00044604EA0060200732
B1253374201017N00044604EA0060300732
B1253384201017N00044604EA0060300732
B1253394201017N00044604EA0060300732
B1253404201017N00044604EA0060200732
B1253414201017N00044604EA0060200732
B1253424201017N00044604EA0060300732
B1253434201017N00044604EA0060300732
B1253444201017N00044604EA0060300732
B1253454201017N00044604EA0060300732
B1253464201017N00044604EA0060300732
B1253474201018N00044604EA0060300732
B1253484201018N00044604EA0060300732
B1253494201018N00044604EA0060300732
B1253504201018N00044604EA0060300732
B1253514201018N00044604EA0060300732
B1253524201018N00044604EA0060300732
B1253534201018N00044604EA0060300732
B1253544201018N00044604EA0060300732
B1253554201018N00044604EA0060300732
B1253564201018N00044604EA0060300732
B1253574201018N00044604EA0060300732
B1253584201018N00044604EA0060300732
B1253594201018N00044604EA0060300732
B1254004201018N00044604EA0060300732
B1254014201018N00044604EA0060300732
B1254024201018N00044604EA0060300732
B1254034201018N00044604EA0060300732
B1254044201018N00044604EA0060200733
B1254054201018N00044604EA0060300733
B1254064201018N00044604EA0060300733
B1254074201018N00044604EA0060300733
B1254084201018N00044604EA0060400733
B1254094201018N00044604EA0060400733
B1254104201018N00044604EA0060300733
B1254114201018N00044604EA0060300733
B1254124201018N00044604EA0060300733
B1254134201018N00044604EA0060300733
B1254144201018N00044604EA0060300733
B1254154201018N00044604EA0060300733
B1254164201018N00044604EA0060300733
B1254174201018N00044604EA0060300733
B1254184201018N00044604EA0060300733
B1254194201018N00044604EA0060400733
B1254204201018N00044604EA0060300733
B1254214201018N00044604EA0060300733
B1254224201018N00044604EA0060300733
B1254234201018N00044604EA0060300733
B1254244201018N00044604EA0060300733
B1254254201018N00044604EA0060400733
B1254264201018N00044604EA0060300733
B1254274201018N00044604EA0060300733
B1254284201018N00044604EA0060400733
B1254294201018N00044604EA0060300733
B1254304201018N00044604EA0060400733
B1254314201018N00044604EA0060400733
B1254324201018N00044604EA0060300733
B1254334201018N00044604EA0060300733
B1254344201018N00044604EA0060300733
B1254354201018N00044604EA0060300733
B1254364201018N00044604EA0060300733
B1254374201018N00044604EA0060300734
B1254384201018N00044604EA0060300734
B1254394201018N00044604EA0060300734
B1254404201018N00044604EA0060300734
B1254414201018N00044604EA0060300734
B1254424201018N00044604EA0060300734
B1254434201018N00044604EA0060300734
B1254444201018N00044604EA0060400734
B1254454201018N00044604EA0060300734
B1254464201018N00044604EA0060200734
B1254474201018N00044604EA0060300734
B1254484201018N00044604EA0060200734
B1254494201018N00044604EA0060300734
B1254504201018N00044604EA0060300734
B1254514201018N00044604EA0060300734
B1254524201018N00044604EA0060300734
B1254534201018N00044604EA0060300734
B1254544201018N00044604EA0060300734
B1254554201018N00044604EA0060300734
B1254564201018N00044604EA0060400734
B1254574201018N00044604EA0060300734
B1254584201018N00044604EA0060300734
B1254594201018N00044604EA0060300734
B1255004201018N00044604EA0060300734
B1255014201018N00044604EA0060300734
B1255024201018N00044604EA0060300734
B1255034201018N00044604EA0060300734
B1255044201018N00044604EA0060300734
B1255054201018N00044604EA0060300734
B1255064201018N00044604EA0060300734
B1255074201018N00044604EA0060300734
B1255084201018N00044604EA0060300734
B1255094201018N00044604EA0060300734
B1255104201018N00044604EA0060300734
B1255114201018N00044604EA0060300734
B1255124201018N00044604EA0060300734
B1255134201018N00044604EA0060300734
B1255144201018N00044604EA0060300734
B1255154201018N00044604EA0060300734
B1255164201018N00044604EA0060300734
B1255174201018N00044604EA0060300734
B1255184201018N00044604EA0060300734
B1255194201018N00044604EA0060400734
B1255204201018N00044604EA0060200734
B1255214201018N00044604EA0060400734
B1255224201018N00044604EA0060400734
B1255234201018N00044604EA0060300734
B1255244201018N00044604EA0060300734
B1255254201018N00044604EA0060300734
B1255264201018N00044604EA0060300734
B1255274201018N00044604EA0060300734
B1255284201018N00044604EA0060300734
B1255294201018N00044604EA0060300734
B1255304201018N00044604EA0060300734
B1255314201018N00044604EA0060200734
B1255324201018N00044604EA0060300734
B1255334201018N00044604EA0060300734
B1255344201018N00044604EA0060300734
B1255354201018N00044604EA0060300734
B1255364201018N00044604EA0060300734
B1255374201018N00044604EA0060300734
B1255384201018N00044604EA0060300734
B1255394201018N00044604EA0060300734
B1255404201018N00044604EA0060300734
B1255414201018N00044604EA0060300734
B1255424201018N00044604EA0060300733
B1255434201018N00044604EA0060300733
B1255444201018N00044604EA0060300733
B1255454201018N00044604EA0060300733
B1255464201018N00044604EA0060300733
B1255474201018N00044604EA0060300733
B1255484201018N00044604EA0060300733
B1255494201018N00044604EA0060200733
B1255504201018N00044604EA0060200733
B1255514201018N00044604EA0060300733
B1255524201018N00044604EA0060300733
B1255534201018N00044604EA0060300733
B1255544201018N00044604EA0060200733
B1255554201018N00044604EA0060200733
B1255564201018N00044604EA0060200733
B1255574201018N00044604EA0060300733
B1255584201018N00044604EA0060200734
B1255594201018N00044604EA0060300734
B1256004201018N00044604EA0060300734
B1256014201018N00044604EA0060300734
B1256024201018N00044604EA0060300734
B1256034201018N00044604EA0060300734
B1256044201018N00044604EA0060300734
B1256054201018N00044604EA0060200734
B1256064201018N00044604EA0060300734
B1256074201018N00044604EA0060300734
B1256084201018N00044604EA0060300734
B1256094201018N00044604EA0060300734
B1256104201018N00044604EA0060300734
B1256114201018N00044604EA0060300734
B1256124201018N00044604EA0060300734
B1256134201018N00044604EA0060300734
B1256144201018N00044604EA0060200734
B1256154201018N00044604EA0060300734
B1256164201018N00044604EA0060200734
B1256174201018N00044604EA0060300734
B1256184201018N00044604EA0060300734
B1256194201018N00044604EA0060300734
B1256204201018N00044604EA0060300734
B1256214201018N00044604EA0060300734
B1256224201018N00044604EA0060300734
B1256234201018N00044604EA0060300734
B1256244201018N00044604EA0060300734
B1256254201018N00044604EA0060300734
B1256264201018N00044604EA0060300734
B1256274201018N00044604EA0060300734
B1256284201018N00044604EA0060200734
B1256294201018N00044604EA0060300734
B1256304201018N00044604EA0060300734
B1256314201018N00044604EA0060200734
B1256324201017N00044604EA0060200734
B1256334201017N00044604EA0060300734
B1256344201017N00044604EA0060300734
B1256354201017N00044604EA0060300734
B1256364201017N00044604EA0060300733
B1256374201017N00044604EA0060200733
B1256384201017N00044604EA0060200733
B1256394201017N00044604EA0060300733
B1256404201017N00044604EA0060300733
B1256414201017N00044604EA0060300733
B1256424201017N00044604EA0060300733
B1256434201017N00044604EA0060300733
B1256444201017N00044604EA0060300733
B1256454201017N00044604EA0060300733
B1256464201017N00044604EA0060300733
B1256474201017N00044604EA0060300733
B1256484201017N00044604EA0060300733
B1256494201017N00044604EA0060300733
B1256504201017N00044604EA0060300733
B1256514201017N00044604EA0060300733
B1256524201017N00044604EA0060300733
B1256534201017N00044604EA0060300733
B1256544201017N00044604EA0060300733
B1256554201017N00044604EA0060300734
B1256564201017N00044604EA0060300733
B1256574201017N00044604EA0060300733
B1256584201017N00044604EA0060300733
B1256594201017N00044604EA0060200733
B1257004201017N00044604EA0060300733
B1257014201017N00044604EA0060300734
B1257024201018N00044604EA0060200734
B1257034201018N00044604EA0060300734
B1257044201018N00044604EA0060200734
B1257054201018N00044604EA0060300734
B1257064201018N00044604EA0060300734
B1257074201018N00044604EA0060300734
B1257084201018N00044604EA0060300734
B1257094201018N00044604EA0060300734
B1257104201018N00044604EA0060300734
B1257114201018N00044604EA0060300734
B1257124201018N00044604EA0060300734
B1257134201018N00044604EA0060300734
B1257144201018N00044604EA0060300734
B1257154201018N00044604EA0060300734
B1257164201018N00044604EA0060300733
B1257174201018N00044604EA0060300733
B1257184201018N00044604EA0060300733
B1257194201018N00044604EA0060300733
B1257204201018N00044604EA0060400733
B1257214201018N00044604EA0060300733
B1257224201018N00044604EA0060300733
B1257234201018N00044604EA0060200733
B1257244201018N00044604EA0060300733
B1257254201018N00044604EA0060300733
B1257264201018N00044604EA0060300733
B1257274201018N00044604EA0060300733
B1257284201018N00044604EA0060300733
B1257294201018N00044604EA0060300733
B1257304201018N00044604EA0060300733
B1257314201018N00044604EA0060300733
B1257324201018N00044604EA0060400733
B1257334201018N00044604EA0060300733
B1257344201018N00044604EA0060300733
B1257354201018N00044604EA0060300733
B1257364201018N00044604EA0060300733
B1257374201018N00044604EA0060300733
B1257384201018N00044604EA0060300733
B1257394201018N00044604EA0060300733
B1257404201018N00044604EA0060300733
B1257414201018N00044604EA0060300733
B1257424201018N00044604EA0060300733
B1257434201018N00044604EA0060400733
B1257444201018N00044604EA0060300733
B1257454201018N00044604EA0060300733
B1257464201018N00044604EA0060400733
B1257474201018N00044604EA0060300733
B1257484201018N00044604EA0060400733
B1257494201018N00044604EA0060300733
B1257504201018N00044604EA0060300733
B1257514201018N00044604EA0060300733
B1257524201018N00044604EA0060300733
B1257534201018N00044604EA0060300733
B1257544201018N00044604EA0060300733
B1257554201018N00044604EA0060300733
B1257564201018N00044604EA0060400733
B1257574201018N00044604EA0060400733
B1257584201018N00044604EA0060300733
B1257594201018N00044604EA0060300733
B1258004201018N00044604EA0060400733
B1258014201018N00044604EA0060300733
B1258024201018N00044604EA0060300733
B1258034201018N00044604EA0060300733
B1258044201018N00044604EA0060400733
B1258054201018N00044604EA0060300733
B1258064201018N00044604EA0060400733
B1258074201018N00044604EA0060300733
B1258084201018N00044604EA0060300733
B1258094201018N00044604EA0060300733
B1258104201018N00044604EA0060300733
B1258114201018N00044604EA0060300733
B1258124201018N00044604EA0060300733
B1258134201018N00044604EA0060400733
B1258144201018N00044604EA0060400733
B1258154201018N00044604EA0060300733
B1258164201018N00044604EA0060300733
B1258174201018N00044604EA0060400733
B1258184201018N00044604EA0060400733
B1258194201018N00044604EA0060300732
B1258204201017N00044604EA0060300732
B1258214201017N00044604EA0060400732
B1258224201017N00044604EA0060300732
B1258234201017N00044604EA0060300732
B1258244201017N00044604EA0060300732
B1258254201017N00044604EA0060300732
B1258264201017N00044604EA0060300732
B1258274201017N00044604EA0060300732
B1258284201017N00044604EA0060300732
B1258294201017N00044604EA0060300732
B1258304201017N00044605EA0060300732
B1258314201017N00044605EA0060300733
B1258324201017N00044605EA0060400733
B1258334201017N00044605EA0060300733
B1258344201017N00044605EA0060300733
B1258354201017N00044605EA0060300733
B1258364201017N00044605EA0060400733
B1258374201017N00044605EA0060300733
B1258384201017N00044605EA0060300733
B1258394201017N00044605EA0060300733
B1258404201017N00044605EA0060300733
B1258414201017N00044605EA0060300733
B1258424201017N00044605EA0060400733
B1258434201017N00044605EA0060300733
B1258444201017N00044605EA0060300733
B1258454201017N00044605EA0060300733
B1258464201017N00044605EA0060300733
B1258474201017N00044605EA0060400733
B1258484201017N00044605EA0060300733
B1258494201017N00044605EA0060300733
B1258504201017N00044605EA0060400733
B1258514201017N00044605EA0060300733
B1258524201017N00044605EA0060400733
B1258534201017N00044605EA0060400733
B1258544201017N00044605EA0060400733
B1258554201017N00044605EA0060300733
B1258564201017N00044605EA0060300733
B1258574201017N00044605EA0060300733
B1258584201017N00044605EA0060300733
B1258594201017N00044605EA0060400733
B1259004201017N00044605EA0060300733
B1259014201017N00044605EA0060300733
B1259024201017N00044605EA0060400733
B1259034201017N00044605EA0060400733
B1259044201017N00044605EA0060400733
B1259054201017N00044605EA0060400733
B1259064201017N00044605EA0060400733
B1259074201017N00044605EA0060400733
B1259084201017N00044605EA0060400733
B1259094201017N00044605EA0060400733
B1259104201017N00044605EA0060300733
B1259114201018N00044605EA0060400733
B1259124201018N00044605EA0060400734
B1259134201018N00044605EA0060300734
B1259144201018N00044605EA0060400734
B1259154201018N00044605EA0060400734
B1259164201018N00044605EA0060300734
B1259174201018N00044605EA0060300734
B1259184201018N00044605EA0060300734
B1259194201018N00044605EA0060400734
B1259204201018N00044605EA0060300734
B1259214201018N00044605EA0060300734
B1259224201018N00044605EA0060300734
B1259234201018N00044605EA0060400734
B1259244201018N00044605EA0060300734
B1259254201018N00044605EA0060300734
B1259264201018N00044605EA0060300733
B1259274201018N00044605EA0060300733
B1259284201018N00044605EA0060300733
B1259294201018N00044605EA0060300733
B1259304201018N00044605EA0060400733
B1259314201018N00044605EA0060300733
B1259324201018N00044605EA0060300733
B1259334201017N00044605EA0060300733
B1259344201017N00044605EA0060300732
B1259354201017N00044605EA0060400732
B1259364201017N00044605EA0060400732
B1259374201017N00044605EA0060400732
B1259384201017N00044605EA0060400732
B1259394201017N00044605EA0060400732
B1259404201017N00044605EA0060300732
B1259414201017N00044605EA0060300732
B1259424201017N00044605EA0060300732
B1259434201017N00044605EA0060400732
B1259444201017N00044605EA0060300731
B1259454201017N00044605EA0060300731
B1259464201017N00044605EA0060400731
B1259474201017N00044605EA0060300731
B1259484201017N00044605EA0060400731
B1259494201017N00044605EA0060400730
B1259504201017N00044605EA0060400730
B1259514201017N00044605EA0060400730
B1259524201017N00044605EA0060400730
B1259534201017N00044605EA0060300730
B1259544201017N00044605EA0060400730
B1259554201016N00044605EA0060400730
B1259564201016N00044605EA0060300730
B1259574201016N00044605EA0060300730
B1259584201016N00044605EA0060400730
B1259594201016N00044605EA0060300730
B1300004201016N00044605EA0060300730
B1300014201016N00044605EA0060300730
B1300024201016N00044605EA0060400730
B1300034201016N00044605EA0060400730
B1300044201016N00044605EA0060400731
B1300054201016N00044606EA0060300731
B1300064201016N00044606EA0060300731
B1300074201017N00044606EA0060400730
B1300084201016N00044606EA0060400731
B1300094201016N00044606EA0060400731
B1300104201016N00044606EA0060400731
B1300114201016N00044606EA0060300731
B1300124201016N00044606EA0060300731
B1300134201016N00044606EA0060300731
B1300144201016N00044605EA0060300731
B1300154201016N00044605EA0060300731
B1300164201016N00044605EA0060300731
B1300174201016N00044605EA0060300731
B1300184201017N00044605EA0060300731
B1300194201017N00044605EA0060300731
B1300204201017N00044605EA0060300731
B1300214201017N00044605EA0060300731
B1300224201017N00044605EA0060300731
B1300234201017N00044605EA0060400731
B1300244201017N00044606EA0060300731
B1300254201017N00044606EA0060400731
B1300264201017N00044606EA0060300731
B1300274201017N00044606EA0060300731
B1300284201017N00044606EA0060300731
B1300294201017N00044606EA0060400731
B1300304201017N00044606EA0060300731
B1300314201017N00044606EA0060300731
B1300324201017N00044606EA0060300731
B1300334201017N00044606EA0060300731
B1300344201017N00044606EA0060300731
B1300354201017N00044606EA0060300731
B1300364201017N00044606EA0060300731
B1300374201017N00044606EA0060300731
B1300384201017N00044606EA0060300731
B1300394201017N00044606EA0060400731
B1300404201017N00044606EA0060300731
B1300414201017N00044606EA0060300731
B1300424201017N00044606EA0060300731
B1300434201017N00044606EA0060300730
B1300444201017N00044606EA0060300730
B1300454201017N00044606EA0060300730
B1300464201017N00044606EA0060300730
B1300474201017N00044606EA0060300730
B1300484201017N00044606EA0060300730
B1300494201017N00044606EA0060300730
B1300504201017N00044606EA0060300730
B1300514201017N00044606EA0060300730
B1300524201016N00044606EA0060300730
B1300534201016N00044606EA0060300730
B1300544201016N00044606EA0060300730
B1300554201016N00044606EA0060300730
B1300564201016N00044606EA0060200730
B1300574201016N00044606EA0060300730
B1300584201016N00044606EA0060300730
B1300594201016N00044606EA0060300730
B1301004201016N00044606EA0060300730
B1301014201016N00044606EA0060400730
B1301024201016N00044606EA0060300729
B1301034201016N00044606EA0060300730
B1301044201016N00044606EA0060400729
B1301054201016N00044606EA0060300729
B1301064201016N00044606EA0060300729
B1301074201016N00044606EA0060300729
B1301084201016N00044606EA0060300729
B1301094201016N00044606EA0060300730
B1301104201016N00044606EA0060400730
B1301114201016N00044606EA0060300730
B1301124201016N00044606EA0060300730
B1301134201016N00044606EA0060300730
B1301144201016N00044606EA0060300730
B1301154201016N00044606EA0060300730
B1301164201016N00044606EA0060400730
B1301174201016N00044606EA0060300730
B1301184201016N00044606EA0060300730
B1301194201016N00044606EA0060400730
B1301204201016N00044606EA0060400730
B1301214201016N00044606EA0060300729
B1301224201016N00044606EA0060300729
B1301234201016N00044606EA0060400729
B1301244201016N00044606EA0060300730
B1301254201016N00044606EA0060400729
B1301264201016N00044606EA0060400730
B1301274201016N00044606EA0060300729
B1301284201016N00044606EA0060300729
B1301294201016N00044606EA0060400729
B1301304201016N00044606EA0060300729
B1301314201016N00044606EA0060300729
B1301324201016N00044605EA0060300729
B1301334201016N00044605EA0060300729
B1301344201016N00044605EA0060400729
B1301354201016N00044605EA0060300729
B1301364201016N00044605EA0060300729
B1301374201016N00044605EA0060300729
B1301384201016N00044605EA0060300729
B1301394201016N00044605EA0060300729
B1301404201016N00044605EA0060300729
B1301414201016N00044605EA0060300729
B1301424201016N00044605EA0060300729
B1301434201016N00044606EA0060300729
B1301444201016N00044606EA0060300729
B1301454201016N00044606EA0060300729
B1301464201016N00044606EA0060300729
B1301474201016N00044606EA0060300729
B1301484201016N00044606EA0060300729
B1301494201016N00044606EA0060400729
B1301504201016N00044606EA0060400729
B1301514201016N00044605EA0060400730
B1301524201016N00044605EA0060300729
B1301534201016N00044605EA0060300730
B1301544201016N00044605EA0060300730
B1301554201016N00044605EA0060300730
B1301564201016N00044605EA0060300730
B1301574201016N00044605EA0060400730
B1301584201016N00044605EA0060300730
B1301594201016N00044605EA0060300730
B1302004201016N00044605EA0060300731
B1302014201016N00044605EA0060400731
B1302024201016N00044605EA0060300731
B1302034201016N00044605EA0060300731
B1302044201016N00044605EA0060300731
B1302054201016N00044605EA0060400731
B1302064201016N00044605EA0060400731
B1302074201016N00044605EA0060400731
B1302084201016N00044605EA0060300731
B1302094201016N00044605EA0060300731
B1302104201016N00044605EA0060300731
B1302114201016N00044605EA0060300731
B1302124201016N00044605EA0060300731
B1302134201016N00044605EA0060300731
B1302144201016N00044605EA0060300731
B1302154201016N00044605EA0060400731
B1302164201016N00044605EA0060300731
B1302174201016N00044605EA0060300731
B1302184201016N00044605EA0060300731
B1302194201016N00044605EA0060300731
B1302204201016N00044605EA0060400731
B1302214201016N00044605EA0060300731
B1302224201016N00044605EA0060400732
B1302234201016N00044605EA0060400732
B1302244201016N00044605EA0060300732
B1302254201016N00044605EA0060400732
B1302264201016N00044605EA0060300732
B1302274201016N00044605EA0060400732
B1302284201016N00044605EA0060300732
B1302294201016N00044605EA0060300732
B1302304201016N00044605EA0060300732
B1302314201016N00044605EA0060400732
B1302324201016N00044605EA0060300732
B1302334201016N00044605EA0060400732
B1302344201016N00044605EA0060300732
B1302354201016N00044605EA0060400732
B1302364201016N00044605EA0060400732
B1302374201016N00044605EA0060400732
B1302384201016N00044606EA0060400732
B1302394201016N00044606EA0060400733
B1302404201016N00044606EA0060400733
B1302414201016N00044606EA0060400733
B1302424201016N00044606EA0060400733
B1302434201016N00044606EA0060300733
B1302444201016N00044606EA0060300733
B1302454201016N00044606EA0060300733
B1302464201016N00044606EA0060300733
B1302474201016N00044606EA0060300733
B1302484201016N00044606EA0060300733
B1302494201016N00044606EA0060400733
B1302504201016N00044606EA0060400733
B1302514201016N00044606EA0060400733
B1302524201016N00044606EA0060400733
B1302534201016N00044606EA0060300733
B1302544201016N00044606EA0060300734
B1302554201016N00044606EA0060300734
B1302564201016N00044606EA0060300734
B1302574201016N00044606EA0060400734
B1302584201016N00044606EA0060300734
B1302594201016N00044606EA0060400734
B1303004201016N00044606EA0060400734
B1303014201016N00044606EA0060400734
B1303024201016N00044606EA0060400734
B1303034201016N00044606EA0060400735
B1303044201016N00044606EA0060300735
B1303054201016N00044606EA0060300735
B1303064201016N00044606EA0060400735
B1303074201016N00044606EA0060400735
B1303084201016N00044606EA0060400735
B1303094201016N00044606EA0060300735
B1303104201016N00044606EA0060400735
B1303114201016N00044606EA0060400735
B1303124201016N00044606EA0060300735
B1303134201016N00044606EA0060400735
B1303144201016N00044606EA0060400735
B1303154201016N00044606EA0060300735
B1303164201016N00044606EA0060300735
B1303174201016N00044606EA0060300735
B1303184201016N00044606EA0060400735
B1303194201016N00044606EA0060300735
B1303204201016N00044606EA0060400735
B1303214201016N00044606EA0060300735
B1303224201016N00044606EA0060300736
B1303234201016N00044606EA0060300736
B1303244201016N00044606EA0060400736
B1303254201016N00044606EA0060300736
B1303264201016N00044606EA0060400736
B1303274201016N00044606EA0060300736
B1303284201016N00044606EA0060300736
B1303294201016N00044606EA0060300736
B1303304201016N00044606EA0060300736
B1303314201016N00044606EA0060300736
B1303324201016N00044606EA0060300736
B1303334201016N00044606EA0060300736
B1303344201016N00044606EA0060300736
B1303354201016N00044606EA0060300736
B1303364201016N00044606EA0060300736
B1303374201016N00044606EA0060300736
B1303384201015N00044606EA0060300736
B1303394201015N00044606EA0060300736
B1303404201015N00044606EA0060300736
B1303414201015N00044606EA0060300736
B1303424201015N00044606EA0060300736
B1303434201015N00044606EA0060300736
B1303444201015N00044606EA0060300736
B1303454201015N00044606EA0060300736
B1303464201015N00044606EA0060300736
B1303474201015N00044606EA0060300736
B1303484201015N00044606EA0060300736
B1303494201015N00044606EA0060300736
B1303504201015N00044606EA0060300736
B1303514201015N00044606EA0060400736
B1303524201015N00044606EA0060300736
B1303534201015N00044606EA0060400736
B1303544201015N00044606EA0060300736
B1303554201015N00044606EA0060300736
B1303564201015N00044606EA0060300736
B1303574201015N00044606EA0060400736
B1303584201015N00044606EA0060300736
B1303594201015N00044606EA0060300737
B1304004201016N00044606EA0060300737
B1304014201016N00044606EA0060300737
B1304024201016N00044606EA0060300737
B1304034201016N00044606EA0060300737
B1304044201016N00044606EA0060300737
B1304054201016N00044606EA0060300737
B1304064201016N00044606EA0060300737
B1304074201016N00044606EA0060300737
B1304084201016N00044606EA0060400737
B1304094201016N00044606EA0060300736
B1304104201016N00044606EA0060300736
B1304114201016N00044606EA0060300736
B1304124201016N00044606EA0060400736
B1304134201016N00044606EA0060300736
B1304144201016N00044606EA0060300736
B1304154201016N00044606EA0060400736
B1304164201016N00044606EA0060300736
B1304174201016N00044606EA0060400736
B1304184201016N00044606EA0060300736
B1304194201016N00044606EA0060300736
B1304204201016N00044606EA0060300736
B1304214201016N00044606EA0060300736
B1304224201016N00044606EA0060300737
B1304234201016N00044606EA0060300737
B1304244201016N00044606EA0060300737
B1304254201016N00044606EA0060300737
B1304264201016N00044606EA0060300737
B1304274201016N00044606EA0060300737
B1304284201016N00044606EA0060300737
B1304294201016N00044606EA0060300737
B1304304201016N00044606EA0060300737
B1304314201016N00044606EA0060400737
B1304324201016N00044606EA0060400737
B1304334201016N00044606EA0060300737
B1304344201016N00044606EA0060400737
B1304354201016N00044606EA0060300737
B1304364201016N00044606EA0060400737
B1304374201016N00044606EA0060300737
B1304384201016N00044606EA0060400737
B1304394201016N00044606EA0060300737
B1304404201016N00044606EA0060300736
B1304414201016N00044606EA0060300736
B1304424201016N00044606EA0060300736
B1304434201016N00044606EA0060300737
B1304444201016N00044606EA0060300737
B1304454201016N00044606EA0060300736
B1304464201016N00044606EA0060300737
B1304474201016N00044606EA0060400736
B1304484201016N00044606EA0060300736
B1304494201016N00044606EA0060300736
B1304504201016N00044606EA0060300736
B1304514201016N00044606EA0060300736
B1304524201016N00044606EA0060300736
B1304534201016N00044606EA0060300736
B1304544201016N00044606EA0060400736
B1304554201016N00044606EA0060400736
B1304564201016N00044606EA0060300736
B1304574201016N00044606EA0060400736
B1304584201016N00044606EA0060300736
B1304594201016N00044606EA0060300735
B1305004201016N00044606EA0060400735
B1305014201015N00044606EA0060400735
B1305024201015N00044606EA0060300735
B1305034201015N00044606EA0060500735
B1305044201016N00044606EA0060400735
B1305054201015N00044606EA0060300735
B1305064201015N00044606EA0060400735
B1305074201015N00044606EA0060300735
B1305084201015N00044607EA0060400735
B1305094201015N00044607EA0060000735
B1305104201015N00044607EA0060600734
B1305114201015N00044607EA0060300734
B1305124201015N00044607EA0060200734
B1305134201015N00044607EA0060200734
B1305144201015N00044607EA0060500734
B1305154201015N00044607EA0060700734
B1305164201015N00044607EA0060300734
B1305174201015N00044607EA0060300734
B1305184201015N00044607EA0060300734
B1305194201015N00044607EA0060400734
B1305204201015N00044607EA0060300734
B1305214201015N00044607EA0060400734
B1305224201015N00044607EA0060400734
B1305234201015N00044607EA0060300734
B1305244201015N00044607EA0060300734
B1305254201015N00044607EA0060400734
B1305264201015N00044607EA0060100733
B1305274201015N00044607EA0060400733
B1305284201015N00044607EA0060300733
B1305294201015N00044607EA0060300733
B1305304201015N00044607EA0060600733
B1305314201015N00044607EA0060200733
B1305324201015N00044607EA0060300733
B1305334201015N00044607EA0060200733
B1305344201015N00044607EA0060300733
B1305354201015N00044607EA0060400733
B1305364201015N00044607EA0060500733
B1305374201015N00044607EA0060400733
B1305384201015N00044607EA0060400733
B1305394201015N00044607EA0060300733
B1305404201015N00044607EA0060400733
B1305414201015N00044607EA0060500733
B1305424201015N00044607EA0060400733
B1305434201015N00044607EA0060300733
B1305444201015N00044607EA0060400733
B1305454201015N00044607EA0060300734
B1305464201015N00044607EA0060300734
B1305474201015N00044607EA0060300734
B1305484201015N00044607EA0060500734
B1305494201015N00044607EA0060500734
B1305504201015N00044607EA0059800734
B1305514201015N00044607EA0060400734
B1305524201015N00044607EA0060400734
B1305534201015N00044607EA0060300734
B1305544201015N00044607EA0060300734
B1305554201015N00044607EA0060300734
B1305564201015N00044607EA0060300734
B1305574201015N00044607EA0060300734
B1305584201015N00044607EA0060300734
B1305594201015N00044607EA0060300734
B1306004201015N00044607EA0060300734
B1306014201015N00044607EA0060300734
B1306024201015N00044607EA0060400734
B1306034201015N00044607EA0060400734
B1306044201015N00044607EA0060300734
B1306054201015N00044607EA0060300734
B1306064201015N00044607EA0060300734
B1306074201015N00044607EA0060400734
B1306084201015N00044607EA0060400734
B1306094201015N00044607EA0060300734
B1306104201015N00044607EA0060300734
B1306114201015N00044607EA0060300734
B1306124201015N00044607EA0060300734
B1306134201015N00044607EA0060300734
B1306144201015N00044607EA0060400734
B1306154201015N00044607EA0060300734
B1306164201015N00044607EA0060300734
B1306174201015N00044607EA0060400734
B1306184201015N00044607EA0059800734
B1306194201015N00044607EA0060400734
B1306204201015N00044607EA0060400734
B1306214201015N00044607EA0060400734
B1306224201015N00044607EA0060400734
B1306234201015N00044607EA0060400734
B1306244201015N00044607EA0060400733
B1306254201015N00044607EA0060300733
B1306264201015N00044607EA0060400733
B1306274201015N00044607EA0060300733
B1306284201015N00044607EA0060300733
B1306294201015N00044607EA0060300733
B1306304201015N00044607EA0060300733
B1306314201015N00044607EA0060400733
B1306324201015N00044607EA0060300733
B1306334201015N00044607EA0060300733
B1306344201015N00044607EA0060300733
B1306354201015N00044607EA0060300733
B1306364201015N00044607EA0060300733
B1306374201015N00044607EA0060300733
B1306384201015N00044607EA0060300733
B1306394201015N00044607EA0060300733
B1306404201015N00044607EA0060400733
B1306414201015N00044607EA0060400733
B1306424201015N00044607EA0060300733
B1306434201015N00044607EA0060300733
B1306444201016N00044607EA0060300733
B1306454201016N00044607EA0060300733
B1306464201016N00044607EA0060300733
B1306474201016N00044607EA0060300733
B1306484201016N00044607EA0060300733
B1306494201016N00044607EA0060300733
B1306504201016N00044607EA0060300733
B1306514201016N00044607EA0060300733
B1306524201016N00044607EA0060300733
B1306534201016N00044607EA0060300733
B1306544201016N00044607EA0060300733
B1306554201016N00044607EA0060300733
B1306564201016N00044607EA0060400733
B1306574201016N00044607EA0060300733
B1306584201016N00044607EA0060300733
B1306594201016N00044607EA0060300733
B1307004201016N00044608EA0060300733
B1307014201016N00044608EA0060400733
B1307024201016N00044608EA0060300733
B1307034201016N00044608EA0060300733
B1307044201016N00044608EA0060300733
B1307054201016N00044608EA0060400733
B1307064201016N00044608EA0060300733
B1307074201016N00044608EA0060300733
B1307084201015N00044608EA0060200733
B1307094201015N00044608EA0060400733
B1307104201015N00044608EA0060300733
B1307114201015N00044608EA0060300733
B1307124201015N00044608EA0060300733
B1307134201015N00044608EA0060300733
B1307144201015N00044608EA0060300733
B1307154201015N00044608EA0060300733
B1307164201015N00044608EA0060300733
B1307174201015N00044608EA0060300732
B1307184201015N00044608EA0060300732
B1307194201015N00044608EA0060300732
B1307204201015N00044608EA0060400732
B1307214201015N00044608EA0060400732
B1307224201015N00044608EA0060300732
B1307234201015N00044608EA0060300732
B1307244201015N00044608EA0060400732
B1307254201015N00044608EA0060300732
B1307264201016N00044608EA0060400732
B1307274201016N00044608EA0060300732
B1307284201016N00044608EA0060300732
B1307294201016N00044608EA0060200732
B1307304201016N00044608EA0060300732
B1307314201016N00044608EA0060300732
B1307324201016N00044608EA0060300732
B1307334201016N00044608EA0060300732
B1307344201016N00044608EA0060300732
B1307354201016N00044608EA0060300732
B1307364201016N00044608EA0060300732
B1307374201016N00044608EA0060300732
B1307384201016N00044608EA0060300732
B1307394201016N00044608EA0060300732
B1307404201016N00044608EA0060300732
B1307414201016N00044607EA0060300732
B1307424201016N00044607EA0060300732
B1307434201016N00044607EA0060300732
B1307444201016N00044607EA0060300732
B1307454201016N00044607EA0060300732
B1307464201016N00044607EA0060300732
B1307474201016N00044607EA0060300732
B1307484201016N00044607EA0060300732
B1307494201016N00044607EA0060300732
B1307504201016N00044607EA0060300732
B1307514201016N00044607EA0060400732
B1307524201016N00044607EA0060300732
B1307534201016N00044607EA0060300732
B1307544201016N00044607EA0060300732
B1307554201016N00044607EA0060300732
B1307564201016N00044607EA0060300731
B1307574201016N00044607EA0060300731
B1307584201016N00044607EA0060300731
B1307594201016N00044607EA0060400731
B1308004201016N00044607EA0060300731
B1308014201016N00044607EA0060200731
B1308024201016N00044607EA0060300731
B1308034201016N00044607EA0060300731
B1308044201016N00044607EA0060300731
B1308054201016N00044607EA0060400731
B1308064201016N00044607EA0060400732
B1308074201016N00044607EA0060400732
B1308084201016N00044607EA0060300732
B1308094201016N00044607EA0060300732
B1308104201016N00044607EA0060400731
B1308114201016N00044607EA0060300731
B1308124201016N00044607EA0060300731
B1308134201016N00044607EA0060300731
B1308144201016N00044607EA0060300731
B1308154201016N00044607EA0060400731
B1308164201016N00044607EA0060300731
B1308174201016N00044607EA0060400731
B1308184201016N00044607EA0060300731
B1308194201016N00044607EA0060300731
B1308204201016N00044607EA0060400731
B1308214201016N00044607EA0060300731
B1308224201016N00044607EA0060300731
B1308234201016N00044607EA0060300731
B1308244201016N00044607EA0060300731
B1308254201016N00044607EA0060200731
B1308264201016N00044607EA0060400731
B1308274201016N00044607EA0060200731
B1308284201016N00044607EA0060300731
B1308294201016N00044607EA0060300731
B1308304201016N00044607EA0060300731
B1308314201016N00044607EA0060400731
B1308324201016N00044607EA0060300731
B1308334201016N00044607EA0060300731
B1308344201016N00044607EA0060300731
B1308354201016N00044607EA0060400731
B1308364201016N00044607EA0060300731
B1308374201016N00044607EA0060300731
B1308384201016N00044607EA0060300731
B1308394201016N00044607EA0060300731
B1308404201016N00044607EA0060300731
B1308414201016N00044607EA0060300731
B1308424201016N00044607EA0060400731
B1308434201016N00044607EA0060400732
B1308444201016N00044607EA0060400732
B1308454201016N00044607EA0060300732
B1308464201016N00044607EA0060300732
B1308474201016N00044607EA0060300732
B1308484201016N00044607EA0060300732
B1308494201016N00044607EA0060300732
B1308504201016N00044607EA0060300732
B1308514201016N00044607EA0060400732
B1308524201016N00044607EA0060200732
B1308534201016N00044607EA0060300732
B1308544201016N00044607EA0060400732
B1308554201016N00044607EA0059900732
B1308564201016N00044607EA0060300732
B1308574201016N00044607EA0060300732
B1308584201016N00044607EA0060300732
B1308594201016N00044607EA0060400732
B1309004201015N00044607EA0060300732
B1309014201015N00044607EA0060300732
B1309024201015N00044607EA0060400732
B1309034201015N00044607EA0060300732
B1309044201015N00044608EA0060300731
B1309054201015N00044608EA0060400731
B1309064201015N00044608EA0060300731
B1309074201015N00044608EA0060300731
B1309084201015N00044608EA0060400732
B1309094201015N00044608EA0060300732
B1309104201015N00044608EA0060400732
B1309114201015N00044608EA0060400732
B1309124201015N00044608EA0060300732
B1309134201015N00044608EA0060400732
B1309144201015N00044608EA0060400732
B1309154201015N00044608EA0060400732
B1309164201016N00044608EA0060400732
B1309174201016N00044608EA0060400732
B1309184201016N00044608EA0060400732
B1309194201016N00044608EA0060300733
B1309204201016N00044608EA0060400733
B1309214201016N00044608EA0060400733
B1309224201016N00044608EA0060400733
B1309234201016N00044608EA0060400733
B1309244201016N00044608EA0060400733
B1309254201016N00044608EA0060300733
B1309264201016N00044608EA0060300733
B1309274201016N00044608EA0060400733
B1309284201016N00044608EA0060400733
B1309294201016N00044608EA0060300734
B1309304201016N00044608EA0060300734
B1309314201016N00044608EA0060300734
B1309324201016N00044607EA0060400734
B1309334201016N00044607EA0060300734
B1309344201016N00044607EA0060300734
B1309354201016N00044607EA0060300734
B1309364201016N00044607EA0060400734
B1309374201016N00044607EA0060300734
B1309384201016N00044607EA0060300734
B1309394201016N00044607EA0060400734
B1309404201016N00044607EA0060300734
B1309414201016N00044607EA0060300734
B1309424201016N00044607EA0060300734
B1309434201016N00044607EA0060300734
B1309444201016N00044607EA0060400734
B1309454201016N00044607EA0060300734
B1309464201016N00044607EA0060300734
B1309474201016N00044608EA0060300734
B1309484201016N00044608EA0060400734
B1309494201016N00044608EA0060300734
B1309504201016N00044608EA0060300734
B1309514201016N00044608EA0060300734
B1309524201016N00044608EA0060300734
B1309534201016N00044608EA0060300734
B1309544201016N00044608EA0060300733
B1309554201016N00044608EA0060300733
B1309564201016N00044608EA0060400733
B1309574201016N00044608EA0060300733
B1309584201016N00044608EA0060400733
B1309594201016N00044608EA0060300733
B1310004201016N00044608EA0060300733
B1310014201016N00044608EA0060300733
B1310024201015N00044608EA0060300733
B1310034201016N00044608EA0060300732
B1310044201016N00044608EA0060300732
B1310054201016N00044608EA0060300732
B1310064201016N00044608EA0060300732
B1310074201016N00044608EA0060200732
B1310084201016N00044608EA0060200732
B1310094201016N00044608EA0060300732
B1310104201016N00044608EA0060300732
B1310114201015N00044608EA0060300732
B1310124201015N00044608EA0060300732
B1310134201015N00044608EA0060300732
B1310144201015N00044608EA0060200732
B1310154201016N00044608EA0060300732
B1310164201015N00044608EA0060300732
B1310174201015N00044608EA0060300732
B1310184201015N00044608EA0060300732
B1310194201015N00044608EA0060300732
B1310204201015N00044608EA0060300732
B1310214201015N00044608EA0060200732
B1310224201015N00044608EA0060300732
B1310234201015N00044608EA0060300732
B1310244201015N00044608EA0060300732
B1310254201015N00044608EA0060300732
B1310264201015N00044608EA0060200732
B1310274201015N00044608EA0060300732
B1310284201015N00044608EA0060300732
B1310294201016N00044608EA0060200732
B1310304201016N00044608EA0060300732
B1310314201016N00044608EA0060300732
B1310324201016N00044608EA0059700732
B1310334201016N00044608EA0060300732
B1310344201016N00044608EA0060500732
B1310354201016N00044608EA0060200733
B1310364201016N00044608EA0060300733
B1310374201016N00044608EA0060300732
B1310384201016N00044608EA0060300732
B1310394201016N00044608EA0060300732
B1310404201016N00044608EA0060300733
B1310414201016N00044608EA0060300733
B1310424201016N00044608EA0060300733
B1310434201016N00044608EA0060200733
B1310444201015N00044608EA0060300733
B1310454201015N00044608EA0060300733
B1310464201015N00044608EA0060300733
B1310474201015N00044608EA0060300733
B1310484201015N00044608EA0060300733
B1310494201015N00044607EA0060300733
B1310504201015N00044607EA0060300733
B1310514201015N00044607EA0060300733
B1310524201015N00044607EA0060400733
B1310534201015N00044607EA0060300733
B1310544201015N00044607EA0060200734
B1310554201015N00044607EA0060600734
B1310564201015N00044607EA0060400735
B1310574201015N00044607EA0060400736
B1310584201015N00044608EA0060400736
B1310594201015N00044608EA0060000736
B1311004201015N00044608EA0060300736
B1311014201015N00044608EA0060400735
B1311024201015N00044608EA0060500735
B1311034201015N00044608EA0060400735
B1311044201015N00044608EA0060400734
B1311054201015N00044608EA0060400734
B1311064201015N00044608EA0060400734
B1311074201015N00044607EA0060400734
B1311084201015N00044607EA0060400734
B1311094201015N00044607EA0060400734
B1311104201016N00044607EA0060400734
B1311114201016N00044607EA0060400733
B1311124201016N00044607EA0060400734
B1311134201016N00044608EA0060400734
B1311144201016N00044608EA0060400734
B1311154201016N00044607EA0060500734
B1311164201016N00044607EA0060400734
B1311174201016N00044607EA0060200734
B1311184201016N00044607EA0060500734
B1311194201015N00044607EA0060300734
B1311204201015N00044606EA0060400734
B1311214201015N00044606EA0060400734
B1311224201015N00044606EA0060400734
B1311234201015N00044605EA0060300734
B1311244201015N00044605EA0060400734
B1311254201015N00044605EA0060300734
B1311264201014N00044605EA0060300735
B1311274201014N00044605EA0060400735
B1311284201013N00044604EA0060500734
B1311294201013N00044604EA0060400734
B1311304201013N00044603EA0060200734
B1311314201013N00044603EA0060400734
B1311324201012N00044603EA0060300735
B1311334201012N00044603EA0060400735
B1311344201011N00044603EA0060400735
B1311354201010N00044602EA0060500735
B1311364201010N00044602EA0060400735
B1311374201009N00044601EA0060300734
B1311384201009N00044601EA0060400734
B1311394201008N00044600EA0060400734
B1311404201008N00044600EA0060400734
B1311414201007N00044599EA0060200733
B1311424201007N00044599EA0060300733
B1311434201006N00044599EA0060400734
B1311444201006N00044599EA0060200734
B1311454201005N00044598EA0060200733
B1311464201005N00044598EA0060300733
B1311474201004N00044597EA0060400733
B1311484201003N00044597EA0060300733
B1311494201003N00044596EA0060200733
B1311504201002N00044596EA0060300733
B1311514201002N00044596EA0060300733
B1311524201001N00044596EA0059800733
B1311534201000N00044595EA0059900733
B1311544201000N00044595EA0060400733
B1311554200999N00044595EA0060400733
B1311564200998N00044594EA0060300733
B1311574200998N00044594EA0060000732
B1311584200997N00044594EA0060100732
B1311594200996N00044594EA0060200733
B1312004200996N00044594EA0060300733
B1312014200995N00044594EA0060200732
B1312024200994N00044594EA0060000732
B1312034200994N00044594EA0059900732
B1312044200993N00044594EA0060100732
B1312054200992N00044594EA0060300731
B1312064200992N00044594EA0060300731
B1312074200991N00044595EA0060000731
B1312084200990N00044595EA0060100731
B1312094200990N00044595EA0060200731
B1312104200989N00044595EA0059700732
B1312114200989N00044596EA0060100731
B1312124200988N00044596EA0060100731
B1312134200987N00044596EA0060300731
B1312144200987N00044596EA0060100731
B1312154200986N00044597EA0059700731
B1312164200985N00044597EA0060000731
B1312174200985N00044597EA0060100731
B1312184200984N00044597EA0060200731
B1312194200983N00044597EA0060000731
B1312204200982N00044597EA0059800730
B1312214200982N00044597EA0059800730
B1312224200981N00044597EA0060000730
B1312234200980N00044597EA0060100730
B1312244200980N00044597EA0060100730
B1312254200979N00044597EA0059900730
B1312264200978N00044596EA0059500730
B1312274200978N00044596EA0059900729
B1312284200977N00044596EA0059900729
B1312294200976N00044596EA0060000729
B1312304200975N00044596EA0060100729
B1312314200975N00044596EA0059500729
B1312324200974N00044595EA0059900729
B1312334200974N00044595EA0059900729
B1312344200973N00044594EA0060000729
B1312354200973N00044594EA0059800729
B1312364200972N00044593EA0059800729
B1312374200972N00044593EA0059800730
B1312384200971N00044592EA0059900730
B1312394200970N00044592EA0059800730
B1312404200970N00044591EA0059700730
B1312414200969N00044591EA0059800730
B1312424200969N00044590EA0059900730
B1312434200969N00044589EA0059900730
B1312444200968N00044589EA0059600730
B1312454200968N00044588EA0059700730
B1312464200967N00044588EA0059800730
B1312474200967N00044587EA0060000730
B1312484200967N00044586EA0059400729
B1312494200966N00044586EA0059700729
B1312504200966N00044585EA0059800729
B1312514200966N00044584EA0060100729
B1312524200965N00044583EA0059500729
B1312534200965N00044583EA0059700729
B1312544200964N00044582EA0059700729
B1312554200964N00044582EA0059700729
B1312564200963N00044581EA0059800729
B1312574200963N00044581EA0059800729
B1312584200963N00044581EA0059500729
B1312594200962N00044582EA0059700729
B1313004200962N00044582EA0059800729
B1313014200962N00044582EA0059800729
B1313024200962N00044583EA0059700729
B1313034200962N00044583EA0059600729
B1313044200962N00044583EA0059800728
B1313054200962N00044583EA0059700728
B1313064200962N00044583EA0059600729
B1313074200962N00044583EA0059700729
B1313084200962N00044584EA0059700729
B1313094200961N00044584EA0059800729
B1313104200961N00044584EA0059700729
B1313114200961N00044584EA0059700729
B1313124200961N00044584EA0059700729
B1313134200961N00044584EA0059800729
B1313144200961N00044584EA0059800729
B1313154200961N00044584EA0059700729
B1313164200961N00044584EA0059800729
B1313174200961N00044584EA0059700729
B1313184200962N00044584EA0059700730
B1313194200962N00044584EA0059800730
B1313204200962N00044583EA0059700730
B1313214200962N00044583EA0059800730
B1313224200962N00044583EA0059700730
B1313234200962N00044583EA0059700730
B1313244200961N00044583EA0059700729
B1313254200961N00044583EA0059700730
B1313264200962N00044583EA0059700730
B1313274200962N00044583EA0059800730
B1313284200962N00044583EA0059700730
B1313294200962N00044583EA0059700730
B1313304200962N00044583EA0059700730
B1313314200961N00044583EA0059700730
B1313324200961N00044583EA0060000730
B1313334200961N00044583EA0060000730
B1313344200961N00044583EA0059900730
B1313354200961N00044583EA0059900729
B1313364200961N00044583EA0059600729
B1313374200961N00044583EA0059800729
B1313384200961N00044583EA0059800729
B1313394200961N00044583EA0059600729
B1313404200961N00044583EA0061300728
B1313414200960N00044583EA0060900729
B1313424200960N00044583EA0059300729
B1313434200960N00044583EA0059900730
B1313444200960N00044583EA0059800730
B1313454200960N00044583EA0059800730
B1313464200960N00044583EA0059800729
B1313474200960N00044583EA0059800729
B1313484200960N00044584EA0059800730
B1313494200960N00044584EA0059800730
B1313504200960N00044584EA0059800730
B1313514200960N00044584EA0059800730
B1313524200960N00044584EA0059800730
B1313534200960N00044584EA0059800730
B1313544200959N00044584EA0059800729
B1313554200959N00044584EA0059800729
B1313564200960N00044584EA0059800730
B1313574200960N00044584EA0059800729
B1313584200960N00044585EA0059800729
B1313594200960N00044585EA0059700730
B1314004200960N00044585EA0059700730
B1314014200960N00044585EA0059800729
B1314024200960N00044585EA0059700729
B1314034200960N00044585EA0059700729
B1314044200960N00044585EA0059800729
B1314054200960N00044585EA0059700728
B1314064200959N00044584EA0059800728
B1314074200959N00044584EA0059700727
B1314084200959N00044584EA0059800727
B1314094200959N00044583EA0059700726
B1314104200959N00044583EA0059800726
B1314114200960N00044583EA0059800725
B1314124200959N00044583EA0059800725
B1314134200959N00044582EA0059800724
B1314144200959N00044582EA0059800726
B1314154200959N00044582EA0059800726
B1314164200959N00044582EA0059800725
B1314174200959N00044581EA0059800726
B1314184200959N00044581EA0059700726
B1314194200959N00044581EA0059800726
B1314204200959N00044582EA0059800726
B1314214200959N00044582EA0059800725
B1314224200959N00044582EA0059700726
B1314234200959N00044582EA0059700726
B1314244200959N00044581EA0059800727
B1314254200959N00044581EA0059800727
B1314264200959N00044581EA0059800726
B1314274200959N00044581EA0059800727
B1314284200959N00044581EA0059800728
B1314294200959N00044581EA0059800728
B1314304200958N00044581EA0059800728
B1314314200958N00044581EA0059800729
B1314324200958N00044581EA0059800729
B1314334200959N00044581EA0059800728
B1314344200959N00044582EA0059800728
B1314354200959N00044582EA0059800728
B1314364200959N00044582EA0059800728
B1314374200959N00044582EA0059800727
B1314384200959N00044582EA0059700727
B1314394200959N00044583EA0059800727
B1314404200959N00044583EA0059700726
B1314414200960N00044583EA0059700726
B1314424200959N00044583EA0059800726
B1314434200959N00044583EA0059800726
B1314444200959N00044583EA0059800726
B1314454200960N00044583EA0059800725
B1314464200960N00044583EA0059800723
B1314474200960N00044583EA0059800723
B1314484200960N00044583EA0059800723
B1314494200960N00044583EA0059800722
B1314504200959N00044583EA0059800722
B1314514200960N00044583EA0059800721
B1314524200959N00044583EA0059800721
B1314534200960N00044583EA0059700721
B1314544200959N00044582EA0059700721
B1314554200960N00044582EA0059800721
B1314564200960N00044582EA0059800722
B1314574200960N00044582EA0059800722
B1314584200960N00044582EA0059800722
B1314594200960N00044582EA0059800722
B1315004200960N00044582EA0059800722
B1315014200960N00044582EA0059800722
B1315024200960N00044582EA0059800722
B1315034200960N00044582EA0059800722
B1315044200960N00044582EA0059800721
B1315054200960N00044582EA0059800720
B1315064200960N00044582EA0059800720
B1315074200960N00044582EA0059800720
B1315084200960N00044582EA0059800720
B1315094200960N00044582EA0059800720
B1315104200959N00044583EA0059800720
B1315114200959N00044583EA0059800719
B1315124200959N00044583EA0059800719
B1315134200959N00044583EA0059700719
B1315144200960N00044583EA0059800718
B1315154200960N00044583EA0059800719
B1315164200959N00044583EA0059800719
B1315174200959N00044583EA0059700718
B1315184200960N00044583EA0059800719
B1315194200960N00044583EA0059800719
B1315204200960N00044583EA0059800719
B1315214200960N00044583EA0059800719
B1315224200960N00044583EA0059800719
B1315234200960N00044583EA0059700719
B1315244200959N00044583EA0059800719
B1315254200959N00044583EA0059800719
B1315264200959N00044583EA0059800719
B1315274200959N00044583EA0059800720
B1315284200959N00044583EA0059800720
B1315294200959N00044583EA0059800720
B1315304200959N00044583EA0059800721
B1315314200959N00044584EA0059800722
B1315324200959N00044584EA0059800722
B1315334200959N00044583EA0059800722
B1315344200959N00044583EA0059800723
B1315354200959N00044583EA0059800723
B1315364200960N00044583EA0059800723
B1315374200960N00044583EA0059800722
B1315384200960N00044583EA0059800723
B1315394200960N00044583EA0059800722
B1315404200960N00044583EA0059800722
B1315414200960N00044583EA0059800722
B1315424200960N00044583EA0059700722
B1315434200960N00044583EA0059800722
B1315444200960N00044583EA0059800722
B1315454200960N00044582EA0059800722
B1315464200960N00044582EA0059800722
B1315474200960N00044583EA0059800722
B1315484200960N00044583EA0059700722
B1315494200960N00044583EA0059900722
B1315504200960N00044583EA0059700722
B1315514200960N00044583EA0059700722
B1315524200960N00044583EA0059800722
B1315534200960N00044583EA0059700722
B1315544200960N00044583EA0059700721
B1315554200960N00044583EA0059700721
B1315564200960N00044583EA0059700721
B1315574200960N00044583EA0059800721
B1315584200960N00044583EA0059800721
B1315594200960N00044584EA0059700721
B1316004200960N00044584EA0059800721
B1316014200960N00044584EA0059800720
B1316024200960N00044584EA0059800720
B1316034200960N00044584EA0059700720
B1316044200960N00044584EA0059800720
B1316054200960N00044583EA0059700720
B1316064200960N00044583EA0059800720
B1316074200960N00044583EA0059900720
B1316084200960N00044583EA0059700720
B1316094200960N00044583EA0059700720
B1316104200960N00044583EA0059600720
B1316114200960N00044583EA0059900720
B1316124200960N00044583EA0059600720
B1316134200960N00044583EA0059800720
B1316144200960N00044583EA0059800720
B1316154200960N00044583EA0059800720
B1316164200960N00044583EA0059800721
B1316174200960N00044583EA0059800722
B1316184200960N00044583EA0059700722
B1316194200960N00044583EA0059700723
B1316204200960N00044583EA0059900723
B1316214200960N00044583EA0059900723
B1316224200959N00044582EA0059600723
B1316234200959N00044582EA0059800723
B1316244200959N00044582EA0059800724
B1316254200959N00044582EA0059800724
B1316264200959N00044582EA0059800724
B1316274200959N00044582EA0059800724
B1316284200959N00044582EA0059800724
B1316294200959N00044582EA0059600724
B1316304200959N00044582EA0059800724
B1316314200959N00044582EA0059700724
B1316324200959N00044582EA0059700724
B1316334200959N00044582EA0059800725
B1316344200960N00044582EA0059800726
B1316354200960N00044581EA0059800726
B1316364200960N00044581EA0059800726
B1316374200960N00044582EA0059800726
B1316384200960N00044582EA0059800726
B1316394200960N00044582EA0059800726
B1316404200960N00044582EA0059800726
B1316414200960N00044582EA0059800726
B1316424200960N00044582EA0059800726
B1316434200960N00044582EA0059800726
B1316444200960N00044582EA0059800726
B1316454200960N00044582EA0059800726
B1316464200960N00044582EA0059800726
B1316474200960N00044583EA0059800727
B1316484200959N00044583EA0059800727
B1316494200959N00044583EA0059700727
B1316504200959N00044583EA0059700727
B1316514200959N00044582EA0059800727
B1316524200959N00044582EA0059700727
B1316534200959N00044582EA0059800727
B1316544200960N00044582EA0059700728
B1316554200960N00044582EA0059700728
B1316554200962N00044583EA0059700730
B1316564200960N00044582EA0059800729
B1316574200960N00044582EA0059800729
B1316584200960N00044582EA0059700729
B1316594200960N00044582EA0059700730
B1317004200960N00044582EA0059700731
B1317014200960N00044582EA0059800730
B1317024200960N00044582EA0059800731
B1317034200960N00044582EA0059700730
B1317044200960N00044582EA0059800730
B1317054200960N00044582EA0059700730
B1317064200959N00044582EA0059800730
B1317074200959N00044582EA0059700731
B1317084200960N00044582EA0059800730
B1317094200959N00044582EA0059700730
B1317104200959N00044582EA0059800730
B1317114200959N00044582EA0059800730
B1317124200959N00044582EA0059700730
B1317134200959N00044582EA0059800731
B1317144200959N00044582EA0059700731
B1317154200959N00044582EA0059700732
B1317164200959N00044582EA0059700731
B1317174200959N00044582EA0059700731
B1317184200959N00044582EA0059700731
B1317194200959N00044582EA0059700731
B1317204200959N00044582EA0059700730
B1317214200959N00044582EA0059700730
B1317224200959N00044582EA0059700730
B1317234200959N00044582EA0059700730
B1317244200959N00044582EA0059700729
B1317254200959N00044582EA0059700729
B1317264200959N00044582EA0059700729
B1317274200959N00044582EA0059700729
B1317284200959N00044582EA0059700728
B1317294200959N00044582EA0059700728
B1317304200959N00044582EA0059700728
B1317314200959N00044582EA0059800728
B1317324200959N00044582EA0059700728
B1317334200959N00044582EA0059700728
B1317344200959N00044582EA0059800728
B1317354200959N00044582EA0059700728
B1317364200959N00044582EA0059800728
B1317374200959N00044582EA0059700728
B1317384200959N00044582EA0059700728
B1317394200958N00044582EA0059700727
B1317404200959N00044582EA0059700727
B1317414200959N00044582EA0059700726
B1317424200959N00044582EA0059800726
B1317434200959N00044582EA0059700726
B1317444200959N00044582EA0059700726
B1317454200959N00044582EA0059700726
B1317464200959N00044582EA0059800725
B1317474200959N00044582EA0059700725
B1317484200959N00044582EA0059700725
B1317494200959N00044582EA0059700725
B1317504200959N00044582EA0059700725
B1317514200959N00044582EA0059700725
B1317524200959N00044582EA0059800724
B1317534200959N00044582EA0059700724
B1317544200959N00044582EA0059700724
B1317554200959N00044582EA0059700724
B1317564200959N00044582EA0059800724
B1317574200959N00044582EA0059700724
B1317584200959N00044583EA0059700724
B1317594200959N00044583EA0059700725
B1318004200959N00044583EA0059700723
B1318014200959N00044583EA0059700723
B1318024200959N00044583EA0059700723
B1318034200959N00044583EA0059800723
B1318044200959N00044583EA0059700723
B1318054200959N00044583EA0059700723
B1318064200958N00044583EA0059700723
B1318074200958N00044583EA0059700723
B1318084200958N00044583EA0059800723
B1318094200958N00044583EA0059800723
B1318104200958N00044583EA0059700723
B1318114200958N00044583EA0059800722
B1318124200958N00044583EA0059800722
B1318134200958N00044583EA0059700722
B1318144200958N00044583EA0059800722
B1318154200957N00044583EA0059700721
B1318164200957N00044583EA0059700721
B1318174200957N00044583EA0059800721
B1318184200958N00044583EA0059700721
B1318194200957N00044583EA0059700721
B1318204200957N00044583EA0059800720
B1318214200957N00044583EA0059800720
B1318224200957N00044583EA0059700720
B1318234200958N00044583EA0059700720
B1318244200958N00044583EA0059700720
B1318254200958N00044583EA0059700720
B1318264200958N00044582EA0059800720
B1318274200957N00044582EA0059800719
B1318284200957N00044582EA0059700718
B1318294200957N00044582EA0059700718
B1318304200957N00044582EA0059700717
B1318314200957N00044582EA0059700717
B1318324200957N00044582EA0059700717
B1318334200957N00044582EA0059700717
B1318344200957N00044582EA0059700716
B1318354200957N00044582EA0059800716
B1318364200957N00044582EA0059700716
B1318374200957N00044582EA0059700716
B1318384200957N00044582EA0059800716
B1318394200957N00044581EA0059700717
B1318404200957N00044582EA0059700716
B1318414200957N00044582EA0059700716
B1318424200956N00044582EA0059700716
B1318434200956N00044582EA0059800716
B1318444200956N00044581EA0059700715
B1318454200957N00044581EA0059800715
B1318464200956N00044582EA0059700715
B1318474200956N00044582EA0059700715
B1318484200956N00044582EA0059800716
B1318494200956N00044582EA0059700716
B1318504200956N00044582EA0059800717
B1318514200956N00044582EA0059700716
B1318524200956N00044582EA0059800716
B1318534200956N00044582EA0059700716
B1318544200956N00044582EA0059700717
B1318554200956N00044582EA0059700717
B1318564200956N00044582EA0059700717
B1318574200956N00044582EA0059700717
B1318584200957N00044582EA0059700717
B1318594200957N00044582EA0059800717
B1319004200957N00044582EA0059700717
B1319014200957N00044582EA0059700717
B1319024200957N00044582EA0059700717
B1319034200957N00044582EA0059700717
B1319044200957N00044582EA0059700718
B1319054200957N00044582EA0059700718
B1319064200957N00044582EA0059700717
B1319074200958N00044581EA0059700717
B1319084200957N00044582EA0059800718
B1319094200957N00044581EA0059700718
B1319104200957N00044581EA0059700717
B1319114200957N00044581EA0059800717
B1319124200957N00044581EA0059800716
B1319134200957N00044581EA0059800715
B1319144200957N00044581EA0059700715
B1319154200957N00044581EA0059700715
B1319164200957N00044581EA0059700715
B1319174200957N00044581EA0059700715
B1319184200957N00044581EA0059700715
B1319194200957N00044581EA0059800716
B1319204200957N00044581EA0059700716
B1319214200957N00044581EA0059700717
B1319224200957N00044581EA0059700717
B1319234200957N00044581EA0059700716
B1319244200957N00044581EA0059700716
B1319254200956N00044582EA0059800716
B1319264200956N00044582EA0059700716
B1319274200956N00044582EA0059700715
B1319284200956N00044582EA0059800714
B1319294200955N00044582EA0059800714
B1319304200956N00044582EA0059800714
B1319314200956N00044582EA0059800714
B1319324200955N00044582EA0059800714
B1319334200956N00044583EA0059800714
B1319344200955N00044583EA0059700715
B1319354200955N00044583EA0059800715
B1319364200955N00044583EA0059800714
B1319374200955N00044583EA0059800714
B1319384200955N00044583EA0059800714
B1319394200955N00044583EA0059800714
B1319404200955N00044582EA0059700714
B1319414200955N00044583EA0059700714
B1319424200955N00044583EA0059700715
B1319434200956N00044583EA0059700715
B1319444200955N00044583EA0059800715
B1319454200955N00044583EA0059700715
B1319464200955N00044583EA0059700715
B1319474200955N00044583EA0059800716
B1319484200955N00044583EA0059800716
B1319494200956N00044583EA0059700716
B1319504200956N00044583EA0059800717
B1319514200956N00044583EA0059700717
B1319524200956N00044583EA0059700718
B1319534200956N00044583EA0059700718
B1319544200956N00044583EA0059800718
B1319554200956N00044583EA0059700718
B1319564200956N00044583EA0059700718
B1319574200956N00044583EA0059700718
B1319584200956N00044584EA0059700718
B1319594200956N00044584EA0059700718
B1320004200956N00044584EA0059700718
B1320014200956N00044584EA0059700718
B1320024200957N00044583EA0059700718
B1320034200957N00044583EA0059700718
B1320044200957N00044583EA0059700718
B1320054200957N00044583EA0059700719
B1320064200957N00044583EA0059700719
B1320074200958N00044583EA0059700719
B1320084200958N00044582EA0059700720
B1320094200958N00044582EA0059700719
B1320104200958N00044582EA0059700719
B1320114200958N00044582EA0059700719
B1320124200958N00044581EA0059700719
B1320134200958N00044581EA0059700718
B1320144200958N00044581EA0059700718
B1320154200958N00044582EA0059700719
B1320164200958N00044581EA0059700719
B1320174200958N00044581EA0059700719
B1320184200958N00044581EA0059600720
B1320194200958N00044581EA0059700719
B1320204200958N00044581EA0059700720
B1320214200958N00044581EA0059700719
B1320224200958N00044581EA0059700720
B1320234200958N00044581EA0059700720
B1320244200958N00044581EA0059700720
B1320254200958N00044581EA0059700720
B1320264200958N00044581EA0059700720
B1320274200958N00044581EA0059600720
B1320284200958N00044581EA0059700720
B1320294200958N00044581EA0059700720
B1320304200958N00044581EA0059700720
B1320314200958N00044581EA0059700719
B1320324200958N00044581EA0059800719
B1320334200958N00044581EA0059800719
B1320344200958N00044581EA0059800719
B1320354200957N00044581EA0059800720
B1320364200957N00044581EA0059800719
B1320374200957N00044581EA0059700719
B1320384200957N00044581EA0059700719
B1320394200957N00044581EA0059700719
B1320404200957N00044582EA0059600719
B1320414200957N00044582EA0059600719
B1320424200958N00044581EA0059700719
B1320434200958N00044582EA0059700720
B1320444200958N00044582EA0059700720
B1320454200958N00044582EA0059700720
B1320464200958N00044582EA0059700720
B1320474200958N00044582EA0059700720
B1320484200958N00044582EA0059700720
B1320494200958N00044582EA0059700720
B1320504200958N00044582EA0059700720
B1320514200958N00044582EA0059700720
B1320524200958N00044582EA0059700719
B1320534200958N00044581EA0059700720
B1320544200958N00044581EA0059800719
B1320554200959N00044581EA0059700719
B1320564200958N00044582EA0059700719
B1320574200958N00044582EA0059700720
B1320584200958N00044582EA0059700720
B1320594200958N00044582EA0059700720
B1321004200958N00044582EA0059700720
B1321014200958N00044582EA0059700719
B1321024200958N00044582EA0059700718
B1321034200958N00044582EA0059700718
B1321044200958N00044582EA0059700719
B1321054200958N00044582EA0059700719
B1321064200958N00044582EA0059700719
B1321074200958N00044582EA0059700718
B1321084200958N00044582EA0059700718
B1321094200958N00044582EA0059700718
B1321104200958N00044582EA0059700718
B1321114200958N00044582EA0059700719
B1321124200958N00044582EA0059700719
B1321134200958N00044582EA0059700719
B1321144200958N00044582EA0059700719
B1321154200958N00044582EA0059800719
B1321164200958N00044582EA0059700719
B1321174200958N00044581EA0059800720
B1321184200958N00044581EA0059700720
B1321194200959N00044581EA0059700721
B1321204200959N00044582EA0059700721
B1321214200959N00044582EA0059700721
B1321224200959N00044582EA0059700722
B1321234200959N00044581EA0059700723
B1321244200959N00044581EA0059700723
B1321254200959N00044581EA0059700723
B1321264200959N00044581EA0059700723
B1321274200959N00044581EA0059800723
B1321284200959N00044581EA0059800723
B1321294200959N00044581EA0059800722
B1321304200959N00044581EA0059800722
B1321314200959N00044581EA0059800723
B1321324200959N00044582EA0059700723
B1321334200959N00044581EA0059700723
B1321344200959N00044581EA0059800724
B1321354200960N00044581EA0059800724
B1321364200960N00044581EA0059700724
B1321374200959N00044582EA0059700724
B1321384200960N00044582EA0059700725
B1321394200960N00044581EA0059700725
B1321404200960N00044581EA0059800726
B1321414200960N00044582EA0059700726
B1321424200959N00044582EA0059700727
B1321434200959N00044582EA0059700728
B1321444200959N00044582EA0059700728
B1321454200959N00044582EA0059800728
B1321464200959N00044582EA0059700728
B1321474200959N00044582EA0059800727
B1321484200959N00044582EA0059700727
B1321494200959N00044582EA0059800726
B1321504200959N00044582EA0059800726
B1321514200959N00044582EA0059700726
B1321524200959N00044582EA0059700726
B1321534200959N00044582EA0059700726
B1321544200959N00044582EA0059800726
B1321554200959N00044582EA0059700725
B1321564200959N00044582EA0059700724
B1321574200959N00044582EA0059700724
B1321584200959N00044582EA0059700724
B1321594200959N00044582EA0059700723
B1322004200959N00044582EA0059700724
B1322014200958N00044582EA0059700724
B1322024200958N00044582EA0059700724
B1322034200958N00044582EA0059700724
B1322044200959N00044581EA0059700724
B1322054200959N00044581EA0059700724
B1322064200959N00044581EA0059700724
B1322074200959N00044581EA0059700724
B1322084200959N00044581EA0059700724
B1322094200959N00044581EA0059700724
B1322104200959N00044581EA0059800724
B1322114200959N00044581EA0059800724
B1322124200959N00044581EA0059700723
B1322134200958N00044581EA0059800722
B1322144200958N00044581EA0059800722
B1322154200958N00044581EA0059800721
B1322164200958N00044582EA0059800721
B1322174200958N00044581EA0059700720
B1322184200958N00044581EA0059800721
B1322194200958N00044581EA0059800721
B1322204200958N00044581EA0059700721
B1322214200958N00044582EA0059700722
B1322224200958N00044582EA0059700722
B1322234200958N00044582EA0059700722
B1322244200958N00044582EA0059700722
B1322254200958N00044582EA0059800722
B1322264200958N00044582EA0059800722
B1322274200958N00044582EA0059700722
B1322284200958N00044582EA0059800722
B1322294200958N00044582EA0059800722
B1322304200958N00044582EA0059800722
B1322314200958N00044582EA0059800722
B1322324200958N00044582EA0059800722
B1322334200958N00044582EA0059700722
B1322344200958N00044582EA0059800721
B1322354200958N00044583EA0059800721
B1322364200958N00044583EA0059800721
B1322374200958N00044583EA0059700721
B1322384200958N00044583EA0059800721
B1322394200958N00044583EA0059800721
B1322404200958N00044583EA0059800721
B1322414200958N00044583EA0059800721
B1322424200958N00044583EA0059800721
B1322434200958N00044583EA0059800721
B1322444200958N00044583EA0059700721
B1322454200958N00044583EA0059800722
B1322464200958N00044583EA0059800722
B1322474200958N00044583EA0059800722
B1322484200958N00044583EA0059800722
B1322494200958N00044583EA0059800722
B1322504200958N00044583EA0059700722
B1322514200958N00044583EA0059700722
B1322524200958N00044583EA0059800722
B1322534200958N00044583EA0059700722
B1322544200958N00044583EA0059800722
B1322554200958N00044583EA0059800722
B1322564200958N00044583EA0059800722
B1322574200958N00044583EA0059800722
B1322584200958N00044583EA0059800722
B1322594200958N00044583EA0059700721
B1323004200958N00044583EA0059700722
B1323014200958N00044583EA0059800722
B1323024200958N00044583EA0059800722
B1323034200958N00044583EA0059800722
B1323044200958N00044583EA0059800722
B1323054200958N00044583EA0059800723
B1323064200958N00044583EA0059800723
B1323074200958N00044583EA0059800723
B1323084200958N00044584EA0059800723
B1323094200958N00044583EA0059800723
B1323104200959N00044583EA0059800724
B1323114200959N00044583EA0059800724
B1323124200959N00044583EA0059800724
B1323134200959N00044583EA0059800724
B1323144200959N00044583EA0059800725
B1323154200959N00044583EA0059800725
B1323164200959N00044583EA0059800725
B1323174200959N00044583EA0059700726
B1323184200959N00044583EA0059800726
B1323194200959N00044583EA0059700726
B1323204200959N00044583EA0059800726
B1323214200959N00044583EA0059800727
B1323224200959N00044583EA0059700727
B1323234200959N00044583EA0059700727
B1323244200959N00044583EA0059700728
B1323254200959N00044583EA0059700728
B1323264200959N00044583EA0059800728
B1323274200959N00044583EA0059800728
B1323284200959N00044584EA0059800728
B1323294200959N00044584EA0059800728
B1323304200959N00044584EA0059800728
B1323314200959N00044584EA0059700728
B1323324200959N00044584EA0059800728
B1323334200959N00044584EA0059700728
B1323344200959N00044584EA0059800728
B1323354200959N00044584EA0059700728
B1323364200959N00044584EA0059700728
B1323374200959N00044584EA0059700728
B1323384200959N00044584EA0059800728
B1323394200959N00044584EA0059800728
B1323404200959N00044584EA0059700728
B1323414200959N00044584EA0059800729
B1323424200959N00044584EA0059800729
B1323434200959N00044584EA0059700729
B1323444200959N00044584EA0059800728
B1323454200959N00044584EA0059800728
B1323464200959N00044584EA0059800728
B1323474200959N00044583EA0059800729
B1323484200959N00044583EA0059800729
B1323494200959N00044583EA0059800729
B1323504200959N00044583EA0059800729
B1323514200959N00044583EA0059800729
B1323524200959N00044583EA0059800729
B1323534200959N00044583EA0059800729
B1323544200959N00044583EA0059800729
B1323554200959N00044583EA0059700729
B1323564200959N00044583EA0059800729
B1323574200959N00044583EA0059800729
B1323584200959N00044583EA0059700729
B1323594200959N00044583EA0059700729
B1324004200959N00044583EA0059800729
B1324014200959N00044583EA0059800729
B1324024200959N00044583EA0059700729
B1324034200959N00044582EA0059800729
B1324044200959N00044582EA0059700729
B1324054200959N00044582EA0059700729
B1324064200959N00044582EA0059700729
B1324074200959N00044582EA0059700729
B1324084200959N00044582EA0059700729
B1324094200959N00044582EA0059700729
B1324104200959N00044582EA0059700729
B1324114200959N00044582EA0059700729
B1324124200959N00044582EA0059700729
B1324134200959N00044582EA0059700728
B1324144200959N00044582EA0059700728
B1324154200959N00044582EA0059700728
B1324164200959N00044582EA0059700728
B1324174200959N00044582EA0059800728
B1324184200959N00044583EA0059700727
B1324194200959N00044583EA0059700727
B1324204200958N00044583EA0059800727
B1324214200958N00044583EA0059700727
B1324224200958N00044583EA0059800727
B1324234200959N00044583EA0059800727
B1324244200959N00044583EA0059700727
B1324254200959N00044583EA0059700727
B1324264200959N00044583EA0059700726
B1324274200958N00044583EA0059700726
B1324284200958N00044583EA0059800726
B1324294200958N00044583EA0059800726
B1324304200958N00044583EA0059700726
B1324314200958N00044583EA0059700725
B1324324200958N00044583EA0059700725
B1324334200958N00044583EA0059700725
B1324344200958N00044583EA0059800725
B1324354200958N00044583EA0059800725
B1324364200958N00044584EA0059800724
B1324374200958N00044584EA0059800724
B1324384200958N00044584EA0059700724
B1324394200958N00044584EA0059700724
B1324404200958N00044584EA0059800724
B1324414200958N00044584EA0059800724
B1324424200958N00044584EA0059800723
B1324434200958N00044585EA0059700723
B1324444200958N00044585EA0059700723
B1324454200958N00044585EA0059700723
B1324464200958N00044585EA0059800723
B1324474200958N00044585EA0059800723
B1324484200958N00044584EA0059800723
B1324494200958N00044584EA0059800723
B1324504200958N00044584EA0059800723
B1324514200958N00044584EA0059700723
B1324524200958N00044585EA0059800723
B1324534200958N00044585EA0059700723
B1324544200958N00044585EA0059800723
B1324554200958N00044584EA0059800722
B1324564200958N00044584EA0059700722
B1324574200958N00044584EA0059800721
B1324584200958N00044584EA0059700721
B1324594200958N00044584EA0059800721
B1325004200958N00044584EA0059800720
B1325014200958N00044585EA0059800720
B1325024200958N00044584EA0059800721
B1325034200958N00044584EA0059800721
B1325044200958N00044584EA0059800721
B1325054200958N00044584EA0059800720
B1325064200958N00044584EA0059800720
B1325074200958N00044584EA0059800720
B1325084200958N00044584EA0059700720
B1325094200958N00044583EA0059800719
B1325104200958N00044583EA0059800720
B1325114200958N00044583EA0059700720
B1325124200958N00044583EA0059800720
B1325134200958N00044583EA0059700720
B1325144200958N00044583EA0059800720
B1325154200958N00044583EA0059700721
B1325164200958N00044584EA0059700720
B1325174200958N00044584EA0059700720
B1325184200958N00044583EA0059700720
B1325194200958N00044584EA0059800721
B1325204200958N00044584EA0059800721
B1325214200958N00044584EA0059700721
B1325224200958N00044584EA0059700720
B1325234200958N00044583EA0059800720
B1325244200958N00044583EA0059700720
B1325254200958N00044583EA0059700720
B1325264200958N00044583EA0059700719
B1325274200958N00044583EA0059700720
B1325284200958N00044583EA0059800720
B1325294200958N00044583EA0059700721
B1325304200958N00044583EA0059700721
B1325314200958N00044584EA0059800721
B1325324200958N00044584EA0059700722
B1325334200958N00044583EA0059700721
B1325344200958N00044583EA0059700721
B1325354200958N00044583EA0059700721
B1325364200958N00044583EA0059700721
B1325374200958N00044584EA0059700721
B1325384200958N00044584EA0059700722
B1325394200958N00044584EA0059700722
B1325404200958N00044584EA0059700722
B1325414200958N00044584EA0059700722
B1325424200958N00044584EA0059700722
B1325434200958N00044584EA0059700721
B1325444200958N00044584EA0059700722
B1325454200959N00044584EA0059700722
B1325464200959N00044583EA0059700723
B1325474200959N00044583EA0059700724
B1325484200959N00044583EA0059700723
B1325494200959N00044583EA0059700723
B1325504200959N00044583EA0059700723
B1325514200959N00044583EA0059700723
B1325524200959N00044583EA0059700723
B1325534200959N00044583EA0059700723
B1325544200959N00044583EA0059700723
B1325554200959N00044582EA0059700722
B1325564200959N00044582EA0059700722
B1325574200959N00044582EA0059700723
B1325584200959N00044582EA0059700723
B1325594200959N00044582EA0059700723
B1326004200959N00044582EA0059700722
B1326014200959N00044582EA0059700723
B1326024200959N00044581EA0059700723
B1326034200959N00044582EA0059700724
B1326044200959N00044581EA0059700724
B1326054200959N00044581EA0059700724
B1326064200959N00044581EA0059700724
B1326074200959N00044581EA0059700724
B1326084200959N00044581EA0059700725
B1326094200959N00044581EA0059700725
B1326104200959N00044582EA0059700725
B1326114200959N00044582EA0059800725
B1326124200959N00044582EA0059700726
B1326134200959N00044582EA0059800725
B1326144200959N00044582EA0059700726
B1326154200959N00044582EA0059700726
B1326164200959N00044582EA0059700727
B1326174200959N00044581EA0059700727
B1326184200959N00044582EA0059700727
B1326194200959N00044582EA0059700728
B1326204200959N00044582EA0059700728
B1326214200959N00044582EA0059700728
B1326224200959N00044582EA0059800728
B1326234200959N00044582EA0059800729
B1326244200959N00044582EA0059700729
B1326254200959N00044582EA0059800730
B1326264200959N00044582EA0059700730
B1326274200960N00044582EA0059700730
B1326284200959N00044582EA0059700730
B1326294200959N00044582EA0059700729
B1326304200959N00044583EA0059700729
B1326314200959N00044583EA0059700729
B1326324200959N00044583EA0059700729
B1326334200959N00044583EA0059700728
B1326344200959N00044583EA0059700729
B1326354200959N00044583EA0059700728
B1326364200959N00044583EA0059700728
B1326374200959N00044583EA0059700729
B1326384200959N00044583EA0059800728
B1326394200959N00044583EA0059700728
B1326404200958N00044583EA0059700729
B1326414200958N00044583EA0059700729
B1326424200958N00044583EA0059700729
B1326434200958N00044583EA0059700728
B1326444200958N00044583EA0059800728
B1326454200958N00044583EA0059700727
B1326464200958N00044584EA0059800728
B1326474200958N00044583EA0059700728
B1326484200958N00044583EA0059700730
B1326494200958N00044583EA0059700731
B1326504200958N00044583EA0059700731
B1326514200958N00044583EA0059800731
B1326524200958N00044583EA0059700730
B1326534200958N00044583EA0059800730
B1326544200958N00044583EA0059700731
B1326554200958N00044583EA0059700731
B1326564200958N00044584EA0059800731
B1326574200957N00044584EA0059700731
B1326584200957N00044584EA0059700731
B1326594200957N00044584EA0059700732
B1327004200957N00044584EA0059800731
B1327014200957N00044584EA0059700731
B1327024200957N00044584EA0059700731
B1327034200957N00044584EA0059800731
B1327044200957N00044585EA0059700731
B1327054200957N00044585EA0059800731
B1327064200957N00044585EA0059700732
B1327074200957N00044585EA0059700731
B1327084200957N00044585EA0059800730
B1327094200957N00044585EA0059800730
B1327104200957N00044585EA0059700730
B1327114200957N00044585EA0059800730
B1327124200957N00044585EA0059700730
B1327134200957N00044585EA0059700730
B1327144200957N00044585EA0059800730
B1327154200956N00044585EA0059700729
B1327164200957N00044585EA0059700730
B1327174200956N00044585EA0059800729
B1327184200956N00044586EA0059800729
B1327194200956N00044586EA0059700729
B1327204200955N00044586EA0059800729
B1327214200955N00044586EA0059800728
B1327224200955N00044586EA0059700728
B1327234200955N00044586EA0059800729
B1327244200955N00044586EA0059800729
B1327254200955N00044586EA0059700729
B1327264200955N00044586EA0059800729
B1327274200955N00044586EA0059800729
B1327284200955N00044586EA0059800729
B1327294200955N00044587EA0059700729
B1327304200955N00044587EA0059700728
B1327314200955N00044587EA0059700729
B1327324200955N00044587EA0059800730
B1327334200955N00044587EA0059800729
B1327344200955N00044587EA0059700729
B1327354200955N00044587EA0059700729
B1327364200955N00044587EA0059700729
B1327374200955N00044587EA0059700729
B1327384200955N00044587EA0059700730
B1327394200954N00044587EA0059700729
B1327404200954N00044587EA0059800729
B1327414200954N00044587EA0059800729
B1327424200954N00044587EA0059800730
B1327434200955N00044587EA0059700730
B1327444200955N00044586EA0059800730
B1327454200955N00044586EA0059700730
B1327464200955N00044586EA0059800729
B1327474200955N00044586EA0059800729
B1327484200955N00044586EA0059700730
B1327494200954N00044586EA0059800729
B1327504200955N00044586EA0059700729
B1327514200955N00044586EA0059800729
B1327524200955N00044586EA0059800729
B1327534200954N00044586EA0059800729
B1327544200954N00044585EA0059800728
B1327554200954N00044585EA0059700727
B1327564200954N00044585EA0059700727
B1327574200954N00044586EA0059800726
B1327584200954N00044586EA0059800726
B1327594200954N00044586EA0059700727
B1328004200954N00044586EA0059800727
B1328014200954N00044586EA0059800726
B1328024200955N00044586EA0059800726
B1328034200955N00044585EA0059800726
B1328044200954N00044585EA0059800725
B1328054200955N00044585EA0059800725
B1328064200954N00044585EA0059800724
B1328074200954N00044585EA0059700723
B1328084200955N00044585EA0059800723
B1328094200954N00044585EA0059800723
B1328104200955N00044585EA0059800723
B1328114200954N00044585EA0059800723
B1328124200954N00044585EA0059800722
B1328134200955N00044585EA0059800722
B1328144200955N00044585EA0059800722
B1328154200955N00044584EA0059800722
B1328164200955N00044584EA0059700723
B1328174200955N00044584EA0059800724
B1328184200955N00044584EA0059800724
B1328194200955N00044584EA0059800724
B1328204200955N00044584EA0059700723
B1328214200955N00044584EA0059800723
B1328224200955N00044584EA0059800724
B1328234200955N00044584EA0059800724
B1328244200955N00044584EA0059700724
B1328254200956N00044583EA0059700725
B1328264200956N00044583EA0059800727
B1328274200956N00044583EA0059800728
B1328284200956N00044583EA0059700728
B1328294200956N00044583EA0059700728
B1328304200956N00044583EA0059800729
B1328314200956N00044583EA0059700730
B1328324200956N00044583EA0059700730
B1328334200956N00044583EA0059700730
B1328344200956N00044583EA0059800731
B1328354200956N00044583EA0059800732
B1328364200957N00044583EA0059700732
B1328374200957N00044583EA0059800732
B1328384200957N00044583EA0059800731
B1328394200957N00044583EA0059700732
B1328404200957N00044583EA0059700732
B1328414200957N00044583EA0059800732
B1328424200958N00044582EA0059700732
B1328434200957N00044582EA0059700731
B1328444200958N00044582EA0059800732
B1328454200958N00044582EA0059800732
B1328464200958N00044582EA0059700732
B1328474200958N00044582EA0059800733
B1328484200958N00044582EA0059700733
B1328494200958N00044582EA0059800733
B1328504200958N00044582EA0059800732
B1328514200958N00044582EA0059800732
B1328524200958N00044582EA0059800731
B1328534200958N00044582EA0059800731
B1328544200959N00044582EA0059700732
B1328554200959N00044582EA0059800732
B1328564200959N00044582EA0059800732
B1328574200959N00044582EA0059800733
B1328584200959N00044582EA0059700734
B1328594200959N00044582EA0059800735
B1329004200958N00044583EA0059800736
B1329014200958N00044583EA0059800735
B1329024200958N00044583EA0059800736
B1329034200958N00044583EA0059800736
B1329044200958N00044583EA0059700736
B1329054200958N00044583EA0059800737
B1329064200958N00044583EA0059700737
B1329074200958N00044583EA0059700737
B1329084200958N00044583EA0059800737
B1329094200958N00044583EA0059800736
B1329104200958N00044583EA0059700736
B1329114200958N00044583EA0059700736
B1329124200958N00044583EA0059700736
B1329134200958N00044583EA0059700736
B1329144200958N00044583EA0059700735
B1329154200958N00044583EA0059800735
B1329164200958N00044582EA0059800734
B1329174200958N00044583EA0059700735
B1329184200958N00044583EA0059700734
B1329194200958N00044582EA0059700734
B1329204200958N00044582EA0059700734
B1329214200958N00044582EA0059800733
B1329224200958N00044582EA0059800732
B1329234200959N00044582EA0059700732
B1329244200958N00044582EA0059700732
B1329254200958N00044582EA0059700732
B1329264200958N00044582EA0059800733
B1329274200958N00044582EA0059800734
B1329284200958N00044582EA0059800734
B1329294200958N00044582EA0059700733
B1329304200958N00044582EA0059800734
B1329314200958N00044581EA0059700734
B1329324200958N00044582EA0059800734
B1329334200958N00044582EA0059700734
B1329344200958N00044582EA0059700733
B1329354200958N00044582EA0059700733
B1329364200958N00044582EA0059800733
B1329374200958N00044582EA0059700733
B1329384200958N00044582EA0059800734
B1329394200958N00044582EA0059800734
B1329404200958N00044582EA0059700734
B1329414200958N00044582EA0059800734
B1329424200958N00044582EA0059700733
B1329434200958N00044582EA0059800733
B1329444200958N00044582EA0059800733
B1329454200958N00044582EA0059700733
B1329464200958N00044582EA0059700733
B1329474200958N00044582EA0059800733
B1329484200958N00044582EA0059700733
B1329494200958N00044582EA0059800732
B1329504200958N00044582EA0059800732
B1329514200958N00044582EA0059800732
B1329524200958N00044582EA0059800731
B1329534200958N00044582EA0059800731
B1329544200958N00044582EA0059800731
B1329554200957N00044582EA0059700731
B1329564200957N00044582EA0059800731
B1329574200957N00044582EA0059700732
B1329584200957N00044582EA0059700732
B1329594200957N00044582EA0059800732
B1330004200957N00044582EA0059700732
B1330014200957N00044582EA0059700732
B1330024200957N00044583EA0059700732
B1330034200957N00044583EA0059700732
B1330044200957N00044583EA0059700732
B1330054200957N00044583EA0059700731
B1330064200957N00044583EA0059700731
B1330074200957N00044583EA0059700731
B1330084200957N00044583EA0059700730
B1330094200957N00044583EA0059700730
B1330104200957N00044583EA0059700730
B1330114200957N00044583EA0059700730
B1330124200957N00044583EA0059800730
B1330134200957N00044583EA0059700730
B1330144200957N00044583EA0059700731
B1330154200958N00044583EA0059700731
B1330164200957N00044583EA0059700731
B1330174200958N00044583EA0059700731
B1330184200957N00044583EA0059700731
B1330194200957N00044583EA0059700732
B1330204200958N00044583EA0059700732
B1330214200958N00044583EA0059700732
B1330224200958N00044583EA0059700731
B1330234200958N00044583EA0059700731
B1330244200958N00044583EA0059700731
B1330254200958N00044583EA0059700731
B1330264200957N00044583EA0059700731
B1330274200957N00044583EA0059700730
B1330284200957N00044583EA0059700731
B1330294200957N00044583EA0059700731
B1330304200957N00044583EA0059700730
B1330314200957N00044583EA0059700730
B1330324200957N00044583EA0059700730
B1330334200957N00044583EA0059700730
B1330344200957N00044584EA0059700730
B1330354200957N00044583EA0059700729
B1330364200957N00044583EA0059700730
B1330374200957N00044583EA0059700729
B1330384200957N00044584EA0059700729
B1330394200957N00044584EA0059700729
B1330404200957N00044584EA0059700728
B1330414200957N00044584EA0059800727
B1330424200957N00044584EA0059700727
B1330434200957N00044584EA0059700727
B1330444200956N00044585EA0059700727
B1330454200956N00044585EA0059800725
B1330464200956N00044585EA0059800724
B1330474200956N00044585EA0059800724
B1330484200956N00044585EA0059800724
B1330494200956N00044585EA0059800724
B1330504200956N00044585EA0059800724
B1330514200956N00044585EA0059800724
B1330524200957N00044585EA0059800724
B1330534200957N00044585EA0059700725
B1330544200957N00044585EA0059700724
B1330554200957N00044585EA0059800724
B1330564200957N00044585EA0059800724
B1330574200957N00044585EA0059700724
B1330584200957N00044585EA0059800725
B1330594200957N00044585EA0059800725
B1331004200957N00044585EA0059800724
B1331014200957N00044585EA0059800724
B1331024200957N00044585EA0059800724
B1331034200957N00044585EA0059800724
B1331044200956N00044585EA0059800724
B1331054200956N00044585EA0059800724
B1331064200956N00044585EA0059800724
B1331074200956N00044585EA0059800725
B1331084200956N00044585EA0059700725
B1331094200956N00044585EA0059800725
B1331104200956N00044585EA0059700725
B1331114200957N00044585EA0059800725
B1331124200957N00044585EA0059800726
B1331134200956N00044586EA0059800726
B1331144200957N00044585EA0059800725
B1331154200956N00044585EA0059800725
B1331164200956N00044586EA0059800725
B1331174200956N00044586EA0059800725
B1331184200956N00044586EA0059800725
B1331194200956N00044586EA0059700725
B1331204200956N00044586EA0059800726
B1331214200956N00044585EA0059800726
B1331224200956N00044585EA0059800726
B1331234200956N00044586EA0059800727
B1331244200956N00044585EA0059800727
B1331254200957N00044585EA0059800727
B1331264200957N00044585EA0059800727
B1331274200957N00044585EA0059700728
B1331284200957N00044585EA0059800727
B1331294200957N00044584EA0059700728
B1331304200957N00044584EA0059700728
B1331314200958N00044584EA0059800728
B1331324200958N00044584EA0059800728
B1331334200958N00044584EA0059800728
B1331344200958N00044584EA0059800728
B1331354200958N00044584EA0059800728
B1331364200958N00044584EA0059800728
B1331374200958N00044584EA0059700728
B1331384200958N00044584EA0059800728
B1331394200958N00044584EA0059700728
B1331404200958N00044584EA0059800728
B1331414200958N00044584EA0059800727
B1331424200958N00044584EA0059700727
B1331434200958N00044584EA0059800727
B1331444200958N00044584EA0059800727
B1331454200958N00044584EA0059700727
B1331464200958N00044584EA0059800727
B1331474200958N00044584EA0059800726
B1331484200958N00044584EA0059800726
B1331494200958N00044584EA0059800727
B1331504200958N00044584EA0059800727
B1331514200958N00044584EA0059800727
B1331524200958N00044584EA0059800727
B1331534200958N00044584EA0059800726
B1331544200958N00044584EA0059800726
B1331554200958N00044584EA0059800727
B1331564200958N00044584EA0059800727
B1331574200958N00044584EA0059800726
B1331584200958N00044584EA0059800726
B1331594200958N00044584EA0059800726
B1332004200958N00044584EA0059700726
B1332014200958N00044584EA0059700726
B1332024200958N00044584EA0059800726
B1332034200958N00044584EA0059800726
B1332044200958N00044584EA0059800726
B1332054200958N00044584EA0059800726
B1332064200958N00044584EA0059700725
B1332074200958N00044584EA0059800725
B1332084200958N00044584EA0059800725
B1332094200958N00044584EA0059800725
B1332104200958N00044584EA0059700725
B1332114200958N00044584EA0059700725
B1332124200958N00044584EA0059700725
B1332134200958N00044584EA0059700726
B1332144200958N00044584EA0059700726
B1332154200957N00044584EA0059700726
B1332164200957N00044584EA0059800726
B1332174200957N00044584EA0059800727
B1332184200958N00044583EA0059700727
B1332194200958N00044583EA0059700728
B1332204200957N00044583EA0059700728
B1332214200957N00044583EA0059800728
B1332224200957N00044583EA0059700728
B1332234200958N00044583EA0059800729
B1332244200958N00044583EA0059700729
B1332254200957N00044583EA0059700729
B1332264200957N00044583EA0059700729
B1332274200957N00044583EA0059700729
B1332284200957N00044584EA0059800729
B1332294200957N00044584EA0059800729
B1332304200957N00044584EA0059700729
B1332314200956N00044584EA0059700729
B1332324200956N00044584EA0059700728
B1332334200956N00044584EA0059800729
B1332344200955N00044584EA0059800729
B1332354200955N00044584EA0059800729
B1332364200955N00044584EA0059800729
B1332374200955N00044584EA0059700729
B1332384200955N00044584EA0059800729
B1332394200955N00044584EA0059800729
B1332404200955N00044584EA0059700729
B1332414200955N00044584EA0059700729
B1332424200955N00044584EA0059800729
B1332434200956N00044583EA0059800729
B1332444200956N00044583EA0059800729
B1332454200956N00044583EA0059700729
B1332464200956N00044583EA0059800729
B1332474200956N00044583EA0059700729
B1332484200956N00044583EA0059800730
B1332494200956N00044583EA0059800730
B1332504200956N00044583EA0059800730
B1332514200956N00044583EA0059800730
B1332524200955N00044583EA0059700730
B1332534200956N00044583EA0059700731
B1332544200956N00044583EA0059700731
B1332554200956N00044583EA0059700731
B1332564200956N00044583EA0059700731
B1332574200956N00044583EA0059800731
B1332584200956N00044583EA0059700732
B1332594200956N00044583EA0059700731
B1333004200956N00044583EA0059700732
B1333014200956N00044583EA0059700732
B1333024200956N00044582EA0059800732
B1333034200957N00044582EA0059700733
B1333044200957N00044582EA0059700733
B1333054200957N00044582EA0059800733
B1333064200957N00044582EA0059700733
B1333074200957N00044582EA0059800733
B1333084200957N00044582EA0059800733
B1333094200957N00044582EA0059800733
B1333104200957N00044582EA0059700734
B1333114200957N00044582EA0059700734
B1333124200957N00044582EA0059700734
B1333134200957N00044582EA0059800734
B1333144200957N00044582EA0059700734
B1333154200957N00044582EA0059800735
B1333164200957N00044582EA0059800735
B1333174200957N00044582EA0059800735
B1333184200957N00044582EA0059700736
B1333194200957N00044582EA0059700736
B1333204200956N00044582EA0059700736
B1333214200957N00044582EA0059700737
B1333224200957N00044582EA0059700737
B1333234200957N00044582EA0059700738
B1333244200957N00044582EA0059700738
B1333254200957N00044582EA0059700739
B1333264200957N00044582EA0059700739
B1333274200957N00044582EA0059700739
B1333284200957N00044581EA0059700740
B1333294200957N00044581EA0059700740
B1333304200957N00044581EA0059700740
B1333314200957N00044581EA0059700741
B1333324200957N00044581EA0059700741
B1333334200957N00044581EA0059700741
B1333344200957N00044581EA0059700741
B1333354200957N00044581EA0059700742
B1333364200957N00044581EA0059700742
B1333374200957N00044581EA0059700741
B1333384200957N00044581EA0059700741
B1333394200957N00044581EA0059700741
B1333404200957N00044581EA0059700741
B1333414200957N00044581EA0059700741
B1333424200957N00044581EA0059800740
B1333434200957N00044582EA0059700740
B1333444200957N00044582EA0059700740
B1333454200957N00044582EA0059700740
B1333464200957N00044582EA0059800740
B1333474200957N00044582EA0059800739
B1333484200957N00044582EA0059800739
B1333494200957N00044581EA0059700739
B1333504200957N00044581EA0059700739
B1333514200957N00044581EA0059700739
B1333524200957N00044582EA0059800739
B1333534200957N00044581EA0059800739
B1333544200957N00044581EA0059700739
B1333554200957N00044582EA0059700738
B1333564200957N00044582EA0059700738
B1333574200957N00044582EA0059800738
B1333584200957N00044582EA0059700738
B1333594200957N00044582EA0059700738
B1334004200957N00044582EA0059800737
B1334014200957N00044582EA0059700737
B1334024200957N00044582EA0059700737
B1334034200957N00044582EA0059700737
B1334044200957N00044582EA0059800737
B1334054200958N00044582EA0059700737
B1334064200958N00044582EA0059700737
B1334074200958N00044582EA0059700736
B1334084200958N00044582EA0059800736
B1334094200958N00044582EA0059800736
B1334104200958N00044581EA0059700736
B1334114200958N00044581EA0059700736
B1334124200958N00044581EA0059800736
B1334134200958N00044582EA0059800736
B1334144200958N00044582EA0059700735
B1334154200958N00044582EA0059800735
B1334164200958N00044582EA0059700735
B1334174200958N00044582EA0059800735
B1334184200958N00044582EA0059800735
B1334194200958N00044582EA0059700735
B1334204200958N00044582EA0059800735
B1334214200958N00044582EA0059800735
B1334224200958N00044582EA0059700735
B1334234200958N00044582EA0059700735
B1334244200958N00044582EA0059700734
B1334254200958N00044582EA0059800734
B1334264200958N00044582EA0059700734
B1334274200958N00044582EA0059800734
B1334284200959N00044582EA0059700734
B1334294200959N00044581EA0059700734
B1334304200959N00044581EA0059800734
B1334314200959N00044581EA0059800734
B1334324200959N00044582EA0059700734
B1334334200959N00044582EA0059800734
B1334344200959N00044582EA0059800734
B1334354200959N00044582EA0059700733
B1334364200959N00044582EA0059800733
B1334374200959N00044582EA0059800733
B1334384200959N00044582EA0059800732
B1334394200959N00044583EA0059800732
B1334404200959N00044582EA0059800732
B1334414200959N00044582EA0059800732
B1334424200959N00044582EA0059700731
B1334434200959N00044582EA0059800731
B1334444200959N00044582EA0059700731
B1334454200959N00044582EA0059700731
B1334464200959N00044582EA0059800731
B1334474200959N00044582EA0059800731
B1334484200959N00044582EA0059800731
B1334494200959N00044582EA0059700731
B1334504200959N00044582EA0059700731
B1334514200959N00044582EA0059700730
B1334524200959N00044582EA0059800730
B1334534200959N00044582EA0059700730
B1334544200959N00044582EA0059700731
B1334554200959N00044582EA0059700730
B1334564200959N00044582EA0059700730
B1334574200959N00044582EA0059800730
B1334584200959N00044582EA0059700730
B1334594200959N00044582EA0059800730
B1335004200959N00044582EA0059700730
B1335014200959N00044582EA0059800730
B1335024200959N00044582EA0059700730
B1335034200959N00044582EA0059700730
B1335044200959N00044582EA0059700730
B1335054200959N00044582EA0059700730
B1335064200959N00044582EA0059700730
B1335074200959N00044582EA0059700730
B1335084200959N00044582EA0059800730
B1335094200959N00044582EA0059700730
B1335104200959N00044582EA0059700730
B1335114200959N00044582EA0059700730
B1335124200959N00044582EA0059700730
B1335134200959N00044582EA0059700730
B1335144200959N00044582EA0059700730
B1335154200959N00044582EA0059700730
B1335164200959N00044582EA0059700730
B1335174200959N00044582EA0059700730
B1335184200959N00044581EA0059700729
B1335194200959N00044581EA0059700729
B1335204200959N00044581EA0059700729
B1335214200959N00044581EA0059700729
B1335224200960N00044581EA0059700729
B1335234200959N00044581EA0059700729
B1335244200959N00044581EA0059700729
B1335254200959N00044581EA0059800728
B1335264200959N00044581EA0059700728
B1335274200959N00044581EA0059800728
B1335284200959N00044581EA0059700728
B1335294200960N00044581EA0059800728
B1335304200959N00044581EA0059800728
B1335314200959N00044581EA0059700728
B1335324200959N00044581EA0059700727
B1335334200959N00044581EA0059800727
B1335344200959N00044581EA0059800727
B1335354200959N00044582EA0059800727
B1335364200959N00044582EA0059800727
B1335374200959N00044582EA0059800727
B1335384200959N00044582EA0059700727
B1335394200959N00044582EA0059800727
B1335404200959N00044581EA0059700727
B1335414200959N00044581EA0059800727
B1335424200959N00044581EA0059700727
B1335434200959N00044581EA0059700727
B1335444200959N00044581EA0059700727
B1335454200959N00044582EA0059700728
B1335464200959N00044582EA0059800728
B1335474200959N00044582EA0059700727
B1335484200959N00044582EA0059700728
B1335494200959N00044582EA0059800728
B1335504200959N00044582EA0059700728
B1335514200959N00044582EA0059800728
B1335524200959N00044582EA0059800729
B1335534200959N00044582EA0059700729
B1335544200959N00044582EA0059700729
B1335554200959N00044582EA0059700729
B1335564200959N00044582EA0059700729
B1335574200959N00044582EA0059800729
B1335584200959N00044582EA0059700730
B1335594200959N00044582EA0059800730
B1336004200959N00044582EA0059700730
B1336014200959N00044582EA0059700730
B1336024200960N00044582EA0059700729
B1336034200960N00044581EA0059700729
B1336044200960N00044581EA0059800729
B1336054200960N00044581EA0059800729
B1336064200960N00044581EA0059700728
B1336074200960N00044581EA0059700728
B1336084200960N00044581EA0059800727
B1336094200960N00044581EA0059700727
B1336104200959N00044581EA0059800727
B1336114200959N00044581EA0059800727
B1336124200959N00044581EA0059700727
B1336134200959N00044581EA0059700727
B1336144200959N00044581EA0059600727
B1336154200959N00044581EA0059700727
B1336164200959N00044581EA0059700727
B1336174200959N00044581EA0059800727
B1336184200959N00044581EA0059800727
B1336194200959N00044581EA0059800727
B1336204200959N00044581EA0059700726
B1336214200959N00044581EA0059700726
B1336224200959N00044581EA0059800726
B1336234200959N00044581EA0059700726
B1336244200959N00044581EA0059700726
B1336254200959N00044581EA0059700726
B1336264200959N00044581EA0059700726
B1336274200959N00044581EA0059700726
B1336284200959N00044581EA0059700726
B1336294200959N00044581EA0059700726
B1336304200959N00044581EA0059700726
B1336314200959N00044581EA0059700726
B1336324200959N00044581EA0059800726
B1336334200959N00044581EA0059700726
B1336344200959N00044581EA0059700726
B1336354200959N00044581EA0059700726
B1336364200959N00044581EA0059700726
B1336374200959N00044581EA0059700726
B1336384200959N00044581EA0059700726
B1336394200959N00044581EA0059800726
B1336404200959N00044582EA0059700726
B1336414200958N00044582EA0059700726
B1336424200959N00044582EA0059700726
B1336434200959N00044582EA0059700726
B1336444200959N00044582EA0059800726
B1336454200959N00044582EA0059700726
B1336464200959N00044582EA0059800726
B1336474200959N00044582EA0059700726
B1336484200959N00044582EA0059700726
B1336494200959N00044582EA0059700726
B1336504200959N00044582EA0059700726
B1336514200959N00044582EA0059800727
B1336524200959N00044582EA0059800727
B1336534200958N00044582EA0059700727
B1336544200958N00044582EA0059700727
B1336554200958N00044582EA0059800727
B1336564200958N00044582EA0059700727
B1336574200958N00044582EA0059800727
B1336584200958N00044582EA0059700727
B1336594200958N00044582EA0059800727
B1337004200958N00044582EA0059800727
B1337014200958N00044582EA0059800728
B1337024200958N00044582EA0059800728
B1337034200958N00044581EA0059700728
B1337044200958N00044581EA0059700728
B1337054200958N00044582EA0059700729
B1337064200958N00044581EA0059800729
B1337074200958N00044581EA0059700730
B1337084200957N00044581EA0059700730
B1337094200957N00044581EA0059800731
B1337104200957N00044581EA0059800731
B1337114200957N00044581EA0059800731
B1337124200957N00044581EA0059800732
B1337134200957N00044582EA0059800732
B1337144200957N00044581EA0059700732
B1337154200957N00044581EA0059700732
B1337164200957N00044581EA0059700732
B1337174200957N00044581EA0059700732
B1337184200957N00044581EA0059800732
B1337194200957N00044581EA0059700732
B1337204200957N00044581EA0059700732
B1337214200957N00044581EA0059800732
B1337224200957N00044581EA0059700732
B1337234200957N00044581EA0059700732
B1337244200957N00044581EA0059700733
B1337254200957N00044580EA0059700732
B1337264200958N00044580EA0059700733
B1337274200957N00044580EA0059700733
B1337284200957N00044580EA0059700733
B1337294200958N00044580EA0059700732
B1337304200958N00044580EA0059700732
B1337314200958N00044580EA0059700732
B1337324200958N00044580EA0059700732
B1337334200958N00044580EA0059700732
B1337344200958N00044580EA0059700732
B1337354200958N00044580EA0059700731
B1337364200958N00044580EA0059700731
B1337374200958N00044580EA0059700731
B1337384200958N00044580EA0059700731
B1337394200958N00044581EA0059700731
B1337404200958N00044580EA0059700731
B1337414200959N00044581EA0059700731
B1337424200959N00044581EA0059700731
B1337434200959N00044581EA0059700731
B1337444200959N00044581EA0059700731
B1337454200959N00044581EA0059700730
B1337464200959N00044582EA0059700730
B1337474200959N00044581EA0059700730
B1337484200959N00044582EA0059700730
B1337494200959N00044582EA0059700730
B1337504200960N00044582EA0059800729
B1337514200960N00044582EA0059700729
B1337524200960N00044582EA0059800729
B1337534200960N00044582EA0059700729
B1337544200959N00044582EA0059700729
B1337554200960N00044583EA0059800729
B1337564200960N00044583EA0059800729
B1337574200960N00044583EA0059700729
B1337584200960N00044583EA0059700729
B1337594200960N00044583EA0059800728
B1338004200960N00044582EA0059700728
B1338014200960N00044582EA0059700729
B1338024200960N00044582EA0059800729
B1338034200960N00044582EA0059700729
B1338044200960N00044582EA0059800729
B1338054200960N00044582EA0059800729
B1338064200960N00044582EA0059800729
B1338074200960N00044582EA0059700729
B1338084200960N00044582EA0059700729
B1338094200961N00044582EA0059700730
B1338104200961N00044582EA0059700730
B1338114200960N00044583EA0059700730
B1338124200960N00044583EA0059700730
B1338134200960N00044582EA0059700730
B1338144200960N00044583EA0059800730
B1338154200960N00044583EA0059700730
B1338164200960N00044583EA0059700730
B1338174200960N00044583EA0059700731
B1338184200960N00044583EA0059700731
B1338194200960N00044583EA0059800731
B1338204200960N00044583EA0059700731
B1338214200959N00044583EA0059800731
B1338224200959N00044583EA0059800731
B1338234200959N00044583EA0059700731
B1338244200959N00044583EA0059700731
B1338254200959N00044583EA0059700731
B1338264200959N00044583EA0059700731
B1338274200959N00044583EA0059700731
B1338284200959N00044583EA0059800731
B1338294200959N00044583EA0059800731
B1338304200959N00044583EA0059800731
B1338314200958N00044583EA0059800731
B1338324200958N00044582EA0059800732
B1338334200958N00044582EA0059700732
B1338344200958N00044583EA0059800732
B1338354200958N00044583EA0059800732
B1338364200958N00044582EA0059800732
B1338374200958N00044583EA0059800732
B1338384200958N00044583EA0059800732
B1338394200958N00044583EA0059700732
B1338404200958N00044583EA0059700732
B1338414200958N00044583EA0059800732
B1338424200958N00044583EA0059700732
B1338434200958N00044583EA0059800732
B1338444200958N00044583EA0059800731
B1338454200958N00044583EA0059800731
B1338464200958N00044583EA0059800731
B1338474200958N00044583EA0059800731
B1338484200958N00044583EA0059700731
B1338494200958N00044583EA0059800730
B1338504200958N00044583EA0059800730
B1338514200958N00044583EA0059700731
B1338524200958N00044583EA0059800731
B1338534200958N00044583EA0059700731
B1338544200958N00044583EA0059800730
B1338554200958N00044583EA0059700730
B1338564200957N00044583EA0059800730
B1338574200957N00044582EA0059800730
B1338584200957N00044582EA0059800730
B1338594200957N00044582EA0059700730
B1339004200957N00044582EA0059700730
B1339014200957N00044582EA0059700730
B1339024200958N00044582EA0059700729
B1339034200958N00044582EA0059800729
B1339044200957N00044582EA0059700729
B1339054200957N00044582EA0059800729
B1339064200957N00044582EA0059700729
B1339074200958N00044582EA0059700729
B1339084200958N00044582EA0059800728
B1339094200958N00044582EA0059800728
B1339104200958N00044582EA0059700728
B1339114200958N00044582EA0059800727
B1339124200958N00044582EA0059800727
B1339134200958N00044582EA0059700727
B1339144200958N00044582EA0059700727
B1339154200958N00044582EA0059800727
B1339164200958N00044582EA0059700727
B1339174200958N00044583EA0059700728
B1339184200958N00044582EA0059800727
B1339194200958N00044582EA0059800727
B1339204200958N00044582EA0059800727
B1339214200958N00044581EA0059700728
B1339224200958N00044581EA0059700728
B1339234200958N00044581EA0059800727
B1339244200958N00044581EA0059700728
B1339254200958N00044581EA0059800728
B1339264200958N00044581EA0059800727
B1339274200958N00044582EA0059700727
B1339284200959N00044582EA0059700727
B1339294200959N00044582EA0059700727
B1339304200959N00044582EA0059800726
B1339314200959N00044583EA0059800726
B1339324200959N00044583EA0059700726
B1339334200960N00044584EA0059700725
B1339344200960N00044583EA0059700724
B1339354200960N00044584EA0059700723
B1339364200960N00044584EA0059700723
B1339374200960N00044584EA0059700722
B1339384200960N00044584EA0059700722
B1339394200960N00044584EA0059800722
B1339404200961N00044584EA0059800722
B1339414200961N00044584EA0059800720
B1339424200960N00044584EA0059700720
B1339434200960N00044584EA0059800721
B1339444200960N00044583EA0059700721
B1339454200960N00044583EA0059800721
B1339464200960N00044583EA0059700721
B1339474200959N00044582EA0059800723
B1339484200959N00044582EA0059700724
B1339494200959N00044582EA0059700724
B1339504200959N00044582EA0059700725
B1339514200958N00044582EA0059800726
B1339524200958N00044581EA0059800727
B1339534200958N00044581EA0059700729
B1339544200958N00044581EA0059800729
B1339554200957N00044581EA0059700729
B1339564200957N00044581EA0059800730
B1339574200957N00044581EA0059700730
B1339584200957N00044581EA0059800730
B1339594200956N00044580EA0059700731
B1340004200956N00044580EA0059700733
B1340014200956N00044579EA0059800732
B1340024200956N00044579EA0059800732
B1340034200957N00044580EA0059800732
B1340044200957N00044580EA0059800730
B1340054200957N00044580EA0059700730
B1340064200957N00044581EA0059800730
B1340074200957N00044580EA0059800730
B1340084200958N00044581EA0059700729
B1340094200958N00044581EA0059800729
B1340104200958N00044581EA0059700729
B1340114200958N00044582EA0059800728
B1340124200958N00044581EA0059700727
B1340134200958N00044581EA0059800727
B1340144200959N00044582EA0059800727
B1340154200959N00044582EA0059700727
B1340164200959N00044582EA0059800726
B1340174200959N00044582EA0059800726
B1340184200959N00044583EA0059800726
B1340194200959N00044582EA0059800725
B1340204200960N00044582EA0059800725
B1340214200960N00044582EA0059800724
B1340224200959N00044582EA0059800724
B1340234200960N00044582EA0059800725
B1340244200960N00044582EA0059700725
B1340254200959N00044582EA0059700725
B1340264200960N00044582EA0059800725
B1340274200959N00044581EA0059700725
B1340284200959N00044582EA0059700725
B1340294200960N00044582EA0059700725
B1340304200959N00044582EA0059800725
B1340314200959N00044581EA0059800725
B1340324200959N00044581EA0059800726
B1340334200959N00044581EA0059800726
B1340344200959N00044582EA0059800726
B1340354200960N00044582EA0059800725
B1340364200960N00044582EA0059800725
B1340374200959N00044582EA0059800725
B1340384200959N00044582EA0059800725
B1340394200959N00044582EA0059800727
B1340404200959N00044582EA0059800727
B1340414200959N00044583EA0059700727
B1340424200959N00044583EA0059800727
B1340434200959N00044583EA0059800727
B1340444200959N00044583EA0059700727
B1340454200959N00044583EA0059800727
B1340464200959N00044583EA0059800727
B1340474200959N00044583EA0059700727
B1340484200959N00044583EA0059700727
B1340494200959N00044583EA0059800727
B1340504200959N00044583EA0059800728
B1340514200959N00044583EA0059800728
B1340524200959N00044583EA0059800728
B1340534200959N00044583EA0059800728
B1340544200959N00044583EA0059700728
B1340554200959N00044583EA0059700728
B1340564200959N00044583EA0059700728
B1340574200959N00044583EA0059800728
B1340584200959N00044583EA0059800728
B1340594200959N00044584EA0059800728
B1341004200959N00044584EA0059800728
B1341014200959N00044584EA0059800728
B1341024200959N00044584EA0059800728
B1341034200959N00044584EA0059800728
B1341044200959N00044584EA0059700728
B1341054200959N00044584EA0059800728
B1341064200959N00044584EA0059700728
B1341074200960N00044584EA0059800728
B1341084200960N00044584EA0059800728
B1341094200959N00044584EA0059800728
B1341104200959N00044583EA0059800728
B1341114200960N00044584EA0059700728
B1341124200959N00044583EA0059800728
B1341134200960N00044583EA0059800729
B1341144200960N00044583EA0059800728
B1341154200960N00044583EA0059800728
B1341164200960N00044583EA0059800728
B1341174200960N00044583EA0059800728
B1341184200960N00044582EA0059800728
B1341194200960N00044582EA0059800728
B1341204200960N00044582EA0059800729
B1341214200960N00044582EA0059800729
B1341224200960N00044582EA0059800729
B1341234200960N00044582EA0059800729
B1341244200960N00044582EA0059800730
B1341254200959N00044582EA0059800730
B1341264200959N00044582EA0059700730
B1341274200959N00044582EA0059800731
B1341284200959N00044582EA0059800731
B1341294200959N00044581EA0059800731
B1341304200959N00044581EA0059800732
B1341314200959N00044581EA0059800732
B1341324200958N00044581EA0059800732
B1341334200958N00044581EA0059800732
B1341344200958N00044581EA0059800732
B1341354200958N00044580EA0059800732
B1341364200958N00044580EA0059800732
B1341374200959N00044580EA0059800732
B1341384200959N00044580EA0059800731
B1341394200959N00044580EA0059800731
B1341404200959N00044579EA0059800731
B1341414200959N00044579EA0059800731
B1341424200959N00044579EA0059800730
B1341434200959N00044580EA0059800730
B1341444200959N00044580EA0059800729
B1341454200959N00044580EA0059800729
B1341464200959N00044580EA0059800728
B1341474200959N00044580EA0059800728
B1341484200960N00044580EA0059800728
B1341494200960N00044580EA0059800728
B1341504200960N00044580EA0059800728
B1341514200960N00044580EA0059800727
B1341524200960N00044580EA0059800727
B1341534200960N00044581EA0059800726
B1341544200959N00044580EA0059800726
B1341554200959N00044581EA0059700726
B1341564200959N00044581EA0059700727
B1341574200959N00044581EA0059800727
B1341584200959N00044581EA0059700727
B1341594200959N00044581EA0059800726
B1342004200959N00044580EA0059700727
B1342014200959N00044581EA0059800727
B1342024200959N00044581EA0059800727
B1342034200959N00044581EA0059700727
B1342044200959N00044581EA0059800727
B1342054200959N00044581EA0059800727
B1342064200959N00044581EA0059800727
B1342074200958N00044581EA0059800727
B1342084200958N00044581EA0059800728
B1342094200958N00044581EA0059800728
B1342104200958N00044581EA0059800728
B1342114200958N00044581EA0059800728
B1342124200958N00044581EA0059800728
B1342134200958N00044581EA0059800728
B1342144200958N00044581EA0059800728
B1342154200958N00044581EA0059800728
B1342164200958N00044582EA0059800728
B1342174200958N00044582EA0059800728
B1342184200958N00044582EA0059800728
B1342194200958N00044583EA0059800728
B1342204200958N00044583EA0059800728
B1342214200958N00044584EA0059800729
B1342224200958N00044584EA0059800729
B1342234200958N00044584EA0059800729
B1342244200958N00044584EA0059800729
B1342254200958N00044585EA0059700729
B1342264200958N00044585EA0059700729
B1342274200958N00044586EA0059700729
B1342284200958N00044586EA0059800730
B1342294200958N00044586EA0059800730
B1342304200958N00044586EA0059800729
B1342314200958N00044586EA0059800729
B1342324200958N00044586EA0059700729
B1342334200958N00044586EA0059800728
B1342344200958N00044586EA0059800728
B1342354200958N00044586EA0059700728
B1342364200958N00044586EA0059700728
B1342374200958N00044586EA0059800728
B1342384200958N00044585EA0059800728
B1342394200958N00044585EA0059700729
B1342404200958N00044585EA0059700729
B1342414200958N00044584EA0059700729
B1342424200958N00044584EA0059700730
B1342434200957N00044585EA0059800730
B1342444200958N00044584EA0059700730
B1342454200958N00044585EA0059800730
B1342464200958N00044585EA0059800731
B1342474200958N00044585EA0059800730
B1342484200958N00044586EA0059800730
B1342494200958N00044585EA0059700730
B1342504200958N00044586EA0059800730
B1342514200958N00044585EA0059800730
B1342524200958N00044586EA0059800730
B1342534200958N00044586EA0059700731
B1342544200958N00044585EA0059800731
B1342554200958N00044585EA0059800731
B1342564200958N00044585EA0059800731
B1342574200958N00044585EA0059800731
B1342584200957N00044585EA0059800731
B1342594200957N00044585EA0059800731
B1343004200958N00044585EA0059800731
B1343014200958N00044585EA0059800731
B1343024200958N00044586EA0059800731
B1343034200958N00044585EA0059800731
B1343044200958N00044585EA0059800731
B1343054200958N00044586EA0059800731
B1343064200958N00044586EA0059800731
B1343074200958N00044586EA0059800731
B1343084200958N00044586EA0059800730
B1343094200958N00044586EA0059800730
B1343104200958N00044586EA0059800730
B1343114200958N00044586EA0059800730
B1343124200958N00044586EA0059800730
B1343134200958N00044586EA0059800729
B1343144200958N00044586EA0059800729
B1343154200958N00044586EA0059800729
B1343164200958N00044586EA0059800729
B1343174200958N00044586EA0059800729
B1343184200958N00044586EA0059800728
B1343194200958N00044586EA0059800728
B1343204200958N00044586EA0059800728
B1343214200958N00044586EA0059800728
B1343224200959N00044586EA0059800728
B1343234200959N00044586EA0059800728
B1343244200959N00044586EA0059800727
B1343254200959N00044586EA0059800727
B1343264200959N00044586EA0059800727
B1343274200959N00044586EA0059800727
B1343284200959N00044585EA0059800727
B1343294200959N00044585EA0059800726
B1343304200959N00044585EA0059800726
B1343314200959N00044585EA0059800726
B1343324200959N00044586EA0059800726
B1343334200959N00044585EA0059800726
B1343344200959N00044586EA0059900726
B1343354200959N00044586EA0059800725
B1343364200959N00044586EA0059800725
B1343374200959N00044586EA0059800725
B1343384200959N00044586EA0059800725
B1343394200959N00044586EA0059800725
B1343404200960N00044586EA0059800725
B1343414200960N00044586EA0059800724
B1343424200960N00044586EA0059800724
B1343434200960N00044586EA0059800724
B1343444200960N00044587EA0059800723
B1343454200960N00044587EA0059800723
B1343464200960N00044587EA0059800723
B1343474200960N00044587EA0059800722
B1343484200960N00044587EA0059800722
B1343494200960N00044586EA0059800722
B1343504200960N00044586EA0059800722
B1343514200960N00044586EA0059800722
B1343524200960N00044586EA0059800722
B1343534200960N00044585EA0059800722
B1343544200960N00044585EA0059800722
B1343554200961N00044585EA0059800721
B1343564200961N00044585EA0059900721
B1343574200961N00044585EA0059800721
B1343584200961N00044585EA0059800721
B1343594200961N00044585EA0059800721
B1344004200960N00044585EA0059800721
B1344014200960N00044584EA0059800721
B1344024200960N00044584EA0059900721
B1344034200960N00044584EA0059900722
B1344044200960N00044584EA0059800722
B1344054200960N00044584EA0059800722
B1344064200960N00044584EA0059800722
B1344074200960N00044584EA0059800722
B1344084200960N00044584EA0059800722
B1344094200960N00044583EA0059900722
B1344104200960N00044584EA0059800722
B1344114200960N00044583EA0059800723
B1344124200960N00044583EA0059800723
B1344134200960N00044583EA0059900723
B1344144200959N00044583EA0059800723
B1344154200960N00044582EA0059900723
B1344164200959N00044582EA0059800723
B1344174200959N00044581EA0059900724
B1344184200959N00044581EA0059800724
B1344194200959N00044581EA0059800725
B1344204200959N00044581EA0059800725
B1344214200959N00044581EA0059800726
B1344224200959N00044581EA0059900726
B1344234200959N00044580EA0059800726
B1344244200959N00044580EA0059900726
B1344254200959N00044580EA0059800726
B1344264200959N00044580EA0059800726
B1344274200959N00044580EA0059800726
B1344284200958N00044580EA0059800726
B1344294200958N00044580EA0059800726
B1344304200958N00044580EA0059800727
B1344314200958N00044580EA0059800727
B1344324200958N00044579EA0059800727
B1344334200958N00044579EA0059800727
B1344344200958N00044579EA0059800727
B1344354200958N00044578EA0059800728
B1344364200958N00044578EA0059800728
B1344374200958N00044578EA0059800728
B1344384200957N00044577EA0059800729
B1344394200957N00044577EA0059800729
B1344404200957N00044577EA0059800729
B1344414200957N00044577EA0059800730
B1344424200957N00044577EA0059800730
B1344434200957N00044577EA0059800730
B1344444200957N00044577EA0059800730
B1344454200957N00044577EA0059800730
B1344464200957N00044577EA0059800730
B1344474200957N00044577EA0059800730
B1344484200957N00044578EA0059800730
B1344494200957N00044578EA0059800729
B1344504200957N00044578EA0059900729
B1344514200957N00044578EA0059800729
B1344524200958N00044578EA0059800729
B1344534200958N00044578EA0059700729
B1344544200958N00044578EA0059800729
B1344554200958N00044578EA0059800728
B1344564200958N00044578EA0059800728
B1344574200959N00044578EA0059800728
B1344584200959N00044579EA0059800728
B1344594200959N00044578EA0059800728
B1345004200959N00044579EA0059700727
B1345014200959N00044579EA0059800727
B1345024200959N00044579EA0059700728
B1345034200959N00044579EA0059800727
B1345044200960N00044580EA0059800727
B1345054200960N00044581EA0059800726
B1345064200960N00044582EA0059800726
B1345074200960N00044581EA0059800726
B1345084200960N00044582EA0059800725
B1345094200960N00044582EA0059800725
B1345104200961N00044582EA0059800725
B1345114200961N00044582EA0059800724
B1345124200961N00044581EA0059800723
B1345134200961N00044581EA0059800723
B1345144200961N00044581EA0059800723
B1345154200961N00044581EA0059800723
B1345164200961N00044581EA0059800722
B1345174200961N00044580EA0059800723
B1345184200961N00044580EA0059800722
B1345194200961N00044580EA0059800722
B1345204200961N00044581EA0059800722
B1345214200962N00044581EA0059800722
B1345224200962N00044581EA0059800722
B1345234200962N00044581EA0059800721
B1345244200962N00044581EA0059800721
B1345254200962N00044581EA0059800721
B1345264200962N00044581EA0059800721
B1345274200962N00044581EA0059800721
B1345284200962N00044581EA0059800721
B1345294200962N00044582EA0059800721
B1345304200962N00044582EA0059800721
B1345314200963N00044582EA0059800721
B1345324200963N00044582EA0059800721
B1345334200962N00044582EA0059800721
B1345344200962N00044582EA0059800721
B1345354200963N00044582EA0059800721
B1345364200962N00044582EA0059800721
B1345374200962N00044582EA0059800721
B1345384200962N00044582EA0059800721
B1345394200962N00044582EA0059800722
B1345404200962N00044582EA0059800722
B1345414200962N00044582EA0059800722
B1345424200961N00044582EA0059800723
B1345434200961N00044582EA0059800723
B1345444200961N00044582EA0059800724
B1345454200961N00044582EA0059800725
B1345464200961N00044582EA0059800725
B1345474200960N00044582EA0059800726
B1345484200960N00044583EA0059800727
B1345494200960N00044583EA0059800727
B1345504200960N00044583EA0059800728
B1345514200960N00044583EA0059800728
B1345524200960N00044583EA0059800728
B1345534200960N00044583EA0059800729
B1345544200960N00044583EA0059800729
B1345554200960N00044583EA0059800730
B1345564200960N00044583EA0059800730
B1345574200960N00044583EA0059800730
B1345584200959N00044583EA0059800731
B1345594200959N00044583EA0059800731
B1346004200959N00044582EA0059800731
B1346014200959N00044582EA0059800731
B1346024200959N00044582EA0059800732
B1346034200959N00044582EA0059800732
B1346044200959N00044582EA0059800732
B1346054200959N00044582EA0059800733
B1346064200959N00044581EA0059800733
B1346074200959N00044581EA0059800733
B1346084200959N00044581EA0059800734
B1346094200959N00044581EA0059800734
B1346104200959N00044581EA0059800734
B1346114200959N00044581EA0059800734
B1346124200959N00044581EA0059800735
B1346134200959N00044581EA0059800735
B1346144200959N00044581EA0059800735
B1346154200959N00044581EA0059800736
B1346164200959N00044581EA0059800736
B1346174200958N00044580EA0059800736
B1346184200958N00044580EA0059800736
B1346194200958N00044580EA0059800736
B1346204200958N00044580EA0059800736
B1346214200957N00044580EA0059800736
B1346224200957N00044580EA0059800736
B1346234200957N00044580EA0059800736
B1346244200957N00044580EA0059800736
B1346254200957N00044580EA0059800736
B1346264200957N00044580EA0059800736
B1346274200957N00044580EA0059800736
B1346284200957N00044580EA0059800736
B1346294200957N00044579EA0059800736
B1346304200957N00044579EA0059800736
B1346314200957N00044580EA0059800736
B1346324200956N00044580EA0059800736
B1346334200957N00044581EA0059800737
B1346344200957N00044581EA0059800736
B1346354200957N00044581EA0059900736
B1346364200957N00044581EA0059800736
B1346374200957N00044581EA0059800736
B1346384200957N00044581EA0059800736
B1346394200957N00044581EA0059800736
B1346404200957N00044581EA0059800736
B1346414200956N00044580EA0059800736
B1346424200956N00044580EA0059800736
B1346434200956N00044580EA0059800736
B1346444200956N00044581EA0059800736
B1346454200956N00044580EA0059800735
B1346464200957N00044581EA0059800735
B1346474200957N00044581EA0059800735
B1346484200957N00044581EA0059800735
B1346494200957N00044581EA0059800735
B1346504200957N00044582EA0059800735
B1346514200957N00044582EA0059800735
B1346524200957N00044582EA0059800736
B1346534200956N00044581EA0059800736
B1346544200957N00044581EA0059800736
B1346554200957N00044581EA0059800736
B1346564200957N00044580EA0059800736
B1346574200957N00044580EA0059800736
B1346584200957N00044581EA0059800736
B1346594200958N00044581EA0059800735
B1347004200958N00044581EA0059800735
B1347014200958N00044581EA0059800735
B1347024200958N00044581EA0059800734
B1347034200958N00044581EA0059800734
B1347044200958N00044582EA0059800734
B1347054200958N00044581EA0059900734
B1347064200958N00044581EA0059800734
B1347074200958N00044581EA0059800734
B1347084200958N00044581EA0059800733
B1347094200958N00044581EA0059800733
B1347104200958N00044581EA0059800734
B1347114200957N00044581EA0059800734
B1347124200957N00044581EA0059800735
B1347134200957N00044581EA0059800735
B1347144200957N00044581EA0059800735
B1347154200957N00044581EA0059800735
B1347164200957N00044580EA0059800736
B1347174200956N00044580EA0059800736
B1347184200956N00044580EA0059800736
B1347194200956N00044580EA0059800736
B1347204200956N00044580EA0059800736
B1347214200956N00044580EA0059800737
B1347224200956N00044580EA0059800737
B1347234200956N00044580EA0059800737
B1347244200956N00044580EA0059800737
B1347254200956N00044579EA0059800737
B1347264200956N00044579EA0059800737
B1347274200955N00044579EA0059800737
B1347284200956N00044579EA0059900737
B1347294200956N00044579EA0059900737
B1347304200955N00044579EA0059900737
B1347314200955N00044579EA0059800737
B1347324200955N00044579EA0059800736
B1347334200955N00044580EA0059800736
B1347344200955N00044579EA0059800736
B1347354200955N00044579EA0059700735
B1347364200955N00044579EA0059900735
B1347374200955N00044580EA0059700734
B1347384200955N00044580EA0059800734
B1347394200955N00044580EA0060000734
B1347404200955N00044580EA0059800733
B1347414200956N00044580EA0059900733
B1347424200956N00044580EA0059800732
B1347434200956N00044580EA0059800732
B1347444200956N00044580EA0059800731
B1347454200956N00044580EA0059800731
B1347464200956N00044581EA0059800731
B1347474200957N00044581EA0059800730
B1347484200957N00044581EA0059800730
B1347494200957N00044581EA0059800729
B1347504200958N00044581EA0059700728
B1347514200958N00044582EA0059900728
B1347524200958N00044582EA0059800727
B1347534200958N00044582EA0059700728
B1347544200958N00044582EA0059800728
B1347554200958N00044582EA0059700728
B1347564200958N00044582EA0059700727
B1347574200958N00044582EA0059700727
B1347584200958N00044582EA0059700728
B1347594200958N00044582EA0059800728
B1348004200958N00044582EA0059800728
B1348014200959N00044581EA0059700727
B1348024200958N00044581EA0059800727
B1348034200958N00044581EA0059800727
B1348044200959N00044581EA0059800727
B1348054200958N00044582EA0059800727
B1348064200959N00044582EA0059700727
B1348074200958N00044581EA0059800727
B1348084200958N00044582EA0059700727
B1348094200958N00044582EA0059700726
B1348104200958N00044582EA0059700726
B1348114200958N00044582EA0059800726
B1348124200958N00044582EA0059700726
B1348134200957N00044583EA0059700726
B1348144200957N00044583EA0059700726
B1348154200957N00044583EA0059700726
B1348164200957N00044583EA0059700726
B1348174200957N00044583EA0059700726
B1348184200957N00044583EA0059700726
B1348194200957N00044583EA0059800726
B1348204200957N00044583EA0059800725
B1348214200957N00044583EA0059800725
B1348224200957N00044583EA0059800725
B1348234200957N00044583EA0059800725
B1348244200957N00044583EA0059700725
B1348254200957N00044583EA0059800725
B1348264200957N00044583EA0059700725
B1348274200957N00044583EA0059800725
B1348284200957N00044583EA0059700725
B1348294200957N00044583EA0059800725
B1348304200957N00044583EA0059700725
B1348314200958N00044583EA0059800725
B1348324200958N00044583EA0059800725
B1348334200958N00044583EA0059800725
B1348344200958N00044583EA0059800725
B1348354200958N00044583EA0059700725
B1348364200958N00044583EA0059700725
B1348374200958N00044583EA0059700725
B1348384200958N00044583EA0059800725
B1348394200958N00044583EA0059700725
B1348404200958N00044583EA0059700725
B1348414200958N00044583EA0059800725
B1348424200958N00044583EA0059800725
B1348434200958N00044583EA0059700725
B1348444200958N00044583EA0059800725
B1348454200958N00044583EA0059700725
B1348464200957N00044582EA0059700725
B1348474200957N00044582EA0059800725
B1348484200957N00044582EA0059800725
B1348494200956N00044582EA0059800725
B1348504200956N00044582EA0059800726
B1348514200956N00044582EA0059800726
B1348524200956N00044582EA0059800726
B1348534200956N00044582EA0059800727
B1348544200956N00044582EA0059800727
B1348554200957N00044582EA0059800727
B1348564200956N00044582EA0059700727
B1348574200956N00044582EA0059700726
B1348584200956N00044582EA0059700727
B1348594200956N00044582EA0059700726
B1349004200957N00044582EA0059700726
B1349014200957N00044582EA0059700726
B1349024200957N00044582EA0059700726
B1349034200958N00044582EA0059700725
B1349044200958N00044582EA0059700725
B1349054200958N00044583EA0059700725
B1349064200958N00044583EA0059700725
B1349074200958N00044583EA0059700725
B1349084200958N00044583EA0059700725
B1349094200958N00044583EA0059700725
B1349104200958N00044584EA0059600724
B1349114200958N00044584EA0059700724
B1349124200958N00044584EA0059700724
B1349134200958N00044584EA0059700724
B1349144200958N00044585EA0059700724
B1349154200958N00044585EA0059600724
B1349164200959N00044585EA0059700724
B1349174200959N00044585EA0059700724
B1349184200959N00044586EA0059700724
B1349194200960N00044586EA0059600724
B1349204200960N00044585EA0059600724
B1349214200961N00044586EA0059700724
B1349224200961N00044586EA0059700724
B1349234200961N00044586EA0059600724
B1349244200961N00044586EA0059800723
B1349254200961N00044586EA0059700723
B1349264200961N00044586EA0059700723
B1349274200961N00044585EA0059700723
B1349284200962N00044585EA0059700723
B1349294200962N00044586EA0059700723
B1349304200962N00044585EA0059700723
B1349314200961N00044585EA0059700723
B1349324200962N00044585EA0059700723
B1349334200962N00044585EA0059700722
B1349344200962N00044585EA0059800722
B1349354200963N00044585EA0059700722
B1349364200963N00044585EA0059800722
B1349374200963N00044586EA0059900722
B1349384200963N00044586EA0059600722
B1349394200963N00044586EA0059600722
B1349404200963N00044586EA0059700722
B1349414200963N00044586EA0059900722
B1349424200963N00044586EA0059700722
B1349434200963N00044585EA0059800723
B1349444200962N00044586EA0059800723
B1349454200961N00044585EA0059600724
B1349464200961N00044585EA0059700725
B1349474200961N00044586EA0060000726
B1349484200960N00044585EA0059600728
B1349494200961N00044585EA0059600728
B1349504200961N00044585EA0059800728
B1349514200960N00044585EA0059600729
B1349524200960N00044584EA0059600730
B1349534200960N00044584EA0059600730
B1349544200960N00044584EA0059600731
B1349554200960N00044584EA0059700731
B1349564200960N00044584EA0059700730
B1349574200960N00044584EA0059700729
B1349584200959N00044584EA0059700729
B1349594200959N00044584EA0059800729
B1350004200959N00044583EA0059800729
B1350014200959N00044583EA0059700728
B1350024200959N00044582EA0059700727
B1350034200959N00044582EA0059700726
B1350044200959N00044582EA0059700726
B1350054200959N00044582EA0059700726
B1350064200959N00044582EA0059700726
B1350074200959N00044582EA0059700726
B1350084200959N00044582EA0059700726
B1350094200959N00044582EA0059700726
B1350104200959N00044582EA0059700726
B1350114200959N00044582EA0059700725
B1350124200959N00044582EA0059700726
B1350134200959N00044582EA0059700726
B1350144200959N00044581EA0059700726
B1350154200959N00044581EA0059700725
B1350164200959N00044581EA0059700725
B1350174200959N00044581EA0059700726
B1350184200960N00044581EA0059700726
B1350194200960N00044581EA0059700726
B1350204200960N00044581EA0059700726
B1350214200960N00044581EA0059700726
B1350224200960N00044582EA0059700726
B1350234200960N00044582EA0059700727
B1350244200960N00044582EA0059600728
B1350254200961N00044582EA0059400727
B1350264200961N00044582EA0059700727
B1350274200961N00044583EA0059600727
B1350284200961N00044583EA0059700728
B1350294200961N00044583EA0059700728
B1350304200961N00044583EA0059600728
B1350314200961N00044583EA0059700727
B1350324200961N00044583EA0059600727
B1350334200961N00044584EA0059700727
B1350344200961N00044583EA0059800726
B1350354200961N00044583EA0059600727
B1350364200961N00044583EA0059700726
B1350374200961N00044583EA0059700726
B1350384200961N00044583EA0059700727
B1350394200962N00044582EA0059700727
B1350404200962N00044583EA0059700728
B1350414200962N00044583EA0059700728
B1350424200962N00044582EA0059700729
B1350434200962N00044582EA0059700729
B1350444200962N00044582EA0059700730
B1350454200962N00044581EA0059700731
B1350464200962N00044581EA0059700731
B1350474200962N00044580EA0059700731
B1350484200962N00044580EA0059600732
B1350494200962N00044579EA0059700732
B1350504200962N00044578EA0059700732
B1350514200962N00044577EA0059600732
B1350524200962N00044576EA0059700732
B1350534200963N00044576EA0059600733
B1350544200963N00044575EA0059700732
B1350554200963N00044574EA0059700733
B1350564200963N00044574EA0059600733
B1350574200963N00044573EA0059700734
B1350584200963N00044573EA0059700734
B1350594200963N00044572EA0059700732
B1351004200963N00044573EA0059600733
B1351014200964N00044573EA0059700732
B1351024200963N00044573EA0059700731
B1351034200963N00044573EA0059700731
B1351044200963N00044573EA0059700731
B1351054200963N00044574EA0059700730
B1351064200964N00044575EA0059800730
B1351074200964N00044577EA0059800730
B1351084200964N00044579EA0059800730
B1351094200966N00044581EA0059800730
B1351104200967N00044583EA0059800731
B1351114200968N00044584EA0059800731
B1351124200968N00044585EA0059800731
B1351134200970N00044587EA0059900732
B1351144200972N00044588EA0059900731
B1351154200973N00044589EA0059900729
B1351164200974N00044590EA0060000729
B1351174200975N00044591EA0059900729
B1351184200977N00044591EA0060000729
B1351194200979N00044591EA0060000729
B1351204200981N00044592EA0060000728
B1351214200983N00044592EA0060100728
B1351224200985N00044592EA0060100728
B1351234200988N00044593EA0060100727
B1351244200990N00044594EA0060000726
B1351254200992N00044595EA0060000725
B1351264200994N00044597EA0060100726
B1351274200996N00044599EA0060000726
B1351284200998N00044600EA0060000726
B1351294201000N00044602EA0060000726
B1351304201001N00044604EA0060100725
B1351314201002N00044606EA0060000725
B1351324201004N00044607EA0060100725
B1351334201005N00044609EA0060100725
B1351344201007N00044611EA0060100725
B1351354201008N00044612EA0060200725
B1351364201010N00044614EA0060200725
B1351374201011N00044616EA0060300725
B1351384201012N00044618EA0060400725
B1351394201012N00044619EA0060400725
B1351404201013N00044621EA0060400726
B1351414201015N00044622EA0060400726
B1351424201017N00044625EA0060500726
B1351434201019N00044626EA0060500727
B1351444201022N00044626EA0060500727
B1351454201024N00044627EA0060600727
B1351464201026N00044628EA0060500727
B1351474201028N00044630EA0060600727
B1351484201029N00044632EA0060600727
B1351494201031N00044634EA0060600728
B1351504201032N00044636EA0060700728
B1351514201033N00044638EA0060700728
B1351524201035N00044640EA0060700729
B1351534201036N00044641EA0060700730
B1351544201037N00044642EA0060800730
B1351554201038N00044642EA0060800730
B1351564201039N00044642EA0060800731
B1351574201041N00044642EA0060800731
B1351584201042N00044641EA0060800732
B1351594201044N00044641EA0060800732
B1352004201045N00044641EA0060800732
B1352014201046N00044641EA0060900732
B1352024201047N00044640EA0060900732
B1352034201049N00044640EA0060900732
B1352044201050N00044640EA0060900732
B1352054201051N00044639EA0060900732
B1352064201052N00044638EA0060900732
B1352074201053N00044638EA0061000733
B1352084201053N00044638EA0060900733
B1352094201054N00044638EA0061000734
B1352104201055N00044637EA0061000734
B1352114201055N00044637EA0061000734
B1352124201056N00044637EA0061000735
B1352134201056N00044637EA0061000735
B1352144201056N00044637EA0061000735
B1352154201056N00044637EA0061100735
B1352164201056N00044638EA0061000735
B1352174201056N00044638EA0061000735
B1352184201055N00044638EA0061000735
B1352194201055N00044638EA0061000735
B1352204201055N00044639EA0061000735
B1352214201054N00044639EA0061000735
B1352224201054N00044639EA0061000736
B1352234201055N00044639EA0060900736
B1352244201054N00044640EA0060900736
B1352254201054N00044640EA0061000736
B1352264201053N00044640EA0061000737
B1352274201052N00044641EA0061000737
B1352284201052N00044641EA0061000737
B1352294201051N00044641EA0060900738
B1352304201050N00044641EA0060900738
B1352314201048N00044641EA0061000738
B1352324201047N00044641EA0060900738
B1352334201047N00044641EA0060900738
B1352344201045N00044641EA0060900738
B1352354201044N00044641EA0061000739
B1352364201043N00044641EA0060900739
B1352374201043N00044641EA0061000739
B1352384201042N00044642EA0060900740
B1352394201042N00044642EA0060900740
B1352404201042N00044643EA0061000740
B1352414201042N00044643EA0060900740
B1352424201042N00044643EA0060900740
B1352434201042N00044643EA0060900740
B1352444201043N00044644EA0060900740
B1352454201043N00044644EA0060900741
B1352464201043N00044644EA0060900741
B1352474201043N00044644EA0061000740
B1352484201043N00044642EA0060900740
B1352494201043N00044641EA0060900741
B1352504201044N00044641EA0060900741
B1352514201044N00044641EA0060900741
B1352524201044N00044642EA0060900741
B1352534201045N00044643EA0060900741
B1352544201045N00044642EA0060900741
B1352554201045N00044642EA0060900741
B1352564201045N00044641EA0060900741
B1352574201045N00044641EA0060900741
B1352584201044N00044641EA0060900742
B1352594201044N00044641EA0060900742
B1353004201044N00044640EA0060900743
B1353014201044N00044640EA0060900744
B1353024201045N00044640EA0060900744
B1353034201045N00044640EA0060900744
B1353044201045N00044640EA0061000744
B1353054201045N00044641EA0061000744
B1353064201046N00044641EA0061000744
B1353074201046N00044641EA0060900744
B1353084201046N00044641EA0060800744
B1353094201046N00044641EA0061000744
B1353104201046N00044641EA0060900744
B1353114201046N00044642EA0060900743
B1353124201047N00044642EA0061000743
B1353134201047N00044643EA0061000742
B1353144201047N00044644EA0060900742
B1353154201047N00044644EA0061000741
B1353164201047N00044645EA0060900741
B1353174201048N00044645EA0060900741
B1353184201048N00044646EA0060900740
B1353194201048N00044647EA0061000739
B1353204201049N00044649EA0060900739
B1353214201049N00044650EA0061000738
B1353224201049N00044650EA0060900738
B1353234201050N00044651EA0060900738
B1353244201050N00044651EA0061000738
B1353254201050N00044651EA0060900738
B1353264201051N00044651EA0061000738
B1353274201051N00044651EA0060900738
B1353284201051N00044651EA0060900738
B1353294201051N00044651EA0060900738
B1353304201052N00044651EA0061100738
B1353314201053N00044652EA0061000737
B1353324201054N00044652EA0061000736
B1353334201054N00044652EA0060900736
B1353344201055N00044652EA0059800737
B1353354201056N00044652EA0061000737
B1353364201056N00044652EA0061000737
B1353374201056N00044653EA0061000737
B1353384201057N00044653EA0061000737
B1353394201057N00044653EA0061000737
B1353404201057N00044653EA0061000736
B1353414201057N00044653EA0061000736
B1353424201056N00044653EA0061000736
B1353434201056N00044653EA0061000737
B1353444201055N00044652EA0060900737
B1353454201055N00044651EA0061000736
B1353464201054N00044651EA0061000736
B1353474201054N00044650EA0060900737
B1353484201055N00044650EA0060900736
B1353494201055N00044649EA0060800736
B1353504201056N00044650EA0060900736
B1353514201056N00044650EA0061100737
B1353524201056N00044650EA0060900737
B1353534201057N00044651EA0060900737
B1353544201057N00044651EA0060900736
B1353554201056N00044651EA0060900736
B1353564201057N00044653EA0060900736
B1353574201057N00044653EA0060900735
B1353584201057N00044653EA0060900735
B1353594201057N00044654EA0060900735
B1354004201058N00044654EA0060900736
B1354014201058N00044655EA0060900736
B1354024201057N00044654EA0060900736
B1354034201057N00044655EA0060900736
B1354044201057N00044655EA0060900736
B1354054201054N00044654EA0061000736
B1354064201054N00044655EA0060900738
B1354074201055N00044656EV0060900000
B1354084201055N00044656EV0060900000
B1354094201055N00044657EV0060900000
B1354104201055N00044657EV0060800000
B1354114201055N00044658EV0060800000
B1354124201055N00044658EV0060800000
B1354134201056N00044659EV0060900000
B1354264201032N00044683EV0060900000
B1357344201056N00044659EV0060900000
LXFM live.flymaster.net version 1.01
LXFM Created 2026-05-24 15:13:00
LXFM flight id 1772797
GB3C1C305B7629551AAF647896E8EB267
