AXFMSFP Flymaster Live, V1.0, S/N 444525
HFFXA010
HFPLTPILOT:20-Juan Manuel Garcia Guerrero
HFGTYGLIDERTYPE:26 Niviuk Peak3 Mandari
HFGIDGLIDERID:
HFDTM100GPSDATUM:WGS-1984
HFCIDCOMPETITIONID:68575
HFCCLCOMPETITIONCLASS:
HOSITSITE:Figuerassa-ES
HFGPSRECEIVER:UBLOX,CAM-M8Q,72,50000,GPS,GLO,GAL
HFPRSPRESSALTSENSOR:BOSCH,BMP280,9163
HFRFWFIRMWAREVERSION:202h
HFRHWHARDWAREVERSION:1.0R2
HFFTYFRTYPE:Flymaster,TRACKER
HFDTE110726
B0842134207303N00149450EA0142101497
B0842144207304N00149449EA0142101497
B0842154207303N00149449EA0142001498
B0842164207303N00149449EA0142101498
B0842174207303N00149450EA0142001498
B0842184207303N00149450EA0142101498
B0842194207303N00149450EA0142001498
B0842204207303N00149450EA0142101498
B0842214207303N00149450EA0142001499
B0842224207303N00149450EA0142101499
B0842234207303N00149450EA0142001498
B0842244207304N00149449EA0142001498
B0842254207304N00149449EA0142001498
B0842264207304N00149450EA0142001498
B0842274207304N00149450EA0142001497
B0842284207304N00149450EA0142001495
B0842294207303N00149450EA0142001495
B0842304207303N00149451EA0142001494
B0842314207303N00149451EA0142001493
B0842324207303N00149451EA0142101493
B0842334207302N00149451EA0142101493
B0842344207302N00149451EA0142001493
B0842354207302N00149451EA0142101494
B0842364207302N00149451EA0142001494
B0842374207302N00149451EA0142001494
B0842384207302N00149451EA0142001494
B0842394207302N00149450EA0142001495
B0842404207302N00149450EA0142001495
B0842414207302N00149450EA0142001496
B0842424207302N00149450EA0142001496
B0842434207302N00149449EA0142101497
B0842444207302N00149449EA0142001497
B0842454207302N00149449EA0142101498
B0842464207302N00149449EA0142001498
B0842474207302N00149449EA0142001498
B0842484207302N00149449EA0142001498
B0842494207302N00149449EA0142101498
B0842504207302N00149449EA0142101498
B0842514207302N00149449EA0142001498
B0842524207302N00149449EA0142001498
B0842534207302N00149449EA0142001498
B0842544207302N00149449EA0142001498
B0842554207302N00149449EA0142001498
B0842564207302N00149449EA0142001498
B0842574207302N00149449EA0142001499
B0842584207302N00149449EA0142001499
B0842594207302N00149449EA0142001499
B0843004207302N00149449EA0142001499
B0843014207302N00149449EA0142001499
B0843024207302N00149449EA0142001499
B0843034207302N00149449EA0142001499
B0843044207302N00149449EA0142101499
B0843054207302N00149449EA0142001499
B0843064207302N00149449EA0142001499
B0843074207302N00149449EA0142001499
B0843084207302N00149449EA0142001499
B0843094207302N00149449EA0142101500
B0843104207302N00149449EA0142001500
B0843114207302N00149449EA0142101499
B0843124207303N00149449EA0142001499
B0843134207303N00149449EA0142001499
B0843144207302N00149449EA0142001499
B0843154207302N00149449EA0142001499
B0843164207302N00149449EA0142101499
B0843174207302N00149449EA0142001499
B0843184207302N00149449EA0142001499
B0843194207303N00149449EA0142001499
B0843204207303N00149449EA0142101499
B0843214207303N00149450EA0142001499
B0843224207303N00149450EA0142001499
B0843234207303N00149450EA0142101499
B0843244207303N00149450EA0142001499
B0843254207303N00149450EA0142101498
B0843264207303N00149450EA0142101498
B0843274207303N00149450EA0142101498
B0843284207303N00149450EA0142001498
B0843294207303N00149450EA0142101498
B0843304207303N00149450EA0142001498
B0843314207303N00149450EA0142001498
B0843324207303N00149450EA0142001497
B0843334207303N00149450EA0142001497
B0843344207303N00149450EA0142001497
B0843354207303N00149450EA0142001497
B0843364207303N00149450EA0142001497
B0843374207303N00149450EA0142101497
B0843384207303N00149450EA0142001497
B0843394207303N00149450EA0142001497
B0843404207303N00149450EA0142101497
B0843414207303N00149450EA0142101497
B0843424207303N00149450EA0142001497
B0843434207303N00149451EA0142001497
B0843444207303N00149451EA0142001497
B0843454207303N00149451EA0142001497
B0843464207303N00149451EA0142001497
B0843474207303N00149451EA0142001497
B0843484207303N00149451EA0142001497
B0843494207303N00149451EA0142101497
B0843504207303N00149451EA0142001497
B0843514207303N00149451EA0142101497
B0843524207303N00149451EA0142001496
B0843534207303N00149451EA0142001496
B0843544207303N00149451EA0142001496
B0843554207303N00149451EA0142001496
B0843564207303N00149451EA0142001496
B0843574207303N00149451EA0142001496
B0843584207303N00149451EA0142001496
B0843594207303N00149451EA0142001496
B0844004207303N00149451EA0142001495
B0844014207303N00149451EA0142001495
B0844024207303N00149451EA0142001495
B0844034207303N00149451EA0142001495
B0844044207303N00149451EA0142001495
B0844054207303N00149451EA0142001495
B0844064207303N00149451EA0142001495
B0844074207304N00149451EA0142101495
B0844084207304N00149451EA0142001495
B0844094207304N00149451EA0142001495
B0844104207304N00149451EA0142001495
B0844114207304N00149451EA0142001495
B0844124207304N00149451EA0142001495
B0844134207304N00149451EA0142001495
B0844144207304N00149451EA0142001495
B0844154207304N00149451EA0142001495
B0844164207304N00149451EA0142001495
B0844174207304N00149451EA0142001495
B0844184207304N00149451EA0142001495
B0844194207304N00149451EA0142001495
B0844204207304N00149451EA0142001495
B0844214207304N00149451EA0142001495
B0844224207304N00149451EA0142001495
B0844234207304N00149451EA0142001495
B0844244207304N00149451EA0142001495
B0844254207304N00149451EA0142001495
B0844264207304N00149451EA0142001495
B0844274207304N00149451EA0142001495
B0844284207304N00149451EA0142001495
B0844294207304N00149451EA0142001495
B0844304207304N00149451EA0142001495
B0844314207304N00149451EA0142001495
B0844324207304N00149451EA0142001495
B0844334207304N00149451EA0142001495
B0844344207304N00149451EA0142001495
B0844354207304N00149451EA0142001495
B0844364207304N00149451EA0142001495
B0844374207304N00149451EA0142001495
B0844384207304N00149451EA0142001495
B0844394207304N00149451EA0142001495
B0844404207304N00149451EA0142001495
B0844414207304N00149451EA0142001495
B0844424207304N00149451EA0142001495
B0844434207304N00149451EA0142001495
B0844444207304N00149451EA0142001495
B0844454207304N00149451EA0142001495
B0844464207304N00149451EA0142001495
B0844474207304N00149451EA0142001495
B0844484207304N00149450EA0142001495
B0844494207304N00149450EA0142101495
B0844504207304N00149450EA0142001496
B0844514207304N00149450EA0142001496
B0844524207304N00149450EA0142101495
B0844534207304N00149450EA0142001495
B0844544207304N00149450EA0141901496
B0844554207304N00149450EA0142101496
B0844564207304N00149450EA0142001495
B0844574207304N00149450EA0142001495
B0844584207304N00149450EA0142001495
B0844594207304N00149450EA0142001495
B0845004207304N00149450EA0142001495
B0845014207304N00149450EA0142001495
B0845024207304N00149450EA0142001495
B0845034207304N00149450EA0142001495
B0845044207304N00149450EA0142101495
B0845054207304N00149450EA0142101495
B0845064207304N00149450EA0142101495
B0845074207304N00149450EA0142001495
B0845084207304N00149450EA0142001495
B0845094207304N00149450EA0142001495
B0845104207304N00149450EA0142001495
B0845114207304N00149450EA0142001495
B0845124207304N00149450EA0142101495
B0845134207304N00149450EA0142101495
B0845144207304N00149450EA0142101495
B0845154207304N00149450EA0142001495
B0845164207304N00149450EA0142101495
B0845174207304N00149450EA0142001495
B0845184207304N00149450EA0142101495
B0845194207304N00149451EA0142001495
B0845204207304N00149451EA0142001495
B0845214207304N00149451EA0142001495
B0845224207304N00149451EA0142101495
B0845234207304N00149451EA0142101495
B0845244207304N00149450EA0142101495
B0845254207304N00149451EA0142101496
B0845264207304N00149451EA0142101496
B0845274207304N00149451EA0142101496
B0845284207304N00149451EA0142001496
B0845294207304N00149451EA0142101496
B0845304207304N00149451EA0142001495
B0845314207304N00149451EA0142101495
B0845324207304N00149451EA0142101495
B0845334207304N00149451EA0142001495
B0845344207304N00149451EA0142001495
B0845354207304N00149451EA0142001495
B0845364207304N00149451EA0142001495
B0845374207304N00149451EA0142001495
B0845384207304N00149451EA0142001495
B0845394207304N00149451EA0142001495
B0845404207303N00149451EA0142001495
B0845414207303N00149451EA0142001495
B0845424207303N00149451EA0142001495
B0845434207303N00149451EA0142001495
B0845444207303N00149451EA0142001495
B0845454207303N00149451EA0142001495
B0845464207303N00149451EA0142001495
B0845474207303N00149451EA0142001495
B0845484207303N00149451EA0142101495
B0845494207303N00149451EA0142101495
B0845504207303N00149451EA0142001495
B0845514207303N00149451EA0142001495
B0845524207303N00149451EA0142001495
B0845534207303N00149451EA0142001495
B0845544207303N00149451EA0142001495
B0845554207303N00149451EA0142001495
B0845564207303N00149451EA0142001495
B0845574207303N00149451EA0142001495
B0845584207303N00149451EA0142001495
B0845594207303N00149451EA0142001495
B0846004207303N00149451EA0142001495
B0846014207303N00149451EA0142001495
B0846024207303N00149451EA0142001495
B0846034207303N00149451EA0142001495
B0846044207303N00149451EA0142001495
B0846054207303N00149451EA0142001495
B0846064207303N00149451EA0142101495
B0846074207303N00149451EA0142001495
B0846084207303N00149451EA0142001495
B0846094207303N00149451EA0142101495
B0846104207303N00149451EA0142101495
B0846114207303N00149452EA0142001495
B0846124207303N00149452EA0142001495
B0846134207303N00149452EA0142001495
B0846144207303N00149452EA0142001495
B0846154207303N00149452EA0142101495
B0846164207303N00149452EA0142001496
B0846174207303N00149452EA0142101496
B0846184207303N00149451EA0142001496
B0846194207303N00149451EA0142001496
B0846204207303N00149451EA0142001496
B0846214207303N00149451EA0142101496
B0846224207303N00149451EA0142001496
B0846234207303N00149451EA0142101497
B0846244207303N00149451EA0142101497
B0846254207303N00149451EA0142001497
B0846264207303N00149451EA0142001497
B0846274207303N00149451EA0142101497
B0846284207303N00149451EA0142001497
B0846294207303N00149451EA0142001497
B0846304207303N00149451EA0142001497
B0846314207303N00149451EA0142001497
B0846324207303N00149451EA0142001497
B0846334207303N00149451EA0142001496
B0846344207303N00149451EA0142001496
B0846354207303N00149451EA0142101496
B0846364207303N00149451EA0142101496
B0846374207303N00149452EA0142001496
B0846384207303N00149452EA0142001496
B0846394207303N00149452EA0142001496
B0846404207303N00149452EA0142001496
B0846414207303N00149452EA0142001496
B0846424207303N00149452EA0142001496
B0846434207303N00149452EA0142101496
B0846444207303N00149452EA0142001496
B0846454207303N00149452EA0142001496
B0846464207303N00149452EA0142001496
B0846474207303N00149452EA0142001496
B0846484207303N00149452EA0142101496
B0846494207303N00149452EA0142001496
B0846504207303N00149452EA0142001496
B0846514207303N00149452EA0142001496
B0846524207303N00149452EA0142001496
B0846534207303N00149452EA0142001496
B0846544207303N00149452EA0142001496
B0846554207303N00149452EA0142101496
B0846564207304N00149452EA0142001496
B0846574207303N00149452EA0142001496
B0846584207303N00149452EA0142001496
B0846594207303N00149452EA0142001496
B0847004207303N00149452EA0142001496
B0847014207303N00149452EA0142001496
B0847024207303N00149452EA0142001496
B0847034207303N00149452EA0142001496
B0847044207303N00149452EA0142001496
B0847054207303N00149452EA0142001496
B0847064207303N00149452EA0142001496
B0847074207303N00149452EA0142001496
B0847084207303N00149452EA0142001496
B0847094207303N00149452EA0142001496
B0847104207303N00149452EA0142101496
B0847114207303N00149452EA0142001496
B0847124207303N00149452EA0142001496
B0847134207303N00149452EA0142001496
B0847144207303N00149452EA0142001496
B0847154207303N00149452EA0142001496
B0847164207303N00149452EA0142001496
B0847174207303N00149452EA0142001496
B0847184207303N00149452EA0141601496
B0847194207303N00149452EA0142201496
B0847204207303N00149451EA0142001496
B0847214207303N00149451EA0142001496
B0847224207304N00149451EA0142101497
B0847234207304N00149451EA0142201497
B0847244207304N00149451EA0142101497
B0847254207304N00149451EA0142001497
B0847264207304N00149451EA0142101496
B0847274207304N00149451EA0142201496
B0847284207304N00149451EA0142101495
B0847294207304N00149451EA0142101495
B0847304207304N00149451EA0142101495
B0847314207304N00149451EA0142101495
B0847324207304N00149451EA0142201495
B0847334207304N00149451EA0142201495
B0847344207304N00149451EA0142201495
B0847354207304N00149451EA0142001495
B0847364207304N00149451EA0142201495
B0847374207304N00149451EA0142101494
B0847384207304N00149451EA0142001494
B0847394207304N00149451EA0141901494
B0847404207304N00149451EA0142101494
B0847414207304N00149451EA0142001495
B0847424207304N00149450EA0142301495
B0847434207305N00149450EA0142101495
B0847444207305N00149450EA0141701495
B0847454207305N00149450EA0142101495
B0847464207305N00149449EA0141701495
B0847474207305N00149449EA0142001495
B0847484207305N00149448EA0142001495
B0847494207305N00149448EA0142101495
B0847504207306N00149447EA0142101496
B0847514207306N00149447EA0142101495
B0847524207306N00149446EA0142101495
B0847534207306N00149446EA0142001495
B0847544207306N00149445EA0142101494
B0847554207306N00149445EA0142101494
B0847564207306N00149444EA0142101494
B0847574207307N00149444EA0142101494
B0847584207307N00149443EA0142101494
B0847594207307N00149442EA0142201494
B0848004207308N00149442EA0142101494
B0848014207308N00149441EA0142101494
B0848024207308N00149440EA0142101495
B0848034207309N00149439EA0142101495
B0848044207309N00149439EA0142201495
B0848054207309N00149438EA0142101495
B0848064207309N00149438EA0142101495
B0848074207309N00149436EA0142101495
B0848084207309N00149435EA0142001495
B0848094207309N00149433EA0142101495
B0848104207310N00149433EA0142101496
B0848114207310N00149432EA0142101496
B0848124207310N00149432EA0142101496
B0848134207310N00149431EA0142101496
B0848144207310N00149431EA0142101496
B0848154207310N00149431EA0142101496
B0848164207310N00149430EA0142101496
B0848174207311N00149429EA0142101496
B0848184207311N00149429EA0142101497
B0848194207311N00149428EA0142001496
B0848204207312N00149428EA0142001496
B0848214207313N00149428EA0142201496
B0848224207313N00149428EA0142101496
B0848234207313N00149427EA0142101495
B0848244207313N00149427EA0142101494
B0848254207313N00149427EA0142101494
B0848264207313N00149427EA0142101494
B0848274207314N00149427EA0142001494
B0848284207315N00149426EA0142101493
B0848294207315N00149425EA0142001493
B0848304207314N00149425EA0142101493
B0848314207314N00149425EA0142001493
B0848324207314N00149425EA0142001494
B0848334207314N00149425EA0142001495
B0848344207314N00149425EA0142101495
B0848354207314N00149425EA0142001495
B0848364207314N00149424EA0141901495
B0848374207315N00149424EA0142001495
B0848384207314N00149424EA0142001495
B0848394207314N00149424EA0142001495
B0848404207314N00149424EA0141901495
B0848414207314N00149424EA0142001495
B0848424207314N00149424EA0141901495
B0848434207314N00149424EA0142101495
B0848444207314N00149424EA0142001495
B0848454207314N00149424EA0142101495
B0848464207314N00149424EA0141901495
B0848474207314N00149424EA0142001495
B0848484207314N00149425EA0142001494
B0848494207315N00149425EA0142001494
B0848504207315N00149425EA0141901494
B0848514207315N00149425EA0141801494
B0848524207315N00149425EA0142001494
B0848534207314N00149425EA0142001494
B0848544207314N00149425EA0142001494
B0848554207314N00149425EA0142001494
B0848564207314N00149425EA0141901495
B0848574207314N00149425EA0142001494
B0848584207314N00149425EA0142001495
B0848594207314N00149425EA0141801494
B0849004207314N00149425EA0142101494
B0849014207314N00149425EA0142001494
B0849024207314N00149425EA0142001494
B0849034207314N00149425EA0142001494
B0849044207314N00149425EA0141901494
B0849054207314N00149425EA0142001494
B0849064207314N00149425EA0142001494
B0849074207314N00149425EA0142001494
B0849084207314N00149425EA0142001494
B0849094207314N00149425EA0142001494
B0849104207314N00149425EA0142001495
B0849114207314N00149425EA0142001495
B0849124207314N00149425EA0142001495
B0849134207314N00149425EA0142001495
B0849144207314N00149425EA0142001495
B0849154207314N00149424EA0142001495
B0849164207314N00149424EA0142001496
B0849174207314N00149424EA0142001496
B0849184207314N00149424EA0142001496
B0849194207314N00149424EA0141801496
B0849204207314N00149424EA0141801496
B0849214207314N00149424EA0142001496
B0849224207314N00149424EA0142001496
B0849234207314N00149424EA0142001496
B0849244207314N00149424EA0142001496
B0849254207314N00149424EA0141901495
B0849264207314N00149424EA0142001495
B0849274207314N00149424EA0142001495
B0849284207314N00149424EA0142001495
B0849294207314N00149424EA0141901495
B0849304207314N00149424EA0141901495
B0849314207314N00149424EA0141901495
B0849324207314N00149424EA0142001495
B0849334207314N00149424EA0142001495
B0849344207314N00149424EA0142001495
B0849354207314N00149424EA0142101495
B0849364207314N00149424EA0142101496
B0849374207313N00149424EA0142001496
B0849384207314N00149424EA0142001496
B0849394207313N00149424EA0142001496
B0849404207314N00149424EA0142001496
B0849414207314N00149424EA0142001496
B0849424207314N00149424EA0142001496
B0849434207314N00149424EA0142001496
B0849444207314N00149424EA0142001496
B0849454207314N00149424EA0142001496
B0849464207314N00149424EA0142001496
B0849474207314N00149424EA0142001496
B0849484207314N00149424EA0142001496
B0849494207314N00149424EA0142001495
B0849504207313N00149424EA0142001495
B0849514207313N00149424EA0142001495
B0849524207313N00149424EA0142001495
B0849534207313N00149424EA0142001496
B0849544207313N00149424EA0141901496
B0849554207313N00149424EA0142001496
B0849564207313N00149424EA0142001496
B0849574207313N00149424EA0142001496
B0849584207313N00149424EA0142001496
B0849594207313N00149424EA0142001496
B0850004207313N00149424EA0142001496
B0850014207313N00149424EA0142001496
B0850024207313N00149424EA0142001496
B0850034207313N00149424EA0142101496
B0850044207313N00149424EA0142001496
B0850054207313N00149424EA0142001496
B0850064207313N00149424EA0142101495
B0850074207313N00149424EA0142001495
B0850084207313N00149424EA0142101496
B0850094207313N00149424EA0142001496
B0850104207313N00149424EA0142001496
B0850114207313N00149424EA0142001496
B0850124207313N00149424EA0142001495
B0850134207313N00149424EA0142001495
B0850144207313N00149424EA0141901495
B0850154207313N00149424EA0141901495
B0850164207313N00149424EA0142001495
B0850174207314N00149424EA0142001495
B0850184207314N00149424EA0141901494
B0850194207314N00149424EA0142001495
B0850204207314N00149424EA0142001495
B0850214207314N00149424EA0141801494
B0850224207314N00149424EA0141901494
B0850234207314N00149424EA0141901494
B0850244207314N00149424EA0142001495
B0850254207314N00149424EA0142001495
B0850264207314N00149424EA0141901495
B0850274207314N00149424EA0141901495
B0850284207314N00149424EA0142001495
B0850294207314N00149424EA0141901495
B0850304207314N00149424EA0141901495
B0850314207314N00149424EA0141901495
B0850324207314N00149424EA0141901495
B0850334207314N00149424EA0142001495
B0850344207314N00149424EA0142001495
B0850354207314N00149424EA0142001495
B0850364207314N00149424EA0142001495
B0850374207314N00149423EA0142101495
B0850384207314N00149423EA0142001495
B0850394207313N00149424EA0142001495
B0850404207313N00149424EA0141901495
B0850414207313N00149424EA0141901495
B0850424207314N00149424EA0142001494
B0850434207314N00149424EA0142001494
B0850444207315N00149424EA0141901494
B0850454207315N00149424EA0142001494
B0850464207315N00149424EA0142001494
B0850474207315N00149425EA0142001494
B0850484207315N00149425EA0142001493
B0850494207315N00149425EA0142001492
B0850504207315N00149425EA0141901492
B0850514207315N00149425EA0142001492
B0850524207315N00149424EA0142001493
B0850534207315N00149425EA0142001493
B0850544207315N00149425EA0142001493
B0850554207315N00149425EA0141901493
B0850564207315N00149425EA0142101493
B0850574207315N00149425EA0142001493
B0850584207315N00149425EA0142001493
B0850594207315N00149425EA0141001493
B0851004207315N00149425EA0142401493
B0851014207315N00149424EA0142001492
B0851024207314N00149424EA0141901492
B0851034207314N00149424EA0142001491
B0851044207315N00149424EA0142101492
B0851054207315N00149424EA0142001492
B0851064207315N00149424EA0142001492
B0851074207315N00149424EA0141901491
B0851084207315N00149424EA0142001491
B0851094207315N00149424EA0141901491
B0851104207315N00149424EA0141901491
B0851114207315N00149424EA0141901490
B0851124207315N00149424EA0141901490
B0851134207315N00149424EA0142001491
B0851144207315N00149424EA0142001491
B0851154207315N00149424EA0142001491
B0851164207315N00149424EA0141901491
B0851174207315N00149425EA0141901491
B0851184207315N00149425EA0141901492
B0851194207315N00149425EA0142001492
B0851204207315N00149425EA0142001492
B0851214207315N00149425EA0142001492
B0851224207315N00149424EA0142001492
B0851234207315N00149424EA0142001491
B0851244207315N00149424EA0141901491
B0851254207315N00149424EA0141901491
B0851264207315N00149424EA0141901490
B0851274207315N00149424EA0141901490
B0851284207315N00149424EA0141901490
B0851294207315N00149424EA0141901490
B0851304207315N00149424EA0141901490
B0851314207315N00149424EA0141901490
B0851324207315N00149424EA0141901490
B0851334207315N00149424EA0141901489
B0851344207315N00149424EA0141901489
B0851354207315N00149424EA0141901489
B0851364207315N00149423EA0141901488
B0851374207315N00149423EA0141801488
B0851384207315N00149423EA0141901488
B0851394207315N00149423EA0142001488
B0851404207315N00149423EA0141901488
B0851414207315N00149423EA0141901488
B0851424207315N00149423EA0142001488
B0851434207315N00149423EA0141901488
B0851444207315N00149423EA0142001488
B0851454207315N00149423EA0141801488
B0851464207315N00149423EA0141901488
B0851474207315N00149423EA0141901488
B0851484207315N00149423EA0142001487
B0851494207315N00149423EA0141901487
B0851504207315N00149423EA0141801487
B0851514207315N00149423EA0141901487
B0851524207315N00149423EA0141901487
B0851534207315N00149423EA0141901487
B0851544207315N00149423EA0141901487
B0851554207315N00149423EA0141901487
B0851564207315N00149423EA0141901487
B0851574207315N00149423EA0141901487
B0851584207315N00149423EA0141901486
B0851594207315N00149423EA0141901486
B0852004207315N00149423EA0141901486
B0852014207315N00149423EA0141901487
B0852024207315N00149423EA0141801487
B0852034207315N00149423EA0141901487
B0852044207315N00149423EA0141901487
B0852054207315N00149423EA0141901486
B0852064207315N00149423EA0141901487
B0852074207315N00149423EA0142001486
B0852084207315N00149422EA0142001486
B0852094207315N00149422EA0141901486
B0852104207315N00149422EA0141901486
B0852114207315N00149422EA0141901486
B0852124207315N00149422EA0141901486
B0852134207315N00149422EA0142001486
B0852144207315N00149422EA0141901486
B0852154207315N00149422EA0141901486
B0852164207315N00149422EA0141901486
B0852174207315N00149422EA0141901487
B0852184207315N00149422EA0141901487
B0852194207315N00149423EA0141901487
B0852204207315N00149423EA0141901487
B0852214207315N00149423EA0142001488
B0852224207315N00149423EA0141901488
B0852234207315N00149423EA0141901488
B0852244207315N00149423EA0141901488
B0852254207315N00149423EA0141901488
B0852264207315N00149423EA0142001488
B0852274207315N00149423EA0141901488
B0852284207315N00149423EA0141901489
B0852294207315N00149423EA0141901489
B0852304207315N00149423EA0141901489
B0852314207315N00149423EA0141901489
B0852324207315N00149423EA0141901489
B0852334207315N00149423EA0141901489
B0852344207315N00149423EA0141901489
B0852354207315N00149423EA0142001489
B0852364207315N00149423EA0141901489
B0852374207315N00149423EA0141901490
B0852384207315N00149423EA0141901490
B0852394207315N00149423EA0142001490
B0852404207315N00149423EA0141901490
B0852414207315N00149423EA0141901490
B0852424207315N00149423EA0142101490
B0852434207315N00149423EA0141901490
B0852444207315N00149423EA0141901490
B0852454207315N00149423EA0141901490
B0852464207315N00149423EA0141901490
B0852474207315N00149423EA0141901491
B0852484207315N00149423EA0141901491
B0852494207315N00149423EA0141901491
B0852504207314N00149423EA0141901491
B0852514207314N00149423EA0142001491
B0852524207314N00149423EA0141901491
B0852534207314N00149423EA0141901491
B0852544207314N00149423EA0141901490
B0852554207314N00149423EA0141901490
B0852564207314N00149423EA0141901491
B0852574207314N00149423EA0141901491
B0852584207314N00149423EA0141901491
B0852594207314N00149423EA0141901491
B0853004207314N00149423EA0141901491
B0853014207314N00149423EA0141901491
B0853024207314N00149423EA0141901492
B0853034207314N00149423EA0141901492
B0853044207314N00149423EA0141901492
B0853054207314N00149423EA0141901492
B0853064207314N00149423EA0141901492
B0853074207314N00149423EA0141801492
B0853084207314N00149423EA0141901492
B0853094207314N00149423EA0141901492
B0853104207314N00149423EA0141901493
B0853114207314N00149423EA0141801492
B0853124207314N00149423EA0141901493
B0853134207314N00149423EA0141901493
B0853144207314N00149423EA0141901493
B0853154207314N00149423EA0141901493
B0853164207314N00149423EA0141901493
B0853174207314N00149423EA0141901493
B0853184207314N00149423EA0141901493
B0853194207314N00149423EA0141901493
B0853204207314N00149423EA0141801493
B0853214207314N00149423EA0141901493
B0853224207314N00149423EA0141901493
B0853234207314N00149423EA0141901493
B0853244207314N00149423EA0141901494
B0853254207314N00149423EA0141801493
B0853264207314N00149423EA0141901494
B0853274207315N00149423EA0141901494
B0853284207314N00149423EA0141901494
B0853294207314N00149423EA0141901494
B0853304207315N00149423EA0141901494
B0853314207314N00149423EA0141901494
B0853324207315N00149423EA0141901494
B0853334207314N00149423EA0141901494
B0853344207314N00149423EA0141901493
B0853354207314N00149423EA0141901493
B0853364207314N00149423EA0141801493
B0853374207314N00149423EA0141901494
B0853384207314N00149423EA0141901493
B0853394207314N00149424EA0141901493
B0853404207314N00149424EA0141901494
B0853414207314N00149423EA0141901494
B0853424207314N00149423EA0141901494
B0853434207314N00149423EA0141901494
B0853444207314N00149423EA0141901493
B0853454207314N00149423EA0141901493
B0853464207314N00149423EA0141901493
B0853474207314N00149423EA0141901494
B0853484207314N00149423EA0141801494
B0853494207314N00149423EA0141901494
B0853504207314N00149423EA0141901494
B0853514207314N00149423EA0141901494
B0853524207314N00149423EA0141901494
B0853534207314N00149423EA0141901493
B0853544207314N00149423EA0141901493
B0853554207314N00149423EA0141801493
B0853564207314N00149423EA0141901494
B0853574207314N00149423EA0141901494
B0853584207314N00149423EA0141901494
B0853594207314N00149423EA0141901493
B0854004207314N00149423EA0141901493
B0854014207314N00149423EA0141901494
B0854024207314N00149423EA0141901493
B0854034207314N00149423EA0141801493
B0854044207314N00149423EA0141901493
B0854054207314N00149423EA0141901493
B0854064207314N00149423EA0141901493
B0854074207314N00149423EA0141901493
B0854084207314N00149423EA0141901493
B0854094207314N00149423EA0141901493
B0854104207314N00149423EA0141901494
B0854114207314N00149423EA0141901494
B0854124207314N00149423EA0141901494
B0854134207314N00149423EA0141901494
B0854144207314N00149423EA0141901494
B0854154207314N00149423EA0141901494
B0854164207314N00149423EA0141901494
B0854174207314N00149423EA0141901494
B0854184207314N00149423EA0141901494
B0854194207314N00149423EA0141901494
B0854204207314N00149423EA0142001494
B0854214207314N00149423EA0141901494
B0854224207314N00149423EA0141901494
B0854234207314N00149423EA0141901494
B0854244207314N00149423EA0141901494
B0854254207314N00149423EA0141901494
B0854264207314N00149423EA0141901495
B0854274207314N00149423EA0141901495
B0854284207314N00149423EA0141901495
B0854294207314N00149423EA0141901495
B0854304207314N00149423EA0141901495
B0854314207314N00149423EA0142001495
B0854324207314N00149423EA0141901495
B0854334207314N00149423EA0141901495
B0854344207314N00149423EA0141901495
B0854354207314N00149423EA0141901495
B0854364207314N00149423EA0141901495
B0854374207314N00149423EA0141901494
B0854384207314N00149423EA0141901494
B0854394207314N00149423EA0141901495
B0854404207314N00149423EA0141901494
B0854414207314N00149423EA0141901494
B0854424207314N00149423EA0141901494
B0854434207314N00149423EA0141901495
B0854444207314N00149423EA0141901495
B0854454207314N00149424EA0141901495
B0854464207314N00149424EA0141901495
B0854474207314N00149424EA0141901495
B0854484207314N00149424EA0141901495
B0854494207314N00149424EA0141901495
B0854504207314N00149424EA0141901495
B0854514207315N00149424EA0141901495
B0854524207315N00149424EA0141901496
B0854534207315N00149424EA0141801496
B0854544207315N00149424EA0141801496
B0854554207315N00149424EA0141801496
B0854564207315N00149424EA0141901496
B0854574207315N00149424EA0141801496
B0854584207315N00149424EA0141901496
B0854594207315N00149424EA0141901497
B0855004207315N00149424EA0141901497
B0855014207315N00149424EA0141901497
B0855024207315N00149424EA0141901497
B0855034207315N00149424EA0141901498
B0855044207315N00149424EA0141901498
B0855054207315N00149424EA0141901498
B0855064207315N00149424EA0141901498
B0855074207315N00149424EA0141901498
B0855084207315N00149424EA0141901498
B0855094207315N00149424EA0141901498
B0855104207315N00149424EA0141901498
B0855114207315N00149424EA0141901498
B0855124207315N00149424EA0141801498
B0855134207315N00149424EA0141901498
B0855144207315N00149424EA0141901498
B0855154207315N00149424EA0141901498
B0855164207315N00149424EA0141901498
B0855174207315N00149424EA0141901497
B0855184207315N00149424EA0141801497
B0855194207315N00149424EA0141901497
B0855204207315N00149424EA0141901497
B0855214207315N00149423EA0141801497
B0855224207315N00149423EA0141901496
B0855234207316N00149423EA0141801496
B0855244207316N00149423EA0141901496
B0855254207316N00149423EA0141901496
B0855264207316N00149423EA0141901495
B0855274207316N00149423EA0141901495
B0855284207316N00149423EA0141901495
B0855294207316N00149423EA0141901496
B0855304207316N00149423EA0141901495
B0855314207316N00149423EA0141901495
B0855324207316N00149423EA0141901495
B0855334207316N00149423EA0141901495
B0855344207315N00149423EA0141901495
B0855354207315N00149423EA0141901495
B0855364207315N00149423EA0141901495
B0855374207315N00149423EA0141901495
B0855384207315N00149423EA0141901495
B0855394207315N00149423EA0141901495
B0855404207315N00149423EA0142001495
B0855414207315N00149423EA0141901495
B0855424207315N00149423EA0142001495
B0855434207315N00149423EA0141901495
B0855444207315N00149423EA0141801495
B0855454207315N00149423EA0141901495
B0855464207315N00149423EA0141901495
B0855474207315N00149423EA0141901495
B0855484207315N00149423EA0141901495
B0855494207315N00149423EA0141901495
B0855504207315N00149423EA0141901495
B0855514207315N00149423EA0141901495
B0855524207315N00149423EA0142001495
B0855534207315N00149423EA0141901495
B0855544207315N00149423EA0141901495
B0855554207315N00149423EA0141901495
B0855564207315N00149423EA0141901495
B0855574207315N00149423EA0141901495
B0855584207315N00149423EA0141801495
B0855594207315N00149423EA0141901495
B0856004207315N00149423EA0141801495
B0856014207315N00149423EA0141801495
B0856024207315N00149423EA0141901494
B0856034207315N00149423EA0141901494
B0856044207315N00149423EA0141801494
B0856054207315N00149423EA0141901494
B0856064207315N00149423EA0141901494
B0856074207315N00149423EA0141901494
B0856084207315N00149424EA0141901494
B0856094207315N00149424EA0141901494
B0856104207315N00149424EA0141901494
B0856114207314N00149424EA0141901494
B0856124207314N00149424EA0141901495
B0856134207314N00149424EA0141901495
B0856144207314N00149424EA0141801495
B0856154207315N00149424EA0141901495
B0856164207315N00149424EA0141901496
B0856174207315N00149423EA0141901495
B0856184207315N00149423EA0141901495
B0856194207315N00149423EA0141901495
B0856204207315N00149423EA0141901495
B0856214207315N00149424EA0141901496
B0856224207315N00149424EA0141901496
B0856234207315N00149424EA0141901495
B0856244207315N00149424EA0141901496
B0856254207315N00149424EA0141901496
B0856264207315N00149424EA0141901496
B0856274207315N00149424EA0141901496
B0856284207315N00149424EA0141901496
B0856294207315N00149424EA0141901497
B0856304207315N00149424EA0141801498
B0856314207315N00149424EA0141901497
B0856324207315N00149424EA0141901497
B0856334207315N00149425EA0141901497
B0856344207315N00149424EA0141901498
B0856354207315N00149424EA0141901498
B0856364207315N00149424EA0141901498
B0856374207315N00149424EA0141801498
B0856384207315N00149424EA0141901499
B0856394207315N00149424EA0141801499
B0856404207315N00149424EA0141801499
B0856414207316N00149424EA0141901498
B0856424207316N00149424EA0141801498
B0856434207316N00149424EA0141901498
B0856444207316N00149424EA0141801498
B0856454207316N00149424EA0141901498
B0856464207316N00149424EA0141901498
B0856474207316N00149424EA0141901498
B0856484207316N00149424EA0141801498
B0856494207316N00149424EA0141901498
B0856504207316N00149424EA0141901498
B0856514207316N00149424EA0141901499
B0856524207316N00149424EA0141801499
B0856534207316N00149424EA0141901498
B0856544207316N00149424EA0141901499
B0856554207316N00149424EA0141901499
B0856564207316N00149424EA0141901499
B0856574207315N00149425EA0142601500
B0856584207315N00149425EA0141801500
B0856594207315N00149425EA0140901500
B0857004207315N00149425EA0142401500
B0857014207315N00149425EA0141601499
B0857024207315N00149425EA0141701499
B0857034207316N00149425EA0141801499
B0857044207317N00149425EA0141801499
B0857054207317N00149425EA0142201499
B0857064207318N00149425EA0141801499
B0857074207318N00149424EA0141701499
B0857084207319N00149425EA0142001499
B0857094207320N00149425EA0141801499
B0857104207321N00149425EA0142101499
B0857114207322N00149425EA0135501499
B0857124207322N00149424EA0141801500
B0857134207323N00149424EA0142201500
B0857144207323N00149423EA0142001500
B0857154207324N00149423EA0142101498
B0857164207325N00149423EA0141801498
B0857174207325N00149423EA0141701498
B0857184207326N00149424EA0141701498
B0857194207327N00149425EA0142001498
B0857204207325N00149426EA0141201498
B0857214207325N00149426EA0141901499
B0857224207327N00149426EA0141901499
B0857234207326N00149427EA0141901500
B0857244207327N00149427EA0142001500
B0857254207327N00149427EA0141601501
B0857264207328N00149428EA0141901501
B0857274207327N00149428EA0141701504
B0857284207328N00149429EA0141801505
B0857294207328N00149429EA0142001505
B0857304207327N00149429EA0142201504
B0857314207327N00149430EA0141601506
B0857324207329N00149427EA0142001508
B0857334207330N00149426EA0141701510
B0857344207330N00149426EA0142001511
B0857354207329N00149427EA0142001512
B0857364207328N00149427EA0142101514
B0857374207328N00149427EV0141700000
B0857384207328N00149427EV0141900000
B0857394207329N00149427EV0142300000
B0857404207329N00149426EV0142000000
B0857414207329N00149425EV0141800000
B0857424207329N00149425EV0140000000
B0857434207329N00149426EV0142500000
B0857444207329N00149425EV0145200000
B0857454207330N00149424EA0142801501
B0857464207332N00149424EA0141901501
B0857474207329N00149420EA0141801502
B0857484207326N00149419EA0141901500
B0857494207325N00149419EA0141901499
B0857504207324N00149419EA0141501498
B0857514207323N00149420EA0142101497
B0857524207323N00149421EA0142001497
B0857534207322N00149422EA0141801497
B0857544207321N00149422EA0142001497
B0857554207320N00149423EA0141901497
B0857564207320N00149423EA0141901497
B0857574207320N00149423EA0141901497
B0857584207320N00149423EA0141901497
B0857594207320N00149424EA0141001497
B0858004207320N00149424EA0142301497
B0858014207320N00149424EA0142001498
B0858024207320N00149424EA0142001498
B0858034207320N00149425EA0142001498
B0858044207320N00149424EA0141501498
B0858054207320N00149424EA0141901499
B0858064207320N00149425EA0141901499
B0858074207321N00149425EA0142001499
B0858084207321N00149425EA0141701500
B0858094207320N00149425EA0141901500
B0858104207319N00149426EA0141801501
B0858114207318N00149427EA0142001501
B0858124207317N00149427EA0142001501
B0858134207315N00149428EA0142001501
B0858144207314N00149429EA0141901502
B0858154207314N00149429EA0141701502
B0858164207314N00149430EA0142001502
B0858174207313N00149430EA0142001503
B0858184207312N00149430EA0141901503
B0858194207312N00149430EA0142001503
B0858204207312N00149430EA0139701504
B0858214207311N00149429EA0144001504
B0858224207310N00149429EA0142001504
B0858234207310N00149429EA0141901503
B0858244207310N00149429EA0142001504
B0858254207309N00149430EA0141901504
B0858264207308N00149430EA0141701504
B0858274207308N00149430EA0142001504
B0858284207308N00149429EA0141801504
B0858294207308N00149430EA0139901504
B0858304207308N00149430EA0142401504
B0858314207308N00149431EA0141801504
B0858324207308N00149431EA0141901505
B0858334207309N00149431EA0141701505
B0858344207310N00149431EA0141601505
B0858354207310N00149431EA0141901505
B0858364207311N00149430EA0142101505
B0858374207311N00149430EA0141701506
B0858384207312N00149430EA0142101506
B0858394207312N00149430EA0141901506
B0858404207315N00149429EA0142101507
B0858414207316N00149429EA0141701507
B0858424207317N00149428EA0141901507
B0858434207315N00149430EA0141901508
B0858444207316N00149430EA0141901507
B0858454207316N00149430EA0142201508
B0858464207315N00149430EA0143201508
B0858474207316N00149429EA0142401508
B0858484207317N00149428EA0141901508
B0858494207316N00149428EA0141801508
B0858504207316N00149427EA0141901509
B0858514207316N00149428EA0141701509
B0858524207316N00149427EA0141801509
B0858534207317N00149427EA0142201510
B0858544207317N00149427EA0141901510
B0858554207317N00149427EA0142001511
B0858564207317N00149427EA0142001511
B0858574207318N00149426EA0142501511
B0858584207318N00149426EA0142101511
B0858594207317N00149426EA0142001511
B0859004207317N00149426EA0141801511
B0859014207317N00149426EA0141901511
B0859024207317N00149426EA0142001511
B0859034207318N00149426EA0141901511
B0859044207319N00149425EA0142001511
B0859054207319N00149425EA0142001512
B0859064207319N00149425EA0142001511
B0859074207320N00149424EA0141901511
B0859084207320N00149424EA0141901512
B0859094207320N00149424EA0141901513
B0859104207320N00149424EA0141801513
B0859114207320N00149423EA0141801513
B0859124207320N00149423EA0142001513
B0859134207319N00149423EA0142001513
B0859144207319N00149423EA0141901511
B0859154207319N00149423EA0141901511
B0859164207319N00149423EA0141801510
B0859174207318N00149423EA0141801509
B0859184207318N00149423EA0142001509
B0859194207318N00149423EA0141901508
B0859204207318N00149423EA0142101507
B0859214207318N00149423EA0142201507
B0859224207318N00149423EA0142101508
B0859234207318N00149422EA0142001508
B0859244207318N00149422EA0142001508
B0859254207318N00149422EA0142101508
B0859264207318N00149422EA0142001508
B0859274207318N00149422EA0142001508
B0859284207318N00149422EA0142001508
B0859294207318N00149422EA0142101509
B0859304207318N00149422EA0141901509
B0859314207318N00149422EA0141901509
B0859324207318N00149422EA0141901509
B0859334207318N00149422EA0141901509
B0859344207318N00149422EA0142001509
B0859354207318N00149422EA0141901508
B0859364207318N00149421EA0142001508
B0859374207318N00149422EA0141901507
B0859384207318N00149422EA0141901507
B0859394207318N00149422EA0141901507
B0859404207318N00149422EA0141901506
B0859414207318N00149422EA0141901505
B0859424207318N00149422EA0141901505
B0859434207317N00149422EA0141901504
B0859444207317N00149422EA0141901504
B0859454207317N00149422EA0142001503
B0859464207317N00149422EA0141901503
B0859474207317N00149422EA0141901503
B0859484207317N00149422EA0141901503
B0859494207317N00149423EA0141901503
B0859504207317N00149423EA0141901502
B0859514207317N00149423EA0141901502
B0859524207316N00149423EA0141901502
B0859534207316N00149423EA0141901502
B0859544207316N00149423EA0141901502
B0859554207316N00149423EA0141901502
B0859564207316N00149423EA0141901502
B0859574207316N00149423EA0141901502
B0859584207316N00149423EA0141901502
B0859594207316N00149423EA0141901502
B0900004207316N00149423EA0142001502
B0900014207316N00149423EA0141801502
B0900024207316N00149423EA0141901502
B0900034207316N00149423EA0141901502
B0900044207316N00149423EA0141901502
B0900054207316N00149423EA0141901502
B0900064207316N00149423EA0141901503
B0900074207316N00149423EA0141901503
B0900084207316N00149423EA0141901503
B0900094207316N00149423EA0141901503
B0900104207316N00149423EA0141901503
B0900114207316N00149423EA0141901503
B0900124207316N00149423EA0141901503
B0900134207316N00149423EA0141901503
B0900144207316N00149423EA0141901503
B0900154207316N00149423EA0141901503
B0900164207316N00149423EA0141901503
B0900174207316N00149423EA0141901503
B0900184207316N00149423EA0141901503
B0900194207316N00149423EA0141901503
B0900204207316N00149423EA0141901503
B0900214207316N00149423EA0141901503
B0900224207316N00149423EA0141901503
B0900234207316N00149423EA0141901501
B0900244207316N00149423EA0141901501
B0900254207316N00149423EA0141901500
B0900264207316N00149423EA0141901499
B0900274207316N00149424EA0141901499
B0900284207316N00149424EA0141901499
B0900294207316N00149424EA0141901498
B0900304207316N00149424EA0141901498
B0900314207316N00149424EA0141901498
B0900324207317N00149424EA0142001498
B0900334207317N00149424EA0141901498
B0900344207317N00149424EA0142001498
B0900354207317N00149424EA0142001498
B0900364207317N00149424EA0141901498
B0900374207317N00149424EA0142001498
B0900384207317N00149424EA0141901498
B0900394207317N00149424EA0141901498
B0900404207317N00149424EA0141901498
B0900414207317N00149424EA0141901499
B0900424207317N00149424EA0141901499
B0900434207317N00149424EA0141901499
B0900444207317N00149424EA0141901499
B0900454207317N00149424EA0141901499
B0900464207317N00149424EA0141901499
B0900474207317N00149424EA0141901499
B0900484207317N00149424EA0141901499
B0900494207317N00149424EA0141901499
B0900504207317N00149424EA0141901499
B0900514207317N00149424EA0142001499
B0900524207317N00149424EA0141901499
B0900534207317N00149424EA0142001499
B0900544207317N00149424EA0142001499
B0900554207317N00149424EA0141901499
B0900564207317N00149424EA0142001499
B0900574207317N00149424EA0141901499
B0900584207317N00149424EA0141901499
B0900594207317N00149424EA0141901498
B0901004207317N00149424EA0141901498
B0901014207317N00149424EA0141901498
B0901024207317N00149424EA0141901498
B0901034207317N00149424EA0141901498
B0901044207317N00149424EA0141901498
B0901054207317N00149424EA0141901498
B0901064207317N00149424EA0141901498
B0901074207317N00149424EA0141901498
B0901084207317N00149424EA0141901498
B0901094207317N00149424EA0141901498
B0901104207317N00149424EA0141901497
B0901114207318N00149424EA0141801497
B0901124207318N00149424EA0141901497
B0901134207318N00149424EA0141901497
B0901144207318N00149424EA0141901497
B0901154207318N00149424EA0141901497
B0901164207318N00149424EA0141901497
B0901174207318N00149424EA0141901497
B0901184207318N00149424EA0141901497
B0901194207318N00149424EA0141901497
B0901204207318N00149424EA0141801497
B0901214207318N00149424EA0141901497
B0901224207318N00149424EA0141801497
B0901234207318N00149424EA0141901497
B0901244207318N00149424EA0141801497
B0901254207318N00149424EA0141901497
B0901264207318N00149424EA0141901497
B0901274207318N00149424EA0141901497
B0901284207318N00149424EA0141801498
B0901294207318N00149424EA0141901498
B0901304207318N00149424EA0141901498
B0901314207318N00149424EA0141801498
B0901324207318N00149424EA0141901498
B0901334207318N00149424EA0141901498
B0901344207317N00149424EA0141901498
B0901354207317N00149424EA0141901498
B0901364207317N00149424EA0141901498
B0901374207317N00149424EA0141901498
B0901384207317N00149424EA0141901498
B0901394207317N00149424EA0141901498
B0901404207317N00149424EA0141901498
B0901414207317N00149424EA0141901498
B0901424207317N00149424EA0141901498
B0901434207317N00149423EA0141901499
B0901444207317N00149423EA0141801499
B0901454207317N00149423EA0141801499
B0901464207317N00149423EA0141901499
B0901474207317N00149423EA0141901499
B0901484207317N00149423EA0141801499
B0901494207317N00149423EA0141901499
B0901504207317N00149423EA0141801499
B0901514207317N00149423EA0141901499
B0901524207317N00149423EA0141901499
B0901534207317N00149423EA0141901500
B0901544207317N00149423EA0141801500
B0901554207317N00149423EA0141801500
B0901564207317N00149423EA0141901500
B0901574207317N00149423EA0141901500
B0901584207318N00149423EA0141901500
B0901594207318N00149423EA0141901500
B0902004207318N00149423EA0141901500
B0902014207318N00149423EA0141801501
B0902024207318N00149423EA0141801501
B0902034207318N00149423EA0141901501
B0902044207318N00149423EA0141801501
B0902054207318N00149423EA0141801501
B0902064207318N00149423EA0141901501
B0902074207318N00149423EA0141901501
B0902084207318N00149423EA0141901501
B0902094207318N00149423EA0141901502
B0902104207318N00149423EA0141901502
B0902114207318N00149423EA0141901502
B0902124207318N00149423EA0141801502
B0902134207318N00149423EA0141801502
B0902144207318N00149423EA0141801502
B0902154207318N00149423EA0141901502
B0902164207318N00149423EA0141901502
B0902174207318N00149423EA0141901502
B0902184207318N00149423EA0142001502
B0902194207318N00149423EA0142001502
B0902204207318N00149423EA0142001502
B0902214207318N00149423EA0141901502
B0902224207318N00149423EA0141901502
B0902234207318N00149423EA0141901502
B0902244207318N00149423EA0141901502
B0902254207318N00149423EA0141901502
B0902264207318N00149423EA0141901501
B0902274207318N00149423EA0141901501
B0902284207318N00149423EA0141801501
B0902294207318N00149423EA0141901501
B0902304207318N00149423EA0141901501
B0902314207318N00149423EA0141901500
B0902324207318N00149423EA0141901500
B0902334207318N00149423EA0141901500
B0902344207318N00149423EA0141901500
B0902354207318N00149423EA0141901499
B0902364207318N00149423EA0142001499
B0902374207318N00149423EA0141901499
B0902384207318N00149423EA0141901499
B0902394207318N00149423EA0141901499
B0902404207318N00149423EA0141901499
B0902414207318N00149423EA0141901498
B0902424207318N00149423EA0141901498
B0902434207318N00149423EA0141901498
B0902444207318N00149423EA0141901498
B0902454207318N00149423EA0141901498
B0902464207318N00149423EA0141901498
B0902474207318N00149423EA0141901498
B0902484207318N00149423EA0141901498
B0902494207317N00149423EA0141901498
B0902504207317N00149423EA0141901498
B0902514207317N00149423EA0141901497
B0902524207317N00149424EA0141901497
B0902534207317N00149424EA0141901497
B0902544207317N00149424EA0141901497
B0902554207317N00149424EA0141901497
B0902564207317N00149424EA0141901497
B0902574207317N00149424EA0141901497
B0902584207317N00149424EA0141901497
B0902594207317N00149424EA0141801497
B0903004207317N00149424EA0141901496
B0903014207317N00149424EA0141901496
B0903024207317N00149424EA0141901496
B0903034207317N00149424EA0141901496
B0903044207317N00149424EA0141901496
B0903054207317N00149424EA0141901496
B0903064207317N00149424EA0141901496
B0903074207317N00149424EA0141901496
B0903084207317N00149424EA0141901496
B0903094207317N00149424EA0141901495
B0903104207317N00149424EA0141901495
B0903114207317N00149424EA0141901495
B0903124207317N00149424EA0141901495
B0903134207317N00149424EA0141801495
B0903144207316N00149424EA0141901495
B0903154207316N00149424EA0141901495
B0903164207316N00149424EA0141901495
B0903174207316N00149424EA0141901495
B0903184207316N00149424EA0141901495
B0903194207316N00149424EA0141901495
B0903204207316N00149424EA0141901495
B0903214207316N00149424EA0141901495
B0903224207316N00149424EA0141901495
B0903234207316N00149424EA0141901495
B0903244207316N00149424EA0141901496
B0903254207316N00149424EA0141901496
B0903264207316N00149424EA0141901496
B0903274207316N00149424EA0141901496
B0903284207316N00149424EA0141901496
B0903294207316N00149424EA0141901496
B0903304207316N00149424EA0141901497
B0903314207316N00149424EA0141901497
B0903324207316N00149424EA0141901497
B0903334207316N00149424EA0141901497
B0903344207316N00149423EA0141901498
B0903354207316N00149423EA0141901498
B0903364207316N00149423EA0141901498
B0903374207316N00149423EA0141901498
B0903384207317N00149423EA0141901498
B0903394207317N00149423EA0141901498
B0903404207317N00149423EA0141901499
B0903414207317N00149423EA0141901499
B0903424207317N00149423EA0141901499
B0903434207317N00149423EA0141901499
B0903444207317N00149423EA0141901499
B0903454207317N00149423EA0141801499
B0903464207317N00149423EA0141801499
B0903474207317N00149423EA0141901499
B0903484207316N00149423EA0141801499
B0903494207316N00149423EA0141801499
B0903504207316N00149422EA0141801500
B0903514207316N00149422EA0141901500
B0903524207316N00149422EA0141801500
B0903534207316N00149422EA0141901500
B0903544207316N00149422EA0141801500
B0903554207316N00149422EA0141801500
B0903564207316N00149422EA0141801500
B0903574207316N00149422EA0141901501
B0903584207316N00149422EA0141901501
B0903594207316N00149422EA0141801501
B0904004207316N00149422EA0141901501
B0904014207316N00149422EA0141901501
B0904024207316N00149422EA0141901501
B0904034207316N00149422EA0141901502
B0904044207316N00149422EA0141901502
B0904054207316N00149422EA0141801502
B0904064207316N00149422EA0141901502
B0904074207316N00149422EA0141901502
B0904084207316N00149422EA0141801502
B0904094207316N00149422EA0141901503
B0904104207316N00149422EA0141901503
B0904114207316N00149422EA0141901503
B0904124207316N00149422EA0141901503
B0904134207316N00149422EA0141901503
B0904144207316N00149422EA0141901503
B0904154207315N00149422EA0141901503
B0904164207315N00149422EA0141901503
B0904174207315N00149422EA0141901503
B0904184207315N00149422EA0141901503
B0904194207315N00149422EA0141901503
B0904204207315N00149421EA0141901503
B0904214207315N00149421EA0141901503
B0904224207315N00149421EA0141901503
B0904234207315N00149421EA0141901503
B0904244207315N00149421EA0141901504
B0904254207315N00149421EA0141901503
B0904264207315N00149421EA0141901503
B0904274207315N00149421EA0141901503
B0904284207315N00149422EA0141901503
B0904294207315N00149421EA0141901503
B0904304207315N00149421EA0141901503
B0904314207315N00149422EA0141901503
B0904324207314N00149422EA0141901503
B0904334207314N00149422EA0142001503
B0904344207314N00149422EA0141901503
B0904354207314N00149422EA0141901503
B0904364207314N00149422EA0141901503
B0904374207314N00149422EA0141901503
B0904384207314N00149422EA0141901503
B0904394207314N00149422EA0141901502
B0904404207314N00149422EA0141801502
B0904414207314N00149422EA0141901502
B0904424207314N00149422EA0141901502
B0904434207314N00149422EA0142001502
B0904444207314N00149422EA0141901501
B0904454207314N00149422EA0141901501
B0904464207314N00149422EA0141901501
B0904474207314N00149422EA0141801501
B0904484207314N00149422EA0142001501
B0904494207314N00149422EA0142001500
B0904504207314N00149422EA0141901500
B0904514207314N00149422EA0141901500
B0904524207314N00149422EA0141901500
B0904534207314N00149422EA0141901500
B0904544207314N00149422EA0141901500
B0904554207314N00149422EA0141901500
B0904564207314N00149422EA0141901500
B0904574207314N00149422EA0141901500
B0904584207314N00149422EA0141901500
B0904594207314N00149422EA0141901500
B0905004207314N00149422EA0141901500
B0905014207314N00149422EA0141901499
B0905024207314N00149422EA0141901499
B0905034207314N00149422EA0141901499
B0905044207314N00149423EA0141901499
B0905054207314N00149423EA0141901499
B0905064207314N00149423EA0141901499
B0905074207314N00149423EA0141901499
B0905084207314N00149423EA0141901498
B0905094207314N00149423EA0141901498
B0905104207314N00149423EA0141901498
B0905114207314N00149423EA0141901498
B0905124207314N00149423EA0141901498
B0905134207314N00149423EA0141901498
B0905144207314N00149423EA0141901498
B0905154207314N00149423EA0141901497
B0905164207314N00149423EA0141901497
B0905174207314N00149423EA0141901497
B0905184207314N00149423EA0141901497
B0905194207314N00149423EA0141901497
B0905204207314N00149423EA0141901497
B0905214207314N00149424EA0141901497
B0905224207314N00149424EA0141901497
B0905234207314N00149424EA0142001497
B0905244207314N00149424EA0141901497
B0905254207314N00149424EA0141901497
B0905264207314N00149424EA0141901497
B0905274207314N00149423EA0141901497
B0905284207314N00149423EA0141901497
B0905294207314N00149423EA0142001497
B0905304207314N00149423EA0141901497
B0905314207314N00149423EA0141901497
B0905324207314N00149423EA0141901497
B0905334207314N00149423EA0142001497
B0905344207314N00149423EA0141901497
B0905354207314N00149423EA0141901497
B0905364207314N00149423EA0142001497
B0905374207314N00149423EA0141901497
B0905384207314N00149423EA0142001497
B0905394207314N00149423EA0141901497
B0905404207314N00149423EA0141901497
B0905414207314N00149423EA0141901498
B0905424207314N00149423EA0141901498
B0905434207314N00149423EA0141901498
B0905444207315N00149423EA0141901498
B0905454207315N00149423EA0141901498
B0905464207315N00149423EA0141901498
B0905474207315N00149423EA0141901498
B0905484207315N00149423EA0141801498
B0905494207315N00149422EA0142001498
B0905504207315N00149422EA0142001498
B0905514207314N00149422EA0141901498
B0905524207314N00149422EA0141901498
B0905534207314N00149422EA0141901499
B0905544207314N00149422EA0141901499
B0905554207314N00149422EA0141901499
B0905564207314N00149422EA0141901499
B0905574207314N00149422EA0141901499
B0905584207314N00149422EA0142001499
B0905594207314N00149422EA0142001499
B0906004207314N00149422EA0141901499
B0906014207314N00149422EA0141901499
B0906024207314N00149422EA0141901500
B0906034207314N00149422EA0142001500
B0906044207314N00149422EA0141901500
B0906054207314N00149421EA0141901500
B0906064207314N00149421EA0141901500
B0906074207314N00149421EA0141901500
B0906084207314N00149421EA0141901500
B0906094207314N00149421EA0141901500
B0906104207314N00149421EA0141901501
B0906114207314N00149421EA0141901501
B0906124207314N00149421EA0141901501
B0906134207314N00149421EA0141901501
B0906144207314N00149421EA0141901501
B0906154207314N00149421EA0141801501
B0906164207314N00149421EA0141901502
B0906174207314N00149421EA0141801502
B0906184207314N00149421EA0141901502
B0906194207313N00149421EA0141901502
B0906204207313N00149421EA0141901502
B0906214207313N00149421EA0141801502
B0906224207313N00149421EA0141901502
B0906234207313N00149421EA0141901502
B0906244207313N00149421EA0141901502
B0906254207313N00149421EA0141901502
B0906264207313N00149421EA0141901502
B0906274207313N00149421EA0141901502
B0906284207313N00149421EA0141901502
B0906294207313N00149421EA0141901502
B0906304207313N00149421EA0141901502
B0906314207313N00149421EA0141901502
B0906324207313N00149421EA0141901502
B0906334207313N00149421EA0141901502
B0906344207313N00149421EA0141901502
B0906354207313N00149421EA0141901503
B0906364207313N00149421EA0141901503
B0906374207313N00149421EA0141901503
B0906384207313N00149421EA0141901502
B0906394207313N00149421EA0141901502
B0906404207313N00149421EA0141901502
B0906414207313N00149421EA0141901502
B0906424207313N00149421EA0142001502
B0906434207313N00149421EA0141901502
B0906444207313N00149421EA0141901503
B0906454207313N00149421EA0141901503
B0906464207313N00149421EA0141901503
B0906474207313N00149421EA0141901503
B0906484207313N00149421EA0141901503
B0906494207313N00149421EA0141901503
B0906504207313N00149421EA0141801503
B0906514207313N00149421EA0141901503
B0906524207313N00149421EA0141901503
B0906534207313N00149421EA0141901503
B0906544207313N00149421EA0142001503
B0906554207313N00149421EA0141901503
B0906564207313N00149421EA0141901503
B0906574207313N00149421EA0141901503
B0906584207313N00149421EA0141901503
B0906594207313N00149421EA0141901503
B0907004207313N00149421EA0141901503
B0907014207313N00149421EA0141901504
B0907024207313N00149421EA0141901504
B0907034207313N00149421EA0141901504
B0907044207313N00149421EA0141901504
B0907054207313N00149421EA0141901504
B0907064207313N00149421EA0141901504
B0907074207313N00149421EA0141901504
B0907084207313N00149421EA0141901504
B0907094207313N00149421EA0141901504
B0907104207313N00149421EA0141901504
B0907114207313N00149421EA0141901504
B0907124207313N00149421EA0141901504
B0907134207313N00149421EA0141901504
B0907144207313N00149421EA0141901504
B0907154207313N00149421EA0141901504
B0907164207314N00149421EA0141901504
B0907174207314N00149421EA0141901504
B0907184207314N00149421EA0141901504
B0907194207314N00149421EA0141901504
B0907204207314N00149421EA0141901504
B0907214207314N00149421EA0141901504
B0907224207314N00149421EA0141901504
B0907234207314N00149421EA0141901504
B0907244207314N00149421EA0141901504
B0907254207314N00149421EA0141801504
B0907264207314N00149421EA0142001504
B0907274207314N00149421EA0141901504
B0907284207314N00149421EA0141901504
B0907294207314N00149421EA0142001504
B0907304207314N00149421EA0141901504
B0907314207314N00149421EA0141901504
B0907324207314N00149421EA0141901504
B0907334207314N00149421EA0141901504
B0907344207314N00149421EA0141901504
B0907354207314N00149421EA0141901504
B0907364207314N00149421EA0141901504
B0907374207314N00149421EA0141901504
B0907384207314N00149421EA0141901504
B0907394207314N00149421EA0142001504
B0907404207314N00149421EA0141901504
B0907414207314N00149422EA0141901504
B0907424207314N00149422EA0141901504
B0907434207314N00149422EA0141901504
B0907444207314N00149422EA0141901504
B0907454207314N00149422EA0141901504
B0907464207314N00149422EA0141901504
B0907474207314N00149422EA0141901503
B0907484207314N00149422EA0142001503
B0907494207314N00149422EA0141901503
B0907504207314N00149422EA0141901503
B0907514207314N00149422EA0141901503
B0907524207314N00149422EA0141901503
B0907534207314N00149422EA0141901502
B0907544207314N00149422EA0141901502
B0907554207314N00149422EA0141901502
B0907564207314N00149422EA0141901502
B0907574207314N00149422EA0141801501
B0907584207314N00149422EA0141901501
B0907594207314N00149422EA0141901501
B0908004207315N00149422EA0141901501
B0908014207315N00149422EA0141901501
B0908024207315N00149422EA0141901500
B0908034207315N00149422EA0141901500
B0908044207315N00149422EA0141901500
B0908054207315N00149422EA0141901500
B0908064207315N00149422EA0141901500
B0908074207315N00149422EA0141901499
B0908084207315N00149422EA0141901499
B0908094207315N00149422EA0141901499
B0908104207315N00149423EA0141901499
B0908114207315N00149422EA0141901499
B0908124207315N00149422EA0141901499
B0908134207315N00149422EA0141901499
B0908144207315N00149422EA0141901499
B0908154207315N00149422EA0141901498
B0908164207315N00149422EA0141901498
B0908174207315N00149422EA0141901498
B0908184207315N00149422EA0141901498
B0908194207315N00149422EA0141801498
B0908204207315N00149422EA0141901498
B0908214207315N00149422EA0141801498
B0908224207315N00149422EA0141901498
B0908234207315N00149422EA0141901498
B0908244207315N00149422EA0141901498
B0908254207315N00149422EA0141901497
B0908264207315N00149422EA0141901497
B0908274207315N00149422EA0141901497
B0908284207315N00149422EA0141901497
B0908294207315N00149422EA0141901497
B0908304207315N00149422EA0141901497
B0908314207315N00149422EA0141901497
B0908324207315N00149422EA0141901497
B0908334207315N00149422EA0141901497
B0908344207315N00149422EA0141901497
B0908354207315N00149422EA0142001497
B0908364207315N00149422EA0141801497
B0908374207315N00149422EA0141901497
B0908384207315N00149422EA0141901497
B0908394207315N00149422EA0141901497
B0908404207315N00149422EA0141901497
B0908414207315N00149422EA0141901497
B0908424207315N00149422EA0141901497
B0908434207315N00149423EA0141901497
B0908444207315N00149423EA0141901497
B0908454207315N00149423EA0141901497
B0908464207315N00149423EA0141901497
B0908474207315N00149423EA0141901497
B0908484207315N00149423EA0142001497
B0908494207315N00149423EA0142001497
B0908504207315N00149423EA0141901497
B0908514207315N00149423EA0141901497
B0908524207315N00149423EA0142001497
B0908534207315N00149423EA0141901497
B0908544207315N00149423EA0141901497
B0908554207315N00149423EA0141901497
B0908564207315N00149423EA0141901497
B0908574207315N00149423EA0141801497
B0908584207315N00149423EA0141901497
B0908594207315N00149423EA0141901497
B0909004207315N00149423EA0141901497
B0909014207315N00149423EA0141901497
B0909024207315N00149423EA0141901496
B0909034207315N00149423EA0141901496
B0909044207315N00149423EA0141901496
B0909054207315N00149423EA0141901496
B0909064207315N00149424EA0142001496
B0909074207315N00149424EA0141901496
B0909084207315N00149424EA0141901496
B0909094207315N00149424EA0141901496
B0909104207315N00149424EA0141901496
B0909114207315N00149424EA0141901496
B0909124207315N00149424EA0141901496
B0909134207315N00149424EA0142001496
B0909144207315N00149423EA0141901497
B0909154207315N00149423EA0141901497
B0909164207315N00149423EA0141901497
B0909174207315N00149423EA0141901497
B0909184207315N00149423EA0141901497
B0909194207315N00149423EA0141901497
B0909204207315N00149423EA0141901497
B0909214207315N00149423EA0141901497
B0909224207315N00149423EA0141901497
B0909234207315N00149423EA0141901497
B0909244207315N00149423EA0141901497
B0909254207315N00149423EA0141901497
B0909264207315N00149423EA0141901497
B0909274207315N00149423EA0141901496
B0909284207315N00149423EA0141901496
B0909294207315N00149423EA0141901496
B0909304207315N00149423EA0141901496
B0909314207315N00149423EA0141901496
B0909324207315N00149423EA0141801496
B0909334207315N00149423EA0141901496
B0909344207315N00149423EA0141901496
B0909354207315N00149423EA0141901496
B0909364207315N00149423EA0141901496
B0909374207315N00149423EA0142001496
B0909384207315N00149423EA0141901497
B0909394207315N00149423EA0141801497
B0909404207315N00149423EA0141901497
B0909414207315N00149423EA0142001497
B0909424207315N00149423EA0141901497
B0909434207315N00149423EA0141901497
B0909444207315N00149423EA0141901497
B0909454207315N00149423EA0141901497
B0909464207315N00149423EA0141901497
B0909474207315N00149423EA0141801497
B0909484207315N00149423EA0141901498
B0909494207315N00149423EA0141801498
B0909504207315N00149423EA0141901498
B0909514207315N00149423EA0141901498
B0909524207315N00149423EA0141901497
B0909534207315N00149423EA0141901497
B0909544207315N00149423EA0141901497
B0909554207315N00149423EA0141901497
B0909564207315N00149423EA0141901497
B0909574207315N00149423EA0141901497
B0909584207315N00149423EA0141901497
B0909594207315N00149423EA0141901497
B0910004207315N00149423EA0141901497
B0910014207315N00149423EA0141901497
B0910024207315N00149423EA0141901497
B0910034207315N00149423EA0141901497
B0910044207315N00149423EA0141901497
B0910054207315N00149423EA0141901497
B0910064207315N00149423EA0141901497
B0910074207315N00149423EA0141901497
B0910084207315N00149423EA0141901497
B0910094207315N00149423EA0141901497
B0910104207315N00149423EA0141901497
B0910114207315N00149423EA0141901497
B0910124207315N00149423EA0141901497
B0910134207315N00149423EA0141901497
B0910144207315N00149423EA0141801497
B0910154207315N00149423EA0141801497
B0910164207315N00149423EA0141901497
B0910174207315N00149423EA0141901497
B0910184207315N00149423EA0141901497
B0910194207315N00149423EA0141901497
B0910204207316N00149423EA0141901497
B0910214207316N00149423EA0141901498
B0910224207316N00149423EA0141901498
B0910234207316N00149423EA0141901498
B0910244207316N00149423EA0141801498
B0910254207316N00149423EA0141901498
B0910264207316N00149423EA0141901498
B0910274207316N00149423EA0141901498
B0910284207316N00149423EA0141901498
B0910294207316N00149423EA0141901498
B0910304207316N00149423EA0141901498
B0910314207315N00149423EA0141801499
B0910324207315N00149423EA0141901499
B0910334207316N00149423EA0141901499
B0910344207315N00149423EA0141901499
B0910354207316N00149423EA0141901499
B0910364207316N00149423EA0141801499
B0910374207316N00149423EA0141901499
B0910384207316N00149423EA0141801499
B0910394207316N00149423EA0141901499
B0910404207316N00149423EA0141901499
B0910414207316N00149423EA0141901499
B0910424207315N00149423EA0141901499
B0910434207315N00149423EA0141901499
B0910444207315N00149423EA0141901498
B0910454207315N00149423EA0141901498
B0910464207315N00149423EA0141901498
B0910474207315N00149422EA0141901498
B0910484207315N00149422EA0141901498
B0910494207316N00149423EA0141901498
B0910504207316N00149423EA0141901498
B0910514207316N00149423EA0141901498
B0910524207316N00149423EA0141901498
B0910534207316N00149423EA0141901498
B0910544207316N00149423EA0141901498
B0910554207316N00149423EA0141901498
B0910564207316N00149423EA0142001498
B0910574207316N00149423EA0141901498
B0910584207316N00149423EA0141901498
B0910594207316N00149423EA0141901497
B0911004207316N00149423EA0141901497
B0911014207316N00149423EA0141901497
B0911024207316N00149423EA0141901497
B0911034207316N00149423EA0141901497
B0911044207316N00149423EA0142001497
B0911054207316N00149423EA0141901497
B0911064207316N00149423EA0141901497
B0911074207316N00149423EA0141901497
B0911084207316N00149423EA0141901497
B0911094207316N00149423EA0141901497
B0911104207316N00149423EA0141901497
B0911114207316N00149423EA0141901497
B0911124207316N00149423EA0141901497
B0911134207316N00149423EA0141901497
B0911144207316N00149423EA0141901497
B0911154207316N00149423EA0141801496
B0911164207316N00149423EA0141901496
B0911174207316N00149423EA0141901496
B0911184207316N00149423EA0141901496
B0911194207316N00149423EA0141901496
B0911204207316N00149423EA0141901496
B0911214207316N00149423EA0141901496
B0911224207316N00149423EA0141901496
B0911234207316N00149423EA0141901496
B0911244207316N00149423EA0141901496
B0911254207316N00149423EA0141901496
B0911264207316N00149423EA0141901496
B0911274207316N00149423EA0141901496
B0911284207316N00149423EA0141901495
B0911294207316N00149423EA0141901495
B0911304207316N00149423EA0141901495
B0911314207316N00149423EA0141901495
B0911324207316N00149423EA0141901495
B0911334207316N00149423EA0141901495
B0911344207316N00149423EA0141801495
B0911354207316N00149423EA0141901495
B0911364207316N00149423EA0141901495
B0911374207316N00149423EA0141901495
B0911384207316N00149423EA0141901495
B0911394207316N00149423EA0141901495
B0911404207316N00149423EA0141801495
B0911414207316N00149423EA0141901495
B0911424207316N00149423EA0141901495
B0911434207316N00149423EA0141901495
B0911444207316N00149423EA0141901495
B0911454207316N00149423EA0141901495
B0911464207316N00149423EA0141901495
B0911474207316N00149423EA0141901495
B0911484207316N00149423EA0141901495
B0911494207316N00149423EA0141901495
B0911504207316N00149423EA0141901495
B0911514207316N00149423EA0141901495
B0911524207316N00149423EA0141901495
B0911534207316N00149423EA0141901495
B0911544207316N00149423EA0141901495
B0911554207316N00149423EA0141901495
B0911564207316N00149423EA0141901495
B0911574207316N00149423EA0141901495
B0911584207316N00149423EA0141901495
B0911594207316N00149423EA0141901495
B0912004207316N00149423EA0141901495
B0912014207316N00149423EA0141901495
B0912024207316N00149423EA0141901495
B0912034207316N00149423EA0141901495
B0912044207316N00149423EA0141901495
B0912054207316N00149423EA0141801495
B0912064207315N00149423EA0141901495
B0912074207315N00149423EA0141901495
B0912084207315N00149423EA0141901495
B0912094207315N00149423EA0141901495
B0912104207315N00149423EA0141801495
B0912114207315N00149423EA0142001495
B0912124207315N00149423EA0141901495
B0912134207315N00149423EA0142001495
B0912144207315N00149423EA0141901495
B0912154207315N00149423EA0141901495
B0912164207315N00149423EA0141901495
B0912174207315N00149423EA0141901495
B0912184207315N00149423EA0141901495
B0912194207315N00149423EA0141901495
B0912204207315N00149423EA0141901495
B0912214207315N00149423EA0142001495
B0912224207315N00149423EA0141901494
B0912234207315N00149423EA0141801494
B0912244207315N00149423EA0141901494
B0912254207315N00149423EA0141901494
B0912264207315N00149423EA0141901495
B0912274207315N00149423EA0141901495
B0912284207315N00149423EA0141901495
B0912294207315N00149423EA0142001495
B0912304207315N00149423EA0141901495
B0912314207315N00149423EA0141901495
B0912324207315N00149423EA0141901495
B0912334207315N00149423EA0141901495
B0912344207315N00149423EA0141801496
B0912354207315N00149423EA0141901496
B0912364207314N00149423EA0142001496
B0912374207314N00149423EA0141901496
B0912384207314N00149423EA0141901496
B0912394207314N00149423EA0141901496
B0912404207314N00149423EA0142001496
B0912414207314N00149423EA0142001496
B0912424207314N00149423EA0142001497
B0912434207314N00149423EA0141901497
B0912444207314N00149423EA0141901497
B0912454207314N00149423EA0141901497
B0912464207314N00149423EA0141901497
B0912474207314N00149423EA0141901497
B0912484207314N00149423EA0141801497
B0912494207314N00149423EA0141901497
B0912504207314N00149423EA0141901497
B0912514207314N00149423EA0141901497
B0912524207314N00149423EA0141901497
B0912534207314N00149423EA0141801497
B0912544207314N00149423EA0141801497
B0912554207314N00149424EA0141901498
B0912564207314N00149424EA0141901498
B0912574207314N00149424EA0141801498
B0912584207314N00149424EA0141901498
B0912594207314N00149424EA0141901498
B0913004207314N00149424EA0141901498
B0913014207314N00149424EA0141901498
B0913024207314N00149424EA0141801498
B0913034207314N00149424EA0141901498
B0913044207314N00149424EA0141901498
B0913054207314N00149424EA0141901498
B0913064207314N00149424EA0141801498
B0913074207314N00149424EA0141901498
B0913084207314N00149424EA0141901498
B0913094207314N00149424EA0141801498
B0913104207314N00149424EA0141901498
B0913114207314N00149424EA0141901498
B0913124207314N00149424EA0141901498
B0913134207314N00149424EA0141901498
B0913144207314N00149424EA0141801498
B0913154207314N00149424EA0141901498
B0913164207314N00149424EA0141901498
B0913174207314N00149424EA0141901498
B0913184207314N00149424EA0142001498
B0913194207314N00149424EA0141901498
B0913204207314N00149424EA0141901498
B0913214207314N00149424EA0141901498
B0913224207314N00149424EA0141901498
B0913234207315N00149424EA0141901498
B0913244207315N00149424EA0141801498
B0913254207315N00149424EA0141901498
B0913264207315N00149424EA0141901498
B0913274207315N00149424EA0141901498
B0913284207315N00149424EA0141901498
B0913294207315N00149424EA0141901498
B0913304207315N00149423EA0141901498
B0913314207315N00149423EA0141901498
B0913324207315N00149423EA0141901498
B0913334207315N00149423EA0141901498
B0913344207315N00149423EA0141901498
B0913354207315N00149423EA0141901498
B0913364207315N00149423EA0141801498
B0913374207315N00149423EA0141901498
B0913384207315N00149423EA0141901498
B0913394207315N00149423EA0141901498
B0913404207315N00149423EA0141901498
B0913414207315N00149423EA0141901498
B0913424207315N00149423EA0141901498
B0913434207315N00149423EA0142001498
B0913444207315N00149423EA0141901498
B0913454207315N00149423EA0141901498
B0913464207315N00149423EA0141901498
B0913474207315N00149423EA0141901498
B0913484207315N00149423EA0141801498
B0913494207315N00149423EA0141801498
B0913504207315N00149423EA0141901498
B0913514207315N00149423EA0141901498
B0913524207315N00149423EA0141901498
B0913534207315N00149423EA0141901498
B0913544207315N00149423EA0141801498
B0913554207315N00149423EA0141901498
B0913564207315N00149423EA0141901498
B0913574207315N00149423EA0141801498
B0913584207315N00149423EA0141801498
B0913594207315N00149423EA0142001498
B0914004207315N00149423EA0141901498
B0914014207315N00149423EA0141901498
B0914024207315N00149423EA0141901498
B0914034207315N00149423EA0141901498
B0914044207315N00149423EA0141901498
B0914054207315N00149423EA0141901498
B0914064207315N00149423EA0141901498
B0914074207315N00149423EA0141901498
B0914084207315N00149423EA0141901498
B0914094207315N00149423EA0141801498
B0914104207315N00149423EA0141901498
B0914114207315N00149423EA0141901498
B0914124207315N00149423EA0141801498
B0914134207315N00149423EA0141901498
B0914144207315N00149423EA0141901498
B0914154207315N00149423EA0141801498
B0914164207315N00149423EA0141801498
B0914174207314N00149423EA0141901498
B0914184207314N00149423EA0141901498
B0914194207314N00149423EA0141901498
B0914204207314N00149423EA0141901498
B0914214207314N00149423EA0141901498
B0914224207314N00149423EA0141901498
B0914234207314N00149423EA0141901498
B0914244207314N00149423EA0141901498
B0914254207314N00149423EA0141901498
B0914264207314N00149423EA0141901498
B0914274207314N00149423EA0141901498
B0914284207314N00149423EA0141901498
B0914294207314N00149423EA0141801497
B0914304207314N00149423EA0141801497
B0914314207314N00149423EA0141901497
B0914324207314N00149423EA0141901497
B0914334207314N00149423EA0141901497
B0914344207314N00149423EA0141901497
B0914354207314N00149423EA0141801497
B0914364207314N00149423EA0141901498
B0914374207314N00149423EA0141901498
B0914384207314N00149423EA0141901498
B0914394207314N00149423EA0141801498
B0914404207314N00149423EA0141901498
B0914414207314N00149423EA0141801498
B0914424207314N00149423EA0141801498
B0914434207314N00149423EA0141901498
B0914444207314N00149423EA0141901498
B0914454207314N00149423EA0141801498
B0914464207314N00149423EA0141901498
B0914474207314N00149423EA0142001498
B0914484207314N00149423EA0141901498
B0914494207314N00149423EA0141901498
B0914504207314N00149423EA0141901498
B0914514207314N00149423EA0141801498
B0914524207314N00149423EA0141901498
B0914534207314N00149423EA0141901499
B0914544207314N00149423EA0141901499
B0914554207314N00149423EA0141801499
B0914564207314N00149423EA0141901499
B0914574207314N00149423EA0141901499
B0914584207314N00149423EA0141901499
B0914594207314N00149423EA0141901499
B0915004207314N00149423EA0141901499
B0915014207314N00149423EA0141901499
B0915024207314N00149423EA0141901499
B0915034207314N00149423EA0141901499
B0915044207314N00149423EA0141801499
B0915054207314N00149423EA0141801499
B0915064207314N00149423EA0141801499
B0915074207314N00149423EA0141801499
B0915084207314N00149423EA0141801499
B0915094207314N00149423EA0141901499
B0915104207314N00149423EA0141901499
B0915114207314N00149423EA0141901499
B0915124207314N00149423EA0141901499
B0915134207314N00149423EA0141901499
B0915144207314N00149423EA0141801499
B0915154207314N00149423EA0141901499
B0915164207314N00149423EA0141901499
B0915174207314N00149423EA0141901498
B0915184207314N00149423EA0141901498
B0915194207314N00149423EA0141901498
B0915204207314N00149423EA0141901498
B0915214207314N00149423EA0141901498
B0915224207314N00149423EA0141901498
B0915234207314N00149423EA0141901498
B0915244207314N00149423EA0141901498
B0915254207314N00149423EA0141901498
B0915264207314N00149423EA0141901498
B0915274207314N00149423EA0141901498
B0915284207314N00149423EA0141901497
B0915294207314N00149423EA0141801497
B0915304207314N00149423EA0141801497
B0915314207314N00149423EA0141901497
B0915324207314N00149423EA0141901497
B0915334207314N00149423EA0141901497
B0915344207314N00149423EA0141901497
B0915354207314N00149423EA0141901497
B0915364207314N00149423EA0141901497
B0915374207314N00149423EA0141801497
B0915384207314N00149423EA0141801497
B0915394207314N00149423EA0141801497
B0915404207314N00149423EA0141901497
B0915414207314N00149423EA0141801497
B0915424207314N00149423EA0141901497
B0915434207314N00149423EA0141901497
B0915444207314N00149423EA0141901497
B0915454207314N00149423EA0141901497
B0915464207314N00149423EA0141801497
B0915474207314N00149423EA0141901497
B0915484207314N00149423EA0141801497
B0915494207314N00149423EA0141901497
B0915504207314N00149423EA0141801497
B0915514207314N00149423EA0141901497
B0915524207314N00149423EA0141901497
B0915534207314N00149423EA0141801497
B0915544207314N00149423EA0141801497
B0915554207314N00149423EA0141801497
B0915564207314N00149423EA0141901497
B0915574207314N00149423EA0141901497
B0915584207315N00149423EA0141901497
B0915594207315N00149423EA0141801497
B0916004207315N00149423EA0141801497
B0916014207315N00149423EA0141801497
B0916024207315N00149423EA0141901497
B0916034207315N00149423EA0141801497
B0916044207315N00149423EA0141801497
B0916054207315N00149423EA0141901497
B0916064207315N00149423EA0141901497
B0916074207315N00149423EA0141801497
B0916084207315N00149423EA0141901497
B0916094207315N00149423EA0141801497
B0916104207315N00149423EA0141901497
B0916114207315N00149423EA0141801497
B0916124207315N00149423EA0141901497
B0916134207315N00149423EA0141901497
B0916144207315N00149423EA0141901497
B0916154207315N00149423EA0141901497
B0916164207316N00149423EA0141801497
B0916174207316N00149423EA0141901497
B0916184207316N00149423EA0141901497
B0916194207316N00149423EA0141801497
B0916204207316N00149423EA0141901497
B0916214207316N00149423EA0141901497
B0916224207316N00149423EA0141801497
B0916234207316N00149423EA0141901497
B0916244207316N00149423EA0141901497
B0916254207316N00149423EA0141901497
B0916264207316N00149423EA0141801497
B0916274207316N00149423EA0141901497
B0916284207316N00149423EA0141801497
B0916294207316N00149423EA0141901497
B0916304207316N00149423EA0141801497
B0916314207316N00149423EA0141801497
B0916324207316N00149423EA0141901497
B0916334207316N00149423EA0141901497
B0916344207316N00149423EA0141901497
B0916354207316N00149423EA0141901497
B0916364207316N00149423EA0141901497
B0916374207316N00149423EA0141901497
B0916384207316N00149423EA0141901497
B0916394207316N00149423EA0141801497
B0916404207316N00149423EA0141901498
B0916414207316N00149422EA0141901498
B0916424207316N00149422EA0141901498
B0916434207316N00149422EA0141901498
B0916444207316N00149422EA0141801498
B0916454207316N00149422EA0141901498
B0916464207316N00149422EA0141801498
B0916474207316N00149422EA0141901498
B0916484207316N00149422EA0141901498
B0916494207316N00149422EA0141801498
B0916504207316N00149422EA0141901498
B0916514207316N00149422EA0141901498
B0916524207316N00149422EA0141801498
B0916534207316N00149422EA0141901498
B0916544207316N00149422EA0141901498
B0916554207315N00149422EA0141901498
B0916564207315N00149422EA0141901498
B0916574207315N00149422EA0141801498
B0916584207315N00149422EA0141901498
B0916594207315N00149422EA0141901498
B0917004207315N00149422EA0141801498
B0917014207315N00149422EA0141801498
B0917024207315N00149422EA0141801498
B0917034207315N00149422EA0141901498
B0917044207315N00149422EA0141801498
B0917054207315N00149422EA0141901498
B0917064207315N00149422EA0141901498
B0917074207315N00149422EA0141901498
B0917084207315N00149422EA0141801498
B0917094207315N00149422EA0141801498
B0917104207315N00149422EA0141901498
B0917114207315N00149422EA0141901498
B0917124207315N00149422EA0141901498
B0917134207315N00149422EA0141901498
B0917144207315N00149422EA0141801498
B0917154207315N00149422EA0141901498
B0917164207315N00149422EA0141901498
B0917174207315N00149422EA0141901498
B0917184207315N00149422EA0141901498
B0917194207314N00149422EA0141801498
B0917204207314N00149422EA0141901498
B0917214207314N00149422EA0141901498
B0917224207314N00149422EA0141901498
B0917234207314N00149422EA0141901498
B0917244207314N00149422EA0141801498
B0917254207314N00149422EA0141901498
B0917264207314N00149422EA0141901498
B0917274207314N00149422EA0141901498
B0917284207314N00149422EA0141901498
B0917294207314N00149422EA0141801498
B0917304207314N00149422EA0141901498
B0917314207314N00149422EA0141901498
B0917324207314N00149422EA0141901498
B0917334207314N00149422EA0141901498
B0917344207314N00149422EA0141901498
B0917354207314N00149422EA0141901498
B0917364207314N00149422EA0141801498
B0917374207314N00149422EA0141901498
B0917384207314N00149422EA0141901499
B0917394207314N00149422EA0141901499
B0917404207314N00149422EA0141901499
B0917414207314N00149422EA0141901499
B0917424207314N00149422EA0141801499
B0917434207314N00149422EA0141901499
B0917444207314N00149422EA0141901499
B0917454207314N00149422EA0141901499
B0917464207314N00149422EA0141801498
B0917474207314N00149422EA0141901498
B0917484207314N00149422EA0141901499
B0917494207314N00149422EA0141901499
B0917504207314N00149422EA0141901499
B0917514207314N00149422EA0141901499
B0917524207314N00149422EA0141901499
B0917534207314N00149422EA0141901499
B0917544207314N00149423EA0141901499
B0917554207314N00149423EA0141901498
B0917564207314N00149423EA0141901498
B0917574207314N00149423EA0141901498
B0917584207314N00149423EA0141901498
B0917594207314N00149423EA0141801498
B0918004207314N00149423EA0141901498
B0918014207314N00149423EA0141901498
B0918024207314N00149423EA0141901498
B0918034207314N00149423EA0141901498
B0918044207314N00149423EA0141901497
B0918054207314N00149423EA0141901497
B0918064207314N00149423EA0141901497
B0918074207314N00149423EA0141901497
B0918084207314N00149423EA0141801497
B0918094207314N00149424EA0141901496
B0918104207314N00149424EA0141901496
B0918114207314N00149424EA0141901496
B0918124207314N00149424EA0141901496
B0918134207314N00149424EA0141901496
B0918144207314N00149424EA0141901496
B0918154207314N00149424EA0141901496
B0918164207314N00149424EA0141901495
B0918174207314N00149424EA0141901495
B0918184207314N00149424EA0141901495
B0918194207314N00149424EA0141901495
B0918204207314N00149424EA0141901495
B0918214207314N00149424EA0141901495
B0918224207314N00149424EA0141901495
B0918234207314N00149424EA0141801494
B0918244207314N00149424EA0141801494
B0918254207314N00149424EA0141901494
B0918264207314N00149424EA0141901494
B0918274207314N00149424EA0141901494
B0918284207314N00149424EA0141801494
B0918294207314N00149424EA0141901494
B0918304207314N00149424EA0141901494
B0918314207314N00149424EA0141801494
B0918324207314N00149424EA0141901494
B0918334207314N00149424EA0141901494
B0918344207314N00149424EA0141901494
B0918354207314N00149424EA0141901494
B0918364207314N00149424EA0141801494
B0918374207314N00149424EA0141801493
B0918384207314N00149424EA0141801493
B0918394207314N00149424EA0141801493
B0918404207314N00149424EA0141901493
B0918414207314N00149424EA0141901493
B0918424207314N00149424EA0141901493
B0918434207314N00149424EA0141901493
B0918444207314N00149424EA0141801493
B0918454207314N00149424EA0141801492
B0918464207314N00149424EA0141901492
B0918474207314N00149424EA0141801492
B0918484207314N00149424EA0141901492
B0918494207314N00149424EA0141801492
B0918504207314N00149424EA0141901492
B0918514207314N00149424EA0141801492
B0918524207314N00149424EA0141901492
B0918534207314N00149424EA0141901492
B0918544207314N00149424EA0141901492
B0918554207314N00149424EA0141901492
B0918564207314N00149424EA0141801492
B0918574207314N00149424EA0141801492
B0918584207314N00149424EA0141901492
B0918594207314N00149424EA0141801492
B0919004207314N00149424EA0141901492
B0919014207314N00149424EA0141801492
B0919024207314N00149424EA0141901492
B0919034207314N00149424EA0141901491
B0919044207314N00149424EA0141901491
B0919054207314N00149424EA0141901491
B0919064207314N00149424EA0141801492
B0919074207314N00149424EA0141801492
B0919084207314N00149424EA0141901492
B0919094207314N00149424EA0141901492
B0919104207314N00149424EA0141901492
B0919114207314N00149424EA0141801492
B0919124207314N00149424EA0141901492
B0919134207314N00149425EA0141901492
B0919144207314N00149425EA0141901492
B0919154207314N00149425EA0141801492
B0919164207314N00149425EA0141801492
B0919174207314N00149425EA0141901492
B0919184207314N00149425EA0141901492
B0919194207314N00149425EA0141901492
B0919204207314N00149425EA0141801492
B0919214207314N00149425EA0141801492
B0919224207314N00149425EA0141901492
B0919234207314N00149425EA0141901492
B0919244207314N00149425EA0141901492
B0919254207314N00149425EA0141901492
B0919264207314N00149425EA0141901492
B0919274207314N00149425EA0141901492
B0919284207314N00149425EA0141901492
B0919294207314N00149425EA0141901492
B0919304207314N00149425EA0141901492
B0919314207314N00149425EA0141901492
B0919324207314N00149425EA0141901492
B0919334207314N00149425EA0141901492
B0919344207314N00149425EA0141901492
B0919354207314N00149425EA0141901492
B0919364207314N00149425EA0141901492
B0919374207314N00149425EA0141901492
B0919384207314N00149425EA0141801492
B0919394207314N00149425EA0141901492
B0919404207314N00149425EA0141901492
B0919414207314N00149425EA0141901492
B0919424207314N00149425EA0141901492
B0919434207314N00149425EA0141901492
B0919444207314N00149425EA0141801492
B0919454207314N00149425EA0141901492
B0919464207314N00149425EA0141901492
B0919474207314N00149425EA0141801492
B0919484207314N00149425EA0141801492
B0919494207314N00149425EA0141901492
B0919504207314N00149425EA0141901492
B0919514207314N00149425EA0141901492
B0919524207314N00149425EA0141801492
B0919534207314N00149425EA0141901492
B0919544207314N00149425EA0141901492
B0919554207314N00149425EA0141901492
B0919564207314N00149425EA0141801492
B0919574207314N00149424EA0141801492
B0919584207314N00149424EA0141801492
B0919594207314N00149424EA0141901492
B0920004207314N00149424EA0141901492
B0920014207314N00149424EA0141901492
B0920024207314N00149424EA0141901492
B0920034207314N00149424EA0141901492
B0920044207314N00149424EA0141901492
B0920054207314N00149424EA0141901492
B0920064207314N00149424EA0141901492
B0920074207314N00149424EA0141901492
B0920084207314N00149424EA0141901492
B0920094207314N00149424EA0141901493
B0920104207314N00149424EA0141801493
B0920114207314N00149424EA0141801493
B0920124207314N00149424EA0141901493
B0920134207314N00149424EA0141901493
B0920144207314N00149424EA0141801493
B0920154207314N00149424EA0141801493
B0920164207314N00149424EA0141701493
B0920174207315N00149424EA0141801493
B0920184207315N00149424EA0141901493
B0920194207315N00149424EA0141801493
B0920204207315N00149424EA0141901493
B0920214207315N00149424EA0141801493
B0920224207315N00149424EA0141801493
B0920234207315N00149424EA0141901493
B0920244207315N00149424EA0141701493
B0920254207315N00149424EA0141801494
B0920264207315N00149424EA0141801494
B0920274207315N00149424EA0141901494
B0920284207315N00149424EA0141801494
B0920294207315N00149424EA0141801494
B0920304207315N00149424EA0141801494
B0920314207315N00149424EA0141901494
B0920324207315N00149424EA0141801494
B0920334207315N00149424EA0141801495
B0920344207315N00149424EA0141801495
B0920354207315N00149423EA0141801495
B0920364207315N00149423EA0141801495
B0920374207315N00149423EA0141801495
B0920384207315N00149423EA0141801495
B0920394207315N00149423EA0141901495
B0920404207315N00149423EA0141801496
B0920414207315N00149423EA0141801496
B0920424207315N00149423EA0141801496
B0920434207315N00149423EA0141801496
B0920444207315N00149423EA0141801496
B0920454207315N00149423EA0141901496
B0920464207315N00149423EA0141901496
B0920474207315N00149423EA0141801497
B0920484207315N00149423EA0141801497
B0920494207315N00149423EA0141801497
B0920504207315N00149423EA0141901497
B0920514207315N00149423EA0141801497
B0920524207315N00149423EA0141901497
B0920534207315N00149423EA0141801497
B0920544207315N00149423EA0141801497
B0920554207315N00149423EA0141801497
B0920564207315N00149423EA0141801497
B0920574207315N00149423EA0141901497
B0920584207315N00149423EA0141901497
B0920594207315N00149423EA0141901497
B0921004207315N00149423EA0141801497
B0921014207315N00149423EA0141801497
B0921024207315N00149423EA0141801497
B0921034207315N00149423EA0141801497
B0921044207315N00149423EA0141901497
B0921054207315N00149423EA0141801497
B0921064207315N00149423EA0141801497
B0921074207315N00149423EA0141801497
B0921084207315N00149423EA0141801497
B0921094207315N00149423EA0141801497
B0921104207315N00149423EA0141801497
B0921114207315N00149423EA0141901497
B0921124207315N00149423EA0141801497
B0921134207315N00149423EA0141801497
B0921144207315N00149423EA0141801496
B0921154207315N00149423EA0141901496
B0921164207315N00149423EA0141901496
B0921174207315N00149423EA0141901496
B0921184207315N00149423EA0141801496
B0921194207315N00149423EA0141801496
B0921204207315N00149423EA0141801496
B0921214207316N00149424EA0141801496
B0921224207316N00149424EA0141801496
B0921234207316N00149424EA0141801496
B0921244207316N00149424EA0141801496
B0921254207316N00149424EA0141801496
B0921264207316N00149424EA0141801496
B0921274207316N00149424EA0141801496
B0921284207316N00149424EA0141801496
B0921294207316N00149424EA0141801496
B0921304207316N00149424EA0141801496
B0921314207316N00149424EA0141801496
B0921324207316N00149424EA0141801496
B0921334207316N00149424EA0141801496
B0921344207316N00149424EA0141901496
B0921354207316N00149424EA0141801496
B0921364207316N00149424EA0141801496
B0921374207316N00149424EA0141801496
B0921384207316N00149424EA0141801496
B0921394207316N00149424EA0141801496
B0921404207316N00149424EA0141801496
B0921414207316N00149424EA0141801496
B0921424207316N00149424EA0141801496
B0921434207316N00149424EA0141901497
B0921444207316N00149424EA0141801497
B0921454207316N00149424EA0141801497
B0921464207316N00149424EA0141801497
B0921474207316N00149424EA0141701497
B0921484207316N00149424EA0141801497
B0921494207316N00149424EA0141801497
B0921504207316N00149424EA0141801497
B0921514207316N00149424EA0141801497
B0921524207316N00149424EA0141801497
B0921534207316N00149424EA0141801497
B0921544207316N00149424EA0141801497
B0921554207317N00149424EA0141801497
B0921564207317N00149424EA0141801497
B0921574207317N00149424EA0141801497
B0921584207317N00149424EA0141801498
B0921594207317N00149424EA0141801498
B0922004207317N00149424EA0141801498
B0922014207317N00149424EA0141801498
B0922024207317N00149424EA0141801498
B0922034207317N00149424EA0141801498
B0922044207317N00149424EA0141801499
B0922054207317N00149424EA0141801499
B0922064207317N00149424EA0141801499
B0922074207317N00149424EA0141901499
B0922084207317N00149424EA0141801499
B0922094207317N00149424EA0141801499
B0922104207317N00149424EA0141801499
B0922114207317N00149424EA0141801499
B0922124207317N00149424EA0141801499
B0922134207317N00149424EA0141801499
B0922144207317N00149424EA0141801499
B0922154207317N00149424EA0141801499
B0922164207317N00149424EA0141801499
B0922174207317N00149424EA0141801499
B0922184207317N00149424EA0141801499
B0922194207317N00149424EA0141801500
B0922204207317N00149424EA0141801500
B0922214207317N00149424EA0141801500
B0922224207317N00149424EA0141901500
B0922234207317N00149424EA0141901500
B0922244207317N00149424EA0141901500
B0922254207317N00149424EA0141901500
B0922264207317N00149424EA0141901500
B0922274207317N00149424EA0141901499
B0922284207317N00149424EA0141901499
B0922294207317N00149424EA0141901499
B0922304207317N00149424EA0141801499
B0922314207317N00149424EA0141801499
B0922324207317N00149424EA0141801499
B0922334207317N00149424EA0141901499
B0922344207317N00149424EA0141901499
B0922354207317N00149424EA0141901499
B0922364207317N00149424EA0141901499
B0922374207317N00149424EA0141901499
B0922384207317N00149424EA0141901499
B0922394207317N00149424EA0141901499
B0922404207317N00149424EA0141901499
B0922414207317N00149424EA0141801499
B0922424207317N00149424EA0141901499
B0922434207317N00149424EA0141901499
B0922444207317N00149424EA0141801499
B0922454207317N00149424EA0141801499
B0922464207317N00149424EA0141801499
B0922474207317N00149424EA0141901499
B0922484207317N00149424EA0141801499
B0922494207317N00149424EA0141901499
B0922504207317N00149424EA0141901499
B0922514207317N00149424EA0141801499
B0922524207317N00149424EA0141801498
B0922534207317N00149424EA0141801498
B0922544207317N00149424EA0141901498
B0922554207317N00149424EA0141801498
B0922564207317N00149424EA0141801498
B0922574207317N00149424EA0141901498
B0922584207317N00149424EA0141901498
B0922594207317N00149424EA0141801498
B0923004207317N00149424EA0141801498
B0923014207317N00149424EA0141801498
B0923024207317N00149424EA0141901498
B0923034207317N00149425EA0141901498
B0923044207317N00149425EA0141901498
B0923054207317N00149425EA0141801498
B0923064207317N00149425EA0141801498
B0923074207317N00149425EA0141801498
B0923084207317N00149425EA0141801498
B0923094207317N00149425EA0141801498
B0923104207317N00149425EA0141801497
B0923114207317N00149425EA0141901497
B0923124207317N00149425EA0141901497
B0923134207317N00149425EA0141901497
B0923144207317N00149425EA0141801497
B0923154207317N00149425EA0141901497
B0923164207316N00149425EA0141901497
B0923174207316N00149425EA0141801497
B0923184207316N00149425EA0141901497
B0923194207316N00149425EA0141901497
B0923204207316N00149425EA0141901497
B0923214207316N00149425EA0141801497
B0923224207316N00149425EA0141801497
B0923234207316N00149425EA0141801497
B0923244207316N00149425EA0141801497
B0923254207316N00149425EA0141901496
B0923264207316N00149426EA0141801496
B0923274207316N00149426EA0141901496
B0923284207316N00149426EA0141801496
B0923294207316N00149426EA0141901496
B0923304207316N00149426EA0141901496
B0923314207316N00149426EA0141801496
B0923324207316N00149426EA0141801496
B0923334207316N00149426EA0141801496
B0923344207316N00149426EA0141801496
B0923354207316N00149426EA0141801496
B0923364207316N00149426EA0141801495
B0923374207316N00149426EA0141801495
B0923384207316N00149426EA0141801495
B0923394207316N00149426EA0141901495
B0923404207316N00149426EA0141801495
B0923414207316N00149426EA0141801495
B0923424207315N00149426EA0141801495
B0923434207315N00149426EA0141801495
B0923444207315N00149426EA0141801495
B0923454207315N00149426EA0141801495
B0923464207315N00149426EA0141801495
B0923474207315N00149426EA0141801495
B0923484207315N00149426EA0141801495
B0923494207315N00149426EA0141901495
B0923504207315N00149426EA0141801494
B0923514207315N00149426EA0141801494
B0923524207315N00149426EA0141801494
B0923534207315N00149426EA0141801494
B0923544207315N00149426EA0141901494
B0923554207315N00149425EA0141801494
B0923564207315N00149425EA0141801494
B0923574207315N00149425EA0141801494
B0923584207315N00149425EA0141801494
B0923594207315N00149425EA0141801494
B0924004207315N00149425EA0141801494
B0924014207315N00149425EA0141801494
B0924024207314N00149425EA0141801494
B0924034207314N00149425EA0141801494
B0924044207314N00149425EA0141801494
B0924054207314N00149425EA0141801494
B0924064207314N00149425EA0141801494
B0924074207314N00149425EA0141801494
B0924084207314N00149425EA0141901494
B0924094207314N00149425EA0141801494
B0924104207314N00149425EA0141801494
B0924114207314N00149425EA0141801494
B0924124207314N00149425EA0141801494
B0924134207314N00149425EA0141801494
B0924144207314N00149425EA0141801494
B0924154207314N00149425EA0141801494
B0924164207314N00149425EA0141801494
B0924174207314N00149425EA0141801494
B0924184207314N00149425EA0141801494
B0924194207314N00149425EA0141801494
B0924204207314N00149425EA0141801494
B0924214207314N00149425EA0141801494
B0924224207314N00149425EA0141801494
B0924234207314N00149425EA0141801494
B0924244207314N00149425EA0141801494
B0924254207314N00149425EA0141801494
B0924264207314N00149425EA0141801495
B0924274207314N00149425EA0141801495
B0924284207314N00149425EA0141801495
B0924294207314N00149425EA0141801495
B0924304207314N00149425EA0141801495
B0924314207314N00149425EA0141801495
B0924324207314N00149425EA0141801495
B0924334207314N00149424EA0141901496
B0924344207314N00149424EA0141801496
B0924354207314N00149424EA0141801496
B0924364207314N00149424EA0141801496
B0924374207315N00149424EA0141801496
B0924384207315N00149424EA0141801496
B0924394207315N00149424EA0141801496
B0924404207315N00149424EA0141801497
B0924414207315N00149424EA0141801497
B0924424207315N00149424EA0141801497
B0924434207315N00149424EA0141801497
B0924444207315N00149423EA0141801497
B0924454207315N00149423EA0141801497
B0924464207315N00149423EA0141801498
B0924474207315N00149423EA0141801498
B0924484207315N00149423EA0141801498
B0924494207315N00149423EA0141701498
B0924504207315N00149423EA0141801498
B0924514207315N00149423EA0141801498
B0924524207315N00149423EA0141801498
B0924534207315N00149423EA0141801499
B0924544207315N00149423EA0141801499
B0924554207315N00149423EA0141801499
B0924564207315N00149423EA0141801499
B0924574207315N00149423EA0141801499
B0924584207315N00149423EA0141801499
B0924594207315N00149423EA0141801499
B0925004207315N00149423EA0141801499
B0925014207315N00149423EA0141801499
B0925024207315N00149423EA0141801499
B0925034207315N00149423EA0141801499
B0925044207315N00149423EA0141801499
B0925054207315N00149423EA0141801499
B0925064207315N00149423EA0141801499
B0925074207315N00149423EA0141801499
B0925084207315N00149423EA0141801499
B0925094207315N00149422EA0141801500
B0925104207314N00149422EA0141801500
B0925114207314N00149422EA0141801500
B0925124207314N00149422EA0141801500
B0925134207314N00149422EA0141801500
B0925144207314N00149422EA0141901500
B0925154207314N00149422EA0141801500
B0925164207314N00149422EA0141801500
B0925174207314N00149422EA0141801501
B0925184207314N00149422EA0141801501
B0925194207314N00149422EA0141801501
B0925204207314N00149422EA0141801501
B0925214207314N00149422EA0141901501
B0925224207314N00149422EA0141801501
B0925234207314N00149422EA0141801501
B0925244207314N00149422EA0141801501
B0925254207314N00149422EA0141801501
B0925264207314N00149422EA0141801501
B0925274207314N00149422EA0141901501
B0925284207314N00149422EA0141801502
B0925294207314N00149422EA0141901502
B0925304207314N00149422EA0141801502
B0925314207314N00149422EA0141801502
B0925324207314N00149422EA0141801502
B0925334207314N00149422EA0141901502
B0925344207314N00149422EA0141801502
B0925354207314N00149421EA0141801502
B0925364207314N00149421EA0141801502
B0925374207314N00149421EA0141901502
B0925384207315N00149421EA0141801502
B0925394207315N00149421EA0141801502
B0925404207315N00149421EA0141801502
B0925414207315N00149421EA0141801502
B0925424207315N00149421EA0141801502
B0925434207315N00149421EA0141801502
B0925444207315N00149421EA0141801502
B0925454207315N00149421EA0141801502
B0925464207315N00149421EA0141801502
B0925474207315N00149421EA0141801503
B0925484207315N00149421EA0141801503
B0925494207315N00149421EA0141801503
B0925504207315N00149421EA0141801503
B0925514207315N00149421EA0141801503
B0925524207315N00149421EA0141801503
B0925534207315N00149421EA0141801503
B0925544207315N00149421EA0141801503
B0925554207315N00149421EA0141801503
B0925564207315N00149421EA0141801503
B0925574207315N00149421EA0141801503
B0925584207315N00149421EA0141801503
B0925594207315N00149421EA0141801503
B0926004207315N00149421EA0141801504
B0926014207315N00149421EA0141801503
B0926024207315N00149421EA0141801504
B0926034207315N00149421EA0141801504
B0926044207315N00149421EA0141801504
B0926054207315N00149421EA0141801504
B0926064207315N00149421EA0141801504
B0926074207315N00149421EA0141901504
B0926084207315N00149421EA0141801503
B0926094207315N00149421EA0141801503
B0926104207315N00149421EA0141801503
B0926114207315N00149421EA0141801503
B0926124207315N00149421EA0141801503
B0926134207315N00149421EA0141801503
B0926144207315N00149421EA0141901503
B0926154207315N00149421EA0141901503
B0926164207315N00149421EA0141801503
B0926174207315N00149421EA0141801503
B0926184207315N00149421EA0141901502
B0926194207315N00149421EA0141801502
B0926204207315N00149421EA0141801502
B0926214207315N00149421EA0141801502
B0926224207315N00149421EA0141801502
B0926234207315N00149421EA0141901502
B0926244207315N00149421EA0141801502
B0926254207315N00149421EA0141801502
B0926264207315N00149421EA0141801502
B0926274207315N00149421EA0141801502
B0926284207315N00149421EA0141701502
B0926294207315N00149421EA0141901502
B0926304207315N00149421EA0141701502
B0926314207315N00149421EA0141801502
B0926324207315N00149421EA0141801502
B0926334207315N00149421EA0141801502
B0926344207315N00149421EA0141801502
B0926354207315N00149421EA0141801501
B0926364207315N00149421EA0141801501
B0926374207315N00149421EA0141801501
B0926384207316N00149421EA0141801501
B0926394207316N00149421EA0141901501
B0926404207316N00149421EA0141901501
B0926414207316N00149421EA0141801501
B0926424207316N00149421EA0141801501
B0926434207316N00149421EA0141801501
B0926444207316N00149421EA0141801501
B0926454207316N00149421EA0141801501
B0926464207316N00149421EA0141901501
B0926474207316N00149421EA0141801501
B0926484207316N00149421EA0141801501
B0926494207316N00149421EA0141801501
B0926504207316N00149421EA0141701501
B0926514207316N00149421EA0141801501
B0926524207316N00149421EA0141801501
B0926534207316N00149421EA0141801501
B0926544207316N00149421EA0141801500
B0926554207316N00149421EA0141801500
B0926564207316N00149421EA0141801500
B0926574207316N00149421EA0141801500
B0926584207316N00149421EA0141801500
B0926594207316N00149421EA0141801500
B0927004207316N00149421EA0141801500
B0927014207316N00149421EA0141801500
B0927024207316N00149421EA0141801500
B0927034207316N00149421EA0141801500
B0927044207316N00149421EA0141801500
B0927054207316N00149421EA0141801500
B0927064207316N00149421EA0141801500
B0927074207316N00149421EA0141801500
B0927084207316N00149421EA0141801500
B0927094207316N00149421EA0141801500
B0927104207316N00149421EA0141801501
B0927114207316N00149421EA0141801501
B0927124207316N00149421EA0141801501
B0927134207316N00149421EA0141801501
B0927144207316N00149421EA0141801501
B0927154207316N00149421EA0141801501
B0927164207316N00149421EA0141801501
B0927174207316N00149421EA0141801501
B0927184207316N00149421EA0141901501
B0927194207316N00149421EA0141801502
B0927204207316N00149421EA0141801502
B0927214207316N00149421EA0141801502
B0927224207316N00149421EA0141901502
B0927234207316N00149421EA0141801502
B0927244207316N00149421EA0141801502
B0927254207316N00149421EA0141801502
B0927264207316N00149421EA0141801502
B0927274207316N00149421EA0141801502
B0927284207316N00149421EA0141801502
B0927294207315N00149421EA0141801502
B0927304207315N00149421EA0141801502
B0927314207315N00149421EA0141801502
B0927324207315N00149421EA0141701502
B0927334207315N00149421EA0141801502
B0927344207315N00149421EA0141801502
B0927354207315N00149421EA0141801501
B0927364207315N00149421EA0141801501
B0927374207315N00149421EA0141801501
B0927384207315N00149421EA0141801501
B0927394207315N00149421EA0141801501
B0927404207315N00149421EA0141801501
B0927414207315N00149421EA0141801501
B0927424207315N00149421EA0141801502
B0927434207315N00149421EA0141801502
B0927444207315N00149421EA0141801502
B0927454207315N00149421EA0141801502
B0927464207315N00149421EA0141801502
B0927474207315N00149421EA0141801502
B0927484207315N00149421EA0141801502
B0927494207315N00149421EA0141801502
B0927504207315N00149421EA0141801502
B0927514207315N00149421EA0141801501
B0927524207315N00149421EA0141801501
B0927534207315N00149421EA0141801501
B0927544207315N00149421EA0141801501
B0927554207315N00149421EA0141801501
B0927564207315N00149421EA0141801501
B0927574207315N00149421EA0141801501
B0927584207315N00149421EA0141801501
B0927594207315N00149421EA0141801501
B0928004207315N00149421EA0141801501
B0928014207315N00149421EA0141801501
B0928024207315N00149421EA0141801501
B0928034207315N00149421EA0141801501
B0928044207315N00149421EA0141801501
B0928054207315N00149421EA0141801501
B0928064207315N00149421EA0141801501
B0928074207315N00149421EA0141801502
B0928084207315N00149420EA0141801502
B0928094207315N00149420EA0141801502
B0928104207315N00149420EA0141801502
B0928114207315N00149420EA0141801502
B0928124207316N00149420EA0141801502
B0928134207316N00149420EA0141801502
B0928144207316N00149420EA0141801502
B0928154207316N00149420EA0141801502
B0928164207316N00149420EA0141801502
B0928174207316N00149420EA0141801502
B0928184207316N00149420EA0141801502
B0928194207316N00149420EA0141801502
B0928204207316N00149420EA0141801502
B0928214207316N00149420EA0141801502
B0928224207316N00149420EA0141801502
B0928234207316N00149420EA0141901502
B0928244207316N00149420EA0141801503
B0928254207316N00149420EA0141801503
B0928264207316N00149420EA0141801503
B0928274207316N00149420EA0141801503
B0928284207316N00149420EA0141801503
B0928294207316N00149420EA0141801502
B0928304207316N00149420EA0141801502
B0928314207316N00149420EA0141901503
B0928324207316N00149420EA0141801502
B0928334207316N00149420EA0141801502
B0928344207316N00149420EA0141801502
B0928354207316N00149420EA0141801502
B0928364207316N00149420EA0141801502
B0928374207316N00149420EA0141801502
B0928384207316N00149420EA0141801502
B0928394207316N00149420EA0141801502
B0928404207316N00149420EA0141801502
B0928414207316N00149420EA0141801502
B0928424207316N00149420EA0141801502
B0928434207316N00149420EA0141801502
B0928444207316N00149420EA0141901502
B0928454207316N00149420EA0141801501
B0928464207316N00149420EA0141801501
B0928474207316N00149420EA0141801501
B0928484207316N00149420EA0141801501
B0928494207316N00149420EA0141801501
B0928504207316N00149420EA0141801501
B0928514207316N00149420EA0141801501
B0928524207316N00149420EA0141901501
B0928534207316N00149420EA0141901501
B0928544207316N00149420EA0141801501
B0928554207316N00149420EA0141801501
B0928564207316N00149420EA0141801501
B0928574207316N00149420EA0141801501
B0928584207316N00149420EA0141801501
B0928594207316N00149420EA0141801501
B0929004207316N00149420EA0141801501
B0929014207316N00149420EA0141801501
B0929024207316N00149420EA0141801501
B0929034207316N00149420EA0141801501
B0929044207316N00149420EA0141801501
B0929054207316N00149420EA0141801501
B0929064207316N00149420EA0141801501
B0929074207316N00149420EA0141801501
B0929084207316N00149420EA0141801501
B0929094207316N00149420EA0141801501
B0929104207316N00149420EA0141801501
B0929114207316N00149420EA0141801501
B0929124207316N00149420EA0141801501
B0929134207316N00149420EA0141801501
B0929144207316N00149420EA0141801501
B0929154207316N00149420EA0141801501
B0929164207317N00149420EA0141801501
B0929174207317N00149420EA0141801501
B0929184207317N00149420EA0141801501
B0929194207317N00149420EA0141801500
B0929204207317N00149420EA0141801500
B0929214207317N00149420EA0141801500
B0929224207317N00149420EA0141801500
B0929234207317N00149420EA0141801500
B0929244207317N00149420EA0141801499
B0929254207317N00149420EA0141801499
B0929264207317N00149420EA0141801499
B0929274207317N00149420EA0141801499
B0929284207317N00149420EA0141801499
B0929294207317N00149420EA0141801499
B0929304207317N00149420EA0141801499
B0929314207317N00149420EA0141801499
B0929324207317N00149420EA0141801499
B0929334207317N00149420EA0141801499
B0929344207317N00149421EA0141801499
B0929354207317N00149421EA0141801499
B0929364207317N00149421EA0141801498
B0929374207316N00149421EA0141801498
B0929384207316N00149421EA0141801498
B0929394207316N00149421EA0141801498
B0929404207316N00149421EA0141801498
B0929414207316N00149421EA0141901498
B0929424207316N00149422EA0141801498
B0929434207316N00149422EA0141801497
B0929444207316N00149422EA0141801497
B0929454207316N00149422EA0141801497
B0929464207316N00149422EA0141901497
B0929474207316N00149422EA0141801497
B0929484207316N00149422EA0141801497
B0929494207316N00149422EA0141801496
B0929504207316N00149422EA0141801496
B0929514207316N00149423EA0141801496
B0929524207316N00149423EA0141801496
B0929534207316N00149423EA0141801496
B0929544207316N00149423EA0141801496
B0929554207316N00149423EA0141801496
B0929564207316N00149423EA0141801496
B0929574207316N00149423EA0141801496
B0929584207316N00149423EA0141801496
B0929594207316N00149423EA0141801497
B0930004207316N00149423EA0141801497
B0930014207316N00149423EA0141801497
B0930024207316N00149423EA0141801497
B0930034207316N00149423EA0141801497
B0930044207316N00149423EA0141801498
B0930054207316N00149423EA0141901498
B0930064207316N00149423EA0141801498
B0930074207316N00149423EA0141801498
B0930084207315N00149423EA0141801498
B0930094207315N00149423EA0141801498
B0930104207315N00149423EA0141901499
B0930114207315N00149423EA0141801499
B0930124207315N00149423EA0141901499
B0930134207315N00149423EA0141801499
B0930144207315N00149423EA0141801499
B0930154207315N00149423EA0141901499
B0930164207315N00149423EA0141801499
B0930174207315N00149423EA0141801499
B0930184207315N00149423EA0141801499
B0930194207315N00149423EA0141801499
B0930204207315N00149423EA0141801499
B0930214207315N00149423EA0141801499
B0930224207315N00149423EA0141701499
B0930234207315N00149423EA0141801499
B0930244207315N00149423EA0141801499
B0930254207315N00149423EA0141801499
B0930264207315N00149423EA0141801499
B0930274207315N00149423EA0141801500
B0930284207315N00149423EA0141801500
B0930294207315N00149423EA0141801500
B0930304207315N00149423EA0141801500
B0930314207315N00149423EA0141901500
B0930324207315N00149423EA0141801500
B0930334207315N00149423EA0141801500
B0930344207315N00149423EA0141801500
B0930354207315N00149423EA0141801500
B0930364207315N00149423EA0141801500
B0930374207315N00149423EA0141801500
B0930384207315N00149423EA0141901501
B0930394207315N00149422EA0141801500
B0930404207315N00149422EA0141901501
B0930414207315N00149422EA0141901501
B0930424207315N00149422EA0141801501
B0930434207315N00149422EA0141801501
B0930444207315N00149422EA0141901501
B0930454207315N00149422EA0141801501
B0930464207315N00149422EA0141801500
B0930474207315N00149422EA0141801500
B0930484207315N00149422EA0141801500
B0930494207315N00149422EA0141801500
B0930504207315N00149422EA0141801500
B0930514207315N00149422EA0141801500
B0930524207315N00149422EA0141801500
B0930534207315N00149422EA0141801500
B0930544207315N00149422EA0141801500
B0930554207315N00149422EA0141801500
B0930564207315N00149422EA0141801500
B0930574207315N00149422EA0141901500
B0930584207316N00149422EA0141801500
B0930594207316N00149422EA0141801500
B0931004207316N00149422EA0141801500
B0931014207316N00149422EA0141801500
B0931024207316N00149422EA0141801500
B0931034207316N00149422EA0141801500
B0931044207316N00149422EA0141801500
B0931054207316N00149422EA0141901500
B0931064207316N00149422EA0141801500
B0931074207316N00149422EA0141801500
B0931084207316N00149422EA0141801500
B0931094207316N00149422EA0141801500
B0931104207316N00149422EA0141801500
B0931114207316N00149422EA0141801500
B0931124207316N00149422EA0141801500
B0931134207316N00149422EA0141801500
B0931144207316N00149422EA0141801500
B0931154207315N00149422EA0141901500
B0931164207315N00149423EA0141801500
B0931174207315N00149423EA0141801500
B0931184207315N00149423EA0141801500
B0931194207315N00149423EA0141801500
B0931204207315N00149423EA0141801500
B0931214207315N00149423EA0141901499
B0931224207315N00149423EA0141801499
B0931234207315N00149423EA0141801499
B0931244207315N00149423EA0141901499
B0931254207315N00149423EA0141801499
B0931264207315N00149423EA0141801499
B0931274207315N00149423EA0141801498
B0931284207315N00149423EA0141801498
B0931294207315N00149423EA0141801498
B0931304207315N00149424EA0141901498
B0931314207315N00149424EA0141801498
B0931324207315N00149424EA0141801497
B0931334207315N00149424EA0141801497
B0931344207315N00149424EA0141801497
B0931354207315N00149424EA0141801497
B0931364207315N00149424EA0141801497
B0931374207315N00149424EA0141801497
B0931384207315N00149424EA0141801497
B0931394207315N00149424EA0141801497
B0931404207315N00149424EA0141901497
B0931414207315N00149424EA0141801497
B0931424207315N00149424EA0141801497
B0931434207315N00149424EA0141801497
B0931444207315N00149424EA0141901497
B0931454207315N00149424EA0141801497
B0931464207315N00149424EA0141901497
B0931474207315N00149424EA0141901497
B0931484207315N00149424EA0141801497
B0931494207315N00149424EA0141901497
B0931504207315N00149424EA0141801497
B0931514207315N00149424EA0141801497
B0931524207315N00149424EA0141801497
B0931534207315N00149424EA0141801497
B0931544207315N00149424EA0141801497
B0931554207315N00149424EA0141801497
B0931564207315N00149424EA0141801497
B0931574207315N00149424EA0141801497
B0931584207315N00149423EA0141801497
B0931594207315N00149423EA0141901497
B0932004207315N00149423EA0141801497
B0932014207315N00149423EA0141801498
B0932024207315N00149423EA0141801498
B0932034207315N00149423EA0141801498
B0932044207315N00149423EA0141801498
B0932054207315N00149423EA0141801498
B0932064207315N00149423EA0141801498
B0932074207315N00149423EA0141801498
B0932084207315N00149423EA0141801498
B0932094207315N00149423EA0141801498
B0932104207315N00149423EA0141801498
B0932114207315N00149423EA0141801498
B0932124207315N00149423EA0141801498
B0932134207315N00149423EA0141801498
B0932144207315N00149423EA0141801498
B0932154207315N00149423EA0141801498
B0932164207315N00149423EA0141801498
B0932174207315N00149423EA0141801498
B0932184207315N00149423EA0141801498
B0932194207315N00149423EA0141801498
B0932204207315N00149423EA0141801498
B0932214207315N00149423EA0141801498
B0932224207315N00149423EA0141801498
B0932234207315N00149423EA0141801498
B0932244207315N00149423EA0141801498
B0932254207315N00149423EA0141801498
B0932264207315N00149423EA0141801498
B0932274207315N00149423EA0141801498
B0932284207315N00149423EA0141801498
B0932294207315N00149423EA0141801498
B0932304207315N00149423EA0141801498
B0932314207316N00149423EA0141801498
B0932324207316N00149423EA0141801498
B0932334207316N00149423EA0141801498
B0932344207316N00149423EA0141801498
B0932354207316N00149423EA0141801499
B0932364207316N00149423EA0141701499
B0932374207316N00149423EA0141801499
B0932384207316N00149423EA0141801498
B0932394207316N00149423EA0141801498
B0932404207316N00149423EA0141801498
B0932414207316N00149423EA0141801498
B0932424207316N00149423EA0141801498
B0932434207316N00149423EA0141801498
B0932444207316N00149423EA0141801498
B0932454207316N00149423EA0141801498
B0932464207316N00149423EA0141801498
B0932474207316N00149423EA0141801498
B0932484207316N00149423EA0141701497
B0932494207316N00149423EA0141701497
B0932504207316N00149423EA0141701497
B0932514207316N00149423EA0141801497
B0932524207316N00149423EA0141801497
B0932534207316N00149423EA0141701497
B0932544207316N00149423EA0141701497
B0932554207316N00149424EA0141701497
B0932564207316N00149424EA0141801497
B0932574207316N00149424EA0141801497
B0932584207316N00149424EA0141701497
B0932594207316N00149424EA0141801497
B0933004207316N00149424EA0141801497
B0933014207316N00149424EA0141801498
B0933024207316N00149424EA0141701498
B0933034207316N00149424EA0141701498
B0933044207316N00149424EA0141701498
B0933054207316N00149424EA0141801498
B0933064207316N00149424EA0141701498
B0933074207316N00149424EA0141701498
B0933084207316N00149424EA0141701498
B0933094207316N00149424EA0141801498
B0933104207316N00149424EA0141701498
B0933114207316N00149424EA0141701498
B0933124207316N00149424EA0141801499
B0933134207316N00149424EA0141801499
B0933144207316N00149424EA0141701499
B0933154207316N00149424EA0141701499
B0933164207316N00149424EA0141701499
B0933174207316N00149424EA0141701499
B0933184207316N00149423EA0141701499
B0933194207316N00149424EA0141801499
B0933204207316N00149424EA0141701499
B0933214207316N00149424EA0141601499
B0933224207316N00149424EA0141701499
B0933234207316N00149424EA0141701499
B0933244207316N00149424EA0141801498
B0933254207316N00149424EA0141701498
B0933264207316N00149424EA0141701498
B0933274207316N00149424EA0141801498
B0933284207316N00149424EA0141701498
B0933294207316N00149424EA0141701498
B0933304207316N00149424EA0141801498
B0933314207316N00149424EA0141701498
B0933324207316N00149424EA0141701498
B0933334207316N00149424EA0141701498
B0933344207316N00149424EA0141701498
B0933354207316N00149424EA0141701498
B0933364207316N00149424EA0141701498
B0933374207316N00149424EA0141701498
B0933384207316N00149424EA0141801498
B0933394207316N00149424EA0141701498
B0933404207316N00149424EA0141701498
B0933414207316N00149424EA0141701498
B0933424207316N00149423EA0141701499
B0933434207316N00149423EA0141801499
B0933444207316N00149423EA0141701499
B0933454207316N00149423EA0141801499
B0933464207316N00149423EA0141701499
B0933474207316N00149423EA0141701499
B0933484207316N00149423EA0141701499
B0933494207316N00149423EA0141701499
B0933504207316N00149423EA0141701499
B0933514207316N00149423EA0141701499
B0933524207316N00149423EA0141701499
B0933534207316N00149423EA0141701499
B0933544207316N00149423EA0141701499
B0933554207316N00149423EA0141701499
B0933564207316N00149423EA0141701499
B0933574207316N00149423EA0141701499
B0933584207316N00149423EA0141801499
B0933594207316N00149423EA0141701499
B0934004207316N00149423EA0141701499
B0934014207316N00149423EA0141701499
B0934024207316N00149423EA0141701499
B0934034207316N00149423EA0141701499
B0934044207317N00149423EA0141701499
B0934054207317N00149423EA0141701498
B0934064207317N00149423EA0141701498
B0934074207317N00149423EA0141701498
B0934084207317N00149423EA0141701498
B0934094207317N00149423EA0141701498
B0934104207317N00149423EA0141701498
B0934114207317N00149423EA0141701498
B0934124207317N00149423EA0141701498
B0934134207317N00149423EA0141701498
B0934144207317N00149423EA0141701498
B0934154207317N00149423EA0141701499
B0934164207317N00149423EA0141701499
B0934174207317N00149423EA0141701499
B0934184207317N00149423EA0141701499
B0934194207317N00149423EA0141701499
B0934204207317N00149423EA0141701499
B0934214207317N00149423EA0141701499
B0934224207317N00149423EA0141701499
B0934234207317N00149423EA0141701499
B0934244207317N00149423EA0141701499
B0934254207317N00149423EA0141701499
B0934264207317N00149423EA0141701499
B0934274207317N00149423EA0141701499
B0934284207317N00149423EA0141701499
B0934294207317N00149423EA0141801499
B0934304207317N00149423EA0141801499
B0934314207317N00149423EA0141801499
B0934324207317N00149423EA0141801499
B0934334207317N00149423EA0141701499
B0934344207317N00149423EA0141701499
B0934354207317N00149423EA0141701499
B0934364207317N00149423EA0141701499
B0934374207317N00149423EA0141801499
B0934384207317N00149423EA0141801499
B0934394207317N00149423EA0141801499
B0934404207317N00149423EA0141701499
B0934414207317N00149423EA0141701499
B0934424207317N00149423EA0141701499
B0934434207317N00149423EA0141801499
B0934444207317N00149423EA0141701499
B0934454207317N00149423EA0141701499
B0934464207317N00149423EA0141801499
B0934474207317N00149423EA0141801499
B0934484207317N00149423EA0141801499
B0934494207317N00149423EA0141701499
B0934504207317N00149423EA0141701499
B0934514207317N00149423EA0141801499
B0934524207317N00149423EA0141701499
B0934534207317N00149423EA0141701499
B0934544207317N00149423EA0141801499
B0934554207317N00149423EA0141701499
B0934564207317N00149423EA0141701499
B0934574207317N00149423EA0141701499
B0934584207317N00149423EA0141701499
B0934594207317N00149423EA0141701499
B0935004207317N00149423EA0141701499
B0935014207317N00149423EA0141801499
B0935024207317N00149423EA0141801499
B0935034207317N00149423EA0141801499
B0935044207317N00149423EA0141801499
B0935054207317N00149423EA0141801499
B0935064207317N00149423EA0141801499
B0935074207317N00149423EA0141701499
B0935084207317N00149423EA0141801499
B0935094207317N00149422EA0141701499
B0935104207317N00149422EA0141801499
B0935114207317N00149422EA0141801499
B0935124207317N00149422EA0141801499
B0935134207317N00149422EA0141801499
B0935144207317N00149422EA0141801500
B0935154207317N00149422EA0141801500
B0935164207317N00149422EA0141801500
B0935174207317N00149422EA0141801500
B0935184207317N00149422EA0141701500
B0935194207317N00149422EA0141801500
B0935204207317N00149422EA0141801500
B0935214207317N00149422EA0141801500
B0935224207317N00149422EA0141801500
B0935234207317N00149422EA0141801500
B0935244207317N00149422EA0141701500
B0935254207317N00149422EA0141701500
B0935264207317N00149422EA0141801500
B0935274207317N00149422EA0141801500
B0935284207317N00149422EA0141801500
B0935294207317N00149422EA0141801500
B0935304207317N00149422EA0141701500
B0935314207317N00149422EA0141801500
B0935324207317N00149422EA0141701500
B0935334207317N00149422EA0141701499
B0935344207317N00149422EA0141701499
B0935354207317N00149422EA0141801499
B0935364207317N00149422EA0141701499
B0935374207317N00149422EA0141701499
B0935384207317N00149422EA0141801499
B0935394207317N00149422EA0141701499
B0935404207317N00149422EA0141701499
B0935414207317N00149422EA0141801499
B0935424207317N00149422EA0141701499
B0935434207317N00149422EA0141701499
B0935444207317N00149422EA0141701500
B0935454207317N00149422EA0141701500
B0935464207317N00149422EA0141701500
B0935474207317N00149422EA0141701500
B0935484207317N00149422EA0141801500
B0935494207317N00149422EA0141701500
B0935504207316N00149422EA0141801500
B0935514207316N00149422EA0141701500
B0935524207316N00149422EA0141701500
B0935534207316N00149422EA0141701500
B0935544207316N00149422EA0141701500
B0935554207316N00149422EA0141701500
B0935564207316N00149422EA0141701500
B0935574207316N00149422EA0141801500
B0935584207316N00149422EA0141701500
B0935594207316N00149422EA0141701500
B0936004207316N00149422EA0141701500
B0936014207316N00149422EA0141701500
B0936024207316N00149422EA0141801500
B0936034207316N00149422EA0141801500
B0936044207316N00149422EA0141801500
B0936054207316N00149422EA0141801500
B0936064207316N00149422EA0141801500
B0936074207316N00149422EA0141801500
B0936084207316N00149422EA0141701500
B0936094207316N00149422EA0141801500
B0936104207316N00149422EA0141701501
B0936114207316N00149422EA0141701501
B0936124207316N00149422EA0141701501
B0936134207316N00149422EA0141701501
B0936144207316N00149422EA0141701501
B0936154207316N00149422EA0141801501
B0936164207316N00149422EA0141701501
B0936174207316N00149422EA0141801501
B0936184207316N00149422EA0141801501
B0936194207316N00149422EA0141801501
B0936204207316N00149422EA0141701501
B0936214207316N00149422EA0141701501
B0936224207316N00149422EA0141701501
B0936234207316N00149422EA0141701502
B0936244207316N00149422EA0141701502
B0936254207316N00149422EA0141701502
B0936264207316N00149422EA0141701502
B0936274207316N00149422EA0141701502
B0936284207316N00149422EA0141701502
B0936294207316N00149422EA0141701502
B0936304207316N00149422EA0141701502
B0936314207316N00149422EA0141701502
B0936324207316N00149422EA0141701502
B0936334207316N00149422EA0141701502
B0936344207316N00149422EA0141701502
B0936354207316N00149422EA0141701502
B0936364207316N00149422EA0141701502
B0936374207316N00149422EA0141701502
B0936384207316N00149422EA0141701502
B0936394207316N00149422EA0141701502
B0936404207316N00149422EA0141701502
B0936414207316N00149422EA0141701502
B0936424207316N00149422EA0141701502
B0936434207316N00149422EA0141701502
B0936444207316N00149422EA0141801502
B0936454207316N00149422EA0141701502
B0936464207316N00149422EA0141701502
B0936474207316N00149422EA0141701502
B0936484207316N00149422EA0141701502
B0936494207316N00149422EA0141701501
B0936504207316N00149422EA0141701501
B0936514207316N00149422EA0141701501
B0936524207316N00149422EA0141701501
B0936534207316N00149422EA0141701501
B0936544207316N00149422EA0141701501
B0936554207316N00149422EA0141701501
B0936564207316N00149422EA0141601501
B0936574207316N00149422EA0141701501
B0936584207316N00149422EA0141701501
B0936594207316N00149422EA0141701501
B0937004207316N00149422EA0141701501
B0937014207316N00149422EA0141701501
B0937024207316N00149422EA0141701501
B0937034207316N00149422EA0141701501
B0937044207316N00149422EA0141801501
B0937054207316N00149422EA0141701501
B0937064207316N00149422EA0141701501
B0937074207316N00149422EA0141701501
B0937084207316N00149422EA0141701501
B0937094207316N00149422EA0141701501
B0937104207316N00149422EA0141701501
B0937114207316N00149422EA0141701501
B0937124207316N00149422EA0141701501
B0937134207315N00149422EA0141701501
B0937144207315N00149422EA0141701501
B0937154207315N00149422EA0141701501
B0937164207315N00149422EA0141701501
B0937174207315N00149422EA0141701501
B0937184207315N00149422EA0141701501
B0937194207315N00149422EA0141701501
B0937204207316N00149422EA0141801501
B0937214207316N00149422EA0141701501
B0937224207316N00149422EA0141701501
B0937234207316N00149422EA0141701502
B0937244207316N00149422EA0141701502
B0937254207316N00149422EA0141701502
B0937264207316N00149422EA0141701502
B0937274207316N00149422EA0141701502
B0937284207316N00149422EA0141801502
B0937294207316N00149422EA0141701502
B0937304207316N00149422EA0141701502
B0937314207316N00149422EA0141701502
B0937324207316N00149422EA0141701502
B0937334207316N00149422EA0141801502
B0937344207316N00149422EA0141701502
B0937354207316N00149422EA0141701502
B0937364207316N00149422EA0141701502
B0937374207316N00149422EA0141601502
B0937384207316N00149422EA0141701502
B0937394207316N00149422EA0141701502
B0937404207316N00149422EA0141701502
B0937414207316N00149422EA0141801502
B0937424207316N00149422EA0141701502
B0937434207316N00149422EA0141701502
B0937444207316N00149422EA0141801502
B0937454207316N00149422EA0141701502
B0937464207316N00149422EA0141701502
B0937474207316N00149422EA0141801502
B0937484207316N00149422EA0141701502
B0937494207316N00149422EA0141701502
B0937504207316N00149422EA0141701502
B0937514207316N00149422EA0141701502
B0937524207316N00149422EA0141701502
B0937534207316N00149422EA0141701502
B0937544207316N00149422EA0141801502
B0937554207316N00149422EA0141701502
B0937564207316N00149422EA0141701502
B0937574207316N00149422EA0141701502
B0937584207316N00149422EA0141701503
B0937594207316N00149422EA0141801503
B0938004207316N00149422EA0141801503
B0938014207315N00149422EA0141801503
B0938024207315N00149422EA0141701503
B0938034207315N00149422EA0141701503
B0938044207315N00149422EA0141701503
B0938054207315N00149422EA0141801503
B0938064207315N00149422EA0141801503
B0938074207315N00149422EA0141701502
B0938084207316N00149422EA0141701502
B0938094207316N00149422EA0141701502
B0938104207316N00149422EA0141701502
B0938114207316N00149422EA0141701502
B0938124207316N00149422EA0141801502
B0938134207316N00149422EA0141801502
B0938144207316N00149422EA0141701502
B0938154207316N00149422EA0141701502
B0938164207316N00149422EA0141701502
B0938174207316N00149422EA0141701502
B0938184207316N00149422EA0141701502
B0938194207316N00149422EA0141701502
B0938204207316N00149422EA0141701502
B0938214207316N00149422EA0141801502
B0938224207316N00149422EA0141701502
B0938234207316N00149422EA0141801502
B0938244207316N00149422EA0141701502
B0938254207316N00149422EA0141801502
B0938264207316N00149422EA0141701502
B0938274207316N00149422EA0141701502
B0938284207316N00149422EA0141701502
B0938294207316N00149422EA0141701502
B0938304207316N00149422EA0141701501
B0938314207316N00149422EA0141701501
B0938324207316N00149423EA0141701501
B0938334207316N00149423EA0141701501
B0938344207316N00149423EA0141801501
B0938354207316N00149423EA0141701501
B0938364207316N00149423EA0141701501
B0938374207316N00149423EA0141701501
B0938384207316N00149423EA0141701501
B0938394207316N00149422EA0141701501
B0938404207316N00149422EA0141701501
B0938414207316N00149422EA0141701501
B0938424207316N00149422EA0141701501
B0938434207316N00149422EA0141701501
B0938444207316N00149422EA0141701501
B0938454207316N00149422EA0141601501
B0938464207316N00149422EA0141701501
B0938474207316N00149422EA0141701501
B0938484207316N00149422EA0141701501
B0938494207316N00149422EA0141701501
B0938504207316N00149422EA0141601501
B0938514207316N00149422EA0141701501
B0938524207316N00149422EA0141701501
B0938534207316N00149422EA0141801501
B0938544207316N00149422EA0141701501
B0938554207316N00149422EA0141801501
B0938564207316N00149422EA0141701501
B0938574207316N00149422EA0141801501
B0938584207316N00149422EA0141701501
B0938594207316N00149422EA0141701501
B0939004207316N00149422EA0141701501
B0939014207316N00149423EA0141701501
B0939024207316N00149423EA0141701501
B0939034207316N00149423EA0141701501
B0939044207316N00149423EA0141701501
B0939054207316N00149423EA0141701501
B0939064207316N00149423EA0141701501
B0939074207316N00149423EA0141701501
B0939084207316N00149423EA0141701501
B0939094207316N00149423EA0141701501
B0939104207316N00149423EA0141701501
B0939114207316N00149423EA0141701501
B0939124207316N00149423EA0141701501
B0939134207316N00149423EA0141701501
B0939144207316N00149423EA0141701501
B0939154207316N00149423EA0141801501
B0939164207316N00149423EA0141701501
B0939174207316N00149423EA0141801501
B0939184207316N00149423EA0141801501
B0939194207316N00149423EA0141701501
B0939204207316N00149423EA0141701501
B0939214207316N00149423EA0141701501
B0939224207316N00149423EA0141701501
B0939234207316N00149423EA0141801501
B0939244207316N00149423EA0141801501
B0939254207316N00149423EA0141701501
B0939264207316N00149423EA0141701501
B0939274207316N00149423EA0141701501
B0939284207316N00149423EA0141801501
B0939294207316N00149423EA0141801501
B0939304207316N00149423EA0141801501
B0939314207316N00149423EA0141801501
B0939324207316N00149423EA0141801501
B0939334207316N00149423EA0141801500
B0939344207316N00149423EA0141701500
B0939354207316N00149423EA0141701500
B0939364207316N00149423EA0141701500
B0939374207317N00149423EA0141801500
B0939384207317N00149423EA0141801500
B0939394207317N00149423EA0141801500
B0939404207317N00149423EA0141701500
B0939414207317N00149423EA0141701500
B0939424207317N00149423EA0141701500
B0939434207317N00149423EA0141701500
B0939444207317N00149423EA0141801500
B0939454207317N00149423EA0141701500
B0939464207317N00149423EA0141801500
B0939474207317N00149423EA0141801500
B0939484207317N00149423EA0141701500
B0939494207317N00149423EA0141701500
B0939504207317N00149423EA0141701500
B0939514207317N00149423EA0141701500
B0939524207317N00149423EA0141701500
B0939534207317N00149423EA0141701500
B0939544207317N00149423EA0141701500
B0939554207317N00149423EA0141701500
B0939564207317N00149423EA0141801500
B0939574207317N00149424EA0141701500
B0939584207317N00149424EA0141701500
B0939594207318N00149424EA0141701500
B0940004207318N00149424EA0141701500
B0940014207318N00149424EA0141801500
B0940024207318N00149424EA0141601500
B0940034207318N00149424EA0141701499
B0940044207318N00149424EA0141601499
B0940054207318N00149424EA0141701499
B0940064207318N00149424EA0141701499
B0940074207318N00149424EA0141801499
B0940084207318N00149424EA0141701499
B0940094207318N00149424EA0141701499
B0940104207318N00149424EA0141701499
B0940114207318N00149424EA0141701499
B0940124207318N00149424EA0141801499
B0940134207318N00149424EA0141701499
B0940144207319N00149424EA0141801499
B0940154207319N00149423EA0141701499
B0940164207319N00149423EA0141701499
B0940174207319N00149423EA0141701499
B0940184207319N00149423EA0141701499
B0940194207319N00149423EA0141701499
B0940204207319N00149423EA0141701499
B0940214207319N00149423EA0141701499
B0940224207319N00149423EA0141701499
B0940234207319N00149423EA0141701499
B0940244207319N00149423EA0141701499
B0940254207319N00149423EA0141701499
B0940264207319N00149423EA0141801499
B0940274207319N00149423EA0141701499
B0940284207319N00149423EA0141801499
B0940294207319N00149423EA0141701499
B0940304207319N00149423EA0141701499
B0940314207319N00149423EA0141801499
B0940324207319N00149423EA0141801499
B0940334207319N00149423EA0141601499
B0940344207319N00149423EA0141701499
B0940354207319N00149423EA0141701499
B0940364207319N00149423EA0141701498
B0940374207319N00149423EA0141701498
B0940384207319N00149423EA0141701498
B0940394207319N00149423EA0141701498
B0940404207318N00149423EA0141701498
B0940414207318N00149424EA0141701498
B0940424207318N00149424EA0141701498
B0940434207318N00149424EA0141801498
B0940444207318N00149424EA0141801497
B0940454207318N00149424EA0141701497
B0940464207318N00149424EA0141801497
B0940474207318N00149424EA0141701498
B0940484207318N00149424EA0141701498
B0940494207318N00149423EA0141701498
B0940504207318N00149423EA0141701498
B0940514207318N00149423EA0141701498
B0940524207318N00149423EA0141701498
B0940534207318N00149423EA0141801498
B0940544207318N00149423EA0141701498
B0940554207318N00149423EA0141701498
B0940564207317N00149423EA0141801498
B0940574207317N00149423EA0141801498
B0940584207317N00149423EA0141701498
B0940594207317N00149423EA0141701498
B0941004207317N00149423EA0141701498
B0941014207317N00149423EA0141701498
B0941024207317N00149423EA0141801498
B0941034207317N00149423EA0141701498
B0941044207317N00149423EA0141701498
B0941054207317N00149423EA0141701498
B0941064207317N00149423EA0141701498
B0941074207317N00149423EA0141701498
B0941084207317N00149423EA0141701498
B0941094207317N00149423EA0141701498
B0941104207317N00149423EA0141701498
B0941114207317N00149423EA0141701498
B0941124207317N00149423EA0141801498
B0941134207317N00149423EA0141801498
B0941144207317N00149423EA0141701498
B0941154207317N00149423EA0141601499
B0941164207317N00149423EA0141801499
B0941174207317N00149422EA0141701499
B0941184207317N00149423EA0141801499
B0941194207317N00149423EA0141801499
B0941204207317N00149423EA0141701499
B0941214207317N00149422EA0141701499
B0941224207317N00149422EA0141701500
B0941234207317N00149422EA0141701500
B0941244207317N00149422EA0141801500
B0941254207316N00149422EA0141701500
B0941264207316N00149422EA0141701500
B0941274207316N00149422EA0141701501
B0941284207316N00149422EA0141701501
B0941294207316N00149422EA0141701501
B0941304207316N00149422EA0141701501
B0941314207316N00149422EA0141701501
B0941324207316N00149422EA0141701502
B0941334207316N00149422EA0141701502
B0941344207316N00149422EA0141701502
B0941354207316N00149422EA0141701502
B0941364207316N00149422EA0141701502
B0941374207316N00149422EA0141701502
B0941384207316N00149422EA0141701502
B0941394207317N00149422EA0141601502
B0941404207317N00149422EA0141701502
B0941414207317N00149422EA0141701502
B0941424207317N00149422EA0141701502
B0941434207317N00149422EA0141701502
B0941444207317N00149422EA0141701502
B0941454207317N00149422EA0141701502
B0941464207317N00149422EA0141601502
B0941474207317N00149422EA0141701502
B0941484207317N00149422EA0141701502
B0941494207317N00149422EA0141701502
B0941504207317N00149422EA0141701503
B0941514207317N00149422EA0141701502
B0941524207317N00149422EA0141701502
B0941534207317N00149422EA0141701502
B0941544207317N00149422EA0141701502
B0941554207317N00149422EA0141701502
B0941564207317N00149422EA0141701502
B0941574207317N00149422EA0141701502
B0941584207317N00149422EA0141701502
B0941594207317N00149422EA0141701502
B0942004207317N00149422EA0141701502
B0942014207317N00149422EA0141701502
B0942024207317N00149422EA0141701502
B0942034207317N00149423EA0141701502
B0942044207317N00149423EA0141701502
B0942054207318N00149423EA0141701502
B0942064207318N00149423EA0141701502
B0942074207318N00149423EA0141701502
B0942084207318N00149423EA0141701502
B0942094207318N00149423EA0141701502
B0942104207318N00149423EA0141701502
B0942114207318N00149423EA0141701502
B0942124207318N00149423EA0141701502
B0942134207318N00149423EA0141701502
B0942144207318N00149423EA0141701502
B0942154207318N00149423EA0141701502
B0942164207318N00149423EA0141701502
B0942174207318N00149423EA0141701502
B0942184207318N00149423EA0141701502
B0942194207318N00149423EA0141701502
B0942204207318N00149423EA0141701502
B0942214207318N00149423EA0141701502
B0942224207318N00149423EA0141701502
B0942234207318N00149423EA0141701502
B0942244207318N00149423EA0141701502
B0942254207318N00149423EA0141601502
B0942264207318N00149423EA0141701502
B0942274207318N00149423EA0141601502
B0942284207318N00149423EA0141601502
B0942294207318N00149423EA0141701502
B0942304207318N00149423EA0141601502
B0942314207318N00149423EA0141701502
B0942324207318N00149423EA0141701502
B0942334207319N00149423EA0141601502
B0942344207318N00149423EA0141701502
B0942354207318N00149423EA0141701502
B0942364207318N00149423EA0141701501
B0942374207318N00149423EA0141701501
B0942384207318N00149423EA0141701501
B0942394207318N00149423EA0141701501
B0942404207318N00149423EA0141701501
B0942414207318N00149423EA0141601501
B0942424207318N00149423EA0141601501
B0942434207318N00149423EA0141701500
B0942444207318N00149423EA0141701500
B0942454207318N00149423EA0141601500
B0942464207318N00149423EA0141701500
B0942474207318N00149423EA0141601500
B0942484207318N00149423EA0141701500
B0942494207318N00149423EA0141701500
B0942504207318N00149423EA0141601500
B0942514207318N00149423EA0141701500
B0942524207318N00149423EA0141601500
B0942534207318N00149423EA0141601500
B0942544207318N00149423EA0141601500
B0942554207318N00149423EA0141701500
B0942564207318N00149423EA0141601500
B0942574207318N00149423EA0141701500
B0942584207318N00149423EA0141601500
B0942594207318N00149423EA0141701500
B0943004207318N00149423EA0141601500
B0943014207318N00149423EA0141701500
B0943024207318N00149423EA0141701500
B0943034207318N00149423EA0141701500
B0943044207318N00149423EA0141701500
B0943054207318N00149423EA0141701500
B0943064207318N00149423EA0141701500
B0943074207318N00149423EA0141701500
B0943084207318N00149423EA0141601500
B0943094207318N00149423EA0141701500
B0943104207318N00149423EA0141601500
B0943114207318N00149423EA0141601500
B0943124207318N00149423EA0141701500
B0943134207318N00149423EA0141601501
B0943144207318N00149423EA0141701501
B0943154207318N00149423EA0141701501
B0943164207318N00149423EA0141701501
B0943174207318N00149423EA0141701501
B0943184207318N00149423EA0141701501
B0943194207318N00149423EA0141701501
B0943204207318N00149423EA0141701501
B0943214207318N00149423EA0141701501
B0943224207318N00149423EA0141701501
B0943234207318N00149423EA0141601501
B0943244207318N00149423EA0141701501
B0943254207317N00149423EA0141701501
B0943264207317N00149423EA0141701501
B0943274207317N00149423EA0141701501
B0943284207317N00149423EA0141601501
B0943294207317N00149423EA0141601501
B0943304207317N00149423EA0141701501
B0943314207317N00149423EA0141701501
B0943324207317N00149423EA0141701501
B0943334207317N00149423EA0141701501
B0943344207317N00149423EA0141801501
B0943354207317N00149423EA0141601501
B0943364207317N00149423EA0141701501
B0943374207317N00149423EA0141701500
B0943384207317N00149423EA0141701500
B0943394207317N00149423EA0141701500
B0943404207317N00149423EA0141701500
B0943414207317N00149423EA0141701500
B0943424207317N00149423EA0141701500
B0943434207317N00149423EA0141701500
B0943444207317N00149423EA0141701500
B0943454207317N00149423EA0141801499
B0943464207317N00149423EA0141701499
B0943474207317N00149423EA0141701499
B0943484207317N00149423EA0141701499
B0943494207317N00149423EA0141701499
B0943504207317N00149423EA0141701499
B0943514207317N00149423EA0141701499
B0943524207316N00149423EA0141701499
B0943534207316N00149423EA0141701499
B0943544207316N00149423EA0141701499
B0943554207316N00149423EA0141701499
B0943564207316N00149423EA0141601499
B0943574207316N00149423EA0141701499
B0943584207316N00149423EA0141701499
B0943594207316N00149423EA0141701499
B0944004207316N00149423EA0141701500
B0944014207316N00149423EA0141701500
B0944024207316N00149423EA0141701500
B0944034207316N00149423EA0141701500
B0944044207316N00149423EA0141701500
B0944054207316N00149423EA0141701500
B0944064207317N00149423EA0141701500
B0944074207317N00149423EA0141701500
B0944084207317N00149423EA0141601500
B0944094207317N00149423EA0141701500
B0944104207317N00149423EA0141701500
B0944114207317N00149423EA0141701500
B0944124207317N00149423EA0141701500
B0944134207317N00149423EA0141701500
B0944144207317N00149423EA0141701500
B0944154207317N00149423EA0141701500
B0944164207317N00149423EA0141701500
B0944174207317N00149423EA0141701500
B0944184207317N00149423EA0141701500
B0944194207317N00149423EA0141701500
B0944204207317N00149423EA0141601500
B0944214207317N00149423EA0141701500
B0944224207317N00149423EA0141701500
B0944234207317N00149423EA0141701500
B0944244207317N00149423EA0141701500
B0944254207317N00149423EA0141701500
B0944264207317N00149423EA0141701500
B0944274207317N00149423EA0141701500
B0944284207317N00149423EA0141701500
B0944294207317N00149423EA0141701500
B0944304207317N00149423EA0141701500
B0944314207317N00149423EA0141701500
B0944324207317N00149423EA0141701500
B0944334207317N00149423EA0141701500
B0944344207317N00149423EA0141701500
B0944354207317N00149423EA0141701500
B0944364207317N00149423EA0141701500
B0944374207317N00149423EA0141701500
B0944384207317N00149423EA0141701500
B0944394207317N00149423EA0141801500
B0944404207317N00149423EA0141701500
B0944414207317N00149423EA0141701500
B0944424207317N00149423EA0141801500
B0944434207317N00149423EA0141801500
B0944444207316N00149423EA0141801500
B0944454207316N00149423EA0141801500
B0944464207316N00149423EA0141701500
B0944474207316N00149423EA0141701500
B0944484207316N00149423EA0141701500
B0944494207316N00149423EA0141801500
B0944504207316N00149423EA0141801500
B0944514207316N00149423EA0141701500
B0944524207316N00149423EA0141801500
B0944534207316N00149423EA0141701500
B0944544207316N00149423EA0141701500
B0944554207316N00149423EA0141701500
B0944564207316N00149423EA0141701500
B0944574207316N00149423EA0141701500
B0944584207316N00149423EA0141701500
B0944594207316N00149422EA0141701500
B0945004207316N00149422EA0141701500
B0945014207316N00149422EA0141701500
B0945024207316N00149422EA0141701500
B0945034207316N00149422EA0141701500
B0945044207316N00149422EA0141701500
B0945054207316N00149422EA0141701500
B0945064207316N00149422EA0141701501
B0945074207316N00149422EA0141701501
B0945084207316N00149422EA0141801501
B0945094207316N00149422EA0141701501
B0945104207316N00149422EA0141701501
B0945114207316N00149422EA0141801501
B0945124207316N00149422EA0141701501
B0945134207316N00149422EA0141801501
B0945144207316N00149422EA0141801502
B0945154207316N00149422EA0141701502
B0945164207316N00149422EA0141701502
B0945174207316N00149422EA0141701502
B0945184207316N00149422EA0141701502
B0945194207316N00149422EA0141701502
B0945204207316N00149422EA0141801502
B0945214207316N00149422EA0141701502
B0945224207316N00149422EA0141701502
B0945234207316N00149422EA0141701502
B0945244207316N00149422EA0141701502
B0945254207316N00149422EA0141701502
B0945264207316N00149422EA0141701502
B0945274207316N00149422EA0141701502
B0945284207316N00149422EA0141701502
B0945294207316N00149422EA0141701502
B0945304207316N00149422EA0141701502
B0945314207316N00149422EA0141701502
B0945324207316N00149422EA0141701501
B0945334207316N00149422EA0141701502
B0945344207316N00149422EA0141701501
B0945354207316N00149422EA0141701501
B0945364207316N00149422EA0141701501
B0945374207316N00149422EA0141701501
B0945384207316N00149422EA0141701501
B0945394207316N00149422EA0141701501
B0945404207316N00149422EA0141701501
B0945414207316N00149422EA0141701501
B0945424207316N00149422EA0141701501
B0945434207316N00149422EA0141801501
B0945444207316N00149423EA0141701501
B0945454207316N00149423EA0141701501
B0945464207316N00149423EA0141701501
B0945474207316N00149423EA0141701501
B0945484207316N00149423EA0141701501
B0945494207316N00149423EA0141801501
B0945504207316N00149423EA0141701501
B0945514207316N00149423EA0141701501
B0945524207316N00149423EA0141701501
B0945534207315N00149423EA0141701501
B0945544207315N00149423EA0141701501
B0945554207315N00149423EA0141701501
B0945564207315N00149423EA0141701500
B0945574207315N00149423EA0141801500
B0945584207315N00149423EA0141701500
B0945594207315N00149423EA0141601500
B0946004207315N00149423EA0141801500
B0946014207315N00149423EA0141701500
B0946024207315N00149423EA0141801500
B0946034207315N00149423EA0141801500
B0946044207315N00149423EA0141701500
B0946054207315N00149423EA0141701500
B0946064207315N00149423EA0141701500
B0946074207315N00149423EA0141701500
B0946084207315N00149423EA0141701500
B0946094207315N00149423EA0141701500
B0946104207315N00149423EA0141701500
B0946114207315N00149423EA0141701500
B0946124207315N00149423EA0141701499
B0946134207315N00149423EA0141701499
B0946144207315N00149423EA0141701499
B0946154207315N00149423EA0141801499
B0946164207315N00149424EA0141701499
B0946174207315N00149424EA0141701499
B0946184207315N00149424EA0141701499
B0946194207315N00149424EA0141701499
B0946204207315N00149424EA0141701499
B0946214207315N00149424EA0141801498
B0946224207315N00149424EA0141701498
B0946234207315N00149424EA0141701498
B0946244207315N00149424EA0141701498
B0946254207315N00149424EA0141701498
B0946264207315N00149424EA0141701498
B0946274207315N00149424EA0141701498
B0946284207314N00149424EA0141701498
B0946294207314N00149424EA0141701498
B0946304207314N00149424EA0141701498
B0946314207314N00149424EA0141701498
B0946324207314N00149424EA0141701498
B0946334207314N00149424EA0141701498
B0946344207314N00149424EA0141701498
B0946354207314N00149424EA0141801498
B0946364207314N00149424EA0141801498
B0946374207314N00149424EA0141701498
B0946384207314N00149424EA0141701498
B0946394207314N00149424EA0141701498
B0946404207314N00149424EA0141701498
B0946414207314N00149424EA0141701498
B0946424207314N00149424EA0141701497
B0946434207314N00149424EA0141701497
B0946444207314N00149424EA0141701497
B0946454207314N00149424EA0141701497
B0946464207314N00149424EA0141701497
B0946474207314N00149424EA0141701497
B0946484207314N00149424EA0141701497
B0946494207314N00149424EA0141701497
B0946504207314N00149424EA0141701497
B0946514207314N00149424EA0141701497
B0946524207314N00149424EA0141701497
B0946534207314N00149424EA0141701497
B0946544207314N00149425EA0141701497
B0946554207314N00149425EA0141701497
B0946564207314N00149425EA0141701497
B0946574207314N00149425EA0141701497
B0946584207314N00149425EA0141701497
B0946594207314N00149425EA0141701497
B0947004207314N00149425EA0141801497
B0947014207314N00149425EA0141701497
B0947024207315N00149425EA0141701497
B0947034207314N00149425EA0141601497
B0947044207314N00149425EA0141701497
B0947054207314N00149425EA0141701496
B0947064207314N00149425EA0141701496
B0947074207315N00149425EA0141701496
B0947084207315N00149425EA0141701496
B0947094207315N00149425EA0141701496
B0947104207315N00149425EA0141701496
B0947114207315N00149425EA0141701496
B0947124207315N00149425EA0141701496
B0947134207315N00149425EA0141701496
B0947144207315N00149425EA0141701496
B0947154207315N00149425EA0141701496
B0947164207315N00149425EA0141701496
B0947174207315N00149425EA0141701496
B0947184207316N00149425EA0141701496
B0947194207316N00149425EA0141701497
B0947204207316N00149425EA0141701497
B0947214207316N00149425EA0141701497
B0947224207316N00149425EA0141601497
B0947234207316N00149425EA0141701497
B0947244207316N00149425EA0141701497
B0947254207316N00149425EA0141701497
B0947264207316N00149425EA0141701497
B0947274207316N00149425EA0141701497
B0947284207316N00149425EA0141701497
B0947294207316N00149425EA0141701497
B0947304207316N00149425EA0141701497
B0947314207316N00149425EA0141701497
B0947324207317N00149425EA0141701497
B0947334207317N00149425EA0141701497
B0947344207317N00149425EA0141701497
B0947354207317N00149425EA0141701497
B0947364207317N00149425EA0141701497
B0947374207317N00149425EA0141701497
B0947384207317N00149425EA0141701497
B0947394207317N00149425EA0141701497
B0947404207317N00149425EA0141701497
B0947414207317N00149425EA0141701497
B0947424207317N00149425EA0141701497
B0947434207317N00149425EA0141601497
B0947444207317N00149425EA0141701497
B0947454207317N00149425EA0141701497
B0947464207317N00149425EA0141701497
B0947474207317N00149425EA0141701497
B0947484207317N00149425EA0141601497
B0947494207317N00149425EA0141701497
B0947504207317N00149425EA0141701497
B0947514207317N00149425EA0141701497
B0947524207317N00149425EA0141701497
B0947534207317N00149425EA0141701496
B0947544207317N00149425EA0141701496
B0947554207317N00149425EA0141701496
B0947564207317N00149425EA0141701496
B0947574207317N00149425EA0141601496
B0947584207317N00149425EA0141601496
B0947594207317N00149425EA0141701496
B0948004207317N00149425EA0141701496
B0948014207318N00149425EA0141701496
B0948024207318N00149425EA0141701497
B0948034207318N00149425EA0141701497
B0948044207318N00149425EA0141601497
B0948054207318N00149425EA0141701497
B0948064207318N00149425EA0141701497
B0948074207318N00149425EA0141601497
B0948084207318N00149425EA0141701497
B0948094207317N00149425EA0141701497
B0948104207317N00149425EA0141701497
B0948114207318N00149425EA0141701497
B0948124207317N00149425EA0141701497
B0948134207317N00149425EA0141701497
B0948144207317N00149425EA0141601497
B0948154207318N00149425EA0141701497
B0948164207318N00149425EA0141701497
B0948174207318N00149424EA0141701497
B0948184207318N00149424EA0141701497
B0948194207318N00149424EA0141701497
B0948204207318N00149424EA0141701498
B0948214207318N00149424EA0141701498
B0948224207318N00149424EA0141701498
B0948234207318N00149424EA0141701498
B0948244207318N00149424EA0141701498
B0948254207318N00149424EA0141701498
B0948264207318N00149424EA0141701498
B0948274207318N00149424EA0141701499
B0948284207318N00149424EA0141701499
B0948294207318N00149424EA0141601499
B0948304207318N00149424EA0141701499
B0948314207318N00149424EA0141701499
B0948324207318N00149424EA0141701498
B0948334207318N00149424EA0141701498
B0948344207318N00149424EA0141701498
B0948354207318N00149424EA0141701498
B0948364207318N00149424EA0141701498
B0948374207318N00149424EA0141701498
B0948384207319N00149424EA0141701498
B0948394207319N00149424EA0141701498
B0948404207319N00149424EA0141701498
B0948414207319N00149424EA0141701498
B0948424207319N00149424EA0141601498
B0948434207318N00149424EA0141701498
B0948444207318N00149424EA0141701498
B0948454207318N00149424EA0141701498
B0948464207318N00149424EA0141601498
B0948474207318N00149424EA0141701498
B0948484207318N00149424EA0141701499
B0948494207318N00149423EA0141701499
B0948504207318N00149423EA0141701499
B0948514207318N00149423EA0141701499
B0948524207318N00149423EA0141701499
B0948534207318N00149423EA0141701499
B0948544207318N00149423EA0141701499
B0948554207318N00149423EA0141701499
B0948564207318N00149423EA0141701499
B0948574207318N00149423EA0141801500
B0948584207318N00149423EA0141701500
B0948594207318N00149423EA0141701500
B0949004207318N00149423EA0141701500
B0949014207318N00149423EA0141701500
B0949024207318N00149423EA0141701500
B0949034207318N00149423EA0141701500
B0949044207318N00149423EA0141701500
B0949054207318N00149423EA0141701500
B0949064207318N00149423EA0141701500
B0949074207318N00149423EA0141701500
B0949084207318N00149423EA0141701500
B0949094207318N00149423EA0141701500
B0949104207318N00149423EA0141701500
B0949114207318N00149423EA0141701500
B0949124207318N00149423EA0141701500
B0949134207318N00149423EA0141701501
B0949144207318N00149423EA0141701501
B0949154207318N00149423EA0141701501
B0949164207318N00149423EA0141601501
B0949174207318N00149423EA0141701501
B0949184207318N00149423EA0141701501
B0949194207318N00149423EA0141701501
B0949204207318N00149423EA0141801502
B0949214207318N00149423EA0141701502
B0949224207318N00149423EA0141801502
B0949234207318N00149423EA0141701502
B0949244207318N00149423EA0141701502
B0949254207318N00149423EA0141701502
B0949264207318N00149423EA0141701502
B0949274207318N00149423EA0141701502
B0949284207318N00149423EA0141701503
B0949294207318N00149423EA0141701503
B0949304207318N00149423EA0141701503
B0949314207318N00149423EA0141701503
B0949324207318N00149423EA0141701503
B0949334207318N00149423EA0141701503
B0949344207318N00149423EA0141701503
B0949354207318N00149423EA0141701503
B0949364207318N00149423EA0141701503
B0949374207318N00149423EA0141701503
B0949384207318N00149423EA0141701503
B0949394207318N00149423EA0141601503
B0949404207318N00149423EA0141701503
B0949414207318N00149423EA0141701503
B0949424207318N00149423EA0141701503
B0949434207317N00149423EA0141701504
B0949444207317N00149423EA0141701504
B0949454207317N00149423EA0141701504
B0949464207317N00149423EA0141701504
B0949474207317N00149423EA0141601504
B0949484207317N00149423EA0141701504
B0949494207317N00149423EA0141701503
B0949504207317N00149423EA0141701503
B0949514207317N00149423EA0141701503
B0949524207317N00149423EA0141701503
B0949534207317N00149423EA0141701503
B0949544207317N00149423EA0141701503
B0949554207317N00149423EA0141701503
B0949564207317N00149423EA0141701503
B0949574207317N00149423EA0141701503
B0949584207317N00149423EA0141601503
B0949594207317N00149423EA0141801503
B0950004207317N00149423EA0141701503
B0950014207317N00149423EA0141701503
B0950024207317N00149423EA0141801503
B0950034207317N00149423EA0141701503
B0950044207317N00149423EA0141701503
B0950054207317N00149423EA0141701503
B0950064207317N00149423EA0141701503
B0950074207317N00149424EA0141701503
B0950084207317N00149424EA0141701503
B0950094207317N00149424EA0141701503
B0950104207317N00149424EA0141701503
B0950114207317N00149424EA0141701503
B0950124207317N00149424EA0141601503
B0950134207317N00149424EA0141701503
B0950144207317N00149424EA0141701503
B0950154207317N00149424EA0141701503
B0950164207317N00149424EA0141701503
B0950174207317N00149424EA0141701503
B0950184207317N00149424EA0141701503
B0950194207317N00149424EA0141701503
B0950204207317N00149424EA0141701503
B0950214207317N00149424EA0141701503
B0950224207317N00149424EA0141701503
B0950234207317N00149424EA0141701503
B0950244207317N00149424EA0141701503
B0950254207317N00149424EA0141701503
B0950264207317N00149424EA0141701503
B0950274207317N00149424EA0141701503
B0950284207317N00149424EA0141701503
B0950294207318N00149424EA0141801503
B0950304207318N00149424EA0141701503
B0950314207318N00149424EA0141601503
B0950324207318N00149424EA0141701503
B0950334207318N00149424EA0141701504
B0950344207318N00149424EA0141701504
B0950354207318N00149424EA0141701504
B0950364207318N00149424EA0141801503
B0950374207318N00149424EA0141701503
B0950384207318N00149424EA0141701503
B0950394207318N00149424EA0141801503
B0950404207318N00149424EA0141701503
B0950414207318N00149424EA0141701503
B0950424207318N00149424EA0141701503
B0950434207318N00149424EA0141701503
B0950444207318N00149424EA0141701503
B0950454207318N00149424EA0141701503
B0950464207318N00149424EA0141701503
B0950474207318N00149424EA0141701502
B0950484207318N00149424EA0141701502
B0950494207318N00149424EA0141701502
B0950504207318N00149424EA0141701502
B0950514207318N00149424EA0141701502
B0950524207318N00149424EA0141701502
B0950534207318N00149424EA0141801502
B0950544207318N00149424EA0141701502
B0950554207319N00149424EA0141701502
B0950564207319N00149424EA0141801502
B0950574207319N00149424EA0141701502
B0950584207319N00149424EA0141701502
B0950594207319N00149424EA0141801502
B0951004207319N00149424EA0141701502
B0951014207319N00149424EA0141701502
B0951024207319N00149424EA0141701502
B0951034207319N00149424EA0141701502
B0951044207319N00149424EA0141701502
B0951054207318N00149424EA0141701502
B0951064207318N00149423EA0141701502
B0951074207318N00149423EA0141701502
B0951084207318N00149423EA0141701502
B0951094207318N00149423EA0141701502
B0951104207318N00149423EA0141701502
B0951114207318N00149423EA0141701502
B0951124207318N00149423EA0141701503
B0951134207318N00149423EA0141701503
B0951144207318N00149423EA0141801503
B0951154207318N00149423EA0141801503
B0951164207318N00149423EA0141701503
B0951174207318N00149423EA0141701503
B0951184207318N00149423EA0141801503
B0951194207318N00149423EA0141701503
B0951204207318N00149423EA0141701503
B0951214207318N00149423EA0141701503
B0951224207318N00149423EA0141701503
B0951234207318N00149423EA0141701503
B0951244207318N00149423EA0141701503
B0951254207318N00149423EA0141701503
B0951264207318N00149423EA0141701503
B0951274207318N00149423EA0141701503
B0951284207318N00149423EA0141701503
B0951294207318N00149423EA0141701504
B0951304207318N00149423EA0141701504
B0951314207318N00149423EA0141801504
B0951324207318N00149423EA0141701504
B0951334207318N00149422EA0141701504
B0951344207318N00149422EA0141701504
B0951354207318N00149422EA0141701504
B0951364207318N00149422EA0141701505
B0951374207318N00149422EA0141701505
B0951384207318N00149422EA0141701505
B0951394207318N00149422EA0141701505
B0951404207318N00149422EA0141701505
B0951414207318N00149422EA0141701506
B0951424207318N00149422EA0141701506
B0951434207318N00149422EA0141701506
B0951444207318N00149422EA0141701506
B0951454207318N00149422EA0141801506
B0951464207318N00149422EA0141701506
B0951474207318N00149422EA0141701506
B0951484207318N00149422EA0141701505
B0951494207318N00149422EA0141701505
B0951504207317N00149422EA0141701505
B0951514207317N00149422EA0141801505
B0951524207317N00149422EA0141701505
B0951534207317N00149422EA0141701505
B0951544207317N00149422EA0141701505
B0951554207317N00149422EA0141701505
B0951564207317N00149422EA0141701505
B0951574207317N00149422EA0141801505
B0951584207317N00149422EA0141701505
B0951594207317N00149422EA0141701505
B0952004207317N00149422EA0141701505
B0952014207317N00149422EA0141701505
B0952024207317N00149422EA0141701505
B0952034207317N00149422EA0141601504
B0952044207317N00149422EA0141801504
B0952054207317N00149422EA0141701504
B0952064207317N00149422EA0141701504
B0952074207317N00149422EA0141701504
B0952084207317N00149422EA0141701504
B0952094207317N00149422EA0141701503
B0952104207317N00149422EA0141701503
B0952114207317N00149422EA0141701503
B0952124207317N00149422EA0141701503
B0952134207317N00149422EA0141801503
B0952144207317N00149422EA0141701503
B0952154207317N00149422EA0141701503
B0952164207317N00149422EA0141701502
B0952174207317N00149422EA0141701503
B0952184207317N00149423EA0141701502
B0952194207317N00149422EA0141701502
B0952204207317N00149423EA0141701502
B0952214207317N00149423EA0141701503
B0952224207317N00149423EA0141701503
B0952234207317N00149423EA0141701503
B0952244207317N00149423EA0141601503
B0952254207317N00149423EA0141701502
B0952264207317N00149423EA0141701502
B0952274207317N00149423EA0141701502
B0952284207317N00149423EA0141701501
B0952294207317N00149423EA0141701501
B0952304207317N00149423EA0141701501
B0952314207317N00149423EA0141701501
B0952324207317N00149423EA0141601501
B0952334207317N00149423EA0141701501
B0952344207317N00149423EA0141701501
B0952354207317N00149423EA0141701501
B0952364207317N00149423EA0141701501
B0952374207317N00149423EA0141601501
B0952384207317N00149423EA0141601501
B0952394207317N00149423EA0141701501
B0952404207317N00149424EA0141601501
B0952414207317N00149424EA0141701501
B0952424207317N00149424EA0141601501
B0952434207317N00149424EA0141701500
B0952444207317N00149424EA0141701500
B0952454207317N00149424EA0141701500
B0952464207317N00149424EA0141701500
B0952474207317N00149424EA0141601500
B0952484207317N00149424EA0141601500
B0952494207317N00149424EA0141601500
B0952504207317N00149424EA0141601500
B0952514207317N00149424EA0141701500
B0952524207317N00149424EA0141601500
B0952534207317N00149424EA0141601500
B0952544207317N00149424EA0141701500
B0952554207317N00149424EA0141701500
B0952564207317N00149424EA0141601500
B0952574207317N00149424EA0141701500
B0952584207317N00149424EA0141701500
B0952594207317N00149424EA0141701500
B0953004207317N00149424EA0141601500
B0953014207317N00149424EA0141601500
B0953024207317N00149424EA0141601500
B0953034207317N00149423EA0141601500
B0953044207317N00149423EA0141701500
B0953054207317N00149423EA0141601500
B0953064207317N00149423EA0141701500
B0953074207317N00149423EA0141601500
B0953084207317N00149423EA0141601500
B0953094207317N00149423EA0141701500
B0953104207317N00149423EA0141701500
B0953114207317N00149423EA0141701500
B0953124207317N00149423EA0141701500
B0953134207317N00149423EA0141701501
B0953144207317N00149423EA0141701501
B0953154207317N00149423EA0141701501
B0953164207317N00149423EA0141701501
B0953174207317N00149423EA0141701501
B0953184207317N00149423EA0141701501
B0953194207317N00149423EA0141701501
B0953204207317N00149423EA0141701501
B0953214207317N00149423EA0141701501
B0953224207317N00149423EA0141701501
B0953234207317N00149423EA0141701501
B0953244207317N00149423EA0141601501
B0953254207317N00149423EA0141701501
B0953264207317N00149423EA0141701501
B0953274207317N00149423EA0141701501
B0953284207317N00149423EA0141701500
B0953294207317N00149423EA0141601500
B0953304207317N00149423EA0141601500
B0953314207317N00149423EA0141601500
B0953324207317N00149423EA0141701500
B0953334207317N00149423EA0141701500
B0953344207317N00149423EA0141701500
B0953354207317N00149423EA0141701500
B0953364207317N00149423EA0141601500
B0953374207317N00149423EA0141601500
B0953384207317N00149423EA0141701500
B0953394207317N00149423EA0141601500
B0953404207317N00149423EA0141601500
B0953414207317N00149423EA0141701500
B0953424207317N00149423EA0141601500
B0953434207317N00149423EA0141701500
B0953444207317N00149423EA0141701499
B0953454207317N00149423EA0141601499
B0953464207317N00149423EA0141601499
B0953474207317N00149423EA0141701499
B0953484207317N00149423EA0141701499
B0953494207317N00149423EA0141801499
B0953504207317N00149423EA0141701499
B0953514207317N00149423EA0141701499
B0953524207317N00149423EA0141701499
B0953534207317N00149423EA0141701499
B0953544207317N00149423EA0141701499
B0953554207317N00149423EA0141701499
B0953564207317N00149423EA0141701499
B0953574207317N00149423EA0141701499
B0953584207317N00149423EA0141701499
B0953594207317N00149423EA0141601499
B0954004207317N00149423EA0141701499
B0954014207317N00149423EA0141701499
B0954024207317N00149423EA0141701498
B0954034207317N00149423EA0141701498
B0954044207317N00149423EA0141601498
B0954054207317N00149423EA0141601498
B0954064207316N00149423EA0141701498
B0954074207316N00149423EA0141701498
B0954084207316N00149423EA0141701498
B0954094207316N00149423EA0141701498
B0954104207316N00149423EA0141701498
B0954114207316N00149423EA0141601498
B0954124207316N00149423EA0141701498
B0954134207316N00149423EA0141701498
B0954144207316N00149423EA0141701498
B0954154207316N00149423EA0141701498
B0954164207317N00149423EA0141701498
B0954174207317N00149423EA0141601498
B0954184207317N00149423EA0141601498
B0954194207317N00149423EA0141601499
B0954204207317N00149423EA0141701499
B0954214207317N00149423EA0141701499
B0954224207317N00149423EA0141701499
B0954234207317N00149423EA0141701499
B0954244207317N00149423EA0141701499
B0954254207317N00149423EA0141701499
B0954264207317N00149423EA0141601499
B0954274207317N00149423EA0141601499
B0954284207317N00149423EA0141701499
B0954294207317N00149423EA0141701499
B0954304207317N00149423EA0141701499
B0954314207317N00149423EA0141701499
B0954324207317N00149423EA0141601499
B0954334207317N00149423EA0141601500
B0954344207317N00149423EA0141701500
B0954354207317N00149423EA0141701500
B0954364207317N00149423EA0141701500
B0954374207317N00149423EA0141601500
B0954384207317N00149423EA0141701500
B0954394207317N00149423EA0141701500
B0954404207317N00149423EA0141701500
B0954414207317N00149423EA0141701500
B0954424207317N00149423EA0141701501
B0954434207317N00149423EA0141701501
B0954444207317N00149423EA0141701501
B0954454207317N00149423EA0141701501
B0954464207317N00149423EA0141701501
B0954474207317N00149423EA0141701501
B0954484207317N00149423EA0141701501
B0954494207317N00149423EA0141701501
B0954504207317N00149423EA0141701501
B0954514207317N00149423EA0141701501
B0954524207317N00149423EA0141701501
B0954534207317N00149423EA0141701501
B0954544207317N00149423EA0141601501
B0954554207317N00149423EA0141701501
B0954564207317N00149423EA0141701501
B0954574207317N00149423EA0141701501
B0954584207317N00149423EA0141701501
B0954594207317N00149423EA0141701501
B0955004207317N00149423EA0141701501
B0955014207317N00149423EA0141701502
B0955024207317N00149423EA0141701501
B0955034207317N00149423EA0141701501
B0955044207317N00149423EA0141601501
B0955054207317N00149423EA0141701501
B0955064207317N00149423EA0141701501
B0955074207317N00149423EA0141701501
B0955084207317N00149423EA0141701501
B0955094207317N00149423EA0141701501
B0955104207317N00149423EA0141701501
B0955114207317N00149423EA0141701501
B0955124207317N00149423EA0141601501
B0955134207317N00149423EA0141601501
B0955144207317N00149423EA0141701501
B0955154207317N00149423EA0141601501
B0955164207317N00149423EA0141701501
B0955174207317N00149423EA0141601501
B0955184207316N00149423EA0141701500
B0955194207316N00149423EA0141701500
B0955204207316N00149423EA0141701500
B0955214207316N00149423EA0141701500
B0955224207316N00149423EA0141701500
B0955234207316N00149423EA0141701500
B0955244207316N00149423EA0141701500
B0955254207316N00149423EA0141601500
B0955264207316N00149423EA0141701500
B0955274207316N00149423EA0141701500
B0955284207316N00149423EA0141701500
B0955294207316N00149423EA0141701500
B0955304207316N00149423EA0141701500
B0955314207316N00149423EA0141701500
B0955324207317N00149423EA0141701500
B0955334207317N00149423EA0141701500
B0955344207317N00149423EA0141701500
B0955354207317N00149423EA0141701500
B0955364207317N00149423EA0141701500
B0955374207317N00149423EA0141701500
B0955384207317N00149423EA0141701500
B0955394207317N00149423EA0141701500
B0955404207317N00149423EA0141701500
B0955414207317N00149423EA0141701500
B0955424207317N00149423EA0141701500
B0955434207317N00149423EA0141701500
B0955444207317N00149423EA0141701500
B0955454207317N00149423EA0141701500
B0955464207317N00149423EA0141601500
B0955474207317N00149423EA0141701500
B0955484207317N00149423EA0141701500
B0955494207317N00149423EA0141701500
B0955504207317N00149423EA0141701500
B0955514207317N00149423EA0141601500
B0955524207317N00149423EA0141701500
B0955534207317N00149423EA0141701500
B0955544207317N00149423EA0141801500
B0955554207317N00149423EA0141701500
B0955564207317N00149423EA0141701500
B0955574207317N00149423EA0141701500
B0955584207316N00149423EA0141801500
B0955594207316N00149424EA0141701500
B0956004207316N00149424EA0141701500
B0956014207316N00149424EA0141701500
B0956024207316N00149424EA0141701500
B0956034207316N00149424EA0141701500
B0956044207316N00149424EA0141701500
B0956054207316N00149424EA0141601500
B0956064207316N00149424EA0141701500
B0956074207316N00149424EA0141701500
B0956084207316N00149424EA0141701500
B0956094207316N00149424EA0141701500
B0956104207316N00149424EA0141701500
B0956114207316N00149424EA0141701500
B0956124207316N00149424EA0141701500
B0956134207316N00149424EA0141701500
B0956144207317N00149424EA0141701500
B0956154207317N00149424EA0141701500
B0956164207316N00149424EA0141801500
B0956174207317N00149424EA0141701500
B0956184207317N00149423EA0141701500
B0956194207317N00149423EA0141701500
B0956204207317N00149423EA0141701500
B0956214207317N00149423EA0141701500
B0956224207317N00149423EA0141701500
B0956234207317N00149423EA0141701500
B0956244207317N00149423EA0141701500
B0956254207317N00149423EA0141701500
B0956264207317N00149423EA0141701500
B0956274207317N00149423EA0141701500
B0956284207317N00149423EA0141701500
B0956294207317N00149423EA0141701501
B0956304207317N00149423EA0141701501
B0956314207317N00149423EA0141701501
B0956324207317N00149423EA0141701501
B0956334207317N00149423EA0141701501
B0956344207317N00149423EA0141701501
B0956354207317N00149423EA0141701501
B0956364207317N00149423EA0141701502
B0956374207317N00149423EA0141701502
B0956384207318N00149423EA0141701502
B0956394207318N00149423EA0141701502
B0956404207318N00149423EA0141601502
B0956414207318N00149423EA0141701502
B0956424207318N00149423EA0141601503
B0956434207318N00149423EA0141701503
B0956444207318N00149423EA0141701503
B0956454207318N00149423EA0141701503
B0956464207318N00149423EA0141701503
B0956474207318N00149423EA0141701503
B0956484207318N00149423EA0141601503
B0956494207318N00149423EA0141601503
B0956504207318N00149423EA0141601503
B0956514207318N00149423EA0141701503
B0956524207318N00149423EA0141701503
B0956534207318N00149422EA0141701503
B0956544207318N00149422EA0141701503
B0956554207317N00149422EA0141701503
B0956564207317N00149422EA0141701503
B0956574207317N00149422EA0141701503
B0956584207317N00149422EA0141701503
B0956594207317N00149422EA0141701503
B0957004207317N00149422EA0141701503
B0957014207317N00149422EA0141701504
B0957024207317N00149422EA0141701504
B0957034207317N00149422EA0141601504
B0957044207317N00149422EA0141601504
B0957054207317N00149422EA0141701504
B0957064207317N00149422EA0141701504
B0957074207317N00149422EA0141601504
B0957084207317N00149422EA0141601504
B0957094207317N00149422EA0141701504
B0957104207317N00149422EA0141601504
B0957114207317N00149422EA0141701505
B0957124207317N00149422EA0141701505
B0957134207317N00149422EA0141701505
B0957144207317N00149422EA0141701505
B0957154207317N00149421EA0141701505
B0957164207317N00149421EA0141701505
B0957174207317N00149421EA0141701505
B0957184207317N00149421EA0141601505
B0957194207317N00149421EA0141701506
B0957204207317N00149421EA0141601506
B0957214207317N00149421EA0141701506
B0957224207317N00149421EA0141701506
B0957234207316N00149421EA0141601506
B0957244207316N00149421EA0141701506
B0957254207316N00149421EA0141601506
B0957264207316N00149421EA0141601505
B0957274207316N00149421EA0141701505
B0957284207316N00149421EA0141701505
B0957294207316N00149421EA0141601505
B0957304207316N00149421EA0141701505
B0957314207316N00149421EA0141701505
B0957324207316N00149421EA0141601505
B0957334207316N00149421EA0141601505
B0957344207316N00149421EA0141701506
B0957354207316N00149421EA0141601506
B0957364207316N00149421EA0141701505
B0957374207316N00149421EA0141601505
B0957384207316N00149421EA0141701505
B0957394207316N00149421EA0141601505
B0957404207316N00149421EA0141601505
B0957414207316N00149421EA0141701505
B0957424207316N00149421EA0141701505
B0957434207316N00149421EA0141601504
B0957444207316N00149422EA0141701504
B0957454207316N00149422EA0141601504
B0957464207316N00149422EA0141601504
B0957474207316N00149422EA0141701504
B0957484207316N00149422EA0141701503
B0957494207316N00149422EA0141701503
B0957504207316N00149422EA0141601503
B0957514207316N00149422EA0141601503
B0957524207316N00149422EA0141601503
B0957534207316N00149422EA0141701503
B0957544207316N00149422EA0141701502
B0957554207316N00149422EA0141701502
B0957564207316N00149422EA0141701502
B0957574207316N00149422EA0141601502
B0957584207316N00149422EA0141601502
B0957594207316N00149422EA0141601501
B0958004207316N00149422EA0141601501
B0958014207316N00149423EA0141701501
B0958024207316N00149423EA0141601501
B0958034207316N00149423EA0141601501
B0958044207316N00149423EA0141701501
B0958054207316N00149423EA0141601501
B0958064207316N00149423EA0141601501
B0958074207316N00149423EA0141601501
B0958084207316N00149423EA0141601500
B0958094207316N00149423EA0141601500
B0958104207316N00149423EA0141601500
B0958114207316N00149423EA0141701500
B0958124207316N00149423EA0141601500
B0958134207316N00149423EA0141701500
B0958144207316N00149423EA0141701500
B0958154207316N00149423EA0141601500
B0958164207316N00149423EA0141601500
B0958174207316N00149423EA0141601500
B0958184207316N00149423EA0141601500
B0958194207316N00149423EA0141701500
B0958204207316N00149423EA0141601500
B0958214207316N00149423EA0141601500
B0958224207316N00149423EA0141601500
B0958234207316N00149423EA0141601501
B0958244207316N00149423EA0141601501
B0958254207316N00149423EA0141601501
B0958264207316N00149423EA0141701501
B0958274207316N00149423EA0141701501
B0958284207316N00149423EA0141601500
B0958294207316N00149423EA0141601500
B0958304207316N00149423EA0141601500
B0958314207316N00149423EA0141701500
B0958324207316N00149423EA0141601500
B0958334207316N00149423EA0141601500
B0958344207316N00149423EA0141601500
B0958354207316N00149423EA0141601500
B0958364207316N00149423EA0141601501
B0958374207316N00149423EA0141601501
B0958384207316N00149423EA0141601501
B0958394207316N00149423EA0141601501
B0958404207316N00149423EA0141601501
B0958414207316N00149423EA0141601501
B0958424207316N00149423EA0141601501
B0958434207316N00149423EA0141601501
B0958444207316N00149423EA0141601501
B0958454207316N00149423EA0141601501
B0958464207316N00149423EA0141701501
B0958474207316N00149423EA0141701501
B0958484207316N00149423EA0141601501
B0958494207316N00149423EA0141601501
B0958504207316N00149423EA0141601501
B0958514207316N00149423EA0141601501
B0958524207316N00149423EA0141601501
B0958534207316N00149423EA0141701501
B0958544207316N00149423EA0141701501
B0958554207316N00149423EA0141601501
B0958564207316N00149423EA0141601501
B0958574207316N00149423EA0141601501
B0958584207316N00149423EA0141701501
B0958594207316N00149423EA0141701501
B0959004207316N00149424EA0141601501
B0959014207315N00149424EA0141601501
B0959024207315N00149424EA0141701501
B0959034207315N00149424EA0141701501
B0959044207315N00149424EA0141701501
B0959054207315N00149424EA0141601501
B0959064207315N00149424EA0141601501
B0959074207315N00149424EA0141601500
B0959084207315N00149424EA0141701500
B0959094207315N00149424EA0141601500
B0959104207315N00149424EA0141601500
B0959114207315N00149424EA0141601500
B0959124207315N00149424EA0141601500
B0959134207315N00149424EA0141601500
B0959144207315N00149424EA0141601501
B0959154207315N00149424EA0141701501
B0959164207315N00149424EA0141701501
B0959174207316N00149424EA0141601501
B0959184207316N00149424EA0141601501
B0959194207316N00149424EA0141701501
B0959204207316N00149424EA0141601501
B0959214207316N00149424EA0141701501
B0959224207316N00149424EA0141601501
B0959234207316N00149424EA0141701501
B0959244207316N00149424EA0141601501
B0959254207316N00149424EA0141601501
B0959264207316N00149424EA0141701501
B0959274207316N00149424EA0141701501
B0959284207316N00149424EA0141701501
B0959294207316N00149424EA0141601501
B0959304207316N00149424EA0141701501
B0959314207316N00149423EA0141701501
B0959324207316N00149423EA0141701501
B0959334207316N00149423EA0141601501
B0959344207316N00149423EA0141601501
B0959354207316N00149423EA0141601501
B0959364207316N00149423EA0141601501
B0959374207316N00149423EA0141701501
B0959384207316N00149423EA0141601501
B0959394207316N00149423EA0141601501
B0959404207316N00149423EA0141601501
B0959414207316N00149423EA0141701501
B0959424207316N00149423EA0141601501
B0959434207316N00149423EA0141601501
B0959444207316N00149423EA0141701501
B0959454207316N00149423EA0141701501
B0959464207316N00149423EA0141601502
B0959474207316N00149423EA0141601502
B0959484207316N00149423EA0141701502
B0959494207316N00149423EA0141701502
B0959504207316N00149424EA0141601502
B0959514207316N00149424EA0141701501
B0959524207316N00149424EA0141601501
B0959534207316N00149424EA0141701501
B0959544207316N00149424EA0141601501
B0959554207316N00149424EA0141701501
B0959564207316N00149424EA0141601501
B0959574207317N00149424EA0141601501
B0959584207317N00149424EA0141601501
B0959594207317N00149424EA0141701501
B1000004207317N00149424EA0141601501
B1000014207317N00149424EA0141601501
B1000024207317N00149424EA0141601501
B1000034207317N00149424EA0141601500
B1000044207317N00149424EA0141601500
B1000054207317N00149424EA0141601500
B1000064207317N00149424EA0141701500
B1000074207317N00149424EA0141701500
B1000084207317N00149424EA0141701500
B1000094207317N00149424EA0141601499
B1000104207317N00149424EA0141701499
B1000114207317N00149424EA0141601499
B1000124207317N00149424EA0141701499
B1000134207317N00149424EA0141601499
B1000144207317N00149424EA0141701499
B1000154207317N00149424EA0141601499
B1000164207317N00149424EA0141601499
B1000174207317N00149424EA0141701499
B1000184207317N00149424EA0141601499
B1000194207317N00149424EA0141601499
B1000204207317N00149424EA0141601499
B1000214207317N00149424EA0141601499
B1000224207317N00149424EA0141601499
B1000234207317N00149424EA0141701499
B1000244207317N00149424EA0141601499
B1000254207317N00149424EA0141701499
B1000264207317N00149424EA0141601498
B1000274207317N00149424EA0141501498
B1000284207317N00149424EA0141601498
B1000294207317N00149424EA0141601498
B1000304207317N00149424EA0141601498
B1000314207317N00149424EA0141701498
B1000324207317N00149424EA0141601498
B1000334207317N00149424EA0141601498
B1000344207317N00149424EA0141601498
B1000354207317N00149424EA0141601498
B1000364207317N00149424EA0141601498
B1000374207317N00149424EA0141601498
B1000384207317N00149424EA0141601498
B1000394207317N00149424EA0141701498
B1000404207317N00149424EA0141701498
B1000414207317N00149424EA0141601498
B1000424207317N00149424EA0141701498
B1000434207317N00149424EA0141701498
B1000444207317N00149424EA0141701498
B1000454207317N00149424EA0141601498
B1000464207317N00149424EA0141601498
B1000474207317N00149423EA0141601498
B1000484207317N00149423EA0141601498
B1000494207317N00149423EA0141701498
B1000504207317N00149423EA0141701498
B1000514207317N00149423EA0141701498
B1000524207317N00149423EA0141701498
B1000534207317N00149423EA0141701498
B1000544207317N00149423EA0141601498
B1000554207317N00149423EA0141601498
B1000564207317N00149423EA0141701498
B1000574207317N00149423EA0141601498
B1000584207317N00149423EA0141601499
B1000594207317N00149423EA0141701499
B1001004207317N00149423EA0141701499
B1001014207317N00149423EA0141601499
B1001024207317N00149423EA0141701499
B1001034207317N00149423EA0141701499
B1001044207317N00149423EA0141701499
B1001054207317N00149423EA0141601499
B1001064207317N00149423EA0141701499
B1001074207317N00149423EA0141701499
B1001084207317N00149423EA0141701499
B1001094207317N00149423EA0141701499
B1001104207317N00149423EA0141601499
B1001114207317N00149423EA0141701499
B1001124207317N00149423EA0141701499
B1001134207317N00149423EA0141701499
B1001144207317N00149423EA0141701499
B1001154207317N00149423EA0141701499
B1001164207317N00149423EA0141701499
B1001174207317N00149423EA0141701499
B1001184207317N00149423EA0141701499
B1001194207317N00149423EA0141601499
B1001204207317N00149423EA0141701499
B1001214207317N00149423EA0141701499
B1001224207317N00149423EA0141701499
B1001234207317N00149423EA0141701499
B1001244207317N00149423EA0141701499
B1001254207317N00149423EA0141601499
B1001264207317N00149423EA0141801499
B1001274207317N00149423EA0141701499
B1001284207317N00149423EA0141601500
B1001294207317N00149423EA0141701500
B1001304207317N00149423EA0141701500
B1001314207317N00149423EA0141701500
B1001324207317N00149423EA0141601500
B1001334207317N00149423EA0141601500
B1001344207317N00149423EA0141701500
B1001354207317N00149423EA0141701500
B1001364207317N00149423EA0141701501
B1001374207317N00149423EA0141701501
B1001384207317N00149423EA0141701501
B1001394207317N00149423EA0141601501
B1001404207317N00149423EA0141601501
B1001414207317N00149423EA0141701501
B1001424207318N00149423EA0141701501
B1001434207318N00149423EA0141601501
B1001444207318N00149423EA0141601501
B1001454207318N00149423EA0141701502
B1001464207318N00149423EA0141601502
B1001474207318N00149423EA0141601502
B1001484207318N00149423EA0141601502
B1001494207318N00149423EA0141601502
B1001504207318N00149423EA0141701502
B1001514207318N00149423EA0141601502
B1001524207318N00149423EA0141601502
B1001534207318N00149422EA0141601502
B1001544207318N00149422EA0141601502
B1001554207318N00149422EA0141601502
B1001564207318N00149422EA0141601502
B1001574207318N00149422EA0141701502
B1001584207318N00149422EA0141601502
B1001594207318N00149422EA0141601502
B1002004207318N00149422EA0141701502
B1002014207318N00149422EA0141601502
B1002024207318N00149422EA0141601502
B1002034207318N00149422EA0141601502
B1002044207318N00149422EA0141701502
B1002054207318N00149422EA0141701502
B1002064207318N00149422EA0141601502
B1002074207318N00149422EA0141701502
B1002084207318N00149422EA0141701502
B1002094207318N00149422EA0141701502
B1002104207318N00149422EA0141601502
B1002114207318N00149422EA0141701502
B1002124207318N00149422EA0141701502
B1002134207318N00149422EA0141701502
B1002144207318N00149422EA0141601502
B1002154207318N00149422EA0141701502
B1002164207318N00149422EA0141601502
B1002174207318N00149422EA0141601502
B1002184207318N00149422EA0141701502
B1002194207318N00149422EA0141701502
B1002204207318N00149422EA0141701502
B1002214207318N00149422EA0141601502
B1002224207318N00149422EA0141701502
B1002234207318N00149422EA0141701502
B1002244207318N00149422EA0141701502
B1002254207318N00149422EA0141701502
B1002264207318N00149422EA0141701502
B1002274207318N00149422EA0141601502
B1002284207318N00149422EA0141701502
B1002294207318N00149422EA0141601502
B1002304207318N00149422EA0141701502
B1002314207318N00149422EA0141601502
B1002324207318N00149422EA0141601502
B1002334207318N00149422EA0141701502
B1002344207318N00149422EA0141701502
B1002354207318N00149422EA0141601502
B1002364207318N00149422EA0141701502
B1002374207318N00149422EA0141601502
B1002384207318N00149422EA0141601502
B1002394207318N00149422EA0141601502
B1002404207318N00149422EA0141601502
B1002414207318N00149422EA0141601502
B1002424207318N00149422EA0141701502
B1002434207318N00149422EA0141701501
B1002444207318N00149422EA0141601501
B1002454207318N00149422EA0141601501
B1002464207318N00149422EA0141601501
B1002474207318N00149422EA0141601501
B1002484207318N00149422EA0141701501
B1002494207318N00149422EA0141701501
B1002504207318N00149422EA0141701501
B1002514207318N00149422EA0141701501
B1002524207318N00149422EA0141701501
B1002534207318N00149422EA0141701500
B1002544207318N00149422EA0141701500
B1002554207318N00149422EA0141701500
B1002564207318N00149422EA0141701500
B1002574207318N00149422EA0141701500
B1002584207317N00149422EA0141601500
B1002594207317N00149422EA0141601500
B1003004207317N00149422EA0141701500
B1003014207317N00149422EA0141601500
B1003024207317N00149422EA0141601500
B1003034207317N00149422EA0141701500
B1003044207317N00149422EA0141601500
B1003054207317N00149422EA0141601500
B1003064207317N00149422EA0141601500
B1003074207317N00149422EA0141601499
B1003084207317N00149422EA0141601499
B1003094207317N00149422EA0141601499
B1003104207317N00149422EA0141701499
B1003114207317N00149422EA0141601499
B1003124207317N00149422EA0141701499
B1003134207317N00149422EA0141601499
B1003144207317N00149421EA0141601500
B1003154207317N00149421EA0141701500
B1003164207317N00149421EA0141601500
B1003174207317N00149421EA0141601499
B1003184207317N00149421EA0141701499
B1003194207317N00149421EA0141601499
B1003204207317N00149421EA0141701499
B1003214207318N00149421EA0141601499
B1003224207318N00149421EA0141601500
B1003234207318N00149421EA0141601500
B1003244207318N00149421EA0141701499
B1003254207318N00149421EA0141701500
B1003264207318N00149421EA0141701499
B1003274207318N00149421EA0141701499
B1003284207318N00149421EA0141701499
B1003294207318N00149421EA0141601499
B1003304207318N00149421EA0141601499
B1003314207318N00149421EA0141701499
B1003324207318N00149421EA0141701499
B1003334207318N00149421EA0141601499
B1003344207318N00149421EA0141701500
B1003354207318N00149421EA0141601500
B1003364207318N00149421EA0141701500
B1003374207318N00149421EA0141601500
B1003384207318N00149421EA0141701499
B1003394207318N00149421EA0141701500
B1003404207318N00149421EA0141701500
B1003414207318N00149421EA0141601500
B1003424207318N00149421EA0141701500
B1003434207318N00149421EA0141701500
B1003444207318N00149421EA0141701500
B1003454207318N00149421EA0141701500
B1003464207319N00149421EA0141701500
B1003474207319N00149421EA0141601500
B1003484207319N00149421EA0141701500
B1003494207319N00149421EA0141701500
B1003504207319N00149421EA0141701500
B1003514207319N00149421EA0141601500
B1003524207319N00149421EA0141701500
B1003534207319N00149421EA0141601500
B1003544207319N00149421EA0141601500
B1003554207319N00149421EA0141601500
B1003564207319N00149421EA0141601500
B1003574207319N00149421EA0141601500
B1003584207319N00149421EA0141601500
B1003594207319N00149421EA0141701500
B1004004207319N00149421EA0141601500
B1004014207319N00149421EA0141601500
B1004024207319N00149421EA0141701500
B1004034207319N00149421EA0141601500
B1004044207319N00149421EA0141601500
B1004054207319N00149421EA0141601500
B1004064207319N00149421EA0141601500
B1004074207319N00149421EA0141601500
B1004084207320N00149421EA0141701500
B1004094207320N00149421EA0141601500
B1004104207320N00149421EA0141601500
B1004114207320N00149421EA0141601500
B1004124207320N00149421EA0141601500
B1004134207320N00149421EA0141701500
B1004144207320N00149421EA0141601501
B1004154207320N00149421EA0141601501
B1004164207320N00149421EA0141601501
B1004174207320N00149421EA0141601501
B1004184207320N00149421EA0141601501
B1004194207320N00149421EA0141601501
B1004204207320N00149421EA0141601501
B1004214207320N00149421EA0141601501
B1004224207320N00149421EA0141601501
B1004234207320N00149421EA0141601501
B1004244207320N00149421EA0141601501
B1004254207320N00149421EA0141601501
B1004264207320N00149421EA0141601501
B1004274207320N00149421EA0141601501
B1004284207320N00149421EA0141601501
B1004294207320N00149421EA0141601501
B1004304207320N00149421EA0141601501
B1004314207319N00149421EA0141601501
B1004324207319N00149421EA0141601501
B1004334207320N00149421EA0141601501
B1004344207319N00149421EA0141601502
B1004354207319N00149421EA0141601502
B1004364207319N00149421EA0141601502
B1004374207319N00149421EA0141601502
B1004384207319N00149421EA0141601502
B1004394207319N00149421EA0141601502
B1004404207319N00149421EA0141601502
B1004414207319N00149421EA0141601502
B1004424207319N00149421EA0141601502
B1004434207319N00149421EA0141601503
B1004444207319N00149421EA0141601503
B1004454207319N00149421EA0141601503
B1004464207319N00149421EA0141601503
B1004474207319N00149421EA0141601503
B1004484207319N00149421EA0141601503
B1004494207319N00149421EA0141601503
B1004504207319N00149421EA0141601503
B1004514207319N00149421EA0141601503
B1004524207319N00149421EA0141601503
B1004534207319N00149421EA0141601504
B1004544207319N00149421EA0141601504
B1004554207319N00149421EA0141601504
B1004564207319N00149421EA0141701504
B1004574207319N00149421EA0141601504
B1004584207319N00149421EA0141601504
B1004594207319N00149421EA0141601504
B1005004207320N00149421EA0141601504
B1005014207320N00149421EA0141601505
B1005024207320N00149421EA0141701505
B1005034207320N00149420EA0141601505
B1005044207320N00149420EA0141601505
B1005054207320N00149420EA0141601505
B1005064207320N00149420EA0141601505
B1005074207320N00149420EA0141601505
B1005084207320N00149420EA0141601505
B1005094207320N00149420EA0141601505
B1005104207320N00149420EA0141601505
B1005114207320N00149421EA0141601505
B1005124207320N00149421EA0141601505
B1005134207320N00149421EA0141601505
B1005144207320N00149421EA0141601505
B1005154207320N00149421EA0141601505
B1005164207320N00149421EA0141601505
B1005174207320N00149421EA0141601505
B1005184207320N00149421EA0141601505
B1005194207320N00149421EA0141601505
B1005204207320N00149420EA0141601506
B1005214207320N00149420EA0141601506
B1005224207320N00149420EA0141601506
B1005234207320N00149420EA0141601506
B1005244207320N00149420EA0141601506
B1005254207320N00149420EA0141601506
B1005264207320N00149420EA0141601506
B1005274207320N00149420EA0141601506
B1005284207320N00149420EA0141601506
B1005294207320N00149420EA0141601507
B1005304207320N00149420EA0141601507
B1005314207320N00149420EA0141501507
B1005324207320N00149420EA0141601507
B1005334207320N00149420EA0141601507
B1005344207320N00149420EA0141601507
B1005354207320N00149420EA0141601507
B1005364207321N00149420EA0141601507
B1005374207321N00149420EA0141601507
B1005384207321N00149420EA0141601507
B1005394207321N00149420EA0141601507
B1005404207321N00149420EA0141501508
B1005414207321N00149420EA0141501508
B1005424207321N00149420EA0141601508
B1005434207321N00149420EA0141601508
B1005444207321N00149420EA0141601508
B1005454207321N00149420EA0141601508
B1005464207321N00149420EA0141601508
B1005474207321N00149420EA0141601508
B1005484207321N00149420EA0141601508
B1005494207321N00149420EA0141501508
B1005504207321N00149420EA0141601508
B1005514207321N00149420EA0141601508
B1005524207321N00149420EA0141601508
B1005534207321N00149420EA0141501508
B1005544207321N00149420EA0141601508
B1005554207321N00149420EA0141501508
B1005564207321N00149420EA0141601508
B1005574207321N00149420EA0141601508
B1005584207321N00149420EA0141601508
B1005594207321N00149420EA0141501508
B1006004207321N00149420EA0141601508
B1006014207321N00149420EA0141601508
B1006024207321N00149420EA0141601508
B1006034207321N00149420EA0141601508
B1006044207321N00149420EA0141501508
B1006054207320N00149420EA0141601509
B1006064207321N00149420EA0141601509
B1006074207321N00149420EA0141601509
B1006084207321N00149420EA0141601509
B1006094207321N00149420EA0141601509
B1006104207321N00149420EA0141601509
B1006114207321N00149420EA0141601509
B1006124207321N00149420EA0141601509
B1006134207321N00149420EA0141601509
B1006144207321N00149420EA0141601509
B1006154207321N00149420EA0141601509
B1006164207320N00149420EA0141501509
B1006174207320N00149419EA0141601509
B1006184207320N00149419EA0141601509
B1006194207320N00149419EA0141601509
B1006204207320N00149419EA0141601509
B1006214207320N00149419EA0141601509
B1006224207320N00149419EA0141601509
B1006234207320N00149419EA0141501509
B1006244207320N00149419EA0141501509
B1006254207320N00149419EA0141501509
B1006264207320N00149419EA0141601509
B1006274207320N00149419EA0141601509
B1006284207320N00149419EA0141601509
B1006294207321N00149419EA0141601509
B1006304207321N00149419EA0141601509
B1006314207321N00149419EA0141501509
B1006324207321N00149419EA0141601509
B1006334207320N00149419EA0141601509
B1006344207321N00149419EA0141601508
B1006354207321N00149419EA0141601508
B1006364207321N00149419EA0141601508
B1006374207321N00149419EA0141501508
B1006384207321N00149419EA0141601508
B1006394207320N00149419EA0141601508
B1006404207320N00149419EA0141601508
B1006414207320N00149419EA0141601508
B1006424207320N00149419EA0141601508
B1006434207320N00149419EA0141501508
B1006444207320N00149419EA0141601507
B1006454207320N00149419EA0141601507
B1006464207320N00149419EA0141601507
B1006474207320N00149419EA0141501507
B1006484207320N00149419EA0141501507
B1006494207320N00149419EA0141601507
B1006504207320N00149419EA0141601507
B1006514207320N00149419EA0141601507
B1006524207320N00149419EA0141601507
B1006534207320N00149419EA0141601507
B1006544207320N00149419EA0141601507
B1006554207320N00149419EA0141601507
B1006564207320N00149419EA0141601507
B1006574207320N00149419EA0141601507
B1006584207320N00149419EA0141601507
B1006594207320N00149419EA0141601507
B1007004207320N00149419EA0141601507
B1007014207320N00149419EA0141601507
B1007024207320N00149419EA0141601507
B1007034207320N00149419EA0141601507
B1007044207320N00149419EA0141601507
B1007054207319N00149420EA0141601507
B1007064207319N00149420EA0141601507
B1007074207319N00149420EA0141601507
B1007084207319N00149420EA0141601507
B1007094207319N00149420EA0141501507
B1007104207319N00149420EA0141601507
B1007114207319N00149420EA0141601507
B1007124207319N00149420EA0141601507
B1007134207319N00149420EA0141601506
B1007144207319N00149420EA0141601506
B1007154207319N00149420EA0141601506
B1007164207319N00149420EA0141601506
B1007174207319N00149420EA0141601506
B1007184207319N00149420EA0141501506
B1007194207319N00149420EA0141601506
B1007204207319N00149420EA0141501506
B1007214207319N00149420EA0141601505
B1007224207319N00149420EA0141501505
B1007234207318N00149420EA0141601505
B1007244207318N00149420EA0141601505
B1007254207318N00149421EA0141601505
B1007264207318N00149421EA0141601505
B1007274207318N00149421EA0141601505
B1007284207318N00149421EA0141501505
B1007294207318N00149421EA0141601504
B1007304207318N00149421EA0141601504
B1007314207318N00149421EA0141601504
B1007324207318N00149421EA0141601504
B1007334207318N00149421EA0141601504
B1007344207318N00149421EA0141601504
B1007354207318N00149421EA0141601504
B1007364207318N00149421EA0141601504
B1007374207318N00149421EA0141601504
B1007384207318N00149421EA0141501504
B1007394207318N00149421EA0141601504
B1007404207318N00149421EA0141601504
B1007414207317N00149421EA0141601503
B1007424207317N00149421EA0141601504
B1007434207317N00149421EA0141601504
B1007444207317N00149421EA0141601504
B1007454207317N00149421EA0141601504
B1007464207318N00149421EA0141601504
B1007474207318N00149421EA0141601504
B1007484207318N00149421EA0141501504
B1007494207318N00149421EA0141601504
B1007504207318N00149421EA0141601504
B1007514207318N00149421EA0141601504
B1007524207318N00149421EA0141601504
B1007534207318N00149421EA0141601504
B1007544207318N00149421EA0141601504
B1007554207318N00149421EA0141601504
B1007564207318N00149421EA0141601504
B1007574207318N00149421EA0141601504
B1007584207318N00149421EA0141601504
B1007594207318N00149421EA0141601504
B1008004207318N00149421EA0141601504
B1008014207318N00149421EA0141601504
B1008024207318N00149421EA0141601504
B1008034207318N00149421EA0141601504
B1008044207318N00149421EA0141601504
B1008054207318N00149421EA0141601504
B1008064207318N00149421EA0141601504
B1008074207318N00149421EA0141601504
B1008084207318N00149421EA0141601504
B1008094207318N00149421EA0141601504
B1008104207318N00149421EA0141501504
B1008114207318N00149422EA0141601504
B1008124207318N00149422EA0141601504
B1008134207318N00149421EA0141601504
B1008144207318N00149421EA0141601504
B1008154207318N00149421EA0141501505
B1008164207318N00149421EA0141601505
B1008174207318N00149421EA0141601505
B1008184207318N00149421EA0141601505
B1008194207318N00149421EA0141601505
B1008204207318N00149421EA0141601505
B1008214207318N00149421EA0141601505
B1008224207318N00149421EA0141501506
B1008234207318N00149421EA0141601506
B1008244207318N00149421EA0141601506
B1008254207318N00149421EA0141601506
B1008264207318N00149421EA0141701506
B1008274207318N00149421EA0141601506
B1008284207318N00149421EA0141601506
B1008294207318N00149421EA0141701506
B1008304207318N00149421EA0141601506
B1008314207318N00149421EA0141701506
B1008324207318N00149421EA0141601506
B1008334207318N00149421EA0141601506
B1008344207318N00149422EA0141601506
B1008354207318N00149422EA0141601505
B1008364207318N00149422EA0141701505
B1008374207318N00149422EA0141601505
B1008384207318N00149422EA0141601505
B1008394207317N00149422EA0141601505
B1008404207317N00149422EA0141601505
B1008414207317N00149422EA0141601505
B1008424207317N00149422EA0141501505
B1008434207317N00149422EA0141601505
B1008444207317N00149422EA0141701505
B1008454207317N00149422EA0141601505
B1008464207317N00149422EA0141601505
B1008474207317N00149422EA0141601505
B1008484207317N00149422EA0141601504
B1008494207317N00149422EA0141601504
B1008504207317N00149422EA0141601504
B1008514207317N00149422EA0141601504
B1008524207317N00149422EA0141601504
B1008534207317N00149422EA0141601504
B1008544207317N00149422EA0141601503
B1008554207317N00149422EA0141701503
B1008564207317N00149422EA0141601503
B1008574207316N00149422EA0141601503
B1008584207316N00149422EA0141601503
B1008594207316N00149422EA0141601503
B1009004207316N00149422EA0141601503
B1009014207316N00149422EA0141601502
B1009024207316N00149422EA0141601502
B1009034207316N00149422EA0141601502
B1009044207316N00149422EA0141601502
B1009054207316N00149422EA0141601502
B1009064207316N00149422EA0141601502
B1009074207316N00149422EA0141601502
B1009084207316N00149422EA0141501502
B1009094207316N00149422EA0141601502
B1009104207316N00149422EA0141601501
B1009114207316N00149422EA0141601501
B1009124207316N00149422EA0141601501
B1009134207316N00149422EA0141601501
B1009144207316N00149422EA0141601501
B1009154207316N00149422EA0141601501
B1009164207316N00149423EA0141601500
B1009174207316N00149423EA0141601500
B1009184207316N00149423EA0141701500
B1009194207316N00149423EA0141601500
B1009204207316N00149423EA0141701500
B1009214207316N00149423EA0141601500
B1009224207316N00149423EA0141601500
B1009234207316N00149423EA0141601500
B1009244207316N00149423EA0141601500
B1009254207316N00149423EA0141601500
B1009264207316N00149423EA0141601499
B1009274207316N00149423EA0141601499
B1009284207316N00149423EA0141601499
B1009294207316N00149423EA0141601499
B1009304207316N00149423EA0141601499
B1009314207316N00149423EA0141601499
B1009324207316N00149423EA0141701499
B1009334207316N00149423EA0141601499
B1009344207316N00149423EA0141601499
B1009354207316N00149423EA0141701499
B1009364207316N00149422EA0141601499
B1009374207316N00149422EA0141701499
B1009384207316N00149422EA0141601499
B1009394207316N00149422EA0141601498
B1009404207316N00149422EA0141601498
B1009414207317N00149422EA0141601498
B1009424207317N00149422EA0141601498
B1009434207317N00149422EA0141601498
B1009444207317N00149422EA0141601498
B1009454207317N00149422EA0141601498
B1009464207317N00149422EA0141601498
B1009474207316N00149422EA0141601498
B1009484207316N00149422EA0141601498
B1009494207316N00149422EA0141601498
B1009504207316N00149423EA0141701498
B1009514207316N00149423EA0141601498
B1009524207316N00149423EA0141601498
B1009534207316N00149423EA0141601498
B1009544207316N00149423EA0141601498
B1009554207316N00149423EA0141601498
B1009564207316N00149423EA0141701498
B1009574207316N00149423EA0141601498
B1009584207316N00149423EA0141701498
B1009594207316N00149423EA0141601499
B1010004207316N00149422EA0141701499
B1010014207317N00149422EA0141601500
B1010024207317N00149422EA0141701500
B1010034207317N00149422EA0141601500
B1010044207317N00149422EA0141601501
B1010054207317N00149422EA0141601501
B1010064207317N00149422EA0141601501
B1010074207317N00149422EA0141601501
B1010084207317N00149422EA0141701501
B1010094207317N00149422EA0141601501
B1010104207317N00149422EA0141601502
B1010114207317N00149422EA0141601502
B1010124207317N00149422EA0141701502
B1010134207317N00149422EA0141601502
B1010144207317N00149422EA0141601502
B1010154207317N00149422EA0141601503
B1010164207317N00149422EA0141601503
B1010174207317N00149422EA0141601503
B1010184207317N00149421EA0141601503
B1010194207317N00149422EA0141601503
B1010204207317N00149422EA0141601503
B1010214207317N00149422EA0141601503
B1010224207317N00149422EA0141601503
B1010234207317N00149422EA0141701503
B1010244207317N00149422EA0141701502
B1010254207317N00149422EA0141701502
B1010264207317N00149422EA0141601502
B1010274207318N00149422EA0141601502
B1010284207318N00149422EA0141601502
B1010294207318N00149422EA0141601502
B1010304207318N00149422EA0141601502
B1010314207318N00149422EA0141601502
B1010324207318N00149422EA0141701502
B1010334207318N00149421EA0141601502
B1010344207318N00149421EA0141601502
B1010354207318N00149421EA0141601502
B1010364207318N00149421EA0141601502
B1010374207318N00149421EA0141601502
B1010384207318N00149421EA0141601502
B1010394207318N00149421EA0141601502
B1010404207318N00149421EA0141501502
B1010414207318N00149421EA0141601502
B1010424207319N00149421EA0141701502
B1010434207319N00149421EA0141601502
B1010444207319N00149421EA0141601502
B1010454207319N00149421EA0141601502
B1010464207319N00149421EA0141501502
B1010474207319N00149421EA0141601502
B1010484207319N00149421EA0141601502
B1010494207319N00149421EA0141601502
B1010504207319N00149421EA0141601502
B1010514207319N00149421EA0141601502
B1010524207319N00149421EA0141601502
B1010534207319N00149421EA0141601502
B1010544207319N00149421EA0141601502
B1010554207319N00149421EA0141601502
B1010564207319N00149421EA0141601502
B1010574207319N00149421EA0141601502
B1010584207319N00149421EA0141601502
B1010594207319N00149421EA0141601502
B1011004207319N00149421EA0141601502
B1011014207319N00149421EA0141601502
B1011024207319N00149421EA0141601502
B1011034207319N00149421EA0141701502
B1011044207319N00149421EA0141601502
B1011054207319N00149421EA0141601502
B1011064207319N00149421EA0141601502
B1011074207319N00149421EA0141601502
B1011084207319N00149422EA0141601502
B1011094207319N00149422EA0141601502
B1011104207319N00149422EA0141601502
B1011114207319N00149422EA0141601502
B1011124207319N00149422EA0141601502
B1011134207319N00149422EA0141601502
B1011144207319N00149422EA0141601502
B1011154207319N00149422EA0141601502
B1011164207319N00149422EA0141601502
B1011174207319N00149422EA0141601502
B1011184207319N00149422EA0141701501
B1011194207319N00149422EA0141601501
B1011204207319N00149422EA0141601501
B1011214207319N00149422EA0141601501
B1011224207318N00149422EA0141601501
B1011234207319N00149422EA0141601501
B1011244207319N00149422EA0141601501
B1011254207318N00149423EA0141601501
B1011264207318N00149423EA0141601501
B1011274207318N00149423EA0141701501
B1011284207318N00149423EA0141701501
B1011294207318N00149423EA0141701501
B1011304207318N00149423EA0141601501
B1011314207318N00149423EA0141701501
B1011324207318N00149423EA0141601501
B1011334207318N00149423EA0141601501
B1011344207318N00149423EA0141701501
B1011354207318N00149423EA0141601501
B1011364207318N00149423EA0141601501
B1011374207318N00149423EA0141601502
B1011384207318N00149423EA0141601502
B1011394207318N00149423EA0141701502
B1011404207318N00149423EA0141601502
B1011414207318N00149423EA0141601502
B1011424207318N00149422EA0141601502
B1011434207318N00149423EA0141601502
B1011444207318N00149423EA0141601502
B1011454207318N00149423EA0141601502
B1011464207318N00149423EA0141701502
B1011474207318N00149423EA0141701502
B1011484207318N00149423EA0141601501
B1011494207318N00149423EA0141701501
B1011504207319N00149423EA0141701501
B1011514207319N00149423EA0141601501
B1011524207319N00149423EA0141601501
B1011534207319N00149423EA0141601501
B1011544207319N00149423EA0141601501
B1011554207319N00149422EA0141601501
B1011564207319N00149422EA0141601501
B1011574207319N00149422EA0141601501
B1011584207319N00149422EA0141601500
B1011594207319N00149422EA0141701500
B1012004207319N00149422EA0141601500
B1012014207319N00149422EA0141701500
B1012024207319N00149422EA0141601500
B1012034207319N00149422EA0141701500
B1012044207319N00149422EA0141601500
B1012054207319N00149422EA0141701500
B1012064207319N00149422EA0141601500
B1012074207319N00149422EA0141601500
B1012084207319N00149422EA0141701500
B1012094207319N00149422EA0141701500
B1012104207319N00149422EA0141701500
B1012114207319N00149422EA0141701499
B1012124207319N00149422EA0141601499
B1012134207319N00149422EA0141601499
B1012144207319N00149423EA0141701499
B1012154207319N00149423EA0141701499
B1012164207318N00149423EA0141601499
B1012174207318N00149423EA0141601499
B1012184207318N00149423EA0141601498
B1012194207318N00149423EA0141601498
B1012204207318N00149423EA0141601498
B1012214207318N00149423EA0141701498
B1012224207319N00149422EA0141601498
B1012234207319N00149422EA0141601498
B1012244207319N00149422EA0141601498
B1012254207319N00149422EA0141601498
B1012264207319N00149422EA0141701498
B1012274207319N00149422EA0141601498
B1012284207319N00149422EA0141701498
B1012294207319N00149422EA0141701498
B1012304207319N00149422EA0141601498
B1012314207319N00149422EA0141601498
B1012324207319N00149422EA0141601498
B1012334207319N00149422EA0141701498
B1012344207319N00149422EA0141701498
B1012354207319N00149422EA0141701498
B1012364207319N00149422EA0141701498
B1012374207319N00149423EA0141701498
B1012384207319N00149423EA0141701498
B1012394207319N00149423EA0141601498
B1012404207319N00149423EA0141701498
B1012414207319N00149423EA0141601498
B1012424207319N00149423EA0141601498
B1012434207319N00149423EA0141701498
B1012444207319N00149423EA0141701499
B1012454207319N00149423EA0141601499
B1012464207319N00149423EA0141601499
B1012474207319N00149423EA0141601499
B1012484207319N00149423EA0141701499
B1012494207319N00149423EA0141601499
B1012504207319N00149423EA0141701499
B1012514207319N00149423EA0141601499
B1012524207319N00149423EA0141601500
B1012534207319N00149423EA0141601500
B1012544207319N00149423EA0141601500
B1012554207319N00149423EA0141701500
B1012564207319N00149423EA0141601500
B1012574207319N00149423EA0141601500
B1012584207319N00149423EA0141601500
B1012594207319N00149423EA0141701501
B1013004207319N00149423EA0141601501
B1013014207319N00149423EA0141701501
B1013024207319N00149423EA0141701501
B1013034207319N00149423EA0141601501
B1013044207319N00149423EA0141601501
B1013054207319N00149423EA0141601501
B1013064207319N00149423EA0141601501
B1013074207319N00149423EA0141601501
B1013084207319N00149423EA0141701502
B1013094207319N00149423EA0141601502
B1013104207319N00149423EA0141601502
B1013114207319N00149423EA0141601502
B1013124207319N00149423EA0141601502
B1013134207319N00149423EA0141601502
B1013144207319N00149423EA0141601502
B1013154207319N00149423EA0141601502
B1013164207319N00149423EA0141601502
B1013174207319N00149423EA0141601502
B1013184207319N00149423EA0141701502
B1013194207319N00149423EA0141701503
B1013204207319N00149423EA0141701503
B1013214207319N00149423EA0141701503
B1013224207319N00149423EA0141701503
B1013234207319N00149423EA0141601503
B1013244207319N00149423EA0141601503
B1013254207319N00149423EA0141601503
B1013264207319N00149423EA0141701503
B1013274207319N00149423EA0141701503
B1013284207319N00149423EA0141701503
B1013294207319N00149422EA0141601503
B1013304207319N00149422EA0141601504
B1013314207319N00149422EA0141701504
B1013324207319N00149422EA0141601504
B1013334207319N00149422EA0141701504
B1013344207320N00149422EA0141601505
B1013354207320N00149422EA0141601505
B1013364207320N00149422EA0141601505
B1013374207320N00149422EA0141601505
B1013384207320N00149422EA0141601505
B1013394207320N00149422EA0141601505
B1013404207320N00149422EA0141601505
B1013414207320N00149422EA0141601505
B1013424207320N00149422EA0141601505
B1013434207320N00149422EA0141601506
B1013444207320N00149422EA0141701506
B1013454207320N00149422EA0141601506
B1013464207320N00149422EA0141601506
B1013474207320N00149422EA0141601506
B1013484207320N00149422EA0141601506
B1013494207320N00149422EA0141601506
B1013504207320N00149422EA0141601506
B1013514207320N00149422EA0141601506
B1013524207320N00149422EA0141701506
B1013534207320N00149422EA0141601506
B1013544207320N00149422EA0141601506
B1013554207320N00149422EA0141601506
B1013564207320N00149422EA0141601506
B1013574207320N00149422EA0141601506
B1013584207320N00149422EA0141601506
B1013594207320N00149422EA0141601506
B1014004207320N00149422EA0141601506
B1014014207320N00149422EA0141701507
B1014024207320N00149422EA0141701506
B1014034207320N00149421EA0141601506
B1014044207320N00149421EA0141601507
B1014054207320N00149421EA0141601507
B1014064207320N00149421EA0141601507
B1014074207320N00149421EA0141701507
B1014084207320N00149421EA0141701507
B1014094207320N00149421EA0141601507
B1014104207320N00149421EA0141701507
B1014114207320N00149421EA0141701507
B1014124207320N00149421EA0141601507
B1014134207320N00149421EA0141601507
B1014144207320N00149421EA0141601506
B1014154207320N00149421EA0141701506
B1014164207320N00149421EA0141701506
B1014174207320N00149421EA0141601506
B1014184207320N00149421EA0141601506
B1014194207320N00149421EA0141601506
B1014204207320N00149421EA0141701506
B1014214207320N00149421EA0141701506
B1014224207320N00149421EA0141601506
B1014234207320N00149421EA0141601506
B1014244207319N00149422EA0141601505
B1014254207319N00149422EA0141601505
B1014264207319N00149422EA0141601505
B1014274207319N00149422EA0141601505
B1014284207319N00149422EA0141701505
B1014294207319N00149422EA0141601505
B1014304207319N00149422EA0141601505
B1014314207319N00149422EA0141701505
B1014324207319N00149422EA0141601505
B1014334207319N00149422EA0141601505
B1014344207319N00149422EA0141601505
B1014354207319N00149422EA0141601505
B1014364207319N00149422EA0141601504
B1014374207319N00149422EA0141601504
B1014384207319N00149422EA0141601504
B1014394207319N00149422EA0141601504
B1014404207319N00149422EA0141701504
B1014414207319N00149422EA0141601504
B1014424207319N00149422EA0141601504
B1014434207319N00149422EA0141601504
B1014444207319N00149422EA0141701504
B1014454207319N00149422EA0141601504
B1014464207319N00149422EA0141601504
B1014474207319N00149422EA0141601504
B1014484207319N00149422EA0141601504
B1014494207319N00149422EA0141601504
B1014504207319N00149422EA0141601504
B1014514207319N00149422EA0141601504
B1014524207319N00149422EA0141601504
B1014534207319N00149422EA0141601504
B1014544207319N00149422EA0141601504
B1014554207319N00149422EA0141601504
B1014564207319N00149422EA0141601504
B1014574207319N00149422EA0141601504
B1014584207319N00149422EA0141601504
B1014594207319N00149422EA0141601504
B1015004207319N00149422EA0141601504
B1015014207319N00149422EA0141601504
B1015024207319N00149422EA0141601504
B1015034207319N00149422EA0141601504
B1015044207319N00149422EA0141601504
B1015054207320N00149422EA0141601504
B1015064207320N00149422EA0141701504
B1015074207320N00149422EA0141601504
B1015084207320N00149422EA0141601505
B1015094207320N00149422EA0141701505
B1015104207320N00149422EA0141601505
B1015114207320N00149422EA0141701505
B1015124207320N00149422EA0141601505
B1015134207320N00149422EA0141601505
B1015144207320N00149422EA0141601505
B1015154207319N00149422EA0141601505
B1015164207319N00149422EA0141601505
B1015174207319N00149422EA0141601504
B1015184207319N00149422EA0141601504
B1015194207319N00149422EA0141601504
B1015204207319N00149422EA0141601504
B1015214207319N00149422EA0141601504
B1015224207319N00149422EA0141701504
B1015234207319N00149421EA0141601504
B1015244207319N00149421EA0141601504
B1015254207319N00149421EA0141701504
B1015264207319N00149421EA0141601504
B1015274207319N00149421EA0141701504
B1015284207319N00149421EA0141701504
B1015294207319N00149421EA0141701504
B1015304207319N00149421EA0141601504
B1015314207319N00149421EA0141601504
B1015324207319N00149421EA0141701504
B1015334207319N00149421EA0141601504
B1015344207319N00149421EA0141601504
B1015354207319N00149421EA0141601504
B1015364207319N00149421EA0141601504
B1015374207319N00149421EA0141601504
B1015384207319N00149422EA0141701504
B1015394207319N00149422EA0141601504
B1015404207319N00149422EA0141601504
B1015414207319N00149422EA0141601503
B1015424207319N00149422EA0141601503
B1015434207319N00149422EA0141601503
B1015444207319N00149422EA0141601503
B1015454207319N00149422EA0141601503
B1015464207319N00149422EA0141601503
B1015474207319N00149422EA0141601503
B1015484207319N00149422EA0141601503
B1015494207319N00149422EA0141601503
B1015504207319N00149422EA0141601503
B1015514207319N00149422EA0141601503
B1015524207319N00149422EA0141601503
B1015534207318N00149422EA0141601503
B1015544207318N00149422EA0141601503
B1015554207318N00149422EA0141601502
B1015564207318N00149422EA0141601502
B1015574207318N00149422EA0141601502
B1015584207318N00149422EA0141601502
B1015594207318N00149422EA0141601502
B1016004207318N00149422EA0141601502
B1016014207318N00149422EA0141601502
B1016024207318N00149422EA0141601503
B1016034207318N00149422EA0141601503
B1016044207318N00149422EA0141601503
B1016054207318N00149423EA0141601503
B1016064207318N00149423EA0141601502
B1016074207318N00149423EA0141601502
B1016084207318N00149423EA0141601503
B1016094207318N00149423EA0141601502
B1016104207318N00149423EA0141601502
B1016114207318N00149423EA0141601503
B1016124207318N00149423EA0141601502
B1016134207318N00149423EA0141601502
B1016144207318N00149423EA0141601502
B1016154207318N00149423EA0141601502
B1016164207318N00149423EA0141601503
B1016174207318N00149423EA0141601503
B1016184207318N00149422EA0141601503
B1016194207318N00149422EA0141601503
B1016204207318N00149422EA0141601503
B1016214207318N00149422EA0141601503
B1016224207318N00149422EA0141601503
B1016234207318N00149422EA0141601503
B1016244207318N00149422EA0141601503
B1016254207318N00149422EA0141601503
B1016264207318N00149422EA0141601503
B1016274207318N00149422EA0141601503
B1016284207318N00149422EA0141601503
B1016294207318N00149422EA0141601503
B1016304207318N00149422EA0141601503
B1016314207318N00149422EA0141601503
B1016324207318N00149422EA0141601504
B1016334207318N00149422EA0141601504
B1016344207318N00149422EA0141701504
B1016354207318N00149422EA0141601504
B1016364207318N00149422EA0141601504
B1016374207318N00149422EA0141601504
B1016384207318N00149422EA0141701504
B1016394207319N00149422EA0141601504
B1016404207319N00149422EA0141601504
B1016414207319N00149422EA0141601504
B1016424207318N00149422EA0141501504
B1016434207318N00149422EA0141601503
B1016444207318N00149422EA0141601503
B1016454207318N00149422EA0141601503
B1016464207318N00149422EA0141601503
B1016474207318N00149422EA0141601503
B1016484207318N00149422EA0141601502
B1016494207318N00149422EA0141701502
B1016504207318N00149422EA0141601502
B1016514207318N00149422EA0141601502
B1016524207318N00149422EA0141601502
B1016534207318N00149422EA0141701502
B1016544207318N00149422EA0141601502
B1016554207318N00149422EA0141601502
B1016564207318N00149422EA0141601502
B1016574207318N00149422EA0141601502
B1016584207318N00149422EA0141601502
B1016594207318N00149422EA0141601502
B1017004207318N00149422EA0141601501
B1017014207318N00149422EA0141601501
B1017024207318N00149422EA0141701501
B1017034207318N00149422EA0141601501
B1017044207318N00149422EA0141601501
B1017054207318N00149422EA0141601501
B1017064207318N00149422EA0141601501
B1017074207318N00149422EA0141601501
B1017084207318N00149422EA0141601501
B1017094207318N00149422EA0141601501
B1017104207318N00149422EA0141701501
B1017114207318N00149422EA0141601501
B1017124207318N00149422EA0141601501
B1017134207318N00149422EA0141601501
B1017144207318N00149422EA0141601501
B1017154207318N00149422EA0141601501
B1017164207318N00149422EA0141601501
B1017174207318N00149422EA0141701501
B1017184207318N00149422EA0141701501
B1017194207318N00149422EA0141701501
B1017204207318N00149422EA0141601501
B1017214207318N00149422EA0141701501
B1017224207318N00149422EA0141701501
B1017234207318N00149422EA0141701501
B1017244207318N00149422EA0141601501
B1017254207318N00149422EA0141601501
B1017264207318N00149422EA0141601500
B1017274207318N00149422EA0141701500
B1017284207318N00149422EA0141601500
B1017294207318N00149422EA0141701500
B1017304207318N00149422EA0141601500
B1017314207318N00149422EA0141601500
B1017324207318N00149422EA0141601500
B1017334207318N00149422EA0141601500
B1017344207318N00149422EA0141601499
B1017354207318N00149422EA0141601499
B1017364207317N00149422EA0141601499
B1017374207317N00149422EA0141601499
B1017384207317N00149422EA0141701499
B1017394207317N00149423EA0141601499
B1017404207317N00149423EA0141601499
B1017414207317N00149423EA0141601499
B1017424207317N00149423EA0141601499
B1017434207317N00149423EA0141601499
B1017444207317N00149423EA0141701499
B1017454207317N00149423EA0141601499
B1017464207317N00149423EA0141601499
B1017474207317N00149423EA0141601499
B1017484207317N00149423EA0141601499
B1017494207317N00149423EA0141701499
B1017504207317N00149423EA0141601499
B1017514207317N00149423EA0141601499
B1017524207317N00149423EA0141601499
B1017534207317N00149423EA0141601499
B1017544207317N00149423EA0141601499
B1017554207317N00149423EA0141601499
B1017564207317N00149423EA0141601499
B1017574207317N00149423EA0141501499
B1017584207317N00149423EA0141601499
B1017594207317N00149423EA0141601499
B1018004207317N00149423EA0141701499
B1018014207317N00149423EA0141701499
B1018024207317N00149423EA0141701499
B1018034207317N00149423EA0141601499
B1018044207317N00149423EA0141601499
B1018054207317N00149423EA0141601499
B1018064207317N00149423EA0141601499
B1018074207317N00149422EA0141601499
B1018084207317N00149422EA0141601499
B1018094207317N00149422EA0141601499
B1018104207317N00149422EA0141701499
B1018114207317N00149422EA0141601499
B1018124207317N00149422EA0141601499
B1018134207317N00149422EA0141601499
B1018144207317N00149422EA0141601499
B1018154207317N00149422EA0141701499
B1018164207317N00149422EA0141601499
B1018174207317N00149422EA0141601499
B1018184207317N00149422EA0141701499
B1018194207317N00149422EA0141601499
B1018204207317N00149422EA0141601499
B1018214207317N00149422EA0141601499
B1018224207317N00149423EA0141601500
B1018234207317N00149423EA0141601500
B1018244207317N00149423EA0141601500
B1018254207317N00149423EA0141601500
B1018264207317N00149423EA0141601499
B1018274207317N00149423EA0141601499
B1018284207317N00149423EA0141601499
B1018294207317N00149423EA0141601499
B1018304207317N00149423EA0141601499
B1018314207317N00149423EA0141601499
B1018324207317N00149423EA0141601499
B1018334207317N00149423EA0141701499
B1018344207317N00149423EA0141601499
B1018354207317N00149423EA0141601499
B1018364207317N00149423EA0141601499
B1018374207317N00149423EA0141601499
B1018384207317N00149423EA0141701499
B1018394207317N00149423EA0141601499
B1018404207317N00149423EA0141601499
B1018414207317N00149422EA0141501499
B1018424207317N00149422EA0141601499
B1018434207317N00149422EA0141601499
B1018444207317N00149422EA0141601499
B1018454207317N00149422EA0141601499
B1018464207317N00149422EA0141601499
B1018474207317N00149422EA0141601499
B1018484207317N00149422EA0141601499
B1018494207317N00149422EA0141601500
B1018504207317N00149422EA0141501500
B1018514207317N00149422EA0141601500
B1018524207317N00149422EA0141601500
B1018534207317N00149422EA0141601500
B1018544207317N00149422EA0141601500
B1018554207317N00149422EA0141601500
B1018564207317N00149422EA0141601500
B1018574207317N00149422EA0141601500
B1018584207317N00149422EA0141501500
B1018594207317N00149422EA0141601500
B1019004207317N00149422EA0141601500
B1019014207317N00149422EA0141601500
B1019024207317N00149422EA0141501500
B1019034207317N00149422EA0141601500
B1019044207317N00149422EA0141601500
B1019054207317N00149422EA0141601500
B1019064207317N00149422EA0141601500
B1019074207317N00149422EA0141601500
B1019084207317N00149422EA0141601500
B1019094207317N00149422EA0141601500
B1019104207317N00149422EA0141501500
B1019114207317N00149422EA0141601500
B1019124207317N00149422EA0141601500
B1019134207317N00149422EA0141601500
B1019144207317N00149422EA0141601500
B1019154207317N00149422EA0141601500
B1019164207317N00149422EA0141601499
B1019174207317N00149422EA0141601499
B1019184207317N00149422EA0141601499
B1019194207317N00149422EA0141601499
B1019204207317N00149422EA0141601499
B1019214207317N00149422EA0141601499
B1019224207317N00149422EA0141601499
B1019234207317N00149422EA0141501499
B1019244207317N00149422EA0141601499
B1019254207317N00149422EA0141601499
B1019264207317N00149422EA0141601499
B1019274207317N00149422EA0141601499
B1019284207317N00149422EA0141601499
B1019294207317N00149423EA0141501499
B1019304207317N00149423EA0141601499
B1019314207317N00149423EA0141601499
B1019324207317N00149423EA0141601499
B1019334207317N00149423EA0141601499
B1019344207317N00149423EA0141601499
B1019354207317N00149423EA0141601499
B1019364207317N00149423EA0141601499
B1019374207317N00149423EA0141601499
B1019384207317N00149423EA0141601499
B1019394207317N00149423EA0141601499
B1019404207317N00149423EA0141601499
B1019414207317N00149423EA0141601499
B1019424207317N00149423EA0141601499
B1019434207317N00149423EA0141601499
B1019444207317N00149423EA0141601499
B1019454207317N00149423EA0141601499
B1019464207316N00149423EA0141601499
B1019474207316N00149423EA0141601499
B1019484207316N00149423EA0141601499
B1019494207316N00149423EA0141601499
B1019504207316N00149423EA0141601499
B1019514207316N00149423EA0141601499
B1019524207316N00149423EA0141601499
B1019534207316N00149423EA0141601499
B1019544207316N00149423EA0141701499
B1019554207316N00149423EA0141601499
B1019564207316N00149423EA0141601499
B1019574207316N00149423EA0141601499
B1019584207316N00149423EA0141701499
B1019594207316N00149423EA0141601499
B1020004207316N00149423EA0141601499
B1020014207316N00149423EA0141601499
B1020024207316N00149423EA0141601499
B1020034207316N00149423EA0141601499
B1020044207316N00149423EA0141601499
B1020054207316N00149423EA0141701499
B1020064207317N00149423EA0141601499
B1020074207317N00149423EA0141701499
B1020084207317N00149423EA0141601499
B1020094207317N00149423EA0141601499
B1020104207317N00149423EA0141601499
B1020114207317N00149423EA0141601499
B1020124207317N00149423EA0141701499
B1020134207317N00149423EA0141601499
B1020144207317N00149423EA0141601499
B1020154207317N00149423EA0141601499
B1020164207317N00149423EA0141601499
B1020174207317N00149423EA0141701499
B1020184207317N00149423EA0141601499
B1020194207317N00149423EA0141601499
B1020204207317N00149423EA0141601499
B1020214207317N00149423EA0141601499
B1020224207317N00149423EA0141601499
B1020234207317N00149423EA0141601499
B1020244207317N00149423EA0141601499
B1020254207317N00149423EA0141601499
B1020264207317N00149423EA0141701499
B1020274207317N00149423EA0141601500
B1020284207317N00149423EA0141601500
B1020294207317N00149423EA0141601500
B1020304207317N00149423EA0141601500
B1020314207317N00149423EA0141701500
B1020324207317N00149423EA0141601500
B1020334207317N00149423EA0141601500
B1020344207317N00149423EA0141601500
B1020354207317N00149424EA0141601500
B1020364207317N00149424EA0141601501
B1020374207317N00149424EA0141601501
B1020384207317N00149424EA0141601501
B1020394207317N00149424EA0141601501
B1020404207317N00149424EA0141601501
B1020414207317N00149424EA0141601501
B1020424207317N00149424EA0141601501
B1020434207317N00149424EA0141601501
B1020444207317N00149424EA0141601501
B1020454207317N00149424EA0141601501
B1020464207317N00149424EA0141601501
B1020474207317N00149424EA0141601501
B1020484207317N00149424EA0141601501
B1020494207317N00149423EA0141601501
B1020504207317N00149423EA0141601501
B1020514207317N00149423EA0141601501
B1020524207317N00149423EA0141601501
B1020534207317N00149423EA0141601501
B1020544207317N00149423EA0141601501
B1020554207317N00149423EA0141601501
B1020564207317N00149423EA0141601501
B1020574207317N00149423EA0141601501
B1020584207317N00149423EA0141701501
B1020594207317N00149423EA0141601501
B1021004207317N00149423EA0141601501
B1021014207317N00149423EA0141601501
B1021024207317N00149423EA0141601501
B1021034207317N00149423EA0141601501
B1021044207317N00149423EA0141601501
B1021054207317N00149423EA0141601501
B1021064207317N00149423EA0141601501
B1021074207317N00149423EA0141601501
B1021084207317N00149423EA0141601501
B1021094207317N00149423EA0141601500
B1021104207317N00149423EA0141601500
B1021114207317N00149423EA0141601500
B1021124207317N00149423EA0141601500
B1021134207317N00149423EA0141601500
B1021144207317N00149423EA0141601500
B1021154207317N00149423EA0141601500
B1021164207317N00149423EA0141601500
B1021174207317N00149423EA0141601500
B1021184207317N00149423EA0141601500
B1021194207317N00149423EA0141601500
B1021204207317N00149423EA0141601500
B1021214207317N00149423EA0141601500
B1021224207317N00149423EA0141601500
B1021234207317N00149423EA0141601500
B1021244207317N00149423EA0141601500
B1021254207317N00149423EA0141601500
B1021264207317N00149423EA0141601499
B1021274207317N00149423EA0141601499
B1021284207317N00149424EA0141601499
B1021294207317N00149424EA0141601499
B1021304207317N00149424EA0141601499
B1021314207317N00149424EA0141601499
B1021324207317N00149424EA0141601499
B1021334207317N00149424EA0141601499
B1021344207317N00149424EA0141701499
B1021354207317N00149424EA0141601499
B1021364207317N00149423EA0141601499
B1021374207317N00149423EA0141601499
B1021384207317N00149423EA0141601499
B1021394207317N00149423EA0141601499
B1021404207317N00149423EA0141601499
B1021414207317N00149423EA0141601500
B1021424207317N00149423EA0141601500
B1021434207317N00149423EA0141601500
B1021444207317N00149424EA0141601500
B1021454207317N00149423EA0141601500
B1021464207317N00149423EA0141601500
B1021474207317N00149423EA0141701499
B1021484207317N00149423EA0141601499
B1021494207317N00149423EA0141701499
B1021504207317N00149423EA0141601500
B1021514207317N00149423EA0141601500
B1021524207317N00149423EA0141601500
B1021534207317N00149423EA0141601500
B1021544207317N00149423EA0141601500
B1021554207317N00149423EA0141601500
B1021564207317N00149423EA0141601500
B1021574207317N00149423EA0141601500
B1021584207317N00149423EA0141601500
B1021594207317N00149423EA0141601500
B1022004207317N00149423EA0141601500
B1022014207317N00149423EA0141601501
B1022024207317N00149423EA0141601501
B1022034207317N00149423EA0141601501
B1022044207317N00149423EA0141701501
B1022054207317N00149423EA0141601501
B1022064207317N00149423EA0141601501
B1022074207317N00149423EA0141501501
B1022084207317N00149423EA0141601501
B1022094207317N00149423EA0141601501
B1022104207317N00149423EA0141601501
B1022114207317N00149423EA0141601501
B1022124207317N00149423EA0141601501
B1022134207317N00149423EA0141601501
B1022144207317N00149424EA0141701501
B1022154207317N00149424EA0141601501
B1022164207317N00149424EA0141601501
B1022174207317N00149424EA0141601501
B1022184207317N00149424EA0141601501
B1022194207317N00149424EA0141601501
B1022204207317N00149424EA0141601501
B1022214207317N00149424EA0141601501
B1022224207317N00149424EA0141601501
B1022234207317N00149424EA0141601501
B1022244207317N00149424EA0141701501
B1022254207317N00149424EA0141601500
B1022264207317N00149424EA0141701500
B1022274207317N00149424EA0141601500
B1022284207317N00149424EA0141601500
B1022294207317N00149424EA0141601500
B1022304207317N00149424EA0141701500
B1022314207317N00149424EA0141601500
B1022324207317N00149424EA0141601500
B1022334207317N00149424EA0141601500
B1022344207317N00149424EA0141601500
B1022354207317N00149424EA0141601501
B1022364207317N00149424EA0141601501
B1022374207317N00149424EA0141601501
B1022384207317N00149424EA0141601500
B1022394207317N00149424EA0141601500
B1022404207317N00149424EA0141501500
B1022414207317N00149424EA0141601500
B1022424207317N00149424EA0141601500
B1022434207317N00149424EA0141601500
B1022444207317N00149424EA0141601500
B1022454207317N00149424EA0141601500
B1022464207317N00149424EA0141601500
B1022474207317N00149424EA0141601500
B1022484207317N00149424EA0141701500
B1022494207317N00149423EA0141601500
B1022504207317N00149423EA0141601500
B1022514207317N00149423EA0141701500
B1022524207317N00149423EA0141701499
B1022534207317N00149423EA0141601499
B1022544207317N00149423EA0141701499
B1022554207317N00149423EA0141601499
B1022564207317N00149423EA0141601499
B1022574207317N00149423EA0141601499
B1022584207317N00149423EA0141601499
B1022594207317N00149423EA0141601499
B1023004207317N00149423EA0141601499
B1023014207317N00149423EA0141601499
B1023024207317N00149423EA0141601499
B1023034207317N00149423EA0141601499
B1023044207317N00149423EA0141601499
B1023054207317N00149423EA0141601499
B1023064207317N00149423EA0141601499
B1023074207317N00149423EA0141601499
B1023084207317N00149423EA0141601499
B1023094207317N00149423EA0141601499
B1023104207317N00149423EA0141601499
B1023114207317N00149423EA0141601499
B1023124207317N00149423EA0141601499
B1023134207317N00149423EA0141601498
B1023144207317N00149422EA0141701498
B1023154207317N00149422EA0141601498
B1023164207317N00149422EA0141601498
B1023174207317N00149422EA0141601498
B1023184207317N00149422EA0141601498
B1023194207317N00149422EA0141601498
B1023204207316N00149422EA0141601498
B1023214207316N00149422EA0141601498
B1023224207316N00149422EA0141601498
B1023234207316N00149422EA0141601498
B1023244207316N00149422EA0141601498
B1023254207316N00149422EA0141601499
B1023264207317N00149422EA0141701499
B1023274207317N00149422EA0141601498
B1023284207317N00149422EA0141601498
B1023294207317N00149422EA0141601498
B1023304207317N00149422EA0141701498
B1023314207317N00149422EA0141601498
B1023324207317N00149422EA0141601498
B1023334207317N00149422EA0141601498
B1023344207317N00149422EA0141601498
B1023354207317N00149423EA0141701498
B1023364207317N00149423EA0141601498
B1023374207317N00149423EA0141601498
B1023384207317N00149423EA0141701498
B1023394207317N00149423EA0141701498
B1023404207317N00149423EA0141601498
B1023414207317N00149423EA0141601498
B1023424207317N00149423EA0141601497
B1023434207316N00149423EA0141601497
B1023444207316N00149423EA0141601497
B1023454207316N00149423EA0141701497
B1023464207316N00149423EA0141601497
B1023474207316N00149423EA0141601497
B1023484207316N00149423EA0141601497
B1023494207316N00149423EA0141601497
B1023504207316N00149423EA0141601497
B1023514207316N00149423EA0141601497
B1023524207316N00149423EA0141601497
B1023534207316N00149423EA0141601497
B1023544207316N00149423EA0141601496
B1023554207316N00149423EA0141601496
B1023564207316N00149423EA0141601496
B1023574207316N00149423EA0141601496
B1023584207316N00149423EA0141601496
B1023594207316N00149423EA0141601496
B1024004207316N00149423EA0141601496
B1024014207316N00149423EA0141701496
B1024024207316N00149423EA0141601496
B1024034207316N00149423EA0141601496
B1024044207316N00149423EA0141601496
B1024054207316N00149423EA0141601496
B1024064207316N00149423EA0141601496
B1024074207316N00149423EA0141601496
B1024084207316N00149423EA0141601496
B1024094207316N00149423EA0141601496
B1024104207316N00149423EA0141601496
B1024114207316N00149423EA0141601496
B1024124207316N00149423EA0141601496
B1024134207317N00149423EA0141601496
B1024144207317N00149423EA0141601496
B1024154207317N00149423EA0141601496
B1024164207317N00149423EA0141601496
B1024174207317N00149423EA0141601496
B1024184207317N00149423EA0141701496
B1024194207317N00149423EA0141601496
B1024204207317N00149423EA0141601496
B1024214207317N00149423EA0141601496
B1024224207317N00149423EA0141601496
B1024234207317N00149423EA0141601496
B1024244207317N00149423EA0141601495
B1024254207317N00149424EA0141501495
B1024264207317N00149424EA0141601496
B1024274207317N00149424EA0141601496
B1024284207317N00149424EA0141601496
B1024294207317N00149424EA0141601496
B1024304207317N00149424EA0141601496
B1024314207317N00149424EA0141601496
B1024324207317N00149424EA0141601496
B1024334207317N00149424EA0141701496
B1024344207317N00149424EA0141601496
B1024354207317N00149424EA0141601496
B1024364207317N00149424EA0141601496
B1024374207317N00149424EA0141601496
B1024384207317N00149424EA0141601496
B1024394207317N00149424EA0141601496
B1024404207317N00149424EA0141601496
B1024414207317N00149424EA0141601496
B1024424207317N00149424EA0141701496
B1024434207317N00149424EA0141601496
B1024444207317N00149424EA0141601496
B1024454207317N00149424EA0141601496
B1024464207317N00149424EA0141601496
B1024474207317N00149424EA0141601496
B1024484207317N00149424EA0141601496
B1024494207317N00149424EA0141601496
B1024504207317N00149424EA0141601497
B1024514207317N00149424EA0141601497
B1024524207317N00149424EA0141601497
B1024534207317N00149424EA0141601497
B1024544207317N00149424EA0141601497
B1024554207317N00149424EA0141701497
B1024564207317N00149424EA0141601497
B1024574207317N00149424EA0141601497
B1024584207317N00149424EA0141601497
B1024594207316N00149424EA0141601497
B1025004207316N00149424EA0141601497
B1025014207316N00149424EA0141601497
B1025024207316N00149424EA0141601497
B1025034207316N00149424EA0141601497
B1025044207316N00149424EA0141601497
B1025054207316N00149424EA0141601497
B1025064207316N00149424EA0141601497
B1025074207316N00149424EA0141601497
B1025084207316N00149424EA0141601497
B1025094207316N00149424EA0141601497
B1025104207316N00149424EA0141601497
B1025114207316N00149424EA0141601497
B1025124207316N00149424EA0141601496
B1025134207316N00149424EA0141601496
B1025144207316N00149424EA0141601496
B1025154207316N00149424EA0141601496
B1025164207316N00149424EA0141601496
B1025174207316N00149424EA0141601496
B1025184207316N00149424EA0141601496
B1025194207316N00149424EA0141601496
B1025204207316N00149424EA0141601496
B1025214207316N00149424EA0141701496
B1025224207316N00149424EA0141601496
B1025234207316N00149424EA0141601496
B1025244207316N00149424EA0141601496
B1025254207316N00149424EA0141601496
B1025264207316N00149424EA0141601496
B1025274207316N00149424EA0141601496
B1025284207316N00149424EA0141601496
B1025294207316N00149424EA0141601496
B1025304207316N00149424EA0141601496
B1025314207316N00149424EA0141601496
B1025324207316N00149424EA0141601496
B1025334207316N00149424EA0141601496
B1025344207316N00149424EA0141601496
B1025354207316N00149424EA0141601496
B1025364207316N00149424EA0141601496
B1025374207316N00149424EA0141601496
B1025384207316N00149424EA0141601496
B1025394207316N00149424EA0141601496
B1025404207316N00149424EA0141601496
B1025414207316N00149424EA0141601496
B1025424207316N00149424EA0141601496
B1025434207316N00149424EA0141601496
B1025444207316N00149424EA0141601496
B1025454207316N00149424EA0141601496
B1025464207316N00149424EA0141701496
B1025474207316N00149424EA0141501496
B1025484207316N00149424EA0141501496
B1025494207316N00149424EA0141601496
B1025504207316N00149424EA0141601496
B1025514207316N00149424EA0141601496
B1025524207316N00149424EA0141701496
B1025534207316N00149424EA0141601496
B1025544207316N00149424EA0141601496
B1025554207316N00149424EA0141601496
B1025564207315N00149424EA0141601496
B1025574207315N00149424EA0141601496
B1025584207315N00149424EA0141601496
B1025594207315N00149424EA0141601496
B1026004207315N00149424EA0141601496
B1026014207315N00149424EA0141601496
B1026024207315N00149424EA0141601496
B1026034207315N00149424EA0141601496
B1026044207315N00149424EA0141601496
B1026054207315N00149424EA0141601495
B1026064207315N00149424EA0141601495
B1026074207315N00149424EA0141601495
B1026084207315N00149424EA0141601495
B1026094207315N00149424EA0141601495
B1026104207315N00149424EA0141601495
B1026114207315N00149424EA0141601495
B1026124207315N00149424EA0141601495
B1026134207315N00149424EA0141601495
B1026144207315N00149424EA0141601495
B1026154207315N00149424EA0141601496
B1026164207315N00149424EA0141601496
B1026174207315N00149424EA0141601496
B1026184207315N00149424EA0141601496
B1026194207315N00149424EA0141601496
B1026204207315N00149424EA0141601496
B1026214207315N00149424EA0141601496
B1026224207315N00149424EA0141601495
B1026234207314N00149424EA0141601495
B1026244207314N00149424EA0141601495
B1026254207314N00149424EA0141601495
B1026264207314N00149424EA0141601495
B1026274207314N00149424EA0141601495
B1026284207314N00149424EA0141601495
B1026294207314N00149424EA0141601495
B1026304207314N00149424EA0141601495
B1026314207314N00149424EA0141601495
B1026324207314N00149424EA0141601495
B1026334207314N00149424EA0141601495
B1026344207314N00149424EA0141601495
B1026354207314N00149424EA0141601495
B1026364207314N00149424EA0141601495
B1026374207314N00149424EA0141601495
B1026384207314N00149424EA0141601495
B1026394207314N00149424EA0141601495
B1026404207314N00149424EA0141601495
B1026414207314N00149424EA0141601495
B1026424207314N00149424EA0141601495
B1026434207314N00149424EA0141601495
B1026444207314N00149424EA0141601495
B1026454207314N00149424EA0141601495
B1026464207314N00149424EA0141601495
B1026474207314N00149424EA0141701495
B1026484207314N00149424EA0141601496
B1026494207314N00149424EA0141601496
B1026504207314N00149424EA0141601496
B1026514207314N00149424EA0141601496
B1026524207314N00149424EA0141501496
B1026534207314N00149424EA0141601496
B1026544207314N00149424EA0141601496
B1026554207314N00149424EA0141601496
B1026564207314N00149424EA0141601496
B1026574207314N00149424EA0141601496
B1026584207315N00149424EA0141601496
B1026594207315N00149424EA0141701496
B1027004207315N00149424EA0141601496
B1027014207315N00149424EA0141601496
B1027024207315N00149424EA0141601496
B1027034207315N00149424EA0141601496
B1027044207315N00149424EA0141601496
B1027054207315N00149424EA0141601496
B1027064207315N00149424EA0141601496
B1027074207315N00149424EA0141601496
B1027084207315N00149424EA0141601496
B1027094207315N00149424EA0141601496
B1027104207315N00149424EA0141601496
B1027114207315N00149424EA0141601496
B1027124207315N00149424EA0141601496
B1027134207315N00149424EA0141601496
B1027144207315N00149424EA0141601496
B1027154207315N00149424EA0141601496
B1027164207315N00149424EA0141601496
B1027174207315N00149424EA0141601496
B1027184207315N00149424EA0141601496
B1027194207315N00149424EA0141601496
B1027204207315N00149424EA0141601496
B1027214207315N00149424EA0141601496
B1027224207315N00149424EA0141601496
B1027234207315N00149424EA0141601496
B1027244207315N00149423EA0141601496
B1027254207315N00149423EA0141601496
B1027264207315N00149423EA0141601496
B1027274207315N00149423EA0141601496
B1027284207315N00149423EA0141601496
B1027294207315N00149423EA0141601496
B1027304207315N00149423EA0141601496
B1027314207315N00149423EA0141701496
B1027324207315N00149423EA0141601496
B1027334207315N00149423EA0141601496
B1027344207315N00149423EA0141601496
B1027354207315N00149423EA0141601496
B1027364207315N00149423EA0141601496
B1027374207315N00149423EA0141601496
B1027384207316N00149423EA0141601496
B1027394207316N00149423EA0141501496
B1027404207316N00149423EA0141601496
B1027414207316N00149423EA0141601496
B1027424207316N00149423EA0141601496
B1027434207316N00149423EA0141601496
B1027444207316N00149423EA0141601496
B1027454207316N00149423EA0141601496
B1027464207316N00149423EA0141601496
B1027474207316N00149423EA0141601496
B1027484207316N00149423EA0141601495
B1027494207316N00149423EA0141601495
B1027504207316N00149423EA0141501495
B1027514207316N00149423EA0141601495
B1027524207316N00149423EA0141601495
B1027534207316N00149423EA0141601495
B1027544207316N00149423EA0141601495
B1027554207316N00149423EA0141601495
B1027564207316N00149423EA0141601495
B1027574207317N00149423EA0141601495
B1027584207317N00149423EA0141601495
B1027594207317N00149423EA0141601495
B1028004207317N00149423EA0141601495
B1028014207317N00149423EA0141701495
B1028024207317N00149423EA0141601495
B1028034207317N00149423EA0141601495
B1028044207317N00149423EA0141601495
B1028054207317N00149423EA0141601495
B1028064207317N00149423EA0141601495
B1028074207317N00149423EA0141601495
B1028084207317N00149423EA0141601495
B1028094207317N00149423EA0141601495
B1028104207317N00149422EA0141601495
B1028114207317N00149422EA0141601495
B1028124207317N00149422EA0141601496
B1028134207317N00149422EA0141601496
B1028144207317N00149422EA0141601496
B1028154207317N00149422EA0141601496
B1028164207317N00149422EA0141601496
B1028174207317N00149422EA0141601496
B1028184207317N00149422EA0141501496
B1028194207317N00149422EA0141601496
B1028204207317N00149422EA0141601496
B1028214207317N00149422EA0141601496
B1028224207317N00149422EA0141601496
B1028234207317N00149422EA0141601496
B1028244207317N00149422EA0141601496
B1028254207317N00149423EA0141501496
B1028264207317N00149423EA0141801496
B1028274207317N00149423EA0141601496
B1028284207317N00149423EA0141701496
B1028294207317N00149423EA0141501496
B1028304207317N00149423EA0141701496
B1028314207317N00149423EA0141601496
B1028324207317N00149423EA0141701495
B1028334207317N00149423EA0141601495
B1028344207317N00149423EA0141701496
B1028354207317N00149422EA0141601495
B1028364207317N00149423EA0141701494
B1028374207318N00149423EA0141601494
B1028384207318N00149423EA0141701494
B1028394207318N00149423EA0141701494
B1028404207318N00149423EA0141601493
B1028414207318N00149423EA0141601493
B1028424207318N00149423EA0141601494
B1028434207317N00149423EA0141601494
B1028444207317N00149423EA0141601494
B1028454207317N00149423EA0141601494
B1028464207317N00149423EA0141601493
B1028474207317N00149423EA0141601493
B1028484207317N00149423EA0141601493
B1028494207317N00149423EA0141601492
B1028504207317N00149424EA0141601492
B1028514207317N00149424EA0141601492
B1028524207317N00149424EA0141601491
B1028534207317N00149424EA0141601491
B1028544207317N00149424EA0141601491
B1028554207317N00149424EA0141601491
B1028564207317N00149424EA0141601491
B1028574207317N00149424EA0141601491
B1028584207317N00149424EA0141601491
B1028594207317N00149424EA0141601491
B1029004207317N00149424EA0141601491
B1029014207317N00149424EA0141601490
B1029024207317N00149424EA0141601490
B1029034207317N00149424EA0141701490
B1029044207317N00149425EA0141601490
B1029054207317N00149425EA0141601491
B1029064207317N00149424EA0141601490
B1029074207317N00149424EA0141601490
B1029084207317N00149424EA0141601490
B1029094207317N00149424EA0141601491
B1029104207317N00149424EA0141601491
B1029114207317N00149424EA0141601491
B1029124207317N00149423EA0141601491
B1029134207317N00149423EA0141601491
B1029144207317N00149423EA0141701491
B1029154207317N00149424EA0141601492
B1029164207317N00149424EA0141601492
B1029174207317N00149424EA0141601492
B1029184207317N00149424EA0141601492
B1029194207316N00149424EA0141601492
B1029204207316N00149424EA0141601492
B1029214207316N00149424EA0141601493
B1029224207316N00149424EA0141601493
B1029234207316N00149424EA0141601493
B1029244207316N00149424EA0141601493
B1029254207316N00149424EA0141601493
B1029264207316N00149424EA0141601494
B1029274207316N00149424EA0141601494
B1029284207316N00149424EA0141701494
B1029294207316N00149424EA0141601494
B1029304207316N00149424EA0141601494
B1029314207316N00149424EA0141601494
B1029324207316N00149424EA0141601494
B1029334207316N00149424EA0141601494
B1029344207316N00149424EA0141601494
B1029354207316N00149424EA0141601494
B1029364207316N00149424EA0141601494
B1029374207316N00149424EA0141601494
B1029384207316N00149424EA0141601494
B1029394207316N00149424EA0141601494
B1029404207316N00149424EA0141601494
B1029414207316N00149424EA0141501494
B1029424207316N00149424EA0141701494
B1029434207316N00149423EA0141601495
B1029444207316N00149423EA0141601494
B1029454207316N00149423EA0141601494
B1029464207316N00149423EA0141601495
B1029474207316N00149423EA0141601494
B1029484207316N00149423EA0141601494
B1029494207316N00149423EA0141601494
B1029504207316N00149423EA0141501494
B1029514207316N00149423EA0141601494
B1029524207316N00149422EA0141701493
B1029534207316N00149422EA0141701493
B1029544207316N00149422EA0141601493
B1029554207316N00149423EA0141701493
B1029564207316N00149423EA0141601492
B1029574207316N00149423EA0141601492
B1029584207316N00149423EA0141601493
B1029594207316N00149423EA0141701493
B1030004207316N00149423EA0141701493
B1030014207316N00149423EA0141601493
B1030024207315N00149423EA0141701493
B1030034207315N00149423EA0141701494
B1030044207315N00149423EA0141701494
B1030054207315N00149423EA0141601494
B1030064207315N00149423EA0141701494
B1030074207315N00149424EA0141601495
B1030084207315N00149424EA0141601494
B1030094207315N00149423EA0141701494
B1030104207315N00149424EA0141601494
B1030114207314N00149424EA0141601494
B1030124207314N00149424EA0141501494
B1030134207314N00149424EA0141701495
B1030144207314N00149424EA0141601495
B1030154207314N00149424EA0141601495
B1030164207314N00149424EA0141601495
B1030174207314N00149424EA0141601494
B1030184207314N00149424EA0141601494
B1030194207314N00149424EA0141601494
B1030204207315N00149424EA0141601494
B1030214207315N00149424EA0141701494
B1030224207315N00149423EA0141701494
B1030234207315N00149423EA0141601495
B1030244207315N00149423EA0141601495
B1030254207315N00149423EA0141701495
B1030264207315N00149423EA0141601495
B1030274207315N00149423EA0141701494
B1030284207315N00149423EA0141601494
B1030294207315N00149423EA0141701494
B1030304207316N00149423EA0141701494
B1030314207316N00149423EA0141601494
B1030324207316N00149423EA0141701494
B1030334207316N00149423EA0141701494
B1030344207316N00149423EA0141601494
B1030354207316N00149423EA0141701494
B1030364207316N00149423EA0141601494
B1030374207316N00149423EA0141701494
B1030384207316N00149423EA0141701493
B1030394207316N00149423EA0141701494
B1030404207316N00149423EA0141701494
B1030414207316N00149423EA0141701494
B1030424207316N00149423EA0141701494
B1030434207316N00149423EA0141601494
B1030444207316N00149423EA0141701494
B1030454207316N00149423EA0141601494
B1030464207316N00149423EA0141701494
B1030474207316N00149423EA0141601494
B1030484207316N00149423EA0141601494
B1030494207316N00149423EA0141701494
B1030504207315N00149423EA0141701494
B1030514207315N00149423EA0141701494
B1030524207315N00149423EA0141701494
B1030534207315N00149423EA0141701494
B1030544207315N00149423EA0141701494
B1030554207315N00149423EA0141701494
B1030564207315N00149423EA0141601494
B1030574207315N00149424EA0141701493
B1030584207315N00149424EA0141601493
B1030594207315N00149424EA0141701493
B1031004207315N00149424EA0141701493
B1031014207315N00149424EA0141701493
B1031024207315N00149424EA0141701493
B1031034207315N00149425EA0141701493
B1031044207315N00149425EA0141701493
B1031054207315N00149426EA0141601493
B1031064207315N00149426EA0141701493
B1031074207315N00149426EA0141701493
B1031084207314N00149426EA0141701493
B1031094207314N00149427EA0141701493
B1031104207314N00149427EA0141701493
B1031114207313N00149427EA0141701494
B1031124207313N00149428EA0141801494
B1031134207313N00149428EA0141701494
B1031144207312N00149428EA0141801494
B1031154207311N00149428EA0141801494
B1031164207311N00149429EA0141801494
B1031174207311N00149429EA0141801494
B1031184207310N00149429EA0141701494
B1031194207310N00149429EA0141801494
B1031204207310N00149429EA0141701495
B1031214207310N00149429EA0141601494
B1031224207309N00149429EA0141701495
B1031234207309N00149429EA0141701494
B1031244207308N00149429EA0141701495
B1031254207308N00149430EA0141701494
B1031264207307N00149430EA0141701494
B1031274207307N00149430EA0141701494
B1031284207306N00149431EA0141701494
B1031294207306N00149431EA0141701494
B1031304207306N00149431EA0141701494
B1031314207305N00149432EA0141701494
B1031324207305N00149432EA0141701495
B1031334207305N00149432EA0141601495
B1031344207304N00149433EA0141701495
B1031354207304N00149433EA0141701495
B1031364207304N00149433EA0141601495
B1031374207304N00149434EA0141601495
B1031384207304N00149434EA0141801495
B1031394207304N00149435EA0141601495
B1031404207303N00149435EA0141601494
B1031414207303N00149436EA0141701494
B1031424207303N00149436EA0141701494
B1031434207303N00149436EA0141701494
B1031444207302N00149436EA0141601494
B1031454207302N00149437EA0141601494
B1031464207302N00149437EA0141601494
B1031474207302N00149437EA0141601494
B1031484207302N00149437EA0141601493
B1031494207302N00149438EA0141601493
B1031504207301N00149438EA0141701493
B1031514207301N00149438EA0141701493
B1031524207301N00149438EA0141601493
B1031534207301N00149439EA0141601493
B1031544207301N00149439EA0141601493
B1031554207301N00149439EA0141601493
B1031564207300N00149439EA0141601493
B1031574207300N00149439EA0141601494
B1031584207300N00149439EA0141601493
B1031594207299N00149439EA0141601493
B1032004207299N00149439EA0141601493
B1032014207298N00149439EA0141601493
B1032024207298N00149439EA0141601493
B1032034207298N00149440EA0141601493
B1032044207298N00149439EA0141601493
B1032054207298N00149440EA0141601493
B1032064207298N00149440EA0141601493
B1032074207298N00149440EA0141601493
B1032084207298N00149440EA0141601493
B1032094207298N00149440EA0141601493
B1032104207298N00149440EA0141601493
B1032114207298N00149440EA0141601493
B1032124207298N00149440EA0141601493
B1032134207298N00149440EA0141601493
B1032144207298N00149440EA0141601493
B1032154207298N00149440EA0141601493
B1032164207298N00149440EA0141601493
B1032174207298N00149440EA0141601494
B1032184207298N00149440EA0141601493
B1032194207298N00149440EA0141601493
B1032204207298N00149440EA0141601494
B1032214207298N00149440EA0141601493
B1032224207297N00149440EA0141601493
B1032234207297N00149440EA0141601493
B1032244207297N00149440EA0141601493
B1032254207298N00149440EA0141601493
B1032264207298N00149440EA0141601493
B1032274207298N00149440EA0141601493
B1032284207298N00149440EA0141601493
B1032294207298N00149440EA0141601494
B1032304207298N00149440EA0141601494
B1032314207298N00149440EA0141601494
B1032324207298N00149440EA0141501493
B1032334207298N00149440EA0141501493
B1032344207298N00149440EA0141501493
B1032354207298N00149440EA0141601493
B1032364207298N00149440EA0141601493
B1032374207298N00149440EA0141601493
B1032384207298N00149440EA0141601493
B1032394207298N00149440EA0141501493
B1032404207298N00149440EA0141501493
B1032414207298N00149440EA0141601493
B1032424207298N00149440EA0141601493
B1032434207298N00149440EA0141601493
B1032444207298N00149440EA0141601493
B1032454207298N00149440EA0141601493
B1032464207298N00149440EA0141501494
B1032474207298N00149440EA0141601494
B1032484207298N00149440EA0141601494
B1032494207298N00149440EA0141501494
B1032504207298N00149440EA0141601494
B1032514207298N00149440EA0141501494
B1032524207298N00149440EA0141601494
B1032534207298N00149440EA0141601494
B1032544207298N00149440EA0141601494
B1032554207298N00149440EA0141501494
B1032564207298N00149440EA0141601494
B1032574207298N00149441EA0141501494
B1032584207298N00149441EA0141601494
B1032594207298N00149440EA0141601494
B1033004207298N00149440EA0141601494
B1033014207298N00149440EA0141501494
B1033024207298N00149440EA0141501494
B1033034207298N00149440EA0141601494
B1033044207298N00149440EA0141601494
B1033054207298N00149440EA0141601494
B1033064207298N00149440EA0141501494
B1033074207298N00149440EA0141601494
B1033084207298N00149440EA0141501494
B1033094207298N00149440EA0141501493
B1033104207298N00149441EA0141601493
B1033114207298N00149440EA0141601493
B1033124207298N00149440EA0141701493
B1033134207298N00149440EA0141601493
B1033144207298N00149440EA0141601493
B1033154207298N00149440EA0141601493
B1033164207298N00149440EA0141601493
B1033174207298N00149440EA0141601493
B1033184207298N00149440EA0141601493
B1033194207298N00149440EA0141601493
B1033204207298N00149440EA0141601493
B1033214207297N00149441EA0141701493
B1033224207296N00149441EA0141701493
B1033234207295N00149441EA0141701493
B1033244207296N00149441EA0141501493
B1033254207296N00149441EA0141601493
B1033264207296N00149442EA0141401494
B1033274207295N00149442EA0141501493
B1033284207295N00149442EA0141601493
B1033294207294N00149443EA0141601493
B1033304207293N00149443EA0141501493
B1033314207292N00149443EA0141401492
B1033324207290N00149443EA0141501492
B1033334207288N00149442EA0141601492
B1033344207286N00149441EA0141601494
B1033354207284N00149441EA0141601494
B1033364207282N00149441EA0141301495
B1033374207280N00149441EA0141601495
B1033384207276N00149440EA0141701494
B1033394207273N00149438EA0141601494
B1033404207270N00149436EA0141801494
B1033414207266N00149436EA0141801495
B1033424207263N00149436EA0141801495
B1033434207259N00149436EA0142001496
B1033444207255N00149436EA0142101497
B1033454207252N00149435EA0142101498
B1033464207248N00149434EA0142101498
B1033474207245N00149432EA0142001497
B1033484207241N00149430EA0141901495
B1033494207237N00149429EA0141701493
B1033504207233N00149429EA0141601492
B1033514207229N00149430EA0141601492
B1033524207225N00149431EA0141601491
B1033534207222N00149431EA0141501492
B1033544207219N00149432EA0141501492
B1033554207216N00149433EA0141401491
B1033564207213N00149435EA0141101489
B1033574207209N00149436EA0141001486
B1033584207205N00149437EA0140901485
B1033594207201N00149437EA0140701483
B1034004207197N00149437EA0140501481
B1034014207193N00149437EA0140301480
B1034024207189N00149438EA0140301478
B1034034207186N00149439EA0140101477
B1034044207182N00149442EA0140001475
B1034054207179N00149444EA0139901475
B1034064207175N00149445EA0139901475
B1034074207171N00149447EA0139701474
B1034084207168N00149450EA0139701473
B1034094207164N00149453EA0139501471
B1034104207160N00149457EA0139401469
B1034114207157N00149460EA0139301469
B1034124207153N00149463EA0139301468
B1034134207151N00149466EA0139201468
B1034144207148N00149469EA0139101467
B1034154207145N00149472EA0138801465
B1034164207141N00149475EA0138601462
B1034174207136N00149478EA0138401459
B1034184207132N00149481EA0138301457
B1034194207128N00149484EA0138101456
B1034204207123N00149486EA0138001455
B1034214207119N00149489EA0137701453
B1034224207115N00149492EA0137401450
B1034234207110N00149495EA0137001446
B1034244207104N00149498EA0136801443
B1034254207099N00149502EA0136701441
B1034264207095N00149506EA0136601439
B1034274207091N00149509EA0136401438
B1034284207087N00149512EA0136101436
B1034294207083N00149516EA0135801433
B1034304207078N00149520EA0135501430
B1034314207073N00149523EA0135101426
B1034324207067N00149526EA0134901423
B1034334207061N00149529EA0134801421
B1034344207056N00149531EA0134601419
B1034354207051N00149534EA0134401417
B1034364207046N00149537EA0134001413
B1034374207041N00149540EA0133701409
B1034384207035N00149544EA0133301405
B1034394207029N00149548EA0132901401
B1034404207023N00149551EA0132501397
B1034414207017N00149555EA0132201394
B1034424207011N00149558EA0131901391
B1034434207005N00149562EA0131701388
B1034444206999N00149565EA0131501385
B1034454206993N00149569EA0131101382
B1034464206987N00149572EA0130901379
B1034474206981N00149576EA0130601376
B1034484206976N00149579EA0130301373
B1034494206969N00149582EA0130001370
B1034504206964N00149585EA0129801368
B1034514206959N00149589EA0129801367
B1034524206955N00149592EA0129701367
B1034534206951N00149594EA0129501365
B1034544206947N00149597EA0129301363
B1034554206942N00149600EA0129001360
B1034564206938N00149605EA0128701356
B1034574206933N00149610EA0128301353
B1034584206928N00149615EA0128101350
B1034594206923N00149619EA0127801347
B1035004206918N00149623EA0127601345
B1035014206914N00149626EA0127201341
B1035024206908N00149630EA0126801337
B1035034206903N00149635EA0126301332
B1035044206897N00149639EA0125801327
B1035054206890N00149644EA0125401322
B1035064206884N00149648EA0125101318
B1035074206878N00149653EA0124701314
B1035084206871N00149657EA0124401311
B1035094206865N00149662EA0124201308
B1035104206858N00149666EA0124001305
B1035114206852N00149670EA0123801303
B1035124206846N00149674EA0123601301
B1035134206840N00149677EA0123401299
B1035144206834N00149681EA0123201297
B1035154206828N00149686EA0123001295
B1035164206822N00149690EA0122801293
B1035174206816N00149694EA0122701292
B1035184206810N00149697EA0122601291
B1035194206804N00149701EA0122401290
B1035204206799N00149706EA0122301288
B1035214206793N00149710EA0122201286
B1035224206787N00149715EA0122001284
B1035234206781N00149719EA0121801283
B1035244206775N00149723EA0121701282
B1035254206770N00149726EA0121601280
B1035264206765N00149730EA0121401278
B1035274206760N00149735EA0121001275
B1035284206755N00149740EA0120701272
B1035294206750N00149744EA0120401269
B1035304206744N00149748EA0120301267
B1035314206738N00149751EA0120001265
B1035324206733N00149753EA0120001264
B1035334206730N00149755EA0120101264
B1035344206727N00149758EA0120001263
B1035354206725N00149762EA0119801262
B1035364206722N00149766EA0119701260
B1035374206720N00149769EA0119401258
B1035384206717N00149771EA0119201255
B1035394206714N00149773EA0119201254
B1035404206711N00149774EA0119101254
B1035414206708N00149775EA0119101253
B1035424206705N00149776EA0119101253
B1035434206702N00149777EA0119001252
B1035444206699N00149779EA0118901251
B1035454206695N00149781EA0118801250
B1035464206691N00149784EA0118801250
B1035474206687N00149787EA0118701249
B1035484206683N00149791EA0118601249
B1035494206679N00149794EA0118701249
B1035504206675N00149796EA0118701249
B1035514206672N00149797EA0118601249
B1035524206669N00149799EA0118501248
B1035534206666N00149801EA0118401246
B1035544206663N00149804EA0118201244
B1035554206659N00149807EA0117901241
B1035564206655N00149810EA0117701239
B1035574206652N00149813EA0117501237
B1035584206649N00149816EA0117401236
B1035594206646N00149819EA0117201234
B1036004206643N00149821EA0116901231
B1036014206639N00149823EA0116801229
B1036024206634N00149824EA0116801228
B1036034206630N00149827EA0116901229
B1036044206627N00149829EA0117001231
B1036054206623N00149832EA0117201232
B1036064206620N00149833EA0117501234
B1036074206616N00149835EA0117601236
B1036084206612N00149837EA0117701237
B1036094206609N00149841EA0117701238
B1036104206605N00149844EA0117801239
B1036114206602N00149848EA0118201242
B1036124206600N00149851EA0118401245
B1036134206598N00149854EA0118801248
B1036144206597N00149857EA0118901251
B1036154206595N00149859EA0119101252
B1036164206592N00149861EA0119301254
B1036174206590N00149863EA0119501256
B1036184206587N00149865EA0119601257
B1036194206584N00149867EA0119701259
B1036204206581N00149868EA0119901261
B1036214206579N00149869EA0120001262
B1036224206577N00149869EA0120001263
B1036234206574N00149867EA0120001262
B1036244206570N00149866EA0120001262
B1036254206567N00149864EA0120001262
B1036264206564N00149862EA0120001262
B1036274206561N00149861EA0120001263
B1036284206558N00149859EA0120201263
B1036294206556N00149858EA0120101264
B1036304206553N00149856EA0120101264
B1036314206550N00149855EA0120101264
B1036324206547N00149854EA0120001263
B1036334206544N00149854EA0120101263
B1036344206541N00149854EA0120101263
B1036354206538N00149852EA0120101263
B1036364206536N00149850EA0120101263
B1036374206533N00149847EA0119901262
B1036384206530N00149843EA0119701261
B1036394206526N00149840EA0119701259
B1036404206522N00149839EA0119701258
B1036414206518N00149838EA0119801260
B1036424206515N00149839EA0120001262
B1036434206512N00149839EA0120201264
B1036444206509N00149838EA0120401265
B1036454206505N00149837EA0120301266
B1036464206501N00149835EA0120401266
B1036474206497N00149832EA0120501267
B1036484206494N00149829EA0120701268
B1036494206491N00149826EA0120701269
B1036504206487N00149823EA0120701270
B1036514206483N00149821EA0120701270
B1036524206479N00149819EA0120701270
B1036534206475N00149817EA0120701270
B1036544206472N00149815EA0120901271
B1036554206468N00149813EA0121101273
B1036564206465N00149811EA0121301275
B1036574206462N00149809EA0121501277
B1036584206459N00149806EA0121701279
B1036594206455N00149803EA0121801281
B1037004206452N00149799EA0121801281
B1037014206448N00149793EA0121901281
B1037024206446N00149786EA0121801281
B1037034206444N00149780EA0122001282
B1037044206441N00149776EA0122101284
B1037054206439N00149773EA0122101285
B1037064206435N00149773EA0122101285
B1037074206432N00149774EA0121801283
B1037084206428N00149774EA0121601281
B1037094206424N00149770EA0121501279
B1037104206422N00149764EA0121301277
B1037114206422N00149757EA0121001274
B1037124206422N00149749EA0120801272
B1037134206423N00149741EA0120701270
B1037144206423N00149733EA0120601269
B1037154206422N00149725EA0120301267
B1037164206420N00149717EA0120201265
B1037174206419N00149709EA0120101263
B1037184206418N00149702EA0120001263
B1037194206417N00149695EA0119901262
B1037204206416N00149688EA0119801261
B1037214206414N00149680EA0119701260
B1037224206413N00149672EA0119601259
B1037234206411N00149664EA0119701258
B1037244206408N00149657EA0119801259
B1037254206405N00149651EA0119901260
B1037264206402N00149646EA0120101261
B1037274206400N00149642EA0120201264
B1037284206398N00149640EA0120201265
B1037294206396N00149636EA0120101264
B1037304206394N00149631EA0119901262
B1037314206393N00149623EA0119601259
B1037324206391N00149614EA0119401256
B1037334206390N00149606EA0119501256
B1037344206388N00149599EA0119601257
B1037354206387N00149593EA0119701259
B1037364206386N00149588EA0119701260
B1037374206384N00149581EA0119701259
B1037384206383N00149574EA0119701259
B1037394206382N00149566EA0119501258
B1037404206382N00149557EA0119501257
B1037414206383N00149548EA0119401257
B1037424206385N00149539EA0119501256
B1037434206386N00149531EA0119401256
B1037444206387N00149523EA0119401256
B1037454206387N00149516EA0119301256
B1037464206386N00149508EA0119301255
B1037474206386N00149500EA0119101255
B1037484206386N00149493EA0119001254
B1037494206386N00149485EA0119001253
B1037504206385N00149477EA0118801252
B1037514206385N00149470EA0118701251
B1037524206384N00149462EA0118701250
B1037534206383N00149454EA0118601249
B1037544206382N00149446EA0118601249
B1037554206380N00149439EA0118501248
B1037564206378N00149433EA0118401248
B1037574206376N00149426EA0118501248
B1037584206375N00149419EA0118401247
B1037594206373N00149412EA0118401247
B1038004206372N00149405EA0118401247
B1038014206370N00149398EA0118501247
B1038024206368N00149392EA0118501248
B1038034206367N00149386EA0118601249
B1038044206364N00149380EA0118701249
B1038054206360N00149376EA0118701250
B1038064206356N00149374EA0118701251
B1038074206352N00149375EA0118701250
B1038084206349N00149377EA0118601249
B1038094206346N00149381EA0118601249
B1038104206344N00149386EA0118601249
B1038114206343N00149391EA0118501248
B1038124206343N00149397EA0118501248
B1038134206344N00149402EA0118501248
B1038144206348N00149406EA0118601248
B1038154206354N00149408EA0118601248
B1038164206360N00149405EA0118501247
B1038174206365N00149399EA0118501247
B1038184206367N00149390EA0118401246
B1038194206367N00149382EA0118401246
B1038204206364N00149375EA0118501246
B1038214206362N00149369EA0118601248
B1038224206359N00149364EA0118601249
B1038234206357N00149359EA0118701250
B1038244206355N00149353EA0118601249
B1038254206354N00149345EA0118601248
B1038264206353N00149337EA0118701247
B1038274206353N00149328EA0119001250
B1038284206354N00149322EA0119301254
B1038294206353N00149316EA0119601257
B1038304206352N00149310EA0119801259
B1038314206349N00149304EA0119801260
B1038324206346N00149298EA0120001261
B1038334206342N00149294EA0120201263
B1038344206338N00149291EA0120401266
B1038354206335N00149289EA0120701269
B1038364206332N00149288EA0120901271
B1038374206329N00149287EA0121001273
B1038384206325N00149289EA0121101274
B1038394206323N00149292EA0121201275
B1038404206322N00149297EA0121101275
B1038414206324N00149302EA0121101274
B1038424206327N00149306EA0121201275
B1038434206331N00149309EA0121301276
B1038444206336N00149311EA0121501278
B1038454206341N00149309EA0121701281
B1038464206347N00149304EA0121801282
B1038474206352N00149297EA0121801283
B1038484206355N00149288EA0121901283
B1038494206357N00149278EA0122001283
B1038504206357N00149269EA0122101285
B1038514206355N00149260EA0122301287
B1038524206352N00149254EA0122401288
B1038534206348N00149250EA0122501289
B1038544206344N00149246EA0122501291
B1038554206340N00149245EA0122601291
B1038564206337N00149245EA0122701292
B1038574206333N00149246EA0122701293
B1038584206331N00149248EA0122701293
B1038594206328N00149252EA0122701293
B1039004206325N00149257EA0122801292
B1039014206324N00149262EA0122801293
B1039024206323N00149265EA0123001295
B1039034206323N00149268EA0123101297
B1039044206324N00149271EA0123201299
B1039054206325N00149275EA0123401300
B1039064206328N00149280EA0123601301
B1039074206332N00149283EA0123801303
B1039084206338N00149284EA0124001305
B1039094206344N00149282EA0124301308
B1039104206349N00149276EA0124501310
B1039114206353N00149268EA0124701312
B1039124206355N00149260EA0124801314
B1039134206355N00149253EA0124801315
B1039144206352N00149246EA0124801315
B1039154206349N00149240EA0124801315
B1039164206345N00149237EA0124801315
B1039174206341N00149236EA0124901316
B1039184206337N00149237EA0124801315
B1039194206334N00149240EA0124901315
B1039204206331N00149245EA0125001315
B1039214206330N00149251EA0125201317
B1039224206332N00149257EA0125401319
B1039234206337N00149261EA0125501321
B1039244206343N00149262EA0125701322
B1039254206349N00149260EA0125901324
B1039264206354N00149255EA0126001326
B1039274206358N00149247EA0126101327
B1039284206359N00149239EA0126201328
B1039294206359N00149231EA0126201329
B1039304206357N00149226EA0126301330
B1039314206354N00149221EA0126401331
B1039324206351N00149218EA0126501333
B1039334206348N00149214EA0126601334
B1039344206344N00149212EA0126701335
B1039354206340N00149211EA0126701335
B1039364206335N00149211EA0126801336
B1039374206332N00149215EA0126901336
B1039384206330N00149220EA0127001337
B1039394206329N00149226EA0127001338
B1039404206331N00149232EA0127201339
B1039414206333N00149236EA0127201340
B1039424206337N00149239EA0127301341
B1039434206341N00149241EA0127301341
B1039444206346N00149242EA0127201340
B1039454206352N00149242EA0127301339
B1039464206357N00149238EA0127201339
B1039474206361N00149231EA0127301339
B1039484206363N00149224EA0127501341
B1039494206364N00149216EA0127701343
B1039504206363N00149209EA0127901346
B1039514206361N00149202EA0128001348
B1039524206358N00149197EA0128101349
B1039534206355N00149194EA0128201351
B1039544206351N00149192EA0128301351
B1039554206347N00149192EA0128301352
B1039564206342N00149194EA0128201351
B1039574206339N00149198EA0128201350
B1039584206337N00149203EA0128201350
B1039594206338N00149209EA0128101350
B1040004206339N00149216EA0128001349
B1040014206342N00149221EA0127801348
B1040024206346N00149225EA0127601346
B1040034206350N00149227EA0127301343
B1040044206354N00149229EA0127001339
B1040054206360N00149229EA0126601335
B1040064206367N00149226EA0126301330
B1040074206373N00149220EA0126001327
B1040084206378N00149210EA0125701324
B1040094206381N00149200EA0125601322
B1040104206383N00149190EA0125601321
B1040114206384N00149180EA0125501322
B1040124206384N00149171EA0125601322
B1040134206384N00149163EA0125701323
B1040144206383N00149155EA0125901324
B1040154206382N00149148EA0126101327
B1040164206381N00149142EA0126401330
B1040174206379N00149137EA0126701333
B1040184206375N00149133EA0126901336
B1040194206371N00149131EA0127101337
B1040204206367N00149130EA0127401340
B1040214206364N00149128EA0127701344
B1040224206361N00149129EA0128001347
B1040234206359N00149130EA0128101349
B1040244206357N00149133EA0128201350
B1040254206355N00149137EA0128201351
B1040264206355N00149142EA0128301351
B1040274206357N00149148EA0128301351
B1040284206361N00149152EA0128301351
B1040294206367N00149152EA0128401351
B1040304206373N00149150EA0128501352
B1040314206377N00149145EA0128701355
B1040324206380N00149138EA0128901357
B1040334206380N00149130EA0129201360
B1040344206377N00149123EA0129401362
B1040354206374N00149118EA0129601363
B1040364206370N00149117EA0129701365
B1040374206366N00149119EA0129701366
B1040384206364N00149123EA0129701365
B1040394206362N00149128EA0129701365
B1040404206363N00149134EA0129701365
B1040414206366N00149139EA0129701366
B1040424206370N00149142EA0129801366
B1040434206374N00149144EA0129701367
B1040444206379N00149144EA0129801367
B1040454206384N00149143EA0129801367
B1040464206389N00149139EA0129801366
B1040474206392N00149132EA0129901366
B1040484206393N00149124EA0130001367
B1040494206393N00149117EA0130201369
B1040504206392N00149112EA0130401372
B1040514206390N00149108EA0130601374
B1040524206388N00149105EA0130701376
B1040534206385N00149101EA0130601376
B1040544206381N00149099EA0130601376
B1040554206377N00149098EA0130701376
B1040564206373N00149100EA0130701376
B1040574206370N00149103EA0130701376
B1040584206368N00149107EA0130801377
B1040594206367N00149112EA0130701377
B1041004206367N00149118EA0130601377
B1041014206368N00149124EA0130601376
B1041024206370N00149129EA0130501375
B1041034206374N00149132EA0130401374
B1041044206379N00149133EA0130101371
B1041054206385N00149130EA0129701367
B1041064206390N00149125EA0129301363
B1041074206394N00149118EA0129101360
B1041084206396N00149110EA0128901358
B1041094206397N00149102EA0128901357
B1041104206397N00149095EA0129001358
B1041114206397N00149088EA0129101359
B1041124206396N00149082EA0129201360
B1041134206394N00149077EA0129201361
B1041144206392N00149072EA0129201361
B1041154206389N00149068EA0129201360
B1041164206385N00149064EA0129101359
B1041174206381N00149060EA0129101359
B1041184206377N00149059EA0129301361
B1041194206374N00149058EA0129401363
B1041204206371N00149059EA0129501364
B1041214206368N00149061EA0129501364
B1041224206365N00149064EA0129601364
B1041234206363N00149068EA0129601364
B1041244206363N00149074EA0129601365
B1041254206365N00149081EA0129501365
B1041264206369N00149087EA0129501364
B1041274206375N00149090EA0129501364
B1041284206382N00149091EA0129501364
B1041294206389N00149090EA0129401364
B1041304206395N00149085EA0129401363
B1041314206399N00149079EA0129401363
B1041324206402N00149072EA0129401363
B1041334206404N00149066EA0129401363
B1041344206405N00149060EA0129201363
B1041354206405N00149053EA0129101361
B1041364206403N00149045EA0128901359
B1041374206401N00149038EA0128901357
B1041384206397N00149032EA0128901357
B1041394206393N00149028EA0129101358
B1041404206389N00149027EA0129201361
B1041414206386N00149026EA0129301362
B1041424206383N00149026EA0129301362
B1041434206379N00149027EA0129201361
B1041444206374N00149028EA0129101359
B1041454206369N00149029EA0128901358
B1041464206364N00149030EA0129001358
B1041474206361N00149030EA0129201360
B1041484206358N00149028EA0129201361
B1041494206355N00149024EA0129101361
B1041504206351N00149020EA0129001359
B1041514206347N00149016EA0129001358
B1041524206344N00149011EA0129001358
B1041534206341N00149007EA0129201360
B1041544206339N00149002EA0129301361
B1041554206337N00148996EA0129401362
B1041564206335N00148990EA0129501363
B1041574206332N00148985EA0129501364
B1041584206329N00148980EA0129601364
B1041594206326N00148977EA0129601364
B1042004206321N00148976EA0129601364
B1042014206317N00148978EA0129501363
B1042024206314N00148982EA0129401363
B1042034206311N00148987EA0129401362
B1042044206310N00148994EA0129501363
B1042054206309N00149000EA0129601364
B1042064206311N00149007EA0129801366
B1042074206313N00149012EA0129801368
B1042084206317N00149017EA0130001369
B1042094206322N00149021EA0130101370
B1042104206327N00149023EA0130101371
B1042114206333N00149023EA0130001370
B1042124206339N00149020EA0130101370
B1042134206343N00149015EA0130001370
B1042144206346N00149008EA0130001370
B1042154206348N00149000EA0130001370
B1042164206347N00148993EA0130001370
B1042174206346N00148987EA0130101371
B1042184206343N00148982EA0130101371
B1042194206339N00148976EA0130201371
B1042204206335N00148971EA0130301372
B1042214206331N00148967EA0130401373
B1042224206326N00148966EA0130501375
B1042234206322N00148969EA0130401375
B1042244206319N00148973EA0130401374
B1042254206315N00148978EA0130401375
B1042264206312N00148982EA0130701376
B1042274206311N00148986EA0130801378
B1042284206310N00148991EA0131001380
B1042294206309N00148996EA0131101380
B1042304206309N00149001EA0131001381
B1042314206309N00149007EA0130901381
B1042324206311N00149013EA0130901380
B1042334206315N00149018EA0130801379
B1042344206320N00149023EA0130601377
B1042354206326N00149026EA0130401375
B1042364206332N00149026EA0130501375
B1042374206338N00149024EA0130501375
B1042384206342N00149019EA0130401375
B1042394206346N00149013EA0130401375
B1042404206348N00149007EA0130401375
B1042414206348N00149000EA0130301374
B1042424206348N00148993EA0130301373
B1042434206346N00148986EA0130201373
B1042444206344N00148979EA0130301374
B1042454206341N00148973EA0130401375
B1042464206339N00148969EA0130501376
B1042474206335N00148965EA0130501376
B1042484206330N00148963EA0130501376
B1042494206325N00148964EA0130601376
B1042504206321N00148967EA0130601377
B1042514206318N00148973EA0130501376
B1042524206319N00148979EA0130401375
B1042534206321N00148985EA0130401375
B1042544206326N00148989EA0130301374
B1042554206332N00148992EA0130301373
B1042564206338N00148991EA0130201372
B1042574206344N00148988EA0130101372
B1042584206349N00148984EA0130201372
B1042594206352N00148979EA0130101372
B1043004206355N00148973EA0130201372
B1043014206355N00148966EA0130101372
B1043024206353N00148958EA0129901370
B1043034206350N00148953EA0129901370
B1043044206346N00148950EA0130001370
B1043054206341N00148950EA0130001371
B1043064206337N00148954EA0130001370
B1043074206335N00148959EA0129901370
B1043084206335N00148965EA0130001371
B1043094206338N00148971EA0129901370
B1043104206342N00148975EA0129801369
B1043114206348N00148978EA0129701368
B1043124206355N00148977EA0129601367
B1043134206361N00148972EA0129501366
B1043144206365N00148966EA0129401365
B1043154206368N00148959EA0129401364
B1043164206370N00148952EA0129501365
B1043174206371N00148945EA0129501366
B1043184206371N00148939EA0129501366
B1043194206371N00148932EA0129601366
B1043204206371N00148924EA0129801367
B1043214206370N00148918EA0130201371
B1043224206370N00148913EA0130501375
B1043234206369N00148908EA0130701378
B1043244206368N00148902EA0131001381
B1043254206365N00148896EA0131101382
B1043264206362N00148891EA0131101383
B1043274206358N00148886EA0131201384
B1043284206354N00148883EA0131401385
B1043294206349N00148882EA0131601387
B1043304206346N00148884EA0131701388
B1043314206343N00148889EA0131701389
B1043324206342N00148894EA0131701389
B1043334206342N00148900EA0131801390
B1043344206343N00148907EA0131901390
B1043354206347N00148911EA0131801390
B1043364206352N00148914EA0131801390
B1043374206358N00148914EA0131701389
B1043384206364N00148912EA0131801389
B1043394206369N00148907EA0131901390
B1043404206373N00148901EA0132101392
B1043414206375N00148893EA0132401394
B1043424206374N00148887EA0132601397
B1043434206372N00148881EA0132901400
B1043444206368N00148876EA0133101402
B1043454206364N00148872EA0133301404
B1043464206358N00148870EA0133501406
B1043474206354N00148870EA0133801409
B1043484206350N00148873EA0134001411
B1043494206348N00148878EA0134001413
B1043504206348N00148883EA0134001413
B1043514206351N00148888EA0134001413
B1043524206356N00148891EA0134001412
B1043534206363N00148892EA0134101412
B1043544206368N00148891EA0134401416
B1043554206372N00148889EA0134701420
B1043564206375N00148886EA0135001423
B1043574206378N00148881EA0135101425
B1043584206380N00148876EA0135301426
B1043594206380N00148868EA0135501427
B1044004206379N00148860EA0135601429
B1044014206375N00148854EA0135701429
B1044024206369N00148851EA0135701430
B1044034206364N00148849EA0135801431
B1044044206359N00148848EA0136001433
B1044054206356N00148848EA0136401436
B1044064206352N00148849EA0136501439
B1044074206349N00148852EA0136501439
B1044084206346N00148856EA0136501438
B1044094206345N00148862EA0136601439
B1044104206345N00148868EA0136601439
B1044114206348N00148874EA0136601440
B1044124206351N00148879EA0136601440
B1044134206355N00148884EA0136701441
B1044144206359N00148887EA0136901441
B1044154206364N00148890EA0136901443
B1044164206368N00148892EA0137001444
B1044174206373N00148893EA0137101445
B1044184206379N00148892EA0137101445
B1044194206384N00148890EA0137201445
B1044204206390N00148887EA0137301446
B1044214206394N00148883EA0137401447
B1044224206398N00148879EA0137501449
B1044234206402N00148874EA0137801451
B1044244206405N00148868EA0138101454
B1044254206406N00148863EA0138301456
B1044264206406N00148856EA0138401458
B1044274206405N00148850EA0138601460
B1044284206403N00148845EA0138701462
B1044294206400N00148841EA0138701464
B1044304206396N00148838EA0138701464
B1044314206390N00148837EA0138601462
B1044324206385N00148839EA0138501462
B1044334206380N00148843EA0138601462
B1044344206377N00148848EA0138701463
B1044354206376N00148855EA0138801464
B1044364206377N00148861EA0138701464
B1044374206380N00148868EA0138701464
B1044384206384N00148873EA0138701464
B1044394206390N00148875EA0138701463
B1044404206396N00148875EA0138601463
B1044414206402N00148873EA0138801464
B1044424206406N00148870EA0139001466
B1044434206409N00148865EA0139201468
B1044444206411N00148861EA0139301469
B1044454206413N00148856EA0139401470
B1044464206414N00148851EA0139501471
B1044474206414N00148847EA0139501472
B1044484206414N00148842EA0139601473
B1044494206414N00148836EA0139701473
B1044504206412N00148830EA0139801474
B1044514206410N00148826EA0139901475
B1044524206406N00148823EA0139901477
B1044534206402N00148822EA0139901477
B1044544206397N00148822EA0139901476
B1044554206392N00148824EA0139901475
B1044564206386N00148826EA0140001476
B1044574206382N00148829EA0140201478
B1044584206378N00148833EA0140401480
B1044594206375N00148838EA0140301481
B1045004206374N00148843EA0140401481
B1045014206372N00148850EA0140301480
B1045024206372N00148856EA0140201479
B1045034206373N00148863EA0140101478
B1045044206376N00148870EA0139901477
B1045054206381N00148876EA0139801475
B1045064206386N00148880EA0139701474
B1045074206392N00148882EA0139601473
B1045084206397N00148880EA0139401472
B1045094206402N00148876EA0139101469
B1045104206405N00148869EA0138901465
B1045114206407N00148861EA0138701463
B1045124206408N00148854EA0138801463
B1045134206407N00148848EA0139001465
B1045144206405N00148843EA0138901466
B1045154206402N00148839EA0138901466
B1045164206399N00148834EA0139001466
B1045174206397N00148830EA0139001466
B1045184206395N00148826EA0139001467
B1045194206394N00148821EA0139101467
B1045204206392N00148817EA0139101467
B1045214206389N00148812EA0139201467
B1045224206387N00148807EA0139201467
B1045234206384N00148803EA0139201468
B1045244206382N00148799EA0139301468
B1045254206379N00148795EA0139201468
B1045264206376N00148790EA0139201468
B1045274206373N00148783EA0139201467
B1045284206370N00148777EA0139201467
B1045294206367N00148771EA0139201468
B1045304206363N00148765EA0139301468
B1045314206359N00148760EA0139401469
B1045324206356N00148756EA0139501470
B1045334206354N00148751EA0139501471
B1045344206352N00148745EA0139501471
B1045354206349N00148739EA0139501470
B1045364206347N00148733EA0139401469
B1045374206344N00148727EA0139401469
B1045384206341N00148721EA0139301469
B1045394206338N00148715EA0139401469
B1045404206335N00148710EA0139601470
B1045414206332N00148705EA0139701471
B1045424206329N00148699EA0139801473
B1045434206327N00148692EA0140001475
B1045444206324N00148687EA0140101476
B1045454206322N00148682EA0140201478
B1045464206320N00148677EA0140201479
B1045474206317N00148674EA0140101478
B1045484206315N00148670EA0139801476
B1045494206311N00148665EA0139601473
B1045504206307N00148661EA0139301470
B1045514206303N00148656EA0139101467
B1045524206300N00148651EA0139001466
B1045534206296N00148647EA0138801465
B1045544206293N00148642EA0138501462
B1045554206289N00148638EA0138301460
B1045564206285N00148633EA0138101457
B1045574206280N00148627EA0137901455
B1045584206276N00148622EA0137901455
B1045594206274N00148616EA0137801455
B1046004206271N00148610EA0137901454
B1046014206267N00148604EA0137801454
B1046024206262N00148598EA0137901453
B1046034206257N00148591EA0138101455
B1046044206252N00148584EA0138401458
B1046054206248N00148580EA0138801463
B1046064206244N00148577EA0139301468
B1046074206240N00148576EA0139701472
B1046084206235N00148576EA0139801474
B1046094206230N00148577EA0140001475
B1046104206224N00148580EA0140101476
B1046114206220N00148585EA0140201477
B1046124206219N00148592EA0140201477
B1046134206221N00148600EA0140201477
B1046144206224N00148606EA0140301477
B1046154206229N00148609EA0140601480
B1046164206234N00148608EA0141101485
B1046174206238N00148603EA0141501489
B1046184206241N00148598EA0141801492
B1046194206243N00148592EA0142001496
B1046204206245N00148586EA0142301498
B1046214206247N00148580EA0142601502
B1046224206247N00148571EA0142701503
B1046234206246N00148561EA0143001505
B1046244206243N00148554EA0143301508
B1046254206238N00148550EA0143601513
B1046264206233N00148549EA0143801515
B1046274206228N00148550EA0143901516
B1046284206223N00148552EA0144001517
B1046294206218N00148556EA0144001517
B1046304206216N00148562EA0144101518
B1046314206215N00148570EA0144201517
B1046324206217N00148577EA0144301518
B1046334206221N00148580EA0144701521
B1046344206226N00148580EA0145001525
B1046354206231N00148577EA0145201527
B1046364206235N00148571EA0145401530
B1046374206238N00148563EA0145801533
B1046384206239N00148556EA0146101538
B1046394206238N00148549EA0146401541
B1046404206235N00148541EA0146701544
B1046414206230N00148535EA0146901546
B1046424206225N00148532EA0147101548
B1046434206218N00148531EA0147201550
B1046444206212N00148533EA0147301552
B1046454206207N00148537EA0147501554
B1046464206204N00148541EA0147701555
B1046474206202N00148547EA0147601556
B1046484206201N00148554EA0147601556
B1046494206201N00148561EA0147801557
B1046504206204N00148566EA0148001558
B1046514206208N00148568EA0148101560
B1046524206213N00148568EA0148301561
B1046534206218N00148563EA0148501564
B1046544206220N00148556EA0148801566
B1046554206220N00148548EA0149001569
B1046564206218N00148540EA0149101571
B1046574206215N00148532EA0149301573
B1046584206211N00148525EA0149501575
B1046594206206N00148519EA0149601577
B1047004206200N00148514EA0149901579
B1047014206195N00148513EA0150201581
B1047024206189N00148514EA0150301583
B1047034206184N00148517EA0150301584
B1047044206181N00148522EA0150201584
B1047054206179N00148528EA0150201583
B1047064206180N00148534EA0150201583
B1047074206184N00148539EA0150201583
B1047084206188N00148541EA0150301584
B1047094206193N00148541EA0150401585
B1047104206198N00148538EA0150601586
B1047114206202N00148534EA0150701588
B1047124206205N00148528EA0151001590
B1047134206207N00148521EA0151201592
B1047144206208N00148512EA0151401594
B1047154206207N00148504EA0151601597
B1047164206205N00148495EA0151901599
B1047174206201N00148487EA0152001600
B1047184206196N00148480EA0152001601
B1047194206189N00148475EA0152201602
B1047204206183N00148473EA0152401605
B1047214206177N00148473EA0152701607
B1047224206173N00148475EA0152901611
B1047234206170N00148478EA0153201614
B1047244206168N00148480EA0153401616
B1047254206168N00148484EA0153401618
B1047264206170N00148487EA0153501618
B1047274206172N00148491EA0153401618
B1047284206175N00148494EA0153701618
B1047294206178N00148496EA0153901621
B1047304206182N00148494EA0154001623
B1047314206186N00148490EA0153901623
B1047324206190N00148481EA0153901622
B1047334206192N00148471EA0154001622
B1047344206192N00148460EA0154201625
B1047354206189N00148451EA0154601628
B1047364206185N00148444EA0154901631
B1047374206180N00148439EA0155001633
B1047384206174N00148436EA0155201635
B1047394206168N00148436EA0155301635
B1047404206163N00148437EA0155401636
B1047414206160N00148441EA0155501638
B1047424206159N00148445EA0155501640
B1047434206161N00148449EA0155601640
B1047444206163N00148453EA0155601640
B1047454206166N00148456EA0155801642
B1047464206169N00148458EA0156001644
B1047474206174N00148459EA0156201647
B1047484206179N00148458EA0156301648
B1047494206185N00148454EA0156601650
B1047504206189N00148447EA0156701652
B1047514206190N00148438EA0156901654
B1047524206189N00148429EA0157101657
B1047534206187N00148420EA0157301659
B1047544206183N00148413EA0157601661
B1047554206178N00148407EA0157801664
B1047564206173N00148405EA0157901666
B1047574206168N00148405EA0158201667
B1047584206163N00148408EA0158201669
B1047594206161N00148412EA0158401670
B1048004206160N00148417EA0158501672
B1048014206162N00148420EA0158701674
B1048024206166N00148422EA0158801675
B1048034206172N00148422EA0159001676
B1048044206176N00148419EA0159301679
B1048054206179N00148413EA0159401682
B1048064206182N00148405EA0159601684
B1048074206183N00148395EA0159801685
B1048084206184N00148384EA0160001687
B1048094206183N00148375EA0160301690
B1048104206180N00148367EA0160501694
B1048114206177N00148360EA0160701697
B1048124206172N00148355EA0160801697
B1048134206166N00148352EA0160901698
B1048144206159N00148351EA0161101698
B1048154206154N00148353EA0161101698
B1048164206150N00148355EA0161201700
B1048174206146N00148356EA0161301701
B1048184206142N00148357EA0161301703
B1048194206139N00148359EA0161501704
B1048204206137N00148363EA0161601705
B1048214206135N00148368EA0161801706
B1048224206134N00148372EA0162001708
B1048234206134N00148375EA0162201711
B1048244206135N00148377EA0162301713
B1048254206138N00148379EA0162401714
B1048264206143N00148380EA0162301713
B1048274206148N00148379EA0162401713
B1048284206154N00148375EA0162501714
B1048294206158N00148367EA0162701716
B1048304206160N00148357EA0162801717
B1048314206159N00148346EA0162901719
B1048324206156N00148336EA0163101720
B1048334206152N00148327EA0163301722
B1048344206146N00148321EA0163501724
B1048354206141N00148316EA0163601725
B1048364206135N00148313EA0163701727
B1048374206130N00148311EA0163801728
B1048384206125N00148310EA0164001730
B1048394206121N00148312EA0164101731
B1048404206118N00148315EA0164101732
B1048414206115N00148318EA0164101732
B1048424206113N00148322EA0164401733
B1048434206113N00148326EA0164501735
B1048444206116N00148329EA0164501735
B1048454206120N00148332EA0164501735
B1048464206123N00148336EA0164601736
B1048474206127N00148339EA0164701737
B1048484206130N00148342EA0164801739
B1048494206134N00148342EA0164901740
B1048504206138N00148343EA0164901741
B1048514206142N00148343EA0164801740
B1048524206147N00148345EA0164701739
B1048534206151N00148349EA0164601738
B1048544206154N00148352EA0164601737
B1048554206158N00148355EA0164601738
B1048564206161N00148357EA0164801740
B1048574206164N00148359EA0164901741
B1048584206166N00148361EA0165001742
B1048594206170N00148363EA0165101742
B1049004206173N00148365EA0165101743
B1049014206177N00148366EA0165301744
B1049024206182N00148364EA0165501745
B1049034206187N00148360EA0165801748
B1049044206191N00148353EA0166101751
B1049054206192N00148343EA0166301753
B1049064206191N00148332EA0166501755
B1049074206187N00148323EA0166801758
B1049084206181N00148319EA0167101762
B1049094206175N00148320EA0167301764
B1049104206171N00148324EA0167401765
B1049114206169N00148329EA0167601768
B1049124206170N00148333EA0167901771
B1049134206174N00148335EA0168101774
B1049144206177N00148335EA0168301776
B1049154206182N00148334EA0168601779
B1049164206187N00148332EA0168901781
B1049174206192N00148327EA0169101784
B1049184206195N00148319EA0169401787
B1049194206197N00148308EA0169601789
B1049204206196N00148298EA0169901792
B1049214206193N00148288EA0170201795
B1049224206189N00148281EA0170501798
B1049234206183N00148278EA0170701800
B1049244206177N00148278EA0171001803
B1049254206173N00148282EA0171201805
B1049264206171N00148287EA0171501808
B1049274206172N00148291EA0171701811
B1049284206174N00148295EA0172001814
B1049294206177N00148298EA0172201817
B1049304206181N00148299EA0172501820
B1049314206185N00148298EA0172801823
B1049324206190N00148294EA0172901825
B1049334206195N00148287EA0173301827
B1049344206196N00148277EA0173501829
B1049354206196N00148267EA0173801833
B1049364206192N00148258EA0174301836
B1049374206187N00148250EA0174501840
B1049384206182N00148246EA0174801843
B1049394206176N00148245EA0175101847
B1049404206172N00148247EA0175301849
B1049414206171N00148252EA0175501851
B1049424206172N00148256EA0175701853
B1049434206175N00148259EA0175901855
B1049444206179N00148261EA0176201858
B1049454206184N00148260EA0176401861
B1049464206189N00148258EA0176701863
B1049474206194N00148253EA0176901866
B1049484206198N00148247EA0177301869
B1049494206200N00148238EA0177501872
B1049504206200N00148229EA0177801875
B1049514206197N00148220EA0178101878
B1049524206193N00148213EA0178401881
B1049534206187N00148209EA0178701884
B1049544206182N00148206EA0179001888
B1049554206177N00148205EA0179401892
B1049564206172N00148205EA0179801895
B1049574206169N00148206EA0180101900
B1049584206168N00148209EA0180201902
B1049594206168N00148213EA0180401904
B1050004206170N00148217EA0180601905
B1050014206173N00148219EA0180801907
B1050024206177N00148219EA0180901910
B1050034206181N00148218EA0181101911
B1050044206186N00148214EA0181101912
B1050054206191N00148209EA0181201913
B1050064206196N00148202EA0181301914
B1050074206200N00148193EA0181601915
B1050084206201N00148183EA0181801918
B1050094206199N00148174EA0182001921
B1050104206195N00148166EA0182201923
B1050114206189N00148160EA0182201923
B1050124206183N00148158EA0182301924
B1050134206177N00148158EA0182401925
B1050144206172N00148160EA0182701927
B1050154206170N00148164EA0182901930
B1050164206170N00148168EA0183101932
B1050174206172N00148171EA0183201934
B1050184206176N00148172EA0183301935
B1050194206180N00148172EA0183601937
B1050204206185N00148170EA0183601938
B1050214206190N00148167EA0183701939
B1050224206196N00148162EA0183801940
B1050234206201N00148156EA0184001941
B1050244206205N00148147EA0184201943
B1050254206207N00148137EA0184301945
B1050264206206N00148127EA0184401946
B1050274206203N00148117EA0184501947
B1050284206198N00148110EA0184601948
B1050294206191N00148107EA0184701949
B1050304206185N00148107EA0184701950
B1050314206180N00148108EA0184901951
B1050324206176N00148111EA0185001954
B1050334206174N00148114EA0185201956
B1050344206173N00148118EA0185501958
B1050354206172N00148123EA0185601959
B1050364206173N00148127EA0185801961
B1050374206175N00148131EA0185901963
B1050384206179N00148133EA0186101965
B1050394206184N00148131EA0186201967
B1050404206189N00148126EA0186301968
B1050414206194N00148118EA0186401968
B1050424206199N00148109EA0186501969
B1050434206201N00148099EA0186801971
B1050444206201N00148089EA0186901974
B1050454206199N00148078EA0187001975
B1050464206196N00148069EA0187101976
B1050474206192N00148061EA0187301978
B1050484206187N00148057EA0187401980
B1050494206182N00148055EA0187501980
B1050504206176N00148056EA0187601980
B1050514206172N00148059EA0187601981
B1050524206171N00148064EA0187701983
B1050534206171N00148069EA0188001985
B1050544206174N00148072EA0188301988
B1050554206178N00148072EA0188401990
B1050564206183N00148068EA0188401991
B1050574206188N00148062EA0188301990
B1050584206193N00148053EA0188301989
B1050594206197N00148043EA0188301989
B1051004206198N00148033EA0188401990
B1051014206198N00148023EA0188501992
B1051024206195N00148014EA0188501992
B1051034206191N00148006EA0188501992
B1051044206185N00147999EA0188501991
B1051054206180N00147993EA0188601993
B1051064206175N00147989EA0189001996
B1051074206171N00147986EA0189201999
B1051084206166N00147983EA0189402001
B1051094206161N00147981EA0189502001
B1051104206156N00147980EA0189402001
B1051114206151N00147982EA0189702002
B1051124206149N00147986EA0189802004
B1051134206150N00147991EA0189902006
B1051144206153N00147994EA0190102007
B1051154206157N00147995EA0190302010
B1051164206162N00147993EA0190502013
B1051174206166N00147989EA0190702015
B1051184206170N00147983EA0190902016
B1051194206174N00147977EA0191102018
B1051204206177N00147968EA0191102019
B1051214206179N00147958EA0191302020
B1051224206178N00147947EA0191402021
B1051234206175N00147937EA0191502022
B1051244206170N00147930EA0191502023
B1051254206164N00147925EA0191602024
B1051264206159N00147922EA0191802025
B1051274206154N00147921EA0192002027
B1051284206150N00147922EA0192202029
B1051294206148N00147925EA0192202031
B1051304206148N00147929EA0192302032
B1051314206148N00147933EA0192302032
B1051324206149N00147937EA0192402032
B1051334206151N00147940EA0192502033
B1051344206155N00147942EA0192602033
B1051354206160N00147942EA0192702035
B1051364206165N00147938EA0192902037
B1051374206170N00147932EA0193102039
B1051384206174N00147924EA0193202041
B1051394206177N00147915EA0193502043
B1051404206177N00147905EA0193702046
B1051414206175N00147896EA0193802047
B1051424206171N00147887EA0193902048
B1051434206166N00147880EA0194002049
B1051444206162N00147874EA0194302051
B1051454206157N00147871EA0194402054
B1051464206154N00147872EA0194302054
B1051474206151N00147875EA0194302052
B1051484206149N00147879EA0194202051
B1051494206148N00147883EA0194202051
B1051504206146N00147887EA0194302052
B1051514206145N00147890EA0194302053
B1051524206145N00147893EA0194502054
B1051534206145N00147898EA0194302054
B1051544206146N00147903EA0194302052
B1051554206147N00147909EA0194302051
B1051564206150N00147915EA0194302051
B1051574206153N00147919EA0194302052
B1051584206157N00147923EA0194702055
B1051594206162N00147923EA0195002058
B1052004206166N00147920EA0195302062
B1052014206171N00147916EA0195502063
B1052024206175N00147911EA0195602065
B1052034206179N00147906EA0195802066
B1052044206183N00147899EA0195802067
B1052054206185N00147890EA0195802068
B1052064206186N00147880EA0195902068
B1052074206186N00147871EA0196102069
B1052084206184N00147862EA0196302072
B1052094206181N00147854EA0196402074
B1052104206177N00147847EA0196602076
B1052114206172N00147843EA0196602076
B1052124206167N00147840EA0196602076
B1052134206161N00147839EA0196702076
B1052144206157N00147840EA0196802077
B1052154206154N00147844EA0196802078
B1052164206153N00147850EA0196902078
B1052174206155N00147856EA0196902078
B1052184206159N00147860EA0196902078
B1052194206164N00147862EA0197002079
B1052204206169N00147861EA0197102081
B1052214206175N00147858EA0197302083
B1052224206179N00147852EA0197402085
B1052234206183N00147846EA0197602087
B1052244206186N00147838EA0197702088
B1052254206187N00147829EA0197702089
B1052264206186N00147819EA0197802089
B1052274206183N00147810EA0197902090
B1052284206178N00147804EA0198002091
B1052294206173N00147801EA0198102092
B1052304206168N00147801EA0198102092
B1052314206164N00147804EA0198202093
B1052324206162N00147807EA0198202094
B1052334206161N00147812EA0198302095
B1052344206161N00147816EA0198402096
B1052354206163N00147821EA0198402096
B1052364206166N00147825EA0198502097
B1052374206169N00147828EA0198602098
B1052384206172N00147831EA0198702099
B1052394206176N00147833EA0198902100
B1052404206181N00147833EA0199002102
B1052414206185N00147831EA0199202104
B1052424206190N00147827EA0199302104
B1052434206196N00147822EA0199302103
B1052444206201N00147815EA0199402104
B1052454206204N00147806EA0199602106
B1052464206205N00147795EA0199702108
B1052474206204N00147785EA0199802110
B1052484206201N00147775EA0199902111
B1052494206197N00147767EA0200102113
B1052504206193N00147760EA0200202114
B1052514206188N00147756EA0200302115
B1052524206183N00147754EA0200302115
B1052534206179N00147754EA0200202115
B1052544206175N00147756EA0200202115
B1052554206173N00147760EA0200102114
B1052564206172N00147765EA0200002113
B1052574206173N00147770EA0200002112
B1052584206176N00147775EA0199902112
B1052594206180N00147779EA0200002112
B1053004206185N00147781EA0200102113
B1053014206190N00147780EA0200402116
B1053024206195N00147779EA0200602118
B1053034206200N00147776EA0200802120
B1053044206205N00147772EA0200902122
B1053054206209N00147766EA0201002123
B1053064206214N00147759EA0201102124
B1053074206217N00147750EA0201202124
B1053084206219N00147740EA0201302125
B1053094206219N00147729EA0201402127
B1053104206217N00147719EA0201602128
B1053114206214N00147710EA0201702129
B1053124206210N00147704EA0201802131
B1053134206206N00147700EA0201902132
B1053144206201N00147698EA0201902133
B1053154206197N00147699EA0201702131
B1053164206193N00147701EA0201602130
B1053174206190N00147705EA0201702130
B1053184206190N00147709EA0201702131
B1053194206190N00147713EA0201802131
B1053204206190N00147717EA0201802131
B1053214206192N00147721EA0201802131
B1053224206194N00147725EA0201902131
B1053234206198N00147728EA0202002132
B1053244206203N00147729EA0202002133
B1053254206208N00147727EA0202202134
B1053264206214N00147723EA0202302135
B1053274206218N00147716EA0202502137
B1053284206223N00147709EA0202502138
B1053294206226N00147700EA0202702140
B1053304206227N00147690EA0202902142
B1053314206228N00147680EA0203102144
B1053324206226N00147671EA0203202145
B1053334206223N00147663EA0203202146
B1053344206219N00147656EA0203302146
B1053354206213N00147653EA0203302147
B1053364206208N00147652EA0203302147
B1053374206205N00147654EA0203202146
B1053384206203N00147658EA0203102146
B1053394206202N00147662EA0203102145
B1053404206202N00147666EA0203102145
B1053414206203N00147670EA0203102146
B1053424206206N00147673EA0203002145
B1053434206211N00147676EA0203102144
B1053444206216N00147677EA0203202145
B1053454206221N00147676EA0203402148
B1053464206226N00147674EA0203602150
B1053474206231N00147669EA0203802152
B1053484206235N00147664EA0204002154
B1053494206239N00147658EA0204102155
B1053504206241N00147650EA0204002156
B1053514206243N00147642EA0204002155
B1053524206244N00147632EA0203902154
B1053534206244N00147621EA0203902153
B1053544206241N00147612EA0203902154
B1053554206237N00147604EA0203902155
B1053564206232N00147599EA0204102156
B1053574206228N00147596EA0204202157
B1053584206223N00147595EA0204102157
B1053594206219N00147596EA0204102156
B1054004206216N00147598EA0204002155
B1054014206213N00147600EA0203902155
B1054024206212N00147604EA0203802154
B1054034206212N00147609EA0203802153
B1054044206213N00147613EA0203702152
B1054054206214N00147617EA0203702152
B1054064206217N00147621EA0203802152
B1054074206219N00147625EA0203802152
B1054084206222N00147628EA0203802153
B1054094206226N00147632EA0203802153
B1054104206229N00147635EA0203902153
B1054114206232N00147638EA0204002154
B1054124206236N00147641EA0203902154
B1054134206240N00147642EA0204102155
B1054144206245N00147642EA0204102155
B1054154206251N00147639EA0204002154
B1054164206257N00147634EA0204002153
B1054174206262N00147629EA0204002153
B1054184206266N00147622EA0204002154
B1054194206267N00147614EA0204002154
B1054204206268N00147605EA0203802153
B1054214206267N00147596EA0203702152
B1054224206265N00147587EA0203602150
B1054234206264N00147577EA0203502150
B1054244206264N00147568EA0203702151
B1054254206263N00147560EA0203902153
B1054264206263N00147552EA0204002156
B1054274206261N00147544EA0204102157
B1054284206259N00147536EA0204102157
B1054294206256N00147528EA0204202157
B1054304206252N00147521EA0204202157
B1054314206248N00147517EA0204202158
B1054324206243N00147516EA0204102157
B1054334206238N00147517EA0204002156
B1054344206235N00147519EA0204002155
B1054354206232N00147523EA0203902155
B1054364206231N00147527EA0203902155
B1054374206232N00147532EA0204002155
B1054384206233N00147536EA0203902156
B1054394206234N00147541EA0203902156
B1054404206236N00147544EA0204002157
B1054414206238N00147548EA0204102157
B1054424206240N00147552EA0204102157
B1054434206242N00147555EA0204002157
B1054444206243N00147559EA0203902156
B1054454206244N00147563EA0203802154
B1054464206243N00147569EA0203702153
B1054474206243N00147574EA0203702152
B1054484206242N00147579EA0203702152
B1054494206241N00147584EA0203902153
B1054504206241N00147589EA0203902154
B1054514206241N00147594EA0204002155
B1054524206242N00147599EA0204102156
B1054534206242N00147604EA0204102156
B1054544206244N00147609EA0204102156
B1054554206245N00147614EA0204102156
B1054564206247N00147619EA0204102157
B1054574206249N00147624EA0204102156
B1054584206250N00147629EA0204002156
B1054594206252N00147634EA0204002155
B1055004206254N00147638EA0203902154
B1055014206254N00147642EA0203702152
B1055024206253N00147646EA0203402149
B1055034206253N00147651EA0203102146
B1055044206253N00147657EA0202802142
B1055054206255N00147664EA0202202138
B1055064206256N00147672EA0201802133
B1055074206256N00147679EA0201602130
B1055084206255N00147685EA0201502129
B1055094206255N00147690EA0201402128
B1055104206254N00147695EA0201402128
B1055114206254N00147700EA0201202126
B1055124206254N00147706EA0200902122
B1055134206253N00147713EA0200602118
B1055144206252N00147719EA0200402115
B1055154206252N00147725EA0200102114
B1055164206252N00147731EA0200002112
B1055174206251N00147736EA0199702110
B1055184206251N00147742EA0199502107
B1055194206250N00147749EA0199202103
B1055204206249N00147756EA0198902100
B1055214206248N00147763EA0198702097
B1055224206248N00147770EA0198502096
B1055234206247N00147776EA0198302094
B1055244206247N00147782EA0198002092
B1055254206248N00147789EA0197802089
B1055264206249N00147795EA0197502086
B1055274206249N00147802EA0197302084
B1055284206249N00147808EA0197202082
B1055294206250N00147814EA0197002080
B1055304206250N00147820EA0196802079
B1055314206251N00147826EA0196602076
B1055324206251N00147833EA0196302074
B1055334206251N00147839EA0196102071
B1055344206250N00147846EA0195802068
B1055354206251N00147852EA0195602066
B1055364206251N00147859EA0195302064
B1055374206252N00147866EA0195102061
B1055384206253N00147874EA0194902058
B1055394206253N00147881EA0194702055
B1055404206253N00147889EA0194402053
B1055414206254N00147896EA0194302052
B1055424206254N00147902EA0194002050
B1055434206256N00147909EA0193802047
B1055444206257N00147916EA0193502044
B1055454206258N00147924EA0193302041
B1055464206258N00147931EA0193102039
B1055474206259N00147937EA0193102039
B1055484206260N00147944EA0193002038
B1055494206261N00147950EA0192902037
B1055504206262N00147957EA0192802036
B1055514206263N00147963EA0192802036
B1055524206265N00147968EA0192902036
B1055534206266N00147974EA0192902037
B1055544206267N00147979EA0192902037
B1055554206269N00147985EA0193102038
B1055564206271N00147990EA0193202039
B1055574206273N00147995EA0193402041
B1055584206275N00148000EA0193502043
B1055594206276N00148005EA0193602044
B1056004206277N00148010EA0193802045
B1056014206276N00148015EA0193802046
B1056024206274N00148020EA0193802046
B1056034206271N00148024EA0193802046
B1056044206268N00148027EA0193902047
B1056054206265N00148031EA0194102048
B1056064206263N00148036EA0194202049
B1056074206263N00148041EA0194302050
B1056084206264N00148046EA0194302051
B1056094206267N00148050EA0194402051
B1056104206270N00148053EA0194502052
B1056114206275N00148054EA0194502053
B1056124206280N00148053EA0194502053
B1056134206284N00148049EA0194502052
B1056144206288N00148044EA0194402053
B1056154206291N00148038EA0194502053
B1056164206294N00148031EA0194502053
B1056174206296N00148024EA0194502054
B1056184206298N00148017EA0194602054
B1056194206300N00148010EA0194602054
B1056204206302N00148003EA0194602054
B1056214206303N00147995EA0194602055
B1056224206303N00147986EA0194602055
B1056234206303N00147978EA0194602055
B1056244206301N00147970EA0194702055
B1056254206299N00147963EA0194702056
B1056264206296N00147956EA0195002058
B1056274206293N00147951EA0195202060
B1056284206289N00147948EA0195302063
B1056294206285N00147947EA0195502064
B1056304206281N00147948EA0195702065
B1056314206278N00147950EA0195702066
B1056324206276N00147954EA0195802067
B1056334206275N00147960EA0195902067
B1056344206278N00147965EA0195902068
B1056354206283N00147970EA0196002068
B1056364206289N00147971EA0196002068
B1056374206295N00147970EA0196202070
B1056384206301N00147965EA0196402072
B1056394206305N00147959EA0196402073
B1056404206308N00147950EA0196502073
B1056414206309N00147940EA0196502073
B1056424206309N00147930EA0196602073
B1056434206308N00147922EA0196802075
B1056444206306N00147915EA0197002078
B1056454206303N00147911EA0197102080
B1056464206299N00147909EA0197202081
B1056474206295N00147908EA0197302081
B1056484206291N00147910EA0197302082
B1056494206288N00147912EA0197502083
B1056504206284N00147914EA0197702085
B1056514206280N00147914EA0197702087
B1056524206276N00147913EA0197802087
B1056534206273N00147913EA0197802088
B1056544206270N00147914EA0197802088
B1056554206267N00147917EA0197702087
B1056564206265N00147921EA0197602085
B1056574206263N00147926EA0197702085
B1056584206264N00147932EA0197802086
B1056594206266N00147936EA0197902088
B1057004206267N00147940EA0197902089
B1057014206269N00147943EA0197902090
B1057024206270N00147947EA0197902089
B1057034206273N00147951EA0197802088
B1057044206276N00147954EA0197802088
B1057054206281N00147957EA0197902089
B1057064206285N00147959EA0198102090
B1057074206290N00147959EA0198302092
B1057084206294N00147958EA0198402094
B1057094206298N00147956EA0198502095
B1057104206302N00147953EA0198402095
B1057114206306N00147949EA0198302094
B1057124206311N00147943EA0198102091
B1057134206315N00147937EA0198002090
B1057144206319N00147930EA0198002090
B1057154206321N00147924EA0198002090
B1057164206322N00147917EA0198002090
B1057174206324N00147910EA0198002090
B1057184206325N00147902EA0198102090
B1057194206327N00147895EA0198102091
B1057204206328N00147887EA0198302093
B1057214206328N00147880EA0198402094
B1057224206327N00147873EA0198502095
B1057234206325N00147866EA0198602096
B1057244206323N00147860EA0198602097
B1057254206320N00147855EA0198702098
B1057264206317N00147852EA0198702098
B1057274206312N00147851EA0198602097
B1057284206308N00147853EA0198602096
B1057294206305N00147857EA0198602097
B1057304206304N00147862EA0198602098
B1057314206306N00147867EA0198602098
B1057324206310N00147872EA0198702097
B1057334206315N00147876EA0198702097
B1057344206320N00147878EA0198902099
B1057354206326N00147877EA0199102101
B1057364206332N00147873EA0199302103
B1057374206337N00147869EA0199402104
B1057384206341N00147864EA0199502105
B1057394206344N00147858EA0199502106
B1057404206348N00147851EA0199602106
B1057414206350N00147844EA0199702107
B1057424206350N00147836EA0199702108
B1057434206349N00147828EA0199702108
B1057444206346N00147822EA0199602108
B1057454206341N00147817EA0199602107
B1057464206336N00147815EA0199502106
B1057474206331N00147816EA0199402104
B1057484206327N00147820EA0199302103
B1057494206325N00147826EA0199202103
B1057504206324N00147832EA0199202103
B1057514206325N00147839EA0199202103
B1057524206328N00147845EA0199302104
B1057534206332N00147850EA0199302104
B1057544206337N00147854EA0199402104
B1057554206343N00147855EA0199402105
B1057564206350N00147855EA0199502105
B1057574206356N00147852EA0199502105
B1057584206362N00147849EA0199602106
B1057594206367N00147843EA0199602106
B1058004206372N00147836EA0199602107
B1058014206375N00147828EA0199702106
B1058024206377N00147820EA0199702107
B1058034206377N00147811EA0199702108
B1058044206375N00147803EA0199802109
B1058054206372N00147796EA0199902110
B1058064206369N00147791EA0200002111
B1058074206365N00147786EA0200002111
B1058084206360N00147783EA0199902110
B1058094206354N00147780EA0199802109
B1058104206349N00147780EA0199802108
B1058114206344N00147781EA0199602107
B1058124206341N00147784EA0199602106
B1058134206337N00147788EA0199502106
B1058144206335N00147794EA0199602105
B1058154206334N00147800EA0199502105
B1058164206334N00147806EA0199402105
B1058174206334N00147812EA0199602106
B1058184206335N00147818EA0199702107
B1058194206337N00147824EA0199802108
B1058204206339N00147829EA0200002109
B1058214206343N00147834EA0200002111
B1058224206348N00147836EA0200202112
B1058234206353N00147837EA0200202113
B1058244206358N00147836EA0200202113
B1058254206364N00147834EA0200102113
B1058264206369N00147829EA0200202112
B1058274206374N00147822EA0200102112
B1058284206377N00147814EA0200002111
B1058294206378N00147805EA0200002111
B1058304206379N00147795EA0200102112
B1058314206378N00147787EA0200102113
B1058324206376N00147779EA0200202114
B1058334206374N00147773EA0200302116
B1058344206370N00147769EA0200202115
B1058354206366N00147766EA0200102114
B1058364206361N00147764EA0200002112
B1058374206357N00147762EA0199802111
B1058384206352N00147761EA0199802110
B1058394206348N00147759EA0199802110
B1058404206345N00147756EA0199802111
B1058414206341N00147752EA0199802110
B1058424206338N00147747EA0199702109
B1058434206334N00147742EA0199602108
B1058444206330N00147737EA0199602107
B1058454206326N00147731EA0199602107
B1058464206323N00147726EA0199602108
B1058474206320N00147721EA0199602108
B1058484206317N00147716EA0199502107
B1058494206313N00147711EA0199302106
B1058504206310N00147704EA0199202104
B1058514206307N00147697EA0199202103
B1058524206305N00147689EA0199102103
B1058534206303N00147681EA0199302104
B1058544206302N00147674EA0199302105
B1058554206300N00147668EA0199302105
B1058564206298N00147661EA0199202104
B1058574206295N00147653EA0199202103
B1058584206292N00147646EA0199002102
B1058594206289N00147638EA0199002102
B1059004206287N00147631EA0199002101
B1059014206285N00147623EA0198902101
B1059024206284N00147616EA0198802100
B1059034206282N00147608EA0198502099
B1059044206281N00147601EA0198402097
B1059054206278N00147594EA0198102094
B1059064206275N00147585EA0197702090
B1059074206272N00147577EA0197402086
B1059084206269N00147568EA0197102083
B1059094206266N00147560EA0196702080
B1059104206263N00147551EA0196602077
B1059114206260N00147543EA0196302074
B1059124206255N00147534EA0196002070
B1059134206251N00147525EA0195702066
B1059144206246N00147515EA0195502063
B1059154206242N00147506EA0195202061
B1059164206239N00147497EA0195202060
B1059174206235N00147491EA0195102060
B1059184206232N00147485EA0195202061
B1059194206230N00147480EA0195102062
B1059204206228N00147474EA0195302062
B1059214206225N00147469EA0195402063
B1059224206223N00147463EA0195402063
B1059234206220N00147456EA0195402063
B1059244206217N00147450EA0195602065
B1059254206214N00147444EA0195702066
B1059264206212N00147439EA0195802068
B1059274206210N00147433EA0195902069
B1059284206207N00147427EA0195902069
B1059294206204N00147421EA0195902069
B1059304206201N00147415EA0196202071
B1059314206198N00147410EA0196502074
B1059324206196N00147405EA0196802077
B1059334206194N00147400EA0197002080
B1059344206192N00147395EA0197202082
B1059354206188N00147390EA0197502083
B1059364206185N00147386EA0197602085
B1059374206181N00147383EA0197802088
B1059384206177N00147382EA0198202091
B1059394206174N00147382EA0198502094
B1059404206171N00147385EA0198702097
B1059414206168N00147390EA0198902098
B1059424206168N00147398EA0199102100
B1059434206171N00147405EA0199502103
B1059444206177N00147410EA0199802106
B1059454206185N00147411EA0200102109
B1059464206191N00147407EA0200302112
B1059474206196N00147400EA0200602115
B1059484206197N00147391EA0200802117
B1059494206197N00147384EA0201002121
B1059504206195N00147378EA0201402124
B1059514206192N00147373EA0201702127
B1059524206188N00147371EA0202002130
B1059534206184N00147370EA0202202133
B1059544206179N00147371EA0202602136
B1059554206176N00147373EA0202902139
B1059564206173N00147379EA0203202142
B1059574206173N00147387EA0203502146
B1059584206176N00147395EA0203902149
B1059594206181N00147400EA0204302152
B1100004206188N00147401EA0204502156
B1100014206194N00147397EA0204802158
B1100024206198N00147390EA0204902161
B1100034206198N00147382EA0205302164
B1100044206197N00147375EA0205802168
B1100054206195N00147370EA0206102173
B1100064206192N00147366EA0206602178
B1100074206189N00147363EA0207002182
B1100084206185N00147360EA0207302185
B1100094206181N00147359EA0207602189
B1100104206177N00147359EA0208002192
B1100114206174N00147361EA0208302196
B1100124206173N00147366EA0208402198
B1100134206174N00147372EA0208502198
B1100144206176N00147378EA0208602199
B1100154206181N00147383EA0208702201
B1100164206187N00147385EA0208802202
B1100174206193N00147383EA0208902203
B1100184206199N00147378EA0209002205
B1100194206202N00147371EA0209202206
B1100204206204N00147364EA0209402208
B1100214206203N00147357EA0209602210
B1100224206201N00147350EA0209902212
B1100234206198N00147344EA0210202215
B1100244206196N00147339EA0210602219
B1100254206194N00147333EA0210802223
B1100264206191N00147328EA0211102227
B1100274206189N00147323EA0211402229
B1100284206186N00147317EA0211602231
B1100294206183N00147313EA0211802234
B1100304206179N00147310EA0212102236
B1100314206174N00147310EA0212302237
B1100324206170N00147311EA0212402239
B1100334206166N00147314EA0212702242
B1100344206164N00147318EA0212902244
B1100354206163N00147323EA0213202247
B1100364206162N00147328EA0213302249
B1100374206163N00147333EA0213302250
B1100384206165N00147339EA0213402251
B1100394206167N00147344EA0213302250
B1100404206172N00147349EA0213202249
B1100414206177N00147352EA0213202249
B1100424206182N00147354EA0213202249
B1100434206188N00147354EA0213202250
B1100444206194N00147353EA0213302250
B1100454206199N00147351EA0213302251
B1100464206205N00147346EA0213302251
B1100474206210N00147340EA0213302251
B1100484206214N00147333EA0213402251
B1100494206217N00147325EA0213502252
B1100504206220N00147317EA0213702253
B1100514206222N00147311EA0213802256
B1100524206224N00147304EA0214002258
B1100534206226N00147298EA0214102260
B1100544206227N00147291EA0214302261
B1100554206228N00147283EA0214502262
B1100564206228N00147276EA0214602264
B1100574206227N00147271EA0215002267
B1100584206225N00147266EA0215302270
B1100594206223N00147263EA0215502273
B1101004206221N00147259EA0215702275
B1101014206217N00147257EA0216002278
B1101024206214N00147257EA0216202280
B1101034206210N00147262EA0216402282
B1101044206208N00147268EA0216602283
B1101054206208N00147275EA0216602284
B1101064206210N00147282EA0216602285
B1101074206212N00147287EA0216702287
B1101084206216N00147290EA0216802288
B1101094206221N00147291EA0216702287
B1101104206228N00147291EA0216502285
B1101114206235N00147289EA0216402283
B1101124206241N00147284EA0216402282
B1101134206246N00147277EA0216502283
B1101144206248N00147270EA0216702285
B1101154206249N00147263EA0216902287
B1101164206249N00147257EA0217002290
B1101174206247N00147253EA0217302292
B1101184206244N00147250EA0217402293
B1101194206241N00147248EA0217402294
B1101204206236N00147245EA0217602295
B1101214206233N00147243EA0217802296
B1101224206229N00147240EA0217902298
B1101234206226N00147237EA0218002299
B1101244206223N00147234EA0218002300
B1101254206219N00147231EA0218102300
B1101264206215N00147228EA0218002300
B1101274206212N00147223EA0218102301
B1101284206209N00147217EA0218002300
B1101294206206N00147210EA0218102300
B1101304206203N00147203EA0218102301
B1101314206200N00147197EA0218102301
B1101324206196N00147192EA0218302302
B1101334206192N00147187EA0218402303
B1101344206189N00147182EA0218402304
B1101354206185N00147177EA0218502305
B1101364206181N00147173EA0218702306
B1101374206177N00147169EA0218802307
B1101384206173N00147166EA0218902308
B1101394206169N00147164EA0219202310
B1101404206165N00147164EA0219302312
B1101414206162N00147165EA0219502315
B1101424206159N00147167EA0219602316
B1101434206157N00147170EA0219802317
B1101444206156N00147174EA0219902318
B1101454206156N00147178EA0220002320
B1101464206159N00147182EA0220102321
B1101474206162N00147185EA0220202322
B1101484206166N00147188EA0220202323
B1101494206171N00147190EA0220202323
B1101504206178N00147191EA0220202324
B1101514206185N00147192EA0220202323
B1101524206192N00147190EA0220102323
B1101534206199N00147187EA0220002323
B1101544206205N00147181EA0220002322
B1101554206211N00147172EA0219902321
B1101564206215N00147161EA0219902319
B1101574206216N00147149EA0219802319
B1101584206215N00147138EA0219902319
B1101594206212N00147129EA0220002320
B1102004206209N00147122EA0220102322
B1102014206205N00147116EA0220402325
B1102024206201N00147112EA0220602327
B1102034206197N00147108EA0220802329
B1102044206193N00147106EA0221002331
B1102054206189N00147105EA0221102332
B1102064206184N00147104EA0221302334
B1102074206181N00147105EA0221502336
B1102084206178N00147107EA0221602338
B1102094206177N00147111EA0221902340
B1102104206177N00147115EA0222002342
B1102114206179N00147119EA0222202345
B1102124206183N00147123EA0222502347
B1102134206189N00147125EA0222702349
B1102144206196N00147123EA0222802350
B1102154206202N00147118EA0222902352
B1102164206208N00147111EA0223102353
B1102174206211N00147100EA0223202355
B1102184206212N00147089EA0223402356
B1102194206211N00147078EA0223702359
B1102204206209N00147070EA0223902362
B1102214206205N00147063EA0224202365
B1102224206201N00147059EA0224502368
B1102234206196N00147057EA0224702369
B1102244206192N00147056EA0224902371
B1102254206189N00147058EA0225002373
B1102264206187N00147063EA0225302375
B1102274206188N00147068EA0225602378
B1102284206191N00147072EA0225802381
B1102294206196N00147075EA0226102384
B1102304206201N00147074EA0226402388
B1102314206208N00147072EA0226702390
B1102324206214N00147066EA0226802392
B1102334206219N00147059EA0227102394
B1102344206222N00147049EA0227302397
B1102354206223N00147038EA0227502399
B1102364206221N00147028EA0227802402
B1102374206218N00147020EA0227902404
B1102384206213N00147015EA0228202406
B1102394206208N00147014EA0228402409
B1102404206204N00147016EA0228502410
B1102414206201N00147019EA0228602411
B1102424206199N00147024EA0228802413
B1102434206199N00147028EA0229102415
B1102444206201N00147033EA0229402418
B1102454206204N00147036EA0229502421
B1102464206209N00147037EA0229802423
B1102474206215N00147037EA0230002426
B1102484206221N00147034EA0230302428
B1102494206226N00147029EA0230502430
B1102504206231N00147021EA0230602432
B1102514206234N00147012EA0230902435
B1102524206234N00147002EA0231102437
B1102534206232N00146993EA0231402440
B1102544206230N00146985EA0231602442
B1102554206226N00146979EA0231802445
B1102564206223N00146975EA0232002448
B1102574206219N00146972EA0232202450
B1102584206214N00146970EA0232402451
B1102594206210N00146971EA0232502452
B1103004206206N00146974EA0232602453
B1103014206205N00146979EA0232802455
B1103024206207N00146984EA0232902457
B1103034206212N00146988EA0233102458
B1103044206218N00146989EA0233302459
B1103054206225N00146985EA0233502462
B1103064206230N00146978EA0233702464
B1103074206233N00146968EA0233802466
B1103084206234N00146958EA0234002468
B1103094206234N00146948EA0234202470
B1103104206233N00146939EA0234402472
B1103114206231N00146931EA0234602475
B1103124206229N00146923EA0234802477
B1103134206227N00146915EA0234902478
B1103144206224N00146907EA0234902479
B1103154206221N00146898EA0235202481
B1103164206219N00146889EA0235402483
B1103174206218N00146882EA0235702487
B1103184206217N00146876EA0236002490
B1103194206216N00146869EA0236002492
B1103204206214N00146863EA0236202493
B1103214206211N00146855EA0236102492
B1103224206208N00146848EA0236102492
B1103234206204N00146840EA0236202492
B1103244206201N00146832EA0236402494
B1103254206198N00146825EA0236802498
B1103264206195N00146819EA0237102502
B1103274206192N00146814EA0237302505
B1103284206189N00146807EA0237502507
B1103294206186N00146801EA0237802509
B1103304206182N00146794EA0238002511
B1103314206179N00146787EA0238202513
B1103324206177N00146779EA0238402515
B1103334206176N00146771EA0238502517
B1103344206175N00146762EA0238602518
B1103354206174N00146753EA0238802519
B1103364206172N00146744EA0238902521
B1103374206169N00146736EA0239002522
B1103384206165N00146730EA0239102523
B1103394206160N00146727EA0239202524
B1103404206155N00146725EA0239202525
B1103414206150N00146727EA0239102524
B1103424206146N00146731EA0238902522
B1103434206144N00146737EA0239002521
B1103444206145N00146744EA0239002522
B1103454206149N00146749EA0239102523
B1103464206154N00146753EA0239102524
B1103474206160N00146754EA0239302525
B1103484206166N00146754EA0239502527
B1103494206171N00146754EA0239702529
B1103504206177N00146755EA0239902531
B1103514206182N00146755EA0240002533
B1103524206188N00146755EA0240202535
B1103534206194N00146755EA0240402537
B1103544206200N00146755EA0240502538
B1103554206206N00146754EA0240702540
B1103564206211N00146753EA0241002542
B1103574206217N00146750EA0241102544
B1103584206223N00146747EA0241302546
B1103594206228N00146741EA0241502548
B1104004206233N00146735EA0241602549
B1104014206237N00146727EA0241802550
B1104024206241N00146719EA0241902552
B1104034206243N00146711EA0242202555
B1104044206244N00146703EA0242402557
B1104054206243N00146695EA0242502559
B1104064206240N00146688EA0242702560
B1104074206236N00146685EA0242802562
B1104084206232N00146685EA0242902563
B1104094206228N00146689EA0243002563
B1104104206227N00146694EA0243102564
B1104114206227N00146700EA0243202566
B1104124206231N00146706EA0243502569
B1104134206236N00146709EA0243702571
B1104144206242N00146710EA0243802573
B1104154206248N00146709EA0244002575
B1104164206254N00146706EA0244202577
B1104174206260N00146703EA0244402579
B1104184206266N00146700EA0244602580
B1104194206272N00146699EA0244802582
B1104204206278N00146698EA0245002585
B1104214206284N00146697EA0245302588
B1104224206290N00146694EA0245602591
B1104234206296N00146688EA0245802592
B1104244206300N00146681EA0246002594
B1104254206303N00146673EA0246302597
B1104264206304N00146665EA0246502600
B1104274206304N00146657EA0246702603
B1104284206303N00146649EA0246902605
B1104294206302N00146640EA0247102607
B1104304206300N00146632EA0247302609
B1104314206298N00146625EA0247502612
B1104324206295N00146620EA0247702614
B1104334206292N00146616EA0247902617
B1104344206288N00146614EA0248102618
B1104354206284N00146612EA0248202619
B1104364206280N00146613EA0248302620
B1104374206276N00146616EA0248302621
B1104384206273N00146620EA0248302621
B1104394206271N00146625EA0248402622
B1104404206269N00146630EA0248502623
B1104414206268N00146635EA0248702625
B1104424206268N00146641EA0249002627
B1104434206268N00146646EA0249102629
B1104444206269N00146651EA0249302630
B1104454206271N00146656EA0249502632
B1104464206274N00146661EA0249502633
B1104474206277N00146666EA0249502634
B1104484206281N00146671EA0249702634
B1104494206285N00146676EA0249802636
B1104504206290N00146680EA0249902637
B1104514206296N00146682EA0250102638
B1104524206302N00146683EA0250402641
B1104534206308N00146683EA0250702644
B1104544206313N00146683EA0251102648
B1104554206318N00146680EA0251502653
B1104564206322N00146677EA0251602655
B1104574206326N00146674EA0251802657
B1104584206330N00146670EA0251802657
B1104594206334N00146666EA0251902658
B1105004206337N00146660EA0251802657
B1105014206339N00146652EA0251802656
B1105024206339N00146644EA0251802656
B1105034206338N00146637EA0251802657
B1105044206337N00146630EA0251902658
B1105054206335N00146625EA0252102659
B1105064206333N00146619EA0252102660
B1105074206330N00146614EA0252202660
B1105084206325N00146610EA0252202661
B1105094206321N00146608EA0252302661
B1105104206317N00146608EA0252402662
B1105114206313N00146610EA0252502663
B1105124206310N00146613EA0252402663
B1105134206308N00146618EA0252402663
B1105144206306N00146624EA0252402662
B1105154206304N00146630EA0252502662
B1105164206302N00146636EA0252502663
B1105174206300N00146641EA0252602664
B1105184206300N00146646EA0252702666
B1105194206300N00146651EA0252802667
B1105204206300N00146656EA0252902668
B1105214206301N00146662EA0252802668
B1105224206303N00146668EA0252902669
B1105234206305N00146674EA0253002669
B1105244206308N00146680EA0253102670
B1105254206312N00146685EA0252902670
B1105264206316N00146689EA0253002670
B1105274206322N00146693EA0253202670
B1105284206328N00146694EA0253202671
B1105294206334N00146693EA0253202671
B1105304206340N00146688EA0253402672
B1105314206344N00146682EA0253602674
B1105324206346N00146676EA0253802677
B1105334206346N00146669EA0254002679
B1105344206344N00146662EA0254102680
B1105354206342N00146656EA0254202681
B1105364206338N00146651EA0254202682
B1105374206332N00146648EA0254202681
B1105384206326N00146649EA0254302681
B1105394206321N00146653EA0254302682
B1105404206318N00146660EA0254302683
B1105414206319N00146667EA0254302683
B1105424206321N00146674EA0254202683
B1105434206324N00146680EA0254202682
B1105444206329N00146685EA0254202682
B1105454206333N00146689EA0254102682
B1105464206339N00146691EA0254202682
B1105474206345N00146692EA0254302682
B1105484206350N00146689EA0254502684
B1105494206354N00146684EA0254702687
B1105504206355N00146678EA0254802688
B1105514206356N00146671EA0254902689
B1105524206355N00146664EA0255002690
B1105534206351N00146658EA0255002690
B1105544206346N00146655EA0255002690
B1105554206341N00146656EA0255102690
B1105564206337N00146659EA0255002691
B1105574206335N00146665EA0255102691
B1105584206334N00146672EA0255002691
B1105594206336N00146679EA0254902690
B1106004206338N00146686EA0254802689
B1106014206341N00146692EA0254702688
B1106024206346N00146696EA0254702687
B1106034206352N00146698EA0254602686
B1106044206358N00146698EA0254802687
B1106054206363N00146696EA0254902688
B1106064206366N00146693EA0255002690
B1106074206370N00146688EA0255002691
B1106084206373N00146683EA0255002690
B1106094206377N00146677EA0254902690
B1106104206379N00146670EA0255002690
B1106114206379N00146663EA0254902690
B1106124206377N00146655EA0254902689
B1106134206374N00146648EA0254802689
B1106144206371N00146643EA0254802688
B1106154206366N00146638EA0254602688
B1106164206360N00146636EA0254502686
B1106174206355N00146637EA0254302683
B1106184206350N00146641EA0254102682
B1106194206346N00146646EA0254102681
B1106204206344N00146652EA0254002681
B1106214206344N00146658EA0254102681
B1106224206345N00146665EA0253902680
B1106234206346N00146671EA0253802679
B1106244206347N00146678EA0253702677
B1106254206349N00146684EA0253402675
B1106264206351N00146690EA0253302674
B1106274206354N00146696EA0253302673
B1106284206356N00146702EA0253102672
B1106294206358N00146706EA0253102671
B1106304206361N00146710EA0252902670
B1106314206365N00146713EA0252702668
B1106324206368N00146718EA0252602666
B1106334206371N00146722EA0252302663
B1106344206375N00146727EA0252102661
B1106354206377N00146733EA0251902659
B1106364206380N00146738EA0251702657
B1106374206382N00146743EA0251402655
B1106384206385N00146749EA0251302652
B1106394206389N00146754EA0251002650
B1106404206393N00146758EA0250802648
B1106414206398N00146762EA0250502645
B1106424206402N00146767EA0250102642
B1106434206406N00146773EA0249802639
B1106444206410N00146779EA0249602636
B1106454206414N00146785EA0249402633
B1106464206418N00146790EA0249202631
B1106474206423N00146794EA0248902629
B1106484206427N00146799EA0248702626
B1106494206432N00146803EA0248402624
B1106504206436N00146807EA0248102620
B1106514206441N00146813EA0247802617
B1106524206445N00146819EA0247502613
B1106534206450N00146825EA0247202611
B1106544206454N00146831EA0247002608
B1106554206458N00146836EA0246602605
B1106564206464N00146842EA0246402602
B1106574206469N00146847EA0246302600
B1106584206474N00146852EA0246202599
B1106594206477N00146855EA0246102599
B1107004206479N00146858EA0246102599
B1107014206482N00146861EA0245902598
B1107024206484N00146864EA0245602594
B1107034206487N00146869EA0245102589
B1107044206489N00146876EA0244502583
B1107054206489N00146883EA0244302578
B1107064206490N00146890EA0244002576
B1107074206490N00146894EA0244202577
B1107084206490N00146895EA0244202579
B1107094206489N00146897EA0244102579
B1107104206487N00146900EA0243802576
B1107114206484N00146904EA0243502572
B1107124206481N00146909EA0243102567
B1107134206479N00146914EA0242902565
B1107144206476N00146919EA0242702563
B1107154206473N00146923EA0242602561
B1107164206470N00146926EA0242302559
B1107174206467N00146931EA0242102557
B1107184206465N00146935EA0241902554
B1107194206461N00146941EA0241502550
B1107204206458N00146946EA0241302547
B1107214206455N00146952EA0241102545
B1107224206453N00146957EA0240902544
B1107234206451N00146961EA0240802543
B1107244206449N00146965EA0240602542
B1107254206447N00146969EA0240402539
B1107264206444N00146974EA0240102536
B1107274206441N00146978EA0239802533
B1107284206438N00146983EA0239602530
B1107294206435N00146988EA0239302527
B1107304206431N00146993EA0239002525
B1107314206428N00146998EA0238802521
B1107324206426N00147003EA0238402518
B1107334206423N00147009EA0238102515
B1107344206420N00147015EA0237802512
B1107354206417N00147021EA0237502509
B1107364206414N00147026EA0237302505
B1107374206411N00147031EA0237002503
B1107384206408N00147036EA0236702501
B1107394206405N00147041EA0236602498
B1107404206402N00147046EA0236302496
B1107414206399N00147051EA0236102494
B1107424206396N00147056EA0235902492
B1107434206394N00147061EA0235602489
B1107444206391N00147066EA0235302487
B1107454206388N00147072EA0235202484
B1107464206386N00147078EA0234902481
B1107474206383N00147084EA0234702479
B1107484206381N00147090EA0234502477
B1107494206378N00147097EA0234302474
B1107504206375N00147102EA0234102472
B1107514206372N00147108EA0234002470
B1107524206369N00147115EA0233802468
B1107534206367N00147121EA0233702467
B1107544206365N00147127EA0233402465
B1107554206363N00147133EA0233202463
B1107564206359N00147139EA0233002461
B1107574206356N00147145EA0232902458
B1107584206353N00147150EA0232702457
B1107594206350N00147156EA0232502455
B1108004206347N00147163EA0232302454
B1108014206344N00147169EA0232202452
B1108024206341N00147174EA0232102451
B1108034206338N00147180EA0232002449
B1108044206336N00147186EA0231902448
B1108054206334N00147192EA0231802447
B1108064206332N00147197EA0231702446
B1108074206329N00147202EA0231502445
B1108084206326N00147207EA0231302443
B1108094206323N00147213EA0231102440
B1108104206320N00147219EA0230902439
B1108114206318N00147225EA0230702437
B1108124206315N00147230EA0230602436
B1108134206312N00147236EA0230502434
B1108144206309N00147242EA0230302432
B1108154206306N00147248EA0230102430
B1108164206303N00147254EA0229902428
B1108174206299N00147260EA0229702426
B1108184206296N00147265EA0229802425
B1108194206293N00147270EA0229602424
B1108204206289N00147274EA0229402423
B1108214206285N00147280EA0229202420
B1108224206281N00147285EA0229002418
B1108234206277N00147291EA0228702416
B1108244206273N00147296EA0228602415
B1108254206269N00147301EA0228502414
B1108264206266N00147307EA0228402412
B1108274206262N00147312EA0228002409
B1108284206259N00147318EA0227902406
B1108294206255N00147325EA0227702404
B1108304206251N00147331EA0227502402
B1108314206247N00147338EA0227402401
B1108324206243N00147344EA0227302400
B1108334206240N00147350EA0227302400
B1108344206236N00147355EA0227302400
B1108354206232N00147360EA0227202399
B1108364206228N00147365EA0227002398
B1108374206223N00147370EA0226902396
B1108384206218N00147376EA0226802394
B1108394206214N00147381EA0226802394
B1108404206210N00147386EA0226902395
B1108414206206N00147391EA0227002396
B1108424206203N00147395EA0227102397
B1108434206200N00147399EA0227102398
B1108444206196N00147403EA0227102397
B1108454206193N00147407EA0227102397
B1108464206189N00147413EA0226902395
B1108474206186N00147418EA0226902395
B1108484206182N00147422EA0226902395
B1108494206178N00147426EA0227002395
B1108504206174N00147429EA0227002395
B1108514206170N00147433EA0226802395
B1108524206166N00147437EA0226702393
B1108534206163N00147442EA0226602391
B1108544206159N00147447EA0226402390
B1108554206155N00147452EA0226302389
B1108564206151N00147456EA0226202388
B1108574206148N00147460EA0226102388
B1108584206144N00147464EA0226002387
B1108594206141N00147469EA0225902385
B1109004206137N00147475EA0225902384
B1109014206134N00147480EA0225802384
B1109024206131N00147485EA0225802383
B1109034206130N00147491EA0225702383
B1109044206129N00147498EA0225702383
B1109054206130N00147504EA0225502382
B1109064206130N00147510EA0225502382
B1109074206130N00147516EA0225402381
B1109084206130N00147522EA0225402381
B1109094206130N00147528EA0225402380
B1109104206129N00147534EA0225302380
B1109114206127N00147540EA0225202379
B1109124206123N00147545EA0225102378
B1109134206120N00147550EA0225102377
B1109144206117N00147554EA0225102376
B1109154206113N00147559EA0225102376
B1109164206111N00147565EA0224902375
B1109174206108N00147570EA0224702374
B1109184206105N00147576EA0224602373
B1109194206102N00147581EA0224602372
B1109204206099N00147586EA0224602372
B1109214206097N00147590EA0224502372
B1109224206094N00147594EA0224502372
B1109234206091N00147599EA0224402371
B1109244206089N00147603EA0224302369
B1109254206085N00147608EA0224202368
B1109264206082N00147613EA0224102367
B1109274206079N00147618EA0224102366
B1109284206076N00147623EA0224102366
B1109294206074N00147628EA0224102366
B1109304206070N00147633EA0224002365
B1109314206067N00147637EA0224002365
B1109324206063N00147642EA0223902364
B1109334206060N00147647EA0224002365
B1109344206057N00147651EA0224002365
B1109354206055N00147655EA0223902365
B1109364206052N00147659EA0223902365
B1109374206050N00147663EA0223902364
B1109384206047N00147667EA0223702362
B1109394206045N00147672EA0223502361
B1109404206043N00147677EA0223402359
B1109414206041N00147683EA0223302359
B1109424206039N00147688EA0223302358
B1109434206036N00147693EA0223302358
B1109444206034N00147698EA0223502359
B1109454206032N00147702EA0223502360
B1109464206030N00147707EA0223702362
B1109474206028N00147712EA0223902362
B1109484206026N00147717EA0223902363
B1109494206023N00147722EA0224002364
B1109504206021N00147727EA0224102365
B1109514206018N00147732EA0224202366
B1109524206015N00147736EA0224402368
B1109534206013N00147740EA0224402368
B1109544206011N00147746EA0224402368
B1109554206008N00147752EA0224402368
B1109564206004N00147758EA0224402368
B1109574206001N00147763EA0224402368
B1109584205997N00147767EA0224502368
B1109594205993N00147771EA0224502369
B1110004205991N00147775EA0224402370
B1110014205988N00147780EA0224502370
B1110024205985N00147784EA0224402369
B1110034205981N00147789EA0224202368
B1110044205978N00147794EA0224002366
B1110054205974N00147799EA0223902364
B1110064205971N00147804EA0223702362
B1110074205967N00147810EA0223502361
B1110084205964N00147817EA0223502359
B1110094205961N00147824EA0223402358
B1110104205959N00147830EA0223302358
B1110114205956N00147836EA0223302357
B1110124205953N00147842EA0223102357
B1110134205950N00147847EA0222902356
B1110144205948N00147852EA0222802354
B1110154205945N00147858EA0222602351
B1110164205942N00147864EA0222402349
B1110174205940N00147870EA0222202347
B1110184205937N00147877EA0222102346
B1110194205934N00147883EA0221902345
B1110204205931N00147889EA0221802343
B1110214205929N00147896EA0221602342
B1110224205928N00147903EA0221502340
B1110234205925N00147911EA0221302338
B1110244205923N00147919EA0221202336
B1110254205920N00147927EA0221002335
B1110264205918N00147935EA0220902333
B1110274205917N00147943EA0220702332
B1110284205915N00147951EA0220802331
B1110294205913N00147958EA0220802332
B1110304205911N00147964EA0220902332
B1110314205909N00147969EA0220702332
B1110324205906N00147974EA0220602331
B1110334205904N00147981EA0220302328
B1110344205902N00147989EA0220202326
B1110354205900N00147997EA0220202325
B1110364205898N00148003EA0220402326
B1110374205896N00148009EA0220602329
B1110384205894N00148014EA0220702332
B1110394205893N00148019EA0220702333
B1110404205891N00148026EA0220702332
B1110414205889N00148032EA0220602331
B1110424205886N00148040EA0220502329
B1110434205884N00148046EA0220402329
B1110444205881N00148053EA0220302328
B1110454205878N00148060EA0220302327
B1110464205876N00148067EA0220202326
B1110474205873N00148074EA0220102325
B1110484205871N00148082EA0220102324
B1110494205868N00148089EA0220102324
B1110504205866N00148095EA0220102325
B1110514205863N00148101EA0220202326
B1110524205860N00148107EA0220302327
B1110534205858N00148113EA0220502328
B1110544205857N00148119EA0220602330
B1110554205855N00148125EA0220902332
B1110564205853N00148129EA0221102334
B1110574205851N00148134EA0221302337
B1110584205849N00148139EA0221602339
B1110594205847N00148144EA0221802341
B1111004205844N00148150EA0221902343
B1111014205842N00148156EA0222202345
B1111024205840N00148161EA0222402348
B1111034205838N00148164EA0222802352
B1111044205838N00148168EA0223102355
B1111054205840N00148172EA0223102356
B1111064205842N00148178EA0223102356
B1111074205845N00148184EA0223002355
B1111084205849N00148189EA0223102356
B1111094205854N00148193EA0223202357
B1111104205860N00148193EA0223202358
B1111114205867N00148191EA0223202357
B1111124205874N00148187EA0223202357
B1111134205880N00148182EA0223102356
B1111144205886N00148175EA0223102356
B1111154205890N00148168EA0223202357
B1111164205893N00148161EA0223202358
B1111174205896N00148154EA0223402359
B1111184205897N00148146EA0223502360
B1111194205899N00148137EA0223502360
B1111204205898N00148130EA0223702361
B1111214205896N00148123EA0223902364
B1111224205892N00148119EA0224102366
B1111234205887N00148117EA0224302368
B1111244205882N00148117EA0224402369
B1111254205877N00148118EA0224502371
B1111264205872N00148122EA0224702372
B1111274205869N00148126EA0224902374
B1111284205865N00148131EA0225002376
B1111294205863N00148136EA0225302377
B1111304205861N00148141EA0225402380
B1111314205860N00148146EA0225602383
B1111324205861N00148151EA0225702385
B1111334205863N00148157EA0225702385
B1111344205866N00148163EA0225802385
B1111354205871N00148168EA0225802384
B1111364205876N00148170EA0225802385
B1111374205883N00148169EA0225702385
B1111384205889N00148166EA0225602383
B1111394205895N00148162EA0225402382
B1111404205901N00148156EA0225302381
B1111414205907N00148149EA0225202379
B1111424205911N00148141EA0225302379
B1111434205915N00148134EA0225402380
B1111444205917N00148126EA0225402381
B1111454205919N00148118EA0225402381
B1111464205920N00148110EA0225302381
B1111474205920N00148102EA0225402380
B1111484205918N00148094EA0225502381
B1111494205915N00148089EA0225602382
B1111504205912N00148085EA0225702383
B1111514205908N00148082EA0225802384
B1111524205903N00148080EA0225802384
B1111534205898N00148078EA0225802384
B1111544205893N00148077EA0225702384
B1111554205888N00148078EA0225702384
B1111564205882N00148079EA0225802384
B1111574205877N00148081EA0225902384
B1111584205872N00148083EA0226002386
B1111594205868N00148085EA0226202387
B1112004205864N00148088EA0226502389
B1112014205861N00148091EA0226602392
B1112024205859N00148094EA0226802394
B1112034205857N00148098EA0226802394
B1112044205857N00148103EA0226702394
B1112054205858N00148108EA0226502393
B1112064205860N00148114EA0226402391
B1112074205864N00148119EA0226302390
B1112084205869N00148123EA0226202389
B1112094205874N00148125EA0226102388
B1112104205880N00148126EA0226002387
B1112114205886N00148124EA0225902386
B1112124205893N00148121EA0225802385
B1112134205899N00148116EA0225702383
B1112144205905N00148110EA0225602382
B1112154205909N00148101EA0225502381
B1112164205911N00148091EA0225302380
B1112174205911N00148081EA0225202379
B1112184205908N00148072EA0225302378
B1112194205903N00148067EA0225402379
B1112204205897N00148065EA0225502380
B1112214205892N00148064EA0225702382
B1112224205888N00148062EA0225902384
B1112234205883N00148061EA0226002386
B1112244205879N00148059EA0226102387
B1112254205875N00148058EA0226102387
B1112264205870N00148057EA0226102388
B1112274205865N00148056EA0226102387
B1112284205861N00148057EA0226102387
B1112294205857N00148058EA0226002387
B1112304205854N00148061EA0226002386
B1112314205851N00148065EA0225902385
B1112324205849N00148069EA0225802384
B1112334205849N00148075EA0225802384
B1112344205850N00148080EA0225602383
B1112354205852N00148085EA0225602382
B1112364205856N00148089EA0225502381
B1112374205861N00148092EA0225202380
B1112384205867N00148092EA0225202378
B1112394205873N00148092EA0225002377
B1112404205879N00148091EA0224902375
B1112414205884N00148088EA0224902375
B1112424205890N00148085EA0224702374
B1112434205895N00148079EA0224702373
B1112444205900N00148072EA0224502371
B1112454205904N00148064EA0224402370
B1112464205907N00148055EA0224302369
B1112474205910N00148046EA0224102368
B1112484205913N00148038EA0224202368
B1112494205914N00148029EA0224202368
B1112504205914N00148020EA0224302369
B1112514205913N00148012EA0224302369
B1112524205912N00148005EA0224302370
B1112534205911N00147999EA0224302370
B1112544205909N00147992EA0224202369
B1112554205906N00147986EA0224102368
B1112564205902N00147981EA0224102367
B1112574205897N00147976EA0224102366
B1112584205892N00147973EA0224002366
B1112594205888N00147969EA0224002366
B1113004205884N00147966EA0224002367
B1113014205880N00147962EA0224102367
B1113024205876N00147959EA0224002367
B1113034205871N00147955EA0223902366
B1113044205866N00147952EA0224002365
B1113054205861N00147949EA0224002365
B1113064205855N00147949EA0224002365
B1113074205850N00147951EA0224002365
B1113084205846N00147956EA0223902365
B1113094205844N00147962EA0223802364
B1113104205843N00147969EA0223802363
B1113114205843N00147975EA0223802363
B1113124205845N00147981EA0223702363
B1113134205848N00147985EA0223602362
B1113144205853N00147987EA0223502361
B1113154205857N00147987EA0223402359
B1113164205862N00147987EA0223202357
B1113174205867N00147984EA0222902355
B1113184205872N00147981EA0222702353
B1113194205877N00147975EA0222602351
B1113204205881N00147969EA0222502349
B1113214205885N00147962EA0222302348
B1113224205888N00147954EA0222102347
B1113234205889N00147945EA0222102345
B1113244205889N00147936EA0221902344
B1113254205888N00147927EA0221902343
B1113264205886N00147919EA0221702342
B1113274205883N00147911EA0221702342
B1113284205879N00147903EA0221702342
B1113294205874N00147896EA0221802342
B1113304205869N00147890EA0222002344
B1113314205865N00147887EA0222202346
B1113324205861N00147885EA0222202348
B1113334205857N00147883EA0222302349
B1113344205853N00147881EA0222202349
B1113354205847N00147879EA0222002347
B1113364205842N00147879EA0221802344
B1113374205836N00147881EA0221702342
B1113384205832N00147885EA0221502341
B1113394205829N00147891EA0221402339
B1113404205826N00147898EA0221302338
B1113414205824N00147904EA0221202338
B1113424205822N00147910EA0221202338
B1113434205820N00147917EA0221102338
B1113444205819N00147924EA0221102337
B1113454205820N00147930EA0220902335
B1113464205823N00147936EA0220802334
B1113474205827N00147939EA0220602332
B1113484205831N00147942EA0220402331
B1113494205835N00147944EA0220202329
B1113504205839N00147948EA0219902326
B1113514205842N00147953EA0219602323
B1113524205843N00147959EA0219302319
B1113534205843N00147964EA0219102317
B1113544205840N00147969EA0218902315
B1113554205837N00147973EA0218702313
B1113564205833N00147975EA0218602310
B1113574205829N00147976EA0218302308
B1113584205825N00147978EA0218002306
B1113594205820N00147980EA0217702303
B1114004205816N00147983EA0217402300
B1114014205811N00147987EA0217202296
B1114024205806N00147991EA0216902293
B1114034205800N00147993EA0216602289
B1114044205794N00147996EA0216302286
B1114054205788N00147998EA0215902283
B1114064205782N00148000EA0215702280
B1114074205776N00148002EA0215302277
B1114084205771N00148004EA0215102273
B1114094205765N00148006EA0214802270
B1114104205759N00148007EA0214502268
B1114114205754N00148009EA0214302266
B1114124205748N00148012EA0214002263
B1114134205743N00148015EA0213602259
B1114144205738N00148018EA0213202255
B1114154205733N00148020EA0212902251
B1114164205727N00148021EA0212602247
B1114174205721N00148023EA0212302243
B1114184205715N00148023EA0211802239
B1114194205710N00148024EA0211402236
B1114204205705N00148025EA0211102232
B1114214205699N00148028EA0210502227
B1114224205694N00148030EA0210102222
B1114234205689N00148032EA0209802217
B1114244205684N00148035EA0209302213
B1114254205680N00148037EA0208902209
B1114264205675N00148039EA0208502205
B1114274205670N00148040EA0208202202
B1114284205666N00148041EA0208102200
B1114294205662N00148042EA0208202199
B1114304205658N00148042EA0208202200
B1114314205655N00148042EA0208102199
B1114324205652N00148042EA0208002199
B1114334205648N00148042EA0208002198
B1114344205644N00148043EA0208002197
B1114354205641N00148044EA0208202198
B1114364205639N00148044EA0208302201
B1114374205637N00148043EA0208602203
B1114384205636N00148042EA0208702205
B1114394205634N00148043EA0208702206
B1114404205631N00148044EA0208802206
B1114414205629N00148046EA0209002207
B1114424205626N00148048EA0209202210
B1114434205625N00148049EA0209602214
B1114444205624N00148049EA0209902217
B1114454205624N00148050EA0210102220
B1114464205622N00148052EA0210202220
B1114474205620N00148054EA0210302221
B1114484205619N00148058EA0210502222
B1114494205619N00148062EA0210702226
B1114504205621N00148066EA0211002228
B1114514205625N00148069EA0211202231
B1114524205629N00148072EA0211502233
B1114534205635N00148073EA0211602235
B1114544205641N00148071EA0211902237
B1114554205647N00148065EA0212002239
B1114564205653N00148057EA0212202240
B1114574205657N00148046EA0212402242
B1114584205660N00148035EA0212602245
B1114594205660N00148025EA0212902248
B1115004205659N00148016EA0212902249
B1115014205655N00148009EA0212902249
B1115024205651N00148004EA0212802248
B1115034205646N00148001EA0212902248
B1115044205643N00148001EA0213102249
B1115054205640N00148002EA0213302251
B1115064205638N00148004EA0213502253
B1115074205638N00148007EA0213802256
B1115084205639N00148010EA0213902258
B1115094205641N00148014EA0214202260
B1115104205645N00148016EA0214302263
B1115114205649N00148018EA0214502265
B1115124205654N00148018EA0214702266
B1115134205660N00148016EA0214902268
B1115144205666N00148011EA0215002269
B1115154205671N00148004EA0215002270
B1115164205676N00147995EA0214902269
B1115174205679N00147984EA0214902269
B1115184205679N00147972EA0214902268
B1115194205678N00147961EA0214702267
B1115204205676N00147952EA0214602268
B1115214205674N00147945EA0214602268
B1115224205670N00147941EA0214502266
B1115234205666N00147939EA0214302265
B1115244205662N00147940EA0214302263
B1115254205659N00147943EA0214302263
B1115264205658N00147946EA0214402263
B1115274205657N00147948EA0214502264
B1115284205657N00147948EA0214702268
B1115294205658N00147948EA0214902270
B1115304205660N00147949EA0215102271
B1115314205664N00147950EA0215102271
B1115324205667N00147952EA0215202272
B1115334205669N00147953EA0215502274
B1115344205670N00147953EA0215802279
B1115354205671N00147951EA0215902281
B1115364205672N00147950EA0215702281
B1115374205674N00147951EA0215602278
B1115384205677N00147954EA0215302275
B1115394205681N00147958EA0215302273
B1115404205685N00147960EA0215402274
B1115414205690N00147960EA0215602277
B1115424205695N00147959EA0215802280
B1115434205699N00147957EA0216102282
B1115444205704N00147955EA0216302285
B1115454205708N00147953EA0216602287
B1115464205713N00147950EA0216802289
B1115474205717N00147945EA0217002291
B1115484205721N00147937EA0217102293
B1115494205723N00147927EA0217202293
B1115504205723N00147916EA0217302293
B1115514205720N00147905EA0217302293
B1115524205715N00147896EA0217302293
B1115534205708N00147890EA0217302293
B1115544205702N00147886EA0217202293
B1115554205695N00147884EA0217202293
B1115564205691N00147883EA0217002292
B1115574205686N00147884EA0216802290
B1115584205681N00147886EA0216602288
B1115594205676N00147888EA0216502287
B1116004205672N00147889EA0216602287
B1116014205670N00147890EA0216602290
B1116024205668N00147891EA0216602289
B1116034205666N00147895EA0216502289
B1116044205664N00147899EA0216402287
B1116054205662N00147904EA0216302287
B1116064205661N00147908EA0216502288
B1116074205659N00147911EA0216702291
B1116084205658N00147915EA0216902293
B1116094205657N00147920EA0217002295
B1116104205657N00147924EA0217002296
B1116114205657N00147929EA0217102297
B1116124205658N00147935EA0217202297
B1116134205660N00147941EA0217202297
B1116144205664N00147946EA0217202297
B1116154205670N00147951EA0217202297
B1116164205676N00147954EA0217202297
B1116174205683N00147955EA0217302297
B1116184205691N00147954EA0217202298
B1116194205697N00147951EA0217402298
B1116204205704N00147946EA0217302298
B1116214205709N00147938EA0217302298
B1116224205713N00147930EA0217302298
B1116234205716N00147921EA0217402298
B1116244205716N00147912EA0217402299
B1116254205715N00147902EA0217502300
B1116264205712N00147893EA0217602300
B1116274205708N00147886EA0217702301
B1116284205705N00147880EA0217902303
B1116294205702N00147877EA0218002305
B1116304205699N00147875EA0218102306
B1116314205695N00147874EA0218202306
B1116324205691N00147875EA0218302305
B1116334205690N00147879EA0218502307
B1116344205691N00147884EA0218502309
B1116354205693N00147888EA0218702311
B1116364205695N00147891EA0218802313
B1116374205697N00147895EA0218902314
B1116384205699N00147898EA0219002315
B1116394205702N00147903EA0218902314
B1116404205706N00147907EA0218802314
B1116414205711N00147910EA0218802313
B1116424205718N00147911EA0218802312
B1116434205725N00147910EA0218802312
B1116444205732N00147908EA0219002313
B1116454205738N00147904EA0219102315
B1116464205742N00147898EA0219102316
B1116474205745N00147890EA0219102316
B1116484205748N00147881EA0219102315
B1116494205749N00147872EA0219202316
B1116504205749N00147864EA0219202316
B1116514205747N00147857EA0219202316
B1116524205744N00147851EA0219202317
B1116534205741N00147845EA0219302317
B1116544205738N00147841EA0219202317
B1116554205733N00147837EA0219302318
B1116564205729N00147835EA0219502318
B1116574205725N00147836EA0219602320
B1116584205722N00147838EA0219802322
B1116594205721N00147841EA0219802323
B1117004205722N00147847EA0219802323
B1117014205724N00147853EA0219902323
B1117024205728N00147859EA0219802323
B1117034205734N00147863EA0219902324
B1117044205741N00147865EA0219802323
B1117054205748N00147865EA0219802323
B1117064205756N00147865EA0219902323
B1117074205763N00147862EA0220002324
B1117084205769N00147859EA0220102325
B1117094205774N00147857EA0220202326
B1117104205779N00147854EA0220202327
B1117114205785N00147852EA0220202326
B1117124205791N00147849EA0220102326
B1117134205798N00147846EA0220102325
B1117144205804N00147843EA0220302326
B1117154205810N00147838EA0220502329
B1117164205815N00147832EA0220702331
B1117174205819N00147826EA0220702333
B1117184205824N00147820EA0220802333
B1117194205830N00147813EA0220902333
B1117204205836N00147807EA0221002334
B1117214205842N00147799EA0221202335
B1117224205846N00147791EA0221502338
B1117234205849N00147781EA0221602340
B1117244205850N00147770EA0221802342
B1117254205849N00147759EA0222002344
B1117264205846N00147749EA0222302347
B1117274205842N00147742EA0222502350
B1117284205837N00147738EA0222702352
B1117294205832N00147736EA0222802353
B1117304205827N00147738EA0223002354
B1117314205824N00147742EA0223302356
B1117324205824N00147746EA0223502359
B1117334205826N00147749EA0223602362
B1117344205831N00147751EA0223902363
B1117354205837N00147750EA0224002365
B1117364205843N00147746EA0224302368
B1117374205848N00147740EA0224602371
B1117384205853N00147732EA0224802373
B1117394205855N00147721EA0225002375
B1117404205856N00147710EA0225102376
B1117414205854N00147699EA0225302377
B1117424205850N00147691EA0225302379
B1117434205844N00147687EA0225502380
B1117444205839N00147686EA0225702382
B1117454205836N00147689EA0225902384
B1117464205835N00147693EA0226102386
B1117474205837N00147697EA0226202388
B1117484205842N00147700EA0226302389
B1117494205848N00147700EA0226702392
B1117504205854N00147697EA0226902395
B1117514205859N00147690EA0227102397
B1117524205863N00147680EA0227302398
B1117534205864N00147669EA0227502400
B1117544205863N00147658EA0227602402
B1117554205861N00147649EA0227702404
B1117564205858N00147642EA0227802406
B1117574205854N00147636EA0227802406
B1117584205848N00147632EA0227902406
B1117594205843N00147631EA0227902406
B1118004205838N00147633EA0228202408
B1118014205836N00147637EA0228202409
B1118024205836N00147641EA0228502412
B1118034205837N00147645EA0228802415
B1118044205839N00147647EA0229002418
B1118054205843N00147649EA0229202420
B1118064205847N00147650EA0229402422
B1118074205852N00147650EA0229602424
B1118084205857N00147649EA0229702425
B1118094205864N00147645EA0229802426
B1118104205869N00147638EA0230002427
B1118114205873N00147629EA0230302430
B1118124205874N00147619EA0230402431
B1118134205873N00147609EA0230502432
B1118144205870N00147601EA0230502434
B1118154205866N00147594EA0230602435
B1118164205862N00147590EA0230802436
B1118174205857N00147590EA0230802436
B1118184205853N00147592EA0230902436
B1118194205851N00147596EA0231002437
B1118204205849N00147599EA0231202439
B1118214205847N00147601EA0231402441
B1118224205844N00147603EA0231502443
B1118234205841N00147605EA0231602444
B1118244205839N00147609EA0231702445
B1118254205840N00147614EA0231902448
B1118264205843N00147617EA0232102450
B1118274205847N00147619EA0232302451
B1118284205852N00147619EA0232602454
B1118294205857N00147618EA0233002459
B1118304205863N00147614EA0233302463
B1118314205868N00147609EA0233502465
B1118324205873N00147602EA0233602466
B1118334205878N00147593EA0233702466
B1118344205881N00147583EA0233702466
B1118354205880N00147571EA0233802466
B1118364205877N00147561EA0233702467
B1118374205873N00147554EA0233702467
B1118384205869N00147549EA0233902468
B1118394205864N00147546EA0234002469
B1118404205860N00147544EA0234002470
B1118414205856N00147544EA0234102471
B1118424205852N00147544EA0234102471
B1118434205849N00147545EA0234202472
B1118444205847N00147547EA0234302474
B1118454205846N00147549EA0234502475
B1118464205845N00147552EA0234502476
B1118474205846N00147556EA0234802478
B1118484205848N00147558EA0235002480
B1118494205850N00147560EA0235202483
B1118504205853N00147562EA0235302484
B1118514205855N00147563EA0235402486
B1118524205857N00147566EA0235602487
B1118534205860N00147568EA0235902489
B1118544205865N00147567EA0236102491
B1118554205871N00147564EA0236202492
B1118564205876N00147560EA0236402495
B1118574205880N00147554EA0236902499
B1118584205884N00147547EA0237002502
B1118594205887N00147538EA0237102502
B1119004205891N00147528EA0236902501
B1119014205894N00147517EA0236802499
B1119024205894N00147505EA0236702498
B1119034205892N00147495EA0236802498
B1119044205888N00147489EA0236802499
B1119054205883N00147486EA0236802499
B1119064205879N00147487EA0236702498
B1119074205875N00147489EA0236602498
B1119084205873N00147491EA0236802498
B1119094205872N00147492EA0237002500
B1119104205871N00147493EA0237002501
B1119114205870N00147494EA0237002501
B1119124205868N00147495EA0237002500
B1119134205866N00147498EA0237002500
B1119144205865N00147501EA0237102501
B1119154205864N00147503EA0237202502
B1119164205863N00147506EA0237302504
B1119174205863N00147509EA0237302504
B1119184205864N00147513EA0237302505
B1119194205866N00147516EA0237502506
B1119204205869N00147517EA0237702508
B1119214205872N00147518EA0237802509
B1119224205876N00147519EA0237902511
B1119234205880N00147519EA0238002512
B1119244205884N00147519EA0238202513
B1119254205888N00147519EA0238202514
B1119264205892N00147521EA0238202514
B1119274205895N00147523EA0238202514
B1119284205899N00147527EA0238102513
B1119294205902N00147531EA0238102512
B1119304205905N00147536EA0238202513
B1119314205907N00147541EA0238302514
B1119324205909N00147545EA0238402516
B1119334205912N00147548EA0238402517
B1119344205915N00147551EA0238402518
B1119354205917N00147555EA0238502518
B1119364205919N00147560EA0238402517
B1119374205921N00147565EA0238402517
B1119384205922N00147570EA0238402517
B1119394205924N00147575EA0238602518
B1119404205926N00147580EA0238702520
B1119414205928N00147584EA0238902522
B1119424205930N00147588EA0239002523
B1119434205932N00147592EA0239002524
B1119444205934N00147597EA0239102525
B1119454205937N00147602EA0239302526
B1119464205939N00147606EA0239502528
B1119474205941N00147611EA0239602530
B1119484205943N00147616EA0239802532
B1119494205944N00147620EA0240002534
B1119504205944N00147624EA0240302536
B1119514205944N00147629EA0240402538
B1119524205945N00147633EA0240602540
B1119534205946N00147637EA0240802543
B1119544205948N00147641EA0241102546
B1119554205951N00147644EA0241302548
B1119564205954N00147647EA0241402551
B1119574205958N00147650EA0241802552
B1119584205963N00147653EA0241902554
B1119594205967N00147656EA0242102556
B1120004205971N00147657EA0242302559
B1120014205974N00147658EA0242602562
B1120024205977N00147659EA0242702564
B1120034205980N00147661EA0243002566
B1120044205983N00147663EA0243102567
B1120054205986N00147665EA0243202569
B1120064205989N00147666EA0243502570
B1120074205992N00147667EA0243502572
B1120084205995N00147669EA0243602572
B1120094205998N00147671EA0243602573
B1120104206001N00147673EA0243502572
B1120114206005N00147675EA0243402571
B1120124206010N00147675EA0243202569
B1120134206015N00147676EA0243102568
B1120144206020N00147677EA0243002567
B1120154206025N00147680EA0242802565
B1120164206030N00147682EA0242802563
B1120174206036N00147683EA0242602562
B1120184206042N00147683EA0242602562
B1120194206048N00147683EA0242702562
B1120204206054N00147682EA0242602562
B1120214206060N00147682EA0242602562
B1120224206065N00147683EA0242502562
B1120234206071N00147684EA0242402560
B1120244206076N00147684EA0242202559
B1120254206083N00147685EA0242102557
B1120264206088N00147686EA0242002555
B1120274206094N00147688EA0241902555
B1120284206098N00147691EA0241802554
B1120294206100N00147695EA0241602553
B1120304206102N00147701EA0241402551
B1120314206102N00147708EA0241202548
B1120324206101N00147715EA0241002545
B1120334206099N00147721EA0241002544
B1120344206097N00147726EA0240902544
B1120354206095N00147731EA0240802544
B1120364206094N00147736EA0240702543
B1120374206092N00147743EA0240502540
B1120384206091N00147750EA0240302538
B1120394206090N00147757EA0240102536
B1120404206089N00147765EA0240002534
B1120414206089N00147772EA0239902533
B1120424206088N00147779EA0239702532
B1120434206087N00147787EA0239502529
B1120444206086N00147795EA0239302527
B1120454206085N00147803EA0239102525
B1120464206085N00147812EA0239102524
B1120474206084N00147820EA0239002523
B1120484206083N00147829EA0238902522
B1120494206082N00147837EA0238902521
B1120504206081N00147845EA0238702521
B1120514206081N00147853EA0238802520
B1120524206082N00147862EA0238702520
B1120534206083N00147870EA0238702520
B1120544206083N00147879EA0238602519
B1120554206084N00147888EA0238602519
B1120564206085N00147897EA0238402518
B1120574206085N00147906EA0238502518
B1120584206087N00147915EA0238602519
B1120594206088N00147924EA0238602520
B1121004206090N00147933EA0238702521
B1121014206092N00147942EA0238802520
B1121024206093N00147952EA0238702520
B1121034206094N00147963EA0238702519
B1121044206095N00147973EA0238602518
B1121054206096N00147984EA0238502517
B1121064206098N00147994EA0238402516
B1121074206098N00148005EA0238302516
B1121084206098N00148015EA0238302515
B1121094206098N00148024EA0238302515
B1121104206097N00148033EA0238202515
B1121114206096N00148042EA0238002514
B1121124206095N00148052EA0238002513
B1121134206095N00148062EA0237902511
B1121144206094N00148072EA0237702509
B1121154206093N00148083EA0237702509
B1121164206091N00148092EA0237602509
B1121174206089N00148101EA0237802510
B1121184206087N00148110EA0237802510
B1121194206085N00148119EA0237802511
B1121204206084N00148127EA0237802512
B1121214206085N00148136EA0237902513
B1121224206086N00148143EA0238002514
B1121234206087N00148151EA0238102514
B1121244206088N00148159EA0238102514
B1121254206089N00148168EA0238202514
B1121264206089N00148176EA0238302515
B1121274206089N00148185EA0238202515
B1121284206089N00148194EA0238302515
B1121294206089N00148202EA0238302516
B1121304206089N00148211EA0238402517
B1121314206090N00148220EA0238302516
B1121324206091N00148229EA0238202515
B1121334206092N00148239EA0238102514
B1121344206092N00148249EA0238102514
B1121354206092N00148258EA0238102514
B1121364206091N00148267EA0238202515
B1121374206091N00148276EA0238302516
B1121384206091N00148285EA0238302517
B1121394206091N00148294EA0238302517
B1121404206090N00148302EA0238302517
B1121414206089N00148311EA0238202517
B1121424206089N00148320EA0238102515
B1121434206089N00148330EA0237902513
B1121444206089N00148340EA0237902512
B1121454206088N00148349EA0237902512
B1121464206088N00148358EA0237902512
B1121474206089N00148366EA0237802512
B1121484206089N00148375EA0237702511
B1121494206089N00148384EA0237602509
B1121504206089N00148393EA0237402507
B1121514206089N00148403EA0237202506
B1121524206089N00148412EA0237102504
B1121534206089N00148422EA0237002503
B1121544206089N00148431EA0236902502
B1121554206089N00148440EA0236702501
B1121564206088N00148449EA0236702500
B1121574206088N00148458EA0236602499
B1121584206087N00148466EA0236602499
B1121594206085N00148475EA0236502498
B1122004206084N00148483EA0236402497
B1122014206082N00148491EA0236202496
B1122024206081N00148500EA0236202495
B1122034206079N00148508EA0236102494
B1122044206078N00148516EA0236002493
B1122054206076N00148523EA0235902492
B1122064206075N00148531EA0235802491
B1122074206074N00148538EA0235602489
B1122084206072N00148546EA0235402487
B1122094206070N00148555EA0235202484
B1122104206068N00148563EA0235102482
B1122114206066N00148572EA0234902482
B1122124206064N00148581EA0234902482
B1122134206062N00148589EA0234902482
B1122144206060N00148597EA0234902482
B1122154206058N00148606EA0234902481
B1122164206056N00148615EA0234702479
B1122174206055N00148625EA0234602476
B1122184206054N00148636EA0234402474
B1122194206053N00148645EA0234302474
B1122204206051N00148654EA0234102473
B1122214206049N00148663EA0234102472
B1122224206046N00148671EA0234002471
B1122234206043N00148680EA0233802469
B1122244206041N00148690EA0233602467
B1122254206040N00148700EA0233402465
B1122264206040N00148710EA0233202463
B1122274206038N00148720EA0233102461
B1122284206037N00148730EA0232902459
B1122294206035N00148740EA0232602457
B1122304206032N00148750EA0232502455
B1122314206030N00148760EA0232302453
B1122324206028N00148769EA0232002451
B1122334206025N00148779EA0231902448
B1122344206023N00148788EA0231702446
B1122354206020N00148797EA0231502443
B1122364206017N00148807EA0231202441
B1122374206014N00148816EA0231002438
B1122384206012N00148825EA0230602436
B1122394206011N00148834EA0230502433
B1122404206009N00148844EA0230302431
B1122414206008N00148854EA0230202429
B1122424206006N00148863EA0230002427
B1122434206005N00148873EA0229802426
B1122444206004N00148882EA0229602423
B1122454206002N00148891EA0229402421
B1122464206000N00148899EA0229102419
B1122474205997N00148907EA0229002417
B1122484205995N00148915EA0228702414
B1122494205993N00148923EA0228502411
B1122504205991N00148932EA0228202408
B1122514205990N00148941EA0227902405
B1122524205988N00148950EA0227702403
B1122534205986N00148958EA0227402401
B1122544205984N00148967EA0227202398
B1122554205983N00148976EA0227102396
B1122564205981N00148984EA0226802394
B1122574205979N00148993EA0226602392
B1122584205976N00149002EA0226502390
B1122594205974N00149010EA0226302389
B1123004205972N00149019EA0225902387
B1123014205969N00149028EA0225902384
B1123024205967N00149037EA0225702382
B1123034205964N00149046EA0225602380
B1123044205961N00149055EA0225502379
B1123054205958N00149063EA0225402378
B1123064205956N00149071EA0225202378
B1123074205954N00149078EA0225202377
B1123084205953N00149086EA0225002375
B1123094205952N00149094EA0224802373
B1123104205950N00149103EA0224602371
B1123114205948N00149112EA0224402368
B1123124205946N00149121EA0224302366
B1123134205945N00149129EA0224102364
B1123144205943N00149137EA0223802362
B1123154205942N00149145EA0223502360
B1123164205940N00149153EA0223302357
B1123174205939N00149161EA0223102354
B1123184205937N00149169EA0222802351
B1123194205934N00149177EA0222602349
B1123204205932N00149185EA0222202346
B1123214205931N00149194EA0221902342
B1123224205929N00149203EA0221602339
B1123234205928N00149212EA0221302335
B1123244205926N00149221EA0221102332
B1123254205924N00149230EA0220902330
B1123264205923N00149238EA0220602328
B1123274205921N00149246EA0220502327
B1123284205920N00149253EA0220302325
B1123294205919N00149261EA0220002322
B1123304205919N00149269EA0219802320
B1123314205918N00149277EA0219702318
B1123324205917N00149285EA0219402316
B1123334205915N00149293EA0219202314
B1123344205913N00149301EA0218902311
B1123354205910N00149309EA0218702308
B1123364205908N00149318EA0218502306
B1123374205906N00149327EA0218302304
B1123384205904N00149335EA0218202302
B1123394205902N00149344EA0217902300
B1123404205899N00149352EA0217802299
B1123414205897N00149361EA0217602296
B1123424205894N00149369EA0217402294
B1123434205891N00149378EA0217202292
B1123444205889N00149386EA0216802289
B1123454205887N00149395EA0216602287
B1123464205885N00149404EA0216302284
B1123474205883N00149413EA0216102281
B1123484205882N00149422EA0215802278
B1123494205879N00149432EA0215502275
B1123504205877N00149441EA0215302273
B1123514205874N00149450EA0215002270
B1123524205872N00149459EA0214902268
B1123534205869N00149468EA0214602266
B1123544205867N00149478EA0214302263
B1123554205864N00149488EA0214202261
B1123564205862N00149498EA0213902258
B1123574205859N00149508EA0213802256
B1123584205857N00149518EA0213702255
B1123594205854N00149527EA0213502253
B1124004205853N00149536EA0213502252
B1124014205851N00149546EA0213302252
B1124024205850N00149555EA0213202251
B1124034205848N00149563EA0213102250
B1124044205846N00149572EA0213002248
B1124054205844N00149581EA0212802246
B1124064205843N00149590EA0212502245
B1124074205841N00149599EA0212402243
B1124084205839N00149608EA0212202241
B1124094205836N00149617EA0212002239
B1124104205834N00149626EA0211702237
B1124114205832N00149635EA0211602234
B1124124205830N00149645EA0211402232
B1124134205828N00149654EA0211202230
B1124144205826N00149663EA0211002228
B1124154205825N00149673EA0210802226
B1124164205823N00149682EA0210602224
B1124174205821N00149691EA0210302221
B1124184205819N00149699EA0210102219
B1124194205817N00149708EA0209802216
B1124204205815N00149716EA0209502213
B1124214205813N00149725EA0209102209
B1124224205811N00149734EA0208802206
B1124234205810N00149743EA0208402202
B1124244205808N00149753EA0208202198
B1124254205807N00149762EA0207902195
B1124264205805N00149771EA0207502192
B1124274205804N00149780EA0207302189
B1124284205802N00149789EA0207002186
B1124294205801N00149798EA0206602183
B1124304205799N00149806EA0206302180
B1124314205798N00149816EA0206002176
B1124324205797N00149825EA0205602173
B1124334205797N00149835EA0205302169
B1124344205796N00149844EA0204902165
B1124354205794N00149854EA0204702161
B1124364205792N00149863EA0204302158
B1124374205790N00149871EA0204002155
B1124384205788N00149879EA0203702152
B1124394205786N00149887EA0203302149
B1124404205784N00149896EA0203002145
B1124414205782N00149905EA0202502141
B1124424205780N00149914EA0202102136
B1124434205778N00149923EA0201702132
B1124444205776N00149930EA0201402130
B1124454205774N00149936EA0201302128
B1124464205772N00149942EA0201002126
B1124474205770N00149947EA0200602123
B1124484205767N00149953EA0200202118
B1124494205765N00149960EA0199802113
B1124504205761N00149965EA0199402108
B1124514205758N00149970EA0199002105
B1124524205755N00149973EA0198902103
B1124534205752N00149973EA0198602101
B1124544205749N00149970EA0198302097
B1124554205746N00149965EA0197902093
B1124564205744N00149957EA0197602089
B1124574205743N00149948EA0197302085
B1124584205744N00149940EA0196902083
B1124594205747N00149933EA0196702080
B1125004205750N00149925EA0196202075
B1125014205754N00149916EA0195702069
B1125024205758N00149906EA0195102063
B1125034205761N00149894EA0194502057
B1125044205764N00149883EA0194302052
B1125054205767N00149873EA0194002050
B1125064205771N00149863EA0193702047
B1125074205774N00149853EA0193302044
B1125084205778N00149842EA0193002039
B1125094205782N00149831EA0192402033
B1125104205787N00149819EA0192002028
B1125114205791N00149807EA0191502023
B1125124205795N00149794EA0191302019
B1125134205799N00149782EA0191002016
B1125144205803N00149770EA0190602014
B1125154205806N00149759EA0190502011
B1125164205809N00149748EA0190202008
B1125174205813N00149736EA0189902005
B1125184205817N00149725EA0189502001
B1125194205821N00149713EA0189301998
B1125204205824N00149701EA0188901994
B1125214205827N00149689EA0188601991
B1125224205830N00149677EA0188301988
B1125234205833N00149664EA0188001985
B1125244205836N00149652EA0187701982
B1125254205839N00149639EA0187501978
B1125264205841N00149627EA0187101975
B1125274205844N00149614EA0186901972
B1125284205846N00149602EA0186601970
B1125294205849N00149589EA0186301967
B1125304205852N00149577EA0186001964
B1125314205854N00149565EA0185601960
B1125324205857N00149553EA0185401957
B1125334205859N00149541EA0185101954
B1125344205861N00149530EA0184901952
B1125354205863N00149518EA0184701950
B1125364205865N00149508EA0184501948
B1125374205866N00149498EA0184401947
B1125384205868N00149488EA0184101945
B1125394205870N00149479EA0183801942
B1125404205872N00149469EA0183601939
B1125414205874N00149459EA0183201936
B1125424205876N00149448EA0182801932
B1125434205878N00149437EA0182501928
B1125444205880N00149426EA0182201924
B1125454205882N00149414EA0181901920
B1125464205885N00149403EA0181601918
B1125474205888N00149392EA0181301915
B1125484205891N00149381EA0181001912
B1125494205894N00149370EA0180701909
B1125504205896N00149359EA0180401906
B1125514205899N00149348EA0180201903
B1125524205902N00149337EA0180001900
B1125534205905N00149326EA0179601897
B1125544205907N00149315EA0179301894
B1125554205910N00149305EA0179001891
B1125564205913N00149294EA0178801888
B1125574205915N00149283EA0178401885
B1125584205918N00149272EA0178201882
B1125594205921N00149261EA0177801879
B1126004205924N00149250EA0177601876
B1126014205927N00149239EA0177401874
B1126024205930N00149228EA0177301872
B1126034205932N00149218EA0177101870
B1126044205935N00149208EA0176801868
B1126054205937N00149198EA0176601866
B1126064205940N00149187EA0176301863
B1126074205943N00149176EA0175901860
B1126084205945N00149165EA0175601856
B1126094205948N00149154EA0175301852
B1126104205951N00149142EA0174901848
B1126114205953N00149130EA0174701845
B1126124205955N00149118EA0174401843
B1126134205957N00149107EA0174201840
B1126144205960N00149095EA0174001838
B1126154205962N00149083EA0173801835
B1126164205964N00149070EA0173601833
B1126174205967N00149058EA0173401831
B1126184205969N00149047EA0173301830
B1126194205971N00149035EA0173301829
B1126204205973N00149024EA0173201829
B1126214205976N00149012EA0173101828
B1126224205978N00149000EA0173201828
B1126234205979N00148989EA0173001829
B1126244205980N00148977EA0173401831
B1126254205981N00148967EA0173801834
B1126264205982N00148957EA0174001838
B1126274205983N00148948EA0174401841
B1126284205984N00148939EA0174501843
B1126294205985N00148929EA0174701845
B1126304205985N00148919EA0174901847
B1126314205985N00148909EA0175101849
B1126324205983N00148899EA0175301852
B1126334205982N00148890EA0175501855
B1126344205982N00148881EA0175701857
B1126354205982N00148871EA0175701857
B1126364205983N00148860EA0175601856
B1126374205984N00148848EA0175501854
B1126384205983N00148835EA0175301853
B1126394205983N00148823EA0175501853
B1126404205984N00148813EA0175501855
B1126414205985N00148804EA0175801857
B1126424205985N00148794EA0175801858
B1126434205986N00148785EA0175701858
B1126444205986N00148774EA0175701857
B1126454205987N00148763EA0175501855
B1126464205988N00148752EA0175301853
B1126474205990N00148742EA0175201853
B1126484205991N00148733EA0175101852
B1126494205993N00148724EA0174801850
B1126504205994N00148714EA0174601846
B1126514205995N00148703EA0174201842
B1126524205997N00148692EA0173901839
B1126534205999N00148681EA0173801836
B1126544206001N00148671EA0173501835
B1126554206003N00148661EA0173301833
B1126564206005N00148652EA0173101831
B1126574206007N00148642EA0172701827
B1126584206009N00148631EA0172401823
B1126594206010N00148620EA0172001819
B1127004206012N00148608EA0171601815
B1127014206013N00148596EA0171301811
B1127024206014N00148585EA0171201809
B1127034206016N00148574EA0170901807
B1127044206017N00148563EA0170701805
B1127054206018N00148552EA0170401802
B1127064206018N00148542EA0170001798
B1127074206017N00148530EA0169701794
B1127084206017N00148519EA0169301790
B1127094206017N00148507EA0168801785
B1127104206018N00148494EA0168401780
B1127114206019N00148481EA0168001775
B1127124206020N00148467EA0167601771
B1127134206022N00148455EA0167201767
B1127144206023N00148442EA0166901763
B1127154206025N00148429EA0166501759
B1127164206027N00148417EA0166101756
B1127174206028N00148405EA0165901753
B1127184206029N00148393EA0165601749
B1127194206030N00148381EA0165301746
B1127204206031N00148369EA0165001743
B1127214206032N00148356EA0164601739
B1127224206033N00148344EA0164401736
B1127234206034N00148331EA0164301734
B1127244206034N00148319EA0164101732
B1127254206035N00148307EA0163901731
B1127264206035N00148295EA0163901730
B1127274206036N00148284EA0163801729
B1127284206036N00148273EA0163601728
B1127294206038N00148261EA0163501726
B1127304206040N00148250EA0163401725
B1127314206041N00148239EA0163301724
B1127324206042N00148228EA0163101722
B1127334206042N00148217EA0163101723
B1127344206041N00148210EA0163301726
B1127354206041N00148203EA0163601729
B1127364206041N00148196EA0163701730
B1127374206042N00148188EA0163601729
B1127384206042N00148179EA0163401727
B1127394206042N00148168EA0163201725
B1127404206042N00148157EA0163101723
B1127414206042N00148147EA0163201724
B1127424206042N00148137EA0163301725
B1127434206042N00148128EA0163501727
B1127444206042N00148119EA0163601728
B1127454206043N00148110EA0163601729
B1127464206044N00148101EA0163601728
B1127474206045N00148091EA0163501728
B1127484206047N00148081EA0163501727
B1127494206048N00148070EA0163501727
B1127504206049N00148060EA0163701728
B1127514206049N00148050EA0163801730
B1127524206049N00148040EA0164001732
B1127534206048N00148030EA0164401736
B1127544206047N00148023EA0165001742
B1127554206046N00148016EA0165601748
B1127564206045N00148010EA0166201754
B1127574206045N00148003EA0166501759
B1127584206044N00147995EA0166701761
B1127594206043N00147985EA0167001763
B1128004206041N00147975EA0167201765
B1128014206039N00147966EA0167501769
B1128024206037N00147959EA0167901773
B1128034206036N00147952EA0168101777
B1128044206035N00147944EA0168401779
B1128054206034N00147934EA0168801781
B1128064206033N00147925EA0169001784
B1128074206030N00147917EA0169301787
B1128084206027N00147909EA0169701792
B1128094206024N00147903EA0170101796
B1128104206020N00147898EA0170401800
B1128114206017N00147892EA0170801804
B1128124206014N00147886EA0171101807
B1128134206010N00147878EA0171401810
B1128144206007N00147870EA0171801813
B1128154206004N00147863EA0172201817
B1128164206001N00147856EA0172701822
B1128174205997N00147852EA0173301827
B1128184205993N00147849EA0173701833
B1128194205989N00147849EA0174101837
B1128204205986N00147850EA0174501842
B1128214205984N00147854EA0175001846
B1128224205983N00147858EA0175301850
B1128234205985N00147864EA0175601853
B1128244205987N00147869EA0176001858
B1128254205991N00147873EA0176401863
B1128264205996N00147875EA0176901868
B1128274206001N00147875EA0177301872
B1128284206006N00147875EA0177801876
B1128294206011N00147872EA0178301882
B1128304206014N00147867EA0178701886
B1128314206016N00147859EA0179001890
B1128324206016N00147850EA0179201892
B1128334206013N00147842EA0179701895
B1128344206009N00147839EA0180001899
B1128354206003N00147839EA0180401903
B1128364205999N00147844EA0181001907
B1128374205998N00147849EA0181501913
B1128384205999N00147854EA0181901919
B1128394206001N00147859EA0182401923
B1128404206005N00147863EA0182601927
B1128414206009N00147867EA0183101931
B1128424206013N00147868EA0183401935
B1128434206018N00147866EA0183801939
B1128444206022N00147864EA0184101942
B1128454206026N00147859EA0184401946
B1128464206030N00147853EA0184601949
B1128474206031N00147845EA0184901952
B1128484206030N00147837EA0185201954
B1128494206028N00147829EA0185501957
B1128504206025N00147823EA0185901961
B1128514206021N00147819EA0186301966
B1128524206017N00147815EA0186801970
B1128534206013N00147812EA0187301976
B1128544206009N00147810EA0187801981
B1128554206006N00147809EA0188201987
B1128564206002N00147810EA0188601991
B1128574206000N00147814EA0189101995
B1128584205999N00147820EA0189402000
B1128594206002N00147826EA0189902004
B1129004206007N00147829EA0190302008
B1129014206014N00147826EA0190602011
B1129024206019N00147819EA0190802013
B1129034206020N00147808EA0191102016
B1129044206018N00147798EA0191302019
B1129054206013N00147791EA0191902024
B1129064206008N00147790EA0192302029
B1129074206003N00147794EA0192702033
B1129084206001N00147799EA0193202038
B1129094206001N00147804EA0193802045
B1129104206004N00147809EA0194402051
B1129114206008N00147812EA0194802056
B1129124206013N00147813EA0195202060
B1129134206019N00147811EA0195502063
B1129144206024N00147806EA0195902067
B1129154206028N00147798EA0196102070
B1129164206028N00147788EA0196502073
B1129174206026N00147779EA0196702076
B1129184206021N00147772EA0197002079
B1129194206016N00147770EA0197402083
B1129204206011N00147772EA0197902087
B1129214206008N00147776EA0198202092
B1129224206006N00147780EA0198702097
B1129234206007N00147785EA0199202102
B1129244206010N00147790EA0199602106
B1129254206014N00147793EA0199802110
B1129264206020N00147793EA0200102113
B1129274206026N00147790EA0200602117
B1129284206030N00147784EA0201002120
B1129294206032N00147775EA0201202123
B1129304206031N00147765EA0201502126
B1129314206027N00147757EA0201802129
B1129324206022N00147752EA0202102133
B1129334206017N00147751EA0202602138
B1129344206013N00147753EA0203002141
B1129354206011N00147756EA0203302145
B1129364206010N00147761EA0203602149
B1129374206011N00147766EA0204002153
B1129384206016N00147770EA0204202155
B1129394206022N00147771EA0204502157
B1129404206029N00147768EA0204802159
B1129414206034N00147761EA0205202164
B1129424206037N00147753EA0205602168
B1129434206036N00147743EA0205802171
B1129444206033N00147735EA0206002174
B1129454206028N00147730EA0206402177
B1129464206022N00147729EA0206702181
B1129474206017N00147732EA0207002184
B1129484206016N00147738EA0207302186
B1129494206017N00147744EA0207602189
B1129504206021N00147748EA0207902193
B1129514206027N00147750EA0208202196
B1129524206033N00147747EA0208502200
B1129534206038N00147742EA0208902204
B1129544206040N00147733EA0209302208
B1129554206040N00147724EA0209602211
B1129564206038N00147715EA0209902213
B1129574206034N00147707EA0210102217
B1129584206028N00147703EA0210502220
B1129594206023N00147704EA0210802224
B1130004206019N00147707EA0210902226
B1130014206016N00147711EA0211202228
B1130024206014N00147716EA0211502232
B1130034206014N00147719EA0211802235
B1130044206017N00147723EA0211802237
B1130054206021N00147727EA0211902236
B1130064206028N00147729EA0212002236
B1130074206035N00147730EA0212402239
B1130084206041N00147730EA0212802245
B1130094206046N00147730EA0213502251
B1130104206050N00147729EA0214002257
B1130114206055N00147727EA0214402262
B1130124206060N00147725EA0214902266
B1130134206064N00147719EA0215102269
B1130144206067N00147712EA0215502272
B1130154206069N00147703EA0215902276
B1130164206069N00147694EA0216302280
B1130174206065N00147686EA0216702285
B1130184206061N00147681EA0217102289
B1130194206055N00147679EA0217602294
B1130204206051N00147680EA0218102300
B1130214206049N00147684EA0218702305
B1130224206049N00147690EA0219002309
B1130234206051N00147695EA0219402313
B1130244206055N00147698EA0219802318
B1130254206060N00147698EA0220302323
B1130264206066N00147696EA0220702327
B1130274206072N00147690EA0221102330
B1130284206075N00147682EA0221502335
B1130294206076N00147672EA0222002340
B1130304206074N00147664EA0222302344
B1130314206069N00147658EA0222702348
B1130324206064N00147654EA0223102352
B1130334206059N00147654EA0223602357
B1130344206055N00147657EA0224102363
B1130354206054N00147662EA0224502367
B1130364206055N00147668EA0224902371
B1130374206058N00147673EA0225202374
B1130384206063N00147676EA0225502378
B1130394206069N00147676EA0225902382
B1130404206075N00147673EA0226302386
B1130414206081N00147668EA0226702390
B1130424206085N00147660EA0227102395
B1130434206087N00147652EA0227602400
B1130444206088N00147643EA0227902404
B1130454206087N00147633EA0228302407
B1130464206084N00147624EA0228502409
B1130474206080N00147617EA0228802412
B1130484206074N00147612EA0229202416
B1130494206070N00147612EA0229502420
B1130504206065N00147614EA0229802423
B1130514206062N00147618EA0230102427
B1130524206060N00147623EA0230402431
B1130534206060N00147628EA0230902435
B1130544206062N00147633EA0231302439
B1130554206065N00147637EA0231602443
B1130564206071N00147638EA0232002447
B1130574206077N00147637EA0232502451
B1130584206082N00147633EA0232802455
B1130594206086N00147625EA0233202459
B1131004206089N00147616EA0233402463
B1131014206089N00147607EA0233702465
B1131024206086N00147598EA0233902467
B1131034206082N00147592EA0234002470
B1131044206076N00147588EA0234302472
B1131054206070N00147588EA0234602475
B1131064206065N00147590EA0234902478
B1131074206060N00147592EA0235202482
B1131084206056N00147595EA0235402485
B1131094206053N00147601EA0235802487
B1131104206052N00147607EA0236002490
B1131114206052N00147613EA0236302493
B1131124206055N00147617EA0236602498
B1131134206059N00147618EA0236702499
B1131144206065N00147617EA0236802500
B1131154206071N00147614EA0237002500
B1131164206076N00147610EA0237202503
B1131174206080N00147603EA0237502507
B1131184206083N00147596EA0238002511
B1131194206083N00147588EA0238402515
B1131204206083N00147581EA0238702520
B1131214206083N00147575EA0239102524
B1131224206081N00147568EA0239302527
B1131234206079N00147560EA0239502529
B1131244206077N00147552EA0239802531
B1131254206074N00147545EA0240002534
B1131264206070N00147539EA0240202537
B1131274206064N00147535EA0240302538
B1131284206059N00147530EA0240602540
B1131294206054N00147526EA0240902543
B1131304206049N00147521EA0241202547
B1131314206045N00147515EA0241502550
B1131324206042N00147509EA0241702553
B1131334206039N00147503EA0241902555
B1131344206037N00147495EA0242002556
B1131354206036N00147487EA0242002557
B1131364206036N00147479EA0242102558
B1131374206037N00147471EA0242002558
B1131384206036N00147462EA0242002558
B1131394206034N00147453EA0242002557
B1131404206031N00147443EA0242002557
B1131414206029N00147434EA0242102558
B1131424206027N00147425EA0242102560
B1131434206026N00147416EA0242202561
B1131444206026N00147406EA0242302561
B1131454206026N00147397EA0242402561
B1131464206027N00147387EA0242302560
B1131474206028N00147377EA0242302560
B1131484206029N00147366EA0242102559
B1131494206030N00147356EA0242102558
B1131504206030N00147345EA0241902557
B1131514206030N00147333EA0241702553
B1131524206030N00147321EA0241302550
B1131534206030N00147308EA0241102548
B1131544206031N00147296EA0241002546
B1131554206032N00147283EA0241002546
B1131564206033N00147272EA0241002546
B1131574206034N00147261EA0241002545
B1131584206034N00147249EA0240902544
B1131594206035N00147237EA0240702542
B1132004206036N00147224EA0240502540
B1132014206036N00147211EA0240502538
B1132024206035N00147198EA0240402538
B1132034206033N00147188EA0240702541
B1132044206031N00147180EA0241002545
B1132054206030N00147172EA0241102547
B1132064206030N00147163EA0241102547
B1132074206030N00147154EA0241002544
B1132084206031N00147143EA0240702541
B1132094206031N00147132EA0240402540
B1132104206032N00147122EA0240302538
B1132114206033N00147111EA0240302537
B1132124206033N00147101EA0240002536
B1132134206032N00147089EA0239902534
B1132144206032N00147078EA0239802532
B1132154206032N00147066EA0239702531
B1132164206032N00147054EA0239702530
B1132174206033N00147043EA0239502529
B1132184206033N00147032EA0239502529
B1132194206033N00147021EA0239402528
B1132204206033N00147009EA0239302526
B1132214206034N00146997EA0239302526
B1132224206034N00146985EA0239402526
B1132234206035N00146974EA0239402527
B1132244206035N00146963EA0239502528
B1132254206036N00146952EA0239602529
B1132264206036N00146940EA0239602529
B1132274206037N00146928EA0239602529
B1132284206037N00146916EA0239602528
B1132294206037N00146903EA0239702529
B1132304206038N00146892EA0239802530
B1132314206039N00146882EA0239902531
B1132324206041N00146873EA0240002532
B1132334206043N00146864EA0240002533
B1132344206045N00146854EA0240002533
B1132354206047N00146844EA0239902533
B1132364206048N00146834EA0239702531
B1132374206049N00146823EA0239602529
B1132384206050N00146812EA0239302526
B1132394206052N00146799EA0239102523
B1132404206053N00146787EA0239002521
B1132414206054N00146775EA0238702519
B1132424206055N00146765EA0238602518
B1132434206056N00146756EA0238502517
B1132444206057N00146747EA0238202515
B1132454206058N00146737EA0238002512
B1132464206059N00146727EA0237702509
B1132474206059N00146716EA0237402505
B1132484206059N00146704EA0237202502
B1132494206059N00146693EA0237002500
B1132504206059N00146682EA0236902499
B1132514206059N00146671EA0236702497
B1132524206060N00146660EA0236602496
B1132534206060N00146649EA0236402495
B1132544206060N00146638EA0236202493
B1132554206060N00146627EA0235902490
B1132564206062N00146616EA0235602487
B1132574206063N00146604EA0235502485
B1132584206065N00146593EA0235302483
B1132594206066N00146582EA0235202482
B1133004206067N00146572EA0235002481
B1133014206068N00146562EA0234902479
B1133024206069N00146552EA0234702477
B1133034206070N00146542EA0234502475
B1133044206069N00146531EA0234202472
B1133054206068N00146520EA0234202470
B1133064206067N00146510EA0234002469
B1133074206065N00146500EA0233902467
B1133084206064N00146489EA0233802466
B1133094206064N00146479EA0233602465
B1133104206064N00146469EA0233402463
B1133114206065N00146458EA0233202461
B1133124206065N00146448EA0233002459
B1133134206064N00146437EA0232802456
B1133144206065N00146426EA0232602454
B1133154206065N00146415EA0232302452
B1133164206065N00146404EA0232102450
B1133174206066N00146394EA0232002449
B1133184206066N00146383EA0231802447
B1133194206067N00146372EA0231702445
B1133204206068N00146360EA0231602443
B1133214206069N00146349EA0231502442
B1133224206070N00146338EA0231302441
B1133234206071N00146327EA0231302440
B1133244206073N00146316EA0231202439
B1133254206074N00146305EA0231102438
B1133264206075N00146295EA0231002437
B1133274206076N00146284EA0230902436
B1133284206078N00146273EA0230702435
B1133294206080N00146262EA0230502434
B1133304206081N00146250EA0230402432
B1133314206083N00146239EA0230302431
B1133324206085N00146227EA0230202429
B1133334206086N00146216EA0230202429
B1133344206088N00146205EA0230102429
B1133354206089N00146195EA0230102429
B1133364206091N00146185EA0230002428
B1133374206092N00146175EA0230002427
B1133384206094N00146165EA0229702425
B1133394206096N00146154EA0229502422
B1133404206097N00146143EA0229402421
B1133414206098N00146132EA0229102419
B1133424206099N00146122EA0229102418
B1133434206099N00146114EA0228902418
B1133444206097N00146107EA0228702416
B1133454206093N00146101EA0228302412
B1133464206087N00146096EA0227902407
B1133474206081N00146094EA0227602403
B1133484206076N00146095EA0227302400
B1133494206071N00146098EA0227002398
B1133504206068N00146102EA0226802396
B1133514206066N00146107EA0226802394
B1133524206063N00146112EA0226502393
B1133534206061N00146118EA0226302390
B1133544206058N00146123EA0226102388
B1133554206055N00146129EA0225902386
B1133564206052N00146134EA0225702383
B1133574206048N00146139EA0225402380
B1133584206043N00146145EA0225302376
B1133594206039N00146151EA0224902374
B1134004206034N00146156EA0224802372
B1134014206030N00146161EA0224702371
B1134024206025N00146166EA0224602370
B1134034206021N00146171EA0224402369
B1134044206018N00146176EA0224202367
B1134054206013N00146182EA0224002364
B1134064206009N00146188EA0223702362
B1134074206005N00146194EA0223602360
B1134084206001N00146199EA0223302358
B1134094205997N00146205EA0223202356
B1134104205993N00146210EA0223102355
B1134114205989N00146214EA0222902354
B1134124205985N00146218EA0222802352
B1134134205981N00146223EA0222602350
B1134144205977N00146227EA0222402348
B1134154205973N00146232EA0222202346
B1134164205969N00146237EA0222002344
B1134174205966N00146242EA0221802342
B1134184205963N00146248EA0221502338
B1134194205959N00146254EA0221202334
B1134204205954N00146260EA0220802329
B1134214205950N00146266EA0220502326
B1134224205945N00146272EA0220302324
B1134234205941N00146278EA0219902321
B1134244205937N00146284EA0219602318
B1134254205932N00146290EA0219302315
B1134264205927N00146295EA0219002312
B1134274205923N00146301EA0218702309
B1134284205918N00146307EA0218402306
B1134294205914N00146314EA0218202303
B1134304205909N00146320EA0217902301
B1134314205904N00146326EA0217702298
B1134324205899N00146332EA0217402295
B1134334205894N00146337EA0217102292
B1134344205889N00146343EA0216902290
B1134354205884N00146349EA0216602287
B1134364205879N00146356EA0216402285
B1134374205875N00146362EA0216002282
B1134384205870N00146369EA0215802279
B1134394205865N00146375EA0215602277
B1134404205861N00146381EA0215402274
B1134414205856N00146387EA0215202272
B1134424205852N00146392EA0215002270
B1134434205849N00146398EA0214602268
B1134444205845N00146403EA0214302265
B1134454205841N00146409EA0214002261
B1134464205837N00146415EA0213602257
B1134474205832N00146422EA0213402253
B1134484205828N00146428EA0213102250
B1134494205823N00146435EA0212902248
B1134504205819N00146441EA0212602246
B1134514205815N00146447EA0212402243
B1134524205810N00146453EA0212102240
B1134534205805N00146459EA0211802237
B1134544205800N00146466EA0211602234
B1134554205795N00146473EA0211402231
B1134564205791N00146480EA0211202229
B1134574205786N00146487EA0211202228
B1134584205782N00146495EA0210902227
B1134594205778N00146502EA0210702226
B1135004205775N00146510EA0210502224
B1135014205771N00146517EA0210402222
B1135024205766N00146524EA0210202220
B1135034205761N00146531EA0210102218
B1135044205757N00146538EA0209902216
B1135054205752N00146545EA0209802215
B1135064205748N00146552EA0209702213
B1135074205744N00146559EA0209502212
B1135084205740N00146564EA0209302211
B1135094205735N00146570EA0209202210
B1135104205731N00146575EA0209102208
B1135114205727N00146582EA0208802206
B1135124205723N00146588EA0208702204
B1135134205718N00146595EA0208502202
B1135144205714N00146602EA0208302200
B1135154205710N00146610EA0208102197
B1135164205707N00146618EA0207802195
B1135174205704N00146625EA0207702194
B1135184205701N00146632EA0207702193
B1135194205698N00146638EA0207602192
B1135204205695N00146642EA0207402191
B1135214205692N00146646EA0207202190
B1135224205689N00146650EA0207002187
B1135234205686N00146655EA0206702185
B1135244205683N00146660EA0206402181
B1135254205680N00146667EA0206202178
B1135264205677N00146674EA0205902176
B1135274205675N00146681EA0205802173
B1135284205673N00146687EA0205602172
B1135294205672N00146693EA0205502171
B1135304205671N00146699EA0205502171
B1135314205670N00146704EA0205402170
B1135324205669N00146709EA0205202168
B1135334205667N00146714EA0204902165
B1135344205666N00146720EA0204702163
B1135354205664N00146727EA0204302160
B1135364205663N00146734EA0204102157
B1135374205662N00146742EA0203802152
B1135384205660N00146751EA0203402148
B1135394205658N00146760EA0203102145
B1135404205657N00146770EA0203002143
B1135414205655N00146779EA0202702141
B1135424205653N00146788EA0202602138
B1135434205650N00146797EA0202502136
B1135444205648N00146806EA0202402135
B1135454205647N00146816EA0202302134
B1135464205645N00146825EA0202302134
B1135474205644N00146833EA0202402135
B1135484205643N00146841EA0202502136
B1135494205642N00146849EA0202702138
B1135504205641N00146856EA0202902140
B1135514205641N00146863EA0203002142
B1135524205640N00146870EA0203102143
B1135534205639N00146876EA0203202145
B1135544205639N00146882EA0203402147
B1135554205638N00146889EA0203402148
B1135564205636N00146895EA0203502148
B1135574205633N00146901EA0203502149
B1135584205631N00146906EA0203702151
B1135594205629N00146911EA0203902153
B1136004205627N00146916EA0204102154
B1136014205625N00146921EA0204102155
B1136024205623N00146926EA0204202155
B1136034205621N00146932EA0204302156
B1136044205619N00146938EA0204402156
B1136054205617N00146943EA0204502157
B1136064205615N00146948EA0204602159
B1136074205614N00146952EA0204902161
B1136084205613N00146956EA0205002164
B1136094205613N00146959EA0205202166
B1136104205612N00146962EA0205302168
B1136114205611N00146965EA0205302167
B1136124205609N00146970EA0205302166
B1136134205606N00146975EA0205402166
B1136144205604N00146979EA0205402167
B1136154205602N00146983EA0205602169
B1136164205600N00146987EA0205602171
B1136174205598N00146991EA0205802172
B1136184205597N00146996EA0205802173
B1136194205595N00147000EA0205902174
B1136204205593N00147005EA0205902174
B1136214205591N00147011EA0206002174
B1136224205589N00147016EA0206002175
B1136234205586N00147022EA0206202177
B1136244205584N00147027EA0206302178
B1136254205583N00147033EA0206502179
B1136264205582N00147040EA0206602182
B1136274205581N00147046EA0206902184
B1136284205580N00147051EA0207302188
B1136294205578N00147055EA0207502191
B1136304205575N00147059EA0207802193
B1136314205573N00147063EA0208002196
B1136324205570N00147066EA0208402199
B1136334205568N00147070EA0208602203
B1136344205565N00147073EA0208902206
B1136354205563N00147076EA0209302210
B1136364205560N00147080EA0209702214
B1136374205557N00147083EA0210002218
B1136384205554N00147087EA0210402221
B1136394205553N00147092EA0210902226
B1136404205554N00147096EA0211402231
B1136414205557N00147100EA0211702234
B1136424205563N00147103EA0211902236
B1136434205570N00147104EA0212102239
B1136444205577N00147101EA0212602242
B1136454205584N00147096EA0212902246
B1136464205589N00147089EA0213202249
B1136474205592N00147080EA0213502252
B1136484205593N00147072EA0213902256
B1136494205592N00147063EA0214102259
B1136504205589N00147057EA0214402261
B1136514205585N00147052EA0214902265
B1136524205581N00147051EA0215202269
B1136534205577N00147051EA0215602273
B1136544205574N00147054EA0216002277
B1136554205571N00147056EA0216302282
B1136564205568N00147059EA0216802286
B1136574205567N00147063EA0217102290
B1136584205567N00147068EA0217602294
B1136594205567N00147073EA0217902297
B1137004205570N00147078EA0218102301
B1137014205574N00147082EA0218502304
B1137024205579N00147084EA0218702307
B1137034205586N00147083EA0219002309
B1137044205593N00147080EA0219202311
B1137054205599N00147072EA0219302313
B1137064205604N00147063EA0219402314
B1137074205607N00147053EA0219702315
B1137084205608N00147043EA0219902318
B1137094205606N00147035EA0220302322
B1137104205603N00147029EA0220702326
B1137114205600N00147025EA0221002330
B1137124205596N00147022EA0221402334
B1137134205592N00147020EA0221802338
B1137144205588N00147018EA0222102342
B1137154205584N00147018EA0222502347
B1137164205581N00147018EA0222902351
B1137174205578N00147020EA0223302355
B1137184205577N00147025EA0223602358
B1137194205577N00147030EA0224002362
B1137204205579N00147035EA0224302365
B1137214205582N00147037EA0224502369
B1137224205587N00147036EA0224802372
B1137234205593N00147031EA0224902373
B1137244205597N00147023EA0225102374
B1137254205599N00147013EA0225402376
B1137264205598N00147004EA0225702379
B1137274205595N00146997EA0226102383
B1137284205591N00146992EA0226502387
B1137294205586N00146991EA0226902391
B1137304205582N00146992EA0227302395
B1137314205579N00146994EA0227702400
B1137324205577N00146997EA0228102404
B1137334205575N00147000EA0228402408
B1137344205573N00147004EA0228702411
B1137354205571N00147007EA0229002415
B1137364205570N00147010EA0229402418
B1137374205569N00147013EA0229602422
B1137384205571N00147016EA0229802424
B1137394205572N00147021EA0230102426
B1137404205573N00147026EA0230402429
B1137414205573N00147030EA0230802432
B1137424205573N00147033EA0231202437
B1137434205572N00147036EA0231602442
B1137444205572N00147039EA0231902446
B1137454205574N00147043EA0232202449
B1137464205577N00147047EA0232502451
B1137474205582N00147050EA0232702453
B1137484205589N00147050EA0232902456
B1137494205596N00147045EA0233302459
B1137504205601N00147037EA0233602462
B1137514205603N00147027EA0233802465
B1137524205603N00147017EA0234102468
B1137534205601N00147009EA0234302470
B1137544205597N00147004EA0234502473
B1137554205592N00147001EA0234802475
B1137564205588N00147001EA0235002477
B1137574205585N00147003EA0235302480
B1137584205582N00147006EA0235702484
B1137594205581N00147008EA0236102489
B1138004205581N00147010EA0236602495
B1138014205581N00147011EA0236902498
B1138024205581N00147014EA0237102500
B1138034205581N00147018EA0237202501
B1138044205580N00147023EA0237402502
B1138054205579N00147026EA0237802505
B1138064205577N00147029EA0238202509
B1138074205577N00147031EA0238702515
B1138084205578N00147033EA0239002519
B1138094205579N00147036EA0239302522
B1138104205582N00147040EA0239602524
B1138114205587N00147044EA0239802527
B1138124205594N00147044EA0240002529
B1138134205602N00147040EA0240302531
B1138144205609N00147031EA0240502533
B1138154205613N00147020EA0240702535
B1138164205613N00147009EA0241102538
B1138174205610N00147001EA0241302541
B1138184205606N00146996EA0241702544
B1138194205602N00146995EA0242002548
B1138204205599N00146997EA0242302551
B1138214205598N00147002EA0242702555
B1138224205599N00147008EA0242902558
B1138234205603N00147012EA0243302562
B1138244205610N00147015EA0243602565
B1138254205617N00147014EA0243902568
B1138264205625N00147009EA0244202571
B1138274205631N00147001EA0244502574
B1138284205635N00146991EA0244902578
B1138294205637N00146981EA0245302582
B1138304205637N00146972EA0245702586
B1138314205637N00146963EA0246002591
B1138324205636N00146955EA0246402595
B1138334205633N00146949EA0246602598
B1138344205630N00146944EA0247002601
B1138354205626N00146943EA0247302604
B1138364205622N00146944EA0247602607
B1138374205620N00146948EA0248002611
B1138384205620N00146952EA0248302616
B1138394205622N00146957EA0248702619
B1138404205627N00146962EA0248902622
B1138414205633N00146964EA0249202625
B1138424205640N00146962EA0249502628
B1138434205647N00146955EA0249802631
B1138444205651N00146946EA0250102634
B1138454205652N00146935EA0250402637
B1138464205650N00146926EA0250802641
B1138474205646N00146920EA0251102645
B1138484205642N00146917EA0251502649
B1138494205638N00146916EA0251902653
B1138504205635N00146918EA0252302657
B1138514205634N00146921EA0252702661
B1138524205634N00146926EA0253002665
B1138534205636N00146931EA0253302667
B1138544205642N00146935EA0253602670
B1138554205649N00146936EA0253902673
B1138564205657N00146932EA0254202677
B1138574205662N00146923EA0254602679
B1138584205664N00146912EA0254702682
B1138594205663N00146902EA0255002684
B1139004205660N00146895EA0255302688
B1139014205656N00146892EA0255702692
B1139024205652N00146891EA0256002696
B1139034205649N00146892EA0256402700
B1139044205647N00146893EA0256802705
B1139054205646N00146895EA0257302710
B1139064205645N00146897EA0257602714
B1139074205644N00146901EA0258002718
B1139084205645N00146905EA0258302721
B1139094205648N00146910EA0258802725
B1139104205652N00146913EA0259102729
B1139114205658N00146915EA0259402732
B1139124205666N00146912EA0259602735
B1139134205673N00146906EA0259902737
B1139144205677N00146896EA0260202740
B1139154205678N00146885EA0260502743
B1139164205677N00146876EA0261002748
B1139174205674N00146870EA0261402753
B1139184205670N00146867EA0261702757
B1139194205666N00146868EA0262002760
B1139204205663N00146871EA0262502764
B1139214205662N00146876EA0263002769
B1139224205664N00146880EA0263302774
B1139234205668N00146884EA0263702778
B1139244205673N00146887EA0264002781
B1139254205680N00146888EA0264402785
B1139264205687N00146886EA0264802789
B1139274205694N00146880EA0265102793
B1139284205699N00146872EA0265402796
B1139294205703N00146862EA0265802800
B1139304205704N00146853EA0266302804
B1139314205703N00146844EA0266602808
B1139324205699N00146837EA0266902812
B1139334205694N00146834EA0267302815
B1139344205690N00146834EA0267602817
B1139354205687N00146838EA0268102822
B1139364205687N00146843EA0268302826
B1139374205689N00146849EA0268702830
B1139384205694N00146853EA0269102834
B1139394205700N00146854EA0269502839
B1139404205708N00146851EA0269802843
B1139414205714N00146843EA0270202845
B1139424205718N00146832EA0270502847
B1139434205718N00146821EA0270802851
B1139444205715N00146813EA0271202856
B1139454205710N00146809EA0271602860
B1139464205705N00146809EA0271902863
B1139474205702N00146810EA0272302868
B1139484205701N00146814EA0272702873
B1139494205701N00146818EA0273102877
B1139504205704N00146823EA0273402881
B1139514205709N00146827EA0273702884
B1139524205716N00146828EA0274102887
B1139534205723N00146825EA0274402890
B1139544205729N00146817EA0274702893
B1139554205732N00146807EA0275002896
B1139564205732N00146796EA0275402899
B1139574205729N00146788EA0275702903
B1139584205725N00146783EA0276002907
B1139594205720N00146782EA0276402911
B1140004205716N00146783EA0276702915
B1140014205714N00146785EA0277202920
B1140024205712N00146789EA0277602924
B1140034205712N00146792EA0277902928
B1140044205712N00146796EA0278202931
B1140054205711N00146801EA0278602934
B1140064205711N00146806EA0278902938
B1140074205711N00146811EA0279302942
B1140084205711N00146815EA0279802948
B1140094205711N00146818EA0280302953
B1140104205711N00146821EA0280602957
B1140114205711N00146825EA0281002961
B1140124205712N00146829EA0281202964
B1140134205711N00146834EA0281502966
B1140144205709N00146837EA0281802969
B1140154205707N00146838EA0281802971
B1140164205704N00146839EA0282102973
B1140174205701N00146842EA0282302975
B1140184205698N00146845EA0282402977
B1140194205694N00146849EA0282602979
B1140204205691N00146854EA0282802982
B1140214205687N00146858EA0283102984
B1140224205684N00146862EA0283502988
B1140234205681N00146865EA0283702991
B1140244205678N00146869EA0284002994
B1140254205675N00146873EA0284302997
B1140264205673N00146878EA0284502999
B1140274205671N00146883EA0284803001
B1140284205669N00146888EA0284903003
B1140294205667N00146893EA0285303006
B1140304205666N00146897EA0285603009
B1140314205664N00146901EA0285903013
B1140324205663N00146904EA0286203016
B1140334205662N00146908EA0286303018
B1140344205660N00146912EA0286303018
B1140354205658N00146917EA0286203017
B1140364205656N00146921EA0286003014
B1140374205652N00146926EA0285803011
B1140384205649N00146932EA0285403008
B1140394205646N00146937EA0285303006
B1140404205643N00146942EA0285103005
B1140414205640N00146946EA0285003005
B1140424205637N00146950EA0284903003
B1140434205634N00146954EA0284503001
B1140444205630N00146959EA0284302997
B1140454205625N00146964EA0284102994
B1140464205621N00146969EA0284002993
B1140474205616N00146974EA0283902992
B1140484205613N00146978EA0283902992
B1140494205610N00146983EA0283802992
B1140504205606N00146987EA0283802992
B1140514205603N00146992EA0283702990
B1140524205598N00146997EA0283602988
B1140534205593N00147003EA0283402988
B1140544205589N00147007EA0283602991
B1140554205585N00147011EA0284102995
B1140564205582N00147014EA0284403000
B1140574205580N00147016EA0284703004
B1140584205577N00147018EA0284903005
B1140594205573N00147022EA0284903005
B1141004205570N00147027EA0285003005
B1141014205566N00147033EA0284903005
B1141024205563N00147038EA0285203007
B1141034205559N00147042EA0285603010
B1141044205556N00147045EA0285903015
B1141054205554N00147048EA0286003017
B1141064205553N00147052EA0286003016
B1141074205550N00147057EA0285703014
B1141084205547N00147062EA0285503011
B1141094205543N00147067EA0285203009
B1141104205540N00147072EA0285203008
B1141114205537N00147076EA0285203008
B1141124205534N00147080EA0285203008
B1141134205531N00147085EA0285103008
B1141144205528N00147090EA0284803006
B1141154205524N00147096EA0284603002
B1141164205520N00147102EA0284302999
B1141174205515N00147107EA0284202997
B1141184205510N00147113EA0284102995
B1141194205505N00147118EA0283902994
B1141204205501N00147123EA0283702994
B1141214205496N00147127EA0283702993
B1141224205491N00147132EA0283802994
B1141234205487N00147136EA0284002996
B1141244205483N00147139EA0284402998
B1141254205480N00147141EA0284402999
B1141264205476N00147144EA0284302999
B1141274205471N00147148EA0284202996
B1141284205466N00147152EA0283902993
B1141294205461N00147157EA0283702991
B1141304205455N00147162EA0283502989
B1141314205450N00147168EA0283302987
B1141324205445N00147174EA0283202986
B1141334205441N00147179EA0283202986
B1141344205437N00147183EA0283202985
B1141354205433N00147189EA0283002983
B1141364205428N00147195EA0282602979
B1141374205423N00147201EA0282202975
B1141384205417N00147208EA0281802971
B1141394205411N00147214EA0281502967
B1141404205405N00147221EA0281102963
B1141414205399N00147228EA0280902961
B1141424205394N00147234EA0280702958
B1141434205388N00147240EA0280502956
B1141444205382N00147247EA0280402954
B1141454205376N00147253EA0280202953
B1141464205371N00147259EA0280002951
B1141474205365N00147265EA0279802949
B1141484205359N00147271EA0279502946
B1141494205352N00147278EA0279102943
B1141504205346N00147284EA0279002941
B1141514205341N00147291EA0278802939
B1141524205336N00147298EA0278602936
B1141534205330N00147305EA0278302933
B1141544205324N00147312EA0277902928
B1141554205318N00147318EA0277602924
B1141564205311N00147326EA0277202920
B1141574205304N00147333EA0276802917
B1141584205297N00147340EA0276502913
B1141594205291N00147347EA0276102909
B1142004205284N00147354EA0275702906
B1142014205277N00147360EA0275302902
B1142024205270N00147366EA0275002898
B1142034205263N00147373EA0274602894
B1142044205257N00147380EA0274202891
B1142054205251N00147388EA0273902887
B1142064205244N00147395EA0273502883
B1142074205238N00147402EA0273102880
B1142084205232N00147410EA0272802876
B1142094205225N00147417EA0272502873
B1142104205219N00147425EA0272202870
B1142114205212N00147432EA0272002867
B1142124205206N00147439EA0271502863
B1142134205200N00147447EA0271202860
B1142144205194N00147454EA0270902856
B1142154205188N00147462EA0270502852
B1142164205181N00147469EA0270102848
B1142174205175N00147476EA0269802845
B1142184205168N00147484EA0269302841
B1142194205162N00147491EA0268902837
B1142204205156N00147499EA0268602833
B1142214205149N00147506EA0268302829
B1142224205143N00147514EA0268002826
B1142234205136N00147521EA0267702822
B1142244205130N00147529EA0267302819
B1142254205124N00147536EA0267002815
B1142264205118N00147544EA0266602812
B1142274205112N00147553EA0266302808
B1142284205106N00147561EA0265902805
B1142294205100N00147569EA0265602801
B1142304205094N00147577EA0265302798
B1142314205088N00147585EA0264902794
B1142324205082N00147592EA0264702791
B1142334205075N00147599EA0264402788
B1142344205069N00147606EA0264102785
B1142354205062N00147614EA0263802782
B1142364205056N00147621EA0263602779
B1142374205050N00147629EA0263302776
B1142384205044N00147637EA0263102773
B1142394205038N00147645EA0262802771
B1142404205032N00147653EA0262402768
B1142414205026N00147661EA0262102765
B1142424205020N00147669EA0261902763
B1142434205015N00147677EA0261602761
B1142444205009N00147685EA0261502758
B1142454205004N00147693EA0261302756
B1142464204999N00147700EA0261202755
B1142474204993N00147706EA0261102754
B1142484204988N00147711EA0260902752
B1142494204982N00147716EA0260602750
B1142504204976N00147722EA0260402747
B1142514204970N00147728EA0260002743
B1142524204964N00147734EA0259902741
B1142534204957N00147740EA0259702739
B1142544204951N00147745EA0259602738
B1142554204945N00147750EA0259502737
B1142564204939N00147756EA0259502737
B1142574204934N00147762EA0259502736
B1142584204929N00147769EA0259402736
B1142594204924N00147775EA0259402736
B1143004204919N00147781EA0259202735
B1143014204914N00147786EA0259102734
B1143024204908N00147792EA0259102733
B1143034204903N00147799EA0258802731
B1143044204898N00147806EA0258602728
B1143054204893N00147814EA0258402726
B1143064204888N00147822EA0258202724
B1143074204884N00147829EA0257902722
B1143084204879N00147836EA0257902720
B1143094204874N00147842EA0257702719
B1143104204868N00147848EA0257502717
B1143114204863N00147855EA0257202715
B1143124204858N00147861EA0257102713
B1143134204853N00147867EA0256802710
B1143144204848N00147874EA0256502707
B1143154204842N00147881EA0256302704
B1143164204837N00147888EA0256002701
B1143174204832N00147895EA0255802699
B1143184204826N00147902EA0255602696
B1143194204821N00147908EA0255302694
B1143204204815N00147915EA0255002692
B1143214204810N00147921EA0254902690
B1143224204804N00147928EA0254702687
B1143234204799N00147935EA0254402685
B1143244204793N00147942EA0254102682
B1143254204788N00147949EA0253802679
B1143264204782N00147956EA0253502676
B1143274204777N00147964EA0253302674
B1143284204772N00147972EA0253102671
B1143294204767N00147979EA0252902669
B1143304204761N00147987EA0252802668
B1143314204756N00147994EA0252502665
B1143324204750N00148001EA0252302663
B1143334204744N00148008EA0252102660
B1143344204738N00148015EA0251802657
B1143354204732N00148022EA0251602655
B1143364204726N00148029EA0251402653
B1143374204720N00148036EA0251302652
B1143384204715N00148042EA0251102650
B1143394204709N00148048EA0251002649
B1143404204703N00148054EA0250802647
B1143414204697N00148061EA0250602645
B1143424204692N00148067EA0250502642
B1143434204686N00148073EA0250302641
B1143444204680N00148080EA0250202639
B1143454204675N00148086EA0250002638
B1143464204669N00148093EA0249902636
B1143474204663N00148099EA0249702635
B1143484204657N00148104EA0249602633
B1143494204651N00148110EA0249402632
B1143504204644N00148116EA0249302631
B1143514204639N00148122EA0249202630
B1143524204633N00148129EA0249102629
B1143534204628N00148136EA0249002628
B1143544204623N00148143EA0249002627
B1143554204618N00148149EA0249002627
B1143564204614N00148154EA0248902627
B1143574204610N00148157EA0248902627
B1143584204606N00148161EA0248802627
B1143594204601N00148164EA0248702625
B1144004204596N00148169EA0248502623
B1144014204591N00148174EA0248502621
B1144024204586N00148180EA0248502621
B1144034204581N00148185EA0248602622
B1144044204577N00148190EA0248602624
B1144054204573N00148193EA0248902627
B1144064204569N00148196EA0249002628
B1144074204567N00148200EA0249102630
B1144084204563N00148206EA0249002629
B1144094204559N00148212EA0249102629
B1144104204555N00148219EA0249202630
B1144114204550N00148225EA0249502633
B1144124204547N00148230EA0250002639
B1144134204544N00148234EA0250502645
B1144144204541N00148237EA0250802649
B1144154204538N00148241EA0251002652
B1144164204535N00148246EA0251202652
B1144174204531N00148251EA0251202652
B1144184204526N00148257EA0251402653
B1144194204521N00148263EA0251602655
B1144204204517N00148267EA0251902660
B1144214204514N00148270EA0252402664
B1144224204510N00148273EA0252802668
B1144234204507N00148277EA0253102671
B1144244204502N00148281EA0253202672
B1144254204497N00148286EA0253402674
B1144264204492N00148292EA0253702676
B1144274204488N00148296EA0254002679
B1144284204484N00148300EA0254402684
B1144294204480N00148303EA0254702688
B1144304204476N00148306EA0255002690
B1144314204471N00148310EA0255002691
B1144324204467N00148315EA0255202692
B1144334204462N00148320EA0255302694
B1144344204457N00148324EA0255502697
B1144354204453N00148329EA0255902700
B1144364204448N00148333EA0256202703
B1144374204444N00148339EA0256402705
B1144384204439N00148344EA0256702708
B1144394204434N00148350EA0256902710
B1144404204429N00148356EA0257202713
B1144414204423N00148362EA0257402716
B1144424204418N00148367EA0257702718
B1144434204413N00148372EA0257802721
B1144444204408N00148377EA0258102724
B1144454204403N00148381EA0258402727
B1144464204398N00148385EA0258702730
B1144474204394N00148389EA0258802732
B1144484204390N00148394EA0258902733
B1144494204386N00148399EA0258902733
B1144504204381N00148405EA0259002733
B1144514204376N00148411EA0259102734
B1144524204371N00148417EA0259102735
B1144534204366N00148423EA0259202735
B1144544204361N00148429EA0259102736
B1144554204355N00148434EA0259202736
B1144564204350N00148440EA0259202737
B1144574204344N00148446EA0259102735
B1144584204337N00148453EA0258902733
B1144594204330N00148460EA0258702730
B1145004204324N00148468EA0258602729
B1145014204317N00148475EA0258702729
B1145024204311N00148483EA0258702730
B1145034204305N00148489EA0258802731
B1145044204299N00148496EA0258802730
B1145054204293N00148503EA0258702730
B1145064204287N00148510EA0258702729
B1145074204280N00148517EA0258502728
B1145084204274N00148524EA0258602728
B1145094204269N00148531EA0258602728
B1145104204263N00148537EA0258502728
B1145114204258N00148543EA0258502728
B1145124204252N00148549EA0258402727
B1145134204247N00148556EA0258302726
B1145144204242N00148562EA0258202725
B1145154204237N00148568EA0258002724
B1145164204232N00148573EA0257802722
B1145174204227N00148578EA0257602721
B1145184204222N00148583EA0257302718
B1145194204217N00148589EA0257002715
B1145204204212N00148595EA0256602711
B1145214204206N00148602EA0256302707
B1145224204201N00148609EA0256002704
B1145234204195N00148616EA0255702701
B1145244204190N00148623EA0255602699
B1145254204185N00148629EA0255502698
B1145264204181N00148636EA0255202696
B1145274204176N00148642EA0255002694
B1145284204172N00148649EA0254802692
B1145294204167N00148656EA0254502689
B1145304204162N00148663EA0254302686
B1145314204157N00148671EA0254102684
B1145324204153N00148677EA0254102683
B1145334204148N00148684EA0254002682
B1145344204144N00148690EA0253902681
B1145354204139N00148695EA0253602679
B1145364204134N00148700EA0253402676
B1145374204128N00148706EA0253002672
B1145384204122N00148712EA0252602669
B1145394204116N00148718EA0252402666
B1145404204110N00148723EA0252202664
B1145414204104N00148729EA0252002661
B1145424204099N00148734EA0251702659
B1145434204093N00148740EA0251502656
B1145444204088N00148746EA0251202653
B1145454204081N00148751EA0250702648
B1145464204075N00148758EA0250302642
B1145474204068N00148764EA0249902637
B1145484204062N00148771EA0249302633
B1145494204055N00148777EA0249102630
B1145504204049N00148784EA0248902627
B1145514204043N00148791EA0248702624
B1145524204038N00148797EA0248402622
B1145534204032N00148804EA0248202620
B1145544204027N00148810EA0248202618
B1145554204021N00148816EA0247902616
B1145564204016N00148821EA0247802615
B1145574204011N00148827EA0247602613
B1145584204006N00148833EA0247402611
B1145594204000N00148838EA0247102608
B1146004203995N00148844EA0246802604
B1146014203989N00148850EA0246502601
B1146024203983N00148856EA0246202598
B1146034203977N00148862EA0246002595
B1146044203971N00148868EA0245702593
B1146054203965N00148874EA0245602591
B1146064203959N00148881EA0245302589
B1146074203954N00148887EA0245202588
B1146084203949N00148894EA0245002586
B1146094203943N00148900EA0244802583
B1146104203938N00148906EA0244502581
B1146114203932N00148913EA0244402578
B1146124203926N00148920EA0244102575
B1146134203920N00148926EA0243902573
B1146144203914N00148932EA0243702571
B1146154203908N00148937EA0243502569
B1146164203902N00148943EA0243302568
B1146174203897N00148948EA0243002566
B1146184203891N00148954EA0242902564
B1146194203886N00148960EA0242702562
B1146204203881N00148965EA0242502560
B1146214203875N00148971EA0242302558
B1146224203870N00148977EA0242102556
B1146234203865N00148984EA0242002554
B1146244203860N00148990EA0241602552
B1146254203856N00148997EA0241402550
B1146264203851N00149003EA0241302548
B1146274203846N00149010EA0241102545
B1146284203842N00149017EA0240802543
B1146294203837N00149024EA0240502540
B1146304203832N00149031EA0240402537
B1146314203827N00149037EA0240002535
B1146324203823N00149045EA0239802532
B1146334203818N00149052EA0239602530
B1146344203813N00149060EA0239502528
B1146354203808N00149067EA0239402526
B1146364203803N00149074EA0239202524
B1146374203799N00149081EA0238902522
B1146384203794N00149088EA0238702520
B1146394203788N00149094EA0238402517
B1146404203783N00149100EA0238302514
B1146414203778N00149107EA0238102512
B1146424203774N00149114EA0237902512
B1146434203772N00149120EA0238202513
B1146444203771N00149123EA0238502517
B1146454203769N00149126EA0238702519
B1146464203767N00149128EA0238702519
B1146474203764N00149131EA0238602517
B1146484203762N00149135EA0238402515
B1146494203758N00149140EA0238202512
B1146504203755N00149145EA0238102510
B1146514203751N00149150EA0238002510
B1146524203747N00149153EA0238002510
B1146534203743N00149156EA0238102511
B1146544203740N00149159EA0238102511
B1146554203737N00149163EA0238102511
B1146564203734N00149167EA0238102511
B1146574203730N00149171EA0238002510
B1146584203726N00149174EA0238002510
B1146594203723N00149179EA0237902509
B1147004203719N00149183EA0238002509
B1147014203716N00149187EA0238002509
B1147024203712N00149191EA0238002510
B1147034203709N00149194EA0238002510
B1147044203705N00149197EA0238002510
B1147054203702N00149201EA0238002510
B1147064203698N00149204EA0238002510
B1147074203695N00149208EA0237902510
B1147084203693N00149211EA0237802509
B1147094203690N00149216EA0237702508
B1147104203687N00149220EA0237602506
B1147114203685N00149226EA0237402504
B1147124203682N00149231EA0237202503
B1147134203680N00149235EA0237202502
B1147144203677N00149239EA0237102502
B1147154203674N00149243EA0236902501
B1147164203671N00149248EA0236802499
B1147174203668N00149253EA0236702497
B1147184203665N00149259EA0236402496
B1147194203662N00149265EA0236302494
B1147204203659N00149271EA0236202493
B1147214203656N00149278EA0236002491
B1147224203652N00149284EA0235902489
B1147234203649N00149291EA0235802488
B1147244203646N00149298EA0235702488
B1147254203643N00149305EA0235702487
B1147264203641N00149311EA0235702487
B1147274203639N00149318EA0235602487
B1147284203638N00149324EA0235502487
B1147294203636N00149331EA0235702487
B1147304203635N00149337EA0235702487
B1147314203635N00149343EA0235702488
B1147324203634N00149347EA0235602488
B1147334203631N00149350EA0235502488
B1147344203627N00149352EA0235302485
B1147354203622N00149351EA0235002482
B1147364203617N00149347EA0235102480
B1147374203613N00149340EA0235202480
B1147384203612N00149331EA0235202482
B1147394203613N00149323EA0235202483
B1147404203614N00149314EA0235202483
B1147414203615N00149305EA0235102483
B1147424203616N00149295EA0234802481
B1147434203617N00149284EA0234702477
B1147444203618N00149272EA0234602476
B1147454203620N00149261EA0234502476
B1147464203622N00149250EA0234502476
B1147474203623N00149240EA0234502476
B1147484203625N00149229EA0234402475
B1147494203626N00149218EA0234402473
B1147504203627N00149206EA0234302472
B1147514203628N00149195EA0234202472
B1147524203629N00149184EA0234202471
B1147534203629N00149173EA0234102471
B1147544203630N00149162EA0233902470
B1147554203631N00149151EA0233702468
B1147564203633N00149140EA0233602466
B1147574203634N00149128EA0233302463
B1147584203636N00149117EA0233302462
B1147594203636N00149105EA0233102461
B1148004203637N00149093EA0233002459
B1148014203638N00149082EA0233002458
B1148024203639N00149070EA0232902457
B1148034203640N00149059EA0232902457
B1148044203641N00149048EA0232802457
B1148054203642N00149038EA0232702456
B1148064203643N00149027EA0232602455
B1148074203643N00149017EA0232502454
B1148084203644N00149005EA0232402452
B1148094203645N00148994EA0232202450
B1148104203646N00148983EA0232102449
B1148114203646N00148972EA0232102449
B1148124203645N00148963EA0232002448
B1148134203645N00148953EA0231702447
B1148144203644N00148942EA0231302443
B1148154203644N00148931EA0231102440
B1148164203643N00148919EA0231102439
B1148174203643N00148908EA0231102439
B1148184203643N00148898EA0231102438
B1148194203644N00148887EA0231002438
B1148204203645N00148875EA0231002436
B1148214203646N00148864EA0230702434
B1148224203646N00148852EA0230602433
B1148234203645N00148841EA0230502431
B1148244203645N00148830EA0230202429
B1148254203644N00148819EA0230002426
B1148264203644N00148807EA0229402423
B1148274203644N00148795EA0229202420
B1148284203644N00148782EA0229002416
B1148294203644N00148768EA0228602412
B1148304203644N00148754EA0228302409
B1148314203644N00148739EA0228102406
B1148324203644N00148725EA0227902403
B1148334203643N00148711EA0227702401
B1148344203643N00148698EA0227502400
B1148354203644N00148685EA0227202398
B1148364203644N00148672EA0227002396
B1148374203645N00148658EA0226902393
B1148384203646N00148645EA0226602390
B1148394203646N00148632EA0226302388
B1148404203646N00148619EA0226002385
B1148414203646N00148606EA0225802383
B1148424203646N00148593EA0225602380
B1148434203646N00148580EA0225302377
B1148444203645N00148568EA0225002374
B1148454203644N00148555EA0224702371
B1148464203643N00148542EA0224402367
B1148474203642N00148529EA0224102364
B1148484203641N00148515EA0223902361
B1148494203641N00148502EA0223502358
B1148504203640N00148489EA0223302355
B1148514203640N00148476EA0223102353
B1148524203639N00148464EA0222802350
B1148534203638N00148451EA0222502348
B1148544203637N00148438EA0222302345
B1148554203636N00148426EA0221902342
B1148564203635N00148413EA0221802339
B1148574203634N00148400EA0221402337
B1148584203634N00148387EA0221202334
B1148594203634N00148374EA0221002332
B1149004203634N00148361EA0220802330
B1149014203634N00148348EA0220602328
B1149024203635N00148335EA0220502326
B1149034203635N00148323EA0220302324
B1149044203636N00148310EA0220002322
B1149054203637N00148297EA0219802320
B1149064203638N00148284EA0219502317
B1149074203638N00148271EA0219302314
B1149084203637N00148258EA0219102311
B1149094203637N00148245EA0218902309
B1149104203636N00148232EA0218602307
B1149114203636N00148219EA0218402304
B1149124203635N00148206EA0218102302
B1149134203635N00148193EA0217802299
B1149144203634N00148180EA0217602297
B1149154203634N00148167EA0217302294
B1149164203633N00148154EA0217002291
B1149174203631N00148141EA0216902289
B1149184203630N00148128EA0216602287
B1149194203629N00148115EA0216502284
B1149204203627N00148102EA0216302282
B1149214203626N00148089EA0216002279
B1149224203625N00148076EA0215702277
B1149234203624N00148063EA0215502274
B1149244203622N00148050EA0215202271
B1149254203620N00148036EA0214902269
B1149264203618N00148023EA0214702266
B1149274203616N00148011EA0214502264
B1149284203613N00147998EA0214302262
B1149294203610N00147986EA0214002260
B1149304203608N00147973EA0213702257
B1149314203606N00147961EA0213402255
B1149324203603N00147948EA0213302252
B1149334203601N00147935EA0213102249
B1149344203598N00147922EA0212802246
B1149354203596N00147910EA0212602244
B1149364203593N00147897EA0212302242
B1149374203590N00147885EA0212102239
B1149384203588N00147873EA0211802237
B1149394203586N00147860EA0211502234
B1149404203583N00147848EA0211202231
B1149414203580N00147835EA0211002228
B1149424203577N00147823EA0210702225
B1149434203574N00147811EA0210402222
B1149444203570N00147799EA0210102218
B1149454203568N00147786EA0209802215
B1149464203565N00147774EA0209502212
B1149474203562N00147762EA0209202209
B1149484203560N00147750EA0208902206
B1149494203558N00147739EA0208602203
B1149504203555N00147727EA0208202199
B1149514203553N00147715EA0208002196
B1149524203551N00147703EA0207602192
B1149534203548N00147691EA0207302188
B1149544203545N00147679EA0206902185
B1149554203543N00147667EA0206602181
B1149564203541N00147655EA0206302178
B1149574203539N00147644EA0206102175
B1149584203537N00147632EA0205802173
B1149594203535N00147620EA0205402170
B1150004203534N00147608EA0205202167
B1150014203533N00147596EA0204802163
B1150024203533N00147583EA0204602160
B1150034203532N00147572EA0204302156
B1150044203530N00147560EA0203802153
B1150054203529N00147549EA0203502150
B1150064203527N00147538EA0203202146
B1150074203526N00147527EA0202702141
B1150084203526N00147515EA0202302137
B1150094203525N00147503EA0201802132
B1150104203525N00147490EA0201402127
B1150114203525N00147477EA0201002122
B1150124203525N00147464EA0200602118
B1150134203525N00147452EA0200102114
B1150144203524N00147439EA0199802109
B1150154203524N00147428EA0199402105
B1150164203523N00147417EA0199102103
B1150174203523N00147408EA0199102103
B1150184203523N00147400EA0198902103
B1150194203525N00147393EA0198902102
B1150204203527N00147385EA0198702100
B1150214203528N00147377EA0198402097
B1150224203529N00147369EA0198002094
B1150234203528N00147359EA0197802090
B1150244203527N00147350EA0197602087
B1150254203526N00147341EA0197402085
B1150264203525N00147333EA0197202083
B1150274203524N00147326EA0197302083
B1150284203523N00147321EA0197302083
B1150294203521N00147316EA0197302083
B1150304203519N00147312EA0197102082
B1150314203516N00147308EA0197202082
B1150324203513N00147304EA0197202082
B1150334203510N00147302EA0197302084
B1150344203508N00147302EA0197602086
B1150354203506N00147301EA0197802089
B1150364203504N00147301EA0197902090
B1150374203501N00147301EA0197902090
B1150384203497N00147300EA0197902089
B1150394203492N00147299EA0198102090
B1150404203488N00147297EA0198202092
B1150414203485N00147295EA0198602095
B1150424203481N00147295EA0198902099
B1150434203477N00147296EA0199302102
B1150444203472N00147298EA0199502105
B1150454203468N00147299EA0199902108
B1150464203463N00147301EA0200202112
B1150474203458N00147303EA0200602115
B1150484203453N00147306EA0200802118
B1150494203448N00147309EA0201002120
B1150504203443N00147313EA0201202123
B1150514203438N00147317EA0201602126
B1150524203434N00147322EA0201902129
B1150534203432N00147328EA0202302133
B1150544203432N00147335EA0202602136
B1150554203434N00147342EA0202802138
B1150564203439N00147347EA0203102141
B1150574203444N00147351EA0203502144
B1150584203451N00147352EA0203602147
B1150594203457N00147348EA0203902150
B1151004203462N00147343EA0204102152
B1151014203465N00147335EA0204402155
B1151024203466N00147328EA0204702157
B1151034203464N00147322EA0204802159
B1151044203460N00147317EA0204902161
B1151054203456N00147313EA0204902162
B1151064203452N00147308EA0205202163
B1151074203448N00147303EA0205502166
B1151084203445N00147300EA0205902170
B1151094203441N00147297EA0206202174
B1151104203437N00147296EA0206402177
B1151114203433N00147295EA0206602179
B1151124203428N00147295EA0206802180
B1151134203424N00147296EA0207002181
B1151144203419N00147297EA0207302184
B1151154203415N00147297EA0207602189
B1151164203411N00147298EA0207902192
B1151174203408N00147299EA0208002195
B1151184203404N00147300EA0208102195
B1151194203400N00147301EA0208102196
B1151204203396N00147303EA0208102196
B1151214203391N00147305EA0208202196
B1151224203387N00147307EA0208302198
B1151234203383N00147309EA0208602200
B1151244203380N00147311EA0208802202
B1151254203377N00147312EA0209002204
B1151264203372N00147314EA0209002204
B1151274203367N00147316EA0209202205
B1151284203363N00147319EA0209502208
B1151294203360N00147320EA0209902212
B1151304203359N00147319EA0210102217
B1151314203357N00147319EA0210302219
B1151324203354N00147321EA0210202217
B1151334203350N00147323EA0210102215
B1151344203344N00147325EA0210102214
B1151354203338N00147327EA0210302215
B1151364203333N00147330EA0210702218
B1151374203329N00147332EA0210902220
B1151384203325N00147334EA0211302223
B1151394203321N00147335EA0211402225
B1151404203316N00147336EA0211602226
B1151414203311N00147338EA0211902228
B1151424203306N00147342EA0212102230
B1151434203302N00147348EA0212402233
B1151444203300N00147356EA0212702235
B1151454203300N00147364EA0212902238
B1151464203301N00147372EA0213102241
B1151474203304N00147379EA0213302243
B1151484203308N00147385EA0213402244
B1151494203313N00147389EA0213502245
B1151504203320N00147390EA0213602245
B1151514203326N00147387EA0213802247
B1151524203329N00147380EA0213902248
B1151534203329N00147373EA0214102250
B1151544203327N00147366EA0214302251
B1151554203322N00147362EA0214502253
B1151564203316N00147361EA0214702257
B1151574203311N00147363EA0214802259
B1151584203306N00147367EA0215002261
B1151594203301N00147373EA0215202264
B1152004203298N00147381EA0215302264
B1152014203297N00147390EA0215402265
B1152024203298N00147400EA0215502266
B1152034203302N00147408EA0215602267
B1152044203307N00147414EA0215702268
B1152054203313N00147416EA0215802269
B1152064203318N00147415EA0215902270
B1152074203322N00147410EA0215902270
B1152084203325N00147403EA0216002271
B1152094203326N00147396EA0216202272
B1152104203326N00147391EA0216502276
B1152114203327N00147387EA0216902280
B1152124203328N00147384EA0217102284
B1152134203328N00147380EA0217202285
B1152144203327N00147375EA0217302286
B1152154203325N00147369EA0217402287
B1152164203322N00147365EA0217402288
B1152174203319N00147362EA0217602291
B1152184203315N00147360EA0217902294
B1152194203311N00147358EA0217902295
B1152204203306N00147358EA0218002295
B1152214203301N00147359EA0218102296
B1152224203297N00147362EA0218202297
B1152234203294N00147366EA0218302299
B1152244203291N00147373EA0218302299
B1152254203289N00147382EA0218302299
B1152264203289N00147391EA0218302299
B1152274203291N00147399EA0218402300
B1152284203295N00147406EA0218402300
B1152294203301N00147410EA0218402300
B1152304203306N00147410EA0218402300
B1152314203312N00147409EA0218402301
B1152324203317N00147407EA0218502302
B1152334203321N00147403EA0218602303
B1152344203324N00147398EA0218602303
B1152354203327N00147393EA0218602302
B1152364203330N00147388EA0218702303
B1152374203333N00147382EA0218902304
B1152384203335N00147376EA0219102306
B1152394203337N00147371EA0219302309
B1152404203340N00147366EA0219602311
B1152414203342N00147361EA0219902313
B1152424203344N00147355EA0220202316
B1152434203344N00147350EA0220302318
B1152444203343N00147346EA0220702321
B1152454203341N00147343EA0221002324
B1152464203337N00147343EA0221102327
B1152474203333N00147345EA0221202329
B1152484203330N00147349EA0221402330
B1152494203327N00147356EA0221502331
B1152504203326N00147365EA0221702333
B1152514203327N00147374EA0221702334
B1152524203331N00147381EA0221902336
B1152534203337N00147386EA0222002338
B1152544203343N00147388EA0222202341
B1152554203350N00147387EA0222402342
B1152564203355N00147384EA0222502343
B1152574203359N00147380EA0222602345
B1152584203362N00147376EA0222802347
B1152594203364N00147372EA0223202350
B1153004203367N00147369EA0223302353
B1153014203369N00147366EA0223602355
B1153024203371N00147363EA0223702357
B1153034203373N00147359EA0223902359
B1153044203373N00147356EA0223902359
B1153054203371N00147351EA0224102358
B1153064203370N00147348EA0224202360
B1153074203368N00147345EA0224702364
B1153084203365N00147344EA0225002368
B1153094203363N00147344EA0225302371
B1153104203360N00147345EA0225502374
B1153114203357N00147348EA0225802376
B1153124203354N00147353EA0225702376
B1153134203352N00147361EA0225702375
B1153144203351N00147370EA0225702375
B1153154203352N00147380EA0225802376
B1153164203355N00147389EA0225802377
B1153174203361N00147396EA0225802378
B1153184203367N00147401EA0225902378
B1153194203374N00147405EA0226102379
B1153204203380N00147407EA0226402382
B1153214203385N00147406EA0226602384
B1153224203390N00147403EA0226602386
B1153234203392N00147398EA0226502386
B1153244203393N00147391EA0226502386
B1153254203392N00147384EA0226602386
B1153264203390N00147379EA0226902388
B1153274203387N00147376EA0227302393
B1153284203384N00147375EA0227602397
B1153294203381N00147376EA0228002400
B1153304203378N00147377EA0228202403
B1153314203376N00147378EA0228502406
B1153324203373N00147379EA0228502408
B1153334203370N00147381EA0228602409
B1153344203366N00147385EA0228602410
B1153354203363N00147389EA0228402410
B1153364203359N00147394EA0228402410
B1153374203355N00147398EA0228302408
B1153384203351N00147400EA0228402407
B1153394203347N00147402EA0228302407
B1153404203344N00147403EA0228202407
B1153414203340N00147403EA0228202407
B1153424203337N00147404EA0228202406
B1153434203333N00147404EA0228002406
B1153444203330N00147403EA0227902405
B1153454203327N00147401EA0227902404
B1153464203324N00147400EA0227702403
B1153474203320N00147399EA0227502402
B1153484203317N00147398EA0227402400
B1153494203313N00147397EA0227102398
B1153504203310N00147395EA0226802395
B1153514203307N00147392EA0226602392
B1153524203303N00147389EA0226402390
B1153534203300N00147387EA0226402390
B1153544203297N00147386EA0226402390
B1153554203294N00147386EA0226302390
B1153564203290N00147385EA0226102388
B1153574203285N00147384EA0225902385
B1153584203280N00147382EA0225702383
B1153594203275N00147379EA0225702382
B1154004203271N00147376EA0225902383
B1154014203268N00147374EA0226002385
B1154024203265N00147373EA0226002386
B1154034203261N00147372EA0225902386
B1154044203258N00147369EA0225502383
B1154054203254N00147365EA0225102379
B1154064203251N00147360EA0224802375
B1154074203247N00147354EA0224302371
B1154084203243N00147349EA0224002367
B1154094203238N00147344EA0223702364
B1154104203233N00147337EA0223402359
B1154114203228N00147331EA0223102357
B1154124203224N00147327EA0223102356
B1154134203220N00147325EA0223402357
B1154144203217N00147325EA0223602359
B1154154203215N00147323EA0223702360
B1154164203213N00147321EA0223602360
B1154174203211N00147316EA0223602358
B1154184203209N00147310EA0223602357
B1154194203209N00147303EA0223602358
B1154204203210N00147296EA0223702359
B1154214203210N00147290EA0223802361
B1154224203211N00147284EA0224002362
B1154234203210N00147279EA0223902363
B1154244203210N00147274EA0224002363
B1154254203210N00147268EA0223902363
B1154264203210N00147261EA0223802361
B1154274203209N00147254EA0223902361
B1154284203208N00147248EA0224002363
B1154294203207N00147243EA0224002364
B1154304203207N00147238EA0224202365
B1154314203207N00147233EA0224402367
B1154324203208N00147227EA0224402368
B1154334203208N00147222EA0224502369
B1154344203207N00147216EA0224502369
B1154354203207N00147210EA0224702370
B1154364203207N00147203EA0224802371
B1154374203206N00147197EA0224902372
B1154384203205N00147190EA0225002374
B1154394203203N00147184EA0225102375
B1154404203201N00147178EA0225302376
B1154414203200N00147172EA0225502379
B1154424203199N00147166EA0225702381
B1154434203199N00147160EA0225902383
B1154444203198N00147154EA0226002385
B1154454203198N00147148EA0226102386
B1154464203197N00147142EA0226302388
B1154474203196N00147138EA0226602390
B1154484203195N00147135EA0226802393
B1154494203193N00147133EA0227102395
B1154504203191N00147131EA0227202397
B1154514203189N00147130EA0227502399
B1154524203186N00147130EA0227702402
B1154534203184N00147132EA0227902404
B1154544203181N00147136EA0228002406
B1154554203179N00147141EA0228102407
B1154564203177N00147146EA0228102408
B1154574203175N00147153EA0228102408
B1154584203174N00147161EA0228202407
B1154594203173N00147170EA0228202407
B1155004203172N00147180EA0228402408
B1155014203173N00147189EA0228602410
B1155024203176N00147196EA0228802413
B1155034203180N00147201EA0228902415
B1155044203186N00147205EA0229002416
B1155054203191N00147208EA0229002417
B1155064203197N00147208EA0229102418
B1155074203201N00147206EA0229202419
B1155084203206N00147203EA0229102419
B1155094203209N00147198EA0229202419
B1155104203211N00147192EA0229302419
B1155114203212N00147186EA0229402421
B1155124203211N00147181EA0229602422
B1155134203209N00147178EA0229902424
B1155144203207N00147175EA0230202427
B1155154203205N00147174EA0230502431
B1155164203204N00147174EA0230602433
B1155174203203N00147173EA0230702434
B1155184203201N00147172EA0230602433
B1155194203198N00147171EA0230502431
B1155204203194N00147169EA0230502431
B1155214203192N00147167EA0230502432
B1155224203190N00147165EA0230602433
B1155234203187N00147164EA0230702433
B1155244203185N00147163EA0230802434
B1155254203182N00147161EA0230802434
B1155264203179N00147157EA0230902435
B1155274203177N00147152EA0231002437
B1155284203176N00147148EA0231302439
B1155294203174N00147145EA0231502442
B1155304203172N00147142EA0231802444
B1155314203170N00147139EA0231702445
B1155324203167N00147133EA0231802446
B1155334203165N00147128EA0231702444
B1155344203163N00147124EA0231702444
B1155354203160N00147120EA0231502444
B1155364203157N00147117EA0231302443
B1155374203155N00147112EA0231002440
B1155384203152N00147106EA0230902437
B1155394203149N00147101EA0230802435
B1155404203147N00147096EA0230602434
B1155414203144N00147091EA0230502432
B1155424203141N00147086EA0230402431
B1155434203138N00147081EA0230302430
B1155444203136N00147075EA0230302429
B1155454203133N00147070EA0230102428
B1155464203131N00147065EA0230002427
B1155474203128N00147059EA0229802425
B1155484203124N00147052EA0229602422
B1155494203120N00147046EA0229402418
B1155504203115N00147040EA0229102416
B1155514203110N00147035EA0229102415
B1155524203106N00147031EA0229202415
B1155534203102N00147026EA0229202415
B1155544203098N00147020EA0229102415
B1155554203095N00147014EA0228902412
B1155564203090N00147008EA0228702410
B1155574203085N00147002EA0228402408
B1155584203080N00146995EA0228202406
B1155594203076N00146989EA0228002404
B1156004203071N00146983EA0227702401
B1156014203066N00146978EA0227502399
B1156024203061N00146973EA0227202396
B1156034203056N00146968EA0226902394
B1156044203052N00146963EA0226802392
B1156054203048N00146958EA0226502390
B1156064203044N00146953EA0226202386
B1156074203039N00146948EA0225802382
B1156084203033N00146943EA0225502378
B1156094203027N00146938EA0225402376
B1156104203023N00146934EA0225302376
B1156114203019N00146930EA0225302377
B1156124203015N00146926EA0225202377
B1156134203012N00146922EA0224902373
B1156144203007N00146918EA0224602370
B1156154203003N00146914EA0224402367
B1156164202998N00146909EA0224002363
B1156174202993N00146905EA0223802361
B1156184202988N00146902EA0223502359
B1156194202984N00146898EA0223302357
B1156204202979N00146895EA0223002354
B1156214202975N00146892EA0222702350
B1156224202970N00146889EA0222302346
B1156234202965N00146886EA0221902341
B1156244202960N00146882EA0221302336
B1156254202954N00146878EA0220902331
B1156264202949N00146874EA0220602327
B1156274202944N00146870EA0220302324
B1156284202939N00146865EA0220002321
B1156294202935N00146861EA0219602318
B1156304202930N00146855EA0219202314
B1156314202926N00146848EA0218902309
B1156324202921N00146842EA0218602305
B1156334202916N00146835EA0218302301
B1156344202912N00146828EA0218102300
B1156354202909N00146821EA0217902298
B1156364202906N00146815EA0217602296
B1156374202903N00146809EA0217302293
B1156384202899N00146802EA0216802288
B1156394202895N00146795EA0216402283
B1156404202890N00146788EA0216002279
B1156414202885N00146781EA0215602275
B1156424202880N00146773EA0215402272
B1156434202876N00146767EA0215202270
B1156444202871N00146761EA0215002269
B1156454202867N00146755EA0214802266
B1156464202863N00146748EA0214502264
B1156474202859N00146741EA0214302261
B1156484202855N00146733EA0214102257
B1156494202850N00146726EA0213802255
B1156504202845N00146719EA0213702254
B1156514202842N00146712EA0213602253
B1156524202838N00146705EA0213602252
B1156534202835N00146698EA0213402251
B1156544202831N00146691EA0213202249
B1156554202827N00146684EA0212902247
B1156564202823N00146677EA0212802244
B1156574202819N00146669EA0212602242
B1156584202815N00146662EA0212502240
B1156594202811N00146655EA0212402239
B1157004202807N00146648EA0212202238
B1157014202803N00146641EA0211902237
B1157024202800N00146633EA0211902235
B1157034202796N00146626EA0211702234
B1157044202792N00146618EA0211602232
B1157054202788N00146611EA0211402230
B1157064202784N00146602EA0211202228
B1157074202780N00146593EA0211002226
B1157084202777N00146584EA0210902224
B1157094202773N00146576EA0210702223
B1157104202770N00146568EA0210602222
B1157114202768N00146560EA0210302221
B1157124202765N00146551EA0210202218
B1157134202762N00146542EA0210002215
B1157144202759N00146532EA0209802213
B1157154202756N00146522EA0209702211
B1157164202753N00146513EA0209502210
B1157174202750N00146504EA0209302209
B1157184202748N00146495EA0209102207
B1157194202745N00146485EA0208902205
B1157204202743N00146476EA0208602202
B1157214202740N00146467EA0208302199
B1157224202737N00146458EA0208102196
B1157234202734N00146449EA0207802193
B1157244202730N00146441EA0207602191
B1157254202727N00146433EA0207402189
B1157264202724N00146425EA0207202187
B1157274202720N00146417EA0207002185
B1157284202715N00146410EA0206802182
B1157294202711N00146403EA0206502180
B1157304202706N00146395EA0206302177
B1157314202701N00146388EA0206102176
B1157324202697N00146381EA0206002175
B1157334202693N00146374EA0205802173
B1157344202689N00146365EA0205602171
B1157354202686N00146357EA0205402169
B1157364202683N00146348EA0205202166
B1157374202680N00146340EA0204902164
B1157384202677N00146331EA0204602161
B1157394202673N00146322EA0204502159
B1157404202670N00146314EA0204302158
B1157414202667N00146306EA0204202156
B1157424202664N00146299EA0203902154
B1157434202661N00146291EA0203602151
B1157444202657N00146283EA0203302148
B1157454202652N00146275EA0203002144
B1157464202647N00146268EA0202802141
B1157474202641N00146262EA0202502138
B1157484202636N00146255EA0202302136
B1157494202630N00146250EA0202102134
B1157504202624N00146244EA0201902131
B1157514202619N00146237EA0201502128
B1157524202613N00146230EA0201302125
B1157534202608N00146223EA0201002122
B1157544202603N00146216EA0200802119
B1157554202598N00146209EA0200502117
B1157564202593N00146201EA0200302115
B1157574202588N00146193EA0200102112
B1157584202583N00146186EA0199802109
B1157594202578N00146178EA0199502107
B1158004202573N00146171EA0199402105
B1158014202568N00146164EA0199202104
B1158024202563N00146157EA0199202103
B1158034202558N00146152EA0199202102
B1158044202553N00146146EA0199102101
B1158054202549N00146140EA0198902100
B1158064202544N00146133EA0198802098
B1158074202538N00146126EA0198602096
B1158084202532N00146119EA0198402095
B1158094202526N00146113EA0198302092
B1158104202520N00146106EA0198202091
B1158114202514N00146100EA0198102089
B1158124202508N00146094EA0197902088
B1158134202502N00146088EA0197702087
B1158144202497N00146083EA0197302084
B1158154202491N00146076EA0197002080
B1158164202484N00146069EA0196502074
B1158174202477N00146061EA0196202070
B1158184202470N00146055EA0196002068
B1158194202464N00146049EA0195902067
B1158204202458N00146044EA0195802066
B1158214202453N00146039EA0195602065
B1158224202447N00146034EA0195502063
B1158234202441N00146029EA0195102060
B1158244202434N00146023EA0194802055
B1158254202427N00146017EA0194502052
B1158264202420N00146011EA0194202048
B1158274202414N00146004EA0193802045
B1158284202408N00145998EA0193502042
B1158294202402N00145992EA0193302040
B1158304202395N00145986EA0193002037
B1158314202389N00145980EA0192702034
B1158324202383N00145974EA0192502031
B1158334202377N00145968EA0192202028
B1158344202371N00145962EA0191902025
B1158354202365N00145956EA0191502021
B1158364202359N00145951EA0191202018
B1158374202353N00145945EA0190802014
B1158384202347N00145939EA0190502010
B1158394202340N00145934EA0190202007
B1158404202333N00145930EA0190002005
B1158414202327N00145926EA0189802003
B1158424202320N00145923EA0189702001
B1158434202314N00145920EA0189501999
B1158444202307N00145917EA0189101996
B1158454202300N00145913EA0188801993
B1158464202294N00145907EA0188501989
B1158474202288N00145901EA0188201986
B1158484202281N00145896EA0187801983
B1158494202275N00145892EA0187601981
B1158504202269N00145887EA0187401979
B1158514202262N00145883EA0187101976
B1158524202256N00145879EA0186901973
B1158534202249N00145874EA0186701971
B1158544202242N00145869EA0186601969
B1158554202236N00145864EA0186601969
B1158564202231N00145859EA0186401968
B1158574202225N00145854EA0186301966
B1158584202219N00145849EA0186201965
B1158594202213N00145843EA0185901963
B1159004202207N00145837EA0185801961
B1159014202201N00145831EA0185801961
B1159024202195N00145826EA0185901962
B1159034202189N00145820EA0186001963
B1159044202184N00145813EA0186001963
B1159054202179N00145805EA0186001964
B1159064202175N00145797EA0186101964
B1159074202170N00145788EA0186101964
B1159084202166N00145780EA0186201965
B1159094202162N00145772EA0186301966
B1159104202158N00145763EA0186301967
B1159114202154N00145755EA0186401968
B1159124202151N00145746EA0186501969
B1159134202148N00145738EA0186601970
B1159144202145N00145730EA0186701971
B1159154202142N00145723EA0186801972
B1159164202139N00145716EA0186801973
B1159174202135N00145709EA0186901973
B1159184202131N00145702EA0186901973
B1159194202126N00145695EA0186901973
B1159204202121N00145688EA0186901973
B1159214202117N00145682EA0187001973
B1159224202113N00145676EA0186901973
B1159234202108N00145671EA0187001974
B1159244202103N00145668EA0186901973
B1159254202098N00145664EA0186701972
B1159264202091N00145659EA0186701970
B1159274202085N00145653EA0186701970
B1159284202079N00145648EA0186801970
B1159294202074N00145644EA0187001972
B1159304202069N00145638EA0187101974
B1159314202065N00145632EA0187101974
B1159324202061N00145625EA0187001973
B1159334202057N00145618EA0186801972
B1159344202053N00145611EA0186601970
B1159354202047N00145603EA0186501968
B1159364202042N00145597EA0186301967
B1159374202037N00145590EA0186301966
B1159384202033N00145584EA0186201966
B1159394202028N00145577EA0186101965
B1159404202023N00145571EA0186001964
B1159414202018N00145565EA0186001963
B1159424202013N00145560EA0186001963
B1159434202007N00145555EA0186001962
B1159444202002N00145550EA0185901961
B1159454201997N00145546EA0185801959
B1159464201991N00145541EA0185601957
B1159474201985N00145536EA0185501955
B1159484201979N00145532EA0185301954
B1159494201973N00145529EA0185301952
B1159504201967N00145525EA0185201952
B1159514201960N00145522EA0185101952
B1159524201954N00145519EA0185001951
B1159534201948N00145516EA0184901950
B1159544201941N00145512EA0184801948
B1159554201935N00145509EA0184901949
B1159564201929N00145508EA0184901951
B1159574201923N00145506EA0185101952
B1159584201917N00145504EA0185101953
B1159594201911N00145501EA0185201953
B1200004201905N00145498EA0185101953
B1200014201899N00145494EA0185001953
B1200024201893N00145491EA0185101952
B1200034201887N00145488EA0185101952
B1200044201880N00145485EA0185201953
B1200054201874N00145482EA0185201954
B1200064201869N00145478EA0185401956
B1200074201865N00145473EA0185501957
B1200084201860N00145468EA0185601958
B1200094201855N00145463EA0185601959
B1200104201849N00145459EA0185601958
B1200114201843N00145457EA0185501958
B1200124201837N00145454EA0185601958
B1200134201832N00145452EA0185601959
B1200144201826N00145450EA0185801961
B1200154201822N00145449EA0185901962
B1200164201817N00145447EA0186101964
B1200174201812N00145445EA0186201965
B1200184201808N00145443EA0186301965
B1200194201803N00145442EA0186201965
B1200204201798N00145441EA0186201966
B1200214201794N00145440EA0186201966
B1200224201789N00145439EA0186201966
B1200234201784N00145439EA0186201966
B1200244201779N00145438EA0186301966
B1200254201774N00145438EA0186201966
B1200264201769N00145438EA0186301966
B1200274201763N00145438EA0186401967
B1200284201758N00145438EA0186501968
B1200294201752N00145438EA0186601968
B1200304201747N00145437EA0186701970
B1200314201741N00145436EA0186901971
B1200324201736N00145435EA0187201973
B1200334201731N00145434EA0187301975
B1200344201727N00145433EA0187501978
B1200354201723N00145432EA0187601979
B1200364201718N00145430EA0187701981
B1200374201714N00145430EA0187701981
B1200384201709N00145429EA0187601981
B1200394201704N00145430EA0187701981
B1200404201699N00145432EA0187801981
B1200414201695N00145434EA0187801982
B1200424201692N00145436EA0187801983
B1200434201689N00145439EA0187801983
B1200444201687N00145443EA0187801982
B1200454201685N00145448EA0187701981
B1200464201684N00145453EA0187601981
B1200474201685N00145458EA0187601980
B1200484201686N00145463EA0187601980
B1200494201688N00145467EA0187701981
B1200504201690N00145471EA0187701981
B1200514201693N00145474EA0187701982
B1200524201697N00145477EA0187601982
B1200534201701N00145479EA0187601981
B1200544201707N00145481EA0187501980
B1200554201712N00145482EA0187501979
B1200564201717N00145482EA0187401980
B1200574201723N00145481EA0187401980
B1200584201728N00145480EA0187401979
B1200594201733N00145477EA0187301978
B1201004201738N00145472EA0187301978
B1201014201742N00145465EA0187201977
B1201024201744N00145457EA0187301977
B1201034201744N00145449EA0187301978
B1201044201743N00145440EA0187301978
B1201054201741N00145431EA0187301977
B1201064201738N00145423EA0187201977
B1201074201734N00145416EA0187101976
B1201084201729N00145411EA0187101976
B1201094201724N00145408EA0187201976
B1201104201719N00145406EA0187201976
B1201114201714N00145407EA0187101976
B1201124201711N00145408EA0187001976
B1201134201707N00145411EA0186801974
B1201144201705N00145414EA0186701972
B1201154201702N00145418EA0186601970
B1201164201701N00145423EA0186501969
B1201174201700N00145428EA0186501969
B1201184201701N00145433EA0186501969
B1201194201701N00145438EA0186501969
B1201204201702N00145444EA0186601969
B1201214201702N00145449EA0186601970
B1201224201702N00145455EA0186701971
B1201234201702N00145460EA0186801972
B1201244201703N00145464EA0186901974
B1201254201705N00145469EA0187001975
B1201264201707N00145473EA0187201976
B1201274201711N00145476EA0187301977
B1201284201715N00145477EA0187301978
B1201294201720N00145477EA0187401979
B1201304201725N00145474EA0187601981
B1201314201729N00145468EA0187801982
B1201324201732N00145460EA0187901983
B1201334201731N00145451EA0188001983
B1201344201727N00145443EA0187901984
B1201354201722N00145438EA0187801983
B1201364201716N00145437EA0187801982
B1201374201710N00145438EA0187901983
B1201384201706N00145442EA0188001983
B1201394201705N00145448EA0188001984
B1201404201706N00145455EA0188001983
B1201414201708N00145460EA0188301986
B1201424201712N00145463EA0188401989
B1201434201717N00145462EA0188601991
B1201444201722N00145457EA0188601992
B1201454201724N00145449EA0188801993
B1201464201724N00145439EA0188801993
B1201474201721N00145431EA0189001995
B1201484201715N00145427EA0189201996
B1201494201709N00145426EA0189201998
B1201504201704N00145429EA0189301999
B1201514201701N00145435EA0189302000
B1201524201700N00145442EA0189302000
B1201534201702N00145448EA0189502002
B1201544201707N00145453EA0189402002
B1201554201713N00145454EA0189502000
B1201564201720N00145452EA0189402000
B1201574201726N00145446EA0189502001
B1201584201731N00145438EA0189702002
B1201594201733N00145429EA0189902003
B1202004201733N00145420EA0190102005
B1202014201731N00145411EA0190202007
B1202024201728N00145404EA0190502009
B1202034201724N00145397EA0190702010
B1202044201719N00145391EA0190802012
B1202054201714N00145388EA0190902015
B1202064201709N00145387EA0191102017
B1202074201704N00145388EA0191102019
B1202084201700N00145391EA0191102019
B1202094201697N00145395EA0191102020
B1202104201695N00145401EA0191002019
B1202114201695N00145408EA0191002018
B1202124201697N00145417EA0190902016
B1202134201700N00145425EA0191202016
B1202144201702N00145431EA0191402019
B1202154201703N00145435EA0191602022
B1202164201704N00145438EA0191702024
B1202174201707N00145440EA0191702024
B1202184201713N00145444EA0191602021
B1202194201719N00145448EA0191502019
B1202204201727N00145451EA0191502019
B1202214201734N00145450EA0191602019
B1202224201741N00145445EA0191702020
B1202234201746N00145438EA0191802020
B1202244201750N00145429EA0191802020
B1202254201752N00145418EA0191802019
B1202264201752N00145407EA0191802019
B1202274201751N00145397EA0192002019
B1202284201749N00145389EA0192002019
B1202294201746N00145383EA0192102020
B1202304201742N00145379EA0192102020
B1202314201737N00145378EA0192202021
B1202324201733N00145379EA0192202021
B1202334201729N00145383EA0192102021
B1202344201728N00145389EA0192202021
B1202354201729N00145396EA0192102020
B1202364201732N00145402EA0192202020
B1202374201737N00145406EA0192202021
B1202384201742N00145408EA0192302024
B1202394201748N00145409EA0192302025
B1202404201755N00145409EA0192302024
B1202414201763N00145406EA0192202022
B1202424201770N00145401EA0192202022
B1202434201776N00145395EA0192302023
B1202444201781N00145388EA0192502024
B1202454201784N00145381EA0192602026
B1202464201787N00145373EA0192702027
B1202474201790N00145364EA0192702028
B1202484201791N00145355EA0192702028
B1202494201791N00145345EA0192702028
B1202504201789N00145336EA0192702029
B1202514201785N00145329EA0192802029
B1202524201781N00145325EA0192802030
B1202534201775N00145323EA0192902030
B1202544201770N00145324EA0192902031
B1202554201766N00145327EA0193002032
B1202564201763N00145331EA0193202035
B1202574201762N00145336EA0193402037
B1202584201761N00145342EA0193502039
B1202594201762N00145347EA0193502040
B1203004201763N00145351EA0193502041
B1203014201764N00145356EA0193502040
B1203024201766N00145362EA0193702041
B1203034201769N00145367EA0193702042
B1203044201773N00145372EA0193802043
B1203054201778N00145375EA0193902045
B1203064201783N00145376EA0194002047
B1203074201789N00145377EA0194102047
B1203084201795N00145376EA0194102048
B1203094201801N00145374EA0194302049
B1203104201807N00145370EA0194502052
B1203114201811N00145363EA0194702053
B1203124201815N00145354EA0194702055
B1203134201818N00145345EA0194802056
B1203144201819N00145336EA0195002058
B1203154201819N00145327EA0195102060
B1203164201819N00145318EA0195302061
B1203174201818N00145309EA0195402062
B1203184201817N00145301EA0195502064
B1203194201816N00145293EA0195502064
B1203204201814N00145284EA0195502065
B1203214201811N00145276EA0195502065
B1203224201808N00145269EA0195502065
B1203234201805N00145263EA0195702066
B1203244201801N00145257EA0195802068
B1203254201798N00145251EA0195902070
B1203264201795N00145245EA0196102072
B1203274201791N00145240EA0196102073
B1203284201787N00145235EA0196202073
B1203294201784N00145230EA0196502075
B1203304201780N00145225EA0196502076
B1203314201776N00145220EA0196702077
B1203324201773N00145216EA0196602078
B1203334201769N00145213EA0196602079
B1203344201765N00145212EA0196702079
B1203354201762N00145210EA0196702080
B1203364201759N00145206EA0196702081
B1203374201757N00145202EA0196702080
B1203384201754N00145199EA0196502080
B1203394201750N00145196EA0196502078
B1203404201746N00145193EA0196502077
B1203414201742N00145189EA0196402077
B1203424201739N00145184EA0196402077
B1203434201736N00145179EA0196402078
B1203444201734N00145172EA0196502078
B1203454201732N00145165EA0196402078
B1203464201729N00145157EA0196502078
B1203474201726N00145150EA0196502078
B1203484201723N00145144EA0196502078
B1203494201719N00145137EA0196702079
B1203504201715N00145131EA0196902080
B1203514201712N00145126EA0197102083
B1203524201709N00145122EA0197302085
B1203534201706N00145118EA0197302087
B1203544201702N00145114EA0197402086
B1203554201697N00145109EA0197302085
B1203564201693N00145104EA0197402085
B1203574201690N00145100EA0197502086
B1203584201687N00145095EA0197502087
B1203594201685N00145091EA0197502088
B1204004201682N00145087EA0197502088
B1204014201679N00145082EA0197402087
B1204024201676N00145076EA0197402085
B1204034201672N00145069EA0197602086
B1204044201670N00145063EA0197802089
B1204054201667N00145057EA0198102092
B1204064201665N00145052EA0198402096
B1204074201662N00145047EA0198802099
B1204084201658N00145043EA0199002102
B1204094201654N00145040EA0199302105
B1204104201649N00145039EA0199502107
B1204114201645N00145043EA0199602108
B1204124201642N00145048EA0199702110
B1204134201643N00145055EA0199902110
B1204144201647N00145061EA0200002112
B1204154201653N00145064EA0200102114
B1204164201660N00145064EA0200202115
B1204174201667N00145060EA0200502117
B1204184201672N00145053EA0200702120
B1204194201675N00145044EA0201002123
B1204204201675N00145035EA0201302125
B1204214201673N00145027EA0201702128
B1204224201669N00145022EA0202002132
B1204234201664N00145020EA0202102135
B1204244201659N00145022EA0202302135
B1204254201656N00145027EA0202502136
B1204264201657N00145034EA0202702137
B1204274201662N00145040EA0202702138
B1204284201668N00145042EA0202902140
B1204294201675N00145039EA0203102142
B1204304201681N00145034EA0203402145
B1204314201685N00145026EA0203702148
B1204324201686N00145017EA0203902151
B1204334201684N00145009EA0204102154
B1204344201682N00145001EA0204202156
B1204354201679N00144993EA0204502158
B1204364201677N00144985EA0204702160
B1204374201675N00144976EA0204902162
B1204384201674N00144967EA0205102165
B1204394201672N00144958EA0205502168
B1204404201670N00144949EA0205902172
B1204414201667N00144942EA0206202176
B1204424201665N00144935EA0206502179
B1204434201663N00144927EA0206802182
B1204444201662N00144920EA0206802184
B1204454201660N00144912EA0207102185
B1204464201656N00144905EA0207102186
B1204474201652N00144898EA0207102186
B1204484201648N00144890EA0207002186
B1204494201645N00144883EA0206902186
B1204504201642N00144875EA0206902186
B1204514201639N00144868EA0206902186
B1204524201636N00144861EA0206802185
B1204534201634N00144853EA0206602183
B1204544201632N00144845EA0206402181
B1204554201630N00144835EA0206102177
B1204564201627N00144825EA0206002175
B1204574201624N00144815EA0205902173
B1204584201621N00144805EA0205902173
B1204594201618N00144796EA0205902173
B1205004201616N00144787EA0205902174
B1205014201613N00144778EA0205902174
B1205024201611N00144770EA0206002174
B1205034201608N00144762EA0205902175
B1205044201606N00144754EA0206002175
B1205054201604N00144746EA0206102176
B1205064201602N00144738EA0206202177
B1205074201599N00144730EA0206302177
B1205084201597N00144722EA0206502178
B1205094201594N00144716EA0206702180
B1205104201590N00144711EA0206902182
B1205114201587N00144708EA0207102184
B1205124201583N00144705EA0207302186
B1205134201580N00144703EA0207402188
B1205144201576N00144701EA0207402189
B1205154201572N00144700EA0207602190
B1205164201568N00144702EA0207602190
B1205174201564N00144705EA0207602191
B1205184201562N00144711EA0207802192
B1205194201562N00144717EA0207802193
B1205204201564N00144722EA0207902194
B1205214201567N00144724EA0208002196
B1205224201572N00144724EA0208102197
B1205234201577N00144722EA0208102197
B1205244201582N00144717EA0208102197
B1205254201586N00144710EA0208102197
B1205264201589N00144702EA0208102198
B1205274201590N00144693EA0208302199
B1205284201590N00144686EA0208502201
B1205294201589N00144679EA0208602203
B1205304201587N00144673EA0208802204
B1205314201584N00144667EA0208802205
B1205324201581N00144661EA0209002206
B1205334201579N00144655EA0209202208
B1205344201576N00144648EA0209302209
B1205354201575N00144641EA0209602212
B1205364201574N00144634EA0209802214
B1205374201573N00144627EA0210102217
B1205384201571N00144620EA0210402220
B1205394201569N00144613EA0210702223
B1205404201567N00144605EA0211002226
B1205414201566N00144596EA0211402230
B1205424201566N00144588EA0211802234
B1205434201566N00144581EA0212102238
B1205444201566N00144573EA0212402241
B1205454201566N00144563EA0212702243
B1205464201566N00144554EA0213002246
B1205474201565N00144545EA0213302249
B1205484201563N00144536EA0213702253
B1205494201560N00144528EA0214102257
B1205504201555N00144522EA0214502261
B1205514201550N00144519EA0214902265
B1205524201546N00144518EA0215202269
B1205534201542N00144521EA0215402272
B1205544201539N00144525EA0215502274
B1205554201538N00144530EA0215902276
B1205564201539N00144534EA0216102279
B1205574201542N00144538EA0216402283
B1205584201547N00144538EA0216702286
B1205594201554N00144535EA0217002288
B1206004201560N00144527EA0217402291
B1206014201563N00144517EA0217902295
B1206024201563N00144506EA0218502300
B1206034201559N00144497EA0218802305
B1206044201553N00144492EA0219002308
B1206054201548N00144491EA0219302312
B1206064201543N00144493EA0219602316
B1206074201541N00144498EA0219902320
B1206084201541N00144504EA0220102323
B1206094201542N00144510EA0220402326
B1206104201546N00144514EA0220702329
B1206114201552N00144516EA0221002331
B1206124201559N00144515EA0221302334
B1206134201565N00144508EA0221602337
B1206144201569N00144499EA0222102341
B1206154201571N00144488EA0222602347
B1206164201571N00144479EA0223202353
B1206174201569N00144470EA0223602358
B1206184201568N00144462EA0223802362
B1206194201565N00144456EA0224302366
B1206204201560N00144450EA0224602369
B1206214201555N00144448EA0224802372
B1206224201549N00144449EA0225102375
B1206234201545N00144452EA0225502379
B1206244201544N00144459EA0225802381
B1206254201546N00144465EA0226002383
B1206264201552N00144468EA0226402385
B1206274201558N00144465EA0226802390
B1206284201563N00144458EA0227202394
B1206294201565N00144447EA0227502398
B1206304201563N00144437EA0228002402
B1206314201559N00144429EA0228202406
B1206324201555N00144425EA0228602410
B1206334201549N00144424EA0228902414
B1206344201545N00144424EA0229102417
B1206354201541N00144427EA0229402419
B1206364201539N00144431EA0229702422
B1206374201541N00144436EA0229902424
B1206384201545N00144440EA0230102424
B1206394201551N00144442EA0230502427
B1206404201556N00144440EA0231002433
B1206414201561N00144435EA0231502437
B1206424201564N00144427EA0231802442
B1206434201568N00144418EA0232202446
B1206444201570N00144408EA0232702451
B1206454201571N00144398EA0233102456
B1206464201571N00144388EA0233502461
B1206474201569N00144379EA0233902465
B1206484201565N00144372EA0234102468
B1206494201559N00144367EA0234102470
B1206504201553N00144367EA0234302471
B1206514201548N00144371EA0234502473
B1206524201547N00144378EA0234602476
B1206534201550N00144384EA0235002479
B1206544201555N00144386EA0235302483
B1206554201561N00144383EA0235602487
B1206564201567N00144377EA0236002490
B1206574201571N00144369EA0236202493
B1206584201573N00144359EA0236502496
B1206594201574N00144348EA0236702498
B1207004201571N00144338EA0237002500
B1207014201567N00144330EA0237302502
B1207024201562N00144323EA0237502505
B1207034201557N00144317EA0237902509
B1207044201552N00144313EA0238202513
B1207054201548N00144309EA0238602517
B1207064201543N00144306EA0238802519
B1207074201538N00144306EA0239102521
B1207084201533N00144307EA0239302524
B1207094201529N00144310EA0239502527
B1207104201527N00144315EA0239702530
B1207114201526N00144321EA0240002532
B1207124201526N00144326EA0240302535
B1207134201526N00144332EA0240502538
B1207144201528N00144337EA0240802542
B1207154201530N00144341EA0241202545
B1207164201533N00144344EA0241402549
B1207174201537N00144347EA0241702552
B1207184201542N00144351EA0242102556
B1207194201547N00144353EA0242502559
B1207204201553N00144354EA0242902564
B1207214201558N00144353EA0243302568
B1207224201564N00144350EA0243702572
B1207234201568N00144343EA0244102576
B1207244201571N00144334EA0244402580
B1207254201570N00144324EA0244702583
B1207264201567N00144315EA0245002586
B1207274201562N00144308EA0245202589
B1207284201555N00144304EA0245502592
B1207294201549N00144304EA0245902596
B1207304201544N00144307EA0246302600
B1207314201541N00144312EA0246502604
B1207324201540N00144317EA0247002607
B1207334201541N00144322EA0247302611
B1207344201544N00144327EA0247602614
B1207354201549N00144330EA0247802616
B1207364201556N00144330EA0248102617
B1207374201562N00144326EA0248402620
B1207384201567N00144318EA0248702624
B1207394201567N00144307EA0249002627
B1207404201564N00144297EA0249202628
B1207414201559N00144289EA0249402631
B1207424201552N00144285EA0249802634
B1207434201546N00144284EA0250202638
B1207444201540N00144287EA0250502640
B1207454201536N00144291EA0250602644
B1207464201534N00144297EA0250902647
B1207474201533N00144303EA0251202651
B1207484201535N00144309EA0251502653
B1207494201538N00144315EA0251702656
B1207504201544N00144318EA0252002659
B1207514201550N00144317EA0252402662
B1207524201555N00144311EA0252602665
B1207534201559N00144303EA0252902667
B1207544201561N00144293EA0253202670
B1207554201559N00144284EA0253502673
B1207564201555N00144276EA0253802676
B1207574201549N00144271EA0254102679
B1207584201543N00144270EA0254402682
B1207594201537N00144272EA0254702685
B1208004201533N00144277EA0254802687
B1208014201531N00144283EA0255002690
B1208024201532N00144289EA0255202692
B1208034201534N00144294EA0255502694
B1208044201538N00144298EA0255802696
B1208054201543N00144300EA0256102701
B1208064201548N00144300EA0256502706
B1208074201552N00144298EA0256702710
B1208084201556N00144295EA0257102713
B1208094201561N00144290EA0257302716
B1208104201564N00144283EA0257502717
B1208114201565N00144273EA0257702718
B1208124201563N00144262EA0257802720
B1208134201559N00144254EA0258002722
B1208144201553N00144248EA0258402724
B1208154201546N00144245EA0258602727
B1208164201540N00144246EA0258802729
B1208174201535N00144251EA0259002732
B1208184201532N00144256EA0259302734
B1208194201530N00144263EA0259602737
B1208204201530N00144269EA0259802740
B1208214201531N00144275EA0260002742
B1208224201535N00144280EA0260202743
B1208234201540N00144282EA0260402745
B1208244201547N00144280EA0260702747
B1208254201552N00144273EA0260902749
B1208264201554N00144262EA0261102752
B1208274201553N00144252EA0261302753
B1208284201550N00144242EA0261502756
B1208294201545N00144235EA0261902759
B1208304201538N00144232EA0262202763
B1208314201532N00144232EA0262402766
B1208324201526N00144236EA0262602769
B1208334201522N00144241EA0262802770
B1208344201520N00144248EA0263102773
B1208354201520N00144255EA0263202776
B1208364201523N00144261EA0263502779
B1208374201527N00144265EA0263802781
B1208384201532N00144267EA0264002783
B1208394201537N00144267EA0264302786
B1208404201543N00144263EA0264602789
B1208414201547N00144256EA0264802791
B1208424201549N00144246EA0265002792
B1208434201549N00144236EA0265302794
B1208444201546N00144227EA0265502797
B1208454201541N00144220EA0265702800
B1208464201536N00144216EA0265902802
B1208474201530N00144214EA0266202805
B1208484201524N00144215EA0266402807
B1208494201519N00144219EA0266502809
B1208504201516N00144225EA0266602810
B1208514201513N00144231EA0266802812
B1208524201513N00144238EA0267102814
B1208534201515N00144244EA0267202815
B1208544201519N00144249EA0267302817
B1208554201524N00144251EA0267502819
B1208564201529N00144250EA0267902822
B1208574201534N00144247EA0268202826
B1208584201539N00144242EA0268602830
B1208594201542N00144237EA0268902834
B1209004201546N00144231EA0269202837
B1209014201549N00144225EA0269402839
B1209024201551N00144217EA0269702842
B1209034201552N00144207EA0269902843
B1209044201551N00144197EA0270102845
B1209054201548N00144189EA0270402848
B1209064201545N00144181EA0270702851
B1209074201541N00144175EA0271002855
B1209084201537N00144170EA0271302859
B1209094201532N00144165EA0271502862
B1209104201527N00144159EA0271702863
B1209114201522N00144153EA0271902863
B1209124201517N00144147EA0272202866
B1209134201511N00144142EA0272402870
B1209144201507N00144138EA0272702874
B1209154201502N00144135EA0272802877
B1209164201497N00144130EA0272702878
B1209174201490N00144125EA0272802875
B1209184201483N00144120EA0272702875
B1209194201477N00144113EA0272902876
B1209204201471N00144107EA0272902879
B1209214201467N00144099EA0273102881
B1209224201463N00144092EA0273202882
B1209234201458N00144085EA0273202882
B1209244201453N00144080EA0273102883
B1209254201447N00144074EA0273202883
B1209264201441N00144067EA0273202884
B1209274201437N00144059EA0273302886
B1209284201433N00144051EA0273302886
B1209294201429N00144042EA0273302886
B1209304201425N00144033EA0273302886
B1209314201420N00144025EA0273302886
B1209324201416N00144015EA0273302886
B1209334201412N00144006EA0273502887
B1209344201408N00143996EA0273502890
B1209354201404N00143987EA0273802892
B1209364201400N00143978EA0274102895
B1209374201397N00143970EA0274202897
B1209384201394N00143961EA0274402899
B1209394201391N00143953EA0274402899
B1209404201388N00143943EA0274402899
B1209414201385N00143934EA0274402899
B1209424201382N00143924EA0274402900
B1209434201379N00143914EA0274502900
B1209444201376N00143904EA0274602902
B1209454201373N00143894EA0274802903
B1209464201370N00143884EA0274902904
B1209474201367N00143874EA0275002905
B1209484201364N00143864EA0275202907
B1209494201360N00143856EA0275502909
B1209504201357N00143850EA0275902912
B1209514201353N00143844EA0276102917
B1209524201351N00143838EA0276402919
B1209534201348N00143831EA0276402919
B1209544201345N00143823EA0276202916
B1209554201341N00143813EA0276102914
B1209564201337N00143803EA0275902912
B1209574201333N00143792EA0275902911
B1209584201328N00143782EA0275902912
B1209594201325N00143772EA0276002914
B1210004201321N00143763EA0276302915
B1210014201318N00143754EA0276402916
B1210024201315N00143744EA0276302917
B1210034201311N00143735EA0276302916
B1210044201307N00143725EA0276402916
B1210054201302N00143715EA0276302916
B1210064201298N00143705EA0276302917
B1210074201294N00143695EA0276502917
B1210084201291N00143685EA0276502918
B1210094201287N00143675EA0276602918
B1210104201284N00143665EA0276602919
B1210114201280N00143656EA0276702921
B1210124201276N00143646EA0276802921
B1210134201272N00143637EA0276702921
B1210144201269N00143626EA0276702921
B1210154201265N00143615EA0276602920
B1210164201262N00143604EA0276602920
B1210174201258N00143592EA0276602920
B1210184201255N00143581EA0276602921
B1210194201252N00143570EA0276702921
B1210204201248N00143559EA0276602921
B1210214201245N00143549EA0276602921
B1210224201242N00143539EA0276402919
B1210234201238N00143528EA0276202917
B1210244201234N00143517EA0275902914
B1210254201230N00143505EA0275802912
B1210264201226N00143492EA0275702911
B1210274201224N00143480EA0275802912
B1210284201222N00143469EA0275802913
B1210294201220N00143458EA0275802913
B1210304201217N00143447EA0275602913
B1210314201214N00143436EA0275702912
B1210324201211N00143424EA0275602911
B1210334201207N00143412EA0275502911
B1210344201204N00143400EA0275602911
B1210354201201N00143388EA0275602911
B1210364201198N00143376EA0275702912
B1210374201196N00143364EA0275802914
B1210384201194N00143353EA0275902915
B1210394201191N00143343EA0276102917
B1210404201189N00143334EA0276402920
B1210414201187N00143326EA0276502923
B1210424201185N00143318EA0276602924
B1210434201183N00143308EA0276502923
B1210444201181N00143297EA0276302922
B1210454201179N00143285EA0276002919
B1210464201176N00143274EA0276002918
B1210474201173N00143263EA0276002918
B1210484201170N00143254EA0275902918
B1210494201167N00143245EA0275702917
B1210504201164N00143236EA0275502916
B1210514201161N00143226EA0275202912
B1210524201159N00143214EA0274802907
B1210534201155N00143203EA0274402903
B1210544201152N00143192EA0274002900
B1210554201149N00143181EA0273802898
B1210564201146N00143170EA0273602896
B1210574201144N00143159EA0273302893
B1210584201141N00143148EA0273102890
B1210594201137N00143138EA0272702887
B1211004201133N00143127EA0272402883
B1211014201129N00143116EA0272202880
B1211024201126N00143106EA0271902877
B1211034201122N00143095EA0271602875
B1211044201119N00143084EA0271302872
B1211054201115N00143073EA0271102869
B1211064201112N00143062EA0270802866
B1211074201109N00143051EA0270402863
B1211084201106N00143040EA0270102860
B1211094201102N00143029EA0269702856
B1211104201098N00143018EA0269302852
B1211114201095N00143007EA0269102848
B1211124201091N00142995EA0268702845
B1211134201088N00142984EA0268402841
B1211144201085N00142973EA0268102838
B1211154201082N00142961EA0267702835
B1211164201079N00142950EA0267402831
B1211174201077N00142938EA0267002827
B1211184201074N00142926EA0266602823
B1211194201072N00142915EA0266102818
B1211204201069N00142903EA0265802814
B1211214201066N00142891EA0265402810
B1211224201064N00142878EA0265002806
B1211234201062N00142866EA0264602801
B1211244201059N00142855EA0264202797
B1211254201056N00142843EA0263902794
B1211264201052N00142832EA0263502789
B1211274201047N00142821EA0263202784
B1211284201043N00142809EA0262902781
B1211294201040N00142798EA0262402777
B1211304201037N00142786EA0262002773
B1211314201034N00142775EA0261602768
B1211324201032N00142762EA0261202763
B1211334201030N00142750EA0260702758
B1211344201028N00142738EA0260302754
B1211354201027N00142726EA0259802750
B1211364201026N00142714EA0259202745
B1211374201025N00142703EA0258802739
B1211384201023N00142691EA0258102732
B1211394201021N00142678EA0257502726
B1211404201018N00142665EA0256902719
B1211414201016N00142652EA0256402712
B1211424201013N00142639EA0256002707
B1211434201011N00142626EA0255602703
B1211444201008N00142614EA0255302700
B1211454201005N00142602EA0254802697
B1211464201003N00142590EA0254402693
B1211474201001N00142579EA0253902688
B1211484200999N00142566EA0253502683
B1211494200996N00142554EA0253102678
B1211504200994N00142542EA0252702674
B1211514200992N00142530EA0252402670
B1211524200991N00142518EA0252002666
B1211534200989N00142506EA0251702663
B1211544200988N00142495EA0251402660
B1211554200986N00142484EA0251102657
B1211564200983N00142473EA0250802653
B1211574200981N00142461EA0250402650
B1211584200978N00142450EA0250102646
B1211594200976N00142439EA0249902643
B1212004200973N00142427EA0249502639
B1212014200970N00142416EA0249102635
B1212024200967N00142404EA0248902632
B1212034200964N00142394EA0248702631
B1212044200961N00142384EA0248602629
B1212054200959N00142374EA0248302627
B1212064200956N00142364EA0248002624
B1212074200954N00142353EA0247602620
B1212084200952N00142342EA0247202616
B1212094200950N00142330EA0246802612
B1212104200948N00142318EA0246402608
B1212114200946N00142306EA0246202604
B1212124200945N00142293EA0245902601
B1212134200944N00142282EA0245802600
B1212144200944N00142271EA0245702600
B1212154200944N00142261EA0245602600
B1212164200945N00142250EA0245602598
B1212174200946N00142240EA0245502597
B1212184200946N00142229EA0245302595
B1212194200945N00142218EA0245302594
B1212204200945N00142206EA0245102594
B1212214200945N00142195EA0245002592
B1212224200945N00142184EA0244902590
B1212234200946N00142172EA0244602588
B1212244200945N00142160EA0244402585
B1212254200945N00142148EA0244102583
B1212264200945N00142135EA0243902580
B1212274200945N00142122EA0243602577
B1212284200946N00142109EA0243402574
B1212294200946N00142097EA0243202572
B1212304200947N00142085EA0242902570
B1212314200947N00142073EA0242602567
B1212324200947N00142061EA0242402564
B1212334200947N00142048EA0242002560
B1212344200947N00142036EA0241702557
B1212354200947N00142023EA0241402554
B1212364200947N00142010EA0241202551
B1212374200946N00141997EA0241002549
B1212384200946N00141985EA0240802547
B1212394200946N00141974EA0240702545
B1212404200945N00141962EA0240502543
B1212414200945N00141952EA0240202541
B1212424200944N00141941EA0240002538
B1212434200944N00141930EA0239602534
B1212444200942N00141918EA0239302530
B1212454200941N00141907EA0239002526
B1212464200939N00141895EA0238702522
B1212474200938N00141884EA0238402520
B1212484200937N00141874EA0238202518
B1212494200935N00141863EA0237902515
B1212504200934N00141853EA0237602512
B1212514200933N00141842EA0237402508
B1212524200931N00141831EA0237002505
B1212534200930N00141820EA0236802501
B1212544200929N00141808EA0236502498
B1212554200928N00141797EA0236002495
B1212564200928N00141785EA0235702492
B1212574200927N00141774EA0235302488
B1212584200927N00141762EA0234802483
B1212594200926N00141750EA0234402478
B1213004200925N00141738EA0234102473
B1213014200923N00141726EA0233602468
B1213024200923N00141714EA0233402465
B1213034200923N00141702EA0233002462
B1213044200923N00141691EA0232602459
B1213054200922N00141680EA0232202456
B1213064200922N00141668EA0231802451
B1213074200921N00141656EA0231302446
B1213084200919N00141644EA0231002442
B1213094200918N00141632EA0230702438
B1213104200916N00141620EA0230202435
B1213114200915N00141607EA0229902431
B1213124200914N00141595EA0229602427
B1213134200913N00141582EA0229202423
B1213144200912N00141569EA0228802419
B1213154200910N00141557EA0228402415
B1213164200908N00141545EA0228002411
B1213174200906N00141532EA0227802408
B1213184200903N00141520EA0227502405
B1213194200901N00141507EA0227302403
B1213204200899N00141496EA0227102401
B1213214200898N00141485EA0227002399
B1213224200896N00141473EA0226602396
B1213234200895N00141461EA0226402393
B1213244200893N00141448EA0226102389
B1213254200892N00141436EA0225802386
B1213264200890N00141426EA0225702385
B1213274200889N00141417EA0225402385
B1213284200887N00141408EA0225102382
B1213294200886N00141398EA0224802379
B1213304200885N00141387EA0224402375
B1213314200884N00141376EA0224102370
B1213324200883N00141364EA0223702365
B1213334200881N00141354EA0223302361
B1213344200878N00141343EA0222902357
B1213354200876N00141333EA0222502354
B1213364200874N00141323EA0222102350
B1213374200872N00141313EA0221702345
B1213384200871N00141302EA0221302342
B1213394200869N00141292EA0221002338
B1213404200867N00141281EA0220602334
B1213414200865N00141271EA0220202329
B1213424200862N00141260EA0219802325
B1213434200859N00141249EA0219302321
B1213444200855N00141238EA0219102317
B1213454200852N00141228EA0218802313
B1213464200849N00141217EA0218402310
B1213474200846N00141207EA0218202307
B1213484200843N00141196EA0217902304
B1213494200840N00141186EA0217502300
B1213504200836N00141175EA0217102295
B1213514200833N00141165EA0216702292
B1213524200830N00141157EA0216502291
B1213534200828N00141150EA0216502293
B1213544200826N00141143EA0216502292
B1213554200824N00141134EA0216202289
B1213564200821N00141125EA0216102286
B1213574200818N00141114EA0215802283
B1213584200816N00141104EA0215802282
B1213594200814N00141094EA0215802283
B1214004200813N00141085EA0215902283
B1214014200812N00141076EA0215802283
B1214024200810N00141066EA0215802283
B1214034200808N00141056EA0215602282
B1214044200806N00141047EA0215602281
B1214054200804N00141036EA0215402280
B1214064200801N00141026EA0215302278
B1214074200799N00141015EA0215202276
B1214084200796N00141003EA0215002275
B1214094200793N00140992EA0214902273
B1214104200791N00140980EA0214802272
B1214114200788N00140968EA0214902272
B1214124200786N00140957EA0215102273
B1214134200784N00140946EA0215302275
B1214144200783N00140936EA0215702280
B1214154200782N00140928EA0216102286
B1214164200782N00140920EA0216502290
B1214174200781N00140912EA0216802293
B1214184200780N00140904EA0217102295
B1214194200779N00140896EA0217402299
B1214204200778N00140888EA0217902303
B1214214200778N00140881EA0218402309
B1214224200778N00140875EA0218802314
B1214234200778N00140868EA0219202319
B1214244200777N00140859EA0219602322
B1214254200776N00140851EA0220002325
B1214264200775N00140842EA0220502330
B1214274200775N00140833EA0221002336
B1214284200775N00140826EA0221602343
B1214294200775N00140820EA0222202349
B1214304200775N00140813EA0222602354
B1214314200775N00140806EA0222902358
B1214324200773N00140797EA0223102359
B1214334200772N00140788EA0223602362
B1214344200770N00140780EA0224202368
B1214354200768N00140773EA0225002376
B1214364200767N00140767EA0225702385
B1214374200766N00140762EA0226502392
B1214384200764N00140756EA0227202399
B1214394200762N00140749EA0227702405
B1214404200760N00140743EA0228302412
B1214414200759N00140736EA0229102419
B1214424200758N00140730EA0229702427
B1214434200757N00140724EA0230302434
B1214444200756N00140718EA0230802439
B1214454200754N00140710EA0231202443
B1214464200753N00140703EA0231602447
B1214474200752N00140695EA0232002452
B1214484200751N00140687EA0232402457
B1214494200751N00140681EA0232902462
B1214504200751N00140675EA0233302467
B1214514200751N00140668EA0233702471
B1214524200751N00140660EA0234002475
B1214534200751N00140652EA0234502478
B1214544200751N00140643EA0234802482
B1214554200751N00140636EA0235402488
B1214564200751N00140629EA0236002496
B1214574200751N00140622EA0236602502
B1214584200751N00140616EA0237102507
B1214594200750N00140609EA0237502511
B1215004200750N00140600EA0237902515
B1215014200750N00140592EA0238302518
B1215024200749N00140584EA0238802524
B1215034200750N00140576EA0239302530
B1215044200751N00140570EA0239902536
B1215054200751N00140563EA0240302541
B1215064200751N00140556EA0240702545
B1215074200751N00140547EA0241002549
B1215084200750N00140538EA0241502553
B1215094200750N00140530EA0242102559
B1215104200750N00140522EA0242902567
B1215114200750N00140516EA0243402573
B1215124200750N00140509EA0243802578
B1215134200750N00140501EA0244302582
B1215144200749N00140492EA0244502585
B1215154200748N00140483EA0244702588
B1215164200747N00140474EA0245102591
B1215174200747N00140467EA0245602597
B1215184200747N00140461EA0246002603
B1215194200747N00140455EA0246502608
B1215204200748N00140448EA0247002613
B1215214200749N00140440EA0247102616
B1215224200749N00140433EA0247202616
B1215234200749N00140426EA0247402618
B1215244200749N00140419EA0247502620
B1215254200749N00140411EA0247502621
B1215264200749N00140402EA0247502621
B1215274200748N00140392EA0247402618
B1215284200747N00140381EA0247302616
B1215294200745N00140369EA0247502617
B1215304200744N00140359EA0247702619
B1215314200743N00140349EA0247902622
B1215324200743N00140339EA0248202624
B1215334200743N00140329EA0248402626
B1215344200742N00140318EA0248402626
B1215354200740N00140307EA0248402624
B1215364200736N00140296EA0248302622
B1215374200732N00140284EA0248402622
B1215384200728N00140274EA0248302624
B1215394200726N00140265EA0248902628
B1215404200724N00140258EA0249502636
B1215414200722N00140252EA0249802640
B1215424200721N00140244EA0249802641
B1215434200720N00140235EA0249802639
B1215444200719N00140226EA0249602639
B1215454200717N00140216EA0249602639
B1215464200715N00140207EA0249702639
B1215474200714N00140198EA0249802640
B1215484200712N00140189EA0250002642
B1215494200711N00140180EA0250302644
B1215504200709N00140171EA0250402646
B1215514200708N00140161EA0250502647
B1215524200706N00140152EA0250602648
B1215534200704N00140141EA0250702650
B1215544200703N00140131EA0251002652
B1215554200701N00140121EA0251102654
B1215564200699N00140112EA0251402656
B1215574200698N00140102EA0251502657
B1215584200697N00140091EA0251402657
B1215594200696N00140080EA0251302655
B1216004200695N00140068EA0251102654
B1216014200693N00140056EA0251002652
B1216024200692N00140043EA0251002652
B1216034200691N00140031EA0251102653
B1216044200689N00140018EA0251002653
B1216054200688N00140006EA0251002653
B1216064200686N00139993EA0251102653
B1216074200684N00139981EA0251002653
B1216084200683N00139968EA0251002652
B1216094200681N00139956EA0250802652
B1216104200680N00139944EA0250802651
B1216114200679N00139931EA0250702649
B1216124200678N00139919EA0250502647
B1216134200676N00139905EA0250302646
B1216144200675N00139892EA0250202644
B1216154200674N00139879EA0250102643
B1216164200673N00139867EA0250002643
B1216174200672N00139854EA0250002642
B1216184200671N00139842EA0249902642
B1216194200670N00139830EA0249802641
B1216204200669N00139818EA0249802639
B1216214200667N00139806EA0249502638
B1216224200666N00139793EA0249402636
B1216234200664N00139780EA0249202634
B1216244200663N00139768EA0249002632
B1216254200662N00139755EA0248802631
B1216264200661N00139743EA0248802629
B1216274200661N00139731EA0248502628
B1216284200661N00139719EA0248202626
B1216294200661N00139706EA0248002623
B1216304200661N00139694EA0247802620
B1216314200662N00139680EA0247502617
B1216324200662N00139667EA0247402614
B1216334200662N00139654EA0247302613
B1216344200662N00139641EA0247302613
B1216354200662N00139629EA0247202613
B1216364200663N00139618EA0247102613
B1216374200663N00139605EA0247002611
B1216384200663N00139593EA0246802609
B1216394200663N00139580EA0246602606
B1216404200662N00139567EA0246302603
B1216414200661N00139554EA0246102601
B1216424200661N00139540EA0245902599
B1216434200661N00139527EA0245802598
B1216444200660N00139514EA0245802597
B1216454200660N00139502EA0245602596
B1216464200660N00139490EA0245502595
B1216474200660N00139479EA0245402593
B1216484200660N00139466EA0245202592
B1216494200660N00139454EA0245102590
B1216504200660N00139442EA0244902588
B1216514200659N00139431EA0244902587
B1216524200659N00139421EA0244902587
B1216534200659N00139411EA0244802587
B1216544200660N00139400EA0244702586
B1216554200660N00139389EA0244502583
B1216564200661N00139378EA0244402580
B1216574200662N00139366EA0244502580
B1216584200662N00139356EA0244602581
B1216594200663N00139346EA0244702582
B1217004200664N00139335EA0244702582
B1217014200664N00139324EA0244502582
B1217024200665N00139313EA0244402581
B1217034200666N00139302EA0244302581
B1217044200667N00139291EA0244402581
B1217054200667N00139281EA0244102580
B1217064200667N00139270EA0243802577
B1217074200666N00139260EA0243602575
B1217084200666N00139249EA0243402572
B1217094200667N00139237EA0243202570
B1217104200667N00139225EA0242902567
B1217114200667N00139213EA0242502564
B1217124200667N00139201EA0242102560
B1217134200666N00139188EA0241702556
B1217144200666N00139175EA0241402553
B1217154200667N00139160EA0241102549
B1217164200668N00139146EA0240902548
B1217174200668N00139133EA0241002546
B1217184200668N00139121EA0240902546
B1217194200669N00139111EA0240802547
B1217204200669N00139101EA0240702545
B1217214200669N00139091EA0240402543
B1217224200670N00139080EA0240102540
B1217234200670N00139069EA0239902535
B1217244200669N00139057EA0239502532
B1217254200669N00139045EA0239402529
B1217264200670N00139033EA0239402528
B1217274200670N00139021EA0239302527
B1217284200670N00139008EA0239102525
B1217294200670N00138995EA0238902523
B1217304200670N00138982EA0238602520
B1217314200669N00138967EA0238502518
B1217324200668N00138953EA0238402517
B1217334200668N00138940EA0238502518
B1217344200667N00138928EA0238702520
B1217354200667N00138918EA0238802522
B1217364200667N00138907EA0238802523
B1217374200667N00138896EA0238602519
B1217384200667N00138884EA0238402515
B1217394200666N00138870EA0238102511
B1217404200666N00138856EA0237902508
B1217414200666N00138842EA0237902508
B1217424200666N00138829EA0237902508
B1217434200666N00138816EA0237902508
B1217444200665N00138803EA0237902508
B1217454200663N00138790EA0237702507
B1217464200662N00138776EA0237402505
B1217474200660N00138762EA0237302503
B1217484200659N00138748EA0237102502
B1217494200659N00138735EA0237002501
B1217504200659N00138721EA0236802500
B1217514200661N00138708EA0236702500
B1217524200662N00138695EA0236602497
B1217534200663N00138681EA0236302495
B1217544200663N00138668EA0235902491
B1217554200663N00138654EA0235502487
B1217564200664N00138640EA0235202483
B1217574200664N00138625EA0234902480
B1217584200665N00138611EA0234702478
B1217594200664N00138597EA0234402475
B1218004200663N00138584EA0234102473
B1218014200662N00138570EA0233902470
B1218024200661N00138556EA0233502466
B1218034200660N00138543EA0233302465
B1218044200659N00138530EA0233402465
B1218054200658N00138520EA0233502466
B1218064200658N00138511EA0234002470
B1218074200658N00138503EA0234202473
B1218084200658N00138495EA0234002474
B1218094200658N00138485EA0234002471
B1218104200658N00138475EA0233702468
B1218114200658N00138465EA0233502466
B1218124200658N00138454EA0233202464
B1218134200658N00138442EA0233002462
B1218144200657N00138431EA0232702459
B1218154200657N00138421EA0232402456
B1218164200657N00138410EA0232102453
B1218174200658N00138399EA0231902450
B1218184200658N00138388EA0231402446
B1218194200657N00138377EA0231202443
B1218204200656N00138367EA0230802441
B1218214200655N00138357EA0230602439
B1218224200654N00138347EA0230502437
B1218234200652N00138337EA0230202433
B1218244200650N00138326EA0229702428
B1218254200649N00138314EA0229202423
B1218264200648N00138301EA0228702417
B1218274200647N00138289EA0228202412
B1218284200645N00138276EA0227702407
B1218294200644N00138263EA0227302403
B1218304200642N00138251EA0227202400
B1218314200641N00138239EA0226902398
B1218324200639N00138227EA0226702396
B1218334200638N00138216EA0226602394
B1218344200636N00138205EA0226402392
B1218354200634N00138195EA0226002389
B1218364200633N00138184EA0225602385
B1218374200631N00138172EA0225302381
B1218384200630N00138160EA0224802376
B1218394200629N00138147EA0224402372
B1218404200627N00138135EA0224002368
B1218414200624N00138124EA0223602365
B1218424200622N00138112EA0223202361
B1218434200620N00138100EA0222902357
B1218444200618N00138088EA0222602353
B1218454200616N00138076EA0222202350
B1218464200614N00138064EA0222002347
B1218474200612N00138051EA0221802344
B1218484200611N00138039EA0221402343
B1218494200609N00138028EA0221602346
B1218504200608N00138020EA0222002349
B1218514200607N00138012EA0222102351
B1218524200606N00138004EA0222002351
B1218534200605N00137995EA0221802348
B1218544200604N00137984EA0221402343
B1218554200601N00137973EA0221102339
B1218564200599N00137963EA0220802337
B1218574200597N00137953EA0220702336
B1218584200595N00137944EA0220702335
B1218594200593N00137934EA0220402332
B1219004200591N00137924EA0220002329
B1219014200588N00137913EA0219502324
B1219024200586N00137900EA0219002317
B1219034200583N00137887EA0218502312
B1219044200581N00137875EA0218202308
B1219054200579N00137863EA0217902306
B1219064200577N00137852EA0217702303
B1219074200575N00137841EA0217502301
B1219084200574N00137831EA0217202298
B1219094200572N00137819EA0216902294
B1219104200570N00137808EA0216502291
B1219114200567N00137796EA0216202287
B1219124200564N00137785EA0215902283
B1219134200561N00137774EA0215602280
B1219144200558N00137762EA0215402278
B1219154200555N00137752EA0215402278
B1219164200552N00137742EA0215402278
B1219174200549N00137732EA0215502278
B1219184200547N00137724EA0215402279
B1219194200544N00137715EA0215202278
B1219204200541N00137706EA0215002276
B1219214200539N00137696EA0214602273
B1219224200537N00137685EA0214402270
B1219234200537N00137675EA0214302268
B1219244200536N00137666EA0214002266
B1219254200535N00137656EA0213902264
B1219264200534N00137646EA0213602262
B1219274200533N00137637EA0213302259
B1219284200531N00137628EA0213102257
B1219294200528N00137619EA0212902254
B1219304200526N00137609EA0212702251
B1219314200524N00137599EA0212302247
B1219324200523N00137587EA0211902243
B1219334200520N00137576EA0211602238
B1219344200519N00137564EA0211302235
B1219354200517N00137552EA0211102233
B1219364200515N00137542EA0211002231
B1219374200512N00137533EA0210802230
B1219384200510N00137524EA0210502227
B1219394200508N00137514EA0210102224
B1219404200505N00137504EA0209802219
B1219414200504N00137493EA0209402215
B1219424200503N00137482EA0209202212
B1219434200502N00137471EA0209002210
B1219444200502N00137461EA0208702208
B1219454200501N00137451EA0208402205
B1219464200500N00137440EA0208102201
B1219474200499N00137429EA0207602196
B1219484200498N00137417EA0207302192
B1219494200497N00137405EA0206902187
B1219504200496N00137393EA0206502184
B1219514200495N00137381EA0206202181
B1219524200495N00137370EA0205902178
B1219534200495N00137358EA0205602175
B1219544200494N00137347EA0205302172
B1219554200494N00137336EA0205002168
B1219564200493N00137325EA0204602165
B1219574200493N00137313EA0204402161
B1219584200492N00137302EA0204102159
B1219594200491N00137291EA0204002156
B1220004200489N00137280EA0203702154
B1220014200487N00137269EA0203502151
B1220024200485N00137257EA0203102148
B1220034200483N00137246EA0202902144
B1220044200482N00137234EA0202702141
B1220054200479N00137223EA0202302139
B1220064200477N00137211EA0202002136
B1220074200475N00137200EA0201802133
B1220084200473N00137189EA0201602131
B1220094200472N00137177EA0201302129
B1220104200471N00137166EA0201102126
B1220114200471N00137155EA0200802123
B1220124200471N00137144EA0200502120
B1220134200470N00137132EA0200102116
B1220144200469N00137120EA0199602111
B1220154200468N00137108EA0199202106
B1220164200467N00137096EA0198702102
B1220174200466N00137083EA0198402097
B1220184200465N00137071EA0197902093
B1220194200464N00137058EA0197702090
B1220204200463N00137046EA0197302086
B1220214200462N00137034EA0196802082
B1220224200460N00137022EA0196502078
B1220234200459N00137010EA0196002074
B1220244200458N00136998EA0195602069
B1220254200456N00136986EA0195202065
B1220264200455N00136973EA0194802061
B1220274200455N00136960EA0194402057
B1220284200454N00136947EA0194002053
B1220294200453N00136934EA0193602049
B1220304200453N00136922EA0193302046
B1220314200453N00136910EA0192902043
B1220324200453N00136898EA0192802041
B1220334200453N00136887EA0192702040
B1220344200453N00136876EA0192502038
B1220354200453N00136864EA0192202035
B1220364200453N00136853EA0191902031
B1220374200452N00136841EA0191502027
B1220384200451N00136829EA0191202024
B1220394200450N00136817EA0190902021
B1220404200449N00136806EA0190602019
B1220414200448N00136794EA0190402016
B1220424200447N00136781EA0190202013
B1220434200445N00136769EA0189902011
B1220444200444N00136756EA0189602008
B1220454200442N00136744EA0189302005
B1220464200440N00136732EA0189202002
B1220474200437N00136720EA0189002001
B1220484200436N00136709EA0188901999
B1220494200434N00136698EA0188501997
B1220504200433N00136687EA0188301995
B1220514200433N00136674EA0188001992
B1220524200432N00136662EA0187701988
B1220534200432N00136649EA0187501987
B1220544200432N00136637EA0187601987
B1220554200431N00136625EA0187801988
B1220564200429N00136613EA0187901990
B1220574200427N00136602EA0188101991
B1220584200426N00136593EA0188501995
B1220594200426N00136584EA0188901999
B1221004200426N00136576EA0189202002
B1221014200427N00136567EA0189302004
B1221024200426N00136556EA0189402002
B1221034200425N00136544EA0189402002
B1221044200423N00136532EA0189402003
B1221054200422N00136520EA0189502004
B1221064200422N00136508EA0189602005
B1221074200421N00136495EA0189702006
B1221084200420N00136483EA0189702006
B1221094200419N00136471EA0189702006
B1221104200418N00136458EA0189602006
B1221114200417N00136445EA0189702006
B1221124200416N00136432EA0189802007
B1221134200415N00136421EA0189902008
B1221144200414N00136411EA0189902008
B1221154200413N00136401EA0189602007
B1221164200412N00136391EA0189602006
B1221174200411N00136381EA0189302004
B1221184200410N00136370EA0189102001
B1221194200407N00136358EA0189001998
B1221204200405N00136347EA0188801997
B1221214200403N00136337EA0188801997
B1221224200401N00136328EA0188901997
B1221234200400N00136320EA0188901997
B1221244200400N00136311EA0188801997
B1221254200399N00136301EA0188601995
B1221264200399N00136291EA0188601993
B1221274200398N00136280EA0188201989
B1221284200397N00136268EA0188001986
B1221294200395N00136256EA0187801983
B1221304200393N00136245EA0187601981
B1221314200392N00136234EA0187501980
B1221324200390N00136223EA0187401978
B1221334200390N00136212EA0187101976
B1221344200389N00136202EA0186801973
B1221354200389N00136191EA0186601970
B1221364200388N00136180EA0186201967
B1221374200388N00136168EA0186101964
B1221384200386N00136158EA0186001963
B1221394200385N00136150EA0186201964
B1221404200384N00136143EA0186201967
B1221414200383N00136136EA0186201967
B1221424200383N00136128EA0185901962
B1221434200383N00136119EA0185401956
B1221444200383N00136108EA0185001951
B1221454200383N00136097EA0184601947
B1221464200382N00136086EA0184501944
B1221474200382N00136076EA0184401944
B1221484200382N00136067EA0184301943
B1221494200381N00136058EA0184301942
B1221504200380N00136049EA0184001940
B1221514200380N00136038EA0183501934
B1221524200378N00136026EA0183001928
B1221534200377N00136014EA0182501923
B1221544200375N00136001EA0182201919
B1221554200374N00135989EA0181901916
B1221564200372N00135977EA0181601914
B1221574200371N00135966EA0181301912
B1221584200369N00135955EA0181001909
B1221594200367N00135943EA0180601905
B1222004200365N00135931EA0180201900
B1222014200363N00135919EA0179801896
B1222024200361N00135907EA0179401892
B1222034200359N00135895EA0179101889
B1222044200356N00135883EA0178701885
B1222054200354N00135872EA0178401881
B1222064200352N00135860EA0178001877
B1222074200349N00135848EA0177601873
B1222084200347N00135836EA0177301870
B1222094200346N00135824EA0177001867
B1222104200344N00135812EA0176701864
B1222114200342N00135801EA0176301861
B1222124200341N00135789EA0176001858
B1222134200339N00135777EA0175701855
B1222144200338N00135765EA0175401852
B1222154200336N00135754EA0175001849
B1222164200334N00135742EA0174801845
B1222174200331N00135730EA0174501842
B1222184200328N00135718EA0174101838
B1222194200325N00135706EA0173901835
B1222204200321N00135694EA0173501832
B1222214200318N00135683EA0173301830
B1222224200314N00135671EA0173001827
B1222234200312N00135660EA0172801825
B1222244200309N00135648EA0172501822
B1222254200307N00135637EA0172101819
B1222264200304N00135625EA0171801816
B1222274200301N00135614EA0171401811
B1222284200298N00135602EA0170901807
B1222294200295N00135590EA0170601802
B1222304200293N00135577EA0170201798
B1222314200290N00135565EA0169801794
B1222324200287N00135553EA0169401791
B1222334200285N00135541EA0169101787
B1222344200282N00135529EA0168601784
B1222354200280N00135517EA0168201780
B1222364200278N00135505EA0167901775
B1222374200275N00135493EA0167601771
B1222384200272N00135481EA0167201768
B1222394200269N00135469EA0166901764
B1222404200266N00135457EA0166501760
B1222414200263N00135445EA0166101756
B1222424200260N00135433EA0165701751
B1222434200257N00135421EA0165301746
B1222444200253N00135409EA0164901741
B1222454200250N00135397EA0164501737
B1222464200246N00135385EA0164201733
B1222474200243N00135373EA0163801729
B1222484200239N00135361EA0163401727
B1222494200236N00135350EA0163201723
B1222504200233N00135338EA0162901720
B1222514200230N00135325EA0162501716
B1222524200227N00135313EA0162101712
B1222534200224N00135301EA0161801708
B1222544200222N00135289EA0161501705
B1222554200220N00135277EA0161101702
B1222564200218N00135265EA0160801699
B1222574200216N00135253EA0160501695
B1222584200214N00135241EA0160101692
B1222594200212N00135228EA0159701688
B1223004200210N00135216EA0159401684
B1223014200209N00135204EA0159101681
B1223024200207N00135192EA0158701677
B1223034200205N00135180EA0158401673
B1223044200203N00135168EA0158001670
B1223054200201N00135157EA0157801667
B1223064200198N00135145EA0157501665
B1223074200197N00135134EA0157201662
B1223084200195N00135123EA0156901659
B1223094200193N00135112EA0156501655
B1223104200190N00135102EA0156001651
B1223114200188N00135090EA0155601646
B1223124200186N00135079EA0155201640
B1223134200184N00135067EA0154801636
B1223144200182N00135055EA0154401632
B1223154200180N00135044EA0154201629
B1223164200178N00135033EA0153901627
B1223174200178N00135022EA0153701624
B1223184200177N00135011EA0153201621
B1223194200177N00134999EA0152801617
B1223204200176N00134987EA0152501613
B1223214200175N00134975EA0152001607
B1223224200174N00134962EA0151501602
B1223234200172N00134949EA0151101598
B1223244200171N00134937EA0150801595
B1223254200170N00134924EA0150501591
B1223264200169N00134912EA0150201589
B1223274200169N00134900EA0150001586
B1223284200168N00134889EA0149601584
B1223294200167N00134876EA0149301579
B1223304200167N00134863EA0149101576
B1223314200166N00134850EA0148701572
B1223324200165N00134837EA0148301568
B1223334200164N00134824EA0148001565
B1223344200162N00134811EA0147601561
B1223354200161N00134799EA0147401558
B1223364200160N00134786EA0147101555
B1223374200158N00134773EA0146801552
B1223384200157N00134761EA0146501549
B1223394200155N00134749EA0146201546
B1223404200154N00134738EA0145801542
B1223414200152N00134726EA0145401538
B1223424200150N00134713EA0145101534
B1223434200149N00134701EA0144601530
B1223444200147N00134688EA0144201525
B1223454200145N00134675EA0143801521
B1223464200143N00134663EA0143501517
B1223474200141N00134651EA0143201514
B1223484200139N00134639EA0142901511
B1223494200137N00134627EA0142701508
B1223504200135N00134615EA0142501505
B1223514200133N00134603EA0142301503
B1223524200131N00134590EA0142001500
B1223534200129N00134578EA0141801498
B1223544200127N00134565EA0141601495
B1223554200124N00134552EA0141301492
B1223564200122N00134540EA0141301490
B1223574200120N00134529EA0141001489
B1223584200119N00134517EA0140901488
B1223594200117N00134507EA0140501485
B1224004200114N00134496EA0140301483
B1224014200112N00134484EA0140001479
B1224024200110N00134473EA0139701476
B1224034200108N00134461EA0139301473
B1224044200106N00134450EA0139101470
B1224054200104N00134438EA0138801467
B1224064200103N00134427EA0138501465
B1224074200101N00134416EA0138101461
B1224084200099N00134404EA0137801457
B1224094200097N00134392EA0137301453
B1224104200095N00134380EA0137001449
B1224114200093N00134368EA0136701445
B1224124200090N00134356EA0136601442
B1224134200088N00134344EA0136401440
B1224144200085N00134333EA0136201438
B1224154200083N00134323EA0136001437
B1224164200082N00134313EA0135801436
B1224174200080N00134304EA0135601433
B1224184200078N00134295EA0135301431
B1224194200076N00134285EA0135101428
B1224204200075N00134275EA0134801425
B1224214200073N00134264EA0134501422
B1224224200072N00134253EA0134301419
B1224234200070N00134242EA0134101416
B1224244200068N00134231EA0133901413
B1224254200067N00134221EA0133601412
B1224264200066N00134210EA0133401410
B1224274200065N00134199EA0133301408
B1224284200063N00134189EA0132901405
B1224294200061N00134178EA0132601402
B1224304200059N00134166EA0132401398
B1224314200058N00134154EA0132201396
B1224324200056N00134143EA0132101394
B1224334200053N00134133EA0131801393
B1224344200051N00134122EA0131701391
B1224354200049N00134111EA0131401389
B1224364200048N00134100EA0131101386
B1224374200047N00134089EA0130801383
B1224384200045N00134079EA0130501379
B1224394200043N00134069EA0130301376
B1224404200041N00134060EA0130101373
B1224414200040N00134050EA0129801371
B1224424200039N00134040EA0129401368
B1224434200037N00134031EA0129101365
B1224444200036N00134021EA0128701360
B1224454200035N00134010EA0128201356
B1224464200034N00133999EA0127801351
B1224474200033N00133988EA0127401346
B1224484200032N00133977EA0127101342
B1224494200030N00133967EA0126601339
B1224504200029N00133956EA0126201335
B1224514200027N00133946EA0125801330
B1224524200025N00133936EA0125301325
B1224534200024N00133924EA0124801319
B1224544200022N00133913EA0124201313
B1224554200020N00133901EA0123701307
B1224564200018N00133889EA0123301303
B1224574200017N00133877EA0122901299
B1224584200016N00133867EA0122601296
B1224594200015N00133856EA0122301294
B1225004200013N00133846EA0122101291
B1225014200011N00133836EA0121801289
B1225024200009N00133825EA0121601286
B1225034200008N00133815EA0121801287
B1225044200007N00133807EA0122201291
B1225054200006N00133801EA0122701298
B1225064200005N00133795EA0122901301
B1225074200004N00133789EA0123101303
B1225084200003N00133781EA0123101302
B1225094200001N00133771EA0123101301
B1225104159999N00133760EA0123101301
B1225114159998N00133749EA0123301303
B1225124159997N00133738EA0123401304
B1225134159996N00133728EA0123501306
B1225144159993N00133720EA0123801308
B1225154159991N00133712EA0123901311
B1225164159989N00133703EA0124001311
B1225174159987N00133693EA0124001312
B1225184159985N00133682EA0124001312
B1225194159982N00133672EA0124201312
B1225204159978N00133664EA0124501317
B1225214159976N00133657EA0125201324
B1225224159975N00133651EA0125601329
B1225234159974N00133644EA0125801332
B1225244159974N00133635EA0125901334
B1225254159973N00133624EA0126101334
B1225264159970N00133613EA0126101334
B1225274159967N00133602EA0126301335
B1225284159965N00133590EA0126501337
B1225294159962N00133580EA0126801341
B1225304159960N00133570EA0127301345
B1225314159959N00133561EA0127601348
B1225324159956N00133552EA0127701350
B1225334159953N00133541EA0127601351
B1225344159950N00133530EA0127701350
B1225354159946N00133518EA0127701348
B1225364159944N00133505EA0127601349
B1225374159942N00133493EA0128101353
B1225384159941N00133484EA0128801360
B1225394159941N00133476EA0129401366
B1225404159939N00133468EA0129801371
B1225414159938N00133459EA0130001374
B1225424159936N00133448EA0130201375
B1225434159934N00133436EA0130401376
B1225444159932N00133424EA0130601380
B1225454159931N00133413EA0131001385
B1225464159932N00133405EA0131801394
B1225474159933N00133399EA0132301401
B1225484159933N00133394EA0132801407
B1225494159933N00133386EA0133001411
B1225504159934N00133377EA0133101408
B1225514159933N00133365EA0133001405
B1225524159932N00133353EA0133001404
B1225534159930N00133343EA0133201406
B1225544159928N00133334EA0133801410
B1225554159927N00133326EA0134101414
B1225564159927N00133318EA0134301417
B1225574159928N00133309EA0134401417
B1225584159928N00133299EA0134301416
B1225594159928N00133290EA0134301415
B1226004159927N00133281EA0134101415
B1226014159925N00133271EA0134001413
B1226024159924N00133261EA0133701410
B1226034159922N00133250EA0133501408
B1226044159920N00133239EA0133301406
B1226054159918N00133228EA0133201404
B1226064159916N00133218EA0132901403
B1226074159916N00133207EA0132701401
B1226084159915N00133196EA0132401398
B1226094159914N00133185EA0132201395
B1226104159912N00133174EA0131801391
B1226114159911N00133162EA0131501388
B1226124159911N00133150EA0131101384
B1226134159909N00133137EA0130901381
B1226144159907N00133126EA0130601378
B1226154159904N00133115EA0130401375
B1226164159902N00133104EA0130201373
B1226174159900N00133094EA0129901371
B1226184159898N00133083EA0129601367
B1226194159896N00133072EA0129201363
B1226204159894N00133061EA0128901359
B1226214159890N00133050EA0128601355
B1226224159887N00133038EA0128201352
B1226234159885N00133027EA0127901349
B1226244159882N00133018EA0127701347
B1226254159878N00133011EA0127701347
B1226264159876N00133004EA0127601347
B1226274159874N00132998EA0127401345
B1226284159873N00132990EA0127101342
B1226294159871N00132981EA0126701336
B1226304159869N00132971EA0126201331
B1226314159867N00132961EA0125901328
B1226324159866N00132951EA0125701325
B1226334159865N00132942EA0125501324
B1226344159864N00132932EA0125201321
B1226354159863N00132922EA0125001318
B1226364159862N00132912EA0124601314
B1226374159860N00132902EA0124201310
B1226384159859N00132891EA0124001307
B1226394159857N00132882EA0123701304
B1226404159855N00132873EA0123401302
B1226414159852N00132864EA0123201299
B1226424159848N00132856EA0122801295
B1226434159846N00132847EA0122401291
B1226444159844N00132837EA0121901286
B1226454159842N00132827EA0121401280
B1226464159841N00132816EA0121001276
B1226474159839N00132806EA0120701272
B1226484159838N00132797EA0120401268
B1226494159836N00132787EA0120101265
B1226504159835N00132778EA0119901263
B1226514159833N00132769EA0119701260
B1226524159831N00132760EA0119401257
B1226534159829N00132751EA0119201254
B1226544159826N00132743EA0118901252
B1226554159824N00132734EA0118901251
B1226564159821N00132726EA0118801250
B1226574159819N00132719EA0118801249
B1226584159816N00132712EA0118601248
B1226594159813N00132706EA0118401247
B1227004159810N00132699EA0118301245
B1227014159808N00132690EA0118101243
B1227024159807N00132682EA0117901241
B1227034159805N00132673EA0117901239
B1227044159803N00132664EA0117901239
B1227054159801N00132655EA0117801240
B1227064159800N00132647EA0117901240
B1227074159798N00132641EA0118101241
B1227084159796N00132634EA0118101242
B1227094159794N00132628EA0118101243
B1227104159793N00132622EA0118001242
B1227114159792N00132615EA0118001240
B1227124159791N00132607EA0117801239
B1227134159789N00132599EA0117701237
B1227144159788N00132590EA0117701237
B1227154159788N00132582EA0117801238
B1227164159789N00132575EA0118101241
B1227174159789N00132569EA0118401243
B1227184159788N00132563EA0118501246
B1227194159787N00132557EA0118701247
B1227204159785N00132552EA0118701248
B1227214159783N00132545EA0118901249
B1227224159780N00132539EA0119001250
B1227234159778N00132534EA0119101252
B1227244159777N00132528EA0119301254
B1227254159774N00132523EA0119501256
B1227264159772N00132517EA0119701258
B1227274159769N00132511EA0119901259
B1227284159765N00132505EA0120001262
B1227294159762N00132499EA0120301265
B1227304159759N00132493EA0120501267
B1227314159756N00132488EA0120901270
B1227324159754N00132481EA0121101273
B1227334159752N00132474EA0121301275
B1227344159751N00132466EA0121501277
B1227354159749N00132459EA0121901280
B1227364159747N00132452EA0122201284
B1227374159746N00132446EA0122601288
B1227384159746N00132439EA0122801291
B1227394159746N00132432EA0123001294
B1227404159745N00132424EA0123301296
B1227414159743N00132417EA0123601299
B1227424159742N00132410EA0123901303
B1227434159740N00132403EA0124401308
B1227444159739N00132397EA0124801313
B1227454159738N00132392EA0125301318
B1227464159736N00132386EA0125601322
B1227474159734N00132379EA0125901324
B1227484159733N00132371EA0126101327
B1227494159733N00132362EA0126401329
B1227504159733N00132354EA0126701333
B1227514159734N00132346EA0127301338
B1227524159734N00132340EA0127901345
B1227534159733N00132335EA0128301350
B1227544159732N00132329EA0128501352
B1227554159730N00132322EA0128601354
B1227564159728N00132313EA0128701354
B1227574159727N00132302EA0128901356
B1227584159727N00132293EA0129401360
B1227594159727N00132285EA0129801365
B1228004159727N00132278EA0130201370
B1228014159727N00132270EA0130501373
B1228024159726N00132261EA0130501373
B1228034159725N00132252EA0130901375
B1228044159723N00132245EA0131201378
B1228054159721N00132240EA0131601382
B1228064159718N00132238EA0131801385
B1228074159716N00132237EA0131901387
B1228084159714N00132238EA0132001389
B1228094159712N00132240EA0132101390
B1228104159712N00132245EA0132201391
B1228114159714N00132249EA0132301393
B1228124159717N00132254EA0132401394
B1228134159720N00132259EA0132501395
B1228144159725N00132264EA0132901398
B1228154159730N00132267EA0133101401
B1228164159736N00132269EA0133301404
B1228174159744N00132269EA0133501406
B1228184159751N00132269EA0133601408
B1228194159759N00132269EA0133801410
B1228204159766N00132268EA0134301414
B1228214159772N00132265EA0134701419
B1228224159777N00132262EA0135001424
B1228234159781N00132257EA0135301427
B1228244159785N00132251EA0135601430
B1228254159790N00132244EA0135801432
B1228264159794N00132237EA0136201435
B1228274159795N00132229EA0136501439
B1228284159793N00132223EA0136801443
B1228294159791N00132220EA0137001445
B1228304159788N00132220EA0137201447
B1228314159786N00132221EA0137401450
B1228324159786N00132223EA0137601453
B1228334159786N00132227EA0137801455
B1228344159789N00132232EA0137901455
B1228354159795N00132237EA0138101457
B1228364159801N00132239EA0138301459
B1228374159808N00132238EA0138601463
B1228384159814N00132235EA0139001467
B1228394159821N00132231EA0139301470
B1228404159827N00132226EA0139701474
B1228414159832N00132220EA0140101478
B1228424159835N00132214EA0140401482
B1228434159838N00132207EA0140801486
B1228444159841N00132200EA0141101489
B1228454159843N00132194EA0141401493
B1228464159845N00132187EA0141701496
B1228474159846N00132182EA0142001498
B1228484159845N00132177EA0142101501
B1228494159844N00132173EA0142301503
B1228504159841N00132172EA0142401504
B1228514159839N00132172EA0142501506
B1228524159836N00132173EA0142701508
B1228534159834N00132175EA0143001510
B1228544159833N00132177EA0143201513
B1228554159833N00132179EA0143401516
B1228564159833N00132181EA0143501517
B1228574159833N00132184EA0143501517
B1228584159831N00132187EA0143601516
B1228594159829N00132190EA0143701517
B1229004159828N00132193EA0143901518
B1229014159827N00132196EA0144201521
B1229024159827N00132199EA0144501524
B1229034159827N00132202EA0144601527
B1229044159826N00132205EA0144701528
B1229054159825N00132209EA0144901529
B1229064159824N00132213EA0144901530
B1229074159822N00132218EA0145101531
B1229084159820N00132222EA0145301532
B1229094159817N00132226EA0145501535
B1229104159815N00132229EA0145801539
B1229114159814N00132233EA0146201542
B1229124159812N00132238EA0146401545
B1229134159811N00132243EA0146701547
B1229144159811N00132249EA0147001550
B1229154159812N00132255EA0147201553
B1229164159815N00132261EA0147401556
B1229174159819N00132267EA0147601559
B1229184159825N00132271EA0147901562
B1229194159832N00132273EA0148101564
B1229204159838N00132271EA0148301566
B1229214159844N00132267EA0148401568
B1229224159848N00132261EA0148501570
B1229234159852N00132253EA0148801571
B1229244159852N00132245EA0149001574
B1229254159850N00132239EA0149101575
B1229264159846N00132235EA0149201576
B1229274159842N00132232EA0149601579
B1229284159840N00132230EA0150001587
B1229294159839N00132230EA0150501594
B1229304159839N00132231EA0150801597
B1229314159838N00132232EA0150901601
B1229324159836N00132235EA0151201601
B1229334159834N00132239EA0151401602
B1229344159835N00132243EA0151701605
B1229354159838N00132248EA0152001609
B1229364159843N00132253EA0152201610
B1229374159850N00132255EA0152301612
B1229384159858N00132254EA0152601614
B1229394159865N00132251EA0153001619
B1229404159870N00132245EA0153401623
B1229414159873N00132238EA0153601626
B1229424159875N00132230EA0153901628
B1229434159875N00132223EA0154001631
B1229444159874N00132217EA0154301633
B1229454159872N00132212EA0154501636
B1229464159869N00132208EA0154801637
B1229474159867N00132207EA0155001640
B1229484159864N00132208EA0155301642
B1229494159861N00132212EA0155401644
B1229504159860N00132217EA0155801647
B1229514159861N00132223EA0156001650
B1229524159864N00132229EA0156201652
B1229534159869N00132235EA0156401655
B1229544159875N00132240EA0156601657
B1229554159883N00132242EA0156901659
B1229564159890N00132239EA0157201662
B1229574159897N00132233EA0157501665
B1229584159900N00132225EA0157701668
B1229594159902N00132217EA0158001671
B1230004159901N00132209EA0158301674
B1230014159898N00132203EA0158601677
B1230024159896N00132199EA0159001681
B1230034159893N00132196EA0159501685
B1230044159891N00132196EA0159701689
B1230054159889N00132198EA0160101691
B1230064159887N00132202EA0160401694
B1230074159887N00132207EA0160701698
B1230084159889N00132212EA0160901701
B1230094159893N00132217EA0161101704
B1230104159898N00132222EA0161401706
B1230114159904N00132227EA0161601708
B1230124159910N00132229EA0162001712
B1230134159918N00132229EA0162201715
B1230144159925N00132226EA0162501717
B1230154159933N00132222EA0162901721
B1230164159939N00132216EA0163201724
B1230174159944N00132210EA0163501728
B1230184159947N00132202EA0163801731
B1230194159949N00132193EA0164001732
B1230204159951N00132185EA0164301734
B1230214159952N00132177EA0164801739
B1230224159952N00132172EA0165201744
B1230234159951N00132168EA0165501748
B1230244159950N00132166EA0165801751
B1230254159947N00132164EA0166101754
B1230264159944N00132164EA0166201755
B1230274159941N00132166EA0166501757
B1230284159940N00132171EA0166601759
B1230294159941N00132178EA0167001762
B1230304159943N00132183EA0167401766
B1230314159945N00132189EA0167801772
B1230324159949N00132194EA0168201776
B1230334159954N00132200EA0168601780
B1230344159959N00132205EA0169001784
B1230354159966N00132207EA0169401788
B1230364159974N00132207EA0169601791
B1230374159982N00132204EA0169801794
B1230384159989N00132198EA0170101797
B1230394159994N00132192EA0170401800
B1230404159997N00132184EA0170701803
B1230414159999N00132176EA0171001805
B1230424159999N00132169EA0171301809
B1230434159997N00132164EA0171701812
B1230444159995N00132161EA0171901815
B1230454159991N00132161EA0172101818
B1230464159988N00132164EA0172201820
B1230474159985N00132170EA0172501821
B1230484159983N00132176EA0172901826
B1230494159983N00132182EA0173501832
B1230504159986N00132188EA0174101838
B1230514159991N00132193EA0174501842
B1230524159997N00132196EA0174901847
B1230534200003N00132200EA0175201850
B1230544200010N00132202EA0175601854
B1230554200018N00132202EA0175901857
B1230564200025N00132200EA0176201861
B1230574200033N00132195EA0176401864
B1230584200038N00132188EA0176601866
B1230594200042N00132180EA0176901869
B1231004200043N00132172EA0177301872
B1231014200041N00132167EA0177601876
B1231024200038N00132167EA0177901880
B1231034200035N00132170EA0178201884
B1231044200033N00132175EA0178501887
B1231054200031N00132181EA0179001892
B1231064200032N00132188EA0179401897
B1231074200034N00132196EA0180001901
B1231084200039N00132203EA0180301905
B1231094200046N00132207EA0180601909
B1231104200053N00132209EA0180801911
B1231114200060N00132209EA0180901914
B1231124200068N00132207EA0181201916
B1231134200074N00132203EA0181401918
B1231144200079N00132197EA0181501919
B1231154200081N00132190EA0181601920
B1231164200081N00132185EA0181801923
B1231174200080N00132181EA0182101927
B1231184200078N00132180EA0182401931
B1231194200076N00132180EA0182501933
B1231204200073N00132182EA0182701934
B1231214200070N00132186EA0182901936
B1231224200068N00132191EA0183201939
B1231234200068N00132198EA0183501942
B1231244200072N00132206EA0183801945
B1231254200077N00132213EA0184001947
B1231264200084N00132219EA0184201949
B1231274200092N00132223EA0184401952
B1231284200100N00132224EA0184801956
B1231294200107N00132223EA0185001959
B1231304200114N00132222EA0185301962
B1231314200121N00132219EA0185401964
B1231324200126N00132216EA0185701967
B1231334200131N00132210EA0185901969
B1231344200133N00132204EA0186001971
B1231354200132N00132198EA0186201972
B1231364200131N00132192EA0186501974
B1231374200129N00132188EA0186801977
B1231384200127N00132186EA0187201981
B1231394200125N00132183EA0187501985
B1231404200123N00132181EA0187701988
B1231414200121N00132179EA0187901989
B1231424200118N00132177EA0188101991
B1231434200115N00132175EA0188201992
B1231444200112N00132174EA0188601995
B1231454200110N00132175EA0188901999
B1231464200108N00132176EA0189202002
B1231474200108N00132179EA0189502006
B1231484200107N00132182EA0189702009
B1231494200106N00132186EA0189802011
B1231504200104N00132191EA0189902011
B1231514200103N00132197EA0190102013
B1231524200103N00132204EA0190402016
B1231534200106N00132212EA0190802020
B1231544200111N00132220EA0191102023
B1231554200118N00132226EA0191302026
B1231564200126N00132229EA0191702029
B1231574200134N00132228EA0191802031
B1231584200140N00132224EA0192102033
B1231594200144N00132217EA0192302035
B1232004200145N00132210EA0192502037
B1232014200144N00132204EA0192802040
B1232024200142N00132201EA0193102043
B1232034200140N00132200EA0193402047
B1232044200137N00132201EA0193602049
B1232054200135N00132203EA0193802051
B1232064200132N00132207EA0194202054
B1232074200130N00132213EA0194502057
B1232084200130N00132219EA0194802061
B1232094200132N00132226EA0195102066
B1232104200135N00132233EA0195402068
B1232114200139N00132240EA0195502069
B1232124200144N00132246EA0195802071
B1232134200150N00132252EA0196002074
B1232144200156N00132255EA0196202076
B1232154200163N00132256EA0196402078
B1232164200170N00132254EA0196502079
B1232174200175N00132250EA0196702081
B1232184200179N00132245EA0196802083
B1232194200181N00132238EA0197002085
B1232204200183N00132232EA0197302087
B1232214200184N00132227EA0197602090
B1232224200185N00132222EA0197902093
B1232234200186N00132217EA0198002096
B1232244200187N00132212EA0198102096
B1232254200186N00132207EA0198202096
B1232264200185N00132202EA0198402098
B1232274200184N00132199EA0198502099
B1232284200181N00132197EA0198702101
B1232294200178N00132196EA0198802103
B1232304200175N00132198EA0199002105
B1232314200172N00132201EA0199402107
B1232324200170N00132206EA0199802111
B1232334200168N00132209EA0200102117
B1232344200166N00132211EA0200602122
B1232354200165N00132212EA0200902126
B1232364200164N00132214EA0201302130
B1232374200163N00132218EA0201502132
B1232384200162N00132225EA0201602134
B1232394200162N00132232EA0201902136
B1232404200165N00132240EA0202302140
B1232414200169N00132246EA0202702144
B1232424200175N00132251EA0203002148
B1232434200181N00132254EA0203202151
B1232444200188N00132255EA0203402153
B1232454200195N00132254EA0203602155
B1232464200201N00132249EA0203702156
B1232474200206N00132243EA0203802157
B1232484200207N00132236EA0203902158
B1232494200206N00132230EA0204102159
B1232504200204N00132227EA0204302161
B1232514200201N00132227EA0204702166
B1232524200199N00132228EA0205002169
B1232534200197N00132231EA0205302172
B1232544200195N00132235EA0205502175
B1232554200194N00132241EA0205902178
B1232564200195N00132248EA0206102180
B1232574200198N00132255EA0206402183
B1232584200203N00132262EA0206602186
B1232594200209N00132265EA0206802189
B1233004200215N00132267EA0206902191
B1233014200222N00132266EA0207002191
B1233024200228N00132263EA0207002192
B1233034200233N00132258EA0207102193
B1233044200237N00132251EA0207302194
B1233054200239N00132245EA0207602196
B1233064200240N00132239EA0207802199
B1233074200240N00132235EA0208102202
B1233084200238N00132232EA0208302205
B1233094200237N00132230EA0208502206
B1233104200234N00132229EA0208702208
B1233114200230N00132229EA0208902210
B1233124200227N00132229EA0209202213
B1233134200224N00132229EA0209602216
B1233144200222N00132231EA0210002220
B1233154200221N00132234EA0210302223
B1233164200219N00132236EA0210502227
B1233174200216N00132239EA0210702228
B1233184200214N00132243EA0210902230
B1233194200211N00132245EA0211202232
B1233204200208N00132247EA0211402235
B1233214200206N00132248EA0211602238
B1233224200203N00132249EA0211802241
B1233234200201N00132250EA0212102243
B1233244200198N00132252EA0212402246
B1233254200195N00132253EA0212702249
B1233264200193N00132255EA0212902252
B1233274200192N00132257EA0213202255
B1233284200190N00132260EA0213402258
B1233294200189N00132263EA0213602260
B1233304200187N00132267EA0213702261
B1233314200184N00132270EA0213902263
B1233324200181N00132272EA0214102265
B1233334200178N00132273EA0214402268
B1233344200175N00132274EA0214502271
B1233354200172N00132274EA0214902274
B1233364200169N00132276EA0215202277
B1233374200166N00132279EA0215302280
B1233384200163N00132284EA0215602281
B1233394200161N00132290EA0215702283
B1233404200160N00132296EA0215902285
B1233414200161N00132302EA0216102287
B1233424200164N00132308EA0216202289
B1233434200168N00132314EA0216302290
B1233444200173N00132317EA0216402292
B1233454200179N00132319EA0216502293
B1233464200186N00132318EA0216502294
B1233474200191N00132316EA0216602294
B1233484200197N00132311EA0216602295
B1233494200202N00132305EA0216902296
B1233504200206N00132299EA0217102298
B1233514200209N00132292EA0217302301
B1233524200211N00132285EA0217502304
B1233534200212N00132278EA0217702306
B1233544200213N00132270EA0217902307
B1233554200213N00132263EA0218002308
B1233564200213N00132257EA0218202310
B1233574200211N00132252EA0218402312
B1233584200208N00132250EA0218602314
B1233594200204N00132250EA0218802315
B1234004200201N00132253EA0218902317
B1234014200198N00132257EA0219002318
B1234024200197N00132264EA0219102320
B1234034200199N00132272EA0219302321
B1234044200202N00132279EA0219402323
B1234054200208N00132284EA0219502324
B1234064200214N00132286EA0219702326
B1234074200221N00132287EA0219902327
B1234084200227N00132287EA0220002330
B1234094200233N00132286EA0220202332
B1234104200240N00132286EA0220402334
B1234114200246N00132286EA0220602336
B1234124200253N00132283EA0220902337
B1234134200259N00132279EA0221002340
B1234144200264N00132274EA0221202342
B1234154200269N00132270EA0221302344
B1234164200274N00132266EA0221402346
B1234174200279N00132260EA0221502346
B1234184200285N00132252EA0221602347
B1234194200289N00132245EA0221802348
B1234204200293N00132238EA0222202352
B1234214200295N00132231EA0222402356
B1234224200298N00132225EA0222702359
B1234234200300N00132219EA0222902361
B1234244200302N00132212EA0223102362
B1234254200303N00132205EA0223302363
B1234264200303N00132198EA0223402365
B1234274200302N00132192EA0223602367
B1234284200300N00132187EA0223902369
B1234294200297N00132185EA0224102371
B1234304200294N00132186EA0224202373
B1234314200292N00132189EA0224502376
B1234324200291N00132195EA0224702378
B1234334200291N00132201EA0225002381
B1234344200294N00132209EA0225202383
B1234354200298N00132216EA0225502385
B1234364200305N00132220EA0225602387
B1234374200313N00132222EA0225702389
B1234384200321N00132221EA0225902390
B1234394200329N00132217EA0226102393
B1234404200335N00132211EA0226402396
B1234414200339N00132204EA0226702399
B1234424200341N00132197EA0226902402
B1234434200342N00132190EA0227102404
B1234444200341N00132183EA0227302406
B1234454200338N00132178EA0227402407
B1234464200334N00132175EA0227602408
B1234474200330N00132174EA0227702409
B1234484200327N00132177EA0228002412
B1234494200325N00132182EA0228202414
B1234504200325N00132188EA0228502417
B1234514200327N00132195EA0228702418
B1234524200330N00132202EA0228902421
B1234534200334N00132208EA0229102423
B1234544200340N00132212EA0229202426
B1234554200347N00132216EA0229502427
B1234564200355N00132219EA0229602429
B1234574200363N00132220EA0230002433
B1234584200370N00132220EA0230402436
B1234594200378N00132217EA0230502439
B1235004200386N00132213EA0230802441
B1235014200393N00132209EA0231002443
B1235024200399N00132204EA0231402447
B1235034200404N00132198EA0231802450
B1235044200407N00132192EA0231902454
B1235054200409N00132186EA0232102455
B1235064200409N00132179EA0232302456
B1235074200409N00132173EA0232302458
B1235084200407N00132168EA0232502460
B1235094200405N00132164EA0232602461
B1235104200402N00132163EA0232702462
B1235114200399N00132163EA0232802464
B1235124200396N00132165EA0232802465
B1235134200392N00132169EA0232902466
B1235144200390N00132174EA0233102467
B1235154200387N00132179EA0233302468
B1235164200385N00132184EA0233602471
B1235174200383N00132188EA0233902475
B1235184200382N00132193EA0234202478
B1235194200380N00132199EA0234402480
B1235204200379N00132205EA0234602482
B1235214200380N00132211EA0234902484
B1235224200382N00132218EA0235002486
B1235234200386N00132224EA0235202488
B1235244200390N00132228EA0235402490
B1235254200396N00132230EA0235702492
B1235264200403N00132230EA0235802494
B1235274200410N00132228EA0235902495
B1235284200417N00132225EA0236202497
B1235294200424N00132220EA0236302499
B1235304200429N00132213EA0236402501
B1235314200433N00132204EA0236502501
B1235324200435N00132195EA0236802503
B1235334200437N00132188EA0237102507
B1235344200437N00132182EA0237402511
B1235354200437N00132177EA0237702514
B1235364200436N00132171EA0237902515
B1235374200434N00132166EA0238102516
B1235384200431N00132162EA0238202518
B1235394200428N00132161EA0238402521
B1235404200424N00132162EA0238602523
B1235414200421N00132164EA0238802525
B1235424200419N00132166EA0239202528
B1235434200417N00132167EA0239402531
B1235444200415N00132169EA0239602534
B1235454200413N00132170EA0239702536
B1235464200411N00132173EA0239802537
B1235474200409N00132177EA0240002538
B1235484200407N00132180EA0240102539
B1235494200404N00132183EA0240202541
B1235504200402N00132186EA0240302542
B1235514200399N00132190EA0240402543
B1235524200396N00132194EA0240502544
B1235534200393N00132198EA0240702545
B1235544200390N00132203EA0240802547
B1235554200388N00132207EA0241002548
B1235564200385N00132212EA0241102550
B1235574200383N00132217EA0241202552
B1235584200381N00132220EA0241402554
B1235594200378N00132223EA0241502555
B1236004200375N00132226EA0241602556
B1236014200372N00132229EA0241702557
B1236024200368N00132233EA0241702558
B1236034200364N00132237EA0241902559
B1236044200360N00132241EA0242002560
B1236054200356N00132244EA0242202562
B1236064200353N00132248EA0242302564
B1236074200351N00132252EA0242602568
B1236084200349N00132255EA0242802571
B1236094200346N00132258EA0243002573
B1236104200343N00132261EA0243102575
B1236114200340N00132265EA0243302576
B1236124200338N00132269EA0243502578
B1236134200335N00132272EA0243602580
B1236144200333N00132276EA0243802583
B1236154200332N00132280EA0244002585
B1236164200331N00132284EA0244002586
B1236174200330N00132289EA0244102586
B1236184200329N00132295EA0244002586
B1236194200327N00132300EA0244002586
B1236204200324N00132305EA0244102586
B1236214200321N00132309EA0244202587
B1236224200319N00132312EA0244302587
B1236234200317N00132316EA0244302588
B1236244200315N00132320EA0244302589
B1236254200313N00132324EA0244402589
B1236264200310N00132329EA0244402589
B1236274200308N00132334EA0244402588
B1236284200306N00132340EA0244502588
B1236294200304N00132346EA0244602590
B1236304200302N00132351EA0244802592
B1236314200300N00132356EA0244802594
B1236324200298N00132360EA0244802594
B1236334200296N00132364EA0244802594
B1236344200293N00132368EA0244702593
B1236354200290N00132374EA0244602592
B1236364200288N00132380EA0244402591
B1236374200286N00132387EA0244302590
B1236384200285N00132393EA0244402591
B1236394200284N00132400EA0244402591
B1236404200283N00132407EA0244402590
B1236414200281N00132414EA0244402589
B1236424200280N00132421EA0244302588
B1236434200279N00132428EA0244302586
B1236444200278N00132436EA0244202584
B1236454200277N00132445EA0244002582
B1236464200276N00132454EA0244002581
B1236474200275N00132462EA0244002581
B1236484200274N00132470EA0243902580
B1236494200274N00132478EA0243702579
B1236504200273N00132485EA0243602578
B1236514200272N00132494EA0243402576
B1236524200271N00132502EA0243302573
B1236534200270N00132511EA0243202572
B1236544200268N00132519EA0243102571
B1236554200267N00132527EA0243102571
B1236564200267N00132535EA0242902570
B1236574200266N00132543EA0242802569
B1236584200264N00132551EA0242802568
B1236594200262N00132560EA0242802567
B1237004200260N00132568EA0242702566
B1237014200258N00132577EA0242602565
B1237024200257N00132586EA0242502564
B1237034200256N00132595EA0242402563
B1237044200255N00132604EA0242402562
B1237054200255N00132614EA0242302561
B1237064200254N00132623EA0242202560
B1237074200253N00132632EA0242102559
B1237084200252N00132641EA0242002558
B1237094200251N00132650EA0241902556
B1237104200250N00132659EA0241702555
B1237114200250N00132669EA0241602553
B1237124200249N00132678EA0241402552
B1237134200249N00132688EA0241302551
B1237144200248N00132697EA0241302550
B1237154200247N00132706EA0241202550
B1237164200246N00132715EA0241202549
B1237174200245N00132724EA0241002548
B1237184200244N00132733EA0240802546
B1237194200243N00132743EA0240602544
B1237204200242N00132753EA0240502542
B1237214200242N00132762EA0240402541
B1237224200242N00132772EA0240302540
B1237234200242N00132781EA0240202539
B1237244200241N00132790EA0240002538
B1237254200241N00132800EA0239802536
B1237264200241N00132810EA0239702533
B1237274200241N00132820EA0239502531
B1237284200242N00132830EA0239402529
B1237294200242N00132840EA0239302528
B1237304200242N00132849EA0239102527
B1237314200242N00132858EA0238902526
B1237324200242N00132868EA0238702523
B1237334200242N00132878EA0238502520
B1237344200242N00132888EA0238302518
B1237354200242N00132898EA0238002516
B1237364200243N00132908EA0237902514
B1237374200243N00132917EA0237802513
B1237384200243N00132927EA0237502511
B1237394200242N00132937EA0237302509
B1237404200243N00132947EA0237002506
B1237414200243N00132957EA0236802504
B1237424200243N00132966EA0236602501
B1237434200244N00132976EA0236402499
B1237444200244N00132986EA0236202497
B1237454200245N00132995EA0236002495
B1237464200246N00133005EA0235702492
B1237474200246N00133015EA0235502490
B1237484200247N00133024EA0235302488
B1237494200247N00133034EA0235102486
B1237504200248N00133043EA0234802483
B1237514200249N00133052EA0234502481
B1237524200250N00133062EA0234402478
B1237534200251N00133071EA0234102475
B1237544200253N00133081EA0234002472
B1237554200254N00133090EA0233702470
B1237564200256N00133099EA0233402468
B1237574200258N00133108EA0233202465
B1237584200260N00133117EA0233002462
B1237594200262N00133127EA0232602460
B1238004200264N00133137EA0232402457
B1238014200265N00133146EA0232302455
B1238024200267N00133155EA0232102453
B1238034200269N00133165EA0231902451
B1238044200271N00133174EA0231702449
B1238054200273N00133183EA0231502447
B1238064200274N00133192EA0231402445
B1238074200275N00133201EA0231102443
B1238084200276N00133209EA0230902441
B1238094200276N00133218EA0230602438
B1238104200276N00133228EA0230302435
B1238114200277N00133237EA0230002432
B1238124200277N00133246EA0229802430
B1238134200277N00133255EA0229602428
B1238144200276N00133263EA0229302425
B1238154200276N00133272EA0229102423
B1238164200276N00133281EA0228802420
B1238174200275N00133290EA0228502416
B1238184200275N00133300EA0228202413
B1238194200275N00133309EA0227902411
B1238204200275N00133319EA0227802408
B1238214200275N00133328EA0227702407
B1238224200274N00133337EA0227402405
B1238234200274N00133346EA0227202403
B1238244200273N00133355EA0227002400
B1238254200273N00133364EA0226702397
B1238264200273N00133374EA0226502394
B1238274200273N00133383EA0226202392
B1238284200273N00133392EA0226102390
B1238294200273N00133401EA0225902388
B1238304200273N00133411EA0225702386
B1238314200274N00133421EA0225502384
B1238324200275N00133431EA0225302382
B1238334200276N00133440EA0225202380
B1238344200276N00133450EA0224902378
B1238354200276N00133459EA0224902377
B1238364200276N00133468EA0224702376
B1238374200277N00133478EA0224402373
B1238384200277N00133487EA0224102370
B1238394200278N00133497EA0224002367
B1238404200278N00133507EA0223702364
B1238414200279N00133517EA0223502362
B1238424200279N00133527EA0223302360
B1238434200280N00133536EA0223102359
B1238444200280N00133545EA0222902357
B1238454200281N00133554EA0222602355
B1238464200281N00133563EA0222402352
B1238474200281N00133573EA0222302349
B1238484200281N00133582EA0222002347
B1238494200281N00133591EA0221902345
B1238504200281N00133598EA0222102345
B1238514200280N00133604EA0222202347
B1238524200280N00133610EA0222402350
B1238534200279N00133614EA0222602354
B1238544200277N00133619EA0222902356
B1238554200274N00133624EA0222902356
B1238564200270N00133629EA0223002357
B1238574200266N00133633EA0223202358
B1238584200261N00133637EA0223302360
B1238594200257N00133640EA0223502363
B1239004200254N00133643EA0223702365
B1239014200251N00133647EA0223702366
B1239024200248N00133651EA0223702367
B1239034200247N00133658EA0223702365
B1239044200245N00133665EA0223502363
B1239054200244N00133673EA0223502364
B1239064200243N00133680EA0223702365
B1239074200242N00133687EA0223902368
B1239084200241N00133693EA0224102371
B1239094200241N00133698EA0224302372
B1239104200240N00133705EA0224302373
B1239114200240N00133712EA0224402374
B1239124200239N00133718EA0224502375
B1239134200238N00133725EA0224702377
B1239144200238N00133731EA0224702378
B1239154200239N00133738EA0224602377
B1239164200239N00133746EA0224402375
B1239174200239N00133754EA0224302373
B1239184200239N00133762EA0224202373
B1239194200238N00133770EA0224202372
B1239204200237N00133778EA0224202372
B1239214200235N00133786EA0224202372
B1239224200235N00133795EA0224102372
B1239234200236N00133804EA0224102371
B1239244200237N00133813EA0224002370
B1239254200238N00133821EA0224102370
B1239264200237N00133828EA0224102371
B1239274200236N00133836EA0224102371
B1239284200236N00133843EA0224002371
B1239294200236N00133852EA0223902369
B1239304200235N00133862EA0223602367
B1239314200234N00133871EA0223602366
B1239324200234N00133880EA0223502365
B1239334200235N00133887EA0223502366
B1239344200236N00133894EA0223402365
B1239354200237N00133901EA0223302364
B1239364200239N00133909EA0223002361
B1239374200240N00133917EA0222602358
B1239384200242N00133926EA0222402355
B1239394200244N00133936EA0222302353
B1239404200245N00133945EA0222202351
B1239414200246N00133954EA0222102350
B1239424200248N00133963EA0222002350
B1239434200249N00133971EA0222002350
B1239444200250N00133979EA0222002349
B1239454200251N00133987EA0222002349
B1239464200252N00133996EA0222002349
B1239474200253N00134006EA0222002349
B1239484200255N00134015EA0222102349
B1239494200257N00134024EA0222202350
B1239504200258N00134032EA0222302351
B1239514200260N00134040EA0222402352
B1239524200261N00134048EA0222402354
B1239534200263N00134055EA0222502354
B1239544200265N00134062EA0222402354
B1239554200268N00134071EA0222202352
B1239564200270N00134081EA0222102350
B1239574200272N00134091EA0222102349
B1239584200274N00134099EA0222102350
B1239594200275N00134107EA0222302351
B1240004200276N00134114EA0222402353
B1240014200277N00134121EA0222402354
B1240024200279N00134129EA0222402354
B1240034200282N00134138EA0222302352
B1240044200284N00134148EA0222302351
B1240054200286N00134158EA0222402351
B1240064200287N00134166EA0222502353
B1240074200287N00134173EA0222702356
B1240084200287N00134179EA0222802357
B1240094200288N00134187EA0222802358
B1240104200289N00134195EA0222702357
B1240114200290N00134206EA0222702355
B1240124200291N00134216EA0222602354
B1240134200292N00134225EA0222702355
B1240144200292N00134232EA0222902358
B1240154200292N00134239EA0223102360
B1240164200293N00134245EA0223002360
B1240174200294N00134253EA0223002359
B1240184200295N00134262EA0222702357
B1240194200297N00134272EA0222502354
B1240204200299N00134281EA0222502352
B1240214200300N00134290EA0222502352
B1240224200300N00134298EA0222502354
B1240234200301N00134305EA0222602355
B1240244200302N00134313EA0222602355
B1240254200304N00134320EA0222502354
B1240264200305N00134327EA0222202352
B1240274200306N00134336EA0221802348
B1240284200308N00134345EA0221402344
B1240294200310N00134355EA0221102340
B1240304200312N00134364EA0221002338
B1240314200313N00134373EA0220802337
B1240324200315N00134382EA0220702335
B1240334200316N00134391EA0220502334
B1240344200317N00134399EA0220402332
B1240354200318N00134408EA0220202331
B1240364200319N00134417EA0219902328
B1240374200321N00134425EA0219702325
B1240384200323N00134434EA0219502322
B1240394200325N00134443EA0219202320
B1240404200327N00134452EA0219002317
B1240414200329N00134461EA0218702315
B1240424200330N00134470EA0218402312
B1240434200331N00134480EA0218102308
B1240444200332N00134490EA0217702303
B1240454200334N00134501EA0217402300
B1240464200335N00134511EA0217302298
B1240474200336N00134521EA0217302298
B1240484200336N00134529EA0217102297
B1240494200338N00134537EA0216902296
B1240504200339N00134545EA0216602293
B1240514200341N00134555EA0216302289
B1240524200343N00134564EA0216002285
B1240534200344N00134574EA0215702281
B1240544200346N00134584EA0215302278
B1240554200348N00134593EA0215102275
B1240564200349N00134603EA0214802273
B1240574200350N00134613EA0214502270
B1240584200352N00134623EA0214202267
B1240594200353N00134633EA0213902265
B1241004200356N00134642EA0213602262
B1241014200359N00134652EA0213402258
B1241024200362N00134662EA0213002255
B1241034200365N00134672EA0212802253
B1241044200367N00134681EA0212602251
B1241054200369N00134690EA0212402249
B1241064200371N00134699EA0212102246
B1241074200372N00134708EA0211902243
B1241084200374N00134717EA0211502239
B1241094200376N00134728EA0211202235
B1241104200378N00134737EA0211002232
B1241114200379N00134746EA0210802231
B1241124200379N00134755EA0210602229
B1241134200379N00134763EA0210302226
B1241144200379N00134771EA0209902223
B1241154200380N00134781EA0209502219
B1241164200380N00134791EA0209202214
B1241174200381N00134801EA0208702209
B1241184200381N00134811EA0208302206
B1241194200381N00134821EA0208002203
B1241204200381N00134831EA0207902200
B1241214200382N00134840EA0207502197
B1241224200383N00134849EA0207202194
B1241234200383N00134859EA0206902191
B1241244200382N00134868EA0206502187
B1241254200381N00134877EA0206102183
B1241264200379N00134886EA0205802179
B1241274200379N00134896EA0205302175
B1241284200378N00134907EA0205002171
B1241294200378N00134916EA0204702168
B1241304200377N00134926EA0204502166
B1241314200377N00134935EA0204202163
B1241324200376N00134945EA0204002160
B1241334200376N00134954EA0203602157
B1241344200376N00134964EA0203402153
B1241354200376N00134975EA0203002150
B1241364200376N00134985EA0202702147
B1241374200377N00134995EA0202502144
B1241384200377N00135005EA0202202141
B1241394200378N00135015EA0201802138
B1241404200379N00135025EA0201602135
B1241414200380N00135035EA0201302131
B1241424200380N00135045EA0201002127
B1241434200381N00135055EA0200602124
B1241444200381N00135066EA0200302121
B1241454200382N00135076EA0200102118
B1241464200382N00135086EA0199802115
B1241474200382N00135095EA0199502112
B1241484200382N00135106EA0199202109
B1241494200382N00135116EA0198902105
B1241504200382N00135126EA0198502102
B1241514200382N00135135EA0198302100
B1241524200382N00135145EA0198002097
B1241534200383N00135154EA0197802094
B1241544200384N00135165EA0197502091
B1241554200384N00135175EA0197102088
B1241564200385N00135185EA0196902085
B1241574200385N00135195EA0196702082
B1241584200386N00135204EA0196502080
B1241594200388N00135214EA0196202077
B1242004200390N00135223EA0196002075
B1242014200392N00135233EA0195602072
B1242024200394N00135242EA0195402069
B1242034200396N00135252EA0195102066
B1242044200399N00135261EA0194902064
B1242054200401N00135270EA0194702061
B1242064200404N00135280EA0194402058
B1242074200407N00135289EA0194102054
B1242084200410N00135299EA0193902051
B1242094200413N00135309EA0193602049
B1242104200416N00135319EA0193502047
B1242114200419N00135328EA0193202045
B1242124200422N00135337EA0193002042
B1242134200425N00135347EA0192602039
B1242144200428N00135357EA0192202035
B1242154200432N00135367EA0191902032
B1242164200435N00135377EA0191602028
B1242174200438N00135387EA0191302025
B1242184200441N00135398EA0191002023
B1242194200444N00135408EA0190802020
B1242204200447N00135418EA0190802019
B1242214200449N00135427EA0190702019
B1242224200450N00135436EA0190602018
B1242234200451N00135444EA0190502018
B1242244200452N00135452EA0190402016
B1242254200454N00135460EA0190202014
B1242264200456N00135468EA0190002012
B1242274200457N00135476EA0189702009
B1242284200459N00135485EA0189402005
B1242294200460N00135494EA0189102002
B1242304200460N00135503EA0188901999
B1242314200461N00135512EA0188601998
B1242324200462N00135520EA0188501996
B1242334200464N00135528EA0188201993
B1242344200465N00135536EA0188001990
B1242354200465N00135545EA0187701987
B1242364200466N00135554EA0187301983
B1242374200466N00135563EA0187101980
B1242384200466N00135571EA0186801978
B1242394200466N00135579EA0186601976
B1242404200466N00135588EA0186401973
B1242414200466N00135596EA0186101970
B1242424200466N00135605EA0185901968
B1242434200466N00135614EA0185701965
B1242444200467N00135623EA0185501963
B1242454200467N00135631EA0185401962
B1242464200467N00135640EA0185201960
B1242474200466N00135648EA0184901958
B1242484200466N00135657EA0184701954
B1242494200466N00135667EA0184401951
B1242504200466N00135676EA0184201949
B1242514200466N00135686EA0184001947
B1242524200466N00135695EA0183901945
B1242534200466N00135704EA0183601944
B1242544200466N00135712EA0183501943
B1242554200466N00135720EA0183401942
B1242564200466N00135729EA0183301940
B1242574200466N00135737EA0183101938
B1242584200465N00135745EA0182801935
B1242594200465N00135753EA0182601933
B1243004200464N00135761EA0182401931
B1243014200463N00135768EA0182201928
B1243024200463N00135776EA0181901925
B1243034200462N00135784EA0181701922
B1243044200462N00135792EA0181401920
B1243054200462N00135800EA0181101917
B1243064200462N00135808EA0180901915
B1243074200462N00135816EA0180701912
B1243084200462N00135823EA0180501910
B1243094200463N00135831EA0180301908
B1243104200465N00135838EA0180101906
B1243114200466N00135845EA0179901904
B1243124200467N00135852EA0179601901
B1243134200467N00135860EA0179401898
B1243144200468N00135868EA0179201895
B1243154200470N00135875EA0178901892
B1243164200471N00135883EA0178601890
B1243174200473N00135890EA0178201887
B1243184200473N00135898EA0178001883
B1243194200474N00135906EA0177601879
B1243204200474N00135914EA0177101875
B1243214200475N00135923EA0176701870
B1243224200475N00135931EA0176201865
B1243234200476N00135940EA0175801860
B1243244200477N00135949EA0175401856
B1243254200478N00135958EA0175001851
B1243264200478N00135967EA0174501847
B1243274200479N00135976EA0174001842
B1243284200480N00135984EA0173501837
B1243294200481N00135993EA0173001831
B1243304200481N00136003EA0172501826
B1243314200480N00136012EA0172001821
B1243324200480N00136022EA0171601816
B1243334200479N00136031EA0171101812
B1243344200479N00136039EA0170801807
B1243354200478N00136048EA0170301803
B1243364200477N00136057EA0169901798
B1243374200476N00136066EA0169401793
B1243384200475N00136075EA0168801787
B1243394200473N00136084EA0168401781
B1243404200472N00136092EA0168001777
B1243414200471N00136099EA0167601773
B1243424200471N00136106EA0167201769
B1243434200470N00136113EA0166601764
B1243444200469N00136120EA0166201758
B1243454200469N00136129EA0165701753
B1243464200470N00136138EA0165301748
B1243474200469N00136148EA0164901742
B1243484200469N00136158EA0164401737
B1243494200468N00136169EA0164001732
B1243504200467N00136179EA0163701729
B1243514200467N00136187EA0163401727
B1243524200467N00136194EA0163401726
B1243534200467N00136200EA0163201725
B1243544200466N00136206EA0162901722
B1243554200465N00136213EA0162501719
B1243564200464N00136221EA0162101714
B1243574200462N00136229EA0161801710
B1243584200461N00136238EA0161701708
B1243594200461N00136245EA0161701710
B1244004200461N00136251EA0161901712
B1244014200460N00136256EA0161901712
B1244024200460N00136261EA0161701710
B1244034200459N00136269EA0161401706
B1244044200458N00136278EA0160801702
B1244054200456N00136288EA0160501697
B1244064200454N00136298EA0160101693
B1244074200454N00136308EA0159901691
B1244084200454N00136315EA0159701690
B1244094200455N00136322EA0159501688
B1244104200455N00136329EA0159101684
B1244114200455N00136336EA0158601679
B1244124200454N00136345EA0158201674
B1244134200453N00136355EA0157901669
B1244144200451N00136365EA0157701667
B1244154200450N00136373EA0157801668
B1244164200450N00136378EA0158001672
B1244174200451N00136382EA0158201674
B1244184200451N00136387EA0158201674
B1244194200451N00136392EA0157901672
B1244204200450N00136400EA0157601667
B1244214200449N00136408EA0157301664
B1244224200447N00136415EA0157101662
B1244234200447N00136422EA0157101661
B1244244200446N00136428EA0157101661
B1244254200446N00136434EA0157001660
B1244264200446N00136441EA0156901659
B1244274200446N00136448EA0156601657
B1244284200446N00136455EA0156501654
B1244294200446N00136463EA0156301652
B1244304200445N00136470EA0156201651
B1244314200444N00136477EA0156001649
B1244324200443N00136485EA0156001648
B1244334200443N00136493EA0155901646
B1244344200443N00136501EA0155901647
B1244354200443N00136508EA0155901648
B1244364200443N00136515EA0156001649
B1244374200444N00136521EA0156101649
B1244384200445N00136528EA0155901648
B1244394200445N00136535EA0155801647
B1244404200446N00136542EA0155701646
B1244414200447N00136549EA0155601645
B1244424200448N00136555EA0155401644
B1244434200448N00136562EA0155301642
B1244444200449N00136569EA0155201640
B1244454200449N00136575EA0155001639
B1244464200449N00136582EA0154901638
B1244474200450N00136587EA0154801636
B1244484200451N00136592EA0154701635
B1244494200453N00136599EA0154501633
B1244504200453N00136605EA0154301631
B1244514200453N00136611EA0154201629
B1244524200454N00136617EA0154101628
B1244534200455N00136621EA0154101629
B1244544200456N00136624EA0154001628
B1244554200457N00136627EA0153701626
B1244564200457N00136631EA0153201622
B1244574200456N00136638EA0152801616
B1244584200454N00136644EA0152401611
B1244594200452N00136652EA0152101607
B1245004200450N00136659EA0152001604
B1245014200448N00136665EA0151801603
B1245024200446N00136672EA0151701601
B1245034200444N00136680EA0151601599
B1245044200442N00136689EA0151401597
B1245054200440N00136697EA0151401597
B1245064200439N00136705EA0151501599
B1245074200438N00136711EA0151701601
B1245084200437N00136718EA0151701602
B1245094200436N00136724EA0151701601
B1245104200435N00136732EA0151401599
B1245114200434N00136740EA0151201597
B1245124200433N00136748EA0151201596
B1245134200432N00136754EA0151301596
B1245144200432N00136759EA0151501599
B1245154200430N00136763EA0151501601
B1245164200428N00136765EA0151601602
B1245174200426N00136768EA0151501602
B1245184200422N00136771EA0151501601
B1245194200419N00136775EA0151401599
B1245204200416N00136779EA0151401599
B1245214200413N00136783EA0151501600
B1245224200410N00136785EA0151401600
B1245234200407N00136788EA0151501600
B1245244200404N00136792EA0151501600
B1245254200401N00136796EA0151401599
B1245264200399N00136800EA0151401599
B1245274200398N00136804EA0151501600
B1245284200397N00136808EA0151601601
B1245294200395N00136811EA0151501601
B1245304200393N00136815EA0151501600
B1245314200392N00136821EA0151501600
B1245324200390N00136827EA0151701600
B1245334200389N00136834EA0151901602
B1245344200388N00136839EA0152101605
B1245354200386N00136843EA0152201608
B1245364200384N00136847EA0152501610
B1245374200381N00136851EA0152501611
B1245384200378N00136855EA0152601612
B1245394200375N00136860EA0152801613
B1245404200372N00136865EA0153001615
B1245414200369N00136868EA0153201617
B1245424200366N00136870EA0153301619
B1245434200362N00136870EA0153401620
B1245444200358N00136869EA0153501620
B1245454200354N00136868EA0153501621
B1245464200350N00136866EA0153601621
B1245474200346N00136861EA0153701622
B1245484200344N00136855EA0153701623
B1245494200344N00136848EA0153901624
B1245504200345N00136840EA0154001624
B1245514200347N00136832EA0154001625
B1245524200351N00136826EA0154101626
B1245534200356N00136820EA0154101627
B1245544200362N00136817EA0154201627
B1245554200368N00136814EA0154301629
B1245564200373N00136814EA0154501630
B1245574200379N00136814EA0154501632
B1245584200385N00136816EA0154601633
B1245594200390N00136818EA0154701634
B1246004200396N00136822EA0154901634
B1246014200400N00136827EA0155101636
B1246024200404N00136832EA0155301639
B1246034200407N00136836EA0155601642
B1246044200408N00136841EA0155801644
B1246054200408N00136846EA0155901646
B1246064200407N00136850EA0156001647
B1246074200404N00136853EA0156101647
B1246084200400N00136853EA0156201648
B1246094200395N00136851EA0156201649
B1246104200391N00136846EA0156301649
B1246114200388N00136839EA0156501650
B1246124200388N00136831EA0156501652
B1246134200390N00136823EA0156601652
B1246144200395N00136817EA0156801653
B1246154200400N00136813EA0156801655
B1246164200407N00136813EA0157001657
B1246174200412N00136816EA0157101658
B1246184200417N00136819EA0157301660
B1246194200422N00136822EA0157601662
B1246204200426N00136825EA0157801666
B1246214200430N00136828EA0158001668
B1246224200434N00136831EA0158001669
B1246234200435N00136836EA0158001669
B1246244200436N00136841EA0158001668
B1246254200435N00136846EA0158001668
B1246264200432N00136849EA0158101668
B1246274200429N00136851EA0158101669
B1246284200425N00136850EA0158201670
B1246294200421N00136848EA0158301671
B1246304200418N00136845EA0158401672
B1246314200415N00136840EA0158401673
B1246324200411N00136834EA0158401672
B1246334200409N00136827EA0158501672
B1246344200406N00136820EA0158601673
B1246354200406N00136812EA0158801675
B1246364200407N00136805EA0158901677
B1246374200409N00136798EA0159001678
B1246384200412N00136791EA0159201679
B1246394200415N00136784EA0159301680
B1246404200419N00136779EA0159501682
B1246414200424N00136774EA0159701684
B1246424200429N00136771EA0159901686
B1246434200436N00136769EA0159901687
B1246444200442N00136768EA0160101688
B1246454200449N00136770EA0160201689
B1246464200455N00136773EA0160301691
B1246474200459N00136778EA0160501692
B1246484200463N00136784EA0160501694
B1246494200466N00136789EA0160701695
B1246504200467N00136795EA0160701696
B1246514200468N00136801EA0160701697
B1246524200466N00136806EA0160801697
B1246534200463N00136809EA0160901697
B1246544200459N00136810EA0161001698
B1246554200455N00136808EA0161001699
B1246564200451N00136804EA0161001700
B1246574200449N00136798EA0161101700
B1246584200447N00136791EA0161101700
B1246594200447N00136782EA0161001700
B1247004200448N00136773EA0161101700
B1247014200452N00136765EA0161201701
B1247024200457N00136759EA0161401703
B1247034200462N00136754EA0161601704
B1247044200467N00136749EA0161801706
B1247054200472N00136744EA0162101709
B1247064200477N00136739EA0162101711
B1247074200482N00136735EA0162301711
B1247084200489N00136732EA0162301712
B1247094200495N00136730EA0162401713
B1247104200502N00136730EA0162501714
B1247114200508N00136732EA0162601715
B1247124200514N00136736EA0162601715
B1247134200518N00136740EA0162701716
B1247144200521N00136744EA0162801718
B1247154200523N00136748EA0162901719
B1247164200523N00136753EA0163001720
B1247174200521N00136758EA0163001720
B1247184200519N00136762EA0163101720
B1247194200515N00136764EA0163201721
B1247204200511N00136764EA0163201722
B1247214200508N00136763EA0163501724
B1247224200505N00136762EA0163601726
B1247234200502N00136758EA0163601726
B1247244200500N00136752EA0163401725
B1247254200500N00136744EA0163301724
B1247264200501N00136734EA0163401723
B1247274200504N00136726EA0163501724
B1247284200508N00136720EA0163701727
B1247294200513N00136716EA0163801729
B1247304200519N00136715EA0163801729
B1247314200526N00136715EA0163801729
B1247324200534N00136716EA0163701728
B1247334200541N00136718EA0163701728
B1247344200549N00136720EA0163901729
B1247354200556N00136721EA0164101731
B1247364200563N00136723EA0164401733
B1247374200570N00136724EA0164601737
B1247384200576N00136725EA0164901740
B1247394200582N00136725EA0165101743
B1247404200588N00136723EA0165201743
B1247414200595N00136719EA0165201744
B1247424200602N00136714EA0165201744
B1247434200606N00136706EA0165301745
B1247444200609N00136697EA0165501747
B1247454200610N00136688EA0165601747
B1247464200610N00136680EA0165701749
B1247474200608N00136672EA0165801750
B1247484200606N00136666EA0166001752
B1247494200603N00136662EA0166101754
B1247504200599N00136660EA0166301755
B1247514200596N00136659EA0166601757
B1247524200594N00136660EA0166601759
B1247534200592N00136662EA0166801761
B1247544200590N00136665EA0166901762
B1247554200589N00136669EA0166901763
B1247564200587N00136673EA0167001763
B1247574200587N00136678EA0167101765
B1247584200588N00136684EA0167301767
B1247594200591N00136690EA0167401769
B1248004200594N00136695EA0167601770
B1248014200599N00136699EA0167801772
B1248024200605N00136701EA0167901773
B1248034200612N00136701EA0167901774
B1248044200619N00136699EA0168201775
B1248054200625N00136696EA0168401778
B1248064200631N00136691EA0168501780
B1248074200636N00136686EA0168601781
B1248084200642N00136679EA0168701782
B1248094200646N00136672EA0168701782
B1248104200650N00136663EA0168701783
B1248114200651N00136654EA0168701782
B1248124200649N00136647EA0168701782
B1248134200645N00136642EA0168801782
B1248144200641N00136641EA0168801782
B1248154200637N00136642EA0169001783
B1248164200634N00136644EA0169301786
B1248174200632N00136647EA0169501789
B1248184200631N00136649EA0169701791
B1248194200629N00136652EA0169801793
B1248204200626N00136654EA0169901794
B1248214200625N00136657EA0170001794
B1248224200625N00136661EA0170001795
B1248234200626N00136666EA0170001795
B1248244200630N00136672EA0169901795
B1248254200635N00136677EA0169901794
B1248264200642N00136681EA0169901794
B1248274200649N00136682EA0170001794
B1248284200657N00136682EA0170001795
B1248294200664N00136680EA0170201797
B1248304200671N00136676EA0170301799
B1248314200677N00136670EA0170301799
B1248324200684N00136664EA0170501800
B1248334200690N00136657EA0170601801
B1248344200693N00136649EA0170601802
B1248354200694N00136641EA0170601801
B1248364200692N00136634EA0170601801
B1248374200690N00136629EA0170701803
B1248384200687N00136625EA0170901806
B1248394200685N00136623EA0171201809
B1248404200683N00136623EA0171201810
B1248414200680N00136623EA0171201811
B1248424200678N00136623EA0171301811
B1248434200675N00136624EA0171201810
B1248444200673N00136626EA0171201810
B1248454200671N00136629EA0171201810
B1248464200669N00136633EA0171101809
B1248474200668N00136637EA0171101809
B1248484200667N00136641EA0171101809
B1248494200665N00136645EA0171201810
B1248504200663N00136648EA0171301811
B1248514200661N00136649EA0171301812
B1248524200658N00136651EA0171401812
B1248534200655N00136653EA0171401812
B1248544200652N00136655EA0171301812
B1248554200650N00136657EA0171201811
B1248564200648N00136661EA0171001809
B1248574200645N00136666EA0170801807
B1248584200644N00136671EA0170701805
B1248594200642N00136678EA0170601804
B1249004200642N00136684EA0170701804
B1249014200641N00136690EA0170901807
B1249024200641N00136694EA0171201810
B1249034200641N00136697EA0171401812
B1249044200641N00136699EA0171501814
B1249054200640N00136702EA0171601815
B1249064200638N00136706EA0171601815
B1249074200635N00136709EA0171601815
B1249084200631N00136712EA0171601814
B1249094200627N00136714EA0171701814
B1249104200623N00136717EA0171701815
B1249114200619N00136718EA0171901817
B1249124200616N00136720EA0172001818
B1249134200612N00136721EA0172101819
B1249144200609N00136723EA0172201819
B1249154200605N00136724EA0172201819
B1249164200601N00136725EA0172101819
B1249174200596N00136726EA0172201819
B1249184200592N00136727EA0172101819
B1249194200588N00136730EA0172101818
B1249204200584N00136734EA0172101818
B1249214200580N00136737EA0172101818
B1249224200577N00136739EA0172201818
B1249234200574N00136740EA0172101819
B1249244200571N00136741EA0172001818
B1249254200567N00136742EA0171801816
B1249264200563N00136744EA0171601815
B1249274200559N00136746EA0171501813
B1249284200555N00136749EA0171301812
B1249294200553N00136753EA0171301811
B1249304200552N00136757EA0171301811
B1249314200551N00136762EA0171201809
B1249324200551N00136768EA0171001808
B1249334200550N00136774EA0170901806
B1249344200550N00136780EA0170801804
B1249354200549N00136786EA0170601803
B1249364200549N00136793EA0170501801
B1249374200549N00136801EA0170401798
B1249384200549N00136809EA0170301797
B1249394200549N00136817EA0170301798
B1249404200549N00136825EA0170301799
B1249414200548N00136831EA0170401799
B1249424200548N00136838EA0170401800
B1249434200547N00136846EA0170401799
B1249444200546N00136855EA0170301798
B1249454200545N00136864EA0170201797
B1249464200543N00136873EA0170201796
B1249474200541N00136880EA0170301797
B1249484200539N00136887EA0170501800
B1249494200535N00136891EA0170901803
B1249504200531N00136895EA0171301807
B1249514200528N00136898EA0171601811
B1249524200525N00136901EA0171901814
B1249534200521N00136904EA0172301818
B1249544200517N00136906EA0172401820
B1249554200513N00136906EA0172601822
B1249564200508N00136905EA0172801824
B1249574200503N00136903EA0172901825
B1249584200500N00136898EA0173201827
B1249594200498N00136892EA0173301829
B1250004200499N00136885EA0173401830
B1250014200502N00136878EA0173401830
B1250024200509N00136873EA0173501830
B1250034200516N00136873EA0173501831
B1250044200522N00136877EA0173701832
B1250054200526N00136883EA0174001835
B1250064200528N00136890EA0174101837
B1250074200528N00136896EA0174501841
B1250084200526N00136902EA0174701843
B1250094200523N00136906EA0174901845
B1250104200518N00136909EA0175001846
B1250114200513N00136909EA0175201848
B1250124200509N00136906EA0175301850
B1250134200506N00136901EA0175501852
B1250144200504N00136895EA0175701853
B1250154200505N00136887EA0175801855
B1250164200508N00136880EA0175801856
B1250174200512N00136875EA0175901857
B1250184200519N00136872EA0176001858
B1250194200525N00136871EA0176201859
B1250204200531N00136874EA0176401861
B1250214200536N00136878EA0176501862
B1250224200540N00136884EA0176701865
B1250234200543N00136889EA0176901868
B1250244200545N00136894EA0177201870
B1250254200547N00136899EA0177401873
B1250264200547N00136906EA0177501874
B1250274200546N00136914EA0177401873
B1250284200545N00136920EA0177301873
B1250294200545N00136926EA0177601874
B1250304200545N00136931EA0177801877
B1250314200544N00136935EA0177901879
B1250324200543N00136938EA0178201881
B1250334200541N00136942EA0178301882
B1250344200539N00136945EA0178501884
B1250354200537N00136947EA0178701886
B1250364200535N00136948EA0178801887
B1250374200533N00136950EA0178801887
B1250384200530N00136952EA0178701886
B1250394200528N00136956EA0178501886
B1250404200526N00136960EA0178401884
B1250414200524N00136966EA0178201883
B1250424200524N00136972EA0178101881
B1250434200523N00136978EA0178001881
B1250444200522N00136984EA0178001881
B1250454200522N00136990EA0178101881
B1250464200520N00136995EA0178001879
B1250474200519N00137002EA0177801877
B1250484200518N00137009EA0177601875
B1250494200517N00137015EA0177401873
B1250504200518N00137023EA0177201871
B1250514200519N00137030EA0177101869
B1250524200519N00137038EA0176801867
B1250534200520N00137045EA0176601865
B1250544200520N00137053EA0176501863
B1250554200521N00137061EA0176401861
B1250564200522N00137068EA0176101860
B1250574200522N00137075EA0175901859
B1250584200523N00137082EA0175701857
B1250594200523N00137090EA0175501854
B1251004200524N00137098EA0175201851
B1251014200524N00137106EA0175001848
B1251024200524N00137114EA0174701846
B1251034200524N00137121EA0174601844
B1251044200524N00137128EA0174401843
B1251054200524N00137136EA0174301841
B1251064200524N00137144EA0174101839
B1251074200525N00137152EA0173801836
B1251084200525N00137162EA0173601833
B1251094200525N00137171EA0173301831
B1251104200526N00137180EA0173301830
B1251114200527N00137189EA0173201829
B1251124200528N00137198EA0173101828
B1251134200528N00137208EA0173001827
B1251144200528N00137217EA0172901826
B1251154200528N00137227EA0172801825
B1251164200528N00137236EA0172901824
B1251174200529N00137244EA0172801825
B1251184200530N00137252EA0172801826
B1251194200530N00137260EA0172901825
B1251204200531N00137268EA0172601824
B1251214200532N00137278EA0172601822
B1251224200533N00137288EA0172601820
B1251234200535N00137297EA0172501821
B1251244200536N00137305EA0172601822
B1251254200538N00137313EA0172701824
B1251264200539N00137321EA0172701824
B1251274200542N00137330EA0172601823
B1251284200544N00137339EA0172501822
B1251294200546N00137348EA0172501820
B1251304200548N00137358EA0172401820
B1251314200551N00137368EA0172401820
B1251324200553N00137376EA0172501822
B1251334200555N00137384EA0172401822
B1251344200557N00137392EA0172401821
B1251354200559N00137401EA0172301820
B1251364200561N00137411EA0172301818
B1251374200565N00137420EA0172301818
B1251384200569N00137428EA0172401819
B1251394200573N00137435EA0172501821
B1251404200576N00137442EA0172501822
B1251414200579N00137449EA0172401822
B1251424200582N00137458EA0172401820
B1251434200586N00137467EA0172401820
B1251444200590N00137475EA0172601821
B1251454200593N00137481EA0172801824
B1251464200596N00137486EA0173001828
B1251474200599N00137491EA0173201830
B1251484200601N00137496EA0173201831
B1251494200604N00137502EA0173101829
B1251504200607N00137510EA0173101828
B1251514200610N00137517EA0173301829
B1251524200613N00137524EA0173401831
B1251534200616N00137529EA0173501833
B1251544200618N00137535EA0173601835
B1251554200621N00137541EA0173501835
B1251564200624N00137549EA0173401833
B1251574200628N00137557EA0173401833
B1251584200632N00137565EA0173501834
B1251594200635N00137571EA0173701836
B1252004200639N00137578EA0173901838
B1252014200642N00137584EA0174001839
B1252024200646N00137592EA0174001839
B1252034200649N00137600EA0174101839
B1252044200652N00137609EA0174201839
B1252054200655N00137618EA0174401841
B1252064200658N00137625EA0174701845
B1252074200662N00137631EA0175001848
B1252084200665N00137637EA0175301851
B1252094200668N00137643EA0175401854
B1252104200670N00137650EA0175601855
B1252114200673N00137657EA0175701856
B1252124200676N00137665EA0175901858
B1252134200679N00137672EA0176101860
B1252144200682N00137678EA0176201861
B1252154200687N00137685EA0176401863
B1252164200693N00137692EA0176501864
B1252174200699N00137699EA0176601866
B1252184200705N00137704EA0176801868
B1252194200712N00137708EA0177101871
B1252204200719N00137712EA0177301873
B1252214200726N00137716EA0177501874
B1252224200735N00137717EA0177701876
B1252234200742N00137716EA0177901879
B1252244200749N00137713EA0178201881
B1252254200755N00137709EA0178301884
B1252264200760N00137703EA0178401885
B1252274200765N00137697EA0178601886
B1252284200768N00137689EA0178701887
B1252294200770N00137680EA0178801888
B1252304200769N00137673EA0178801889
B1252314200768N00137668EA0178901890
B1252324200765N00137664EA0179001891
B1252334200763N00137661EA0179201893
B1252344200761N00137660EA0179501896
B1252354200759N00137660EA0179801899
B1252364200758N00137661EA0180001901
B1252374200756N00137662EA0180101903
B1252384200754N00137663EA0180301904
B1252394200752N00137663EA0180301905
B1252404200751N00137664EA0180501906
B1252414200750N00137666EA0180701908
B1252424200749N00137668EA0180801909
B1252434200748N00137672EA0180901911
B1252444200748N00137675EA0181101913
B1252454200748N00137679EA0181101914
B1252464200748N00137684EA0181301915
B1252474200749N00137691EA0181301916
B1252484200751N00137698EA0181401917
B1252494200755N00137705EA0181501918
B1252504200760N00137710EA0181601920
B1252514200766N00137714EA0181701921
B1252524200773N00137716EA0181601921
B1252534200782N00137716EA0181601920
B1252544200790N00137712EA0181501919
B1252554200796N00137705EA0181501919
B1252564200800N00137697EA0181601918
B1252574200802N00137689EA0181601919
B1252584200803N00137682EA0181701921
B1252594200803N00137677EA0181901924
B1253004200803N00137672EA0182101925
B1253014200801N00137668EA0182101925
B1253024200799N00137665EA0182201926
B1253034200796N00137664EA0182301926
B1253044200793N00137663EA0182401927
B1253054200790N00137663EA0182501928
B1253064200788N00137662EA0182701930
B1253074200786N00137661EA0183001933
B1253084200785N00137661EA0183101935
B1253094200783N00137662EA0183201935
B1253104200781N00137664EA0183301935
B1253114200778N00137667EA0183401936
B1253124200776N00137670EA0183601938
B1253134200774N00137674EA0183801940
B1253144200772N00137677EA0184001942
B1253154200770N00137680EA0184201945
B1253164200768N00137684EA0184301946
B1253174200766N00137689EA0184301947
B1253184200763N00137694EA0184401947
B1253194200761N00137698EA0184501947
B1253204200759N00137702EA0184701950
B1253214200758N00137706EA0184901952
B1253224200757N00137710EA0185001954
B1253234200756N00137715EA0185101955
B1253244200755N00137721EA0185201956
B1253254200754N00137727EA0185301957
B1253264200752N00137732EA0185501958
B1253274200751N00137737EA0185701961
B1253284200750N00137743EA0185901963
B1253294200749N00137748EA0186001966
B1253304200748N00137754EA0186301967
B1253314200748N00137761EA0186401969
B1253324200748N00137767EA0186601971
B1253334200749N00137774EA0186801973
B1253344200750N00137781EA0187101976
B1253354200752N00137788EA0187301978
B1253364200754N00137795EA0187501981
B1253374200758N00137802EA0187701982
B1253384200763N00137809EA0187901984
B1253394200768N00137815EA0188101987
B1253404200775N00137819EA0188401990
B1253414200782N00137821EA0188601993
B1253424200789N00137821EA0188801994
B1253434200796N00137819EA0189001996
B1253444200803N00137816EA0189101997
B1253454200808N00137810EA0189201999
B1253464200813N00137804EA0189402001
B1253474200815N00137798EA0189602003
B1253484200816N00137792EA0189802004
B1253494200816N00137787EA0189802006
B1253504200814N00137782EA0189902007
B1253514200810N00137780EA0189902007
B1253524200806N00137781EA0190002007
B1253534200802N00137785EA0190202009
B1253544200800N00137791EA0190402012
B1253554200800N00137798EA0190702015
B1253564200801N00137806EA0190902017
B1253574200804N00137813EA0191102020
B1253584200807N00137821EA0191302021
B1253594200812N00137828EA0191402022
B1254004200819N00137833EA0191602024
B1254014200827N00137835EA0191602025
B1254024200834N00137835EA0191702025
B1254034200842N00137834EA0191802026
B1254044200849N00137831EA0191902028
B1254054200854N00137827EA0192102030
B1254064200859N00137822EA0192202032
B1254074200862N00137817EA0192302033
B1254084200864N00137812EA0192302033
B1254094200866N00137806EA0192102033
B1254104200865N00137800EA0192102032
B1254114200862N00137796EA0192002030
B1254124200857N00137794EA0191902029
B1254134200854N00137793EA0192102029
B1254144200850N00137794EA0192102031
B1254154200848N00137796EA0192402034
B1254164200846N00137799EA0192402034
B1254174200843N00137803EA0192502034
B1254184200840N00137808EA0192602034
B1254194200838N00137813EA0192702035
B1254204200836N00137819EA0192802036
B1254214200835N00137826EA0192902038
B1254224200836N00137832EA0192902039
B1254234200837N00137838EA0193002039
B1254244200838N00137845EA0192902039
B1254254200841N00137853EA0192902038
B1254264200846N00137861EA0192902037
B1254274200852N00137869EA0192902037
B1254284200859N00137875EA0192902037
B1254294200865N00137880EA0193002040
B1254304200871N00137885EA0193202042
B1254314200877N00137889EA0193302043
B1254324200884N00137893EA0193302043
B1254334200891N00137897EA0193302043
B1254344200898N00137902EA0193302042
B1254354200906N00137906EA0193302043
B1254364200914N00137911EA0193402043
B1254374200921N00137916EA0193502045
B1254384200927N00137922EA0193502045
B1254394200932N00137928EA0193602045
B1254404200938N00137935EA0193302044
B1254414200943N00137942EA0193202042
B1254424200949N00137951EA0192902039
B1254434200954N00137960EA0192702036
B1254444200960N00137968EA0192602034
B1254454200966N00137975EA0192702034
B1254464200972N00137980EA0192902037
B1254474200977N00137985EA0193002039
B1254484200982N00137991EA0193002040
B1254494200987N00137997EA0193002040
B1254504200992N00138004EA0192902038
B1254514200997N00138011EA0192802037
B1254524201002N00138017EA0192902037
B1254534201008N00138024EA0193002038
B1254544201013N00138030EA0193102040
B1254554201018N00138036EA0193402042
B1254564201023N00138039EA0193602045
B1254574201028N00138041EA0193802047
B1254584201035N00138042EA0193902048
B1254594201041N00138042EA0194202050
B1255004201046N00138041EA0194502053
B1255014201051N00138038EA0194802057
B1255024201054N00138034EA0195102060
B1255034201055N00138028EA0195302063
B1255044201055N00138022EA0195502065
B1255054201054N00138017EA0195702067
B1255064201051N00138012EA0195902070
B1255074201048N00138010EA0196102073
B1255084201043N00138012EA0196202074
B1255094201038N00138017EA0196302074
B1255104201035N00138024EA0196502075
B1255114201034N00138031EA0196902079
B1255124201035N00138037EA0197102083
B1255134201037N00138043EA0197302086
B1255144201040N00138049EA0197402087
B1255154201044N00138054EA0197502088
B1255164201051N00138057EA0197702089
B1255174201057N00138055EA0197702090
B1255184201062N00138049EA0197902091
B1255194201064N00138043EA0198202095
B1255204201064N00138036EA0198502097
B1255214201062N00138031EA0198702100
B1255224201058N00138028EA0198902102
B1255234201053N00138027EA0199102104
B1255244201048N00138029EA0199302105
B1255254201045N00138034EA0199502107
B1255264201044N00138042EA0199702109
B1255274201045N00138050EA0199802111
B1255284201049N00138058EA0199902112
B1255294201054N00138064EA0200202115
B1255304201059N00138068EA0200402118
B1255314201065N00138069EA0200602121
B1255324201071N00138067EA0200802123
B1255334201076N00138063EA0201002124
B1255344201078N00138056EA0201202126
B1255354201077N00138049EA0201402128
B1255364201073N00138044EA0201702131
B1255374201068N00138042EA0201902133
B1255384201063N00138043EA0202102135
B1255394201059N00138048EA0202402138
B1255404201056N00138054EA0202602141
B1255414201056N00138061EA0202802144
B1255424201058N00138069EA0203002145
B1255434201062N00138076EA0203202147
B1255444201067N00138080EA0203402150
B1255454201073N00138083EA0203702152
B1255464201079N00138082EA0203802154
B1255474201084N00138078EA0204002156
B1255484201088N00138072EA0204202157
B1255494201089N00138065EA0204302159
B1255504201087N00138059EA0204602161
B1255514201083N00138055EA0204802164
B1255524201078N00138054EA0204902166
B1255534201072N00138056EA0205202168
B1255544201067N00138059EA0205602171
B1255554201064N00138065EA0205702175
B1255564201064N00138072EA0206002178
B1255574201065N00138080EA0206202179
B1255584201067N00138088EA0206402180
B1255594201071N00138096EA0206602183
B1256004201077N00138100EA0206802186
B1256014201084N00138102EA0207002188
B1256024201090N00138102EA0207102189
B1256034201096N00138098EA0207302192
B1256044201100N00138092EA0207702195
B1256054201101N00138086EA0207902197
B1256064201098N00138080EA0208002199
B1256074201094N00138075EA0208202201
B1256084201089N00138073EA0208502204
B1256094201085N00138075EA0208602206
B1256104201080N00138079EA0208902208
B1256114201077N00138087EA0209002210
B1256124201077N00138095EA0209202211
B1256134201080N00138102EA0209302213
B1256144201085N00138107EA0209402215
B1256154201092N00138110EA0209502216
B1256164201098N00138110EA0209502218
B1256174201105N00138108EA0209702218
B1256184201110N00138104EA0209902220
B1256194201114N00138097EA0210202222
B1256204201115N00138090EA0210402225
B1256214201114N00138084EA0210602227
B1256224201111N00138079EA0210802230
B1256234201107N00138076EA0211102232
B1256244201101N00138077EA0211202233
B1256254201096N00138081EA0211402235
B1256264201093N00138088EA0211602236
B1256274201092N00138096EA0211702239
B1256284201094N00138103EA0211902241
B1256294201098N00138109EA0212102243
B1256304201103N00138113EA0212202244
B1256314201109N00138115EA0212202245
B1256324201115N00138115EA0212302246
B1256334201121N00138112EA0212402246
B1256344201125N00138107EA0212502247
B1256354201126N00138100EA0212602248
B1256364201125N00138094EA0212702249
B1256374201123N00138088EA0212802251
B1256384201118N00138086EA0212902252
B1256394201113N00138087EA0213002253
B1256404201109N00138092EA0213102254
B1256414201107N00138099EA0213202256
B1256424201107N00138106EA0213402257
B1256434201109N00138113EA0213602259
B1256444201112N00138119EA0213702261
B1256454201117N00138124EA0213702262
B1256464201122N00138127EA0213802263
B1256474201129N00138129EA0213802262
B1256484201136N00138128EA0213802262
B1256494201142N00138125EA0214002263
B1256504201146N00138120EA0214102265
B1256514201149N00138114EA0214302268
B1256524201150N00138108EA0214402269
B1256534201149N00138102EA0214502270
B1256544201147N00138097EA0214602271
B1256554201143N00138094EA0214602271
B1256564201138N00138095EA0214602271
B1256574201133N00138098EA0214602271
B1256584201129N00138103EA0214902274
B1256594201128N00138109EA0215202277
B1257004201129N00138116EA0215302279
B1257014201132N00138124EA0215302280
B1257024201135N00138131EA0215402280
B1257034201137N00138138EA0215502281
B1257044201140N00138146EA0215502281
B1257054201143N00138154EA0215602282
B1257064201147N00138162EA0215602282
B1257074201151N00138170EA0215702282
B1257084201155N00138179EA0215902283
B1257094201158N00138187EA0216002284
B1257104201161N00138195EA0216302286
B1257114201165N00138202EA0216502289
B1257124201168N00138209EA0216602292
B1257134201172N00138216EA0216902294
B1257144201176N00138224EA0217002294
B1257154201179N00138233EA0216902295
B1257164201181N00138243EA0217202295
B1257174201183N00138253EA0217402297
B1257184201185N00138262EA0217802301
B1257194201188N00138269EA0218202306
B1257204201191N00138276EA0218602310
B1257214201194N00138282EA0219002315
B1257224201197N00138290EA0219202317
B1257234201199N00138298EA0219402319
B1257244201201N00138307EA0219402320
B1257254201203N00138316EA0219802322
B1257264201205N00138325EA0220002324
B1257274201206N00138333EA0220202327
B1257284201206N00138341EA0220602330
B1257294201206N00138348EA0220702333
B1257304201206N00138356EA0220902334
B1257314201204N00138363EA0221102336
B1257324201203N00138371EA0221202337
B1257334201201N00138378EA0221302338
B1257344201199N00138384EA0221502340
B1257354201197N00138391EA0221702342
B1257364201196N00138397EA0221802344
B1257374201196N00138405EA0221902345
B1257384201196N00138413EA0221902345
B1257394201196N00138422EA0221902345
B1257404201196N00138431EA0221802344
B1257414201195N00138440EA0221802345
B1257424201195N00138449EA0221902345
B1257434201196N00138457EA0221902346
B1257444201196N00138466EA0221902346
B1257454201196N00138475EA0221902346
B1257464201197N00138484EA0221902346
B1257474201197N00138492EA0221902346
B1257484201198N00138501EA0221902345
B1257494201198N00138511EA0221702344
B1257504201199N00138520EA0221602343
B1257514201200N00138529EA0221402341
B1257524201200N00138538EA0221202339
B1257534201202N00138547EA0221002337
B1257544201203N00138556EA0220802334
B1257554201204N00138566EA0220602332
B1257564201206N00138575EA0220502330
B1257574201207N00138584EA0220502330
B1257584201209N00138593EA0220502330
B1257594201211N00138601EA0220502330
B1258004201213N00138609EA0220402330
B1258014201215N00138617EA0220202328
B1258024201217N00138627EA0220002325
B1258034201219N00138637EA0219902324
B1258044201220N00138646EA0220102324
B1258054201221N00138654EA0220202325
B1258064201222N00138661EA0220302327
B1258074201223N00138667EA0220502329
B1258084201223N00138674EA0220502330
B1258094201224N00138682EA0220502329
B1258104201225N00138690EA0220402329
B1258114201226N00138699EA0220302328
B1258124201227N00138707EA0220302328
B1258134201230N00138715EA0220202327
B1258144201232N00138723EA0220202327
B1258154201233N00138731EA0220002326
B1258164201235N00138739EA0219902324
B1258174201236N00138747EA0219802323
B1258184201238N00138756EA0219702322
B1258194201240N00138764EA0219602321
B1258204201241N00138773EA0219702321
B1258214201242N00138781EA0219702321
B1258224201243N00138788EA0219802322
B1258234201244N00138795EA0219702322
B1258244201245N00138802EA0219602321
B1258254201246N00138810EA0219502320
B1258264201248N00138817EA0219302318
B1258274201250N00138825EA0219302317
B1258284201252N00138831EA0219202317
B1258294201253N00138838EA0219102316
B1258304201255N00138845EA0219002315
B1258314201256N00138852EA0218802313
B1258324201258N00138858EA0218602311
B1258334201261N00138864EA0218402309
B1258344201262N00138870EA0218102307
B1258354201263N00138876EA0217602303
B1258364201264N00138883EA0217202299
B1258374201266N00138890EA0216602293
B1258384201268N00138899EA0216102286
B1258394201270N00138909EA0215602279
B1258404201273N00138918EA0215202275
B1258414201275N00138926EA0214802271
B1258424201278N00138934EA0214502268
B1258434201281N00138940EA0214202265
B1258444201285N00138948EA0214002262
B1258454201289N00138955EA0213802259
B1258464201293N00138962EA0213702257
B1258474201296N00138969EA0213502256
B1258484201299N00138977EA0213302255
B1258494201302N00138984EA0213102253
B1258504201305N00138991EA0212802250
B1258514201309N00138999EA0212502247
B1258524201313N00139007EA0212202243
B1258534201317N00139016EA0212002241
B1258544201320N00139024EA0211702238
B1258554201323N00139032EA0211502236
B1258564201327N00139040EA0211302234
B1258574201331N00139047EA0211102232
B1258584201335N00139056EA0210802229
B1258594201339N00139064EA0210502226
B1259004201342N00139072EA0210402224
B1259014201345N00139079EA0210102222
B1259024201348N00139086EA0210102221
B1259034201352N00139093EA0209802218
B1259044201355N00139101EA0209402215
B1259054201360N00139108EA0209002211
B1259064201364N00139116EA0208602207
B1259074201367N00139124EA0208302203
B1259084201371N00139132EA0207902199
B1259094201375N00139140EA0207502196
B1259104201379N00139148EA0207002191
B1259114201383N00139156EA0206702186
B1259124201387N00139164EA0206302182
B1259134201391N00139172EA0205902179
B1259144201395N00139179EA0205502175
B1259154201399N00139186EA0205202171
B1259164201404N00139193EA0204802167
B1259174201409N00139200EA0204402163
B1259184201414N00139207EA0204002158
B1259194201419N00139214EA0203602154
B1259204201423N00139221EA0203202150
B1259214201428N00139229EA0202802146
B1259224201432N00139236EA0202302141
B1259234201437N00139245EA0201902136
B1259244201441N00139253EA0201402131
B1259254201446N00139261EA0201102128
B1259264201450N00139269EA0200702124
B1259274201454N00139276EA0200302121
B1259284201457N00139284EA0200002116
B1259294201461N00139292EA0199602112
B1259304201465N00139302EA0199202107
B1259314201469N00139312EA0198802102
B1259324201472N00139321EA0198502099
B1259334201476N00139329EA0198202097
B1259344201481N00139337EA0197802093
B1259354201485N00139344EA0197402089
B1259364201490N00139353EA0197002084
B1259374201493N00139363EA0196702080
B1259384201496N00139373EA0196302076
B1259394201500N00139383EA0195902072
B1259404201503N00139393EA0195702069
B1259414201508N00139403EA0195302066
B1259424201512N00139412EA0195102063
B1259434201516N00139421EA0194702059
B1259444201520N00139431EA0194402056
B1259454201523N00139441EA0194102052
B1259464201527N00139451EA0193702048
B1259474201530N00139460EA0193402045
B1259484201533N00139468EA0193102043
B1259494201537N00139476EA0192802039
B1259504201540N00139484EA0192302035
B1259514201544N00139492EA0191802029
B1259524201548N00139502EA0191302023
B1259534201551N00139512EA0190702017
B1259544201555N00139521EA0190202012
B1259554201560N00139530EA0189802007
B1259564201564N00139539EA0189302003
B1259574201568N00139548EA0188901999
B1259584201572N00139558EA0188601994
B1259594201577N00139568EA0188101990
B1300004201580N00139577EA0187801986
B1300014201584N00139587EA0187401982
B1300024201586N00139596EA0187101978
B1300034201589N00139605EA0186601974
B1300044201592N00139614EA0186001968
B1300054201594N00139622EA0185601962
B1300064201597N00139631EA0185001957
B1300074201599N00139641EA0184401951
B1300084201601N00139650EA0183701944
B1300094201603N00139660EA0183101937
B1300104201605N00139670EA0182601931
B1300114201607N00139679EA0182101926
B1300124201610N00139688EA0181801922
B1300134201612N00139696EA0181401918
B1300144201614N00139704EA0181101914
B1300154201615N00139713EA0180601910
B1300164201617N00139722EA0180201905
B1300174201619N00139731EA0179801900
B1300184201622N00139739EA0179301896
B1300194201625N00139748EA0178901892
B1300204201626N00139758EA0178501887
B1300214201627N00139767EA0178101883
B1300224201629N00139776EA0177701879
B1300234201631N00139785EA0177301875
B1300244201634N00139793EA0176901871
B1300254201637N00139802EA0176601866
B1300264201639N00139811EA0176101862
B1300274201642N00139820EA0175701857
B1300284201644N00139829EA0175301853
B1300294201647N00139838EA0174901849
B1300304201650N00139846EA0174501845
B1300314201653N00139854EA0174101840
B1300324201656N00139863EA0173601836
B1300334201659N00139873EA0173201831
B1300344201661N00139882EA0172901827
B1300354201663N00139891EA0172501823
B1300364201665N00139899EA0172101820
B1300374201667N00139907EA0171701815
B1300384201668N00139915EA0171201811
B1300394201670N00139924EA0170701805
B1300404201672N00139933EA0170201799
B1300414201674N00139942EA0169701794
B1300424201675N00139951EA0169301789
B1300434201676N00139960EA0168801785
B1300444201678N00139969EA0168401780
B1300454201680N00139979EA0168101776
B1300464201681N00139989EA0167801772
B1300474201683N00139998EA0167301769
B1300484201683N00140007EA0167101766
B1300494201684N00140016EA0166901764
B1300504201686N00140025EA0166601761
B1300514201687N00140033EA0166401758
B1300524201688N00140041EA0166101755
B1300534201689N00140049EA0165801752
B1300544201689N00140056EA0165501749
B1300554201689N00140064EA0165201745
B1300564201690N00140072EA0164801741
B1300574201691N00140081EA0164501736
B1300584201692N00140089EA0164201733
B1300594201693N00140097EA0163701730
B1301004201695N00140106EA0163501727
B1301014201697N00140115EA0163101723
B1301024201699N00140125EA0162801718
B1301034201701N00140135EA0162501715
B1301044201703N00140144EA0162301714
B1301054201706N00140152EA0162201713
B1301064201708N00140161EA0162001710
B1301074201711N00140171EA0161701707
B1301084201713N00140180EA0161401705
B1301094201715N00140190EA0161301702
B1301104201717N00140200EA0161201701
B1301114201719N00140208EA0161101700
B1301124201721N00140217EA0161101700
B1301134201723N00140225EA0160801698
B1301144201725N00140234EA0160601696
B1301154201726N00140243EA0160401694
B1301164201728N00140252EA0160201691
B1301174201730N00140261EA0159901689
B1301184201732N00140271EA0159901687
B1301194201735N00140280EA0159701686
B1301204201737N00140288EA0159701685
B1301214201739N00140296EA0159501684
B1301224201741N00140304EA0159201682
B1301234201743N00140314EA0159101679
B1301244201745N00140324EA0158901676
B1301254201748N00140335EA0158701674
B1301264201752N00140346EA0158701673
B1301274201755N00140356EA0158701674
B1301284201758N00140365EA0158601674
B1301294201761N00140375EA0158601673
B1301304201763N00140385EA0158301671
B1301314201765N00140396EA0158001668
B1301324201767N00140407EA0158001666
B1301334201769N00140417EA0157901666
B1301344201772N00140427EA0157901665
B1301354201775N00140435EA0157801665
B1301364201777N00140444EA0157601664
B1301374201780N00140454EA0157401661
B1301384201782N00140463EA0157101659
B1301394201784N00140473EA0156801656
B1301404201786N00140484EA0156601654
B1301414201787N00140494EA0156501652
B1301424201789N00140504EA0156201650
B1301434201790N00140514EA0156101648
B1301444201792N00140524EA0155901647
B1301454201793N00140533EA0155901646
B1301464201795N00140541EA0155701645
B1301474201796N00140549EA0155601644
B1301484201798N00140558EA0155301642
B1301494201799N00140567EA0155201639
B1301504201800N00140577EA0154801636
B1301514201802N00140587EA0154801633
B1301524201805N00140597EA0154701632
B1301534201807N00140606EA0154601632
B1301544201808N00140614EA0154501631
B1301554201810N00140623EA0154301630
B1301564201810N00140632EA0154101627
B1301574201811N00140642EA0153801624
B1301584201812N00140653EA0153601622
B1301594201813N00140663EA0153501620
B1302004201814N00140672EA0153401620
B1302014201816N00140682EA0153401619
B1302024201816N00140692EA0153201618
B1302034201817N00140702EA0153101617
B1302044201818N00140712EA0153201616
B1302054201819N00140721EA0153101616
B1302064201820N00140730EA0153101616
B1302074201821N00140739EA0153101616
B1302084201822N00140748EA0152901615
B1302094201822N00140757EA0152701613
B1302104201823N00140768EA0152601610
B1302114201824N00140779EA0152401609
B1302124201825N00140789EA0152401608
B1302134201825N00140799EA0152301607
B1302144201826N00140809EA0152101606
B1302154201827N00140820EA0152101605
B1302164201828N00140831EA0152001603
B1302174201829N00140842EA0151901602
B1302184201831N00140853EA0151701601
B1302194201832N00140864EA0151701600
B1302204201834N00140875EA0151601600
B1302214201836N00140886EA0151401598
B1302224201839N00140897EA0151301596
B1302234201841N00140909EA0151201595
B1302244201843N00140920EA0151101595
B1302254201845N00140930EA0151101595
B1302264201847N00140940EA0151101595
B1302274201848N00140951EA0151101594
B1302284201849N00140962EA0150901593
B1302294201849N00140973EA0150701591
B1302304201850N00140984EA0150801590
B1302314201850N00140994EA0150901591
B1302324201851N00141003EA0151201594
B1302334201851N00141011EA0151401597
B1302344201850N00141017EA0151701600
B1302354201849N00141023EA0151901602
B1302364201847N00141028EA0152101604
B1302374201845N00141032EA0152201606
B1302384201842N00141036EA0152501609
B1302394201839N00141039EA0152701612
B1302404201837N00141041EA0153001615
B1302414201836N00141042EA0153201617
B1302424201835N00141044EA0153301619
B1302434201834N00141048EA0153301620
B1302444201834N00141054EA0153301620
B1302454201835N00141062EA0153201619
B1302464201836N00141070EA0153301619
B1302474201839N00141077EA0153401620
B1302484201842N00141085EA0153501621
B1302494201846N00141092EA0153601623
B1302504201849N00141099EA0153801625
B1302514201852N00141105EA0153901625
B1302524201856N00141112EA0153901626
B1302534201861N00141119EA0153801625
B1302544201866N00141126EA0153701623
B1302554201870N00141134EA0153601622
B1302564201874N00141144EA0153501621
B1302574201876N00141153EA0153601620
B1302584201879N00141162EA0153601621
B1302594201882N00141169EA0153701623
B1303004201884N00141176EA0153801624
B1303014201886N00141184EA0153701624
B1303024201886N00141193EA0153601622
B1303034201887N00141204EA0153601620
B1303044201888N00141215EA0153501620
B1303054201889N00141225EA0153701621
B1303064201890N00141233EA0154001624
B1303074201891N00141241EA0154301627
B1303084201892N00141248EA0154401630
B1303094201892N00141256EA0154501631
B1303104201892N00141265EA0154601632
B1303114201893N00141273EA0154601632
B1303124201894N00141283EA0154701633
B1303134201896N00141292EA0154801634
B1303144201897N00141301EA0155001636
B1303154201897N00141310EA0155201638
B1303164201896N00141318EA0155501640
B1303174201896N00141325EA0155701643
B1303184201896N00141333EA0156001646
B1303194201896N00141340EA0156201648
B1303204201895N00141347EA0156301650
B1303214201895N00141353EA0156401651
B1303224201894N00141359EA0156501652
B1303234201894N00141365EA0156601653
B1303244201893N00141372EA0156501653
B1303254201892N00141380EA0156501652
B1303264201891N00141388EA0156501652
B1303274201891N00141396EA0156601652
B1303284201891N00141404EA0156901655
B1303294201892N00141411EA0157201658
B1303304201892N00141417EA0157401661
B1303314201892N00141423EA0157601664
B1303324201891N00141430EA0157901665
B1303334201890N00141438EA0158101667
B1303344201889N00141444EA0158401670
B1303354201889N00141450EA0158901675
B1303364201890N00141455EA0159301680
B1303374201890N00141459EA0159601684
B1303384201890N00141465EA0159901687
B1303394201890N00141470EA0160201690
B1303404201890N00141476EA0160401692
B1303414201891N00141482EA0160601695
B1303424201892N00141487EA0160801697
B1303434201894N00141493EA0160901699
B1303444201897N00141500EA0161101700
B1303454201900N00141505EA0161301702
B1303464201905N00141509EA0161501704
B1303474201911N00141511EA0161701707
B1303484201917N00141512EA0161901709
B1303494201924N00141511EA0162101711
B1303504201931N00141509EA0162401713
B1303514201937N00141506EA0162701716
B1303524201941N00141500EA0163001719
B1303534201944N00141495EA0163201722
B1303544201947N00141488EA0163401724
B1303554201949N00141482EA0163501726
B1303564201950N00141475EA0163701728
B1303574201950N00141468EA0163901731
B1303584201949N00141462EA0164201733
B1303594201947N00141457EA0164401736
B1304004201944N00141453EA0164601738
B1304014201941N00141450EA0164801740
B1304024201937N00141450EA0165001742
B1304034201932N00141450EA0165301744
B1304044201929N00141451EA0165701749
B1304054201927N00141453EA0166101754
B1304064201926N00141457EA0166301757
B1304074201925N00141462EA0166501759
B1304084201925N00141468EA0166701760
B1304094201925N00141474EA0166801762
B1304104201927N00141479EA0167101765
B1304114201930N00141484EA0167201767
B1304124201934N00141489EA0167401769
B1304134201939N00141493EA0167601771
B1304144201944N00141495EA0167901774
B1304154201951N00141496EA0168001776
B1304164201958N00141496EA0168301779
B1304174201964N00141493EA0168501781
B1304184201970N00141488EA0168801783
B1304194201975N00141481EA0169001785
B1304204201978N00141473EA0169201787
B1304214201980N00141464EA0169401790
B1304224201981N00141457EA0169701793
B1304234201980N00141450EA0170201797
B1304244201977N00141446EA0170401800
B1304254201973N00141443EA0170501802
B1304264201969N00141443EA0170901803
B1304274201965N00141445EA0171201806
B1304284201963N00141448EA0171501810
B1304294201962N00141452EA0171701814
B1304304201962N00141457EA0172001816
B1304314201962N00141463EA0172101818
B1304324201964N00141470EA0172301819
B1304334201968N00141476EA0172601822
B1304344201973N00141481EA0172701824
B1304354201979N00141483EA0173001826
B1304364201986N00141483EA0173301829
B1304374201992N00141481EA0173601832
B1304384201998N00141477EA0173801835
B1304394202003N00141472EA0174101838
B1304404202007N00141466EA0174401841
B1304414202010N00141459EA0174601844
B1304424202012N00141452EA0174801846
B1304434202012N00141445EA0175001848
B1304444202010N00141438EA0175201850
B1304454202006N00141434EA0175401852
B1304464202002N00141433EA0175601854
B1304474201998N00141436EA0175901857
B1304484201995N00141442EA0176201860
B1304494201995N00141448EA0176501864
B1304504201996N00141455EA0176701867
B1304514201999N00141461EA0176901869
B1304524202003N00141467EA0177201871
B1304534202009N00141472EA0177401873
B1304544202016N00141473EA0177701876
B1304554202023N00141472EA0178001879
B1304564202029N00141467EA0178401882
B1304574202033N00141462EA0178601886
B1304584202037N00141455EA0178901889
B1304594202038N00141448EA0179201892
B1305004202038N00141442EA0179401895
B1305014202036N00141437EA0179701897
B1305024202033N00141433EA0179901900
B1305034202030N00141431EA0180301903
B1305044202027N00141430EA0180701908
B1305054202024N00141431EA0181101912
B1305064202022N00141433EA0181401915
B1305074202020N00141437EA0181601918
B1305084202018N00141442EA0181801920
B1305094202017N00141449EA0182001922
B1305104202018N00141456EA0182301924
B1305114202021N00141463EA0182501927
B1305124202026N00141468EA0182801930
B1305134202032N00141470EA0183001933
B1305144202038N00141470EA0183201935
B1305154202044N00141467EA0183501938
B1305164202049N00141463EA0183701940
B1305174202054N00141458EA0184001943
B1305184202058N00141452EA0184101945
B1305194202061N00141446EA0184301947
B1305204202063N00141439EA0184501949
B1305214202063N00141431EA0184801951
B1305224202061N00141425EA0185101953
B1305234202058N00141421EA0185401957
B1305244202054N00141420EA0185701961
B1305254202051N00141421EA0186001964
B1305264202048N00141424EA0186201967
B1305274202046N00141428EA0186601970
B1305284202045N00141433EA0186901974
B1305294202045N00141439EA0187101976
B1305304202047N00141445EA0187301979
B1305314202049N00141451EA0187601981
B1305324202053N00141456EA0187801984
B1305334202058N00141459EA0188001987
B1305344202064N00141460EA0188101988
B1305354202070N00141459EA0188201988
B1305364202075N00141454EA0188201989
B1305374202079N00141448EA0188501991
B1305384202081N00141440EA0188701994
B1305394202081N00141433EA0189001996
B1305404202079N00141426EA0189201999
B1305414202076N00141420EA0189502002
B1305424202072N00141418EA0189702005
B1305434202068N00141418EA0190002007
B1305444202065N00141420EA0190202010
B1305454202062N00141424EA0190502013
B1305464202061N00141427EA0190702016
B1305474202059N00141432EA0191002019
B1305484202059N00141437EA0191102021
B1305494202060N00141443EA0191202022
B1305504202062N00141449EA0191302023
B1305514202065N00141455EA0191402023
B1305524202068N00141460EA0191602025
B1305534202071N00141465EA0191802028
B1305544202072N00141469EA0192002030
B1305554202073N00141473EA0192002031
B1305564202075N00141477EA0192102032
B1305574202076N00141483EA0192202032
B1305584202078N00141489EA0192302033
B1305594202080N00141494EA0192402034
B1306004202082N00141500EA0192402035
B1306014202085N00141506EA0192602036
B1306024202087N00141512EA0192702037
B1306034202090N00141517EA0192802038
B1306044202093N00141522EA0192902040
B1306054202095N00141527EA0193102041
B1306064202098N00141532EA0193202042
B1306074202101N00141537EA0193102042
B1306084202104N00141542EA0193102042
B1306094202107N00141547EA0193102042
B1306104202109N00141553EA0193002041
B1306114202111N00141558EA0193002041
B1306124202114N00141564EA0192902040
B1306134202117N00141570EA0192902039
B1306144202120N00141576EA0192902039
B1306154202122N00141582EA0192802039
B1306164202124N00141588EA0192702038
B1306174202127N00141595EA0192702037
B1306184202130N00141601EA0192602036
B1306194202133N00141607EA0192602035
B1306204202136N00141614EA0192602035
B1306214202138N00141620EA0192602035
B1306224202140N00141626EA0192502036
B1306234202142N00141631EA0192502036
B1306244202145N00141636EA0192402035
B1306254202149N00141642EA0192302034
B1306264202152N00141649EA0192302033
B1306274202155N00141655EA0192302032
B1306284202159N00141660EA0192202032
B1306294202162N00141665EA0192002031
B1306304202167N00141671EA0191902030
B1306314202171N00141676EA0191702028
B1306324202176N00141682EA0191602026
B1306334202180N00141687EA0191502025
B1306344202184N00141692EA0191402024
B1306354202188N00141697EA0191302023
B1306364202193N00141701EA0191102022
B1306374202197N00141706EA0191002020
B1306384202201N00141712EA0190902019
B1306394202204N00141719EA0190802018
B1306404202206N00141725EA0190702017
B1306414202207N00141731EA0190602015
B1306424202209N00141738EA0190402014
B1306434202211N00141745EA0190402013
B1306444202213N00141752EA0190302012
B1306454202215N00141758EA0190202011
B1306464202218N00141764EA0190002010
B1306474202221N00141770EA0189802008
B1306484202224N00141776EA0189602005
B1306494202227N00141783EA0189402003
B1306504202231N00141790EA0189302001
B1306514202235N00141797EA0189202000
B1306524202239N00141802EA0189202000
B1306534202243N00141807EA0189202000
B1306544202246N00141813EA0189202000
B1306554202247N00141819EA0189001999
B1306564202249N00141827EA0188901997
B1306574202250N00141834EA0188801995
B1306584202252N00141841EA0188701995
B1306594202254N00141847EA0188701995
B1307004202256N00141852EA0188601994
B1307014202257N00141859EA0188401993
B1307024202259N00141866EA0188301991
B1307034202260N00141873EA0188201989
B1307044202263N00141880EA0188101989
B1307054202265N00141886EA0188201989
B1307064202266N00141892EA0188101988
B1307074202268N00141897EA0188001987
B1307084202270N00141903EA0187801985
B1307094202273N00141909EA0187501983
B1307104202275N00141915EA0187401981
B1307114202277N00141921EA0187201980
B1307124202279N00141927EA0187101978
B1307134202281N00141934EA0187001976
B1307144202284N00141940EA0186701974
B1307154202287N00141946EA0186601972
B1307164202289N00141953EA0186501970
B1307174202292N00141959EA0186301969
B1307184202294N00141964EA0186201967
B1307194202297N00141970EA0185901966
B1307204202300N00141976EA0185801964
B1307214202303N00141982EA0185501961
B1307224202305N00141989EA0185401959
B1307234202308N00141995EA0185201957
B1307244202312N00142000EA0185101956
B1307254202315N00142005EA0184901954
B1307264202319N00142010EA0184701953
B1307274202322N00142016EA0184501951
B1307284202325N00142021EA0184301948
B1307294202329N00142026EA0184201947
B1307304202332N00142032EA0184101945
B1307314202335N00142037EA0184001944
B1307324202338N00142043EA0183901943
B1307334202341N00142049EA0183801942
B1307344202343N00142055EA0183801942
B1307354202346N00142061EA0183701941
B1307364202348N00142067EA0183601941
B1307374202350N00142072EA0183601940
B1307384202353N00142078EA0183501939
B1307394202355N00142085EA0183301937
B1307404202358N00142092EA0183201936
B1307414202361N00142099EA0183101935
B1307424202363N00142105EA0183201935
B1307434202365N00142111EA0183201935
B1307444202367N00142117EA0183101935
B1307454202370N00142123EA0183101935
B1307464202372N00142130EA0182801932
B1307474202375N00142138EA0182701930
B1307484202377N00142146EA0182601929
B1307494202379N00142153EA0182501928
B1307504202380N00142160EA0182501928
B1307514202383N00142166EA0182401927
B1307524202386N00142172EA0182201926
B1307534202389N00142179EA0182201924
B1307544202391N00142185EA0181901922
B1307554202393N00142192EA0181701920
B1307564202395N00142199EA0181601919
B1307574202397N00142206EA0181501918
B1307584202399N00142212EA0181401917
B1307594202401N00142218EA0181301916
B1308004202402N00142225EA0181101915
B1308014202403N00142231EA0180901913
B1308024202404N00142237EA0180801911
B1308034202405N00142243EA0180601909
B1308044202407N00142249EA0180501908
B1308054202409N00142255EA0180301905
B1308064202410N00142262EA0180101903
B1308074202412N00142268EA0180001901
B1308084202414N00142275EA0179901900
B1308094202416N00142280EA0179801899
B1308104202418N00142286EA0179601898
B1308114202420N00142292EA0179401896
B1308124202422N00142298EA0179201894
B1308134202424N00142305EA0178901891
B1308144202426N00142312EA0178901889
B1308154202429N00142319EA0178701887
B1308164202432N00142325EA0178701886
B1308174202434N00142331EA0178501885
B1308184202437N00142337EA0178301884
B1308194202440N00142343EA0178201882
B1308204202443N00142350EA0177901880
B1308214202447N00142357EA0177701877
B1308224202450N00142364EA0177501875
B1308234202454N00142370EA0177501875
B1308244202457N00142376EA0177401874
B1308254202461N00142382EA0177301873
B1308264202465N00142388EA0177001871
B1308274202469N00142394EA0176801869
B1308284202473N00142400EA0176701867
B1308294202476N00142407EA0176501865
B1308304202480N00142413EA0176401863
B1308314202483N00142420EA0176301862
B1308324202486N00142426EA0176201861
B1308334202489N00142432EA0176001860
B1308344202492N00142438EA0175801858
B1308354202495N00142445EA0175601856
B1308364202498N00142452EA0175401854
B1308374202500N00142460EA0175201852
B1308384202503N00142467EA0175101850
B1308394202505N00142474EA0175001849
B1308404202508N00142481EA0174901848
B1308414202510N00142487EA0174801847
B1308424202512N00142494EA0174701846
B1308434202514N00142501EA0174601844
B1308444202516N00142509EA0174501843
B1308454202518N00142517EA0174401842
B1308464202521N00142524EA0174501842
B1308474202524N00142530EA0174501842
B1308484202526N00142536EA0174501842
B1308494202528N00142543EA0174401842
B1308504202530N00142550EA0174401841
B1308514202532N00142556EA0174301840
B1308524202535N00142564EA0174201839
B1308534202538N00142570EA0174201839
B1308544202540N00142576EA0174101839
B1308554202542N00142582EA0174101838
B1308564202545N00142588EA0173901837
B1308574202547N00142595EA0173601835
B1308584202550N00142602EA0173301832
B1308594202553N00142608EA0173201829
B1309004202555N00142615EA0173001827
B1309014202558N00142622EA0172801825
B1309024202562N00142628EA0172601824
B1309034202565N00142634EA0172401822
B1309044202567N00142641EA0172201819
B1309054202569N00142648EA0172101817
B1309064202570N00142656EA0171901815
B1309074202572N00142662EA0171701813
B1309084202574N00142669EA0171601811
B1309094202576N00142675EA0171301809
B1309104202578N00142682EA0171001807
B1309114202580N00142689EA0170801803
B1309124202583N00142697EA0170501800
B1309134202585N00142704EA0170301798
B1309144202588N00142711EA0170101796
B1309154202591N00142717EA0169901794
B1309164202594N00142723EA0169601791
B1309174202598N00142730EA0169201787
B1309184202602N00142738EA0168801783
B1309194202606N00142745EA0168501779
B1309204202610N00142751EA0168201777
B1309214202614N00142758EA0168001775
B1309224202618N00142764EA0167901773
B1309234202622N00142770EA0167701771
B1309244202627N00142777EA0167501769
B1309254202631N00142783EA0167501767
B1309264202635N00142790EA0167301767
B1309274202639N00142796EA0167301766
B1309284202641N00142802EA0167201766
B1309294202644N00142808EA0167001764
B1309304202647N00142814EA0166801762
B1309314202650N00142821EA0166501759
B1309324202653N00142828EA0166201756
B1309334202655N00142836EA0165901753
B1309344202657N00142844EA0165701750
B1309354202658N00142851EA0165501748
B1309364202660N00142859EA0165201746
B1309374202662N00142866EA0165001743
B1309384202664N00142874EA0164801740
B1309394202666N00142882EA0164501737
B1309404202668N00142890EA0164201735
B1309414202670N00142897EA0164001732
B1309424202673N00142905EA0163801730
B1309434202676N00142912EA0163601728
B1309444202678N00142919EA0163501727
B1309454202681N00142927EA0163401725
B1309464202684N00142934EA0163201723
B1309474202687N00142941EA0163001722
B1309484202691N00142948EA0162801720
B1309494202694N00142955EA0162701718
B1309504202698N00142961EA0162501716
B1309514202702N00142969EA0162301714
B1309524202705N00142976EA0162101712
B1309534202708N00142984EA0161901710
B1309544202710N00142991EA0161701708
B1309554202713N00142999EA0161501705
B1309564202716N00143006EA0161201703
B1309574202719N00143014EA0161001700
B1309584202722N00143021EA0160801698
B1309594202725N00143029EA0160501696
B1310004202728N00143036EA0160301693
B1310014202731N00143044EA0160001690
B1310024202734N00143051EA0159701687
B1310034202737N00143058EA0159401685
B1310044202740N00143065EA0159201682
B1310054202744N00143072EA0159001679
B1310064202747N00143080EA0158701677
B1310074202750N00143088EA0158601674
B1310084202754N00143096EA0158401672
B1310094202757N00143104EA0158201670
B1310104202760N00143111EA0158001669
B1310114202762N00143119EA0157901668
B1310124202765N00143126EA0157701667
B1310134202767N00143134EA0157701665
B1310144202770N00143143EA0157501663
B1310154202772N00143151EA0157301661
B1310164202775N00143159EA0157301660
B1310174202779N00143166EA0157201660
B1310184202781N00143172EA0157001659
B1310194202784N00143179EA0156901657
B1310204202787N00143187EA0156601654
B1310214202789N00143195EA0156301650
B1310224202792N00143203EA0156101648
B1310234202795N00143211EA0156001646
B1310244202797N00143219EA0155901645
B1310254202800N00143226EA0155701644
B1310264202802N00143233EA0155501642
B1310274202804N00143241EA0155301639
B1310284202806N00143249EA0155101637
B1310294202808N00143257EA0154901635
B1310304202809N00143264EA0154901634
B1310314202811N00143271EA0154801633
B1310324202812N00143277EA0154701633
B1310334202814N00143284EA0154501631
B1310344202815N00143290EA0154201628
B1310354202817N00143297EA0154001626
B1310364202818N00143303EA0153801623
B1310374202820N00143310EA0153601621
B1310384202823N00143316EA0153401619
B1310394202826N00143321EA0153201617
B1310404202829N00143327EA0153001616
B1310414202832N00143333EA0152801614
B1310424202834N00143339EA0152701613
B1310434202836N00143345EA0152401610
B1310444202838N00143352EA0152201607
B1310454202840N00143359EA0151901604
B1310464202843N00143368EA0151701600
B1310474202845N00143377EA0151401597
B1310484202848N00143385EA0151301595
B1310494202851N00143392EA0151001594
B1310504202854N00143398EA0151001593
B1310514202857N00143405EA0150801591
B1310524202860N00143411EA0150601589
B1310534202863N00143418EA0150201586
B1310544202866N00143425EA0150001583
B1310554202869N00143433EA0149801580
B1310564202873N00143440EA0149601578
B1310574202875N00143446EA0149501577
B1310584202878N00143453EA0149301575
B1310594202880N00143459EA0149001573
B1311004202882N00143466EA0148601569
B1311014202885N00143474EA0148201564
B1311024202888N00143481EA0147901560
B1311034202891N00143489EA0147701558
B1311044202894N00143496EA0147501556
B1311054202896N00143502EA0147301554
B1311064202899N00143508EA0147001551
B1311074202902N00143515EA0146501547
B1311084202905N00143522EA0146001542
B1311094202907N00143531EA0145701537
B1311104202909N00143539EA0145301533
B1311114202912N00143546EA0145001530
B1311124202915N00143553EA0144701527
B1311134202917N00143560EA0144501525
B1311144202919N00143566EA0144301522
B1311154202922N00143573EA0144001519
B1311164202925N00143580EA0143501515
B1311174202928N00143587EA0143101510
B1311184202931N00143594EA0142701506
B1311194202933N00143602EA0142301502
B1311204202936N00143609EA0141901497
B1311214202940N00143616EA0141501493
B1311224202944N00143623EA0141001488
B1311234202947N00143632EA0140501483
B1311244202949N00143640EA0140201479
B1311254202952N00143649EA0139901475
B1311264202956N00143655EA0139601473
B1311274202960N00143662EA0139301470
B1311284202962N00143669EA0138901467
B1311294202965N00143676EA0138601463
B1311304202967N00143685EA0138201458
B1311314202969N00143693EA0137801454
B1311324202973N00143701EA0137501451
B1311334202976N00143709EA0137401449
B1311344202979N00143717EA0137101447
B1311354202982N00143724EA0136901445
B1311364202985N00143732EA0136701442
B1311374202990N00143739EA0136401439
B1311384202994N00143747EA0136101436
B1311394202999N00143755EA0135901433
B1311404203004N00143763EA0135601431
B1311414203008N00143771EA0135501429
B1311424203012N00143779EA0135201427
B1311434203017N00143786EA0135101424
B1311444203021N00143794EA0134801422
B1311454203026N00143803EA0134501419
B1311464203032N00143811EA0134301416
B1311474203037N00143819EA0134201415
B1311484203042N00143826EA0134101413
B1311494203047N00143833EA0134001412
B1311504203053N00143840EA0133801410
B1311514203059N00143848EA0133501408
B1311524203064N00143855EA0133201406
B1311534203069N00143863EA0133001403
B1311544203075N00143871EA0132901401
B1311554203080N00143880EA0132701400
B1311564203085N00143889EA0132601398
B1311574203090N00143897EA0132501397
B1311584203095N00143906EA0132401396
B1311594203101N00143914EA0132201394
B1312004203106N00143923EA0132101392
B1312014203111N00143932EA0131901390
B1312024203116N00143943EA0131801388
B1312034203120N00143953EA0131601387
B1312044203125N00143963EA0131601386
B1312054203130N00143972EA0131501385
B1312064203135N00143981EA0131301384
B1312074203139N00143992EA0131301382
B1312084203144N00144002EA0131101381
B1312094203147N00144011EA0131301384
B1312104203150N00144017EA0131701388
B1312114203153N00144021EA0131701390
B1312124203157N00144026EA0131701389
B1312134203162N00144033EA0131501387
B1312144203168N00144042EA0131301384
B1312154203172N00144051EA0131401384
B1312164203176N00144058EA0131701387
B1312174203179N00144064EA0132101392
B1312184203182N00144069EA0132401395
B1312194203184N00144074EA0132501397
B1312204203186N00144081EA0132501397
B1312214203187N00144089EA0132501396
B1312224203186N00144097EA0132601396
B1312234203184N00144103EA0132601396
B1312244203182N00144107EA0132601397
B1312254203179N00144110EA0132701398
B1312264203176N00144113EA0132701398
B1312274203172N00144114EA0132701398
B1312284203168N00144115EA0132701397
B1312294203164N00144116EA0132701396
B1312304203161N00144115EA0132701396
B1312314203158N00144113EA0132701397
B1312324203157N00144110EA0132701397
B1312334203156N00144106EA0132701397
B1312344203156N00144101EA0132701396
B1312354203157N00144095EA0132701396
B1312364203160N00144090EA0132701397
B1312374203164N00144086EA0132801398
B1312384203169N00144083EA0133001399
B1312394203175N00144082EA0133001400
B1312404203182N00144082EA0133001400
B1312414203189N00144085EA0133101401
B1312424203195N00144091EA0133301402
B1312434203199N00144097EA0133501405
B1312444203201N00144104EA0133601407
B1312454203203N00144111EA0133801408
B1312464203205N00144118EA0133901410
B1312474203206N00144126EA0133901410
B1312484203207N00144134EA0133901410
B1312494203209N00144142EA0133901410
B1312504203210N00144151EA0134001411
B1312514203213N00144158EA0134001411
B1312524203215N00144166EA0134001412
B1312534203218N00144174EA0133901411
B1312544203220N00144183EA0133801410
B1312554203223N00144191EA0133701409
B1312564203226N00144200EA0133701409
B1312574203230N00144209EA0133701409
B1312584203233N00144217EA0133701409
B1312594203236N00144226EA0133801409
B1313004203239N00144234EA0133901411
B1313014203243N00144242EA0134001412
B1313024203245N00144251EA0134201414
B1313034203248N00144259EA0134201415
B1313044203251N00144268EA0134501416
B1313054203253N00144277EA0134601418
B1313064203255N00144286EA0135001420
B1313074203257N00144294EA0135201424
B1313084203259N00144300EA0135501427
B1313094203261N00144305EA0135601429
B1313104203264N00144312EA0135701430
B1313114203266N00144318EA0135601430
B1313124203269N00144326EA0135401429
B1313134203272N00144335EA0135201427
B1313144203275N00144343EA0135101425
B1313154203279N00144351EA0135001424
B1313164203282N00144360EA0135001423
B1313174203285N00144370EA0135001423
B1313184203288N00144379EA0135001423
B1313194203292N00144387EA0135101424
B1313204203295N00144394EA0135101424
B1313214203299N00144402EA0135101425
B1313224203303N00144410EA0135201425
B1313234203307N00144419EA0135301426
B1313244203311N00144427EA0135401427
B1313254203314N00144435EA0135501429
B1313264203317N00144443EA0135501430
B1313274203320N00144450EA0135601431
B1313284203323N00144459EA0135601431
B1313294203327N00144468EA0135501430
B1313304203330N00144477EA0135501429
B1313314203335N00144485EA0135501429
B1313324203339N00144494EA0135501429
B1313334203343N00144502EA0135501430
B1313344203346N00144510EA0135701431
B1313354203348N00144519EA0135801432
B1313364203351N00144527EA0135801433
B1313374203353N00144535EA0135901434
B1313384203356N00144543EA0135901434
B1313394203358N00144553EA0135901434
B1313404203359N00144562EA0136001434
B1313414203359N00144571EA0136101435
B1313424203359N00144580EA0136301437
B1313434203357N00144588EA0136401438
B1313444203355N00144596EA0136501440
B1313454203352N00144602EA0136601441
B1313464203349N00144608EA0136701442
B1313474203346N00144613EA0136701442
B1313484203342N00144618EA0136801443
B1313494203339N00144623EA0136901444
B1313504203335N00144627EA0137001445
B1313514203331N00144629EA0137101446
B1313524203329N00144632EA0137301448
B1313534203326N00144635EA0137501450
B1313544203324N00144639EA0137501452
B1313554203323N00144646EA0137701453
B1313564203322N00144653EA0137801454
B1313574203323N00144659EA0138001456
B1313584203324N00144665EA0138301460
B1313594203325N00144670EA0138601464
B1314004203325N00144675EA0138801466
B1314014203325N00144681EA0139101468
B1314024203325N00144688EA0139301470
B1314034203326N00144694EA0139501472
B1314044203328N00144700EA0139801475
B1314054203331N00144706EA0140101478
B1314064203336N00144711EA0140301481
B1314074203341N00144714EA0140601484
B1314084203347N00144715EA0140901486
B1314094203352N00144713EA0141101489
B1314104203357N00144709EA0141301491
B1314114203360N00144704EA0141401492
B1314124203362N00144697EA0141601494
B1314134203361N00144691EA0141801496
B1314144203358N00144685EA0142001498
B1314154203353N00144682EA0142101499
B1314164203348N00144682EA0142201501
B1314174203344N00144686EA0142401503
B1314184203340N00144691EA0142801505
B1314194203338N00144697EA0143101509
B1314204203336N00144702EA0143401513
B1314214203335N00144707EA0143701518
B1314224203334N00144714EA0144001521
B1314234203334N00144721EA0144301523
B1314244203334N00144729EA0144401524
B1314254203334N00144737EA0144701527
B1314264203333N00144745EA0145001531
B1314274203332N00144751EA0145501535
B1314284203331N00144756EA0145801539
B1314294203332N00144763EA0146001542
B1314304203334N00144769EA0146201544
B1314314203335N00144776EA0146201545
B1314324203336N00144783EA0146501547
B1314334203335N00144790EA0146801550
B1314344203336N00144795EA0147001553
B1314354203337N00144800EA0147301555
B1314364203338N00144805EA0147401558
B1314374203339N00144810EA0147601559
B1314384203340N00144816EA0147701559
B1314394203340N00144822EA0147601559
B1314404203341N00144829EA0147701560
B1314414203342N00144835EA0147801560
B1314424203343N00144841EA0148001562
B1314434203342N00144847EA0148201564
B1314444203341N00144853EA0148401566
B1314454203340N00144858EA0148801568
B1314464203340N00144863EA0149001571
B1314474203339N00144868EA0149101573
B1314484203339N00144874EA0149301575
B1314494203338N00144880EA0149301576
B1314504203337N00144886EA0149501577
B1314514203336N00144892EA0149601578
B1314524203336N00144897EA0149801580
B1314534203335N00144903EA0149901582
B1314544203335N00144909EA0149901583
B1314554203334N00144914EA0150001583
B1314564203332N00144921EA0150001583
B1314574203331N00144928EA0150101583
B1314584203330N00144934EA0150301584
B1314594203330N00144940EA0150301586
B1315004203330N00144944EA0150401587
B1315014203330N00144949EA0150401588
B1315024203330N00144955EA0150201586
B1315034203330N00144962EA0150101584
B1315044203330N00144969EA0150101583
B1315054203330N00144975EA0150201584
B1315064203330N00144980EA0150301585
B1315074203330N00144985EA0150401586
B1315084203330N00144989EA0150201586
B1315094203330N00144995EA0150101584
B1315104203330N00145002EA0149901582
B1315114203331N00145009EA0149701579
B1315124203332N00145015EA0149701578
B1315134203333N00145020EA0149701579
B1315144203334N00145024EA0149601579
B1315154203335N00145028EA0149601579
B1315164203335N00145031EA0149501578
B1315174203335N00145036EA0149101575
B1315184203335N00145042EA0148901571
B1315194203335N00145048EA0148501568
B1315204203334N00145054EA0148401566
B1315214203334N00145060EA0148301565
B1315224203335N00145065EA0148201564
B1315234203336N00145069EA0148201563
B1315244203337N00145073EA0148101563
B1315254203336N00145077EA0147901561
B1315264203336N00145080EA0147701559
B1315274203336N00145083EA0147501557
B1315284203337N00145087EA0147301555
B1315294203338N00145090EA0147001553
B1315304203338N00145093EA0147001551
B1315314203338N00145095EA0146701549
B1315324203338N00145098EA0146501547
B1315334203338N00145101EA0146201544
B1315344203338N00145105EA0146001542
B1315354203338N00145109EA0145801539
B1315364203338N00145113EA0145601537
B1315374203338N00145116EA0145401535
B1315384203340N00145119EA0145201533
B1315394203341N00145122EA0144801530
B1315404203340N00145124EA0144501526
B1315414203340N00145127EA0143901522
B1315424203340N00145131EA0143601517
B1315434203341N00145134EA0143101512
B1315444203341N00145139EA0142701507
B1315454203342N00145144EA0142301502
B1315464203343N00145148EA0142001499
B1315474203344N00145153EA0141801496
B1315484203345N00145158EA0141501492
B1315494203346N00145163EA0141201489
B1315504203346N00145169EA0140901486
B1315514203346N00145175EA0140701483
B1315524203347N00145182EA0140501481
B1315534203347N00145188EA0140501480
B1315544203347N00145193EA0140401480
B1315554203347N00145198EA0140501480
B1315564203348N00145204EA0140401479
B1315574203349N00145210EA0140301478
B1315584203351N00145215EA0140001476
B1315594203352N00145220EA0139901475
B1316004203352N00145226EA0139801473
B1316014203353N00145231EA0139501471
B1316024203355N00145237EA0139301470
B1316034203356N00145243EA0139001467
B1316044203357N00145249EA0138701464
B1316054203359N00145255EA0138501461
B1316064203362N00145262EA0138201458
B1316074203364N00145268EA0137901455
B1316084203366N00145274EA0137701453
B1316094203367N00145281EA0137401450
B1316104203369N00145287EA0137301448
B1316114203370N00145293EA0137101447
B1316124203371N00145299EA0137101445
B1316134203372N00145306EA0137001445
B1316144203373N00145311EA0137001445
B1316154203374N00145317EA0137001445
B1316164203375N00145324EA0137001444
B1316174203375N00145330EA0137101445
B1316184203376N00145335EA0137401449
B1316194203377N00145339EA0137701452
B1316204203378N00145343EA0137901455
B1316214203379N00145347EA0138001456
B1316224203379N00145353EA0138001456
B1316234203380N00145359EA0138001456
B1316244203379N00145365EA0137901456
B1316254203378N00145370EA0138101458
B1316264203377N00145374EA0138301459
B1316274203377N00145378EA0138301461
B1316284203377N00145381EA0138301461
B1316294203378N00145386EA0138101459
B1316304203379N00145392EA0138001456
B1316314203379N00145398EA0137801454
B1316324203380N00145405EA0137801454
B1316334203381N00145411EA0137701454
B1316344203381N00145417EA0137701454
B1316354203381N00145422EA0137701454
B1316364203381N00145429EA0137601453
B1316374203381N00145435EA0137501452
B1316384203381N00145442EA0137401451
B1316394203381N00145448EA0137401450
B1316404203381N00145454EA0137301450
B1316414203381N00145460EA0137201449
B1316424203381N00145467EA0137101448
B1316434203381N00145474EA0136901445
B1316444203382N00145481EA0136801443
B1316454203383N00145487EA0136701443
B1316464203384N00145493EA0136801443
B1316474203385N00145499EA0136701443
B1316484203386N00145506EA0136601441
B1316494203387N00145513EA0136501440
B1316504203388N00145521EA0136501440
B1316514203388N00145528EA0136601441
B1316524203388N00145534EA0136801443
B1316534203389N00145540EA0137001446
B1316544203389N00145545EA0137301449
B1316554203389N00145550EA0137501451
B1316564203388N00145556EA0137501452
B1316574203388N00145562EA0137601453
B1316584203388N00145568EA0137601453
B1316594203389N00145574EA0137601453
B1317004203390N00145579EA0137601454
B1317014203390N00145584EA0137401452
B1317024203390N00145589EA0137301450
B1317034203389N00145595EA0137001447
B1317044203388N00145601EA0136901446
B1317054203386N00145607EA0136801445
B1317064203384N00145612EA0137001446
B1317074203383N00145617EA0137201448
B1317084203381N00145623EA0137401450
B1317094203380N00145629EA0137401450
B1317104203378N00145635EA0137501450
B1317114203377N00145642EA0137601451
B1317124203375N00145648EA0137601452
B1317134203375N00145654EA0137701453
B1317144203374N00145661EA0137601453
B1317154203374N00145667EA0137601453
B1317164203374N00145675EA0137501451
B1317174203375N00145683EA0137201449
B1317184203375N00145691EA0137101447
B1317194203376N00145699EA0137101446
B1317204203376N00145706EA0137001446
B1317214203377N00145712EA0136901446
B1317224203377N00145719EA0136801444
B1317234203377N00145726EA0136501442
B1317244203377N00145733EA0136201439
B1317254203377N00145742EA0136001436
B1317264203377N00145749EA0135901434
B1317274203378N00145755EA0135701433
B1317284203378N00145761EA0135401430
B1317294203378N00145769EA0135101427
B1317304203378N00145778EA0134801423
B1317314203378N00145787EA0134401419
B1317324203379N00145797EA0134201416
B1317334203379N00145806EA0134101416
B1317344203379N00145813EA0134101416
B1317354203380N00145820EA0134201417
B1317364203381N00145826EA0134301417
B1317374203382N00145832EA0134201416
B1317384203382N00145840EA0134101414
B1317394203382N00145848EA0133801411
B1317404203383N00145856EA0133601410
B1317414203384N00145863EA0133601410
B1317424203386N00145870EA0133601410
B1317434203388N00145876EA0133501409
B1317444203390N00145883EA0133401408
B1317454203392N00145891EA0133201406
B1317464203393N00145898EA0133001404
B1317474203395N00145905EA0132801402
B1317484203397N00145911EA0132501399
B1317494203399N00145918EA0132401397
B1317504203400N00145924EA0132101395
B1317514203401N00145931EA0131801392
B1317524203403N00145939EA0131501388
B1317534203405N00145947EA0131101384
B1317544203406N00145955EA0130701381
B1317554203407N00145963EA0130401377
B1317564203408N00145971EA0130101373
B1317574203409N00145980EA0129801370
B1317584203410N00145988EA0129601368
B1317594203412N00145996EA0129601367
B1318004203413N00146004EA0129301365
B1318014203413N00146012EA0129101363
B1318024203413N00146021EA0128901361
B1318034203412N00146029EA0128801359
B1318044203412N00146037EA0128701358
B1318054203412N00146045EA0128801359
B1318064203412N00146052EA0128801360
B1318074203411N00146058EA0128901360
B1318084203410N00146065EA0128701359
B1318094203408N00146072EA0128601357
B1318104203406N00146080EA0128401355
B1318114203404N00146088EA0128401354
B1318124203403N00146095EA0128501355
B1318134203402N00146101EA0128501356
B1318144203402N00146108EA0128501356
B1318154203403N00146114EA0128501356
B1318164203403N00146122EA0128401354
B1318174203403N00146131EA0128201352
B1318184203403N00146139EA0128101351
B1318194203404N00146147EA0128201351
B1318204203405N00146155EA0128101351
B1318214203406N00146162EA0128201352
B1318224203407N00146169EA0128301352
B1318234203408N00146176EA0128101351
B1318244203408N00146183EA0128101350
B1318254203410N00146191EA0128001349
B1318264203411N00146199EA0127801347
B1318274203413N00146208EA0127501344
B1318284203414N00146217EA0127301342
B1318294203415N00146226EA0127201340
B1318304203414N00146234EA0127101340
B1318314203414N00146241EA0127101340
B1318324203413N00146248EA0127001339
B1318334203413N00146255EA0126801338
B1318344203413N00146261EA0126701336
B1318354203414N00146268EA0126401334
B1318364203414N00146276EA0126101330
B1318374203416N00146284EA0125601326
B1318384203418N00146293EA0125401323
B1318394203420N00146302EA0125101320
B1318404203421N00146310EA0124901319
B1318414203422N00146317EA0124901318
B1318424203424N00146325EA0124701316
B1318434203425N00146332EA0124501314
B1318444203427N00146340EA0124301312
B1318454203428N00146349EA0124101309
B1318464203429N00146358EA0124001308
B1318474203430N00146366EA0123901307
B1318484203432N00146374EA0123901306
B1318494203433N00146382EA0123801306
B1318504203435N00146390EA0123801306
B1318514203436N00146398EA0123701305
B1318524203437N00146406EA0123601304
B1318534203439N00146415EA0123501303
B1318544203441N00146423EA0123401302
B1318554203443N00146432EA0123201301
B1318564203445N00146440EA0123301301
B1318574203446N00146449EA0123301300
B1318584203448N00146457EA0123301300
B1318594203450N00146464EA0123301300
B1319004203452N00146472EA0123201300
B1319014203455N00146479EA0123101299
B1319024203458N00146487EA0122801297
B1319034203462N00146495EA0122701295
B1319044203465N00146503EA0122601293
B1319054203468N00146512EA0122401292
B1319064203471N00146521EA0122501291
B1319074203474N00146528EA0122401291
B1319084203478N00146536EA0122301291
B1319094203481N00146544EA0122101289
B1319104203485N00146553EA0121901287
B1319114203488N00146563EA0121801284
B1319124203492N00146573EA0121601283
B1319134203495N00146582EA0121501282
B1319144203498N00146590EA0121501282
B1319154203501N00146598EA0121301281
B1319164203503N00146606EA0121101279
B1319174203506N00146616EA0120801275
B1319184203510N00146626EA0120501272
B1319194203513N00146635EA0120301269
B1319204203517N00146644EA0120201268
B1319214203520N00146652EA0120201268
B1319224203524N00146659EA0120201267
B1319234203527N00146666EA0120001266
B1319244203531N00146674EA0119801263
B1319254203535N00146683EA0119501261
B1319264203539N00146692EA0119301258
B1319274203542N00146700EA0119201257
B1319284203546N00146707EA0119101257
B1319294203550N00146714EA0119001256
B1319304203553N00146722EA0118801254
B1319314203557N00146730EA0118601251
B1319324203560N00146739EA0118301248
B1319334203563N00146748EA0118101245
B1319344203566N00146757EA0117901243
B1319354203570N00146766EA0117701242
B1319364203574N00146774EA0117701241
B1319374203577N00146782EA0117601240
B1319384203581N00146790EA0117501239
B1319394203584N00146798EA0117401237
B1319404203587N00146807EA0117301236
B1319414203591N00146815EA0117201236
B1319424203594N00146824EA0117301235
B1319434203597N00146832EA0117201235
B1319444203601N00146840EA0117201235
B1319454203605N00146848EA0117001234
B1319464203609N00146856EA0116901232
B1319474203613N00146864EA0116801230
B1319484203617N00146873EA0116601228
B1319494203622N00146881EA0116301226
B1319504203626N00146890EA0116201225
B1319514203631N00146897EA0116101224
B1319524203636N00146904EA0116101224
B1319534203641N00146910EA0116001223
B1319544203646N00146917EA0115901221
B1319554203651N00146925EA0115601220
B1319564203655N00146933EA0115501218
B1319574203660N00146941EA0115501217
B1319584203664N00146948EA0115401216
B1319594203669N00146956EA0115401216
B1320004203673N00146963EA0115401216
B1320014203678N00146970EA0115401216
B1320024203683N00146977EA0115301215
B1320034203687N00146984EA0115101214
B1320044203692N00146991EA0115001213
B1320054203695N00146998EA0115001212
B1320064203699N00147004EA0115001212
B1320074203704N00147009EA0115001212
B1320084203708N00147013EA0114901212
B1320094203712N00147018EA0114801211
B1320104203715N00147025EA0114501209
B1320114203717N00147033EA0114301206
B1320124203719N00147041EA0114201205
B1320134203721N00147048EA0114401205
B1320144203724N00147053EA0114601206
B1320154203728N00147059EA0114601207
B1320164203732N00147065EA0114701209
B1320174203736N00147071EA0114901210
B1320184203739N00147076EA0115101212
B1320194203742N00147081EA0115301215
B1320204203746N00147084EA0115501217
B1320214203750N00147086EA0115501217
B1320224203754N00147090EA0115301216
B1320234203758N00147095EA0115101213
B1320244203762N00147101EA0114801210
B1320254203766N00147108EA0114701208
B1320264203769N00147114EA0114501207
B1320274203772N00147120EA0114601207
B1320284203775N00147125EA0114401206
B1320294203779N00147131EA0114401205
B1320304203783N00147136EA0114301204
B1320314203787N00147142EA0114101203
B1320324203791N00147148EA0114101202
B1320334203794N00147154EA0113901200
B1320344203798N00147160EA0113801199
B1320354203802N00147167EA0113601198
B1320364203806N00147174EA0113501196
B1320374203810N00147181EA0113401195
B1320384203814N00147188EA0113401195
B1320394203818N00147195EA0113401194
B1320404203822N00147202EA0113401194
B1320414203826N00147209EA0113501195
B1320424203829N00147214EA0113501196
B1320434203832N00147220EA0113401196
B1320444203834N00147225EA0113401195
B1320454203837N00147232EA0113101194
B1320464203842N00147240EA0112901191
B1320474203847N00147248EA0112601187
B1320484203853N00147256EA0112401184
B1320494203858N00147264EA0112201184
B1320504203862N00147271EA0112401185
B1320514203867N00147278EA0112401185
B1320524203872N00147285EA0112401184
B1320534203877N00147293EA0112301183
B1320544203882N00147302EA0112201182
B1320554203886N00147311EA0112401184
B1320564203890N00147320EA0112701187
B1320574203892N00147328EA0113201192
B1320584203895N00147335EA0113701197
B1320594203897N00147341EA0114101202
B1321004203900N00147347EA0114401205
B1321014203903N00147353EA0114601208
B1321024203905N00147358EA0114801209
B1321034203906N00147364EA0114801210
B1321044203908N00147371EA0114701210
B1321054203909N00147379EA0114601209
B1321064203911N00147388EA0114701209
B1321074203913N00147396EA0114801210
B1321084203915N00147403EA0115001211
B1321094203917N00147411EA0115001211
B1321104203920N00147419EA0115001212
B1321114203923N00147427EA0114901212
B1321124203926N00147435EA0115001212
B1321134203928N00147443EA0115001212
B1321144203931N00147451EA0115101213
B1321154203933N00147459EA0115201214
B1321164203935N00147467EA0115401215
B1321174203937N00147476EA0115701218
B1321184203939N00147483EA0116001221
B1321194203940N00147490EA0116401225
B1321204203941N00147496EA0116801229
B1321214203943N00147502EA0117001232
B1321224203944N00147509EA0117201234
B1321234203945N00147517EA0117301235
B1321244203946N00147526EA0117501236
B1321254203947N00147534EA0117701239
B1321264203948N00147541EA0118301244
B1321274203950N00147547EA0118601247
B1321284203951N00147553EA0118801251
B1321294203953N00147559EA0119301255
B1321304203955N00147565EA0119501258
B1321314203957N00147571EA0119701260
B1321324203960N00147577EA0119901262
B1321334203962N00147583EA0120201265
B1321344203965N00147589EA0120501268
B1321354203967N00147595EA0120901272
B1321364203970N00147601EA0121201275
B1321374203973N00147606EA0121401278
B1321384203976N00147612EA0121601280
B1321394203979N00147618EA0121701282
B1321404203981N00147625EA0121801283
B1321414203983N00147632EA0122001285
B1321424203985N00147637EA0122301288
B1321434203988N00147641EA0122501290
B1321444203991N00147644EA0122601292
B1321454203994N00147649EA0122601292
B1321464203996N00147655EA0122601292
B1321474203998N00147662EA0122501292
B1321484203999N00147668EA0122701294
B1321494204000N00147674EA0123001296
B1321504204000N00147681EA0123301299
B1321514204000N00147687EA0123601302
B1321524204000N00147693EA0123801305
B1321534204001N00147698EA0124001308
B1321544204002N00147703EA0124201309
B1321554204002N00147708EA0124301311
B1321564204002N00147713EA0124401312
B1321574204002N00147718EA0124501313
B1321584204003N00147723EA0124501313
B1321594204003N00147727EA0124401314
B1322004204003N00147731EA0124501313
B1322014204002N00147734EA0124401313
B1322024204002N00147738EA0124301312
B1322034204002N00147743EA0124001309
B1322044204003N00147748EA0123801306
B1322054204004N00147755EA0123701305
B1322064204004N00147761EA0123801306
B1322074204004N00147767EA0124001308
B1322084204003N00147772EA0124201309
B1322094204002N00147776EA0124201310
B1322104204003N00147782EA0124201310
B1322114204004N00147788EA0124101309
B1322124204005N00147795EA0124101310
B1322134204007N00147802EA0124401312
B1322144204008N00147807EA0124701316
B1322154204009N00147812EA0125101319
B1322164204011N00147816EA0125401322
B1322174204013N00147821EA0125501324
B1322184204014N00147828EA0125601325
B1322194204016N00147834EA0125801326
B1322204204017N00147839EA0125801328
B1322214204019N00147844EA0125901329
B1322224204021N00147850EA0125901329
B1322234204023N00147856EA0125901329
B1322244204025N00147863EA0126101330
B1322254204027N00147866EA0126301333
B1322264204027N00147867EA0126801337
B1322274204028N00147867EA0126901340
B1322284204028N00147868EA0126901340
B1322294204029N00147870EA0126801339
B1322304204031N00147873EA0126601338
B1322314204032N00147877EA0126601337
B1322324204033N00147881EA0126701338
B1322334204033N00147884EA0126901340
B1322344204034N00147886EA0127101341
B1322354204034N00147890EA0127001341
B1322364204034N00147894EA0126801340
B1322374204034N00147898EA0126601339
B1322384204034N00147903EA0126701338
B1322394204035N00147907EA0126701338
B1322404204035N00147910EA0126701338
B1322414204035N00147914EA0126801338
B1322424204036N00147918EA0126701339
B1322434204038N00147921EA0126601337
B1322444204042N00147923EA0126401334
B1322454204046N00147925EA0126201332
B1322464204050N00147927EA0126201330
B1322474204053N00147928EA0126101331
B1322484204056N00147930EA0126201331
B1322494204058N00147932EA0126101330
B1322504204060N00147936EA0125901328
B1322514204062N00147940EA0125701326
B1322524204066N00147945EA0125501324
B1322534204070N00147950EA0125501324
B1322544204074N00147954EA0125701325
B1322554204076N00147957EA0125901326
B1322564204078N00147959EA0126201329
B1322574204080N00147960EA0126501332
B1322584204082N00147960EA0126701335
B1322594204084N00147959EA0126601336
B1323004204087N00147960EA0126601336
B1323014204091N00147963EA0126501334
B1323024204094N00147966EA0126601334
B1323034204094N00147969EA0126901337
B1323044204094N00147970EA0127101340
B1323054204094N00147971EA0127201342
B1323064204094N00147973EA0127301342
B1323074204095N00147976EA0127101341
B1323084204095N00147981EA0127001340
B1323094204095N00147986EA0127101340
B1323104204095N00147990EA0127301342
B1323114204095N00147992EA0127601346
B1323124204095N00147994EA0127801348
B1323134204094N00147997EA0127901349
B1323144204094N00148001EA0127901350
B1323154204094N00148005EA0127901350
B1323164204094N00148009EA0128101352
B1323174204094N00148012EA0128201354
B1323184204093N00148015EA0128301355
B1323194204094N00148019EA0128401355
B1323204204094N00148023EA0128401356
B1323214204095N00148029EA0128401356
B1323224204095N00148034EA0128401356
B1323234204096N00148040EA0128401357
B1323244204098N00148044EA0128601359
B1323254204100N00148048EA0128401359
B1323264204103N00148051EA0128201357
B1323274204106N00148056EA0127801354
B1323284204108N00148062EA0127401350
B1323294204110N00148069EA0127101346
B1323304204112N00148076EA0126801344
B1323314204115N00148081EA0126701342
B1323324204117N00148087EA0126501340
B1323334204119N00148093EA0126301338
B1323344204121N00148098EA0126101335
B1323354204124N00148104EA0125901332
B1323364204127N00148109EA0125601329
B1323374204131N00148114EA0125201326
B1323384204135N00148119EA0124801322
B1323394204138N00148124EA0124601319
B1323404204142N00148129EA0124301316
B1323414204146N00148132EA0124001312
B1323424204150N00148136EA0123601308
B1323434204155N00148141EA0123101304
B1323444204159N00148147EA0122801299
B1323454204163N00148153EA0122501295
B1323464204166N00148159EA0122301292
B1323474204170N00148164EA0122201291
B1323484204175N00148168EA0122001290
B1323494204179N00148172EA0121801288
B1323504204184N00148177EA0121501284
B1323514204189N00148182EA0121101281
B1323524204194N00148188EA0120801277
B1323534204200N00148192EA0120601275
B1323544204205N00148197EA0120501273
B1323554204210N00148200EA0120301271
B1323564204214N00148205EA0120001269
B1323574204218N00148209EA0119701266
B1323584204223N00148213EA0119401262
B1323594204229N00148217EA0119001258
B1324004204234N00148221EA0118701254
B1324014204238N00148226EA0118401251
B1324024204241N00148231EA0117901247
B1324034204245N00148237EA0117601243
B1324044204249N00148243EA0117301239
B1324054204254N00148249EA0116801235
B1324064204259N00148255EA0116401230
B1324074204264N00148261EA0116101226
B1324084204269N00148268EA0115901223
B1324094204274N00148274EA0115601221
B1324104204279N00148280EA0115601220
B1324114204284N00148286EA0115601220
B1324124204289N00148291EA0115801221
B1324134204292N00148297EA0115801221
B1324144204296N00148302EA0115801220
B1324154204300N00148308EA0115501219
B1324164204304N00148314EA0115401217
B1324174204309N00148321EA0115301216
B1324184204314N00148327EA0115301215
B1324194204318N00148333EA0115301215
B1324204204322N00148339EA0115301215
B1324214204326N00148346EA0115301214
B1324224204330N00148352EA0115401215
B1324234204333N00148358EA0115401215
B1324244204336N00148364EA0115501216
B1324254204340N00148371EA0115601216
B1324264204343N00148377EA0115701217
B1324274204346N00148384EA0115701218
B1324284204350N00148391EA0115801219
B1324294204353N00148397EA0116101221
B1324304204357N00148402EA0116301223
B1324314204361N00148406EA0116601226
B1324324204366N00148411EA0116701227
B1324334204370N00148416EA0116701228
B1324344204375N00148421EA0116701228
B1324354204380N00148425EA0116701228
B1324364204386N00148430EA0116701228
B1324374204392N00148436EA0116601227
B1324384204396N00148442EA0116701228
B1324394204399N00148448EA0117001230
B1324404204403N00148452EA0117201232
B1324414204406N00148457EA0117301234
B1324424204410N00148461EA0117301234
B1324434204415N00148466EA0117201234
B1324444204421N00148471EA0117201234
B1324454204426N00148475EA0117201234
B1324464204431N00148479EA0117301235
B1324474204434N00148483EA0117301235
B1324484204437N00148486EA0117001234
B1324494204441N00148490EA0116701230
B1324504204445N00148495EA0116201226
B1324514204450N00148501EA0115901222
B1324524204454N00148507EA0115601219
B1324534204458N00148513EA0115601218
B1324544204461N00148517EA0115601218
B1324554204464N00148521EA0115501217
B1324564204467N00148524EA0115301215
B1324574204471N00148529EA0115001212
B1324584204474N00148535EA0114601208
B1324594204477N00148541EA0114401205
B1325004204480N00148546EA0114301204
B1325014204484N00148549EA0114101203
B1325024204487N00148552EA0114001201
B1325034204491N00148556EA0113701198
B1325044204494N00148560EA0113301194
B1325054204499N00148565EA0112901190
B1325064204504N00148570EA0112701186
B1325074204509N00148574EA0112501183
B1325084204513N00148577EA0112301181
B1325094204517N00148581EA0112101180
B1325104204520N00148584EA0111901178
B1325114204524N00148588EA0111501174
B1325124204529N00148591EA0111101169
B1325134204534N00148595EA0110701164
B1325144204538N00148600EA0110401161
B1325154204542N00148604EA0110201158
B1325164204547N00148608EA0110001156
B1325174204551N00148611EA0109701154
B1325184204556N00148614EA0109401151
B1325194204561N00148618EA0109101147
B1325204204566N00148622EA0108801144
B1325214204571N00148627EA0108601141
B1325224204576N00148631EA0108401139
B1325234204581N00148635EA0108401138
B1325244204586N00148638EA0108501138
B1325254204589N00148642EA0108401138
B1325264204593N00148646EA0108301137
B1325274204596N00148650EA0108101135
B1325284204601N00148655EA0107901132
B1325294204606N00148659EA0107701131
B1325304204610N00148663EA0107701130
B1325314204614N00148667EA0107701130
B1325324204617N00148672EA0107701129
B1325334204621N00148677EA0107301127
B1325344204626N00148683EA0107001124
B1325354204631N00148689EA0106901121
B1325364204636N00148694EA0106901121
B1325374204639N00148698EA0107001122
B1325384204643N00148702EA0106801121
B1325394204648N00148707EA0106701119
B1325404204653N00148714EA0106401116
B1325414204658N00148721EA0106301114
B1325424204662N00148727EA0106301114
B1325434204666N00148734EA0106301115
B1325444204671N00148740EA0106201114
B1325454204676N00148746EA0105901112
B1325464204682N00148753EA0105701109
B1325474204687N00148760EA0105501107
B1325484204692N00148768EA0105501106
B1325494204697N00148775EA0105601107
B1325504204701N00148781EA0105801108
B1325514204706N00148786EA0105801109
B1325524204710N00148791EA0105801109
B1325534204714N00148798EA0105501107
B1325544204718N00148805EA0105301105
B1325554204723N00148811EA0105301104
B1325564204727N00148816EA0105401104
B1325574204731N00148820EA0105401105
B1325584204734N00148826EA0105401105
B1325594204736N00148832EA0105401104
B1326004204740N00148838EA0105401104
B1326014204743N00148843EA0105401105
B1326024204746N00148849EA0105501106
B1326034204748N00148854EA0105501106
B1326044204751N00148860EA0105501106
B1326054204756N00148866EA0105401105
B1326064204760N00148873EA0105401105
B1326074204764N00148880EA0105501106
B1326084204767N00148886EA0105801108
B1326094204769N00148892EA0105901110
B1326104204771N00148897EA0106001112
B1326114204773N00148903EA0106001111
B1326124204776N00148909EA0105701109
B1326134204778N00148917EA0105601108
B1326144204780N00148926EA0105501106
B1326154204783N00148934EA0105601106
B1326164204785N00148942EA0105601108
B1326174204788N00148950EA0105801109
B1326184204789N00148959EA0105601108
B1326194204792N00148967EA0105701107
B1326204204794N00148976EA0105601107
B1326214204797N00148984EA0105601107
B1326224204800N00148991EA0105501107
B1326234204803N00148999EA0105401106
B1326244204805N00149007EA0105401105
B1326254204807N00149015EA0105301105
B1326264204808N00149023EA0105301104
B1326274204810N00149030EA0105301104
B1326284204812N00149036EA0105301104
B1326294204814N00149043EA0105101103
B1326304204816N00149050EA0105001102
B1326314204817N00149059EA0104701100
B1326324204818N00149068EA0104501097
B1326334204818N00149077EA0104301095
B1326344204820N00149086EA0104201094
B1326354204821N00149094EA0104201094
B1326364204823N00149102EA0104201094
B1326374204824N00149110EA0104101093
B1326384204825N00149119EA0104001092
B1326394204827N00149128EA0103901091
B1326404204828N00149138EA0103801090
B1326414204830N00149148EA0103701089
B1326424204830N00149157EA0103801089
B1326434204830N00149166EA0103801090
B1326444204831N00149174EA0103801090
B1326454204831N00149182EA0103801090
B1326464204832N00149192EA0103701089
B1326474204832N00149202EA0103601088
B1326484204832N00149212EA0103601088
B1326494204833N00149221EA0103701088
B1326504204833N00149230EA0103701089
B1326514204834N00149238EA0103801090
B1326524204835N00149247EA0103701091
B1326534204836N00149255EA0103801091
B1326544204836N00149264EA0103701090
B1326554204836N00149274EA0103601089
B1326564204837N00149283EA0103501089
B1326574204838N00149293EA0103501089
B1326584204840N00149302EA0103601088
B1326594204842N00149311EA0103501088
B1327004204844N00149319EA0103401088
B1327014204845N00149326EA0103501088
B1327024204847N00149334EA0103401088
B1327034204847N00149342EA0103201086
B1327044204847N00149351EA0103001084
B1327054204847N00149360EA0102901082
B1327064204847N00149370EA0102801081
B1327074204847N00149379EA0102901081
B1327084204848N00149388EA0103001082
B1327094204848N00149396EA0103001083
B1327104204847N00149404EA0102901082
B1327114204846N00149413EA0102701080
B1327124204845N00149423EA0102601079
B1327134204843N00149432EA0102701078
B1327144204842N00149442EA0102801079
B1327154204841N00149450EA0103001081
B1327164204840N00149457EA0103301083
B1327174204839N00149464EA0103401085
B1327184204837N00149471EA0103301086
B1327194204835N00149478EA0103201085
B1327204204833N00149487EA0103101083
B1327214204832N00149497EA0103101082
B1327224204830N00149506EA0103201082
B1327234204828N00149514EA0103301084
B1327244204825N00149522EA0103501086
B1327254204822N00149529EA0103501088
B1327264204820N00149536EA0103701089
B1327274204817N00149544EA0103601089
B1327284204815N00149553EA0103701089
B1327294204813N00149562EA0103701089
B1327304204809N00149571EA0103801090
B1327314204805N00149578EA0104101093
B1327324204802N00149584EA0104501097
B1327334204799N00149590EA0104801101
B1327344204797N00149597EA0105001103
B1327354204796N00149604EA0105101105
B1327364204793N00149611EA0105101105
B1327374204791N00149619EA0105101104
B1327384204788N00149627EA0105101104
B1327394204787N00149634EA0105101105
B1327404204785N00149641EA0105101105
B1327414204784N00149647EA0104901104
B1327424204782N00149653EA0104701102
B1327434204782N00149660EA0104401100
B1327444204782N00149666EA0104301097
B1327454204782N00149673EA0104301096
B1327464204782N00149678EA0104101096
B1327474204782N00149682EA0104001095
B1327484204782N00149688EA0104001093
B1327494204781N00149693EA0103801091
B1327504204780N00149697EA0103401089
B1327514204778N00149702EA0103101086
B1327524204777N00149708EA0102901082
B1327534204777N00149715EA0102701079
B1327544204780N00149721EA0102301076
B1327554204786N00149723EA0102001073
B1327564204792N00149719EA0101601069
B1327574204796N00149710EA0101401064
B1327584204794N00149701EA0101001060
B1327594204786N00149699EA0100701056
B1328004204781N00149705EA0100301052
B1328014204780N00149713EA0100001047
B1328024204784N00149720EA0099801044
B1328034204791N00149720EA0099401038
B1328044204795N00149714EA0099101033
B1328054204794N00149706EA0098701028
B1328064204786N00149702EA0098301020
B1328074204778N00149703EA0097801015
B1328084204776N00149711EA0097401010
B1328094204779N00149717EA0097101000
B1328104204785N00149710EA0096600993
B1328114204784N00149700EA0096100989
B1328124204778N00149694EA0095600977
B1328134204771N00149698EA0095200967
B1328144204768N00149707EA0094900955
B1328154204771N00149714EA0094600945
B1328164204777N00149705EA0094300935
B1328174204775N00149698EA0093900933
B1328184204774N00149691EA0093700923
B1328194204771N00149690EA0093500917
B1328204204768N00149691EA0093000908
B1328214204767N00149697EA0092600902
B1328224204771N00149698EA0092100891
B1328234204778N00149693EA0091600878
B1328244204780N00149688EA0091200866
B1328254204777N00149689EA0090800854
B1328264204775N00149689EA0090600842
B1328274204775N00149691EA0090200833
B1328284204781N00149687EA0089800822
B1328294204787N00149679EA0089300809
B1328304204786N00149667EA0088700800
B1328314204788N00149671EA0088400794
B1328324204788N00149671EA0088000780
B1328334204790N00149673EA0087600771
B1328344204794N00149667EA0087400761
B1328354204799N00149657EA0087000747
B1328364204795N00149645EA0086700739
B1328374204794N00149640EA0086500733
B1328384204791N00149640EA0086300728
B1328394204790N00149642EA0086200718
B1328404204793N00149642EA0085900710
B1328414204803N00149636EA0085600709
B1328424204805N00149632EA0085200700
B1328434204804N00149629EA0084900690
B1328444204801N00149627EA0084700686
B1328454204801N00149634EA0084500680
B1328464204806N00149636EA0084200679
B1328474204814N00149627EA0083800682
B1328484204811N00149626EA0083500670
B1328494204806N00149619EA0083100661
B1328504204797N00149620EA0083000665
B1328514204793N00149624EA0082700657
B1328524204792N00149632EA0082500647
B1328534204790N00149632EA0082100638
B1328544204789N00149633EA0081700628
B1328554204782N00149631EA0081400624
B1328564204773N00149637EA0081100616
B1328574204764N00149640EA0080700610
B1328584204760N00149651EA0080500608
B1328594204755N00149650EA0080300602
B1329004204752N00149647EA0080100601
B1329014204746N00149646EA0080000599
B1329024204742N00149642EA0080100598
B1329034204741N00149640EA0080100599
B1329044204742N00149638EA0080200598
B1329054204743N00149637EA0080200598
B1329064204745N00149640EA0080000597
B1329074204748N00149640EA0079900596
B1329084204747N00149641EA0079900599
B1329094204747N00149640EA0080100605
B1329104204747N00149640EA0080200602
B1329114204749N00149642EA0080100602
B1329124204753N00149644EA0079900599
B1329134204759N00149643EA0079800600
B1329144204762N00149637EA0079800603
B1329154204763N00149632EA0079600603
B1329164204761N00149625EA0079400602
B1329174204756N00149620EA0079200598
B1329184204755N00149623EA0078900585
B1329194204750N00149624EA0078700580
B1329204204754N00149623EA0078400576
B1329214204757N00149624EA0078200570
B1329224204759N00149613EA0078100571
B1329234204762N00149606EA0078100575
B1329244204763N00149600EA0077800571
B1329254204761N00149597EA0077700571
B1329264204764N00149597EA0077500570
B1329274204763N00149597EA0077300571
B1329284204764N00149598EA0077000568
B1329294204764N00149600EA0076900563
B1329304204766N00149595EA0076900559
B1329314204773N00149579EA0076800559
B1329324204775N00149570EA0076800564
B1329334204788N00149555EA0076900565
B1329344204796N00149553EA0076800575
B1329354204805N00149545EA0076500580
B1329364204812N00149539EA0076400603
B1329374204814N00149534EA0076300612
B1329384204818N00149525EA0076200618
B1329394204820N00149514EA0076100622
B1329404204830N00149505EA0076200630
B1329414204836N00149499EA0076100648
B1329424204842N00149495EA0075900652
B1329434204848N00149489EA0076000655
B1329444204853N00149484EA0076000658
B1329454204857N00149476EA0075700659
B1329464204858N00149468EA0075600661
B1329474204860N00149460EA0075800663
B1329484204865N00149455EA0075800664
B1329494204869N00149456EA0075700665
B1329504204874N00149458EA0075600665
B1329514204879N00149459EA0075600669
B1329524204884N00149461EA0075700670
B1329534204888N00149462EA0075500668
B1329544204893N00149463EA0075300668
B1329554204899N00149464EA0074900669
B1329564204905N00149466EA0074900670
B1329574204912N00149464EA0074800671
B1329584204917N00149457EA0074700675
B1329594204921N00149448EA0074500678
B1330004204924N00149439EA0074400680
B1330014204931N00149435EA0074300681
B1330024204936N00149437EA0074100688
B1330034204942N00149440EA0073900685
B1330044204948N00149443EA0073900686
B1330054204956N00149445EA0074000687
B1330064204960N00149443EA0074000687
B1330074204960N00149437EA0073800686
B1330084204959N00149429EA0073700686
B1330094204956N00149429EA0073600686
B1330104204953N00149432EA0073500686
B1330114204953N00149433EA0073300686
B1330124204953N00149436EA0073400685
B1330134204955N00149438EA0073400687
B1330144204956N00149432EA0073300687
B1330154204960N00149425EA0073200686
B1330164204964N00149421EA0073300688
B1330174204970N00149419EA0073400692
B1330184204976N00149419EA0073300695
B1330194204981N00149420EA0073200697
B1330204204987N00149421EA0073300699
B1330214204991N00149424EA0073300702
B1330224204993N00149428EA0073400706
B1330234204996N00149431EA0073400710
B1330244204999N00149436EA0073400714
B1330254205004N00149436EA0073300714
B1330264205010N00149429EA0073200713
B1330274205014N00149420EA0073000711
B1330284205013N00149410EA0073100712
B1330294205012N00149402EA0073300715
B1330304205011N00149396EA0073500718
B1330314205012N00149391EA0073500722
B1330324205016N00149385EA0073200721
B1330334205022N00149380EA0072800718
B1330344205028N00149379EA0072700718
B1330354205033N00149379EA0072600720
B1330364205037N00149381EA0072700724
B1330374205040N00149384EA0072600725
B1330384205043N00149387EA0072400723
B1330394205046N00149390EA0072200721
B1330404205050N00149394EA0071900719
B1330414205055N00149398EA0071800718
B1330424205059N00149402EA0071600716
B1330434205063N00149406EA0071500716
B1330444205068N00149409EA0071400716
B1330454205072N00149411EA0071400716
B1330464205077N00149412EA0071300716
B1330474205082N00149411EA0071300716
B1330484205088N00149409EA0071300716
B1330494205093N00149407EA0071400716
B1330504205099N00149407EA0071300716
B1330514205105N00149406EA0071400717
B1330524205110N00149405EA0071300717
B1330534205116N00149401EA0071200717
B1330544205120N00149396EA0071000716
B1330554205124N00149389EA0071000715
B1330564205127N00149384EA0071200715
B1330574205131N00149380EA0071200717
B1330584205134N00149376EA0071300718
B1330594205136N00149371EA0071100717
B1331004205137N00149364EA0070900716
B1331014205137N00149356EA0070700714
B1331024205137N00149348EA0070700714
B1331034205136N00149343EA0070800714
B1331044205134N00149339EA0070900715
B1331054205131N00149337EA0070700714
B1331064205125N00149336EA0070500711
B1331074205119N00149339EA0070300709
B1331084205115N00149344EA0070200708
B1331094205115N00149350EA0070100707
B1331104205116N00149356EA0070100707
B1331114205118N00149361EA0070100707
B1331124205120N00149365EA0070100707
B1331134205123N00149370EA0070000707
B1331144205124N00149376EA0069900706
B1331154205125N00149382EA0069700705
B1331164205124N00149389EA0069600704
B1331174205120N00149394EA0069400701
B1331184205115N00149395EA0069300700
B1331194205110N00149393EA0069200698
B1331204205108N00149387EA0069000697
B1331214205107N00149381EA0068900697
B1331224205106N00149377EA0068900697
B1331234205104N00149373EA0068800698
B1331244205103N00149369EA0068600696
B1331254205100N00149365EA0068400695
B1331264205096N00149362EA0068200692
B1331274205091N00149361EA0068000691
B1331284205086N00149362EA0067900690
B1331294205083N00149364EA0067800690
B1331304205079N00149365EA0067800690
B1331314205076N00149366EA0067700690
B1331324205073N00149367EA0067500689
B1331334205069N00149368EA0067400688
B1331344205066N00149370EA0067200686
B1331354205064N00149371EA0067200686
B1331364205062N00149372EA0067200685
B1331374205061N00149373EA0067100684
B1331384205061N00149373EA0067200683
B1331394205060N00149372EA0067200683
B1331404205060N00149372EA0067200683
B1331414205060N00149372EA0067200682
B1331424205060N00149372EA0067200682
B1331434205060N00149372EA0067100681
B1331444205060N00149372EA0067100681
B1331454205060N00149372EA0067100680
B1331464205060N00149372EA0067100680
B1331474205060N00149372EA0067200679
B1331484205060N00149372EA0067100679
B1331494205060N00149372EA0067100679
B1331504205060N00149372EA0067200679
B1331514205060N00149372EA0067200679
B1331524205060N00149372EA0067100679
B1331534205060N00149372EA0067100679
B1331544205060N00149372EA0067100680
B1331554205060N00149372EA0067200680
B1331564205060N00149372EA0067100680
B1331574205060N00149372EA0067100681
B1331584205060N00149372EA0067200681
B1331594205060N00149372EA0067200681
B1332004205060N00149372EA0067100681
B1332014205060N00149372EA0067200682
B1332024205060N00149372EA0067200682
B1332034205060N00149372EA0067200682
B1332044205060N00149372EA0067200683
B1332054205060N00149372EA0067200683
B1332064205060N00149372EA0067100684
B1332074205059N00149372EA0067200684
B1332084205059N00149372EA0067200684
B1332094205058N00149372EA0067100685
B1332104205058N00149372EA0067200686
B1332114205058N00149373EA0067100686
B1332124205058N00149373EA0067100686
B1332134205058N00149373EA0067100687
B1332144205058N00149373EA0067100687
B1332154205058N00149373EA0067100687
B1332164205058N00149373EA0067100688
B1332174205058N00149373EA0067100688
B1332184205058N00149373EA0067100688
B1332194205058N00149373EA0067200689
B1332204205058N00149373EA0067200689
B1332214205058N00149373EA0067100689
B1332224205058N00149372EA0067100689
B1332234205058N00149372EA0067200689
B1332244205058N00149372EA0067200689
B1332254205058N00149372EA0067100690
B1332264205058N00149372EA0067200690
B1332274205058N00149372EA0067100690
B1332284205058N00149372EA0067100691
B1332294205058N00149371EA0067100692
B1332304205058N00149371EA0067200693
B1332314205058N00149370EA0067200693
B1332324205059N00149370EA0067100694
B1332334205058N00149369EA0067100694
B1332344205059N00149369EA0067200694
B1332354205059N00149368EA0067100695
B1332364205059N00149368EA0067200696
B1332374205059N00149367EA0067300696
B1332384205059N00149366EA0067200697
B1332394205058N00149366EA0067200697
B1332404205058N00149365EA0067300697
B1332414205058N00149365EA0067300697
B1332424205058N00149365EA0067200698
B1332434205058N00149364EA0067300698
B1332444205058N00149364EA0067300698
B1332454205058N00149363EA0067400699
B1332464205058N00149363EA0067200700
B1332474205058N00149362EA0067300701
B1332484205058N00149361EA0067300701
B1332494205058N00149361EA0067300701
B1332504205058N00149360EA0067400701
B1332514205058N00149359EA0067300701
B1332524205057N00149359EA0067300701
B1332534205057N00149358EA0067400702
B1332544205057N00149358EA0067400702
B1332554205057N00149357EA0067200702
B1332564205057N00149356EA0067400702
B1332574205057N00149355EA0067300703
B1332584205057N00149354EA0067400703
B1332594205057N00149354EA0067400703
B1333004205056N00149353EA0067300703
B1333014205056N00149353EA0067300703
B1333024205056N00149352EA0067300704
B1333034205056N00149351EA0067400704
B1333044205055N00149351EA0067300704
B1333054205055N00149350EA0067300704
B1333064205055N00149350EA0067400704
B1333074205055N00149349EA0067400705
B1333084205054N00149349EA0067200705
B1333094205054N00149348EA0067300704
B1333104205054N00149347EA0067300704
B1333114205053N00149347EA0067300704
B1333124205053N00149346EA0067200704
B1333134205053N00149346EA0067300704
B1333144205052N00149346EA0067300704
B1333154205052N00149345EA0067300704
B1333164205052N00149345EA0067400704
B1333174205052N00149344EA0067300704
B1333184205052N00149344EA0067400704
B1333194205053N00149344EA0067400705
B1333204205053N00149344EA0067200705
B1333214205054N00149344EA0067400705
B1333224205054N00149344EA0067300705
B1333234205055N00149344EA0067300705
B1333244205055N00149344EA0067500705
B1333254205056N00149344EA0067400705
B1333264205056N00149344EA0067400705
B1333274205056N00149344EA0067300705
B1333284205057N00149344EA0067400706
B1333294205057N00149344EA0067400705
B1333304205057N00149344EA0067400705
B1333314205057N00149345EA0067400705
B1333324205057N00149344EA0067400706
B1333334205058N00149344EA0067300706
B1333344205058N00149344EA0067300706
B1333354205057N00149344EA0067400707
B1333364205057N00149344EA0067300707
B1333374205057N00149344EA0067300707
B1333384205057N00149344EA0067300707
B1333394205057N00149344EA0067400707
B1333404205057N00149345EA0067300706
B1333414205057N00149345EA0067300706
B1333424205057N00149345EA0067400706
B1333434205057N00149345EA0067400706
B1333444205057N00149345EA0067300706
B1333454205057N00149345EA0067300706
B1333464205057N00149345EA0067300705
B1333474205058N00149345EA0067300706
B1333484205058N00149345EA0067300706
B1333494205058N00149345EA0067400706
B1333504205058N00149345EA0067400705
B1333514205058N00149345EA0067300705
B1333524205058N00149345EA0067400705
B1333534205058N00149345EA0067400705
B1333544205058N00149345EA0067400704
B1333554205058N00149345EA0067300704
B1333564205058N00149345EA0067400704
B1333574205058N00149345EA0067400704
B1333584205058N00149345EA0067400704
B1333594205058N00149345EA0067400704
B1334004205058N00149345EA0067300704
B1334014205058N00149345EA0067400704
B1334024205058N00149345EA0067300704
B1334034205058N00149345EA0067300704
B1334044205058N00149345EA0067400704
B1334054205058N00149345EA0067400704
B1334064205058N00149345EA0067300704
B1334074205058N00149345EA0067300704
B1334084205058N00149345EA0067300704
B1334094205058N00149345EA0067300704
B1334104205058N00149345EA0067300704
B1334114205058N00149345EA0067400704
B1334124205058N00149345EA0067400704
B1334134205058N00149345EA0067300704
B1334144205058N00149345EA0067300704
B1334154205058N00149345EA0067300704
B1334164205058N00149345EA0067300704
B1334174205058N00149345EA0067400704
B1334184205058N00149345EA0067400704
B1334194205058N00149345EA0067400704
B1334204205058N00149345EA0067300704
B1334214205058N00149345EA0067400705
B1334224205058N00149345EA0067400704
B1334234205058N00149345EA0067400705
B1334244205058N00149345EA0067400705
B1334254205058N00149345EA0067400705
B1334264205058N00149345EA0067400705
B1334274205058N00149345EA0067400705
B1334284205058N00149345EA0067400705
B1334294205058N00149345EA0067400704
B1334304205058N00149345EA0067300704
B1334314205058N00149345EA0067400704
B1334324205058N00149345EA0067400704
B1334334205058N00149345EA0067400704
B1334344205058N00149345EA0067400704
B1334354205058N00149345EA0067400703
B1334364205058N00149345EA0067400704
B1334374205058N00149345EA0067400703
B1334384205058N00149345EA0067400703
B1334394205058N00149345EA0067300703
B1334404205058N00149345EA0067300703
B1334414205058N00149345EA0067300703
B1334424205058N00149345EA0067300703
B1334434205058N00149345EA0067300703
B1334444205058N00149345EA0067300703
B1334454205058N00149345EA0067400703
B1334464205058N00149345EA0067300703
B1334474205058N00149345EA0067400703
B1334484205058N00149345EA0067400703
B1334494205058N00149345EA0067400703
B1334504205058N00149345EA0067400703
B1334514205058N00149345EA0067300703
B1334524205058N00149345EA0067400704
B1334534205058N00149344EA0067300704
B1334544205058N00149344EA0067300704
B1334554205058N00149344EA0067300704
B1334564205058N00149344EA0067300704
B1334574205058N00149344EA0067300704
B1334584205058N00149344EA0067300704
B1334594205058N00149344EA0067300704
B1335004205058N00149344EA0067300704
B1335014205058N00149344EA0067300704
B1335024205058N00149344EA0067300704
B1335034205058N00149344EA0067300704
B1335044205058N00149344EA0067300704
B1335054205058N00149344EA0067400704
B1335064205058N00149344EA0067300704
B1335074205058N00149344EA0067400704
B1335084205058N00149344EA0067400704
B1335094205058N00149344EA0067400704
B1335104205058N00149344EA0067300704
B1335114205058N00149344EA0067300704
B1335124205058N00149344EA0067400704
B1335134205058N00149344EA0067300704
B1335144205058N00149344EA0067300704
B1335154205058N00149344EA0067300704
B1335164205058N00149345EA0067300704
B1335174205058N00149344EA0067400704
B1335184205058N00149344EA0067400704
B1335194205058N00149344EA0067400704
B1335204205058N00149344EA0067400704
B1335214205058N00149344EA0067400703
B1335224205058N00149344EA0067400703
B1335234205058N00149344EA0067400703
B1335244205058N00149344EA0067400703
B1335254205058N00149344EA0067300703
B1335264205058N00149344EA0067300703
B1335274205058N00149344EA0067300703
B1335284205058N00149344EA0067400703
B1335294205058N00149344EA0067300703
B1335304205058N00149345EA0067400703
B1335314205058N00149345EA0067400702
B1335324205058N00149344EA0067300703
B1335334205058N00149345EA0067300703
B1335344205058N00149345EA0067300703
B1335354205058N00149345EA0067300703
B1335364205058N00149345EA0067300703
B1335374205058N00149345EA0067300703
B1335384205058N00149345EA0067300703
B1335394205058N00149345EA0067300703
B1335404205058N00149345EA0067300702
B1335414205058N00149345EA0067300702
B1335424205058N00149345EA0067300702
B1335434205058N00149345EA0067300702
B1335444205058N00149345EA0067300701
B1335454205058N00149345EA0067300701
B1335464205058N00149345EA0067300701
B1335474205058N00149345EA0067300701
B1335484205058N00149345EA0067400701
B1335494205058N00149345EA0067300701
B1335504205058N00149345EA0067400700
B1335514205058N00149345EA0067300700
B1335524205058N00149345EA0067300700
B1335534205058N00149345EA0067300700
B1335544205058N00149345EA0067400700
B1335554205058N00149345EA0067300700
B1335564205058N00149345EA0067300700
B1335574205058N00149345EA0067300700
B1335584205058N00149345EA0067400700
B1335594205058N00149345EA0067300699
B1336004205058N00149345EA0067300699
B1336014205058N00149345EA0067300699
B1336024205058N00149345EA0067300699
B1336034205058N00149345EA0067300699
B1336044205058N00149345EA0067300699
B1336054205058N00149346EA0067300699
B1336064205058N00149346EA0067300699
B1336074205058N00149346EA0067300699
B1336084205058N00149346EA0067300699
B1336094205058N00149346EA0067400699
B1336104205058N00149346EA0067400699
B1336114205058N00149346EA0067400699
B1336124205058N00149346EA0067500698
B1336134205058N00149346EA0067300698
B1336144205058N00149346EA0067300698
B1336154205058N00149346EA0067200698
B1336164205057N00149346EA0067400699
B1336174205057N00149346EA0067400699
B1336184205057N00149346EA0067400699
B1336194205057N00149346EA0067300699
B1336204205057N00149346EA0067300699
B1336214205057N00149346EA0067300700
B1336224205057N00149346EA0067300700
B1336234205057N00149346EA0067300700
B1336244205057N00149346EA0067200700
B1336254205057N00149346EA0067300700
B1336264205057N00149346EA0067200700
B1336274205057N00149346EA0067300700
B1336284205057N00149346EA0067300700
B1336294205057N00149346EA0067200700
B1336304205057N00149346EA0067300701
B1336314205057N00149346EA0067300701
B1336324205057N00149346EA0067300701
B1336334205057N00149346EA0067300701
B1336344205057N00149346EA0067300701
B1336354205057N00149346EA0067200701
B1336364205057N00149346EA0067300701
B1336374205057N00149346EA0067300701
B1336384205057N00149346EA0067300702
B1336394205057N00149346EA0067300702
B1336404205057N00149346EA0067200702
B1336414205056N00149346EA0067300702
B1336424205056N00149346EA0067300702
B1336434205056N00149346EA0067300702
B1336444205056N00149346EA0067300702
B1336454205056N00149346EA0067200703
B1336464205056N00149346EA0067300703
B1336474205056N00149346EA0067300703
B1336484205056N00149346EA0067400703
B1336494205056N00149346EA0067300703
B1336504205056N00149346EA0067300704
B1336514205056N00149346EA0067300704
B1336524205056N00149346EA0067300704
B1336534205056N00149346EA0067300704
B1336544205056N00149346EA0067300704
B1336554205056N00149346EA0067300704
B1336564205056N00149346EA0067300704
B1336574205056N00149346EA0067300705
B1336584205056N00149346EA0067300705
B1336594205056N00149346EA0067200705
B1337004205056N00149346EA0067200705
B1337014205056N00149346EA0067300705
B1337024205056N00149346EA0067300705
B1337034205056N00149346EA0067300705
B1337044205056N00149346EA0067300705
B1337054205056N00149346EA0067300705
B1337064205056N00149346EA0067200705
B1337074205056N00149346EA0067300705
B1337084205056N00149346EA0067300705
B1337094205056N00149346EA0067300705
B1337104205056N00149346EA0067300705
B1337114205056N00149346EA0067300705
B1337124205056N00149346EA0067300705
B1337134205056N00149346EA0067300705
B1337144205056N00149347EA0067300705
B1337154205056N00149347EA0067300705
B1337164205056N00149347EA0067300705
B1337174205056N00149347EA0067300705
B1337184205056N00149347EA0067300705
B1337194205055N00149347EA0067300705
B1337204205055N00149347EA0067300705
B1337214205055N00149347EA0067300705
B1337224205055N00149347EA0067300705
B1337234205055N00149347EA0067300705
B1337244205055N00149347EA0067300706
B1337254205055N00149347EA0067300706
B1337264205055N00149347EA0067200706
B1337274205055N00149347EA0067400706
B1337284205055N00149347EA0067300706
B1337294205055N00149347EA0067300706
B1337304205055N00149347EA0067300706
B1337314205055N00149347EA0067300706
B1337324205055N00149347EA0067300706
B1337334205055N00149347EA0067300706
B1337344205055N00149347EA0067300706
B1337354205055N00149347EA0067300706
B1337364205055N00149347EA0067400706
B1337374205055N00149347EA0067300706
B1337384205055N00149347EA0067300706
B1337394205055N00149347EA0067300706
B1337404205055N00149347EA0067400706
B1337414205055N00149347EA0067300706
B1337424205055N00149347EA0067300706
B1337434205055N00149347EA0067300706
B1337444205055N00149347EA0067300706
B1337454205055N00149347EA0067200706
B1337464205055N00149347EA0067300706
B1337474205055N00149347EA0067300706
B1337484205055N00149347EA0067200706
B1337494205055N00149347EA0067300706
B1337504205055N00149347EA0067200706
B1337514205055N00149347EA0067300706
B1337524205055N00149347EA0067300706
B1337534205055N00149347EA0067300706
B1337544205055N00149347EA0067300706
B1337554205055N00149347EA0067300706
B1337564205055N00149347EA0067300706
B1337574205055N00149347EA0067300706
B1337584205055N00149347EA0067200706
B1337594205055N00149347EA0067300706
B1338004205055N00149347EA0067300706
B1338014205055N00149347EA0067200706
B1338024205055N00149347EA0067300706
B1338034205055N00149347EA0067300706
B1338044205055N00149347EA0067300706
B1338054205055N00149347EA0067300706
B1338064205055N00149347EA0067300706
B1338074205055N00149347EA0067300706
B1338084205055N00149347EA0067300706
B1338094205055N00149347EA0067300706
B1338104205055N00149347EA0067300706
B1338114205055N00149347EA0067300706
B1338124205055N00149347EA0067200706
B1338134205055N00149347EA0067300706
B1338144205055N00149347EA0067300706
B1338154205055N00149347EA0067200706
B1338164205055N00149347EA0067300706
B1338174205055N00149347EA0067300706
B1338184205055N00149347EA0067200706
B1338194205055N00149347EA0067300706
B1338204205055N00149347EA0067300706
B1338214205055N00149347EA0067300706
B1338224205055N00149347EA0067300706
B1338234205055N00149347EA0067200706
B1338244205055N00149347EA0067300706
B1338254205055N00149347EA0067300706
B1338264205055N00149347EA0067300706
B1338274205055N00149347EA0067300706
B1338284205055N00149347EA0067300706
B1338294205055N00149347EA0067300706
B1338304205055N00149347EA0067300706
B1338314205055N00149347EA0067300706
B1338324205055N00149347EA0067300706
B1338334205055N00149347EA0067300706
B1338344205055N00149347EA0067300706
B1338354205055N00149347EA0067300706
B1338364205055N00149347EA0067300706
B1338374205055N00149347EA0067300706
B1338384205055N00149347EA0067300706
B1338394205055N00149347EA0067300706
B1338404205055N00149347EA0067300706
B1338414205055N00149347EA0067300706
B1338424205055N00149347EA0067300706
B1338434205055N00149347EA0067300706
B1338444205055N00149347EA0067300706
B1338454205055N00149347EA0067300706
B1338464205055N00149347EA0067300706
B1338474205055N00149347EA0067400706
B1338484205055N00149347EA0067300706
B1338494205055N00149347EA0067300706
B1338504205055N00149347EA0067300706
B1338514205055N00149347EA0067300706
B1338524205056N00149347EA0067400705
B1338534205056N00149347EA0067400705
B1338544205056N00149347EA0067400705
B1338554205056N00149347EA0067400705
B1338564205056N00149347EA0067400704
B1338574205056N00149347EA0067400704
B1338584205056N00149347EA0067300704
B1338594205057N00149346EA0067400703
B1339004205057N00149346EA0067400703
B1339014205057N00149346EA0067400703
B1339024205057N00149346EA0067300703
B1339034205057N00149347EA0067300702
B1339044205057N00149347EA0067300703
B1339054205057N00149346EA0067400703
B1339064205057N00149346EA0067300703
B1339074205057N00149346EA0067300703
B1339084205057N00149347EA0067300703
B1339094205057N00149347EA0067300703
B1339104205057N00149347EA0067300702
B1339114205057N00149347EA0067300702
B1339124205057N00149347EA0067300702
B1339134205057N00149347EA0067300702
B1339144205057N00149347EA0067300701
B1339154205057N00149346EA0067300701
B1339164205057N00149346EA0067300701
B1339174205057N00149346EA0067300701
B1339184205057N00149346EA0067300701
B1339194205057N00149346EA0067300701
B1339204205057N00149346EA0067300701
B1339214205057N00149346EA0067300701
B1339224205057N00149346EA0067400701
B1339234205057N00149346EA0067300700
B1339244205058N00149346EA0067400700
B1339254205058N00149346EA0067300700
B1339264205058N00149346EA0067300700
B1339274205058N00149346EA0067300700
B1339284205058N00149346EA0067300700
B1339294205058N00149346EA0067300700
B1339304205058N00149346EA0067300700
B1339314205058N00149346EA0067300700
B1339324205058N00149346EA0067300700
B1339334205058N00149346EA0067300700
B1339344205058N00149346EA0067300700
B1339354205058N00149346EA0067300700
B1339364205058N00149346EA0067400700
B1339374205058N00149346EA0067300700
B1339384205058N00149346EA0067300700
B1339394205058N00149346EA0067300700
B1339404205058N00149346EA0067300700
B1339414205058N00149346EA0067300700
B1339424205058N00149346EA0067300700
B1339434205058N00149346EA0067400700
B1339444205058N00149346EA0067300700
B1339454205058N00149346EA0067300700
B1339464205058N00149346EA0067300700
B1339474205058N00149346EA0067300700
B1339484205058N00149346EA0067300700
B1339494205058N00149346EA0067300700
B1339504205058N00149346EA0067400700
B1339514205058N00149346EA0067300700
B1339524205058N00149346EA0067300700
B1339534205058N00149346EA0067300700
B1339544205058N00149346EA0067300700
B1339554205058N00149346EA0067300700
B1339564205058N00149346EA0067300700
B1339574205058N00149346EA0067300700
B1339584205058N00149346EA0067300700
B1339594205058N00149346EA0067200700
B1340004205058N00149346EA0067300700
B1340014205058N00149346EA0067300700
B1340024205058N00149346EA0067300700
B1340034205058N00149347EA0067300700
B1340044205058N00149347EA0067300700
B1340054205057N00149347EA0067300700
B1340064205057N00149347EA0067300700
B1340074205057N00149347EA0067400700
B1340084205057N00149347EA0067300700
B1340094205057N00149347EA0067300700
B1340104205057N00149347EA0067300700
B1340114205057N00149347EA0067300700
B1340124205057N00149347EA0067300700
B1340134205057N00149347EA0067300700
B1340144205057N00149347EA0067300700
B1340154205057N00149347EA0067300700
B1340164205057N00149347EA0067300700
B1340174205057N00149347EA0067300700
B1340184205057N00149347EA0067300700
B1340194205057N00149347EA0067300700
B1340204205057N00149347EA0067300700
B1340214205057N00149347EA0067300700
B1340224205057N00149347EA0067300700
B1340234205057N00149347EA0067300700
B1340244205057N00149347EA0067300700
B1340254205057N00149347EA0067200700
B1340264205057N00149347EA0067300700
B1340274205057N00149347EA0067300700
B1340284205057N00149347EA0067300700
B1340294205057N00149347EA0067300700
B1340304205057N00149347EA0067300700
B1340314205057N00149347EA0067300700
B1340324205057N00149347EA0067300700
B1340334205057N00149347EA0067300700
B1340344205057N00149347EA0067300700
B1340354205057N00149347EA0067300700
B1340364205057N00149347EA0067300700
B1340374205057N00149347EA0067300700
B1340384205057N00149347EA0067300700
B1340394205057N00149347EA0067300700
B1340404205057N00149347EA0067300700
B1340414205057N00149347EA0067300700
B1340424205057N00149347EA0067300700
B1340434205057N00149347EA0067300700
B1340444205057N00149347EA0067300700
B1340454205057N00149347EA0067300700
B1340464205057N00149347EA0067300700
B1340474205057N00149347EA0067300700
B1340484205057N00149347EA0067300700
B1340494205057N00149347EA0067300700
B1340504205057N00149347EA0067400700
B1340514205057N00149347EA0067300700
B1340524205057N00149347EA0067300700
B1340534205057N00149347EA0067400700
B1340544205057N00149347EA0067400700
B1340554205057N00149347EA0067300700
B1340564205057N00149347EA0067300700
B1340574205057N00149347EA0067300700
B1340584205057N00149347EA0067300700
B1340594205057N00149347EA0067300700
B1341004205057N00149347EA0067300700
B1341014205057N00149347EA0067400700
B1341024205057N00149347EA0067300700
B1341034205057N00149347EA0067300700
B1341044205057N00149347EA0067400700
B1341054205057N00149347EA0067300700
B1341064205057N00149347EA0067400700
B1341074205057N00149347EA0067300700
B1341084205057N00149347EA0067300700
B1341094205057N00149347EA0067300700
B1341104205057N00149347EA0067300699
B1341114205057N00149347EA0067400699
B1341124205057N00149347EA0067300699
B1341134205057N00149347EA0067300699
B1341144205057N00149347EA0067300699
B1341154205057N00149347EA0067300699
B1341164205057N00149347EA0067400699
B1341174205057N00149347EA0067300699
B1341184205057N00149347EA0067300699
B1341194205057N00149347EA0067300699
B1341204205057N00149347EA0067400699
B1341214205057N00149347EA0067400699
B1341224205057N00149347EA0067300699
B1341234205057N00149347EA0067300699
B1341244205057N00149347EA0067300699
B1341254205057N00149347EA0067300699
B1341264205057N00149347EA0067400699
B1341274205057N00149347EA0067400700
B1341284205057N00149346EA0067400700
B1341294205057N00149346EA0067400700
B1341304205058N00149346EA0067400700
B1341314205058N00149345EA0067400700
B1341324205058N00149345EA0067400699
B1341334205058N00149345EA0067400700
B1341344205058N00149346EA0067400700
B1341354205058N00149346EA0067400700
B1341364205058N00149346EA0067300700
B1341374205058N00149346EA0067400700
B1341384205058N00149346EA0067300700
B1341394205058N00149346EA0067400700
B1341404205058N00149346EA0067300700
B1341414205058N00149346EA0067400700
B1341424205058N00149346EA0067400699
B1341434205058N00149346EA0067300699
B1341444205058N00149346EA0067400699
B1341454205058N00149346EA0067400699
B1341464205058N00149346EA0067300699
B1341474205058N00149346EA0067400699
B1341484205058N00149346EA0067400700
B1341494205058N00149346EA0067300700
B1341504205058N00149346EA0067400700
B1341514205058N00149346EA0067300700
B1341524205058N00149346EA0067400700
B1341534205058N00149346EA0067400700
B1341544205058N00149346EA0067300700
B1341554205058N00149346EA0067400700
B1341564205058N00149346EA0067300699
B1341574205058N00149346EA0067400699
B1341584205058N00149346EA0067300699
B1341594205058N00149346EA0067400699
B1342004205058N00149346EA0067400699
B1342014205058N00149346EA0067400699
B1342024205058N00149346EA0067400699
B1342034205058N00149346EA0067400699
B1342044205058N00149346EA0067400699
B1342054205058N00149346EA0067300699
B1342064205058N00149346EA0067400699
B1342074205058N00149346EA0067300699
B1342084205058N00149346EA0067400699
B1342094205058N00149346EA0067400699
B1342104205058N00149346EA0067400699
B1342114205058N00149346EA0067400699
B1342124205058N00149346EA0067400699
B1342134205058N00149346EA0067300699
B1342144205058N00149346EA0067300699
B1342154205058N00149346EA0067400699
B1342164205058N00149346EA0067300698
B1342174205058N00149346EA0067300699
B1342184205058N00149346EA0067300698
B1342194205058N00149346EA0067300698
B1342204205058N00149346EA0067300698
B1342214205058N00149346EA0067300698
B1342224205058N00149346EA0067300698
B1342234205058N00149346EA0067400698
B1342244205058N00149346EA0067300698
B1342254205058N00149346EA0067400697
B1342264205058N00149346EA0067300697
B1342274205058N00149346EA0067400697
B1342284205058N00149346EA0067300697
B1342294205058N00149346EA0067400697
B1342304205058N00149346EA0067400697
B1342314205058N00149346EA0067300697
B1342324205058N00149346EA0067400697
B1342334205058N00149346EA0067400697
B1342344205058N00149346EA0067300696
B1342354205058N00149346EA0067300696
B1342364205059N00149346EA0067400696
B1342374205059N00149346EA0067300696
B1342384205059N00149346EA0067400696
B1342394205059N00149346EA0067300696
B1342404205058N00149346EA0067300696
B1342414205059N00149346EA0067400696
B1342424205059N00149346EA0067400696
B1342434205058N00149346EA0067400696
B1342444205058N00149346EA0067300696
B1342454205058N00149346EA0067300697
B1342464205058N00149346EA0067400697
B1342474205058N00149346EA0067400697
B1342484205058N00149346EA0067400697
B1342494205058N00149346EA0067400697
B1342504205058N00149346EA0067400697
B1342514205058N00149346EA0067400697
B1342524205058N00149346EA0067400697
B1342534205058N00149346EA0067400697
B1342544205058N00149346EA0067400697
B1342554205058N00149346EA0067400697
B1342564205058N00149346EA0067400697
B1342574205058N00149346EA0067400697
B1342584205058N00149346EA0067400697
B1342594205058N00149346EA0067400697
B1343004205058N00149346EA0067400697
B1343014205058N00149347EA0067300698
B1343024205058N00149347EA0067700698
B1343034205058N00149347EA0067400698
B1343044205058N00149347EA0067200697
B1343054205058N00149347EA0067600697
B1343064205058N00149347EA0067500697
B1343074205058N00149348EA0067300698
B1343084205058N00149348EA0067300697
B1343094205058N00149348EA0067300697
B1343104205058N00149348EA0067400697
B1343114205058N00149348EA0067400697
B1343124205058N00149348EA0067300697
B1343134205058N00149348EA0067300698
B1343144205058N00149348EA0067300698
B1343154205058N00149348EA0067400698
B1343164205058N00149348EA0067300698
B1343174205058N00149348EA0067300698
B1343184205058N00149348EA0067400698
B1343194205058N00149348EA0067400698
B1343204205058N00149348EA0067300698
B1343214205058N00149348EA0067300698
B1343224205058N00149348EA0067300698
B1343234205058N00149348EA0067400698
B1343244205058N00149348EA0067300698
B1343254205058N00149348EA0067300698
B1343264205058N00149348EA0067300698
B1343274205058N00149348EA0067300698
B1343284205058N00149348EA0067300698
B1343294205058N00149348EA0067300698
B1343304205058N00149348EA0067300698
B1343314205058N00149348EA0067300698
B1343324205058N00149348EA0067300698
B1343334205058N00149348EA0067300698
B1343344205058N00149348EA0067300698
B1343354205058N00149348EA0067300698
B1343364205058N00149348EA0067300698
B1343374205058N00149348EA0067300698
B1343384205058N00149348EA0067300698
B1343394205058N00149348EA0067300697
B1343404205058N00149348EA0067300697
B1343414205058N00149348EA0067300697
B1343424205058N00149348EA0067300697
B1343434205058N00149348EA0067300697
B1343444205058N00149348EA0067300697
B1343454205058N00149348EA0067300697
B1343464205058N00149348EA0067200697
B1343474205058N00149348EA0067200697
B1343484205058N00149348EA0067300697
B1343494205058N00149348EA0067300697
B1343504205058N00149348EA0067300698
B1343514205058N00149348EA0067300698
B1343524205058N00149348EA0067300698
B1343534205058N00149348EA0067300698
B1343544205058N00149348EA0067300698
B1343554205058N00149348EA0067300698
B1343564205057N00149348EA0067300698
B1343574205057N00149348EA0067300698
B1343584205057N00149348EA0067300698
B1343594205057N00149348EA0067300698
B1344004205057N00149348EA0067300698
B1344014205057N00149348EA0067300698
B1344024205057N00149348EA0067300698
B1344034205057N00149348EA0067300698
B1344044205057N00149348EA0067300698
B1344054205057N00149348EA0067300698
B1344064205057N00149348EA0067300698
B1344074205057N00149348EA0067300698
B1344084205057N00149348EA0067300698
B1344094205057N00149348EA0067300698
B1344104205057N00149348EA0067300698
B1344114205057N00149348EA0067300698
B1344124205057N00149348EA0067300698
B1344134205057N00149348EA0067300698
B1344144205057N00149348EA0067300698
B1344154205057N00149348EA0067300698
B1344164205057N00149348EA0067300697
B1344174205057N00149348EA0067300697
B1344184205057N00149348EA0067300697
B1344194205057N00149348EA0067300697
B1344204205057N00149348EA0067300697
B1344214205057N00149348EA0067300697
B1344224205057N00149348EA0067200697
B1344234205057N00149348EA0067300697
B1344244205057N00149348EA0067300697
B1344254205057N00149348EA0067300697
B1344264205057N00149348EA0067300698
B1344274205057N00149348EA0067300698
B1344284205057N00149348EA0067300698
B1344294205057N00149348EA0067300698
B1344304205057N00149348EA0067400698
B1344314205057N00149348EA0067300698
B1344324205057N00149348EA0067300698
B1344334205057N00149348EA0067300698
B1344344205057N00149348EA0067300698
B1344354205057N00149347EA0067300698
B1344364205057N00149347EA0067300698
B1344374205057N00149347EA0067300698
B1344384205057N00149347EA0067300698
B1344394205057N00149348EA0067300698
B1344404205057N00149348EA0067300698
B1344414205057N00149348EA0067300698
B1344424205057N00149348EA0067400698
B1344434205057N00149348EA0067300698
B1344444205057N00149348EA0067300698
B1344454205057N00149348EA0067300698
B1344464205057N00149348EA0067300698
B1344474205057N00149348EA0067300698
B1344484205057N00149348EA0067300698
B1344494205057N00149348EA0067300699
B1344504205057N00149348EA0067300699
B1344514205057N00149348EA0067300699
B1344524205057N00149348EA0067200699
B1344534205057N00149348EA0067300699
B1344544205057N00149348EA0067300699
B1344554205057N00149348EA0067300699
B1344564205057N00149348EA0067200699
B1344574205057N00149348EA0067300698
B1344584205057N00149348EA0067300698
B1344594205057N00149348EA0067300698
B1345004205057N00149348EA0067300698
B1345014205057N00149348EA0067300698
B1345024205057N00149348EA0067300698
B1345034205058N00149348EA0067300698
B1345044205058N00149348EA0067300698
B1345054205058N00149347EA0067300698
B1345064205058N00149347EA0067400698
B1345074205058N00149347EA0067300698
B1345084205058N00149347EA0067300698
B1345094205058N00149347EA0067200698
B1345104205058N00149347EA0067200699
B1345114205058N00149347EA0067200699
B1345124205058N00149347EA0067300699
B1345134205058N00149347EA0067200699
B1345144205058N00149347EA0067200699
B1345154205058N00149347EA0067300699
B1345164205058N00149347EA0067300699
B1345174205058N00149347EA0067300699
B1345184205058N00149347EA0067300699
B1345194205058N00149347EA0067200700
B1345204205058N00149347EA0067200700
B1345214205058N00149347EA0067300700
B1345224205058N00149347EA0067200700
B1345234205058N00149347EA0067200700
B1345244205058N00149347EA0067300700
B1345254205058N00149347EA0067200700
B1345264205058N00149347EA0067300700
B1345274205058N00149348EA0067300700
B1345284205058N00149348EA0067300701
B1345294205058N00149348EA0067200701
B1345304205058N00149348EA0067300701
B1345314205058N00149348EA0067300701
B1345324205058N00149348EA0067200701
B1345334205058N00149348EA0067300701
B1345344205058N00149348EA0067300701
B1345354205058N00149348EA0067300701
B1345364205058N00149348EA0067200701
B1345374205058N00149348EA0067300701
B1345384205058N00149348EA0067300701
B1345394205058N00149348EA0067300701
B1345404205058N00149348EA0067300701
B1345414205058N00149348EA0067300701
B1345424205058N00149348EA0067300701
B1345434205058N00149348EA0067300702
B1345444205058N00149348EA0067300702
B1345454205058N00149348EA0067300702
B1345464205058N00149348EA0067300702
B1345474205058N00149348EA0067200702
B1345484205058N00149348EA0067300702
B1345494205058N00149348EA0067300702
B1345504205058N00149348EA0067300702
B1345514205058N00149348EA0067200702
B1345524205058N00149348EA0067300702
B1345534205058N00149347EA0067200702
B1345544205058N00149347EA0067300702
B1345554205058N00149347EA0067300702
B1345564205058N00149348EA0067300702
B1345574205058N00149348EA0067300702
B1345584205058N00149348EA0067300702
B1345594205058N00149348EA0067300702
B1346004205058N00149348EA0067300702
B1346014205058N00149348EA0067300702
B1346024205058N00149348EA0067300702
B1346034205058N00149348EA0067300702
B1346044205058N00149348EA0067300702
B1346054205058N00149348EA0067300702
B1346064205058N00149347EA0067300702
B1346074205058N00149347EA0067300702
B1346084205058N00149347EA0067300702
B1346094205058N00149347EA0067300702
B1346104205058N00149347EA0067300702
B1346114205058N00149347EA0067300702
B1346124205058N00149347EA0067300702
B1346134205058N00149347EA0067300702
B1346144205058N00149347EA0067300702
B1346154205058N00149347EA0067300702
B1346164205058N00149347EA0067300702
B1346174205058N00149347EA0067300702
B1346184205058N00149347EA0067300702
B1346194205058N00149347EA0067300702
B1346204205058N00149347EA0067300702
B1346214205058N00149347EA0067200702
B1346224205058N00149347EA0067300702
B1346234205058N00149347EA0067200703
B1346244205058N00149347EA0067300703
B1346254205058N00149347EA0067200703
B1346264205058N00149347EA0067200703
B1346274205058N00149347EA0067200703
B1346284205058N00149347EA0067200703
B1346294205058N00149347EA0067300703
B1346304205058N00149347EA0067300703
B1346314205058N00149347EA0067300703
B1346324205058N00149347EA0067300703
B1346334205058N00149347EA0067200703
B1346344205058N00149347EA0067300703
B1346354205058N00149347EA0067300703
B1346364205058N00149347EA0067300703
B1346374205058N00149347EA0067300703
B1346384205058N00149347EA0067300703
B1346394205058N00149347EA0067200703
B1346404205058N00149347EA0067300703
B1346414205058N00149348EA0067300703
B1346424205058N00149348EA0067300703
B1346434205058N00149348EA0067300703
B1346444205058N00149348EA0067300703
B1346454205058N00149348EA0067300703
B1346464205058N00149348EA0067300703
B1346474205058N00149348EA0067300703
B1346484205058N00149348EA0067200703
B1346494205058N00149348EA0067200703
B1346504205058N00149348EA0067200704
B1346514205058N00149348EA0067300704
B1346524205058N00149348EA0067300704
B1346534205058N00149348EA0067300704
B1346544205058N00149348EA0067300704
B1346554205058N00149348EA0067300704
B1346564205058N00149348EA0067300704
B1346574205058N00149348EA0067300704
B1346584205058N00149348EA0067300704
B1346594205057N00149348EA0067300705
B1347004205057N00149348EA0067300705
B1347014205057N00149348EA0067200705
B1347024205057N00149348EA0067300705
B1347034205057N00149348EA0067300705
B1347044205057N00149348EA0067300705
B1347054205057N00149348EA0067300705
B1347064205057N00149348EA0067300705
B1347074205057N00149348EA0067300705
B1347084205057N00149348EA0067300705
B1347094205057N00149348EA0067300705
B1347104205057N00149348EA0067300705
B1347114205057N00149348EA0067300705
B1347124205057N00149348EA0067300705
B1347134205057N00149348EA0067300705
B1347144205057N00149348EA0067300705
B1347154205057N00149348EA0067300705
B1347164205057N00149348EA0067300705
B1347174205057N00149348EA0067300706
B1347184205057N00149348EA0067300706
B1347194205057N00149348EA0067300706
B1347204205057N00149348EA0067300706
B1347214205057N00149348EA0067300706
B1347224205057N00149348EA0067300706
B1347234205057N00149348EA0067300706
B1347244205057N00149348EA0067300706
B1347254205057N00149348EA0067300706
B1347264205057N00149348EA0067300706
B1347274205057N00149348EA0067300707
B1347284205057N00149348EA0067300707
B1347294205057N00149348EA0067300707
B1347304205057N00149348EA0067300707
B1347314205057N00149348EA0067300707
B1347324205057N00149348EA0067300707
B1347334205057N00149348EA0067300707
B1347344205057N00149348EA0067300707
B1347354205057N00149348EA0067300707
B1347364205057N00149348EA0067300707
B1347374205057N00149348EA0067300706
B1347384205057N00149348EA0067300706
B1347394205057N00149348EA0067300706
B1347404205057N00149348EA0067300706
B1347414205057N00149348EA0067300706
B1347424205057N00149348EA0067300706
B1347434205057N00149348EA0067300706
B1347444205057N00149348EA0067300706
B1347454205057N00149348EA0067300706
B1347464205057N00149348EA0067300706
B1347474205057N00149348EA0067300706
B1347484205057N00149348EA0067300706
B1347494205057N00149348EA0067300706
B1347504205057N00149348EA0067300706
B1347514205057N00149348EA0067300706
B1347524205057N00149348EA0067300706
B1347534205057N00149348EA0067300706
B1347544205057N00149348EA0067400706
B1347554205057N00149348EA0067300706
B1347564205057N00149348EA0067400706
B1347574205057N00149348EA0067300706
B1347584205057N00149348EA0067300706
B1347594205057N00149348EA0067300706
B1348004205057N00149348EA0067300706
B1348014205057N00149348EA0067300706
B1348024205057N00149348EA0067300706
B1348034205057N00149348EA0067300706
B1348044205057N00149348EA0067300706
B1348054205057N00149348EA0067300706
B1348064205057N00149348EA0067300706
B1348074205057N00149348EA0067400706
B1348084205057N00149348EA0067300706
B1348094205057N00149348EA0067300706
B1348104205057N00149348EA0067300706
B1348114205057N00149348EA0067300706
B1348124205057N00149348EA0067300705
B1348134205057N00149348EA0067300705
B1348144205057N00149348EA0067300705
B1348154205057N00149348EA0067400705
B1348164205057N00149348EA0067300705
B1348174205057N00149348EA0067300705
B1348184205057N00149348EA0067300705
B1348194205057N00149348EA0067300705
B1348204205057N00149348EA0067400705
B1348214205057N00149348EA0067300705
B1348224205057N00149348EA0067300705
B1348234205057N00149348EA0067300705
B1348244205057N00149348EA0067300705
B1348254205057N00149348EA0067300705
B1348264205057N00149348EA0067400705
B1348274205057N00149348EA0067400706
B1348284205057N00149348EA0067300706
B1348294205057N00149348EA0067300706
B1348304205057N00149348EA0067300706
B1348314205057N00149348EA0067400706
B1348324205057N00149348EA0067300705
B1348334205058N00149348EA0067300705
B1348344205058N00149348EA0067400704
B1348354205058N00149348EA0067400704
B1348364205058N00149348EA0067300703
B1348374205058N00149348EA0067300703
B1348384205058N00149348EA0067200703
B1348394205058N00149348EA0067300703
B1348404205058N00149348EA0067300703
B1348414205058N00149348EA0067300702
B1348424205058N00149348EA0067300702
B1348434205058N00149348EA0066900702
B1348444205058N00149348EA0067200702
B1348454205058N00149348EA0067300702
B1348464205058N00149348EA0067300702
B1348474205058N00149348EA0067300702
B1348484205058N00149348EA0067300702
B1348494205058N00149348EA0067300702
B1348504205058N00149348EA0067300702
B1348514205058N00149348EA0067300702
B1348524205058N00149348EA0067300702
B1348534205058N00149348EA0067400702
B1348544205058N00149348EA0067300702
B1348554205058N00149348EA0067300702
B1348564205058N00149348EA0067300702
B1348574205058N00149348EA0067300702
B1348584205058N00149348EA0067300702
B1348594205058N00149348EA0067300702
B1349004205058N00149348EA0067300702
B1349014205058N00149348EA0067300702
B1349024205058N00149348EA0067300702
B1349034205058N00149348EA0067300702
B1349044205058N00149348EA0067300702
B1349054205058N00149348EA0067300702
B1349064205058N00149348EA0067300702
B1349074205058N00149348EA0067300702
B1349084205058N00149348EA0067300702
B1349094205058N00149348EA0067300702
B1349104205058N00149348EA0067300702
B1349114205058N00149348EA0067300702
B1349124205058N00149348EA0067400702
B1349134205058N00149348EA0067300702
B1349144205058N00149348EA0067300702
B1349154205058N00149348EA0067300702
B1349164205058N00149348EA0067300702
B1349174205058N00149348EA0067400702
B1349184205058N00149348EA0067400702
B1349194205058N00149348EA0067300702
B1349204205058N00149348EA0067300702
B1349214205058N00149348EA0067300702
B1349224205058N00149348EA0067300702
B1349234205058N00149348EA0067300701
B1349244205058N00149348EA0067300701
B1349254205058N00149348EA0067300701
B1349264205058N00149348EA0067300701
B1349274205058N00149348EA0067300701
B1349284205058N00149348EA0067300701
B1349294205058N00149348EA0067300700
B1349304205058N00149348EA0067300700
B1349314205058N00149348EA0067400700
B1349324205058N00149348EA0067300700
B1349334205058N00149348EA0067300700
B1349344205058N00149348EA0067300700
B1349354205058N00149348EA0067300700
B1349364205058N00149347EA0067200700
B1349374205058N00149347EA0067200700
B1349384205058N00149347EA0067300700
B1349394205058N00149347EA0067300700
B1349404205058N00149347EA0067300699
B1349414205058N00149347EA0067300699
B1349424205058N00149347EA0067300699
B1349434205058N00149347EA0067300699
B1349444205058N00149347EA0067300699
B1349454205058N00149347EA0067300699
B1349464205058N00149347EA0067300699
B1349474205058N00149347EA0067300699
B1349484205058N00149347EA0067300699
B1349494205058N00149347EA0067300699
B1349504205058N00149347EA0067300699
B1349514205058N00149347EA0067300699
B1349524205058N00149347EA0067400699
B1349534205058N00149347EA0067400699
B1349544205058N00149347EA0067300699
B1349554205058N00149347EA0067300699
B1349564205058N00149347EA0067300699
B1349574205058N00149347EA0067300699
B1349584205058N00149347EA0067300698
B1349594205058N00149347EA0067300698
B1350004205058N00149347EA0067300698
B1350014205058N00149347EA0067300698
B1350024205058N00149347EA0067300698
B1350034205058N00149347EA0067300698
B1350044205058N00149347EA0067300698
B1350054205058N00149347EA0067300698
B1350064205058N00149347EA0067300698
B1350074205058N00149347EA0067300698
B1350084205058N00149347EA0067400698
B1350094205058N00149347EA0067300698
B1350104205058N00149347EA0067300698
B1350114205058N00149347EA0067300697
B1350124205058N00149347EA0067400697
B1350134205058N00149347EA0067300697
B1350144205058N00149347EA0067300697
B1350154205058N00149347EA0067300697
B1350164205058N00149347EA0067400697
B1350174205058N00149347EA0067400697
B1350184205058N00149347EA0067300697
B1350194205058N00149347EA0067300697
B1350204205058N00149347EA0067300697
B1350214205058N00149347EA0067300697
B1350224205058N00149347EA0067300697
B1350234205058N00149347EA0067300697
B1350244205058N00149347EA0067400697
B1350254205058N00149347EA0067300697
B1350264205058N00149347EA0067300697
B1350274205058N00149346EA0067300697
B1350284205058N00149346EA0067300697
B1350294205058N00149346EA0067300697
B1350304205058N00149346EA0067300696
B1350314205058N00149346EA0067300696
B1350324205058N00149346EA0067300696
B1350334205058N00149346EA0067300696
B1350344205058N00149346EA0067300696
B1350354205058N00149346EA0067300696
B1350364205058N00149346EA0067400696
B1350374205058N00149346EA0067300696
B1350384205058N00149346EA0067300696
B1350394205058N00149346EA0067300696
B1350404205058N00149346EA0067300696
B1350414205058N00149346EA0067400696
B1350424205058N00149346EA0067300696
B1350434205058N00149346EA0067300696
B1350444205058N00149346EA0067300696
B1350454205058N00149346EA0067300696
B1350464205058N00149346EA0067300696
B1350474205058N00149346EA0067300696
B1350484205058N00149346EA0067300697
B1350494205058N00149347EA0067300697
B1350504205058N00149347EA0067400697
B1350514205058N00149347EA0067300697
B1350524205058N00149347EA0067300697
B1350534205058N00149347EA0067300697
B1350544205058N00149347EA0067300697
B1350554205058N00149347EA0067300697
B1350564205058N00149347EA0067300697
B1350574205058N00149347EA0067300697
B1350584205058N00149347EA0067300697
B1350594205058N00149347EA0067300697
B1351004205058N00149347EA0067300697
B1351014205058N00149347EA0067400697
B1351024205058N00149347EA0067400697
B1351034205058N00149347EA0067400697
B1351044205058N00149347EA0067300697
B1351054205058N00149347EA0067300697
B1351064205058N00149347EA0067300697
B1351074205058N00149347EA0067300697
B1351084205058N00149347EA0067300697
B1351094205058N00149347EA0067300697
B1351104205058N00149347EA0067300697
B1351114205058N00149347EA0067300697
B1351124205058N00149347EA0067400697
B1351134205058N00149347EA0067400697
B1351144205058N00149347EA0067300697
B1351154205058N00149347EA0067300697
B1351164205058N00149347EA0067300697
B1351174205058N00149347EA0067300697
B1351184205058N00149347EA0067300697
B1351194205058N00149347EA0067300697
B1351204205058N00149347EA0067300697
B1351214205058N00149347EA0067300697
B1351224205058N00149347EA0067400697
B1351234205058N00149347EA0067300697
B1351244205058N00149347EA0067300697
B1351254205058N00149347EA0067400697
B1351264205058N00149347EA0067300697
B1351274205058N00149347EA0067300697
B1351284205058N00149347EA0067300697
B1351294205058N00149347EA0067300697
B1351304205058N00149347EA0067400697
B1351314205058N00149348EA0067300697
B1351324205058N00149348EA0067300697
B1351334205058N00149348EA0067300697
B1351344205058N00149348EA0067300697
B1351354205058N00149348EA0067300697
B1351364205058N00149348EA0067300697
B1351374205058N00149348EA0067300697
B1351384205058N00149348EA0067300697
B1351394205058N00149348EA0067300697
B1351404205059N00149348EA0067300697
B1351414205058N00149348EA0067300697
B1351424205058N00149348EA0067300697
B1351434205058N00149348EA0067300697
B1351444205058N00149348EA0067300697
B1351454205059N00149348EA0067300697
B1351464205059N00149348EA0067300696
B1351474205059N00149347EA0067300696
B1351484205059N00149347EA0067300696
B1351494205059N00149347EA0067300696
B1351504205059N00149347EA0067300696
B1351514205059N00149347EA0067200696
B1351524205059N00149347EA0067300696
B1351534205059N00149347EA0067300696
B1351544205059N00149347EA0067300696
B1351554205059N00149347EA0067200696
B1351564205059N00149347EA0067300696
B1351574205059N00149347EA0067300696
B1351584205059N00149347EA0067300696
B1351594205059N00149347EA0067300696
B1352004205059N00149347EA0067200696
B1352014205058N00149347EA0067300696
B1352024205058N00149347EA0067300696
B1352034205058N00149347EA0067300696
B1352044205058N00149347EA0067300696
B1352054205058N00149347EA0067200696
B1352064205058N00149347EA0067300696
B1352074205058N00149347EA0067300696
B1352084205058N00149347EA0067200696
B1352094205058N00149347EA0067200696
B1352104205058N00149347EA0067300696
B1352114205058N00149347EA0067300696
B1352124205058N00149347EA0067300696
B1352134205058N00149347EA0067300696
B1352144205058N00149347EA0067300696
B1352154205058N00149347EA0067300696
B1352164205058N00149347EA0067300696
B1352174205058N00149347EA0067300696
B1352184205058N00149347EA0067300697
B1352194205058N00149347EA0067200697
B1352204205058N00149347EA0067300697
B1352214205058N00149347EA0067300697
B1352224205058N00149347EA0067300697
B1352234205058N00149347EA0067300697
B1352244205058N00149347EA0067300697
B1352254205058N00149347EA0067200697
B1352264205058N00149347EA0067200697
B1352274205058N00149347EA0067300697
B1352284205058N00149347EA0067200697
B1352294205058N00149347EA0067200697
B1352304205058N00149347EA0067300697
B1352314205058N00149347EA0067200697
B1352324205058N00149347EA0067300697
B1352334205058N00149347EA0067300697
B1352344205058N00149347EA0067200697
B1352354205058N00149347EA0067300697
B1352364205058N00149347EA0067300697
B1352374205058N00149347EA0067300697
B1352384205058N00149347EA0067300697
B1352394205058N00149347EA0067300697
B1352404205058N00149347EA0067200697
B1352414205058N00149347EA0067200697
B1352424205058N00149347EA0067300697
B1352434205058N00149347EA0067300697
B1352444205058N00149347EA0067300697
B1352454205058N00149347EA0067200697
B1352464205058N00149347EA0067200697
B1352474205058N00149347EA0067300697
B1352484205058N00149347EA0067300697
B1352494205058N00149347EA0067300697
B1352504205058N00149347EA0067300697
B1352514205058N00149347EA0067300697
B1352524205058N00149347EA0067300697
B1352534205058N00149347EA0067200697
B1352544205058N00149347EA0067300697
B1352554205058N00149347EA0067200697
B1352564205058N00149347EA0067300697
B1352574205058N00149347EA0067300697
B1352584205058N00149347EA0067200697
B1352594205058N00149347EA0067300697
B1353004205058N00149347EA0067200697
B1353014205058N00149347EA0067200697
B1353024205058N00149347EA0067300697
B1353034205058N00149347EA0067200697
B1353044205058N00149347EA0067200697
B1353054205058N00149347EA0067300697
B1353064205058N00149347EA0067200697
B1353074205058N00149347EA0067300697
B1353084205058N00149347EA0067200697
B1353094205058N00149347EA0067200697
B1353104205058N00149347EA0067300697
B1353114205058N00149347EA0067300697
B1353124205058N00149347EA0067300697
B1353134205058N00149347EA0067200697
B1353144205058N00149347EA0067200697
B1353154205058N00149347EA0067300697
B1353164205058N00149347EA0067200697
B1353174205058N00149347EA0067300697
B1353184205058N00149347EA0067300697
B1353194205058N00149347EA0067300697
B1353204205058N00149347EA0067200697
B1353214205058N00149347EA0067300697
B1353224205058N00149347EA0067300697
B1353234205058N00149347EA0067300697
B1353244205058N00149347EA0067300697
B1353254205058N00149347EA0067300697
B1353264205058N00149347EA0067300697
B1353274205058N00149347EA0067200697
B1353284205058N00149347EA0067300697
B1353294205058N00149347EA0067300697
B1353304205058N00149347EA0067300697
B1353314205058N00149347EA0067300697
B1353324205058N00149347EA0067300698
B1353334205058N00149347EA0067300698
B1353344205058N00149347EA0067300698
B1353354205058N00149347EA0067400698
B1353364205058N00149347EA0067300698
B1353374205058N00149347EA0067300698
B1353384205058N00149347EA0067300698
B1353394205058N00149347EA0067300698
B1353404205058N00149347EA0067300698
B1353414205058N00149347EA0067300698
B1353424205058N00149347EA0067300698
B1353434205058N00149347EA0067300698
B1353444205058N00149347EA0067300698
B1353454205058N00149347EA0067200698
B1353464205058N00149347EA0067200698
B1353474205058N00149347EA0067200698
B1353484205058N00149347EA0067300698
B1353494205058N00149347EA0067300698
B1353504205058N00149347EA0067300698
B1353514205058N00149347EA0067300698
B1353524205058N00149347EA0067300698
B1353534205058N00149347EA0067300698
B1353544205058N00149347EA0067300698
B1353554205058N00149347EA0067300698
B1353564205058N00149347EA0067300698
B1353574205058N00149347EA0067300697
B1353584205058N00149347EA0067300697
B1353594205058N00149347EA0067300697
B1354004205058N00149347EA0067300697
B1354014205058N00149347EA0067300697
B1354024205058N00149347EA0067200697
B1354034205058N00149347EA0067300697
B1354044205058N00149347EA0067300697
B1354054205058N00149347EA0067300697
B1354064205058N00149347EA0067300697
B1354074205058N00149347EA0067300697
B1354084205058N00149347EA0067300697
B1354094205058N00149347EA0067300697
B1354104205058N00149347EA0067400697
B1354114205058N00149347EA0067300697
B1354124205058N00149347EA0067300697
B1354134205058N00149347EA0067300697
B1354144205058N00149347EA0067200697
B1354154205058N00149347EA0067300697
B1354164205058N00149347EA0067300697
B1354174205058N00149347EA0067300697
B1354184205058N00149347EA0067300697
B1354194205058N00149347EA0067300697
B1354204205058N00149347EA0067300697
B1354214205058N00149346EA0067300697
B1354224205058N00149346EA0067300697
B1354234205058N00149346EA0067300697
B1354244205058N00149346EA0067300697
B1354254205058N00149346EA0067400697
B1354264205058N00149346EA0067300697
B1354274205058N00149346EA0067300697
B1354284205058N00149346EA0067300697
B1354294205058N00149346EA0067300697
B1354304205058N00149346EA0067300697
B1354314205058N00149346EA0067300697
B1354324205058N00149346EA0067300697
B1354334205058N00149346EA0067300697
B1354344205058N00149346EA0067300697
B1354354205058N00149346EA0067300697
B1354364205058N00149346EA0067300697
B1354374205058N00149346EA0067300697
B1354384205058N00149346EA0067300697
B1354394205058N00149346EA0067300697
B1354404205058N00149346EA0067300697
B1354414205058N00149346EA0067300697
B1354424205058N00149346EA0067300697
B1354434205058N00149346EA0067300697
B1354444205058N00149346EA0067300697
B1354454205058N00149346EA0067300697
B1354464205058N00149346EA0067300697
B1354474205058N00149346EA0067300697
B1354484205058N00149346EA0067300697
B1354494205058N00149346EA0067400697
B1354504205058N00149346EA0067300697
B1354514205058N00149346EA0067300697
B1354524205058N00149346EA0067200697
B1354534205058N00149346EA0067200697
B1354544205058N00149346EA0067300697
B1354554205058N00149346EA0067300697
B1354564205058N00149346EA0067300697
B1354574205058N00149346EA0067300697
B1354584205058N00149346EA0067300697
B1354594205058N00149346EA0067300697
B1355004205058N00149346EA0067300696
B1355014205058N00149346EA0067400696
B1355024205058N00149346EA0067300696
B1355034205058N00149346EA0067300696
B1355044205058N00149346EA0067400696
B1355054205058N00149346EA0067300696
B1355064205058N00149346EA0067300696
B1355074205058N00149346EA0067300695
B1355084205058N00149346EA0067300695
B1355094205059N00149346EA0067300695
B1355104205059N00149346EA0067400695
B1355114205059N00149346EA0067300695
B1355124205059N00149346EA0067300695
B1355134205059N00149346EA0067300694
B1355144205059N00149346EA0067300694
B1355154205059N00149346EA0067400694
B1355164205059N00149346EA0067400694
B1355174205059N00149346EA0067400694
B1355184205059N00149346EA0067400694
B1355194205059N00149346EA0067300694
B1355204205059N00149346EA0067300694
B1355214205059N00149346EA0067300694
B1355224205059N00149346EA0067400694
B1355234205059N00149346EA0067300694
B1355244205059N00149346EA0067400694
B1355254205059N00149347EA0067400694
B1355264205059N00149347EA0067400695
B1355274205059N00149347EA0067300695
B1355284205059N00149347EA0067300695
B1355294205059N00149347EA0067400695
B1355304205059N00149347EA0067400695
B1355314205059N00149347EA0067300695
B1355324205059N00149347EA0067300695
B1355334205059N00149347EA0067300695
B1355344205059N00149347EA0067400695
B1355354205059N00149347EA0067300695
B1355364205059N00149347EA0067400695
B1355374205059N00149347EA0067300695
B1355384205059N00149347EA0067300695
B1355394205059N00149347EA0067300695
B1355404205059N00149347EA0067300695
B1355414205059N00149347EA0067400695
B1355424205059N00149347EA0067400695
B1355434205059N00149347EA0067300695
B1355444205059N00149347EA0067400695
B1355454205059N00149347EA0067300695
B1355464205059N00149347EA0067400695
B1355474205059N00149347EA0067400695
B1355484205059N00149347EA0067400695
B1355494205059N00149347EA0067400695
B1355504205059N00149347EA0067300695
B1355514205059N00149347EA0067400695
B1355524205059N00149347EA0067400695
B1355534205059N00149347EA0067400695
B1355544205059N00149347EA0067400695
B1355554205059N00149347EA0067400695
B1355564205059N00149347EA0067400695
B1355574205059N00149347EA0067400695
B1355584205059N00149347EA0067400695
B1355594205059N00149347EA0067400695
B1356004205059N00149347EA0067400695
B1356014205059N00149347EA0067400695
B1356024205059N00149347EA0067400695
B1356034205059N00149346EA0067400695
B1356044205059N00149346EA0067400695
B1356054205059N00149346EA0067400695
B1356064205059N00149346EA0067400695
B1356074205059N00149346EA0067400695
B1356084205059N00149346EA0067400695
B1356094205059N00149346EA0067400695
B1356104205059N00149346EA0067400695
B1356114205059N00149346EA0067300695
B1356124205059N00149346EA0067300695
B1356134205059N00149346EA0067300695
B1356144205059N00149346EA0067300695
B1356154205059N00149346EA0067400695
B1356164205059N00149346EA0067400695
B1356174205059N00149346EA0067300695
B1356184205059N00149346EA0067400695
B1356194205059N00149347EA0067300695
B1356204205059N00149347EA0067400695
B1356214205059N00149347EA0067400695
B1356224205059N00149347EA0067400695
B1356234205059N00149347EA0067400695
B1356244205059N00149347EA0067400695
B1356254205059N00149347EA0067400695
B1356264205059N00149347EA0067400695
B1356274205059N00149347EA0067300695
B1356284205059N00149347EA0067300695
B1356294205059N00149347EA0067400695
B1356304205059N00149347EA0067300695
B1356314205059N00149347EA0067300695
B1356324205059N00149347EA0067400695
B1356334205059N00149347EA0067300695
B1356344205059N00149347EA0067300695
B1356354205059N00149347EA0067300695
B1356364205059N00149347EA0067300695
B1356374205059N00149347EA0067300695
B1356384205059N00149347EA0067300695
B1356394205059N00149347EA0067300695
B1356404205059N00149347EA0067400695
B1356414205059N00149347EA0067300695
B1356424205059N00149347EA0067300695
B1356434205059N00149347EA0067300695
B1356444205059N00149347EA0067300696
B1356454205059N00149347EA0067300696
B1356464205059N00149347EA0067400696
B1356474205059N00149347EA0067400696
B1356484205059N00149347EA0067400696
B1356494205059N00149347EA0067300696
B1356504205059N00149347EA0067400696
B1356514205059N00149347EA0067400696
B1356524205059N00149347EA0067400696
B1356534205059N00149347EA0067300696
B1356544205059N00149347EA0067400696
B1356554205059N00149347EA0067300696
B1356564205059N00149347EA0067300696
B1356574205059N00149347EA0067300696
B1356584205059N00149347EA0067400696
B1356594205059N00149347EA0067400696
B1357004205059N00149347EA0067400696
B1357014205059N00149347EA0067300696
B1357024205059N00149347EA0067300696
B1357034205059N00149347EA0067300697
B1357044205059N00149347EA0067300697
B1357054205059N00149347EA0067300697
B1357064205059N00149347EA0067300697
B1357074205059N00149347EA0067300697
B1357084205059N00149347EA0067300697
B1357094205059N00149347EA0067300697
B1357104205059N00149347EA0067300697
B1357114205059N00149347EA0067400697
B1357124205059N00149347EA0067300697
B1357134205059N00149347EA0067300697
B1357144205059N00149347EA0067300697
B1357154205059N00149347EA0067400697
B1357164205059N00149347EA0067400697
B1357174205059N00149347EA0067300697
B1357184205059N00149347EA0067300697
B1357194205059N00149347EA0067300697
B1357204205059N00149347EA0067300697
B1357214205059N00149347EA0067300697
B1357224205059N00149347EA0067300697
B1357234205059N00149347EA0067400697
B1357244205059N00149347EA0067100697
B1357254205059N00149347EA0067600697
B1357264205058N00149348EA0067300697
B1357274205059N00149348EA0067400697
B1357284205059N00149348EA0067400697
B1357294205059N00149348EA0067400697
B1357304205058N00149348EA0067400697
B1357314205058N00149348EA0067400697
B1357324205058N00149347EA0067400698
B1357334205059N00149347EA0067400698
B1357344205059N00149347EA0067400698
B1357354205059N00149347EA0067400698
B1357364205058N00149346EA0067400698
B1357374205058N00149346EA0067400698
B1357384205059N00149346EA0067400698
B1357394205059N00149346EA0067300698
B1357404205059N00149346EA0067300699
B1357414205059N00149346EA0067300699
B1357424205059N00149346EA0067300699
B1357434205059N00149346EA0067300699
B1357444205059N00149346EA0067400699
B1357454205059N00149346EA0067300699
B1357464205058N00149346EA0067300699
B1357474205059N00149346EA0067300699
B1357484205059N00149346EA0067400699
B1357494205059N00149346EA0067400699
B1357504205059N00149346EA0067300699
B1357514205059N00149346EA0067300699
B1357524205059N00149346EA0067300699
B1357534205059N00149346EA0067400699
B1357544205059N00149346EA0067400699
B1357554205059N00149346EA0067300699
B1357564205059N00149346EA0067300699
B1357574205059N00149346EA0067300699
B1357584205059N00149346EA0067300699
B1357594205059N00149346EA0067300699
B1358004205059N00149346EA0067300699
B1358014205059N00149346EA0067300698
B1358024205059N00149346EA0067300698
B1358034205059N00149346EA0067300698
B1358044205059N00149346EA0067300698
B1358054205059N00149346EA0067300698
B1358064205059N00149346EA0067300698
B1358074205059N00149346EA0067300698
B1358084205059N00149346EA0067300698
B1358094205059N00149346EA0067300698
B1358104205059N00149346EA0067300698
B1358114205059N00149346EA0067300698
B1358124205059N00149346EA0067300697
B1358134205059N00149346EA0067200697
B1358144205059N00149346EA0067300697
B1358154205059N00149345EA0067300697
B1358164205059N00149345EA0067300697
B1358174205059N00149345EA0067300697
B1358184205059N00149345EA0067300697
B1358194205059N00149345EA0067400697
B1358204205059N00149345EA0067300697
B1358214205059N00149345EA0067300697
B1358224205058N00149345EA0067300697
B1358234205058N00149345EA0067300697
B1358244205058N00149345EA0067400698
B1358254205058N00149345EA0067300698
B1358264205058N00149345EA0067300698
B1358274205058N00149345EA0067300698
B1358284205058N00149345EA0067300698
B1358294205059N00149345EA0067400698
B1358304205059N00149345EA0067300698
B1358314205059N00149345EA0067400698
B1358324205059N00149345EA0067300698
B1358334205059N00149345EA0067300697
B1358344205059N00149345EA0067300697
B1358354205059N00149345EA0067300696
B1358364205059N00149345EA0067300697
B1358374205059N00149345EA0067400696
B1358384205059N00149345EA0067300696
B1358394205059N00149345EA0067300696
B1358404205059N00149345EA0067300696
B1358414205059N00149345EA0067300696
B1358424205059N00149344EA0067300696
B1358434205059N00149344EA0067300696
B1358444205059N00149344EA0067300696
B1358454205059N00149344EA0067300696
B1358464205059N00149344EA0067300695
B1358474205059N00149344EA0067300695
B1358484205059N00149344EA0067300695
B1358494205059N00149344EA0067300695
B1358504205059N00149344EA0067300695
B1358514205059N00149344EA0067300695
B1358524205059N00149344EA0067300695
B1358534205059N00149344EA0067300695
B1358544205059N00149344EA0067300695
B1358554205059N00149344EA0067300695
B1358564205059N00149344EA0067300695
B1358574205059N00149344EA0067300695
B1358584205059N00149344EA0067300695
B1358594205059N00149344EA0067300696
B1359004205059N00149345EA0067200696
B1359014205059N00149345EA0067300696
B1359024205059N00149345EA0067200696
B1359034205059N00149345EA0067300696
B1359044205059N00149345EA0067300696
B1359054205059N00149345EA0067300696
B1359064205059N00149345EA0067300696
B1359074205059N00149345EA0067300697
B1359084205059N00149345EA0067400697
B1359094205059N00149345EA0067300697
B1359104205058N00149345EA0067300697
B1359114205058N00149345EA0067300697
B1359124205058N00149345EA0067300697
B1359134205058N00149345EA0067300697
B1359144205058N00149345EA0067300697
B1359154205058N00149345EA0067300697
B1359164205058N00149345EA0067300697
B1359174205058N00149345EA0067300697
B1359184205058N00149345EA0067300697
B1359194205058N00149345EA0067300697
B1359204205058N00149345EA0067300697
B1359214205058N00149345EA0067300697
B1359224205058N00149345EA0067300697
B1359234205058N00149345EA0067300697
B1359244205058N00149345EA0067300697
B1359254205058N00149346EA0067300697
B1359264205058N00149346EA0067300698
B1359274205058N00149346EA0067300698
B1359284205058N00149346EA0067300698
B1359294205058N00149346EA0067300698
B1359304205058N00149346EA0067300699
B1359314205058N00149346EA0067300699
B1359324205058N00149346EA0067200699
B1359334205058N00149346EA0067300699
B1359344205058N00149346EA0067300699
B1359354205058N00149346EA0067300699
B1359364205058N00149346EA0067300699
B1359374205058N00149346EA0067300699
B1359384205058N00149346EA0067300699
B1359394205058N00149346EA0067300699
B1359404205058N00149346EA0067300699
B1359414205058N00149346EA0067300699
B1359424205058N00149346EA0067300699
B1359434205058N00149346EA0067300699
B1359444205058N00149346EA0067300698
B1359454205058N00149346EA0067300698
B1359464205058N00149346EA0067300698
B1359474205058N00149346EA0067300698
B1359484205058N00149346EA0067300698
B1359494205058N00149345EA0067300698
B1359504205058N00149345EA0067300698
B1359514205058N00149345EA0067300698
B1359524205058N00149345EA0067300698
B1359534205058N00149345EA0067300698
B1359544205058N00149345EA0067300698
B1359554205058N00149345EA0067300698
B1359564205058N00149345EA0067300698
B1359574205058N00149345EA0067300698
B1359584205058N00149345EA0067300698
B1359594205058N00149345EA0067300698
B1400004205058N00149345EA0067300697
B1400014205058N00149345EA0067200697
B1400024205058N00149345EA0067200697
B1400034205058N00149345EA0067300697
B1400044205058N00149345EA0067300697
B1400054205058N00149345EA0067200697
B1400064205058N00149345EA0067200696
B1400074205058N00149345EA0067300696
B1400084205058N00149345EA0067200696
B1400094205058N00149345EA0067300696
B1400104205059N00149345EA0067300696
B1400114205059N00149345EA0067300696
B1400124205058N00149345EA0067200696
B1400134205058N00149345EA0067300697
B1400144205058N00149345EA0067200697
B1400154205058N00149345EA0067000697
B1400164205058N00149346EA0067400698
B1400174205058N00149346EA0067000698
B1400184205058N00149346EA0067400699
B1400194205058N00149346EA0067400698
B1400204205058N00149346EA0067300699
B1400214205058N00149346EA0067300699
B1400224205058N00149346EA0067300699
B1400234205058N00149346EA0067300699
B1400244205058N00149346EA0067200699
B1400254205058N00149346EA0067400699
B1400264205058N00149346EA0067300699
B1400274205058N00149346EA0067400699
B1400284205058N00149346EA0067200699
B1400294205058N00149346EA0067300699
B1400304205058N00149346EA0067200699
B1400314205058N00149346EA0067300699
B1400324205058N00149346EA0066900699
B1400334205058N00149346EA0067200699
B1400344205058N00149346EA0067500699
B1400354205058N00149346EA0067400699
B1400364205058N00149346EA0067400699
B1400374205058N00149346EA0067300699
B1400384205058N00149346EA0067400699
B1400394205058N00149346EA0067400700
B1400404205058N00149347EA0067300700
B1400414205058N00149347EA0067300700
B1400424205058N00149347EA0067400700
B1400434205058N00149347EA0067300701
B1400444205058N00149347EA0067400700
B1400454205058N00149347EA0067300701
B1400464205058N00149347EA0067300701
B1400474205058N00149347EA0067300701
B1400484205058N00149347EA0067300701
B1400494205058N00149347EA0067300701
B1400504205058N00149347EA0067300701
B1400514205058N00149347EA0067300700
B1400524205058N00149347EA0067300700
B1400534205058N00149347EA0067300700
B1400544205058N00149347EA0067300700
B1400554205058N00149347EA0067300700
B1400564205058N00149347EA0067300700
B1400574205058N00149347EA0067300700
B1400584205058N00149347EA0067300700
B1400594205058N00149347EA0067400700
B1401004205058N00149347EA0067300700
B1401014205058N00149347EA0067300700
B1401024205058N00149347EA0067200700
B1401034205058N00149347EA0067300700
B1401044205058N00149346EA0067200700
B1401054205058N00149346EA0067300700
B1401064205058N00149346EA0067300700
B1401074205058N00149347EA0067300699
B1401084205058N00149347EA0067300699
B1401094205058N00149347EA0067300699
B1401104205058N00149347EA0067300699
B1401114205058N00149347EA0067300699
B1401124205058N00149347EA0067300699
B1401134205058N00149347EA0067300699
B1401144205058N00149347EA0067300699
B1401154205058N00149347EA0067300699
B1401164205058N00149347EA0067300699
B1401174205058N00149347EA0067300699
B1401184205058N00149347EA0067300699
B1401194205058N00149347EA0067300699
B1401204205058N00149347EA0067300698
B1401214205058N00149347EA0067300698
B1401224205058N00149347EA0067300698
B1401234205058N00149347EA0067300698
B1401244205058N00149347EA0067300698
B1401254205058N00149347EA0067300698
B1401264205058N00149347EA0067300698
B1401274205058N00149347EA0067200698
B1401284205058N00149347EA0067300698
B1401294205058N00149347EA0067300698
B1401304205058N00149347EA0067300698
B1401314205058N00149347EA0067300698
B1401324205058N00149347EA0067300698
B1401334205058N00149347EA0067200698
B1401344205058N00149347EA0067300698
B1401354205058N00149347EA0067200698
B1401364205058N00149347EA0067300698
B1401374205058N00149347EA0067300698
B1401384205058N00149347EA0067300698
B1401394205058N00149347EA0067300698
B1401404205058N00149347EA0067300698
B1401414205058N00149347EA0067300698
B1401424205058N00149347EA0067300698
B1401434205058N00149347EA0067300698
B1401444205058N00149347EA0067300698
B1401454205058N00149347EA0067300698
B1401464205058N00149347EA0067300698
B1401474205058N00149347EA0067300698
B1401484205058N00149347EA0067300698
B1401494205058N00149347EA0067300698
B1401504205058N00149347EA0067300698
B1401514205058N00149347EA0067300698
B1401524205058N00149347EA0067300698
B1401534205058N00149347EA0067200698
B1401544205058N00149347EA0067200697
B1401554205058N00149347EA0067300697
B1401564205058N00149347EA0067300697
B1401574205058N00149347EA0067300697
B1401584205058N00149347EA0067200697
B1401594205058N00149347EA0067300697
B1402004205058N00149347EA0067200697
B1402014205058N00149347EA0067200697
B1402024205058N00149347EA0067300697
B1402034205058N00149347EA0067200697
B1402044205058N00149347EA0067200697
B1402054205058N00149347EA0067300697
B1402064205058N00149347EA0067200697
B1402074205058N00149347EA0067300697
B1402084205058N00149347EA0067200697
B1402094205058N00149347EA0067300697
B1402104205058N00149347EA0067200697
B1402114205058N00149347EA0067300697
B1402124205058N00149347EA0067300697
B1402134205058N00149347EA0067300697
B1402144205058N00149347EA0067300697
B1402154205058N00149347EA0067300697
B1402164205058N00149347EA0067300697
B1402174205058N00149347EA0067200697
B1402184205058N00149347EA0067300697
B1402194205058N00149347EA0067300697
B1402204205058N00149347EA0067300697
B1402214205058N00149347EA0067300697
B1402224205058N00149347EA0067300697
B1402234205058N00149347EA0067200697
B1402244205058N00149347EA0067200697
B1402254205058N00149347EA0067300697
B1402264205058N00149347EA0067300697
B1402274205058N00149347EA0067300697
B1402284205058N00149347EA0067300697
B1402294205058N00149347EA0067300697
B1402304205058N00149347EA0067200697
B1402314205058N00149347EA0067300697
B1402324205058N00149347EA0067300697
B1402334205058N00149347EA0067300697
B1402344205058N00149347EA0067300697
B1402354205058N00149347EA0067300697
B1402364205058N00149347EA0067300697
B1402374205058N00149347EA0067300697
B1402384205058N00149347EA0067300697
B1402394205058N00149347EA0067300696
B1402404205058N00149347EA0067400696
B1402414205058N00149347EA0067400696
B1402424205058N00149347EA0067200696
B1402434205058N00149347EA0067200696
B1402444205058N00149347EA0067300696
B1402454205058N00149347EA0067300696
B1402464205058N00149347EA0067300696
B1402474205058N00149347EA0067200696
B1402484205058N00149347EA0067300696
B1402494205058N00149347EA0067300696
B1402504205058N00149347EA0067300696
B1402514205058N00149347EA0067300696
B1402524205058N00149347EA0067300696
B1402534205058N00149347EA0067300696
B1402544205058N00149347EA0067300696
B1402554205058N00149347EA0067300696
B1402564205058N00149347EA0067300696
B1402574205058N00149347EA0067300696
B1402584205058N00149347EA0067300696
B1402594205058N00149347EA0067300696
B1403004205058N00149347EA0067300696
B1403014205059N00149347EA0067300696
B1403024205059N00149347EA0067300696
B1403034205059N00149347EA0067300696
B1403044205059N00149347EA0067300696
B1403054205059N00149347EA0067300696
B1403064205058N00149347EA0067300696
B1403074205058N00149347EA0067300696
B1403084205058N00149347EA0067300696
B1403094205058N00149347EA0067300696
B1403104205058N00149347EA0067200696
B1403114205058N00149347EA0067300696
B1403124205058N00149347EA0067300696
B1403134205058N00149347EA0067300696
B1403144205059N00149347EA0067300696
B1403154205059N00149347EA0067300696
B1403164205059N00149347EA0067200696
B1403174205059N00149347EA0067300696
B1403184205059N00149347EA0067300696
B1403194205059N00149347EA0067300696
B1403204205059N00149347EA0067300696
B1403214205059N00149347EA0067300696
B1403224205059N00149347EA0067300696
B1403234205059N00149347EA0067300696
B1403244205059N00149347EA0067200696
B1403254205059N00149347EA0067300696
B1403264205058N00149347EA0067300696
B1403274205058N00149347EA0067300696
B1403284205058N00149347EA0067200696
B1403294205059N00149347EA0067300696
B1403304205059N00149347EA0067200696
B1403314205059N00149347EA0067200696
B1403324205059N00149347EA0067300696
B1403334205059N00149347EA0067300696
B1403344205059N00149347EA0067200696
B1403354205059N00149347EA0067300696
B1403364205059N00149346EA0067300696
B1403374205059N00149346EA0067300696
B1403384205059N00149346EA0067300696
B1403394205059N00149346EA0067200696
B1403404205059N00149346EA0067300696
B1403414205059N00149346EA0067300696
B1403424205059N00149346EA0067300696
B1403434205059N00149346EA0067200696
B1403444205059N00149346EA0067300696
B1403454205059N00149346EA0067300696
B1403464205059N00149346EA0067300696
B1403474205059N00149346EA0067300696
B1403484205059N00149346EA0067300696
B1403494205059N00149346EA0067300696
B1403504205059N00149346EA0067300696
B1403514205059N00149346EA0067300696
B1403524205059N00149346EA0067200696
B1403534205059N00149346EA0067300696
B1403544205059N00149346EA0067300696
B1403554205059N00149346EA0067300696
B1403564205059N00149346EA0067300696
B1403574205059N00149346EA0067300696
B1403584205059N00149346EA0067300696
B1403594205059N00149346EA0067200696
B1404004205059N00149346EA0067300696
B1404014205059N00149346EA0067300696
B1404024205059N00149346EA0067300697
B1404034205059N00149346EA0067300697
B1404044205059N00149345EA0067300697
B1404054205059N00149345EA0067200697
B1404064205059N00149345EA0067300697
B1404074205059N00149345EA0067300697
B1404084205059N00149345EA0067300697
B1404094205059N00149345EA0067300697
B1404104205059N00149345EA0067300697
B1404114205059N00149345EA0067300697
B1404124205059N00149345EA0067300697
B1404134205059N00149346EA0067300697
B1404144205058N00149346EA0067300697
B1404154205058N00149346EA0067300697
B1404164205058N00149346EA0067300697
B1404174205058N00149346EA0067300697
B1404184205058N00149346EA0067300697
B1404194205058N00149346EA0067300697
B1404204205058N00149346EA0067300697
B1404214205058N00149345EA0067300697
B1404224205058N00149345EA0067300697
B1404234205058N00149345EA0067300697
B1404244205058N00149345EA0067300697
B1404254205058N00149345EA0067300697
B1404264205058N00149345EA0067300697
B1404274205058N00149345EA0067300697
B1404284205058N00149345EA0067300697
B1404294205058N00149345EA0067300697
B1404304205058N00149345EA0067300697
B1404314205058N00149345EA0067300697
B1404324205058N00149345EA0067300697
B1404334205058N00149345EA0067300697
B1404344205058N00149345EA0067300697
B1404354205058N00149345EA0067300697
B1404364205058N00149345EA0067300697
B1404374205058N00149345EA0067300698
B1404384205058N00149345EA0067300698
B1404394205058N00149345EA0067300698
B1404404205058N00149345EA0067300698
B1404414205058N00149345EA0067300698
B1404424205058N00149345EA0067300698
B1404434205058N00149345EA0067300697
B1404444205058N00149345EA0067200697
B1404454205058N00149345EA0067200697
B1404464205058N00149345EA0067300697
B1404474205058N00149345EA0067300697
B1404484205058N00149345EA0067200697
B1404494205058N00149345EA0067300697
B1404504205058N00149345EA0067300697
B1404514205058N00149345EA0067300697
B1404524205058N00149345EA0067300697
B1404534205058N00149345EA0067300697
B1404544205058N00149345EA0067200697
B1404554205058N00149345EA0067300697
B1404564205058N00149345EA0067300697
B1404574205058N00149345EA0067300697
B1404584205058N00149345EA0067300697
B1404594205058N00149345EA0067300697
B1405004205058N00149345EA0067300697
B1405014205058N00149345EA0067300697
B1405024205058N00149345EA0067300697
B1405034205059N00149345EA0067300697
B1405044205059N00149345EA0067300697
B1405054205059N00149345EA0067300697
B1405064205059N00149345EA0067300697
B1405074205059N00149345EA0067300697
B1405084205059N00149345EA0067200697
B1405094205059N00149345EA0067300697
B1405104205059N00149345EA0067300697
B1405114205059N00149345EA0067300697
B1405124205059N00149345EA0067300697
B1405134205059N00149345EA0067300697
B1405144205059N00149345EA0067300697
B1405154205058N00149345EA0067300697
B1405164205058N00149345EA0067300697
B1405174205058N00149345EA0067300697
B1405184205058N00149345EA0067300697
B1405194205058N00149345EA0067300697
B1405204205058N00149345EA0067300697
B1405214205058N00149345EA0067300697
B1405224205058N00149345EA0067300697
B1405234205058N00149345EA0067300697
B1405244205058N00149345EA0067300697
B1405254205058N00149345EA0067300697
B1405264205058N00149345EA0067300697
B1405274205058N00149345EA0067300697
B1405284205058N00149345EA0067300697
B1405294205058N00149345EA0067300697
B1405304205058N00149345EA0067300697
B1405314205058N00149345EA0067300697
B1405324205058N00149345EA0067300697
B1405334205058N00149345EA0067300697
B1405344205058N00149345EA0067300697
B1405354205058N00149345EA0067300698
B1405364205058N00149345EA0067300697
B1405374205058N00149345EA0067300697
B1405384205058N00149345EA0067300697
B1405394205058N00149345EA0067300697
B1405404205058N00149345EA0067300697
B1405414205058N00149345EA0067300697
B1405424205058N00149345EA0067300697
B1405434205058N00149345EA0067300697
B1405444205058N00149345EA0067300697
B1405454205058N00149345EA0067300697
B1405464205058N00149345EA0067300697
B1405474205058N00149345EA0067300697
B1405484205058N00149345EA0067300697
B1405494205058N00149345EA0067300697
B1405504205058N00149345EA0067300697
B1405514205058N00149345EA0067300697
B1405524205058N00149345EA0067300697
B1405534205058N00149345EA0067300697
B1405544205058N00149345EA0067200697
B1405554205058N00149345EA0067300697
B1405564205058N00149345EA0067300697
B1405574205058N00149345EA0067300697
B1405584205058N00149345EA0067300697
B1405594205058N00149345EA0067300697
B1406004205058N00149345EA0067300697
B1406014205058N00149345EA0067300697
B1406024205058N00149345EA0067300697
B1406034205058N00149345EA0067300697
B1406044205058N00149345EA0067300697
B1406054205058N00149345EA0067300697
B1406064205058N00149345EA0067300698
B1406074205058N00149345EA0067300698
B1406084205058N00149345EA0067300698
B1406094205058N00149345EA0067300698
B1406104205058N00149345EA0067300698
B1406114205058N00149345EA0067300698
B1406124205058N00149345EA0067300698
B1406134205058N00149345EA0067300698
B1406144205058N00149345EA0067300698
B1406154205058N00149345EA0067300698
B1406164205058N00149345EA0067300698
B1406174205058N00149345EA0067300698
B1406184205058N00149345EA0067300698
B1406194205058N00149345EA0067300698
B1406204205058N00149345EA0067300698
B1406214205058N00149345EA0067300698
B1406224205058N00149345EA0067300698
B1406234205058N00149345EA0067300698
B1406244205058N00149345EA0067300698
B1406254205058N00149345EA0067300698
B1406264205058N00149345EA0067300698
B1406274205058N00149345EA0067300698
B1406284205058N00149345EA0067300698
B1406294205058N00149345EA0067300698
B1406304205058N00149345EA0067300698
B1406314205058N00149345EA0067300698
B1406324205058N00149345EA0067300698
B1406334205058N00149345EA0067300698
B1406344205058N00149345EA0067300698
B1406354205058N00149345EA0067300698
B1406364205058N00149345EA0067400698
B1406374205058N00149345EA0067400698
B1406384205058N00149345EA0067300698
B1406394205058N00149345EA0067300698
B1406404205058N00149345EA0067300698
B1406414205058N00149345EA0067300698
B1406424205058N00149345EA0067300698
B1406434205058N00149345EA0067300698
B1406444205058N00149345EA0067300698
B1406454205058N00149345EA0067300698
B1406464205058N00149345EA0067300698
B1406474205058N00149345EA0067300698
B1406484205058N00149345EA0067300698
B1406494205058N00149345EA0067300698
B1406504205058N00149345EA0067300698
B1406514205058N00149345EA0067300698
B1406524205058N00149345EA0067300698
B1406534205058N00149345EA0067400698
B1406544205058N00149345EA0067300698
B1406554205058N00149345EA0067300698
B1406564205058N00149345EA0067300698
B1406574205058N00149345EA0067300698
B1406584205058N00149345EA0067300698
B1406594205058N00149345EA0067200698
B1407004205058N00149345EA0067300698
B1407014205058N00149345EA0067300698
B1407024205058N00149345EA0067300698
B1407034205058N00149345EA0067300698
B1407044205058N00149345EA0067300698
B1407054205058N00149345EA0067300698
B1407064205058N00149345EA0067300698
B1407074205058N00149345EA0067300698
B1407084205058N00149345EA0067200698
B1407094205058N00149345EA0067300697
B1407104205058N00149345EA0067300697
B1407114205058N00149345EA0067300697
B1407124205058N00149345EA0067200697
B1407134205058N00149345EA0067300697
B1407144205058N00149345EA0067300697
B1407154205058N00149345EA0067300697
B1407164205058N00149345EA0067300697
B1407174205058N00149345EA0067300697
B1407184205058N00149345EA0067400697
B1407194205058N00149345EA0067300697
B1407204205058N00149345EA0067300698
B1407214205058N00149345EA0067300698
B1407224205058N00149345EA0067300698
B1407234205058N00149345EA0067300698
B1407244205058N00149345EA0067400698
B1407254205058N00149345EA0067300698
B1407264205058N00149345EA0067300698
B1407274205058N00149345EA0067300698
B1407284205058N00149345EA0067300698
B1407294205058N00149345EA0067300698
B1407304205058N00149345EA0067300698
B1407314205058N00149345EA0067300698
B1407324205058N00149345EA0067300698
B1407334205058N00149345EA0067300698
B1407344205058N00149345EA0067300698
B1407354205058N00149345EA0067300698
B1407364205058N00149345EA0067300698
B1407374205058N00149345EA0067300698
B1407384205058N00149345EA0067300698
B1407394205058N00149345EA0067300697
B1407404205058N00149345EA0067300697
B1407414205058N00149345EA0067300697
B1407424205058N00149345EA0067200697
B1407434205058N00149345EA0067300697
B1407444205058N00149345EA0067300697
B1407454205058N00149345EA0067300697
B1407464205058N00149345EA0067300697
B1407474205058N00149345EA0067300697
B1407484205058N00149345EA0067300697
B1407494205058N00149345EA0067300697
B1407504205058N00149345EA0067300697
B1407514205058N00149345EA0067300697
B1407524205058N00149345EA0067300697
B1407534205058N00149345EA0067300697
B1407544205058N00149345EA0067300697
B1407554205058N00149345EA0067400697
B1407564205058N00149345EA0067300697
B1407574205058N00149345EA0067300697
B1407584205058N00149345EA0067200697
B1407594205058N00149346EA0066900697
B1408004205058N00149346EA0067200697
B1408014205058N00149346EA0067100697
B1408024205058N00149346EA0067700696
B1408034205058N00149346EA0067300697
B1408044205058N00149346EA0067200697
B1408054205058N00149346EA0067300696
B1408064205058N00149346EA0067200697
B1408074205058N00149346EA0067200697
B1408084205058N00149346EA0067200697
B1408094205058N00149346EA0067300696
B1408104205058N00149346EA0067300696
B1408114205058N00149346EA0067200696
B1408124205058N00149346EA0067300696
B1408134205058N00149346EA0067300696
B1408144205058N00149346EA0067300696
B1408154205058N00149346EA0067300696
B1408164205058N00149346EA0067200696
B1408174205058N00149346EA0067200696
B1408184205058N00149346EA0067200696
B1408194205058N00149346EA0067300696
B1408204205058N00149346EA0067300696
B1408214205058N00149346EA0067300696
B1408224205058N00149346EA0067300695
B1408234205058N00149346EA0067300695
B1408244205058N00149346EA0067300695
B1408254205058N00149346EA0067300695
B1408264205058N00149346EA0067300695
B1408274205058N00149346EA0067300695
B1408284205058N00149346EA0067300695
B1408294205058N00149346EA0067300696
B1408304205058N00149346EA0067400696
B1408314205058N00149346EA0067300696
B1408324205058N00149346EA0067300696
B1408334205058N00149346EA0067300696
B1408344205058N00149346EA0067300696
B1408354205058N00149346EA0067300696
B1408364205058N00149346EA0067300696
B1408374205058N00149347EA0067300696
B1408384205058N00149347EA0067300696
B1408394205058N00149347EA0067300696
B1408404205058N00149347EA0067300696
B1408414205058N00149347EA0067300696
B1408424205058N00149347EA0067300696
B1408434205058N00149347EA0067300696
B1408444205058N00149347EA0067300696
B1408454205058N00149347EA0067300696
B1408464205058N00149347EA0067300696
B1408474205058N00149347EA0067300696
B1408484205058N00149347EA0067300696
B1408494205058N00149347EA0067300696
B1408504205058N00149347EA0067300696
B1408514205058N00149347EA0067300696
B1408524205058N00149347EA0067300696
B1408534205059N00149347EA0067300696
B1408544205059N00149347EA0067200696
B1408554205059N00149347EA0067300696
B1408564205059N00149347EA0067200696
B1408574205059N00149347EA0067300696
B1408584205059N00149347EA0067300696
B1408594205059N00149347EA0067300696
B1409004205059N00149347EA0067300696
B1409014205059N00149347EA0067300697
B1409024205059N00149347EA0067300697
B1409034205059N00149347EA0067300697
B1409044205059N00149347EA0067200697
B1409054205059N00149347EA0067300697
B1409064205059N00149347EA0067200697
B1409074205059N00149347EA0067300697
B1409084205059N00149347EA0067300697
B1409094205059N00149347EA0067300697
B1409104205059N00149347EA0067300697
B1409114205059N00149347EA0067300697
B1409124205059N00149347EA0067300697
B1409134205059N00149347EA0067300697
B1409144205059N00149347EA0067300697
B1409154205059N00149347EA0067300697
B1409164205059N00149347EA0067300697
B1409174205059N00149347EA0067300697
B1409184205059N00149347EA0067300697
B1409194205059N00149347EA0067300697
B1409204205059N00149347EA0067300697
B1409214205059N00149347EA0067300697
B1409224205059N00149347EA0067300698
B1409234205059N00149347EA0067300697
B1409244205059N00149347EA0067300697
B1409254205059N00149347EA0067300697
B1409264205059N00149347EA0067300697
B1409274205059N00149347EA0067300697
B1409284205059N00149347EA0067200697
B1409294205059N00149347EA0067300697
B1409304205059N00149347EA0067300697
B1409314205059N00149347EA0067300697
B1409324205059N00149347EA0067300697
B1409334205059N00149347EA0067300697
B1409344205059N00149347EA0067300697
B1409354205059N00149347EA0067300697
B1409364205059N00149347EA0067200697
B1409374205059N00149347EA0067300697
B1409384205059N00149347EA0067300697
B1409394205059N00149347EA0067300697
B1409404205059N00149347EA0067300697
B1409414205059N00149347EA0067300697
B1409424205059N00149347EA0067300697
B1409434205059N00149347EA0067300697
B1409444205059N00149347EA0067300697
B1409454205058N00149347EA0067300697
B1409464205058N00149347EA0067300697
B1409474205058N00149347EA0067300697
B1409484205058N00149347EA0067300697
B1409494205058N00149347EA0067300697
B1409504205058N00149347EA0067300697
B1409514205058N00149347EA0067300697
B1409524205058N00149347EA0067200697
B1409534205058N00149347EA0067300697
B1409544205058N00149347EA0067300697
B1409554205058N00149347EA0067300697
B1409564205058N00149347EA0067300697
B1409574205058N00149347EA0067300697
B1409584205058N00149347EA0067200697
B1409594205058N00149347EA0067300697
B1410004205058N00149347EA0067200697
B1410014205058N00149347EA0067200698
B1410024205058N00149347EA0067300698
B1410034205058N00149347EA0067300698
B1410044205058N00149347EA0067300698
B1410054205058N00149347EA0067200698
B1410064205058N00149347EA0067300698
B1410074205058N00149347EA0067200698
B1410084205058N00149347EA0067300698
B1410094205058N00149347EA0067300698
B1410104205058N00149347EA0067300698
B1410114205058N00149347EA0067300698
B1410124205058N00149347EA0067400698
B1410134205058N00149347EA0067300698
B1410144205058N00149347EA0067300698
B1410154205058N00149347EA0067300698
B1410164205058N00149347EA0067300698
B1410174205058N00149347EA0067300698
B1410184205058N00149347EA0067300698
B1410194205058N00149347EA0067300698
B1410204205058N00149347EA0067300698
B1410214205058N00149347EA0067300698
B1410224205058N00149347EA0067300697
B1410234205058N00149347EA0067200697
B1410244205058N00149347EA0067300697
B1410254205058N00149347EA0067300697
B1410264205058N00149347EA0067300697
B1410274205058N00149347EA0067300697
B1410284205058N00149347EA0067300697
B1410294205058N00149347EA0067200697
B1410304205058N00149347EA0067200697
B1410314205058N00149347EA0067300697
B1410324205058N00149347EA0067300697
B1410334205058N00149347EA0067300697
B1410344205058N00149347EA0067300697
B1410354205058N00149347EA0067200697
B1410364205058N00149347EA0067300697
B1410374205058N00149347EA0067300697
B1410384205058N00149347EA0067300697
B1410394205058N00149347EA0067300697
B1410404205058N00149347EA0067300697
B1410414205058N00149347EA0067300697
B1410424205058N00149347EA0067300697
B1410434205058N00149347EA0067300697
B1410444205058N00149347EA0067300697
B1410454205058N00149347EA0067300697
B1410464205058N00149347EA0067200697
B1410474205058N00149347EA0067300697
B1410484205058N00149347EA0067300697
B1410494205058N00149347EA0067300697
B1410504205058N00149347EA0067300697
B1410514205058N00149347EA0067300697
B1410524205058N00149347EA0067200697
B1410534205058N00149347EA0067300697
B1410544205058N00149347EA0067300697
B1410554205058N00149347EA0067300697
B1410564205058N00149347EA0067300697
B1410574205058N00149347EA0067200697
B1410584205058N00149347EA0067300697
B1410594205058N00149347EA0067300697
B1411004205058N00149347EA0067300697
B1411014205058N00149347EA0067300697
B1411024205058N00149347EA0067300697
B1411034205058N00149347EA0067300697
B1411044205058N00149347EA0067300697
B1411054205058N00149347EA0067300697
B1411064205058N00149347EA0067300697
B1411074205058N00149347EA0067200697
B1411084205058N00149347EA0067300697
B1411094205058N00149347EA0067300697
B1411104205058N00149347EA0067300697
B1411114205058N00149347EA0067200697
B1411124205058N00149347EA0067300697
B1411134205058N00149347EA0067300697
B1411144205058N00149347EA0067200697
B1411154205058N00149347EA0067300697
B1411164205058N00149347EA0067300697
B1411174205058N00149347EA0067300697
B1411184205058N00149347EA0067300697
B1411194205058N00149347EA0067300697
B1411204205058N00149347EA0067300697
B1411214205058N00149347EA0067300697
B1411224205058N00149347EA0067300697
B1411234205058N00149348EA0067300697
B1411244205058N00149348EA0067300697
B1411254205058N00149348EA0067300697
B1411264205059N00149348EA0067300697
B1411274205058N00149348EA0067300697
B1411284205058N00149348EA0067300697
B1411294205058N00149348EA0067300697
B1411304205058N00149348EA0067300697
B1411314205058N00149348EA0067300697
B1411324205058N00149347EA0067300697
B1411334205058N00149347EA0067300697
B1411344205058N00149347EA0067300697
B1411354205058N00149347EA0067300697
B1411364205058N00149347EA0067300697
B1411374205058N00149347EA0067200697
B1411384205058N00149347EA0067300697
B1411394205058N00149347EA0067300697
B1411404205058N00149347EA0067300697
B1411414205058N00149347EA0067200697
B1411424205058N00149347EA0067200697
B1411434205058N00149347EA0067200697
B1411444205058N00149347EA0067300697
B1411454205058N00149347EA0067300697
B1411464205058N00149347EA0067300697
B1411474205058N00149347EA0067300697
B1411484205058N00149347EA0067300697
B1411494205058N00149347EA0067300697
B1411504205058N00149347EA0067200697
B1411514205058N00149347EA0067300697
B1411524205058N00149347EA0067300697
B1411534205058N00149347EA0067200697
B1411544205058N00149347EA0067200697
B1411554205058N00149347EA0067200697
B1411564205058N00149347EA0067300697
B1411574205058N00149347EA0067200697
B1411584205059N00149347EA0067300698
B1411594205058N00149347EA0067400698
B1412004205058N00149347EA0067300698
B1412014205058N00149347EA0067300698
B1412024205058N00149347EA0067200698
B1412034205059N00149347EA0067400698
B1412044205059N00149347EA0067300698
B1412054205059N00149347EA0067300698
B1412064205059N00149347EA0067300698
B1412074205059N00149347EA0067300697
B1412084205059N00149347EA0067300697
B1412094205059N00149347EA0067300697
B1412104205059N00149347EA0067200697
B1412114205059N00149347EA0067200697
B1412124205059N00149347EA0067200697
B1412134205059N00149347EA0067300697
B1412144205059N00149347EA0067300697
B1412154205059N00149347EA0067300697
B1412164205059N00149347EA0067200697
B1412174205059N00149347EA0067200697
B1412184205059N00149347EA0067300697
B1412194205059N00149347EA0067300697
B1412204205059N00149347EA0067300697
B1412214205058N00149347EA0067300697
B1412224205058N00149347EA0067300697
B1412234205058N00149347EA0067300697
B1412244205058N00149347EA0067200696
B1412254205058N00149347EA0067200696
B1412264205058N00149347EA0067200696
B1412274205058N00149347EA0067300697
B1412284205058N00149347EA0067200697
B1412294205058N00149347EA0067300697
B1412304205058N00149347EA0067300697
B1412314205058N00149347EA0067300697
B1412324205058N00149347EA0067200697
B1412334205058N00149347EA0067300697
B1412344205058N00149347EA0067400697
B1412354205058N00149347EA0067300697
B1412364205058N00149347EA0067300697
B1412374205058N00149346EA0067500698
B1412384205058N00149346EA0067300698
B1412394205058N00149346EA0067300699
B1412404205058N00149346EA0067500699
B1412414205058N00149346EA0067400699
B1412424205058N00149346EA0067300699
B1412434205058N00149346EA0067400699
B1412444205058N00149346EA0067400699
B1412454205058N00149346EA0067400699
B1412464205058N00149346EA0067200699
B1412474205058N00149346EA0067200699
B1412484205058N00149346EA0067300699
B1412494205058N00149346EA0067300699
B1412504205058N00149346EA0067200699
B1412514205058N00149346EA0067300699
B1412524205058N00149346EA0067300699
B1412534205058N00149346EA0067200699
B1412544205058N00149346EA0067200699
B1412554205058N00149346EA0067200699
B1412564205058N00149346EA0067200699
B1412574205058N00149346EA0067300699
B1412584205058N00149346EA0067200700
B1412594205058N00149346EA0067200700
B1413004205058N00149346EA0067300700
B1413014205058N00149346EA0067200700
B1413024205058N00149346EA0067300700
B1413034205058N00149346EA0067300700
B1413044205058N00149346EA0067200700
B1413054205058N00149346EA0067200700
B1413064205058N00149346EA0067300700
B1413074205058N00149346EA0067300700
B1413084205058N00149346EA0067200700
B1413094205058N00149346EA0067300700
B1413104205058N00149346EA0067300700
B1413114205058N00149346EA0067200699
B1413124205058N00149346EA0067200699
B1413134205058N00149346EA0067300699
B1413144205058N00149346EA0067300699
B1413154205058N00149346EA0067300699
B1413164205058N00149346EA0067300699
B1413174205058N00149346EA0067300699
B1413184205058N00149346EA0067300699
B1413194205058N00149346EA0067300699
B1413204205058N00149346EA0067300699
B1413214205058N00149346EA0067300699
B1413224205058N00149346EA0067300699
B1413234205058N00149346EA0067300699
B1413244205058N00149346EA0067300699
B1413254205058N00149346EA0067300699
B1413264205058N00149346EA0067300699
B1413274205058N00149346EA0067300699
B1413284205058N00149346EA0067300699
B1413294205058N00149346EA0067300699
B1413304205058N00149346EA0067300699
B1413314205058N00149346EA0067200699
B1413324205058N00149346EA0067200699
B1413334205058N00149346EA0067200699
B1413344205058N00149346EA0067300699
B1413354205058N00149346EA0067200699
B1413364205058N00149346EA0067200699
B1413374205058N00149346EA0067200699
B1413384205058N00149346EA0067200699
B1413394205058N00149346EA0067200699
B1413404205058N00149346EA0067200699
B1413414205058N00149346EA0067300699
B1413424205058N00149346EA0067200700
B1413434205058N00149346EA0067200700
B1413444205058N00149346EA0067200700
B1413454205058N00149346EA0067300700
B1413464205058N00149346EA0067300700
B1413474205058N00149346EA0067200700
B1413484205058N00149346EA0067200700
B1413494205058N00149346EA0067200700
B1413504205058N00149346EA0067200700
B1413514205058N00149346EA0067200700
B1413524205058N00149346EA0067200700
B1413534205058N00149346EA0067200700
B1413544205058N00149346EA0067200700
B1413554205058N00149346EA0067200700
B1413564205058N00149346EA0067200700
B1413574205058N00149346EA0067200700
B1413584205058N00149346EA0067200700
B1413594205058N00149346EA0067200700
B1414004205058N00149346EA0067200700
B1414014205058N00149346EA0067200700
B1414024205058N00149346EA0067200700
B1414034205058N00149346EA0067300700
B1414044205058N00149346EA0067200700
B1414054205058N00149346EA0067300700
B1414064205058N00149346EA0067200700
B1414074205058N00149346EA0067200699
B1414084205058N00149346EA0067300699
B1414094205059N00149345EA0067300699
B1414104205059N00149345EA0067300700
B1414114205059N00149345EA0067400699
B1414124205059N00149345EA0067400700
B1414134205059N00149345EA0067300700
B1414144205059N00149345EA0067200700
B1414154205059N00149345EA0067400700
B1414164205059N00149345EA0067300700
B1414174205059N00149345EA0067400700
B1414184205059N00149345EA0067400700
B1414194205059N00149345EA0067300700
B1414204205059N00149345EA0067300700
B1414214205059N00149345EA0067500700
B1414224205059N00149345EA0067300699
B1414234205059N00149345EA0067300699
B1414244205059N00149345EA0067300699
B1414254205059N00149345EA0067400699
B1414264205058N00149345EA0067400699
B1414274205058N00149345EA0067200699
B1414284205058N00149345EA0067300699
B1414294205058N00149345EA0067400699
B1414304205058N00149345EA0067300699
B1414314205058N00149345EA0067300699
B1414324205058N00149346EA0067300698
B1414334205058N00149346EA0067200698
B1414344205058N00149345EA0067300698
B1414354205058N00149345EA0067200698
B1414364205058N00149345EA0067300698
B1414374205058N00149345EA0067300698
B1414384205058N00149345EA0067300698
B1414394205058N00149345EA0067300698
B1414404205058N00149345EA0067300698
B1414414205058N00149345EA0067200698
B1414424205058N00149345EA0067300698
B1414434205058N00149345EA0067200698
B1414444205058N00149345EA0067300698
B1414454205058N00149345EA0067200698
B1414464205058N00149345EA0067300698
B1414474205058N00149345EA0067300698
B1414484205058N00149345EA0067300698
B1414494205058N00149345EA0067200698
B1414504205058N00149345EA0067200698
B1414514205058N00149345EA0067200698
B1414524205058N00149345EA0067300698
B1414534205058N00149345EA0067300698
B1414544205058N00149345EA0067300698
B1414554205058N00149345EA0067200698
B1414564205058N00149345EA0067200698
B1414574205058N00149345EA0067300697
B1414584205058N00149345EA0067300697
B1414594205058N00149345EA0067300697
B1415004205058N00149345EA0067300697
B1415014205058N00149345EA0067300697
B1415024205058N00149345EA0067300697
B1415034205058N00149345EA0067300697
B1415044205058N00149345EA0067300697
B1415054205059N00149345EA0067300697
B1415064205059N00149345EA0067300697
B1415074205059N00149345EA0067300697
B1415084205059N00149345EA0067300697
B1415094205059N00149345EA0067300697
B1415104205059N00149345EA0067300697
B1415114205059N00149345EA0067300697
B1415124205059N00149345EA0067300697
B1415134205059N00149345EA0067300697
B1415144205059N00149345EA0067300697
B1415154205059N00149345EA0067300697
B1415164205059N00149345EA0067200697
B1415174205059N00149345EA0067300697
B1415184205059N00149346EA0067300697
B1415194205059N00149346EA0067300697
B1415204205059N00149346EA0067300697
B1415214205059N00149346EA0067200696
B1415224205059N00149346EA0067300696
B1415234205059N00149346EA0067300696
B1415244205059N00149346EA0067300696
B1415254205059N00149346EA0067300696
B1415264205059N00149346EA0067300696
B1415274205059N00149346EA0067300696
B1415284205059N00149346EA0067300696
B1415294205059N00149346EA0067300696
B1415304205059N00149346EA0067300696
B1415314205059N00149346EA0067300696
B1415324205059N00149346EA0067300696
B1415334205059N00149346EA0067300696
B1415344205059N00149346EA0067300696
B1415354205059N00149346EA0067300696
B1415364205059N00149346EA0067300696
B1415374205059N00149346EA0067300696
B1415384205059N00149346EA0067300696
B1415394205059N00149346EA0067300696
B1415404205059N00149346EA0067300696
B1415414205059N00149346EA0067300696
B1415424205059N00149346EA0067300696
B1415434205059N00149346EA0067300696
B1415444205059N00149346EA0067300696
B1415454205059N00149346EA0067300696
B1415464205059N00149346EA0067300696
B1415474205059N00149346EA0067300696
B1415484205059N00149346EA0067300696
B1415494205059N00149346EA0067300696
B1415504205059N00149346EA0067300696
B1415514205059N00149346EA0067300696
B1415524205059N00149346EA0067300696
B1415534205059N00149346EA0067200696
B1415544205059N00149346EA0067300696
B1415554205059N00149346EA0067300696
B1415564205059N00149346EA0067300696
B1415574205059N00149346EA0067300696
B1415584205059N00149346EA0067300696
B1415594205059N00149346EA0067200696
B1416004205059N00149346EA0067300696
B1416014205059N00149346EA0067300696
B1416024205059N00149346EA0067300696
B1416034205059N00149346EA0067300696
B1416044205059N00149346EA0067200696
B1416054205059N00149346EA0067300696
B1416064205059N00149346EA0067200696
B1416074205059N00149346EA0067200696
B1416084205059N00149346EA0067300695
B1416094205059N00149346EA0067300696
B1416104205059N00149346EA0067300695
B1416114205059N00149346EA0067300696
B1416124205059N00149346EA0067300696
B1416134205059N00149346EA0067300696
B1416144205059N00149346EA0067300696
B1416154205059N00149346EA0067300696
B1416164205059N00149346EA0067200696
B1416174205059N00149346EA0067300695
B1416184205059N00149346EA0067300695
B1416194205059N00149346EA0067300695
B1416204205059N00149346EA0067200695
B1416214205059N00149346EA0067300695
B1416224205059N00149346EA0067300695
B1416234205059N00149346EA0067300695
B1416244205059N00149346EA0067300695
B1416254205059N00149346EA0067300696
B1416264205059N00149346EA0067300696
B1416274205059N00149346EA0067300696
B1416284205059N00149346EA0067300696
B1416294205059N00149346EA0067300696
B1416304205059N00149346EA0067300696
B1416314205059N00149346EA0067300696
B1416324205059N00149346EA0067300696
B1416334205059N00149346EA0067300696
B1416344205059N00149346EA0067200696
B1416354205059N00149346EA0067300696
B1416364205059N00149346EA0067300696
B1416374205059N00149345EA0067300696
B1416384205059N00149345EA0067300696
B1416394205059N00149345EA0067300696
B1416404205059N00149345EA0067300696
B1416414205059N00149345EA0067300696
B1416424205059N00149345EA0067300696
B1416434205059N00149345EA0067300696
B1416444205059N00149345EA0067300696
B1416454205059N00149345EA0067300696
B1416464205059N00149345EA0067300696
B1416474205059N00149345EA0067200696
B1416484205059N00149345EA0067300696
B1416494205059N00149346EA0067300696
B1416504205059N00149346EA0067300696
B1416514205059N00149346EA0067300696
B1416524205059N00149346EA0067300695
B1416534205059N00149346EA0067300695
B1416544205059N00149346EA0067200695
B1416554205059N00149346EA0067200695
B1416564205059N00149346EA0067200695
B1416574205059N00149346EA0067200695
B1416584205059N00149346EA0067300695
B1416594205059N00149346EA0067300695
B1417004205059N00149346EA0067300695
B1417014205059N00149346EA0067300695
B1417024205059N00149346EA0067300695
B1417034205059N00149346EA0067300695
B1417044205059N00149346EA0067300695
B1417054205059N00149346EA0067300695
B1417064205059N00149346EA0067300695
B1417074205059N00149346EA0067200695
B1417084205059N00149346EA0067200695
B1417094205059N00149346EA0067300696
B1417104205059N00149346EA0067300696
B1417114205058N00149345EA0067300696
B1417124205058N00149345EA0067300697
B1417134205058N00149344EA0067300697
B1417144205057N00149344EA0067300697
B1417154205056N00149343EA0067400697
B1417164205056N00149343EA0067300697
B1417174205055N00149342EA0067300697
B1417184205055N00149342EA0067300697
B1417194205054N00149341EA0067300697
B1417204205053N00149341EA0067300697
B1417214205053N00149341EA0067300697
B1417224205052N00149340EA0067300697
B1417234205052N00149340EA0067200697
B1417244205051N00149340EA0067300697
B1417254205050N00149339EA0067300697
B1417264205050N00149339EA0067200697
B1417274205049N00149339EA0067300697
B1417284205049N00149338EA0067100697
B1417294205048N00149338EA0067000698
B1417304205048N00149338EA0066700698
B1417314205047N00149338EA0067000698
B1417324205047N00149338EA0067400698
B1417334205046N00149338EA0065900698
B1417344205045N00149337EA0068000698
B1417354205045N00149337EA0067500698
B1417364205044N00149337EA0067100698
B1417374205044N00149337EA0067500698
B1417384205043N00149336EA0067400698
B1417394205043N00149336EA0067300698
B1417404205042N00149336EA0067200698
B1417414205041N00149335EA0067200699
B1417424205041N00149335EA0067200699
B1417434205040N00149335EA0067300699
B1417444205039N00149335EA0067200699
B1417454205039N00149334EA0067200699
B1417464205038N00149334EA0067200698
B1417474205038N00149334EA0067200699
B1417484205037N00149333EA0067200698
B1417494205036N00149333EA0067200698
B1417504205036N00149333EA0067200698
B1417514205035N00149332EA0067200698
B1417524205035N00149332EA0067200698
B1417534205034N00149331EA0067100698
B1417544205034N00149331EA0067200698
B1417554205034N00149331EA0067200698
B1417564205033N00149330EA0067200698
B1417574205032N00149330EA0067200698
B1417584205032N00149329EA0067200698
B1417594205031N00149329EA0067100698
B1418004205031N00149329EA0067200698
B1418014205030N00149329EA0067100697
B1418024205030N00149328EA0067100697
B1418034205029N00149328EA0067100697
B1418044205029N00149327EA0067100697
B1418054205028N00149327EA0067100697
B1418064205028N00149327EA0067000697
B1418074205027N00149326EA0067100697
B1418084205027N00149325EA0067100697
B1418094205026N00149325EA0067000697
B1418104205026N00149324EA0067100697
B1418114205026N00149324EA0067100697
B1418124205025N00149323EA0067000696
B1418134205024N00149323EA0067000696
B1418144205024N00149322EA0066900696
B1418154205024N00149322EA0067000696
B1418164205023N00149322EA0067000696
B1418174205023N00149321EA0066900696
B1418184205022N00149321EA0067000696
B1418194205022N00149320EA0067000696
B1418204205022N00149320EA0066900695
B1418214205021N00149319EA0066900695
B1418224205021N00149319EA0066900695
B1418234205020N00149318EA0066900695
B1418244205020N00149318EA0066800694
B1418254205020N00149317EA0066900694
B1418264205019N00149316EA0066800694
B1418274205019N00149315EA0066800694
B1418284205019N00149315EA0066900694
B1418294205019N00149314EA0066800694
B1418304205019N00149313EA0066800693
B1418314205018N00149312EA0066800693
B1418324205018N00149312EA0066800693
B1418334205018N00149311EA0066800693
B1418344205018N00149310EA0066700693
B1418354205017N00149310EA0066700693
B1418364205017N00149309EA0066700693
B1418374205016N00149309EA0066800693
B1418384205016N00149308EA0066700693
B1418394205015N00149308EA0066700693
B1418404205015N00149307EA0066700693
B1418414205015N00149306EA0066700693
B1418424205016N00149306EA0066800693
B1418434205016N00149305EA0066700693
B1418444205016N00149305EA0066800693
B1418454205016N00149304EA0066800693
B1418464205017N00149303EA0066800693
B1418474205017N00149303EA0066800693
B1418484205017N00149302EA0066800693
B1418494205018N00149301EA0066800694
B1418504205018N00149301EA0066800694
B1418514205018N00149300EA0066800693
B1418524205019N00149299EA0066800694
B1418534205019N00149299EA0066900694
B1418544205020N00149298EA0066900694
B1418554205020N00149298EA0066900694
B1418564205020N00149297EA0066800694
B1418574205020N00149296EA0066900693
B1418584205021N00149295EA0066900693
B1418594205021N00149295EA0066900694
B1419004205021N00149294EA0066900693
B1419014205022N00149293EA0066900694
B1419024205022N00149293EA0066900694
B1419034205022N00149292EA0066900694
B1419044205022N00149291EA0067000693
B1419054205022N00149291EA0067000693
B1419064205022N00149290EA0067000693
B1419074205023N00149289EA0066900693
B1419084205023N00149289EA0066900693
B1419094205024N00149289EA0067000694
B1419104205024N00149289EA0067000694
B1419114205024N00149289EA0067000694
B1419124205024N00149289EA0067000695
B1419134205024N00149289EA0066900695
B1419144205024N00149289EA0066900696
B1419154205025N00149289EA0067000695
B1419164205025N00149289EA0067000696
B1419174205025N00149289EA0067000696
B1419184205025N00149289EA0067000696
B1419194205025N00149289EA0067000696
B1419204205024N00149289EA0067000695
B1419214205024N00149289EA0067000695
B1419224205024N00149289EA0067000695
B1419234205024N00149289EA0067000695
B1419244205023N00149289EA0067000695
B1419254205024N00149289EA0067000695
B1419264205024N00149289EA0067000695
B1419274205024N00149289EA0067000694
B1419284205024N00149289EA0067000694
B1419294205024N00149289EA0066900694
B1419304205024N00149289EA0066900694
B1419314205024N00149289EA0067000693
B1419324205024N00149288EA0067000693
B1419334205024N00149288EA0067000693
B1419344205024N00149288EA0067000692
B1419354205024N00149288EA0067000692
B1419364205024N00149288EA0067000692
B1419374205024N00149288EA0067000694
B1419384205024N00149288EA0067000695
B1419394205024N00149288EA0067000695
B1419404205024N00149288EA0067000695
B1419414205024N00149288EA0067000695
B1419424205024N00149288EA0067000695
B1419434205024N00149288EA0067000695
B1419444205024N00149288EA0067000695
B1419454205024N00149288EA0067000695
B1419464205024N00149288EA0067000695
B1419474205024N00149288EA0067000695
B1419484205024N00149288EA0067000695
B1419494205025N00149288EA0067000696
B1419504205025N00149288EA0067000696
B1419514205025N00149288EA0067000695
B1419524205025N00149288EA0067000695
B1419534205025N00149288EA0066900695
B1419544205025N00149288EA0066900695
B1419554205025N00149288EA0067000695
B1419564205025N00149288EA0067000695
B1419574205025N00149288EA0067000695
B1419584205025N00149288EA0067000695
B1419594205025N00149288EA0067000695
B1420004205025N00149288EA0067000694
B1420014205025N00149288EA0067000694
B1420024205025N00149288EA0066900694
B1420034205025N00149288EA0067000694
B1420044205025N00149288EA0067000694
B1420054205025N00149288EA0066900694
B1420064205025N00149288EA0067000694
B1420074205025N00149288EA0067000694
B1420084205025N00149288EA0067000694
B1420094205025N00149289EA0067000693
B1420104205025N00149289EA0067000693
B1420114205025N00149289EA0067000692
B1420124205025N00149289EA0067000692
B1420134205025N00149289EA0067000692
B1420144205025N00149289EA0067000692
B1420154205025N00149289EA0067000692
B1420164205025N00149289EA0067000692
B1420174205025N00149289EA0067000692
B1420184205025N00149289EA0067000692
B1420194205025N00149289EA0067000692
B1420204205025N00149290EA0067000692
B1420214205025N00149290EA0067000692
B1420224205025N00149289EA0067000692
B1420234205025N00149289EA0067000692
B1420244205025N00149289EA0067100691
B1420254205026N00149289EA0067000691
B1420264205026N00149289EA0066900691
B1420274205026N00149289EA0067000691
B1420284205026N00149289EA0067000691
B1420294205025N00149289EA0067000691
B1420304205025N00149289EA0067000691
B1420314205025N00149289EA0067000691
B1420324205025N00149289EA0067100691
B1420334205024N00149288EA0067000691
B1420344205024N00149288EA0067000691
B1420354205023N00149288EA0067000691
B1420364205022N00149288EA0067000692
B1420374205022N00149288EA0067100693
B1420384205022N00149287EA0067100693
B1420394205022N00149287EA0067100694
B1420404205022N00149287EA0067100694
B1420414205021N00149288EA0067100694
B1420424205021N00149289EA0067000694
B1420434205020N00149291EA0067000693
B1420444205019N00149292EA0067000693
B1420454205018N00149294EA0067100693
B1420464205017N00149297EA0067000693
B1420474205016N00149300EA0067000693
B1420484205014N00149302EA0066900693
B1420494205013N00149305EA0066900693
B1420504205012N00149308EA0066900692
B1420514205011N00149310EA0066900692
B1420524205010N00149313EA0066800692
B1420534205009N00149315EA0066700691
B1420544205007N00149318EA0066700691
B1420554205007N00149320EA0066700691
B1420564205006N00149323EA0066600691
B1420574205005N00149325EA0066700691
B1420584205004N00149326EA0066700691
B1420594205003N00149327EA0066600691
B1421004205002N00149327EA0066600691
B1421014205001N00149326EA0066600691
B1421024205000N00149326EA0066600691
B1421034204999N00149325EA0066600691
B1421044204998N00149323EA0066600690
B1421054204996N00149322EA0066700690
B1421064204994N00149320EA0066700690
B1421074204992N00149317EA0066800690
B1421084204990N00149315EA0066700691
B1421094204987N00149314EA0066800691
B1421104204984N00149312EA0066700690
B1421114204981N00149311EA0066800691
B1421124204979N00149309EA0066900691
B1421134204976N00149307EA0066900691
B1421144204973N00149305EA0066900690
B1421154204970N00149303EA0067000690
B1421164204967N00149301EA0066900690
B1421174204964N00149299EA0067000689
B1421184204962N00149297EA0066900689
B1421194204959N00149296EA0067000689
B1421204204956N00149294EA0067000689
B1421214204953N00149292EA0067000689
B1421224204951N00149291EA0067000689
B1421234204948N00149290EA0067000690
B1421244204945N00149289EA0067100691
B1421254204942N00149288EA0067100691
B1421264204939N00149287EA0067100692
B1421274204936N00149286EA0067100691
B1421284204933N00149285EA0067100691
B1421294204929N00149283EA0067100692
B1421304204926N00149281EA0067100691
B1421314204923N00149278EA0067200691
B1421324204920N00149275EA0067200692
B1421334204917N00149272EA0067200692
B1421344204913N00149269EA0067200692
B1421354204910N00149265EA0067200692
B1421364204907N00149261EA0067200692
B1421374204904N00149257EA0067300693
B1421384204901N00149253EA0067300693
B1421394204898N00149250EA0067300694
B1421404204896N00149247EA0067300694
B1421414204893N00149243EA0067300694
B1421424204890N00149240EA0067300695
B1421434204887N00149236EA0067400695
B1421444204885N00149232EA0067300696
B1421454204882N00149228EA0067400696
B1421464204879N00149223EA0067400696
B1421474204876N00149220EA0067400696
B1421484204873N00149216EA0067500696
B1421494204870N00149212EA0067500696
B1421504204866N00149209EA0067500696
B1421514204863N00149206EA0067500697
B1421524204860N00149203EA0067500697
B1421534204857N00149200EA0067500697
B1421544204854N00149197EA0067600698
B1421554204851N00149195EA0067600699
B1421564204848N00149193EA0067700699
B1421574204845N00149192EA0067700700
B1421584204843N00149192EA0067700700
B1421594204840N00149191EA0067800700
B1422004204837N00149192EA0067700700
B1422014204834N00149192EA0067800700
B1422024204831N00149193EA0067900700
B1422034204828N00149195EA0067900700
B1422044204825N00149196EA0067800701
B1422054204823N00149198EA0067900701
B1422064204820N00149199EA0067900702
B1422074204817N00149201EA0067900702
B1422084204813N00149202EA0068000702
B1422094204810N00149204EA0068000702
B1422104204807N00149206EA0068000702
B1422114204804N00149208EA0068000702
B1422124204801N00149209EA0068000701
B1422134204798N00149210EA0068100700
B1422144204795N00149212EA0068000699
B1422154204792N00149214EA0068000698
B1422164204789N00149216EA0068000696
B1422174204786N00149217EA0067800695
B1422184204783N00149218EA0067800693
B1422194204781N00149219EA0067800688
B1422204204778N00149221EA0067700687
B1422214204775N00149223EA0067700687
B1422224204772N00149225EA0067600686
B1422234204769N00149227EA0067500685
B1422244204766N00149230EA0067500683
B1422254204763N00149233EA0067400682
B1422264204760N00149236EA0067400681
B1422274204756N00149239EA0067300679
B1422284204753N00149241EA0067300679
B1422294204749N00149242EA0067200679
B1422304204745N00149243EA0067200678
B1422314204741N00149242EA0067100678
B1422324204737N00149241EA0067100679
B1422334204734N00149239EA0067100680
B1422344204731N00149238EA0067100680
B1422354204729N00149236EA0067100680
B1422364204726N00149235EA0067100679
B1422374204723N00149234EA0067200680
B1422384204721N00149233EA0067100681
B1422394204719N00149231EA0067100681
B1422404204716N00149229EA0067200680
B1422414204714N00149227EA0067200680
B1422424204711N00149225EA0067200680
B1422434204708N00149223EA0067200680
B1422444204705N00149221EA0067200681
B1422454204703N00149220EA0067200681
B1422464204701N00149219EA0067100681
B1422474204699N00149218EA0067200680
B1422484204698N00149217EA0067200680
B1422494204697N00149217EA0067100680
B1422504204696N00149217EA0067100679
B1422514204695N00149218EA0067100680
B1422524204693N00149218EA0067100681
B1422534204692N00149221EA0067100681
B1422544204690N00149224EA0067100681
B1422554204688N00149226EA0067100680
B1422564204686N00149227EA0067100681
B1422574204685N00149229EA0067100682
B1422584204683N00149231EA0067100684
B1422594204681N00149234EA0067100684
B1423004204679N00149237EA0067100683
B1423014204677N00149241EA0067000682
B1423024204675N00149246EA0067000681
B1423034204672N00149251EA0067000681
B1423044204670N00149257EA0067000681
B1423054204667N00149262EA0067000681
B1423064204664N00149267EA0067000682
B1423074204662N00149272EA0067000681
B1423084204659N00149276EA0066900681
B1423094204657N00149281EA0066900679
B1423104204654N00149286EA0066900677
B1423114204651N00149292EA0066900677
B1423124204648N00149297EA0066900676
B1423134204646N00149301EA0067000676
B1423144204644N00149306EA0066900676
B1423154204641N00149311EA0066800676
B1423164204639N00149316EA0066800675
B1423174204637N00149321EA0066700675
B1423184204634N00149324EA0066600675
B1423194204633N00149328EA0066600674
B1423204204631N00149330EA0066600675
B1423214204628N00149330EA0066600673
B1423224204626N00149329EA0066600673
B1423234204625N00149328EA0066500672
B1423244204623N00149328EA0066500671
B1423254204620N00149330EA0066500672
B1423264204619N00149333EA0066500673
B1423274204618N00149336EA0066500674
B1423284204617N00149339EA0066500676
B1423294204616N00149341EA0066500675
B1423304204616N00149343EA0066500676
B1423314204616N00149346EA0066500675
B1423324204616N00149349EA0066500676
B1423334204615N00149351EA0066500676
B1423344204615N00149354EA0066500676
B1423354204613N00149356EA0066500676
B1423364204612N00149359EA0066500676
B1423374204611N00149361EA0066500677
B1423384204610N00149363EA0066400677
B1423394204609N00149366EA0066500677
B1423404204608N00149368EA0066500677
B1423414204606N00149369EA0066500678
B1423424204605N00149370EA0066400679
B1423434204603N00149370EA0066400679
B1423444204603N00149370EA0066400680
B1423454204602N00149370EA0066400681
B1423464204602N00149371EA0066500681
B1423474204602N00149371EA0066500682
B1423484204602N00149371EA0066500683
B1423494204602N00149371EA0066400684
B1423504204602N00149371EA0066500685
B1423514204601N00149371EA0066500685
B1423524204601N00149371EA0066500686
B1423534204601N00149372EA0066500686
B1423544204601N00149372EA0066500687
B1423554204601N00149372EA0066500687
B1423564204601N00149372EA0066500688
B1423574204601N00149372EA0066400688
B1423584204601N00149372EA0066500688
B1423594204601N00149372EA0066600689
B1424004204601N00149372EA0066600689
B1424014204601N00149372EA0066700689
B1424024204601N00149372EA0066700690
B1424034204601N00149372EA0066700690
B1424044204601N00149373EA0066700690
B1424054204600N00149373EA0066700690
B1424064204600N00149373EA0066600691
B1424074204600N00149373EA0066700691
B1424084204600N00149373EA0066700691
B1424094204600N00149373EA0066700691
B1424104204600N00149373EA0066700691
B1424114204600N00149373EA0066800692
B1424124204600N00149373EA0066700692
B1424134204600N00149373EA0066700692
B1424144204600N00149373EA0066600692
B1424154204600N00149373EA0066600692
B1424164204600N00149373EA0066700692
B1424174204600N00149373EA0066600692
B1424184204600N00149373EA0066700692
B1424194204600N00149373EA0066900692
B1424204204600N00149373EA0066500692
B1424214204600N00149373EA0066800692
B1424224204600N00149372EA0065900692
B1424234204600N00149372EA0066800692
B1424244204600N00149372EA0066800692
B1424254204600N00149372EA0066700692
B1424264204600N00149372EA0066700693
B1424274204600N00149373EA0066500693
B1424284204600N00149372EA0066700693
B1424294204600N00149372EA0066700694
B1424304204600N00149372EA0066700694
B1424314204600N00149372EA0066700694
B1424324204600N00149372EA0066600694
B1424334204601N00149372EA0066600694
B1424344204601N00149372EA0066800693
B1424354204601N00149373EA0066700693
B1424364204601N00149373EA0066700693
B1424374204601N00149373EA0066700692
B1424384204601N00149372EA0066500691
B1424394204601N00149372EA0066800691
B1424404204601N00149372EA0066700691
B1424414204601N00149372EA0066600691
B1424424204601N00149372EA0066700691
B1424434204601N00149372EA0066600690
B1424444204601N00149372EA0066700690
B1424454204601N00149372EA0066800690
B1424464204601N00149371EA0066800690
B1424474204601N00149371EA0066600690
B1424484204601N00149371EA0066700690
B1424494204602N00149372EA0066700691
B1424504204601N00149372EA0066600691
B1424514204601N00149372EA0066600692
B1424524204601N00149372EA0066600693
B1424534204601N00149372EA0066600694
B1424544204602N00149372EA0066600694
B1424554204602N00149372EA0066600694
B1424564204603N00149372EA0066600695
B1424574204604N00149372EA0066600695
B1424584204605N00149371EA0066600694
B1424594204605N00149372EA0066600694
B1425004204606N00149372EA0066700694
B1425014204606N00149372EA0066700694
B1425024204606N00149372EA0066700695
B1425034204606N00149373EA0066600695
B1425044204607N00149373EA0066700696
B1425054204607N00149373EA0066600696
B1425064204608N00149373EA0066700696
B1425074204608N00149373EA0066800697
B1425084204609N00149373EA0066700697
B1425094204609N00149373EA0066700697
B1425104204609N00149373EA0066700698
B1425114204609N00149373EA0066700698
B1425124204609N00149373EA0066700698
B1425134204610N00149373EA0066700699
B1425144204611N00149373EA0066700700
B1425154204611N00149373EA0066700699
B1425164204612N00149373EA0066800699
B1425174204612N00149372EA0066700699
B1425184204613N00149372EA0066800698
B1425194204614N00149372EA0066700697
B1425204204614N00149372EA0066700696
B1425214204615N00149371EA0066700695
B1425224204615N00149371EA0066700694
B1425234204615N00149370EA0066800694
B1425244204616N00149370EA0066700694
B1425254204616N00149370EA0066800693
B1425264204617N00149370EA0066700693
B1425274204617N00149370EA0066700694
B1425284204618N00149369EA0066700695
B1425294204618N00149368EA0066700695
B1425304204618N00149368EA0066700695
B1425314204619N00149368EA0066700694
B1425324204619N00149368EA0066700694
B1425334204618N00149368EA0066700694
B1425344204618N00149368EA0066800694
B1425354204618N00149368EA0066800694
B1425364204618N00149368EA0066700694
B1425374204618N00149368EA0066800693
B1425384204618N00149368EA0066800693
B1425394204618N00149368EA0066700693
B1425404204618N00149367EA0066700693
B1425414204619N00149367EA0066700693
B1425424204619N00149368EA0066800693
B1425434204620N00149367EA0066800693
B1425444204620N00149366EA0066800692
B1425454204621N00149366EA0066700693
B1425464204621N00149366EA0066800691
B1425474204621N00149364EA0066700690
B1425484204622N00149365EA0066800691
B1425494204622N00149364EA0066700690
B1425504204624N00149365EA0066700690
B1425514204624N00149365EA0066800688
B1425524204625N00149365EA0066800690
B1425534204625N00149365EA0066700690
B1425544204626N00149365EA0066800690
B1425554204626N00149366EA0066800690
B1425564204627N00149366EA0066800690
B1425574204627N00149367EA0066800689
B1425584204627N00149367EA0066800690
B1425594204627N00149367EA0066800690
B1426004204627N00149367EA0066800691
B1426014204627N00149367EA0066800692
B1426024204627N00149367EA0066800693
B1426034204627N00149366EA0066800693
B1426044204627N00149366EA0066800693
B1426054204627N00149366EA0066800693
B1426064204627N00149366EA0066900693
B1426074204627N00149367EA0066900694
B1426084204627N00149367EA0066900695
B1426094204627N00149367EA0066900695
B1426104204628N00149368EA0066900695
B1426114204627N00149368EA0066900695
B1426124204627N00149367EA0066900695
B1426134204628N00149367EA0067000695
B1426144204627N00149368EA0066900695
B1426154204627N00149367EA0066900695
B1426164204627N00149366EA0066900695
B1426174204628N00149367EA0067100696
B1426184204628N00149366EA0067000696
B1426194204628N00149367EA0066900696
B1426204204627N00149366EA0067000695
B1426214204625N00149365EA0066600694
B1426224204626N00149366EA0067100693
B1426234204626N00149366EA0067000692
B1426244204626N00149366EA0067000693
B1426254204625N00149365EA0066900691
B1426264204624N00149365EA0067000690
B1426274204624N00149365EA0066900691
B1426284204624N00149366EA0067100690
B1426294204624N00149366EA0066900690
B1426304204624N00149367EA0066900689
B1426314204624N00149368EA0066900686
B1426324204624N00149368EA0066900685
B1426334204624N00149369EA0066900684
B1426344204624N00149368EA0067000683
B1426354204625N00149369EA0066900683
B1426364204625N00149369EA0066900683
B1426374204625N00149368EA0067000683
B1426384204626N00149369EA0066900684
B1426394204626N00149369EA0066900683
B1426404204626N00149369EA0066900683
B1426414204626N00149369EA0066900684
B1426424204626N00149369EA0066900684
B1426434204626N00149369EA0066900684
B1426444204627N00149369EA0067000686
B1426454204627N00149369EA0066900686
B1426464204627N00149369EA0067000686
B1426474204626N00149368EA0066900687
B1426484204627N00149368EA0067000687
B1426494204627N00149367EA0067000688
B1426504204627N00149367EA0066900689
B1426514204627N00149367EA0066900688
B1426524204627N00149367EA0066900689
B1426534204627N00149367EA0066900689
B1426544204627N00149367EA0066900688
B1426554204627N00149367EA0066900688
B1426564204627N00149367EA0066800690
B1426574204627N00149367EA0066800690
B1426584204627N00149367EA0066800690
B1426594204628N00149367EA0066800692
B1427004204628N00149368EA0066800692
B1427014204628N00149368EA0066800692
B1427024204627N00149367EA0066800690
B1427034204627N00149367EA0066800689
B1427044204627N00149367EA0066800689
B1427054204627N00149366EA0066800689
B1427064204627N00149366EA0066800688
B1427074204626N00149367EA0066800688
B1427084204627N00149367EA0066800683
B1427094204627N00149368EA0066800682
B1427104204627N00149368EA0066800686
B1427114204627N00149368EA0066800686
B1427124204628N00149369EA0066800685
B1427134204628N00149368EA0066800685
B1427144204627N00149369EA0066700684
B1427154204628N00149369EA0066700683
B1427164204627N00149370EA0066800683
B1427174204627N00149370EA0066800683
B1427184204627N00149370EA0066800682
B1427194204626N00149370EA0066800682
B1427204204627N00149370EA0066800679
B1427214204627N00149370EA0066800679
B1427224204627N00149370EA0066700679
B1427234204627N00149369EA0066800680
B1427244204627N00149369EA0066800679
B1427254204627N00149369EA0066800680
B1427264204627N00149369EA0066800678
B1427274204627N00149369EA0066800679
B1427284204627N00149370EA0066800678
B1427294204627N00149370EA0066800677
B1427304204627N00149370EA0066800677
B1427314204627N00149371EA0066800676
B1427324204627N00149372EA0066800676
B1427334204626N00149372EA0066700676
B1427344204627N00149372EA0066700676
B1427354204627N00149373EA0066800676
B1427364204628N00149373EA0066800676
B1427374204627N00149373EA0066800676
B1427384204627N00149373EA0066800675
B1427394204627N00149373EA0066900675
B1427404204627N00149373EA0066800676
B1427414204628N00149373EA0066800676
B1427424204628N00149374EA0066800676
B1427434204628N00149373EA0066800676
B1427444204628N00149373EA0066800677
B1427454204628N00149373EA0066800677
B1427464204628N00149373EA0066800678
B1427474204628N00149373EA0066800677
B1427484204627N00149373EA0066800677
B1427494204628N00149372EA0066800677
B1427504204627N00149372EA0066800677
B1427514204628N00149372EA0066800677
B1427524204628N00149371EA0066800678
B1427534204628N00149370EA0066800681
B1427544204628N00149370EA0066800681
B1427554204628N00149370EA0066800681
B1427564204628N00149370EA0066800683
B1427574204628N00149370EA0066800683
B1427584204627N00149370EA0066800683
B1427594204627N00149370EA0066800683
B1428004204626N00149370EA0066800683
B1428014204626N00149370EA0066800683
B1428024204627N00149370EA0066800683
B1428034204627N00149370EA0066800683
B1428044204626N00149369EA0066800683
B1428054204626N00149369EA0066800684
B1428064204626N00149369EA0066800684
B1428074204626N00149368EA0066800684
B1428084204626N00149369EA0066800685
B1428094204626N00149368EA0066800685
B1428104204625N00149369EA0066900686
B1428114204625N00149369EA0066800685
B1428124204625N00149369EA0066800685
B1428134204625N00149370EA0066800686
B1428144204625N00149370EA0066800684
B1428154204626N00149370EA0066800684
B1428164204625N00149369EA0066800684
B1428174204625N00149369EA0066800686
B1428184204625N00149370EA0066800686
B1428194204625N00149370EA0066800686
B1428204204625N00149370EA0066800684
B1428214204626N00149370EA0066800683
B1428224204626N00149369EA0066800683
B1428234204626N00149369EA0066800685
B1428244204626N00149369EA0066800685
B1428254204626N00149369EA0066800685
B1428264204627N00149370EA0066800687
B1428274204627N00149369EA0066700686
B1428284204627N00149369EA0066800686
B1428294204627N00149370EA0066800687
B1428304204626N00149370EA0066800686
B1428314204626N00149370EA0066800687
B1428324204626N00149370EA0066800686
B1428334204626N00149370EA0066800686
B1428344204626N00149372EA0066800686
B1428354204626N00149371EA0066900685
B1428364204626N00149371EA0066800684
B1428374204626N00149370EA0066800684
B1428384204625N00149370EA0066800685
B1428394204625N00149370EA0066800685
B1428404204625N00149370EA0066800686
B1428414204624N00149370EA0066800686
B1428424204625N00149369EA0066800686
B1428434204625N00149368EA0066800686
B1428444204625N00149368EA0066800686
B1428454204625N00149368EA0066800686
B1428464204625N00149367EA0066800686
B1428474204625N00149367EA0066800687
B1428484204625N00149367EA0066900687
B1428494204625N00149366EA0066800687
B1428504204625N00149366EA0066800687
B1428514204625N00149366EA0066800687
B1428524204625N00149367EA0066700687
B1428534204625N00149367EA0066800686
B1428544204625N00149366EA0066800687
B1428554204626N00149366EA0066800687
B1428564204626N00149366EA0066800689
B1428574204626N00149366EA0066800690
B1428584204626N00149366EA0066800690
B1428594204626N00149366EA0066700690
B1429004204624N00149365EA0066800690
B1429014204624N00149366EA0066700690
B1429024204624N00149366EA0066800690
B1429034204624N00149367EA0066800690
B1429044204623N00149367EA0066800690
B1429054204623N00149368EA0066800689
B1429064204623N00149368EA0066800689
B1429074204623N00149368EA0066800689
B1429084204623N00149368EA0066700690
B1429094204623N00149368EA0066800690
B1429104204623N00149367EA0066700690
B1429114204623N00149367EA0066800691
B1429124204623N00149367EA0066800691
B1429134204624N00149367EA0066800690
B1429144204624N00149367EA0066800691
B1429154204624N00149367EA0066800690
B1429164204625N00149368EA0066800690
B1429174204625N00149368EA0066800689
B1429184204625N00149368EA0066800689
B1429194204625N00149369EA0066800689
B1429204204626N00149370EA0066800687
B1429214204626N00149369EA0066800687
B1429224204627N00149371EA0066900687
B1429234204628N00149371EA0066900683
B1429244204628N00149372EA0066800683
B1429254204628N00149370EA0066800683
B1429264204628N00149371EA0066800683
B1429274204628N00149371EA0066800682
B1429284204629N00149371EA0066800682
B1429294204629N00149372EA0066800683
B1429304204630N00149371EA0066800682
B1429314204630N00149371EA0066800682
B1429324204630N00149371EA0066800683
B1429334204630N00149372EA0066800683
B1429344204630N00149373EA0066800683
B1429354204630N00149373EA0066800679
B1429364204630N00149373EA0066800679
B1429374204630N00149374EA0066800678
B1429384204631N00149374EA0066800678
B1429394204631N00149374EA0066800677
B1429404204630N00149373EA0066800677
B1429414204630N00149373EA0066700680
B1429424204630N00149373EA0066700679
B1429434204630N00149373EA0066800679
B1429444204630N00149374EA0066800678
B1429454204630N00149374EA0066800678
B1429464204631N00149374EA0066800678
B1429474204630N00149374EA0066700678
B1429484204631N00149374EA0066800677
B1429494204631N00149373EA0066800677
B1429504204630N00149373EA0066900679
B1429514204630N00149372EA0066900679
B1429524204630N00149371EA0066900679
B1429534204630N00149370EA0066900678
B1429544204630N00149369EA0066900679
B1429554204629N00149369EA0066900679
B1429564204629N00149369EA0066900678
B1429574204629N00149369EA0066900679
B1429584204629N00149370EA0066900679
B1429594204629N00149370EA0066900676
B1430004204629N00149370EA0066900677
B1430014204629N00149369EA0066900677
B1430024204629N00149369EA0066900680
B1430034204629N00149369EA0066900681
B1430044204628N00149371EA0066900681
B1430054204628N00149371EA0066900678
B1430064204628N00149371EA0066900678
B1430074204628N00149370EA0066900678
B1430084204627N00149370EA0066900678
B1430094204627N00149370EA0066900678
B1430104204627N00149371EA0066900679
B1430114204627N00149371EA0066900676
B1430124204627N00149371EA0066900676
B1430134204626N00149371EA0066900676
B1430144204626N00149371EA0066900675
B1430154204627N00149371EA0066900675
B1430164204626N00149371EA0066900675
B1430174204626N00149372EA0066900676
B1430184204626N00149372EA0066900676
B1430194204626N00149372EA0066900676
B1430204204626N00149372EA0066800675
B1430214204626N00149372EA0066800675
B1430224204626N00149372EA0066800675
B1430234204626N00149372EA0066900675
B1430244204626N00149372EA0066900675
B1430254204626N00149373EA0066900674
B1430264204626N00149373EA0066800671
B1430274204626N00149373EA0066800670
B1430284204627N00149373EA0066800670
B1430294204626N00149373EA0066800671
B1430304204626N00149373EA0066900672
B1430314204626N00149373EA0066900672
B1430324204626N00149373EA0066900673
B1430334204626N00149373EA0066800673
B1430344204626N00149373EA0066800672
B1430354204626N00149373EA0066800672
B1430364204626N00149373EA0066800672
B1430374204626N00149373EA0066900672
B1430384204625N00149373EA0066900669
B1430394204625N00149373EA0066900669
B1430404204625N00149374EA0067000668
B1430414204625N00149374EA0067000666
B1430424204625N00149374EA0067000665
B1430434204625N00149373EA0066900665
B1430444204625N00149373EA0066900667
B1430454204625N00149373EA0066900667
B1430464204625N00149373EA0066900667
B1430474204625N00149373EA0066900667
B1430484204625N00149372EA0067000667
B1430494204625N00149373EA0067000668
B1430504204625N00149373EA0066900667
B1430514204625N00149373EA0066900666
B1430524204625N00149374EA0066900667
B1430534204624N00149373EA0066900666
B1430544204624N00149373EA0066900666
B1430554204623N00149373EA0066900666
B1430564204623N00149373EA0067000664
B1430574204623N00149373EA0066900664
B1430584204622N00149374EA0066900664
B1430594204622N00149374EA0066900661
B1431004204622N00149374EA0066900661
B1431014204622N00149374EA0066900661
B1431024204622N00149374EA0066900659
B1431034204621N00149373EA0066900659
B1431044204622N00149373EA0066900659
B1431054204622N00149374EA0066900660
B1431064204622N00149374EA0066900660
B1431074204623N00149374EA0066900660
B1431084204623N00149374EA0066900661
B1431094204623N00149374EA0066900662
B1431104204623N00149373EA0066900662
B1431114204623N00149373EA0066900664
B1431124204623N00149373EA0066900665
B1431134204623N00149373EA0066900665
B1431144204623N00149373EA0066900665
B1431154204623N00149373EA0066900666
B1431164204623N00149373EA0066900666
B1431174204623N00149373EA0066800667
B1431184204623N00149373EA0066800667
B1431194204623N00149374EA0066800667
B1431204204623N00149374EA0066800665
B1431214204623N00149374EA0066900665
B1431224204623N00149373EA0066900665
B1431234204623N00149372EA0066900668
B1431244204623N00149372EA0066900668
B1431254204623N00149371EA0067000669
B1431264204623N00149371EA0066900671
B1431274204623N00149371EA0066900671
B1431284204622N00149371EA0066900671
B1431294204622N00149371EA0066900670
B1431304204623N00149371EA0066900670
B1431314204623N00149371EA0066900670
B1431324204623N00149371EA0067000669
B1431334204623N00149371EA0066900669
B1431344204624N00149371EA0066900669
B1431354204624N00149371EA0066900669
B1431364204624N00149371EA0066900670
B1431374204623N00149371EA0066900670
B1431384204623N00149371EA0067000668
B1431394204623N00149371EA0067000668
B1431404204622N00149371EA0066900668
B1431414204622N00149371EA0067000667
B1431424204622N00149372EA0066900668
B1431434204620N00149371EA0066900668
B1431444204620N00149371EA0066900667
B1431454204620N00149372EA0066900667
B1431464204619N00149371EA0067000667
B1431474204619N00149371EA0067000667
B1431484204620N00149372EA0066900667
B1431494204621N00149373EA0066900668
B1431504204620N00149373EA0066900667
B1431514204620N00149373EA0066900667
B1431524204622N00149374EA0066900666
B1431534204622N00149374EA0066900668
B1431544204622N00149374EA0066900668
B1431554204624N00149376EA0066900668
B1431564204624N00149376EA0066900666
B1431574204624N00149377EA0066800666
B1431584204625N00149378EA0066800665
B1431594204625N00149378EA0066800665
B1432004204625N00149378EA0066800664
B1432014204625N00149378EA0066800664
B1432024204625N00149378EA0066800663
B1432034204626N00149379EA0066900663
B1432044204626N00149379EA0066800662
B1432054204626N00149379EA0066900663
B1432064204627N00149379EA0066900662
B1432074204628N00149380EA0066900662
B1432084204628N00149381EA0066900661
B1432094204628N00149381EA0066800661
B1432104204628N00149381EA0066900661
B1432114204628N00149381EA0066900662
B1432124204628N00149380EA0066900662
B1432134204627N00149380EA0066900662
B1432144204628N00149380EA0066900660
B1432154204628N00149379EA0066900660
B1432164204627N00149380EA0066900661
B1432174204627N00149380EA0066900658
B1432184204627N00149379EA0066900659
B1432194204627N00149379EA0066900659
B1432204204627N00149378EA0067000659
B1432214204627N00149378EA0066900659
B1432224204625N00149378EA0066900659
B1432234204625N00149378EA0066900658
B1432244204625N00149378EA0066900658
B1432254204625N00149378EA0066900658
B1432264204625N00149378EA0066900658
B1432274204625N00149378EA0066900658
B1432284204625N00149378EA0066900658
B1432294204626N00149378EA0066900661
B1432304204625N00149378EA0066900661
B1432314204624N00149378EA0066900661
B1432324204625N00149378EA0066900662
B1432334204624N00149378EA0066900662
B1432344204624N00149378EA0066900663
B1432354204624N00149378EA0066900664
B1432364204624N00149377EA0066900664
B1432374204625N00149378EA0067000664
B1432384204624N00149378EA0066900665
B1432394204624N00149378EA0066900665
B1432404204623N00149378EA0066900666
B1432414204623N00149378EA0066800664
B1432424204623N00149378EA0066900664
B1432434204623N00149378EA0066900665
B1432444204623N00149378EA0066900666
B1432454204623N00149377EA0066800666
B1432464204623N00149377EA0066900666
B1432474204622N00149376EA0066900667
B1432484204621N00149376EA0066800666
B1432494204621N00149376EA0066900667
B1432504204620N00149375EA0066900665
B1432514204620N00149376EA0066900666
B1432524204619N00149374EA0066900666
B1432534204619N00149374EA0066900668
B1432544204619N00149374EA0066900668
B1432554204618N00149374EA0066900668
B1432564204618N00149374EA0066900666
B1432574204619N00149374EA0066900665
B1432584204619N00149374EA0066900665
B1432594204619N00149374EA0066900663
B1433004204619N00149374EA0066900663
B1433014204620N00149374EA0066900663
B1433024204620N00149374EA0066900666
B1433034204620N00149374EA0066900666
B1433044204620N00149374EA0066900666
B1433054204620N00149374EA0066900665
B1433064204619N00149374EA0066900665
B1433074204619N00149374EA0066800665
B1433084204619N00149374EA0066800665
B1433094204619N00149374EA0066800665
B1433104204620N00149373EA0066800665
B1433114204621N00149372EA0066700666
B1433124204623N00149371EA0066800666
B1433134204623N00149371EA0066900666
B1433144204623N00149371EA0066900666
B1433154204623N00149371EA0066900666
B1433164204623N00149371EA0066800666
B1433174204624N00149371EA0067000665
B1433184204624N00149371EA0066900665
B1433194204623N00149370EA0066900665
B1433204204623N00149370EA0066900666
B1433214204623N00149370EA0066900665
B1433224204622N00149370EA0066900666
B1433234204622N00149370EA0066900666
B1433244204622N00149370EA0066900666
B1433254204620N00149368EA0067000666
B1433264204618N00149368EA0066900667
B1433274204616N00149368EA0067000667
B1433284204615N00149367EA0066900668
B1433294204614N00149367EA0066900667
B1433304204614N00149367EA0066900668
B1433314204614N00149368EA0066900668
B1433324204613N00149368EA0066900668
B1433334204613N00149368EA0066900668
B1433344204614N00149369EA0066900668
B1433354204615N00149369EA0066900669
B1433364204615N00149370EA0067000668
B1433374204615N00149371EA0066900668
B1433384204616N00149371EA0066900668
B1433394204617N00149372EA0067000668
B1433404204617N00149372EA0067000668
B1433414204618N00149373EA0066900668
B1433424204618N00149373EA0067000668
B1433434204619N00149374EA0066800668
B1433444204619N00149374EA0066900666
B1433454204619N00149374EA0067000667
B1433464204619N00149373EA0066900667
B1433474204619N00149373EA0066900667
B1433484204619N00149374EA0066900668
B1433494204620N00149374EA0066900668
B1433504204621N00149376EA0067000668
B1433514204621N00149376EA0066900668
B1433524204621N00149374EA0066900669
B1433534204621N00149375EA0066900671
B1433544204621N00149375EA0067000671
B1433554204622N00149374EA0066900672
B1433564204622N00149374EA0066900671
B1433574204621N00149374EA0066900672
B1433584204621N00149375EA0066900672
B1433594204621N00149375EA0066900672
B1434004204621N00149375EA0066900672
B1434014204620N00149373EA0066900672
B1434024204620N00149373EA0066900674
B1434034204620N00149374EA0066900674
B1434044204620N00149373EA0066900673
B1434054204620N00149375EA0066900675
B1434064204620N00149375EA0066900675
B1434074204620N00149375EA0066900675
B1434084204620N00149375EA0066900674
B1434094204621N00149376EA0066900674
B1434104204621N00149375EA0067000675
B1434114204620N00149375EA0066900677
B1434124204620N00149376EA0066900677
B1434134204622N00149378EA0066900677
B1434144204622N00149378EA0066900677
B1434154204622N00149378EA0066900677
B1434164204622N00149377EA0066800678
B1434174204624N00149378EA0066800679
B1434184204624N00149378EA0066800680
B1434194204624N00149378EA0066800679
B1434204204625N00149379EA0067000679
B1434214204624N00149379EA0066900679
B1434224204624N00149377EA0066900679
B1434234204624N00149378EA0066900680
B1434244204624N00149378EA0067000680
B1434254204624N00149379EA0066900681
B1434264204623N00149379EA0066900681
B1434274204624N00149379EA0066900681
B1434284204624N00149377EA0067000681
B1434294204624N00149377EA0066900683
B1434304204623N00149376EA0067000683
B1434314204624N00149376EA0066900683
B1434324204624N00149375EA0066900683
B1434334204624N00149375EA0067000684
B1434344204625N00149375EA0066900684
B1434354204625N00149375EA0066900685
B1434364204625N00149376EA0066900686
B1434374204626N00149374EA0066900685
B1434384204626N00149374EA0066900687
B1434394204626N00149374EA0066900687
B1434404204626N00149376EA0066900687
B1434414204626N00149375EA0066900685
B1434424204625N00149375EA0066900684
B1434434204625N00149375EA0066900684
B1434444204625N00149375EA0066900685
B1434454204625N00149376EA0066900685
B1434464204625N00149375EA0066800685
B1434474204625N00149375EA0066800686
B1434484204626N00149375EA0066800686
B1434494204625N00149375EA0066900686
B1434504204625N00149375EA0067000688
B1434514204625N00149375EA0067000689
B1434524204625N00149375EA0066900689
B1434534204624N00149373EA0066900691
B1434544204623N00149373EA0066900691
B1434554204623N00149374EA0066900691
B1434564204622N00149374EA0066900691
B1434574204621N00149374EA0066900691
B1434584204622N00149373EA0066900691
B1434594204622N00149373EA0066900691
B1435004204621N00149373EA0066900691
B1435014204621N00149372EA0066900692
B1435024204621N00149373EA0066900691
B1435034204621N00149371EA0066900691
B1435044204622N00149372EA0067000691
B1435054204622N00149372EA0066900690
B1435064204622N00149371EA0066900691
B1435074204622N00149369EA0066900691
B1435084204622N00149369EA0067000693
B1435094204622N00149368EA0066900694
B1435104204622N00149367EA0066800694
B1435114204622N00149367EA0066800695
B1435124204622N00149367EA0066800696
B1435134204622N00149367EA0066800696
B1435144204621N00149366EA0066900697
B1435154204621N00149366EA0066900697
B1435164204621N00149365EA0066900697
B1435174204621N00149364EA0066900699
B1435184204621N00149363EA0066900700
B1435194204622N00149364EA0067000700
B1435204204622N00149364EA0066900699
B1435214204622N00149363EA0066900699
B1435224204622N00149362EA0066900699
B1435234204622N00149362EA0066800701
B1435244204623N00149362EA0066900702
B1435254204623N00149362EA0066900702
B1435264204624N00149361EA0067000701
B1435274204624N00149361EA0067000702
B1435284204624N00149360EA0067000703
B1435294204625N00149361EA0066900704
B1435304204625N00149361EA0066900704
B1435314204625N00149362EA0067000704
B1435324204626N00149362EA0067000702
B1435334204626N00149362EA0066900703
B1435344204626N00149361EA0066800703
B1435354204626N00149361EA0066900704
B1435364204625N00149360EA0066900705
B1435374204625N00149361EA0066900705
B1435384204625N00149361EA0067000705
B1435394204626N00149361EA0066900705
B1435404204625N00149361EA0066900705
B1435414204625N00149361EA0066900705
B1435424204625N00149361EA0066900704
B1435434204625N00149362EA0066900704
B1435444204625N00149362EA0067000703
B1435454204625N00149362EA0066900703
B1435464204625N00149363EA0066900703
B1435474204624N00149362EA0066900702
B1435484204624N00149362EA0066900702
B1435494204624N00149362EA0066900702
B1435504204624N00149363EA0066900702
B1435514204624N00149362EA0066900702
B1435524204625N00149363EA0066900702
B1435534204625N00149363EA0066900701
B1435544204624N00149364EA0066900701
B1435554204624N00149365EA0066900701
B1435564204624N00149365EA0066900699
B1435574204624N00149365EA0066900699
B1435584204623N00149365EA0066900700
B1435594204622N00149365EA0066900700
B1436004204622N00149365EA0066900700
B1436014204624N00149365EA0066900700
B1436024204624N00149365EA0066900701
B1436034204625N00149365EA0066900701
B1436044204624N00149364EA0066800701
B1436054204625N00149364EA0066900703
B1436064204625N00149363EA0066800703
B1436074204626N00149363EA0066800703
B1436084204627N00149361EA0066800705
B1436094204627N00149361EA0066900705
B1436104204627N00149361EA0067000705
B1436114204627N00149361EA0066900706
B1436124204627N00149362EA0067000706
B1436134204627N00149362EA0066900706
B1436144204627N00149362EA0066900706
B1436154204628N00149362EA0067000706
B1436164204628N00149362EA0066900706
B1436174204627N00149363EA0066900705
B1436184204628N00149363EA0067000705
B1436194204628N00149362EA0067000705
B1436204204629N00149362EA0067000706
B1436214204629N00149363EA0066900706
B1436224204629N00149363EA0066900706
B1436234204629N00149363EA0067000706
B1436244204629N00149363EA0067000706
B1436254204630N00149363EA0066900707
B1436264204631N00149363EA0067000707
B1436274204631N00149363EA0067000707
B1436284204631N00149363EA0066900708
B1436294204631N00149363EA0067000709
B1436304204631N00149363EA0066900710
B1436314204631N00149362EA0066900711
B1436324204631N00149362EA0067000712
B1436334204631N00149362EA0066900713
B1436344204631N00149362EA0066900713
B1436354204630N00149362EA0066800714
B1436364204631N00149361EA0066900715
B1436374204631N00149361EA0066800715
B1436384204631N00149361EA0066800716
B1436394204630N00149361EA0066800716
B1436404204630N00149360EA0066800717
B1436414204631N00149360EA0066900719
B1436424204631N00149361EA0066900719
B1436434204631N00149361EA0066800719
B1436444204631N00149361EA0066900719
B1436454204630N00149361EA0066800719
B1436464204630N00149362EA0066900719
B1436474204631N00149362EA0066900719
B1436484204631N00149361EA0066900719
B1436494204631N00149363EA0066900719
B1436504204631N00149363EA0066900716
B1436514204631N00149363EA0066900716
B1436524204631N00149364EA0066900716
B1436534204632N00149363EA0066900714
B1436544204631N00149364EA0066900714
B1436554204631N00149364EA0067000714
B1436564204631N00149364EA0066900714
B1436574204631N00149363EA0067000714
B1436584204631N00149362EA0066900714
B1436594204631N00149362EA0066900713
B1437004204631N00149362EA0066900713
B1437014204631N00149360EA0066900712
B1437024204632N00149360EA0066900714
B1437034204631N00149359EA0066900714
B1437044204631N00149359EA0066900714
B1437054204631N00149358EA0066900711
B1437064204631N00149358EA0066900711
B1437074204630N00149358EA0067000710
B1437084204630N00149358EA0067000712
B1437094204630N00149358EA0066900712
B1437104204629N00149358EA0067000711
B1437114204629N00149358EA0067000713
B1437124204629N00149358EA0067000713
B1437134204629N00149359EA0067000713
B1437144204629N00149359EA0066900713
B1437154204629N00149359EA0066900713
B1437164204629N00149359EA0066900713
B1437174204629N00149359EA0067000711
B1437184204630N00149359EA0066900711
B1437194204630N00149360EA0067000710
B1437204204630N00149360EA0066900710
B1437214204630N00149360EA0066900710
B1437224204629N00149360EA0066900710
B1437234204628N00149360EA0066900710
B1437244204629N00149360EA0066900710
B1437254204629N00149360EA0066900710
B1437264204629N00149361EA0066900711
B1437274204628N00149361EA0066900711
B1437284204629N00149361EA0066900711
B1437294204629N00149361EA0066900711
B1437304204630N00149362EA0066900711
B1437314204630N00149363EA0067000711
B1437324204630N00149363EA0067000709
B1437334204631N00149362EA0066900709
B1437344204632N00149362EA0066900709
B1437354204632N00149361EA0066900711
B1437364204632N00149361EA0066900711
B1437374204632N00149362EA0067000712
B1437384204633N00149362EA0066900711
B1437394204632N00149363EA0067000711
B1437404204632N00149363EA0066900712
B1437414204631N00149363EA0067000714
B1437424204631N00149363EA0067000714
B1437434204631N00149363EA0067000715
B1437444204630N00149363EA0067000714
B1437454204630N00149363EA0067000715
B1437464204630N00149363EA0067000715
B1437474204629N00149363EA0067000715
B1437484204629N00149363EA0066900715
B1437494204629N00149363EA0066900716
B1437504204629N00149363EA0067000717
B1437514204629N00149363EA0066900717
B1437524204628N00149363EA0066900718
B1437534204627N00149362EA0066900719
B1437544204626N00149362EA0066900720
B1437554204627N00149362EA0066800720
B1437564204627N00149362EA0066800720
B1437574204626N00149362EA0066800720
B1437584204627N00149362EA0066800720
B1437594204626N00149362EA0066800721
B1438004204626N00149361EA0066800722
B1438014204624N00149361EA0066800722
B1438024204625N00149361EA0066800723
B1438034204624N00149361EA0066800723
B1438044204625N00149363EA0066800723
B1438054204624N00149362EA0066900722
B1438064204624N00149362EA0066900722
B1438074204622N00149363EA0066900722
B1438084204622N00149363EA0066900721
B1438094204622N00149362EA0067000721
B1438104204622N00149363EA0066900721
B1438114204622N00149364EA0066900721
B1438124204621N00149363EA0066900721
B1438134204620N00149363EA0066900721
B1438144204619N00149364EA0066900718
B1438154204619N00149363EA0067000718
B1438164204618N00149363EA0066900718
B1438174204619N00149363EA0067000720
B1438184204618N00149364EA0067000720
B1438194204620N00149365EA0066900719
B1438204204619N00149365EA0067000717
B1438214204619N00149365EA0066900717
B1438224204619N00149365EA0066800716
B1438234204619N00149365EA0066800712
B1438244204619N00149365EA0066800712
B1438254204619N00149364EA0066800712
B1438264204620N00149365EA0066800712
B1438274204619N00149363EA0066800712
B1438284204618N00149364EA0066800711
B1438294204618N00149364EA0066900710
B1438304204618N00149363EA0066800710
B1438314204618N00149364EA0066800709
B1438324204618N00149363EA0066800707
B1438334204618N00149363EA0066800706
B1438344204619N00149363EA0066800706
B1438354204619N00149363EA0066800704
B1438364204619N00149363EA0066800704
B1438374204619N00149363EA0066800704
B1438384204620N00149363EA0066800705
B1438394204620N00149363EA0066800705
B1438404204621N00149363EA0066800705
B1438414204621N00149364EA0066800705
B1438424204621N00149365EA0066800703
B1438434204622N00149367EA0066800700
B1438444204622N00149367EA0066800698
B1438454204622N00149369EA0066800695
B1438464204622N00149370EA0066800693
B1438474204622N00149370EA0066900690
B1438484204622N00149371EA0066900687
B1438494204624N00149371EA0066900686
B1438504204623N00149372EA0066900685
B1438514204624N00149373EA0066900683
B1438524204626N00149372EA0066800681
B1438534204627N00149372EA0066800683
B1438544204627N00149372EA0066900680
B1438554204626N00149373EA0066800680
B1438564204626N00149372EA0066800679
B1438574204626N00149373EA0066800679
B1438584204626N00149373EA0066900678
B1438594204627N00149374EA0066900677
B1439004204627N00149374EA0066800676
B1439014204627N00149373EA0066800676
B1439024204627N00149373EA0066700674
B1439034204627N00149373EA0066900673
B1439044204626N00149372EA0066900672
B1439054204626N00149373EA0066900672
B1439064204626N00149373EA0066900671
B1439074204626N00149373EA0066900671
B1439084204626N00149373EA0066900671
B1439094204626N00149374EA0066900670
B1439104204627N00149374EA0066900670
B1439114204626N00149374EA0066900671
B1439124204626N00149374EA0066900671
B1439134204627N00149374EA0066900671
B1439144204627N00149375EA0066900672
B1439154204627N00149375EA0066800672
B1439164204627N00149376EA0066900672
B1439174204627N00149376EA0066900670
B1439184204627N00149376EA0066900670
B1439194204627N00149377EA0066900670
B1439204204626N00149378EA0066900668
B1439214204626N00149378EA0066900667
B1439224204625N00149377EA0066900667
B1439234204625N00149377EA0066900667
B1439244204625N00149377EA0066900667
B1439254204625N00149377EA0066900666
B1439264204625N00149377EA0066900667
B1439274204626N00149377EA0067000667
B1439284204626N00149377EA0066900667
B1439294204626N00149378EA0066800667
B1439304204626N00149379EA0066900666
B1439314204626N00149378EA0066900666
B1439324204626N00149378EA0066900667
B1439334204626N00149378EA0066900666
B1439344204626N00149378EA0066800666
B1439354204626N00149378EA0066800665
B1439364204626N00149378EA0066800665
B1439374204625N00149379EA0066800665
B1439384204625N00149379EA0066800663
B1439394204625N00149379EA0066800663
B1439404204624N00149379EA0066900663
B1439414204624N00149378EA0066900662
B1439424204624N00149377EA0066900662
B1439434204623N00149378EA0066800662
B1439444204623N00149378EA0066800660
B1439454204623N00149378EA0066800659
B1439464204622N00149377EA0066800659
B1439474204622N00149378EA0066800659
B1439484204622N00149378EA0066900659
B1439494204622N00149377EA0066900659
B1439504204622N00149377EA0066900659
B1439514204621N00149378EA0066900659
B1439524204622N00149378EA0066900659
B1439534204622N00149378EA0066900659
B1439544204622N00149378EA0066900659
B1439554204622N00149379EA0066900658
B1439564204622N00149379EA0066900659
B1439574204623N00149379EA0066800659
B1439584204623N00149380EA0066800659
B1439594204622N00149380EA0066800657
B1440004204623N00149380EA0066900657
B1440014204623N00149379EA0066900656
B1440024204624N00149379EA0066900658
B1440034204624N00149379EA0066900659
B1440044204623N00149378EA0066900659
B1440054204623N00149379EA0066900659
B1440064204623N00149379EA0067000659
B1440074204623N00149378EA0067000659
B1440084204623N00149378EA0066900660
B1440094204623N00149378EA0066900660
B1440104204623N00149378EA0066900661
B1440114204623N00149378EA0066900662
B1440124204623N00149378EA0066800662
B1440134204622N00149378EA0066800662
B1440144204622N00149378EA0066800662
B1440154204622N00149378EA0066700662
B1440164204622N00149377EA0066800662
B1440174204622N00149377EA0066900662
B1440184204621N00149377EA0066900662
B1440194204622N00149377EA0066900662
B1440204204621N00149377EA0066900663
B1440214204621N00149377EA0066900663
B1440224204622N00149377EA0066900663
B1440234204621N00149376EA0066900663
B1440244204622N00149376EA0066900663
B1440254204622N00149376EA0066900663
B1440264204623N00149376EA0066900662
B1440274204623N00149376EA0066900662
B1440284204624N00149377EA0066900662
B1440294204624N00149377EA0066900663
B1440304204624N00149377EA0066900663
B1440314204624N00149376EA0066900664
B1440324204625N00149376EA0066900666
B1440334204626N00149376EA0066900666
B1440344204626N00149377EA0066900667
B1440354204626N00149377EA0066900667
B1440364204627N00149378EA0066900667
B1440374204627N00149377EA0066900667
B1440384204627N00149377EA0066900668
B1440394204628N00149377EA0066900668
B1440404204629N00149378EA0066900669
B1440414204629N00149377EA0066900665
B1440424204629N00149377EA0066900665
B1440434204629N00149377EA0066900665
B1440444204629N00149377EA0066900664
B1440454204629N00149377EA0066900664
B1440464204630N00149377EA0066800664
B1440474204630N00149377EA0066900664
B1440484204630N00149376EA0066800664
B1440494204630N00149376EA0066800664
B1440504204630N00149376EA0066800665
B1440514204630N00149376EA0066700665
B1440524204630N00149375EA0066800665
B1440534204630N00149375EA0066800667
B1440544204629N00149375EA0066800667
B1440554204630N00149375EA0066800668
B1440564204630N00149375EA0066800669
B1440574204630N00149375EA0066800669
B1440584204629N00149374EA0066800669
B1440594204629N00149374EA0066800672
B1441004204629N00149374EA0066800672
B1441014204629N00149374EA0066800672
B1441024204629N00149374EA0066800673
B1441034204629N00149374EA0066800673
B1441044204628N00149374EA0066800673
B1441054204628N00149375EA0066800672
B1441064204628N00149375EA0066800672
B1441074204628N00149375EA0066800672
B1441084204628N00149375EA0066800671
B1441094204628N00149375EA0066800671
B1441104204629N00149375EA0066800671
B1441114204629N00149375EA0066800671
B1441124204629N00149375EA0066800672
B1441134204629N00149375EA0066800672
B1441144204629N00149375EA0066700673
B1441154204629N00149375EA0066800673
B1441164204629N00149375EA0066800673
B1441174204629N00149375EA0066800674
B1441184204629N00149374EA0066800674
B1441194204629N00149374EA0066800674
B1441204204629N00149374EA0066800676
B1441214204628N00149374EA0066800676
B1441224204628N00149374EA0066800676
B1441234204628N00149375EA0066800676
B1441244204629N00149375EA0066800676
B1441254204628N00149374EA0066800677
B1441264204627N00149375EA0066800677
B1441274204627N00149375EA0066900678
B1441284204627N00149375EA0066900678
B1441294204627N00149375EA0067000678
B1441304204626N00149375EA0067000678
B1441314204626N00149376EA0066800678
B1441324204626N00149376EA0066800677
B1441334204626N00149375EA0066800677
B1441344204626N00149375EA0066900677
B1441354204626N00149374EA0066900680
B1441364204627N00149374EA0066900680
B1441374204627N00149373EA0066900680
B1441384204627N00149373EA0066900680
B1441394204627N00149373EA0066900680
B1441404204627N00149373EA0066800681
B1441414204628N00149372EA0066900682
B1441424204627N00149372EA0066900682
B1441434204627N00149372EA0066900682
B1441444204627N00149372EA0066900680
B1441454204626N00149372EA0066900681
B1441464204627N00149371EA0066900681
B1441474204626N00149371EA0066900681
B1441484204626N00149371EA0066900681
B1441494204626N00149371EA0066900681
B1441504204626N00149371EA0066900682
B1441514204625N00149370EA0066900682
B1441524204625N00149370EA0066900682
B1441534204625N00149370EA0066900682
B1441544204625N00149370EA0066900682
B1441554204625N00149370EA0066900682
B1441564204625N00149370EA0066900682
B1441574204625N00149370EA0066900682
B1441584204625N00149370EA0066900682
B1441594204624N00149370EA0067000682
B1442004204623N00149370EA0066900682
B1442014204623N00149369EA0067000682
B1442024204623N00149369EA0066900684
B1442034204622N00149368EA0066900684
B1442044204622N00149368EA0066900684
B1442054204622N00149368EA0066900683
B1442064204623N00149368EA0066900683
B1442074204623N00149368EA0066900684
B1442084204623N00149368EA0066900680
B1442094204623N00149367EA0066900680
B1442104204623N00149366EA0066900680
B1442114204623N00149366EA0066900682
B1442124204623N00149366EA0066900682
B1442134204624N00149366EA0066900683
B1442144204624N00149366EA0066900683
B1442154204624N00149366EA0066900683
B1442164204624N00149366EA0066900683
B1442174204625N00149367EA0066800684
B1442184204625N00149367EA0066900685
B1442194204625N00149367EA0066900685
B1442204204625N00149367EA0066900686
B1442214204625N00149367EA0066900686
B1442224204625N00149368EA0066900686
B1442234204625N00149367EA0067000685
B1442244204625N00149367EA0066900685
B1442254204625N00149367EA0066900685
B1442264204625N00149367EA0066900682
B1442274204625N00149367EA0066900682
B1442284204625N00149367EA0066900682
B1442294204625N00149367EA0066900682
B1442304204625N00149367EA0066900682
B1442314204625N00149367EA0066900682
B1442324204625N00149366EA0066900683
B1442334204625N00149366EA0066900683
B1442344204626N00149367EA0066900683
B1442354204626N00149367EA0066900683
B1442364204626N00149367EA0066900683
B1442374204626N00149367EA0066900683
B1442384204627N00149367EA0067000681
B1442394204626N00149368EA0066900682
B1442404204626N00149367EA0066900682
B1442414204626N00149367EA0067000682
B1442424204627N00149367EA0066900682
B1442434204627N00149366EA0067000682
B1442444204627N00149366EA0067000683
B1442454204627N00149366EA0067000683
B1442464204627N00149367EA0067000682
B1442474204626N00149367EA0066900681
B1442484204626N00149367EA0066900681
B1442494204626N00149367EA0066900682
B1442504204626N00149367EA0066900683
B1442514204626N00149367EA0066900683
B1442524204626N00149367EA0066900682
B1442534204626N00149367EA0066900681
B1442544204626N00149368EA0066900680
B1442554204625N00149369EA0066900680
B1442564204626N00149369EA0066900678
B1442574204625N00149369EA0066900678
B1442584204625N00149369EA0067000677
B1442594204625N00149369EA0066900676
B1443004204625N00149369EA0066900676
B1443014204626N00149369EA0067000676
B1443024204626N00149368EA0066900674
B1443034204626N00149368EA0066900674
B1443044204626N00149369EA0066900674
B1443054204625N00149369EA0066900673
B1443064204625N00149369EA0066900673
B1443074204625N00149369EA0066900673
B1443084204625N00149369EA0066800674
B1443094204625N00149369EA0066900674
B1443104204625N00149370EA0066800674
B1443114204624N00149369EA0066900674
B1443124204624N00149368EA0066900674
B1443134204624N00149368EA0066800674
B1443144204623N00149367EA0066800674
B1443154204623N00149367EA0066800675
B1443164204623N00149367EA0066800675
B1443174204623N00149367EA0066800674
B1443184204623N00149366EA0066900675
B1443194204623N00149367EA0066800675
B1443204204623N00149366EA0066800675
B1443214204623N00149366EA0066800675
B1443224204622N00149365EA0066800676
B1443234204622N00149364EA0066800676
B1443244204622N00149365EA0066800677
B1443254204623N00149365EA0066900678
B1443264204622N00149365EA0066900679
B1443274204622N00149364EA0066800679
B1443284204623N00149365EA0066900680
B1443294204623N00149365EA0066900679
B1443304204623N00149365EA0066800680
B1443314204623N00149365EA0066800680
B1443324204623N00149365EA0066900680
B1443334204624N00149365EA0066800681
B1443344204624N00149365EA0066900682
B1443354204624N00149366EA0066800683
B1443364204624N00149366EA0066900683
B1443374204623N00149365EA0066800684
B1443384204623N00149365EA0066800684
B1443394204623N00149365EA0066800685
B1443404204623N00149365EA0066800685
B1443414204624N00149366EA0066800687
B1443424204623N00149365EA0066800687
B1443434204623N00149365EA0066800688
B1443444204623N00149366EA0066800689
B1443454204624N00149366EA0066800689
B1443464204624N00149366EA0066800690
B1443474204623N00149366EA0066800689
B1443484204624N00149366EA0066800689
B1443494204624N00149366EA0066800690
B1443504204624N00149366EA0066800690
B1443514204624N00149367EA0066800690
B1443524204624N00149366EA0066800691
B1443534204624N00149366EA0066800691
B1443544204624N00149366EA0066800691
B1443554204624N00149366EA0066800692
B1443564204624N00149367EA0066800692
B1443574204625N00149368EA0066800693
B1443584204625N00149369EA0066900693
B1443594204625N00149369EA0066800692
B1444004204625N00149369EA0066800693
B1444014204625N00149369EA0066800693
B1444024204625N00149369EA0066800694
B1444034204624N00149369EA0066800694
B1444044204624N00149369EA0066800694
B1444054204624N00149369EA0066800695
B1444064204624N00149370EA0066800695
B1444074204624N00149370EA0066800695
B1444084204624N00149370EA0066800696
B1444094204623N00149370EA0066900696
B1444104204623N00149370EA0066900696
B1444114204623N00149369EA0066900695
B1444124204624N00149369EA0066900695
B1444134204624N00149369EA0066900695
B1444144204624N00149368EA0066900694
B1444154204623N00149368EA0066900694
B1444164204623N00149367EA0067000694
B1444174204623N00149367EA0066900694
B1444184204623N00149366EA0066900694
B1444194204622N00149365EA0066900694
B1444204204623N00149365EA0066900695
B1444214204623N00149364EA0066900695
B1444224204622N00149364EA0066800695
B1444234204622N00149364EA0066800695
B1444244204622N00149363EA0066800695
B1444254204622N00149363EA0066800695
B1444264204622N00149363EA0066900696
B1444274204621N00149363EA0066800696
B1444284204621N00149362EA0066800696
B1444294204621N00149363EA0066900697
B1444304204621N00149362EA0066900698
B1444314204621N00149363EA0066900698
B1444324204621N00149363EA0066800698
B1444334204621N00149363EA0066800699
B1444344204623N00149364EA0066800699
B1444354204623N00149365EA0066900700
B1444364204623N00149365EA0066900700
B1444374204623N00149366EA0066800700
B1444384204623N00149366EA0066900700
B1444394204623N00149366EA0066800700
B1444404204624N00149367EA0066800700
B1444414204624N00149367EA0066800699
B1444424204624N00149367EA0066800699
B1444434204624N00149368EA0066800699
B1444444204624N00149369EA0066900698
B1444454204624N00149369EA0066900698
B1444464204623N00149368EA0066900698
B1444474204623N00149368EA0067000698
B1444484204623N00149368EA0066900698
B1444494204623N00149368EA0066900698
B1444504204623N00149369EA0067000698
B1444514204623N00149369EA0067000698
B1444524204623N00149369EA0067000698
B1444534204623N00149370EA0066900698
B1444544204623N00149370EA0067000698
B1444554204623N00149370EA0066900699
B1444564204623N00149370EA0066900699
B1444574204623N00149370EA0066900699
B1444584204623N00149369EA0066900699
B1444594204623N00149369EA0066900702
B1445004204623N00149369EA0066800703
B1445014204623N00149369EA0066800703
B1445024204624N00149369EA0066800705
B1445034204623N00149369EA0066800705
B1445044204623N00149369EA0066800705
B1445054204623N00149370EA0066800705
B1445064204623N00149370EA0066800706
B1445074204624N00149369EA0066900706
B1445084204624N00149369EA0066800708
B1445094204625N00149369EA0066800708
B1445104204626N00149369EA0066800709
B1445114204626N00149369EA0066800710
B1445124204626N00149369EA0066900711
B1445134204626N00149370EA0066900711
B1445144204626N00149371EA0067000711
B1445154204625N00149370EA0067000711
B1445164204625N00149371EA0067000711
B1445174204626N00149371EA0066900711
B1445184204626N00149370EA0066900711
B1445194204626N00149369EA0067000712
B1445204204626N00149369EA0067000713
B1445214204627N00149369EA0067000714
B1445224204626N00149368EA0066900714
B1445234204626N00149368EA0066900715
B1445244204626N00149368EA0066900715
B1445254204626N00149368EA0066900715
B1445264204627N00149368EA0066900714
B1445274204627N00149367EA0066900714
B1445284204628N00149367EA0066900714
B1445294204628N00149367EA0066900712
B1445304204628N00149368EA0066900712
B1445314204629N00149367EA0066900713
B1445324204629N00149367EA0066900714
B1445334204629N00149367EA0066900714
B1445344204629N00149368EA0066900714
B1445354204629N00149368EA0067000712
B1445364204630N00149369EA0066900712
B1445374204630N00149369EA0066900712
B1445384204630N00149368EA0066800712
B1445394204631N00149368EA0066900713
B1445404204630N00149369EA0066900713
B1445414204631N00149369EA0066800712
B1445424204631N00149369EA0066800711
B1445434204631N00149369EA0066900711
B1445444204631N00149369EA0066900711
B1445454204631N00149368EA0066900712
B1445464204631N00149368EA0066900712
B1445474204630N00149367EA0066900712
B1445484204629N00149368EA0066900712
B1445494204628N00149368EA0066900712
B1445504204628N00149368EA0066900711
B1445514204628N00149368EA0066900712
B1445524204627N00149369EA0066800712
B1445534204627N00149369EA0066800709
B1445544204627N00149369EA0066800709
B1445554204626N00149371EA0066800710
B1445564204626N00149371EA0066800711
B1445574204626N00149371EA0066800711
B1445584204626N00149372EA0066700711
B1445594204626N00149372EA0066800711
B1446004204625N00149373EA0066900711
B1446014204625N00149373EA0066900711
B1446024204625N00149373EA0066900711
B1446034204625N00149372EA0066900711
B1446044204625N00149374EA0066800711
B1446054204625N00149374EA0066800709
B1446064204624N00149375EA0066800708
B1446074204624N00149376EA0066800708
B1446084204624N00149377EA0066900707
B1446094204624N00149377EA0066900707
B1446104204624N00149377EA0066900707
B1446114204624N00149377EA0066800708
B1446124204624N00149377EA0066900708
B1446134204624N00149376EA0066800708
B1446144204624N00149376EA0066800710
B1446154204625N00149375EA0066800710
B1446164204624N00149375EA0066800711
B1446174204624N00149375EA0066800712
B1446184204624N00149375EA0066800712
B1446194204624N00149375EA0066800712
B1446204204624N00149375EA0066800714
B1446214204624N00149375EA0066800714
B1446224204624N00149375EA0066800714
B1446234204623N00149374EA0066800713
B1446244204623N00149375EA0066800713
B1446254204623N00149375EA0066800712
B1446264204623N00149375EA0066800712
B1446274204623N00149375EA0066800711
B1446284204624N00149375EA0066800711
B1446294204623N00149375EA0066800711
B1446304204624N00149375EA0066800711
B1446314204624N00149375EA0066800711
B1446324204624N00149375EA0066800709
B1446334204623N00149374EA0066900709
B1446344204623N00149373EA0066800709
B1446354204623N00149372EA0066900710
B1446364204624N00149371EA0066800710
B1446374204623N00149370EA0066800710
B1446384204622N00149370EA0066800712
B1446394204621N00149369EA0066800712
B1446404204619N00149368EA0066800712
B1446414204618N00149368EA0066800712
B1446424204618N00149368EA0066800713
B1446434204618N00149368EA0066800713
B1446444204616N00149368EA0066900711
B1446454204615N00149368EA0066900711
B1446464204615N00149367EA0066800711
B1446474204616N00149368EA0066800713
B1446484204616N00149367EA0066800713
B1446494204616N00149368EA0066800713
B1446504204615N00149368EA0066900711
B1446514204616N00149368EA0066800711
B1446524204617N00149369EA0066800711
B1446534204616N00149369EA0066800709
B1446544204617N00149369EA0066800708
B1446554204617N00149370EA0066900708
B1446564204617N00149370EA0066900705
B1446574204617N00149370EA0066900704
B1446584204617N00149370EA0066900704
B1446594204617N00149370EA0066900704
B1447004204617N00149370EA0066800704
B1447014204618N00149370EA0066800704
B1447024204618N00149370EA0066900706
B1447034204619N00149370EA0066800705
B1447044204619N00149371EA0066800705
B1447054204619N00149371EA0066900703
B1447064204620N00149371EA0066900702
B1447074204621N00149371EA0066900702
B1447084204621N00149372EA0067000704
B1447094204621N00149372EA0066900703
B1447104204622N00149372EA0067000703
B1447114204622N00149372EA0066900704
B1447124204622N00149372EA0066900704
B1447134204622N00149371EA0066900704
B1447144204622N00149371EA0066900704
B1447154204622N00149371EA0066900703
B1447164204623N00149371EA0067000703
B1447174204623N00149371EA0067000700
B1447184204624N00149372EA0067000700
B1447194204624N00149371EA0066900699
B1447204204624N00149371EA0066900702
B1447214204623N00149370EA0066900702
B1447224204623N00149370EA0067000701
B1447234204623N00149370EA0066900702
B1447244204623N00149370EA0066900702
B1447254204624N00149370EA0066900701
B1447264204624N00149370EA0067000701
B1447274204623N00149370EA0066900701
B1447284204622N00149370EA0066800700
B1447294204620N00149370EA0066900700
B1447304204619N00149370EA0066900698
B1447314204619N00149370EA0066900696
B1447324204619N00149371EA0066800695
B1447334204618N00149371EA0066900695
B1447344204618N00149371EA0066900695
B1447354204618N00149371EA0067000696
B1447364204616N00149370EA0067000695
B1447374204617N00149371EA0066900696
B1447384204618N00149371EA0067000696
B1447394204618N00149371EA0067000696
B1447404204619N00149371EA0067000695
B1447414204619N00149371EA0067000695
B1447424204619N00149371EA0067000695
B1447434204618N00149372EA0067000695
B1447444204618N00149372EA0067000691
B1447454204619N00149372EA0067000691
B1447464204620N00149371EA0067000691
B1447474204621N00149371EA0067000689
B1447484204622N00149371EA0066900689
B1447494204622N00149371EA0066900688
B1447504204622N00149371EA0067000690
B1447514204621N00149371EA0067000690
B1447524204621N00149371EA0066900690
B1447534204621N00149371EA0067000691
B1447544204621N00149371EA0067000691
B1447554204622N00149372EA0067000691
B1447564204622N00149372EA0066900689
B1447574204622N00149372EA0067000689
B1447584204623N00149371EA0066900689
B1447594204623N00149372EA0066900692
B1448004204623N00149372EA0066900692
B1448014204623N00149373EA0066900691
B1448024204623N00149373EA0066900689
B1448034204623N00149373EA0067000689
B1448044204622N00149374EA0067000688
B1448054204622N00149374EA0066900685
B1448064204621N00149373EA0067000684
B1448074204621N00149373EA0067000684
B1448084204621N00149373EA0066900687
B1448094204621N00149373EA0067000687
B1448104204621N00149373EA0067000686
B1448114204621N00149372EA0066900688
B1448124204622N00149373EA0067000688
B1448134204621N00149373EA0067000688
B1448144204621N00149372EA0067000687
B1448154204621N00149372EA0066900688
B1448164204622N00149372EA0066900687
B1448174204622N00149371EA0066900689
B1448184204622N00149370EA0066900690
B1448194204622N00149370EA0067000690
B1448204204622N00149370EA0067000690
B1448214204622N00149369EA0067000690
B1448224204622N00149369EA0067000690
B1448234204622N00149369EA0066900690
B1448244204622N00149368EA0067000690
B1448254204622N00149369EA0066900691
B1448264204623N00149369EA0066900689
B1448274204623N00149369EA0067000689
B1448284204623N00149370EA0066900689
B1448294204623N00149370EA0067000690
B1448304204623N00149370EA0067000690
B1448314204623N00149371EA0066900690
B1448324204623N00149371EA0066900689
B1448334204623N00149371EA0066900689
B1448344204624N00149372EA0066800689
B1448354204624N00149372EA0066800687
B1448364204624N00149372EA0066800688
B1448374204624N00149372EA0066800688
B1448384204624N00149371EA0066900690
B1448394204625N00149371EA0066900690
B1448404204625N00149371EA0066900691
B1448414204625N00149370EA0066900692
B1448424204625N00149370EA0067000693
B1448434204624N00149369EA0067000693
B1448444204625N00149369EA0067000695
B1448454204625N00149370EA0066900695
B1448464204625N00149371EA0066900696
B1448474204625N00149370EA0066900694
B1448484204625N00149370EA0066900694
B1448494204625N00149370EA0066900695
B1448504204625N00149371EA0066900697
B1448514204625N00149372EA0066900698
B1448524204625N00149373EA0067000698
B1448534204625N00149373EA0066900695
B1448544204625N00149372EA0066900695
B1448554204625N00149373EA0067000696
B1448564204625N00149374EA0067000696
B1448574204625N00149374EA0066900696
B1448584204625N00149374EA0067000697
B1448594204625N00149375EA0067000698
B1449004204625N00149375EA0066900698
B1449014204625N00149375EA0066900698
B1449024204626N00149376EA0067000698
B1449034204626N00149376EA0066900698
B1449044204625N00149375EA0066900698
B1449054204625N00149375EA0066900700
B1449064204626N00149375EA0066900700
B1449074204625N00149376EA0066900700
B1449084204625N00149376EA0067000700
B1449094204625N00149376EA0066900700
B1449104204626N00149376EA0067000701
B1449114204626N00149377EA0066900700
B1449124204626N00149377EA0066900700
B1449134204626N00149377EA0067000700
B1449144204627N00149377EA0067000701
B1449154204627N00149377EA0067000701
B1449164204627N00149378EA0066900701
B1449174204627N00149378EA0066900700
B1449184204627N00149378EA0066800700
B1449194204627N00149378EA0066800699
B1449204204627N00149379EA0066900700
B1449214204627N00149379EA0066900700
B1449224204628N00149379EA0066900700
B1449234204628N00149379EA0066900698
B1449244204628N00149379EA0066900698
B1449254204628N00149378EA0066900697
B1449264204628N00149378EA0066900698
B1449274204628N00149377EA0067000698
B1449284204628N00149376EA0067000698
B1449294204627N00149376EA0066900700
B1449304204628N00149376EA0066900700
B1449314204628N00149375EA0066900700
B1449324204629N00149376EA0066900699
B1449334204629N00149376EA0066800700
B1449344204630N00149376EA0066900699
B1449354204631N00149376EA0066800702
B1449364204631N00149377EA0066900702
B1449374204630N00149377EA0066900702
B1449384204631N00149377EA0066900702
B1449394204631N00149377EA0066900702
B1449404204631N00149378EA0066900702
B1449414204630N00149378EA0066900700
B1449424204630N00149377EA0066900700
B1449434204630N00149377EA0066900700
B1449444204629N00149376EA0066900699
B1449454204629N00149376EA0066900699
B1449464204629N00149377EA0066900700
B1449474204629N00149376EA0066800698
B1449484204629N00149376EA0066900698
B1449494204629N00149376EA0066900698
B1449504204629N00149376EA0066900697
B1449514204629N00149376EA0067000697
B1449524204629N00149377EA0067000697
B1449534204629N00149378EA0066900697
B1449544204629N00149378EA0067000697
B1449554204629N00149377EA0066900698
B1449564204629N00149378EA0066900698
B1449574204629N00149377EA0066900698
B1449584204629N00149377EA0066800698
B1449594204628N00149376EA0066900697
B1450004204628N00149376EA0066800696
B1450014204627N00149374EA0066900696
B1450024204626N00149374EA0066900696
B1450034204626N00149374EA0067000696
B1450044204626N00149373EA0067000695
B1450054204626N00149372EA0067000694
B1450064204627N00149372EA0066900692
B1450074204627N00149372EA0066900692
B1450084204626N00149372EA0067000692
B1450094204626N00149372EA0066900691
B1450104204626N00149372EA0066900690
B1450114204626N00149372EA0066900690
B1450124204626N00149372EA0066900689
B1450134204626N00149372EA0066900688
B1450144204626N00149372EA0066900686
B1450154204626N00149372EA0067000685
B1450164204626N00149372EA0066900684
B1450174204626N00149373EA0066900682
B1450184204626N00149373EA0066900682
B1450194204627N00149372EA0066900681
B1450204204627N00149372EA0066900679
B1450214204628N00149372EA0066800679
B1450224204627N00149372EA0066900678
B1450234204628N00149372EA0066900678
B1450244204628N00149372EA0066800677
B1450254204627N00149372EA0066800676
B1450264204627N00149373EA0066800674
B1450274204627N00149372EA0066900673
B1450284204627N00149372EA0066900672
B1450294204627N00149372EA0066900672
B1450304204626N00149372EA0066900671
B1450314204626N00149371EA0066900671
B1450324204626N00149370EA0067000670
B1450334204626N00149369EA0067000669
B1450344204626N00149369EA0067000669
B1450354204625N00149369EA0067000667
B1450364204625N00149369EA0067000667
B1450374204626N00149369EA0067000667
B1450384204626N00149370EA0067000667
B1450394204626N00149369EA0066900667
B1450404204626N00149369EA0067000667
B1450414204625N00149369EA0067000666
B1450424204625N00149369EA0067000666
B1450434204625N00149368EA0067000665
B1450444204625N00149368EA0067000664
B1450454204625N00149368EA0067000664
B1450464204625N00149369EA0066900663
B1450474204625N00149369EA0066900664
B1450484204626N00149369EA0066900664
B1450494204626N00149369EA0066900665
B1450504204626N00149369EA0067000665
B1450514204626N00149369EA0067000665
B1450524204626N00149369EA0067000666
B1450534204626N00149369EA0067000667
B1450544204626N00149369EA0066900668
B1450554204627N00149369EA0066900668
B1450564204627N00149369EA0067000669
B1450574204626N00149369EA0067000670
B1450584204626N00149369EA0067000671
B1450594204626N00149369EA0067000670
B1451004204626N00149369EA0066900671
B1451014204626N00149369EA0066900672
B1451024204626N00149369EA0067000674
B1451034204626N00149369EA0067000674
B1451044204626N00149369EA0067000675
B1451054204626N00149369EA0066900674
B1451064204626N00149369EA0067000675
B1451074204626N00149369EA0066900675
B1451084204626N00149369EA0066900676
B1451094204626N00149369EA0066900676
B1451104204626N00149370EA0066900677
B1451114204626N00149370EA0066900677
B1451124204627N00149370EA0066800677
B1451134204626N00149370EA0066900677
B1451144204626N00149370EA0067000678
B1451154204627N00149370EA0066900678
B1451164204627N00149371EA0067000678
B1451174204627N00149372EA0067000677
B1451184204626N00149372EA0067000677
B1451194204627N00149372EA0067000676
B1451204204626N00149372EA0067000675
B1451214204626N00149372EA0067000675
B1451224204626N00149372EA0067000675
B1451234204626N00149372EA0067000675
B1451244204626N00149373EA0066900675
B1451254204626N00149372EA0067000675
B1451264204626N00149373EA0066900676
B1451274204626N00149374EA0067000676
B1451284204626N00149374EA0067000676
B1451294204626N00149374EA0066800674
B1451304204627N00149375EA0066900674
B1451314204626N00149376EA0066800674
B1451324204626N00149376EA0066900674
B1451334204626N00149377EA0066900674
B1451344204626N00149377EA0067000674
B1451354204626N00149377EA0067000675
B1451364204626N00149378EA0067000675
B1451374204626N00149377EA0067000675
B1451384204626N00149377EA0066900677
B1451394204626N00149377EA0067000677
B1451404204626N00149377EA0067000677
B1451414204627N00149378EA0067000678
B1451424204627N00149378EA0067000678
B1451434204627N00149378EA0067000678
B1451444204626N00149378EA0067000678
B1451454204626N00149378EA0067000678
B1451464204627N00149378EA0067000678
B1451474204627N00149379EA0066900678
B1451484204627N00149379EA0067000678
B1451494204627N00149378EA0067000678
B1451504204627N00149378EA0067000678
B1451514204627N00149379EA0066900677
B1451524204627N00149379EA0066900677
B1451534204627N00149379EA0066900676
B1451544204627N00149379EA0066900676
B1451554204627N00149378EA0066800675
B1451564204627N00149378EA0066900674
B1451574204627N00149378EA0066900674
B1451584204627N00149377EA0067000674
B1451594204627N00149377EA0067000673
B1452004204627N00149377EA0067000673
B1452014204627N00149377EA0066900673
B1452024204627N00149378EA0067000675
B1452034204627N00149378EA0067000675
B1452044204627N00149377EA0066900675
B1452054204627N00149378EA0066800676
B1452064204628N00149378EA0066900676
B1452074204627N00149378EA0066900676
B1452084204628N00149378EA0066800676
B1452094204628N00149378EA0066900676
B1452104204627N00149378EA0067000677
B1452114204627N00149378EA0067000678
B1452124204627N00149377EA0067000678
B1452134204627N00149377EA0066900678
B1452144204627N00149377EA0066900679
B1452154204627N00149377EA0066900679
B1452164204627N00149376EA0066900679
B1452174204627N00149376EA0066900680
B1452184204627N00149376EA0067000680
B1452194204627N00149375EA0067000681
B1452204204627N00149375EA0066900682
B1452214204627N00149375EA0067000682
B1452224204627N00149375EA0066900682
B1452234204628N00149375EA0066900683
B1452244204628N00149375EA0066900684
B1452254204628N00149375EA0066900684
B1452264204628N00149376EA0066900683
B1452274204629N00149376EA0066900683
B1452284204629N00149375EA0066900683
B1452294204629N00149376EA0066900683
B1452304204629N00149376EA0067000683
B1452314204629N00149376EA0066900683
B1452324204629N00149376EA0066800684
B1452334204629N00149376EA0066800684
B1452344204629N00149375EA0066800684
B1452354204629N00149375EA0066900683
B1452364204630N00149375EA0066900684
B1452374204629N00149374EA0066800684
B1452384204630N00149374EA0066800684
B1452394204630N00149374EA0066800684
B1452404204629N00149374EA0066800684
B1452414204629N00149374EA0066800684
B1452424204629N00149375EA0066800684
B1452434204628N00149374EA0066900685
B1452444204628N00149374EA0066800685
B1452454204628N00149375EA0066900684
B1452464204628N00149375EA0066900684
B1452474204628N00149375EA0067000685
B1452484204628N00149375EA0066900684
B1452494204628N00149374EA0066800684
B1452504204628N00149374EA0066900684
B1452514204628N00149374EA0066900683
B1452524204628N00149374EA0066900683
B1452534204627N00149374EA0066900683
B1452544204627N00149375EA0066900682
B1452554204627N00149375EA0067000681
B1452564204627N00149375EA0066900682
B1452574204628N00149375EA0066900682
B1452584204627N00149375EA0066900682
B1452594204627N00149375EA0066900680
B1453004204627N00149375EA0067000680
B1453014204627N00149375EA0067000680
B1453024204627N00149375EA0066900679
B1453034204626N00149375EA0066900679
B1453044204626N00149375EA0067000679
B1453054204626N00149374EA0066900681
B1453064204626N00149373EA0066900681
B1453074204626N00149373EA0067000682
B1453084204625N00149373EA0067000681
B1453094204626N00149373EA0066900681
B1453104204625N00149374EA0066800681
B1453114204626N00149374EA0066800681
B1453124204626N00149374EA0066900681
B1453134204626N00149374EA0066900681
B1453144204625N00149374EA0067000682
B1453154204625N00149374EA0066900682
B1453164204626N00149374EA0066900682
B1453174204626N00149374EA0067000680
B1453184204626N00149374EA0066900680
B1453194204626N00149373EA0067000680
B1453204204626N00149373EA0066900680
B1453214204625N00149373EA0066900680
B1453224204625N00149373EA0066900680
B1453234204625N00149373EA0066800678
B1453244204625N00149374EA0066900678
B1453254204625N00149374EA0066900679
B1453264204625N00149375EA0066900677
B1453274204625N00149374EA0066900677
B1453284204625N00149373EA0066900676
B1453294204625N00149373EA0067000676
B1453304204625N00149373EA0066900675
B1453314204625N00149372EA0067000675
B1453324204625N00149372EA0067000675
B1453334204625N00149372EA0067000675
B1453344204625N00149373EA0067000675
B1453354204624N00149372EA0067000676
B1453364204624N00149371EA0067000676
B1453374204624N00149372EA0067000675
B1453384204624N00149371EA0067000675
B1453394204624N00149370EA0066900674
B1453404204624N00149371EA0067000674
B1453414204624N00149371EA0067000673
B1453424204624N00149371EA0067000673
B1453434204624N00149372EA0067000673
B1453444204624N00149371EA0066900673
B1453454204624N00149372EA0067000672
B1453464204624N00149371EA0067000672
B1453474204624N00149371EA0066900672
B1453484204624N00149371EA0067000672
B1453494204624N00149370EA0067000672
B1453504204624N00149370EA0067000673
B1453514204625N00149371EA0067000673
B1453524204624N00149371EA0067000673
B1453534204625N00149371EA0067000675
B1453544204625N00149371EA0067000676
B1453554204625N00149371EA0067000676
B1453564204625N00149372EA0067000677
B1453574204625N00149372EA0067000678
B1453584204625N00149372EA0066900678
B1453594204625N00149371EA0066900680
B1454004204625N00149371EA0066800680
B1454014204625N00149371EA0066900680
B1454024204625N00149371EA0067000680
B1454034204625N00149371EA0067000680
B1454044204625N00149371EA0066900681
B1454054204625N00149371EA0067000681
B1454064204625N00149371EA0067000681
B1454074204623N00149369EA0067000681
B1454084204624N00149369EA0067000686
B1454094204623N00149368EA0067000687
B1454104204623N00149369EA0066900687
B1454114204623N00149370EA0067000685
B1454124204623N00149370EA0067000686
B1454134204623N00149370EA0067000686
B1454144204623N00149370EA0067000685
B1454154204623N00149369EA0067000685
B1454164204623N00149370EA0067000685
B1454174204622N00149370EA0067000683
B1454184204623N00149370EA0067000684
B1454194204622N00149369EA0067000684
B1454204204623N00149369EA0067000685
B1454214204623N00149370EA0067000686
B1454224204623N00149369EA0067000686
B1454234204623N00149370EA0067000685
B1454244204623N00149370EA0067000686
B1454254204623N00149371EA0067000686
B1454264204623N00149371EA0067000685
B1454274204624N00149372EA0067000685
B1454284204624N00149372EA0067000685
B1454294204624N00149372EA0067000685
B1454304204625N00149373EA0067000685
B1454314204625N00149373EA0067000685
B1454324204625N00149373EA0067000687
B1454334204625N00149373EA0067000687
B1454344204625N00149373EA0067000687
B1454354204625N00149373EA0067000686
B1454364204625N00149373EA0067000686
B1454374204626N00149374EA0067000686
B1454384204626N00149374EA0067000683
B1454394204626N00149374EA0067000684
B1454404204626N00149373EA0067000684
B1454414204625N00149374EA0067000686
B1454424204625N00149373EA0067000686
B1454434204626N00149374EA0067000686
B1454444204626N00149373EA0067000687
B1454454204626N00149374EA0067000687
B1454464204627N00149374EA0067000687
B1454474204627N00149374EA0066900685
B1454484204628N00149374EA0066900685
B1454494204628N00149373EA0067000685
B1454504204628N00149373EA0066900687
B1454514204628N00149373EA0066900687
B1454524204628N00149373EA0066800688
B1454534204628N00149373EA0066900690
B1454544204628N00149372EA0067000690
B1454554204628N00149372EA0067000690
B1454564204628N00149372EA0067000691
B1454574204627N00149372EA0067000691
B1454584204627N00149373EA0067000692
B1454594204628N00149373EA0067000690
B1455004204627N00149373EA0067000690
B1455014204627N00149373EA0067000691
B1455024204627N00149373EA0067000690
B1455034204627N00149373EA0067000690
B1455044204627N00149373EA0067000690
B1455054204627N00149373EA0067000691
B1455064204626N00149373EA0066900691
B1455074204626N00149373EA0066900691
B1455084204626N00149373EA0066900692
B1455094204626N00149373EA0066900692
B1455104204626N00149373EA0066900692
B1455114204626N00149373EA0066900691
B1455124204626N00149373EA0066900691
B1455134204626N00149373EA0066900691
B1455144204626N00149373EA0066900692
B1455154204626N00149373EA0066900692
B1455164204626N00149373EA0066900692
B1455174204626N00149373EA0066900692
B1455184204626N00149373EA0066900691
B1455194204626N00149373EA0066900691
B1455204204626N00149373EA0066900690
B1455214204626N00149373EA0066900690
B1455224204627N00149373EA0066900689
B1455234204627N00149373EA0066800689
B1455244204627N00149373EA0066900688
B1455254204627N00149373EA0066900687
B1455264204627N00149373EA0066900687
B1455274204627N00149373EA0066900686
B1455284204627N00149373EA0066900685
B1455294204627N00149373EA0066800685
B1455304204627N00149373EA0066900685
B1455314204627N00149373EA0066900684
B1455324204627N00149373EA0066800685
B1455334204627N00149373EA0066800685
B1455344204627N00149372EA0066900685
B1455354204627N00149372EA0066800685
B1455364204627N00149372EA0066900685
B1455374204627N00149372EA0066900685
B1455384204627N00149372EA0066900685
B1455394204627N00149372EA0066800685
B1455404204627N00149372EA0066900685
B1455414204627N00149373EA0066900685
B1455424204627N00149373EA0067000685
B1455434204627N00149372EA0067000685
B1455444204627N00149372EA0067000684
B1455454204627N00149372EA0067000684
B1455464204627N00149372EA0067000684
B1455474204627N00149372EA0066900684
B1455484204627N00149372EA0066800683
B1455494204626N00149372EA0066900683
B1455504204626N00149372EA0066900682
B1455514204626N00149372EA0066900682
B1455524204626N00149372EA0067000682
B1455534204625N00149371EA0067000682
B1455544204626N00149372EA0066900682
B1455554204625N00149372EA0067000682
B1455564204625N00149372EA0067000681
B1455574204625N00149372EA0067000681
B1455584204625N00149372EA0067000681
B1455594204626N00149372EA0066900681
B1456004204626N00149372EA0066900680
B1456014204626N00149372EA0066500680
B1456024204626N00149372EA0067200679
B1456034204626N00149371EA0067200679
LXFM live.flymaster.net version 1.01
LXFM Created 2026-07-11 15:07:45
LXFM flight id 1807615
GAF127AFF7506DC32912CEA512266C8AF
