AXFMSFP Flymaster Live, V1.0, S/N 433258
HFFXA010
HFPLTPILOT:33-Albert Pol Font
HFGTYGLIDERTYPE:0 paraglider
HFGIDGLIDERID:
HFDTM100GPSDATUM:WGS-1984
HFCIDCOMPETITIONID:25303
HFCCLCOMPETITIONCLASS:
HOSITSITE:Figuerassa-ES
HFGPSRECEIVER:UBLOX,CAM-M8Q,72,50000,GPS,GLO,GAL
HFPRSPRESSALTSENSOR:BOSCH,BMP280,9163
HFRFWFIRMWAREVERSION:202h
HFRHWHARDWAREVERSION:1.0R2
HFFTYFRTYPE:Flymaster,TRACKER
HFDTE020826
B0903274207301N00149454EA0140301496
B0903284207301N00149454EA0140201497
B0903294207301N00149454EA0140301497
B0903304207301N00149454EA0140301497
B0903314207301N00149454EA0140201497
B0903324207301N00149454EA0140301497
B0903334207301N00149454EA0140201497
B0903344207301N00149454EA0140201498
B0903354207301N00149454EA0140201498
B0903364207301N00149454EA0140301498
B0903374207301N00149454EA0140301498
B0903384207301N00149454EA0140201498
B0903394207301N00149454EA0140201498
B0903404207301N00149454EA0140301498
B0903414207301N00149454EA0140201498
B0903424207301N00149454EA0140301499
B0903434207301N00149454EA0140301499
B0903444207301N00149454EA0140201499
B0903454207301N00149454EA0140201499
B0903464207301N00149454EA0140301499
B0903474207301N00149454EA0140201499
B0903484207301N00149454EA0140201499
B0903494207301N00149454EA0140301499
B0903504207301N00149454EA0140301499
B0903514207301N00149454EA0140201499
B0903524207301N00149454EA0140201499
B0903534207301N00149454EA0140301499
B0903544207301N00149454EA0140301499
B0903554207301N00149454EA0140301499
B0903564207301N00149454EA0140301500
B0903574207301N00149454EA0140301500
B0903584207301N00149454EA0140301500
B0903594207301N00149454EA0140301500
B0904004207301N00149454EA0140301500
B0904014207301N00149454EA0140301500
B0904024207301N00149454EA0140301500
B0904034207301N00149454EA0140301501
B0904044207301N00149453EA0140301502
B0904054207301N00149453EA0140201502
B0904064207301N00149453EA0140301502
B0904074207301N00149453EA0140301502
B0904084207301N00149453EA0140301502
B0904094207301N00149453EA0140301503
B0904104207301N00149453EA0140301503
B0904114207301N00149453EA0140401503
B0904124207301N00149453EA0140301503
B0904134207301N00149453EA0140301503
B0904144207301N00149453EA0140301503
B0904154207301N00149453EA0140301504
B0904164207301N00149453EA0140301504
B0904174207301N00149453EA0140301503
B0904184207300N00149453EA0140301503
B0904194207301N00149453EA0140301503
B0904204207301N00149453EA0140301503
B0904214207301N00149453EA0140401503
B0904224207301N00149453EA0140301504
B0904234207301N00149453EA0140301504
B0904244207301N00149453EA0140301504
B0904254207301N00149453EA0140401504
B0904264207301N00149453EA0140401504
B0904274207301N00149453EA0140301503
B0904284207301N00149453EA0140301503
B0904294207301N00149453EA0140301503
B0904304207301N00149453EA0140301503
B0904314207301N00149453EA0140301503
B0904324207301N00149453EA0140301503
B0904334207301N00149452EA0140301503
B0904344207301N00149452EA0140301503
B0904354207301N00149452EA0140201503
B0904364207301N00149452EA0140301503
B0904374207301N00149452EA0140301503
B0904384207301N00149452EA0140301503
B0904394207301N00149452EA0140201502
B0904404207301N00149452EA0140301502
B0904414207301N00149452EA0140301502
B0904424207301N00149452EA0140301502
B0904434207301N00149452EA0140401502
B0904444207301N00149452EA0140201502
B0904454207302N00149452EA0140201502
B0904464207302N00149452EA0140301502
B0904474207302N00149453EA0140301502
B0904484207302N00149452EA0140201503
B0904494207301N00149452EA0140301503
B0904504207301N00149452EA0140301503
B0904514207301N00149452EA0140501503
B0904524207301N00149452EA0140201503
B0904534207302N00149452EA0140201503
B0904544207302N00149452EA0140201502
B0904554207302N00149452EA0140301503
B0904564207302N00149452EA0140301502
B0904574207302N00149452EA0140301503
B0904584207302N00149452EA0140201503
B0904594207302N00149452EA0140301503
B0905004207302N00149452EA0140201503
B0905014207302N00149452EA0140301504
B0905024207302N00149452EA0140301504
B0905034207302N00149452EA0140301504
B0905044207302N00149452EA0140301504
B0905054207302N00149452EA0140201504
B0905064207302N00149452EA0140301504
B0905074207301N00149452EA0140301505
B0905084207301N00149451EA0140301505
B0905094207301N00149451EA0140301505
B0905104207301N00149451EA0140301505
B0905114207301N00149451EA0140301505
B0905124207301N00149451EA0140301505
B0905134207301N00149451EA0140301505
B0905144207301N00149451EA0140301505
B0905154207301N00149450EA0140301505
B0905164207301N00149450EA0140301505
B0905174207301N00149450EA0140301505
B0905184207301N00149450EA0140301505
B0905194207301N00149450EA0140301505
B0905204207301N00149450EA0140301505
B0905214207301N00149450EA0140301505
B0905224207301N00149450EA0140301505
B0905234207301N00149450EA0140301505
B0905244207301N00149450EA0140301505
B0905254207301N00149450EA0140201505
B0905264207301N00149450EA0140301505
B0905274207301N00149450EA0140301506
B0905284207301N00149449EA0140301506
B0905294207301N00149449EA0140301506
B0905304207301N00149449EA0140201506
B0905314207301N00149449EA0140201506
B0905324207301N00149449EA0140301507
B0905334207301N00149449EA0140301507
B0905344207301N00149449EA0140301507
B0905354207301N00149449EA0140301506
B0905364207301N00149450EA0140301506
B0905374207301N00149450EA0140301507
B0905384207301N00149450EA0140301507
B0905394207301N00149450EA0140301507
B0905404207301N00149449EA0140301507
B0905414207300N00149449EA0140301507
B0905424207300N00149449EA0140301507
B0905434207300N00149449EA0140201508
B0905444207300N00149449EA0140201508
B0905454207300N00149449EA0139101508
B0905464207300N00149449EA0140801508
B0905474207300N00149449EA0140301508
B0905484207300N00149449EA0140301508
B0905494207300N00149449EA0140301508
B0905504207300N00149449EA0140201508
B0905514207300N00149449EA0140201508
B0905524207300N00149449EA0140201508
B0905534207300N00149448EA0140201508
B0905544207300N00149448EA0140201508
B0905554207300N00149449EA0140301508
B0905564207301N00149448EA0140201508
B0905574207300N00149448EA0140201508
B0905584207301N00149448EA0140301508
B0905594207301N00149448EA0140201508
B0906004207301N00149448EA0140201508
B0906014207301N00149449EA0140201508
B0906024207301N00149449EA0140201508
B0906034207301N00149449EA0140301508
B0906044207301N00149449EA0140201508
B0906054207301N00149449EA0140301508
B0906064207301N00149449EA0140301508
B0906074207301N00149449EA0140301507
B0906084207301N00149449EA0140301507
B0906094207301N00149449EA0140301507
B0906104207301N00149449EA0140301507
B0906114207301N00149449EA0140301506
B0906124207301N00149449EA0140301506
B0906134207301N00149449EA0140301506
B0906144207301N00149449EA0140401506
B0906154207301N00149449EA0140301506
B0906164207301N00149449EA0140201505
B0906174207301N00149449EA0140301505
B0906184207301N00149449EA0140201505
B0906194207301N00149449EA0140301505
B0906204207301N00149449EA0140301505
B0906214207301N00149449EA0140301505
B0906224207301N00149449EA0140301504
B0906234207301N00149449EA0140301504
B0906244207301N00149449EA0140301504
B0906254207301N00149449EA0140301504
B0906264207301N00149449EA0140401504
B0906274207300N00149449EA0140601505
B0906284207300N00149449EA0140501504
B0906294207300N00149449EA0140301505
B0906304207300N00149449EA0140401505
B0906314207301N00149448EA0140601505
B0906324207301N00149448EA0140201504
B0906334207301N00149448EA0140601504
B0906344207301N00149448EA0140501503
B0906354207301N00149448EA0140401503
B0906364207300N00149448EA0140401502
B0906374207301N00149448EA0140301501
B0906384207301N00149448EA0140301501
B0906394207301N00149448EA0140301501
B0906404207301N00149448EA0140301501
B0906414207301N00149448EA0140301500
B0906424207301N00149448EA0140401500
B0906434207301N00149447EA0139901499
B0906444207302N00149447EA0140301498
B0906454207302N00149446EA0139801498
B0906464207302N00149446EA0140401498
B0906474207301N00149446EA0137701497
B0906484207301N00149446EA0140201497
B0906494207302N00149446EA0140701497
B0906504207302N00149445EA0140001497
B0906514207302N00149445EA0139601496
B0906524207302N00149444EA0140601495
B0906534207302N00149443EA0139601495
B0906544207302N00149443EA0140101495
B0906554207302N00149443EA0140601495
B0906564207302N00149442EA0140501495
B0906574207302N00149442EA0140101495
B0906584207302N00149442EA0140201496
B0906594207302N00149442EA0139701496
B0907004207302N00149442EA0140801496
B0907014207302N00149441EA0140501496
B0907024207302N00149441EA0140501495
B0907034207302N00149441EA0140101496
B0907044207302N00149441EA0140401495
B0907054207302N00149441EA0140401496
B0907064207301N00149441EA0140401496
B0907074207301N00149441EA0140401496
B0907084207301N00149441EA0140401496
B0907094207301N00149441EA0140301496
B0907104207301N00149441EA0140401496
B0907114207301N00149442EA0140401496
B0907124207301N00149441EA0140401496
B0907134207301N00149441EA0140301496
B0907144207301N00149441EA0140301496
B0907154207301N00149441EA0140401496
B0907164207301N00149441EA0140001497
B0907174207301N00149440EA0140101497
B0907184207301N00149440EA0140401497
B0907194207301N00149439EA0140301497
B0907204207301N00149438EA0139901497
B0907214207301N00149438EA0140301497
B0907224207300N00149438EA0140401497
B0907234207300N00149438EA0140301498
B0907244207300N00149438EA0140301498
B0907254207300N00149437EA0140401498
B0907264207300N00149436EA0140501499
B0907274207300N00149435EA0140401499
B0907284207300N00149435EA0140301499
B0907294207300N00149434EA0140301500
B0907304207300N00149434EA0140501500
B0907314207300N00149433EA0140401499
B0907324207300N00149433EA0140201499
B0907334207300N00149433EA0140501500
B0907344207301N00149432EA0140401500
B0907354207301N00149431EA0140301500
B0907364207301N00149431EA0140401500
B0907374207301N00149429EA0140301501
B0907384207301N00149429EA0139901500
B0907394207301N00149429EA0140301501
B0907404207302N00149428EA0140401500
B0907414207302N00149428EA0140201500
B0907424207303N00149428EA0140401500
B0907434207304N00149429EA0140501501
B0907444207304N00149429EA0140301503
B0907454207304N00149429EA0140401503
B0907464207304N00149429EA0140301504
B0907474207304N00149430EA0140401504
B0907484207305N00149430EA0140301503
B0907494207305N00149430EA0140401503
B0907504207305N00149430EA0140401503
B0907514207306N00149430EA0140501504
B0907524207306N00149430EA0140501505
B0907534207306N00149430EA0140201504
B0907544207307N00149430EA0140301505
B0907554207308N00149431EA0140501504
B0907564207308N00149431EA0140001504
B0907574207308N00149431EA0141001504
B0907584207308N00149431EA0140501504
B0907594207308N00149431EA0140301505
B0908004207309N00149431EA0140401506
B0908014207309N00149431EA0140301505
B0908024207308N00149431EA0140401506
B0908034207308N00149430EA0140401507
B0908044207308N00149431EA0140301507
B0908054207308N00149430EA0140301507
B0908064207308N00149430EA0140301507
B0908074207308N00149430EA0140301506
B0908084207308N00149429EA0140301506
B0908094207308N00149429EA0140301506
B0908104207308N00149429EA0140301506
B0908114207308N00149429EA0140401506
B0908124207308N00149429EA0140401506
B0908134207308N00149429EA0140301506
B0908144207308N00149429EA0140301506
B0908154207308N00149428EA0139901506
B0908164207308N00149428EA0140701506
B0908174207308N00149430EA0140401507
B0908184207308N00149431EA0140501505
B0908194207309N00149432EA0140301503
B0908204207309N00149432EA0140301503
B0908214207309N00149433EA0140301504
B0908224207309N00149433EA0139701504
B0908234207309N00149433EA0141201504
B0908244207310N00149433EA0140501504
B0908254207310N00149433EA0140401503
B0908264207310N00149433EA0140301504
B0908274207310N00149434EA0140301504
B0908284207310N00149433EA0140301505
B0908294207310N00149433EA0140301505
B0908304207310N00149433EA0140301506
B0908314207310N00149433EA0140301506
B0908324207310N00149433EA0140301507
B0908334207311N00149434EA0140301507
B0908344207311N00149433EA0140301507
B0908354207311N00149433EA0140301507
B0908364207311N00149433EA0140301508
B0908374207311N00149433EA0140301508
B0908384207311N00149433EA0140301508
B0908394207311N00149433EA0140301509
B0908404207311N00149433EA0140301508
B0908414207311N00149433EA0140301508
B0908424207311N00149433EA0140401507
B0908434207310N00149432EA0138801508
B0908444207310N00149432EA0140501505
B0908454207310N00149432EA0140601504
B0908464207310N00149432EA0139901503
B0908474207310N00149432EA0140601503
B0908484207310N00149432EA0140701502
B0908494207310N00149432EA0140401498
B0908504207310N00149432EA0139701497
B0908514207310N00149432EA0140901496
B0908524207310N00149432EA0140301495
B0908534207310N00149432EA0140201495
B0908544207310N00149432EA0140301494
B0908554207310N00149431EA0140401492
B0908564207310N00149431EA0140301492
B0908574207309N00149430EA0140001491
B0908584207310N00149431EA0140101490
B0908594207309N00149431EA0140501489
B0909004207309N00149431EA0140401488
B0909014207309N00149431EA0140301488
B0909024207309N00149431EA0140301488
B0909034207309N00149431EA0140201488
B0909044207309N00149431EA0140301488
B0909054207309N00149431EA0140301487
B0909064207308N00149431EA0140401487
B0909074207308N00149430EA0140101487
B0909084207308N00149430EA0140501486
B0909094207308N00149430EA0140301485
B0909104207308N00149430EA0140201485
B0909114207308N00149430EA0140201485
B0909124207308N00149430EA0140101485
B0909134207308N00149429EA0140501484
B0909144207308N00149429EA0140201485
B0909154207308N00149429EA0140201484
B0909164207308N00149428EA0140201484
B0909174207308N00149428EA0140201483
B0909184207308N00149428EA0140201482
B0909194207308N00149428EA0140201481
B0909204207307N00149427EA0140201481
B0909214207307N00149427EA0140401480
B0909224207307N00149427EA0140301479
B0909234207307N00149426EA0140301479
B0909244207307N00149426EA0140301478
B0909254207307N00149426EA0140301479
B0909264207307N00149426EA0140301480
B0909274207307N00149426EA0140201480
B0909284207307N00149426EA0140501481
B0909294207307N00149426EA0141001482
B0909304207307N00149426EA0140401483
B0909314207307N00149426EA0140801482
B0909324207308N00149426EA0140401483
B0909334207308N00149426EA0140301483
B0909344207308N00149426EA0140301484
B0909354207308N00149426EA0140401485
B0909364207308N00149426EA0140201485
B0909374207308N00149425EA0140201486
B0909384207308N00149425EA0140001486
B0909394207308N00149425EA0140401486
B0909404207308N00149426EA0140101487
B0909414207308N00149426EA0140301487
B0909424207308N00149426EA0140101487
B0909434207308N00149426EA0140201487
B0909444207308N00149426EA0140301488
B0909454207308N00149427EA0140301488
B0909464207309N00149427EA0140301489
B0909474207309N00149428EA0140201489
B0909484207309N00149428EA0140301489
B0909494207309N00149429EA0140301488
B0909504207309N00149429EA0140301488
B0909514207309N00149429EA0140301487
B0909524207309N00149429EA0140201487
B0909534207309N00149429EA0140201486
B0909544207309N00149429EA0140201486
B0909554207309N00149429EA0140201485
B0909564207309N00149430EA0140201484
B0909574207309N00149430EA0140201484
B0909584207309N00149430EA0140201484
B0909594207309N00149430EA0140301484
B0910004207309N00149430EA0140201483
B0910014207309N00149430EA0140201483
B0910024207309N00149431EA0140301483
B0910034207309N00149431EA0140301483
B0910044207309N00149431EA0140301483
B0910054207309N00149432EA0140301482
B0910064207309N00149432EA0140201483
B0910074207309N00149431EA0140301483
B0910084207309N00149432EA0140301483
B0910094207309N00149433EA0140301484
B0910104207310N00149432EA0140301484
B0910114207310N00149432EA0140201484
B0910124207310N00149432EA0140301484
B0910134207310N00149432EA0140301484
B0910144207310N00149433EA0140301484
B0910154207310N00149433EA0140201485
B0910164207310N00149433EA0140301484
B0910174207310N00149434EA0140301484
B0910184207310N00149434EA0140301484
B0910194207310N00149434EA0140201483
B0910204207310N00149434EA0140301483
B0910214207310N00149434EA0140301483
B0910224207310N00149434EA0140301483
B0910234207311N00149434EA0140301483
B0910244207311N00149434EA0140301483
B0910254207311N00149435EA0140201482
B0910264207311N00149435EA0140301482
B0910274207311N00149435EA0140101482
B0910284207311N00149435EA0140301482
B0910294207311N00149434EA0140301482
B0910304207311N00149434EA0140301483
B0910314207311N00149434EA0140301484
B0910324207311N00149434EA0140301484
B0910334207311N00149434EA0140201484
B0910344207311N00149434EA0140201484
B0910354207311N00149434EA0140301484
B0910364207311N00149434EA0140401485
B0910374207311N00149434EA0140201485
B0910384207311N00149434EA0140201485
B0910394207311N00149434EA0140101485
B0910404207311N00149433EA0140301485
B0910414207311N00149433EA0140301486
B0910424207311N00149433EA0140201485
B0910434207311N00149433EA0140301485
B0910444207311N00149433EA0140301486
B0910454207311N00149433EA0140401486
B0910464207311N00149433EA0140301486
B0910474207311N00149433EA0140301486
B0910484207311N00149433EA0140201487
B0910494207311N00149433EA0140301487
B0910504207311N00149433EA0140201487
B0910514207311N00149433EA0140201487
B0910524207311N00149433EA0140301487
B0910534207311N00149432EA0140301487
B0910544207311N00149432EA0140301487
B0910554207311N00149432EA0140301487
B0910564207311N00149432EA0140301488
B0910574207311N00149431EA0140301488
B0910584207311N00149431EA0140301488
B0910594207311N00149432EA0140301488
B0911004207311N00149432EA0140101489
B0911014207311N00149431EA0140201489
B0911024207311N00149431EA0140101490
B0911034207311N00149430EA0140301490
B0911044207311N00149430EA0140301491
B0911054207311N00149429EA0140201492
B0911064207311N00149429EA0140201493
B0911074207311N00149429EA0140201494
B0911084207311N00149429EA0140301494
B0911094207311N00149429EA0140201494
B0911104207311N00149429EA0140201495
B0911114207311N00149429EA0140201496
B0911124207311N00149429EA0140201496
B0911134207311N00149429EA0140201497
B0911144207311N00149428EA0140201497
B0911154207311N00149428EA0140301497
B0911164207311N00149429EA0140301498
B0911174207311N00149429EA0140301498
B0911184207312N00149429EA0140401498
B0911194207311N00149429EA0140301499
B0911204207312N00149428EA0140601499
B0911214207312N00149428EA0139801500
B0911224207311N00149427EA0140401501
B0911234207311N00149427EA0140301501
B0911244207311N00149427EA0140301501
B0911254207311N00149427EA0140201501
B0911264207311N00149427EA0140301501
B0911274207311N00149427EA0140201501
B0911284207311N00149428EA0140301501
B0911294207311N00149429EA0140401502
B0911304207311N00149429EA0140401503
B0911314207311N00149429EA0140301503
B0911324207311N00149429EA0140301503
B0911334207311N00149429EA0140301503
B0911344207311N00149429EA0140301504
B0911354207311N00149429EA0140301504
B0911364207311N00149429EA0140301504
B0911374207311N00149429EA0140201504
B0911384207311N00149430EA0140201504
B0911394207311N00149430EA0140101504
B0911404207311N00149430EA0140001504
B0911414207311N00149430EA0140301504
B0911424207311N00149430EA0140301505
B0911434207311N00149430EA0140501505
B0911444207311N00149430EA0139901505
B0911454207311N00149430EA0140301504
B0911464207310N00149430EA0140501504
B0911474207310N00149430EA0140401503
B0911484207310N00149430EA0140201503
B0911494207310N00149430EA0140401503
B0911504207310N00149430EA0140201503
B0911514207310N00149431EA0140401502
B0911524207310N00149431EA0140501502
B0911534207310N00149430EA0139601501
B0911544207311N00149431EA0140301501
B0911554207310N00149431EA0140401502
B0911564207311N00149432EA0140501502
B0911574207310N00149432EA0140201502
B0911584207310N00149432EA0140301502
B0911594207310N00149432EA0140201502
B0912004207310N00149432EA0140301502
B0912014207310N00149432EA0140201502
B0912024207310N00149431EA0140101502
B0912034207310N00149431EA0140201502
B0912044207310N00149431EA0140401502
B0912054207310N00149430EA0139601502
B0912064207310N00149430EA0140501502
B0912074207310N00149430EA0140201502
B0912084207310N00149430EA0140201502
B0912094207310N00149430EA0140301502
B0912104207310N00149430EA0140301502
B0912114207310N00149430EA0140301502
B0912124207310N00149430EA0140301501
B0912134207310N00149430EA0140401501
B0912144207310N00149430EA0140201502
B0912154207310N00149430EA0140101502
B0912164207310N00149430EA0140201502
B0912174207310N00149430EA0140301502
B0912184207310N00149430EA0140401503
B0912194207310N00149431EA0140301503
B0912204207310N00149431EA0140401504
B0912214207311N00149431EA0140201504
B0912224207311N00149431EA0140301504
B0912234207311N00149432EA0140301505
B0912244207311N00149432EA0140301505
B0912254207311N00149432EA0140301506
B0912264207311N00149432EA0140301506
B0912274207311N00149433EA0140301506
B0912284207311N00149433EA0140101506
B0912294207311N00149433EA0140201506
B0912304207311N00149433EA0140401506
B0912314207311N00149433EA0140301506
B0912324207312N00149433EA0140201506
B0912334207312N00149433EA0140101507
B0912344207312N00149433EA0140301507
B0912354207312N00149433EA0140301507
B0912364207312N00149433EA0140201507
B0912374207312N00149432EA0140201508
B0912384207312N00149432EA0140401507
B0912394207312N00149432EA0140301507
B0912404207312N00149432EA0140301507
B0912414207312N00149432EA0140201507
B0912424207312N00149432EA0140201508
B0912434207312N00149432EA0140101507
B0912444207312N00149432EA0140301508
B0912454207312N00149431EA0140301508
B0912464207312N00149431EA0140301507
B0912474207312N00149431EA0140201507
B0912484207312N00149430EA0140201507
B0912494207312N00149430EA0140201507
B0912504207312N00149430EA0140201506
B0912514207312N00149430EA0140301505
B0912524207311N00149429EA0140201505
B0912534207311N00149429EA0140301504
B0912544207311N00149429EA0140401504
B0912554207311N00149429EA0140301504
B0912564207311N00149429EA0140201503
B0912574207311N00149428EA0140201503
B0912584207311N00149429EA0140301503
B0912594207311N00149428EA0140201503
B0913004207311N00149428EA0140201503
B0913014207311N00149427EA0140201503
B0913024207311N00149428EA0140201502
B0913034207311N00149428EA0140201503
B0913044207311N00149428EA0140201503
B0913054207311N00149428EA0140101502
B0913064207311N00149428EA0140101503
B0913074207311N00149427EA0140201502
B0913084207311N00149427EA0140201502
B0913094207311N00149428EA0140401502
B0913104207311N00149428EA0140301503
B0913114207311N00149428EA0140101503
B0913124207311N00149428EA0140201504
B0913134207311N00149429EA0140301504
B0913144207311N00149429EA0140301504
B0913154207311N00149429EA0140201504
B0913164207311N00149429EA0140201504
B0913174207311N00149429EA0140201504
B0913184207310N00149429EA0140201504
B0913194207310N00149429EA0140201504
B0913204207310N00149429EA0140201503
B0913214207310N00149429EA0140201504
B0913224207310N00149429EA0140201504
B0913234207310N00149429EA0140201503
B0913244207310N00149429EA0140201503
B0913254207310N00149429EA0140201503
B0913264207310N00149428EA0140201503
B0913274207310N00149428EA0140101503
B0913284207310N00149428EA0140201503
B0913294207310N00149428EA0140201503
B0913304207310N00149429EA0140201503
B0913314207310N00149429EA0140301503
B0913324207310N00149429EA0140201503
B0913334207310N00149429EA0140201502
B0913344207310N00149429EA0140201502
B0913354207310N00149430EA0140201502
B0913364207310N00149429EA0140101502
B0913374207310N00149430EA0140301501
B0913384207310N00149430EA0140101502
B0913394207310N00149430EA0140201502
B0913404207310N00149430EA0140201502
B0913414207310N00149430EA0140201502
B0913424207310N00149430EA0140201501
B0913434207310N00149430EA0140301501
B0913444207310N00149429EA0140201501
B0913454207311N00149429EA0140201502
B0913464207311N00149429EA0140101502
B0913474207311N00149429EA0140201502
B0913484207311N00149429EA0140301503
B0913494207310N00149430EA0140201503
B0913504207311N00149430EA0140201503
B0913514207310N00149430EA0140201504
B0913524207310N00149430EA0140201504
B0913534207310N00149431EA0140201504
B0913544207310N00149431EA0140301503
B0913554207310N00149431EA0140301503
B0913564207311N00149432EA0140101504
B0913574207311N00149432EA0140201504
B0913584207311N00149432EA0140301504
B0913594207311N00149432EA0140301504
B0914004207311N00149432EA0140201504
B0914014207311N00149432EA0140201504
B0914024207311N00149432EA0140201504
B0914034207311N00149432EA0140101504
B0914044207311N00149432EA0140101504
B0914054207311N00149432EA0140301504
B0914064207312N00149433EA0140201503
B0914074207312N00149432EA0140201503
B0914084207312N00149432EA0140201503
B0914094207312N00149433EA0140301502
B0914104207312N00149433EA0140301502
B0914114207312N00149433EA0140201502
B0914124207312N00149433EA0140201503
B0914134207312N00149433EA0140201503
B0914144207312N00149432EA0140301504
B0914154207312N00149432EA0140301502
B0914164207312N00149432EA0140301503
B0914174207312N00149431EA0140201503
B0914184207312N00149431EA0140201503
B0914194207312N00149430EA0140201504
B0914204207311N00149430EA0140201504
B0914214207311N00149430EA0140301503
B0914224207311N00149429EA0140201503
B0914234207311N00149429EA0140301503
B0914244207312N00149429EA0140301504
B0914254207311N00149429EA0140301504
B0914264207311N00149428EA0140201505
B0914274207311N00149428EA0140201505
B0914284207311N00149428EA0140301505
B0914294207311N00149428EA0140301506
B0914304207311N00149429EA0140301506
B0914314207311N00149429EA0140401506
B0914324207311N00149429EA0140301507
B0914334207311N00149429EA0140201506
B0914344207310N00149429EA0140101506
B0914354207310N00149429EA0140301506
B0914364207310N00149428EA0140301506
B0914374207310N00149428EA0140301506
B0914384207310N00149428EA0140301506
B0914394207310N00149427EA0140301506
B0914404207310N00149427EA0140301506
B0914414207310N00149426EA0140301506
B0914424207310N00149426EA0140301505
B0914434207311N00149427EA0140301505
B0914444207310N00149427EA0140301505
B0914454207310N00149427EA0140301506
B0914464207310N00149428EA0140201506
B0914474207311N00149427EA0140301506
B0914484207310N00149427EA0140301505
B0914494207311N00149427EA0140201505
B0914504207311N00149428EA0140201505
B0914514207311N00149428EA0140301504
B0914524207310N00149428EA0140301504
B0914534207310N00149428EA0140201504
B0914544207310N00149428EA0140201504
B0914554207309N00149428EA0140201504
B0914564207309N00149428EA0140201504
B0914574207309N00149428EA0140201504
B0914584207309N00149428EA0140301504
B0914594207309N00149428EA0140301503
B0915004207309N00149427EA0140201502
B0915014207309N00149426EA0140201502
B0915024207309N00149427EA0140101501
B0915034207309N00149427EA0140201501
B0915044207309N00149426EA0140301501
B0915054207309N00149427EA0140201501
B0915064207309N00149427EA0140201501
B0915074207309N00149427EA0140301500
B0915084207309N00149427EA0140301500
B0915094207309N00149428EA0140301499
B0915104207309N00149427EA0140401499
B0915114207308N00149429EA0140301499
B0915124207308N00149429EA0140301500
B0915134207308N00149429EA0140301500
B0915144207308N00149429EA0140201501
B0915154207308N00149430EA0140201501
B0915164207308N00149429EA0140201502
B0915174207308N00149430EA0140201502
B0915184207308N00149430EA0140201502
B0915194207308N00149430EA0140201502
B0915204207309N00149430EA0140101503
B0915214207309N00149430EA0140201501
B0915224207309N00149430EA0140201502
B0915234207309N00149431EA0140301502
B0915244207309N00149430EA0140101502
B0915254207309N00149431EA0140301502
B0915264207308N00149431EA0140201503
B0915274207308N00149431EA0140201502
B0915284207308N00149431EA0140101502
B0915294207309N00149431EA0140101502
B0915304207309N00149430EA0140201501
B0915314207309N00149430EA0140201501
B0915324207310N00149430EA0140201501
B0915334207310N00149430EA0140101501
B0915344207310N00149430EA0140101501
B0915354207310N00149429EA0140201501
B0915364207310N00149429EA0140201499
B0915374207310N00149430EA0140201499
B0915384207310N00149430EA0140301499
B0915394207310N00149430EA0140201498
B0915404207310N00149430EA0140201498
B0915414207310N00149430EA0140201498
B0915424207310N00149430EA0140201498
B0915434207311N00149430EA0140201498
B0915444207311N00149431EA0140201498
B0915454207311N00149431EA0140101498
B0915464207311N00149431EA0140201498
B0915474207312N00149431EA0140301498
B0915484207312N00149431EA0140301498
B0915494207312N00149431EA0140201497
B0915504207312N00149432EA0140201497
B0915514207312N00149432EA0140201497
B0915524207312N00149432EA0140201496
B0915534207312N00149432EA0140201496
B0915544207312N00149431EA0140201496
B0915554207312N00149431EA0140201495
B0915564207312N00149432EA0140201495
B0915574207313N00149432EA0140201494
B0915584207313N00149432EA0140301494
B0915594207313N00149432EA0140101494
B0916004207313N00149432EA0140201494
B0916014207313N00149432EA0140201495
B0916024207313N00149432EA0140301494
B0916034207313N00149433EA0140201494
B0916044207314N00149432EA0140201494
B0916054207314N00149432EA0140201494
B0916064207314N00149432EA0140101494
B0916074207314N00149432EA0140201493
B0916084207314N00149432EA0140101493
B0916094207314N00149432EA0140201493
B0916104207314N00149432EA0140401493
B0916114207315N00149433EA0140201493
B0916124207315N00149433EA0140201492
B0916134207314N00149433EA0140201492
B0916144207314N00149432EA0140201491
B0916154207314N00149432EA0140201490
B0916164207314N00149432EA0140201490
B0916174207315N00149432EA0140201490
B0916184207314N00149432EA0140201490
B0916194207315N00149432EA0140201490
B0916204207315N00149432EA0140201490
B0916214207315N00149432EA0140301491
B0916224207315N00149431EA0140201490
B0916234207314N00149431EA0140201490
B0916244207314N00149431EA0140101490
B0916254207314N00149431EA0140201490
B0916264207314N00149431EA0140201490
B0916274207314N00149431EA0140301489
B0916284207314N00149430EA0140301489
B0916294207314N00149430EA0140201489
B0916304207314N00149430EA0140201490
B0916314207314N00149429EA0140201489
B0916324207314N00149429EA0140201489
B0916334207314N00149429EA0140201489
B0916344207314N00149429EA0140201489
B0916354207314N00149430EA0140201489
B0916364207314N00149430EA0140201489
B0916374207314N00149430EA0140201489
B0916384207314N00149430EA0140301489
B0916394207314N00149430EA0140201489
B0916404207314N00149430EA0140201489
B0916414207313N00149431EA0140201489
B0916424207313N00149431EA0140201486
B0916434207313N00149431EA0140201487
B0916444207313N00149431EA0140201487
B0916454207313N00149431EA0140301487
B0916464207313N00149431EA0140201487
B0916474207313N00149431EA0140201487
B0916484207313N00149431EA0140201488
B0916494207313N00149431EA0140101488
B0916504207313N00149432EA0140301489
B0916514207313N00149432EA0140201490
B0916524207313N00149432EA0140201491
B0916534207313N00149432EA0140201491
B0916544207313N00149432EA0140201491
B0916554207313N00149432EA0140201491
B0916564207313N00149432EA0140201491
B0916574207313N00149432EA0140201492
B0916584207313N00149432EA0140201492
B0916594207313N00149433EA0140301492
B0917004207313N00149432EA0140301492
B0917014207313N00149433EA0140201492
B0917024207313N00149433EA0140201493
B0917034207313N00149433EA0140301494
B0917044207313N00149433EA0140301494
B0917054207313N00149433EA0140201495
B0917064207313N00149433EA0140201496
B0917074207313N00149433EA0140301496
B0917084207313N00149433EA0140201497
B0917094207312N00149433EA0140301498
B0917104207312N00149434EA0140201499
B0917114207312N00149434EA0140301499
B0917124207312N00149434EA0140301501
B0917134207312N00149434EA0140201501
B0917144207312N00149435EA0140201502
B0917154207312N00149435EA0138301503
B0917164207312N00149436EA0140401503
B0917174207313N00149437EA0140301504
B0917184207313N00149437EA0140201504
B0917194207313N00149438EA0140301503
B0917204207313N00149438EA0140401502
B0917214207313N00149438EA0140301502
B0917224207312N00149437EA0140201500
B0917234207312N00149437EA0140201500
B0917244207312N00149436EA0140401500
B0917254207312N00149436EA0140301499
B0917264207312N00149435EA0140201499
B0917274207311N00149435EA0140401498
B0917284207311N00149435EA0140501497
B0917294207310N00149435EA0140301497
B0917304207310N00149435EA0140401498
B0917314207310N00149435EA0140401498
B0917324207309N00149436EA0140401498
B0917334207309N00149437EA0140101498
B0917344207309N00149437EA0140301498
B0917354207309N00149438EA0140401499
B0917364207309N00149439EA0140401499
B0917374207308N00149439EA0140401500
B0917384207308N00149439EA0140301500
B0917394207308N00149439EA0140401500
B0917404207307N00149439EA0140401501
B0917414207307N00149440EA0140201501
B0917424207306N00149441EA0140401501
B0917434207306N00149441EA0139701501
B0917444207306N00149442EA0140201500
B0917454207306N00149442EA0140401501
B0917464207305N00149443EA0140501500
B0917474207305N00149443EA0140301500
B0917484207304N00149444EA0140401500
B0917494207304N00149444EA0140201500
B0917504207304N00149444EA0140301500
B0917514207304N00149444EA0140301500
B0917524207303N00149445EA0140401500
B0917534207303N00149445EA0140401500
B0917544207303N00149445EA0140301500
B0917554207303N00149446EA0140401500
B0917564207303N00149446EA0140401500
B0917574207303N00149446EA0140301500
B0917584207303N00149446EA0140301500
B0917594207302N00149446EA0140301500
B0918004207302N00149446EA0139701500
B0918014207302N00149447EA0140301500
B0918024207302N00149447EA0140301500
B0918034207302N00149447EA0140201500
B0918044207301N00149447EA0140301500
B0918054207301N00149447EA0140301500
B0918064207301N00149447EA0140301500
B0918074207301N00149447EA0140201500
B0918084207301N00149447EA0140301500
B0918094207301N00149447EA0140301500
B0918104207301N00149448EA0140201500
B0918114207301N00149448EA0140301500
B0918124207300N00149448EA0140101500
B0918134207301N00149448EA0140201500
B0918144207300N00149448EA0140301499
B0918154207300N00149448EA0140201500
B0918164207300N00149448EA0140201500
B0918174207300N00149448EA0140201500
B0918184207300N00149448EA0140201500
B0918194207300N00149448EA0140401500
B0918204207300N00149449EA0140201500
B0918214207300N00149449EA0140101500
B0918224207300N00149448EA0140101500
B0918234207299N00149449EA0140301500
B0918244207299N00149448EA0140101500
B0918254207299N00149448EA0140301500
B0918264207299N00149448EA0140301501
B0918274207299N00149447EA0140301501
B0918284207299N00149448EA0140201501
B0918294207299N00149448EA0140201501
B0918304207299N00149448EA0140301501
B0918314207299N00149448EA0140301501
B0918324207299N00149448EA0140201501
B0918334207299N00149449EA0140201500
B0918344207299N00149449EA0140201500
B0918354207299N00149449EA0140201500
B0918364207299N00149449EA0140201500
B0918374207298N00149449EA0140201500
B0918384207298N00149449EA0140201500
B0918394207298N00149449EA0140201500
B0918404207298N00149449EA0140201499
B0918414207298N00149449EA0140201499
B0918424207298N00149449EA0140201499
B0918434207298N00149449EA0140301499
B0918444207298N00149449EA0140201499
B0918454207298N00149449EA0140301499
B0918464207297N00149449EA0140201499
B0918474207297N00149448EA0140201499
B0918484207297N00149448EA0140301499
B0918494207297N00149448EA0140201499
B0918504207297N00149447EA0140201500
B0918514207297N00149448EA0140201499
B0918524207297N00149448EA0140301499
B0918534207297N00149448EA0140201500
B0918544207297N00149448EA0140301500
B0918554207296N00149448EA0140301500
B0918564207296N00149448EA0140301500
B0918574207296N00149448EA0140301500
B0918584207296N00149448EA0140201501
B0918594207297N00149448EA0140301500
B0919004207297N00149447EA0140201501
B0919014207297N00149448EA0140301500
B0919024207297N00149448EA0140101502
B0919034207298N00149448EA0140301502
B0919044207298N00149448EA0140401502
B0919054207298N00149447EA0139901502
B0919064207299N00149447EA0140301502
B0919074207299N00149446EA0140301501
B0919084207299N00149447EA0140101502
B0919094207299N00149446EA0140201501
B0919104207299N00149446EA0139901502
B0919114207299N00149446EA0140301502
B0919124207299N00149446EA0140201501
B0919134207299N00149446EA0140301501
B0919144207299N00149445EA0140301501
B0919154207300N00149445EA0140301500
B0919164207300N00149445EA0140301499
B0919174207300N00149445EA0140301499
B0919184207300N00149445EA0140201499
B0919194207300N00149445EA0140201498
B0919204207300N00149445EA0140201498
B0919214207300N00149445EA0140101498
B0919224207300N00149445EA0140201497
B0919234207300N00149445EA0140001499
B0919244207300N00149444EA0140301498
B0919254207300N00149444EA0139901498
B0919264207300N00149443EA0140301497
B0919274207300N00149443EA0140501497
B0919284207300N00149443EA0140301497
B0919294207300N00149443EA0140301497
B0919304207300N00149443EA0140401497
B0919314207300N00149443EA0140301498
B0919324207300N00149443EA0140201498
B0919334207300N00149443EA0140301498
B0919344207300N00149443EA0140301498
B0919354207300N00149444EA0140301498
B0919364207300N00149444EA0140301499
B0919374207300N00149444EA0140201499
B0919384207300N00149443EA0140401499
B0919394207300N00149443EA0140301499
B0919404207300N00149443EA0140401499
B0919414207300N00149443EA0140401499
B0919424207300N00149443EA0140301499
B0919434207300N00149443EA0140401499
B0919444207300N00149443EA0140301499
B0919454207300N00149443EA0140301498
B0919464207300N00149443EA0140301499
B0919474207300N00149443EA0140301499
B0919484207300N00149443EA0140401500
B0919494207300N00149443EA0140401500
B0919504207300N00149443EA0140401501
B0919514207300N00149442EA0140301501
B0919524207300N00149442EA0140301500
B0919534207300N00149442EA0140301501
B0919544207300N00149442EA0140301501
B0919554207300N00149441EA0140301501
B0919564207299N00149441EA0140101500
B0919574207299N00149441EA0140201500
B0919584207299N00149441EA0140401500
B0919594207299N00149440EA0140301499
B0920004207299N00149440EA0140301499
B0920014207299N00149440EA0140301498
B0920024207299N00149440EA0140201498
B0920034207299N00149440EA0140301498
B0920044207299N00149439EA0140301497
B0920054207299N00149439EA0140301497
B0920064207299N00149439EA0140301496
B0920074207299N00149439EA0140401496
B0920084207299N00149439EA0140301496
B0920094207299N00149439EA0140301495
B0920104207299N00149439EA0140401495
B0920114207300N00149439EA0140301495
B0920124207300N00149439EA0140301495
B0920134207300N00149439EA0140301495
B0920144207300N00149439EA0140301495
B0920154207300N00149439EA0140401495
B0920164207300N00149439EA0140301495
B0920174207300N00149439EA0140401495
B0920184207300N00149439EA0140401495
B0920194207300N00149439EA0140301495
B0920204207300N00149439EA0140301495
B0920214207300N00149439EA0140301495
B0920224207300N00149439EA0140201495
B0920234207300N00149439EA0140301495
B0920244207300N00149439EA0140301496
B0920254207300N00149440EA0140301496
B0920264207300N00149440EA0140201496
B0920274207300N00149440EA0140301496
B0920284207300N00149440EA0140401496
B0920294207300N00149440EA0140301497
B0920304207300N00149440EA0140301497
B0920314207299N00149440EA0140301497
B0920324207299N00149440EA0140301497
B0920334207300N00149440EA0140401497
B0920344207300N00149441EA0140401497
B0920354207300N00149441EA0140301498
B0920364207299N00149441EA0140201497
B0920374207299N00149441EA0140301496
B0920384207299N00149441EA0140301496
B0920394207299N00149441EA0140301497
B0920404207299N00149441EA0140201497
B0920414207299N00149441EA0140301497
B0920424207299N00149441EA0140301496
B0920434207299N00149442EA0140201497
B0920444207299N00149442EA0140301497
B0920454207299N00149442EA0140401497
B0920464207299N00149442EA0140201497
B0920474207299N00149442EA0140301496
B0920484207299N00149442EA0140301496
B0920494207299N00149442EA0140301496
B0920504207299N00149442EA0140201496
B0920514207299N00149442EA0140301496
B0920524207299N00149442EA0140301495
B0920534207299N00149441EA0140301494
B0920544207299N00149441EA0140301494
B0920554207299N00149441EA0140301494
B0920564207299N00149441EA0140201493
B0920574207299N00149441EA0140301493
B0920584207299N00149441EA0140301493
B0920594207299N00149440EA0140301493
B0921004207299N00149440EA0140301493
B0921014207299N00149440EA0140201493
B0921024207299N00149440EA0140301494
B0921034207299N00149440EA0140301494
B0921044207299N00149440EA0140201493
B0921054207299N00149440EA0140301494
B0921064207299N00149440EA0140201494
B0921074207299N00149440EA0140301494
B0921084207300N00149440EA0140001495
B0921094207300N00149440EA0140301496
B0921104207300N00149440EA0140201497
B0921114207300N00149440EA0140301497
B0921124207300N00149440EA0140301496
B0921134207300N00149440EA0140301496
B0921144207300N00149440EA0140201498
B0921154207300N00149440EA0140301498
B0921164207300N00149440EA0140201498
B0921174207300N00149440EA0140301498
B0921184207300N00149440EA0140401499
B0921194207300N00149440EA0140301499
B0921204207300N00149440EA0140301499
B0921214207300N00149440EA0140301499
B0921224207300N00149440EA0140301500
B0921234207300N00149441EA0140301499
B0921244207300N00149440EA0140201501
B0921254207301N00149440EA0140301500
B0921264207300N00149440EA0140301500
B0921274207300N00149441EA0140201498
B0921284207300N00149441EA0140301497
B0921294207300N00149441EA0140301498
B0921304207300N00149441EA0140301499
B0921314207300N00149442EA0140301499
B0921324207300N00149442EA0140301498
B0921334207300N00149442EA0140301498
B0921344207300N00149442EA0140301498
B0921354207299N00149441EA0140301498
B0921364207300N00149441EA0140301498
B0921374207299N00149441EA0140301497
B0921384207299N00149441EA0140301498
B0921394207299N00149440EA0140201497
B0921404207299N00149440EA0140301496
B0921414207300N00149440EA0140201497
B0921424207300N00149440EA0140201497
B0921434207300N00149440EA0140301499
B0921444207300N00149440EA0140201499
B0921454207300N00149440EA0140101499
B0921464207300N00149441EA0140201501
B0921474207300N00149441EA0140401501
B0921484207300N00149441EA0140201502
B0921494207301N00149441EA0140301502
B0921504207300N00149441EA0140201503
B0921514207301N00149440EA0140201503
B0921524207300N00149440EA0140201504
B0921534207300N00149440EA0140001501
B0921544207300N00149440EA0140101501
B0921554207300N00149440EA0140401501
B0921564207300N00149440EA0140301501
B0921574207300N00149439EA0140201501
B0921584207300N00149440EA0140201501
B0921594207300N00149440EA0140201502
B0922004207300N00149440EA0140201502
B0922014207300N00149440EA0140201502
B0922024207300N00149440EA0140201502
B0922034207300N00149440EA0140201501
B0922044207300N00149441EA0140301502
B0922054207300N00149441EA0140301502
B0922064207300N00149441EA0140101502
B0922074207300N00149441EA0140201502
B0922084207300N00149441EA0140301502
B0922094207300N00149441EA0140301503
B0922104207301N00149441EA0140201502
B0922114207301N00149441EA0140301503
B0922124207301N00149441EA0140301503
B0922134207301N00149441EA0140301501
B0922144207301N00149441EA0140301501
B0922154207301N00149440EA0140301501
B0922164207301N00149441EA0140201500
B0922174207301N00149441EA0140201500
B0922184207301N00149441EA0140101500
B0922194207301N00149441EA0140301500
B0922204207301N00149441EA0140201500
B0922214207301N00149441EA0140201500
B0922224207301N00149440EA0140301500
B0922234207301N00149440EA0140201499
B0922244207301N00149440EA0140201499
B0922254207301N00149440EA0140301499
B0922264207301N00149440EA0140301499
B0922274207301N00149440EA0140301499
B0922284207301N00149440EA0140301499
B0922294207301N00149440EA0140201498
B0922304207301N00149440EA0140301498
B0922314207301N00149440EA0140201498
B0922324207301N00149441EA0140201498
B0922334207301N00149441EA0140201498
B0922344207301N00149441EA0140201497
B0922354207301N00149441EA0140301495
B0922364207301N00149441EA0140201495
B0922374207301N00149441EA0140301495
B0922384207301N00149441EA0140201495
B0922394207301N00149441EA0140201495
B0922404207301N00149441EA0140201495
B0922414207301N00149441EA0140201495
B0922424207301N00149441EA0140301495
B0922434207301N00149441EA0140201495
B0922444207301N00149441EA0140201497
B0922454207301N00149441EA0140201497
B0922464207301N00149441EA0140201498
B0922474207301N00149441EA0140201498
B0922484207301N00149441EA0140201499
B0922494207301N00149442EA0140201499
B0922504207301N00149442EA0140101499
B0922514207301N00149442EA0140201500
B0922524207301N00149442EA0140201500
B0922534207301N00149442EA0140201501
B0922544207301N00149442EA0140201501
B0922554207301N00149441EA0140201500
B0922564207300N00149441EA0140201501
B0922574207300N00149441EA0140201501
B0922584207300N00149441EA0140201501
B0922594207300N00149441EA0140101501
B0923004207300N00149441EA0140201502
B0923014207300N00149441EA0140201502
B0923024207300N00149441EA0140201502
B0923034207300N00149441EA0140301503
B0923044207300N00149440EA0140201503
B0923054207300N00149440EA0140201503
B0923064207300N00149441EA0140101504
B0923074207300N00149441EA0140301504
B0923084207300N00149440EA0140201505
B0923094207300N00149441EA0140201504
B0923104207300N00149441EA0140201505
B0923114207300N00149441EA0140101505
B0923124207300N00149441EA0140201505
B0923134207300N00149441EA0140201506
B0923144207300N00149441EA0140301506
B0923154207300N00149441EA0140301506
B0923164207300N00149440EA0140201506
B0923174207300N00149440EA0140301506
B0923184207301N00149440EA0140101506
B0923194207301N00149440EA0140201505
B0923204207301N00149440EA0140301505
B0923214207301N00149440EA0140301506
B0923224207301N00149440EA0140201507
B0923234207301N00149440EA0140301507
B0923244207301N00149440EA0140301507
B0923254207301N00149440EA0140301507
B0923264207301N00149440EA0140201507
B0923274207301N00149440EA0140301507
B0923284207301N00149439EA0140201507
B0923294207301N00149439EA0140301508
B0923304207301N00149439EA0140201507
B0923314207301N00149439EA0140201507
B0923324207301N00149438EA0140301508
B0923334207301N00149438EA0140201508
B0923344207301N00149437EA0140101508
B0923354207301N00149437EA0140201506
B0923364207301N00149437EA0140301506
B0923374207301N00149437EA0140201505
B0923384207301N00149437EA0140201507
B0923394207301N00149437EA0140201506
B0923404207301N00149437EA0140201505
B0923414207301N00149437EA0140301505
B0923424207300N00149437EA0140201504
B0923434207300N00149437EA0140201503
B0923444207300N00149438EA0140201505
B0923454207300N00149438EA0140201505
B0923464207300N00149438EA0140201504
B0923474207300N00149438EA0140201504
B0923484207300N00149438EA0140201503
B0923494207300N00149438EA0140201502
B0923504207301N00149438EA0140201501
B0923514207301N00149438EA0140201501
B0923524207300N00149438EA0140301501
B0923534207301N00149438EA0140201501
B0923544207301N00149438EA0140201499
B0923554207301N00149438EA0140201499
B0923564207301N00149438EA0140201498
B0923574207301N00149439EA0140201498
B0923584207301N00149439EA0140201498
B0923594207301N00149439EA0140201498
B0924004207301N00149439EA0140201499
B0924014207301N00149439EA0140201498
B0924024207301N00149439EA0140201497
B0924034207301N00149439EA0140201497
B0924044207301N00149439EA0140201496
B0924054207301N00149439EA0140301496
B0924064207300N00149439EA0140201496
B0924074207300N00149440EA0140201497
B0924084207301N00149440EA0140201497
B0924094207301N00149440EA0140201496
B0924104207301N00149440EA0140201496
B0924114207301N00149441EA0140201497
B0924124207300N00149441EA0140201497
B0924134207301N00149441EA0140201498
B0924144207301N00149441EA0140201498
B0924154207301N00149441EA0140201498
B0924164207301N00149441EA0140201499
B0924174207301N00149442EA0140201499
B0924184207301N00149442EA0140201499
B0924194207301N00149442EA0140301499
B0924204207301N00149442EA0140201499
B0924214207301N00149443EA0140201499
B0924224207302N00149443EA0140201500
B0924234207302N00149443EA0140201500
B0924244207302N00149443EA0140401500
B0924254207302N00149443EA0140301501
B0924264207302N00149444EA0140301501
B0924274207302N00149444EA0140201501
B0924284207302N00149444EA0140301502
B0924294207302N00149444EA0140201502
B0924304207302N00149444EA0140301502
B0924314207301N00149444EA0140201501
B0924324207301N00149444EA0140301502
B0924334207301N00149444EA0140301502
B0924344207301N00149445EA0140301502
B0924354207301N00149444EA0140201501
B0924364207301N00149445EA0140301501
B0924374207301N00149445EA0140201502
B0924384207301N00149445EA0140201501
B0924394207301N00149445EA0140201501
B0924404207300N00149445EA0140201501
B0924414207300N00149445EA0140201501
B0924424207300N00149445EA0140201501
B0924434207300N00149445EA0140201501
B0924444207300N00149445EA0140201501
B0924454207300N00149445EA0140301501
B0924464207300N00149445EA0140201501
B0924474207300N00149445EA0140301501
B0924484207300N00149445EA0140301501
B0924494207300N00149445EA0140301502
B0924504207300N00149445EA0140201501
B0924514207300N00149445EA0140201501
B0924524207300N00149445EA0140201501
B0924534207300N00149445EA0140201501
B0924544207300N00149445EA0140201501
B0924554207300N00149445EA0140201501
B0924564207300N00149445EA0140301501
B0924574207300N00149445EA0140201501
B0924584207300N00149445EA0140201501
B0924594207300N00149445EA0140201501
B0925004207300N00149445EA0140301501
B0925014207300N00149445EA0140201501
B0925024207300N00149445EA0140301501
B0925034207300N00149445EA0140201502
B0925044207300N00149445EA0140201502
B0925054207300N00149445EA0140201502
B0925064207300N00149445EA0140201502
B0925074207300N00149445EA0140201503
B0925084207300N00149445EA0140201503
B0925094207300N00149445EA0140101503
B0925104207300N00149445EA0140201503
B0925114207300N00149445EA0140301504
B0925124207300N00149445EA0140201504
B0925134207300N00149445EA0140301504
B0925144207300N00149445EA0140301504
B0925154207300N00149445EA0140201505
B0925164207300N00149445EA0140201505
B0925174207300N00149445EA0140201505
B0925184207300N00149445EA0140201505
B0925194207300N00149445EA0140301505
B0925204207300N00149445EA0140301505
B0925214207300N00149445EA0140201505
B0925224207300N00149445EA0140201505
B0925234207300N00149445EA0140301505
B0925244207300N00149445EA0140201505
B0925254207300N00149445EA0140201505
B0925264207300N00149445EA0140301505
B0925274207300N00149445EA0140301505
B0925284207300N00149445EA0140201505
B0925294207300N00149445EA0140301505
B0925304207300N00149445EA0140301505
B0925314207300N00149445EA0140201505
B0925324207300N00149445EA0140301505
B0925334207300N00149445EA0140201505
B0925344207301N00149445EA0140201505
B0925354207301N00149445EA0140301505
B0925364207301N00149445EA0140301504
B0925374207301N00149445EA0140201503
B0925384207301N00149445EA0140301503
B0925394207301N00149445EA0140201503
B0925404207301N00149445EA0140201503
B0925414207301N00149445EA0140301503
B0925424207301N00149445EA0140301503
B0925434207301N00149445EA0140301503
B0925444207301N00149445EA0140301504
B0925454207301N00149446EA0140201504
B0925464207301N00149446EA0140301504
B0925474207301N00149446EA0140301504
B0925484207302N00149447EA0140301504
B0925494207302N00149447EA0140401504
B0925504207302N00149447EA0140301503
B0925514207302N00149447EA0140301503
B0925524207302N00149447EA0140301504
B0925534207301N00149447EA0140301504
B0925544207302N00149447EA0140301504
B0925554207302N00149447EA0140301504
B0925564207302N00149447EA0140301504
B0925574207302N00149447EA0140301503
B0925584207302N00149447EA0140301503
B0925594207302N00149447EA0140301503
B0926004207301N00149446EA0140301502
B0926014207301N00149446EA0140201503
B0926024207301N00149446EA0140201503
B0926034207301N00149446EA0140301503
B0926044207301N00149446EA0140301503
B0926054207301N00149446EA0140301504
B0926064207301N00149446EA0140301504
B0926074207301N00149446EA0140301504
B0926084207301N00149446EA0140301504
B0926094207301N00149446EA0140301504
B0926104207301N00149446EA0140301504
B0926114207301N00149446EA0140301504
B0926124207301N00149446EA0140201505
B0926134207301N00149446EA0140201505
B0926144207301N00149446EA0140301504
B0926154207301N00149446EA0140301504
B0926164207301N00149446EA0140301504
B0926174207302N00149446EA0140301504
B0926184207301N00149446EA0140301504
B0926194207301N00149446EA0140201503
B0926204207302N00149447EA0140301503
B0926214207302N00149447EA0140301503
B0926224207302N00149447EA0140301502
B0926234207302N00149447EA0140301502
B0926244207302N00149447EA0140201502
B0926254207302N00149447EA0140201501
B0926264207302N00149446EA0140301501
B0926274207302N00149446EA0140301501
B0926284207302N00149446EA0140201501
B0926294207302N00149446EA0140201501
B0926304207302N00149446EA0140301501
B0926314207302N00149446EA0140301501
B0926324207302N00149446EA0140301501
B0926334207302N00149446EA0140301501
B0926344207302N00149446EA0140301500
B0926354207302N00149446EA0140301500
B0926364207302N00149446EA0140301499
B0926374207302N00149446EA0140301500
B0926384207302N00149446EA0140301499
B0926394207302N00149446EA0140201499
B0926404207303N00149446EA0140301500
B0926414207303N00149447EA0140201499
B0926424207303N00149447EA0140301499
B0926434207303N00149446EA0140301500
B0926444207303N00149446EA0140301499
B0926454207303N00149446EA0140301499
B0926464207303N00149446EA0140301499
B0926474207303N00149446EA0140301500
B0926484207303N00149446EA0140301500
B0926494207303N00149447EA0140301500
B0926504207303N00149446EA0140201499
B0926514207303N00149446EA0140301500
B0926524207303N00149446EA0140201500
B0926534207303N00149446EA0140201500
B0926544207303N00149446EA0140201501
B0926554207303N00149446EA0140301501
B0926564207303N00149446EA0140201502
B0926574207303N00149446EA0140201502
B0926584207303N00149446EA0140201502
B0926594207303N00149446EA0140201502
B0927004207303N00149446EA0140201502
B0927014207303N00149446EA0140201502
B0927024207303N00149445EA0140101502
B0927034207303N00149446EA0140301502
B0927044207303N00149446EA0140301502
B0927054207303N00149445EA0140201502
B0927064207302N00149445EA0140101502
B0927074207303N00149445EA0140301503
B0927084207303N00149445EA0140201502
B0927094207303N00149445EA0140301502
B0927104207303N00149445EA0140201502
B0927114207303N00149445EA0140201501
B0927124207303N00149445EA0140301501
B0927134207303N00149445EA0140301501
B0927144207303N00149445EA0140301501
B0927154207303N00149446EA0140301501
B0927164207303N00149446EA0140201500
B0927174207303N00149446EA0140201500
B0927184207303N00149446EA0140301499
B0927194207303N00149446EA0140301499
B0927204207303N00149446EA0140201499
B0927214207303N00149446EA0140301498
B0927224207303N00149446EA0140301498
B0927234207303N00149446EA0140301498
B0927244207303N00149446EA0140301498
B0927254207303N00149447EA0140301498
B0927264207303N00149446EA0140301498
B0927274207303N00149447EA0140201498
B0927284207303N00149447EA0140301498
B0927294207303N00149447EA0140301498
B0927304207302N00149447EA0140201498
B0927314207303N00149447EA0140201497
B0927324207303N00149447EA0140201497
B0927334207303N00149447EA0140301497
B0927344207303N00149447EA0140201498
B0927354207303N00149447EA0140301498
B0927364207302N00149447EA0140301498
B0927374207303N00149447EA0140301498
B0927384207303N00149447EA0140301498
B0927394207303N00149447EA0140301497
B0927404207303N00149447EA0140301498
B0927414207302N00149447EA0140301498
B0927424207302N00149447EA0140201498
B0927434207302N00149447EA0140301497
B0927444207302N00149447EA0140301497
B0927454207302N00149447EA0140201497
B0927464207302N00149448EA0140401498
B0927474207302N00149448EA0140301497
B0927484207302N00149448EA0140201498
B0927494207302N00149448EA0140301498
B0927504207302N00149447EA0140301498
B0927514207301N00149447EA0140301498
B0927524207301N00149447EA0140201497
B0927534207301N00149447EA0140201496
B0927544207301N00149446EA0139901496
B0927554207301N00149446EA0140401496
B0927564207301N00149445EA0140201496
B0927574207301N00149445EA0140301496
B0927584207301N00149445EA0140201496
B0927594207301N00149445EA0140301496
B0928004207301N00149444EA0140001495
B0928014207301N00149443EA0140401495
B0928024207301N00149443EA0140001496
B0928034207301N00149442EA0140301495
B0928044207301N00149442EA0140301493
B0928054207301N00149442EA0140201493
B0928064207301N00149442EA0140301493
B0928074207301N00149442EA0140301493
B0928084207301N00149442EA0140301493
B0928094207301N00149442EA0140301493
B0928104207301N00149441EA0140301492
B0928114207301N00149441EA0140301493
B0928124207301N00149441EA0140301493
B0928134207301N00149441EA0140201493
B0928144207301N00149441EA0140301493
B0928154207301N00149440EA0140201494
B0928164207301N00149440EA0140301494
B0928174207301N00149440EA0140301494
B0928184207301N00149439EA0140301494
B0928194207301N00149439EA0140401493
B0928204207301N00149439EA0140301493
B0928214207301N00149439EA0140301493
B0928224207301N00149439EA0140301494
B0928234207301N00149439EA0140301494
B0928244207300N00149440EA0140301494
B0928254207300N00149439EA0140301494
B0928264207300N00149439EA0140301494
B0928274207300N00149440EA0140301494
B0928284207300N00149440EA0140301495
B0928294207300N00149440EA0140301495
B0928304207300N00149440EA0140301495
B0928314207300N00149440EA0140301495
B0928324207300N00149439EA0140301495
B0928334207300N00149439EA0140401495
B0928344207300N00149439EA0140301495
B0928354207300N00149439EA0140301495
B0928364207300N00149438EA0140301495
B0928374207300N00149438EA0140301495
B0928384207300N00149438EA0140301495
B0928394207300N00149438EA0140301495
B0928404207300N00149438EA0140301495
B0928414207300N00149438EA0140301495
B0928424207300N00149438EA0140301494
B0928434207300N00149438EA0140301495
B0928444207300N00149438EA0140301495
B0928454207300N00149438EA0140301494
B0928464207300N00149438EA0140401495
B0928474207300N00149438EA0140301495
B0928484207300N00149438EA0140301495
B0928494207300N00149438EA0140301495
B0928504207300N00149438EA0140301495
B0928514207300N00149438EA0140301495
B0928524207300N00149438EA0140301495
B0928534207300N00149438EA0140301496
B0928544207300N00149439EA0140301496
B0928554207300N00149439EA0140301496
B0928564207300N00149439EA0140301496
B0928574207300N00149439EA0140301496
B0928584207300N00149439EA0140201495
B0928594207300N00149439EA0140301496
B0929004207300N00149439EA0140301496
B0929014207300N00149438EA0140301496
B0929024207300N00149438EA0140301495
B0929034207300N00149438EA0140401496
B0929044207300N00149438EA0140301496
B0929054207300N00149437EA0140301495
B0929064207300N00149437EA0140301495
B0929074207299N00149437EA0140201495
B0929084207299N00149436EA0140301495
B0929094207299N00149436EA0140301495
B0929104207299N00149435EA0140001495
B0929114207299N00149435EA0140401495
B0929124207299N00149434EA0140301495
B0929134207299N00149434EA0140201496
B0929144207300N00149433EA0140301495
B0929154207300N00149433EA0140301495
B0929164207300N00149433EA0140301495
B0929174207301N00149432EA0140401495
B0929184207301N00149432EA0140401495
B0929194207301N00149432EA0140301494
B0929204207302N00149431EA0140301495
B0929214207302N00149430EA0140301495
B0929224207303N00149430EA0139901494
B0929234207303N00149430EA0140501494
B0929244207304N00149430EA0140401494
B0929254207304N00149430EA0140401495
B0929264207304N00149430EA0140301494
B0929274207304N00149429EA0140401495
B0929284207304N00149429EA0140401494
B0929294207304N00149429EA0140401494
B0929304207304N00149428EA0140301494
B0929314207304N00149428EA0140401494
B0929324207305N00149428EA0140401495
B0929334207305N00149427EA0140201494
B0929344207305N00149427EA0140401494
B0929354207306N00149427EA0139701494
B0929364207306N00149427EA0140401494
B0929374207307N00149427EA0140101494
B0929384207307N00149427EA0140301494
B0929394207307N00149427EA0140301495
B0929404207307N00149427EA0140301495
B0929414207308N00149427EA0140301495
B0929424207308N00149427EA0140301495
B0929434207308N00149427EA0140301495
B0929444207308N00149427EA0140201496
B0929454207308N00149427EA0140201495
B0929464207309N00149427EA0140401496
B0929474207309N00149428EA0140301495
B0929484207309N00149427EA0140401495
B0929494207310N00149427EA0140201495
B0929504207310N00149427EA0140301496
B0929514207310N00149427EA0140101496
B0929524207310N00149426EA0140301496
B0929534207310N00149426EA0140301496
B0929544207310N00149425EA0140201496
B0929554207310N00149425EA0140301497
B0929564207309N00149424EA0140301498
B0929574207309N00149424EA0140301498
B0929584207309N00149423EA0140301499
B0929594207309N00149423EA0140301499
B0930004207309N00149423EA0140301500
B0930014207309N00149423EA0140201501
B0930024207309N00149423EA0140201502
B0930034207310N00149423EA0140301502
B0930044207310N00149423EA0140301502
B0930054207310N00149422EA0140301502
B0930064207310N00149422EA0140301502
B0930074207310N00149421EA0140301503
B0930084207310N00149421EA0140201502
B0930094207310N00149422EA0140301502
B0930104207310N00149421EA0140301503
B0930114207310N00149421EA0140301504
B0930124207310N00149422EA0140101504
B0930134207310N00149422EA0139201505
B0930144207310N00149422EA0141501505
B0930154207310N00149422EA0140601505
B0930164207310N00149423EA0140301506
B0930174207310N00149423EA0140201506
B0930184207310N00149423EA0140101505
B0930194207309N00149423EA0139401505
B0930204207309N00149424EA0140101505
B0930214207310N00149424EA0140001504
B0930224207310N00149424EA0140101504
B0930234207310N00149424EA0140101503
B0930244207310N00149424EA0140001503
B0930254207310N00149424EA0140101502
B0930264207310N00149425EA0140101503
B0930274207310N00149425EA0140201503
B0930284207310N00149425EA0140201502
B0930294207310N00149425EA0140201502
B0930304207310N00149425EA0140201503
B0930314207310N00149425EA0140201501
B0930324207310N00149425EA0140201500
B0930334207310N00149425EA0140201500
B0930344207309N00149425EA0140101500
B0930354207310N00149425EA0140201499
B0930364207310N00149425EA0140201499
B0930374207310N00149426EA0140101499
B0930384207310N00149426EA0140201499
B0930394207310N00149426EA0140501499
B0930404207310N00149426EA0140001499
B0930414207310N00149426EA0140101500
B0930424207310N00149426EA0140201499
B0930434207310N00149426EA0140201499
B0930444207310N00149427EA0140201499
B0930454207310N00149427EA0140101500
B0930464207310N00149427EA0140201500
B0930474207310N00149427EA0140201501
B0930484207310N00149427EA0140201501
B0930494207310N00149427EA0140301501
B0930504207310N00149427EA0140201501
B0930514207310N00149427EA0140301502
B0930524207310N00149428EA0139601502
B0930534207310N00149428EA0140101503
B0930544207310N00149428EA0140301504
B0930554207310N00149428EA0140001504
B0930564207310N00149428EA0140201504
B0930574207310N00149428EA0140201503
B0930584207310N00149428EA0140101503
B0930594207310N00149428EA0140201503
B0931004207310N00149428EA0140301502
B0931014207310N00149428EA0140201502
B0931024207310N00149428EA0140301502
B0931034207310N00149428EA0140101501
B0931044207310N00149428EA0140301500
B0931054207310N00149428EA0140501500
B0931064207310N00149428EA0140101499
B0931074207310N00149428EA0140001500
B0931084207309N00149428EA0140401500
B0931094207310N00149428EA0140501500
B0931104207310N00149428EA0140401500
B0931114207310N00149428EA0140301501
B0931124207310N00149428EA0140101501
B0931134207310N00149428EA0140201501
B0931144207310N00149429EA0140201501
B0931154207310N00149429EA0140301502
B0931164207310N00149429EA0140001502
B0931174207310N00149429EA0141501502
B0931184207310N00149430EA0140701503
B0931194207311N00149430EA0140301504
B0931204207311N00149431EA0140301505
B0931214207311N00149431EA0140201506
B0931224207311N00149431EA0140101506
B0931234207311N00149431EA0139501507
B0931244207311N00149431EA0139901507
B0931254207311N00149431EA0140201507
B0931264207311N00149432EA0140201507
B0931274207311N00149432EA0140301507
B0931284207311N00149432EA0140201508
B0931294207311N00149432EA0140201507
B0931304207311N00149432EA0140201508
B0931314207312N00149433EA0140201508
B0931324207312N00149432EA0140301509
B0931334207311N00149432EA0140201509
B0931344207311N00149432EA0140201509
B0931354207311N00149432EA0140301509
B0931364207311N00149432EA0140101509
B0931374207311N00149432EA0140401509
B0931384207311N00149432EA0140301509
B0931394207311N00149432EA0140201509
B0931404207311N00149433EA0140201509
B0931414207312N00149432EA0140701509
B0931424207312N00149432EA0140301509
B0931434207311N00149432EA0140201509
B0931444207311N00149432EA0140201509
B0931454207311N00149432EA0140401509
B0931464207311N00149432EA0140201509
B0931474207311N00149432EA0140301509
B0931484207311N00149432EA0140201509
B0931494207311N00149432EA0141701509
B0931504207311N00149432EA0140601508
B0931514207311N00149432EA0140201509
B0931524207311N00149432EA0140401508
B0931534207311N00149432EA0140201508
B0931544207311N00149432EA0140301508
B0931554207311N00149432EA0140301508
B0931564207312N00149432EA0140301508
B0931574207311N00149432EA0140101509
B0931584207311N00149432EA0138001509
B0931594207311N00149432EA0140201509
B0932004207311N00149431EA0140301509
B0932014207311N00149431EA0140301509
B0932024207311N00149432EA0140401509
B0932034207311N00149431EA0140301509
B0932044207311N00149431EA0140301509
B0932054207311N00149431EA0140201509
B0932064207311N00149431EA0140201509
B0932074207311N00149431EA0140201509
B0932084207311N00149431EA0140101509
B0932094207311N00149431EA0140401509
B0932104207311N00149431EA0140201508
B0932114207311N00149431EA0140401508
B0932124207311N00149431EA0140101508
B0932134207311N00149430EA0140001507
B0932144207311N00149430EA0140101507
B0932154207311N00149430EA0140301507
B0932164207311N00149430EA0140301507
B0932174207310N00149430EA0140101507
B0932184207310N00149430EA0140101506
B0932194207310N00149430EA0140301506
B0932204207310N00149430EA0140301506
B0932214207310N00149430EA0140301506
B0932224207310N00149430EA0140201505
B0932234207310N00149430EA0140201505
B0932244207310N00149430EA0140301505
B0932254207310N00149430EA0140201505
B0932264207310N00149430EA0140301504
B0932274207311N00149430EA0140201504
B0932284207311N00149430EA0140301504
B0932294207311N00149430EA0140201504
B0932304207311N00149430EA0140201504
B0932314207311N00149430EA0140301505
B0932324207311N00149430EA0140101505
B0932334207311N00149430EA0140201505
B0932344207311N00149430EA0140901504
B0932354207311N00149431EA0140401504
B0932364207311N00149431EA0140301505
B0932374207311N00149431EA0140301505
B0932384207311N00149431EA0140201506
B0932394207311N00149431EA0140301505
B0932404207311N00149431EA0140301505
B0932414207311N00149431EA0140301506
B0932424207311N00149431EA0140201506
B0932434207311N00149431EA0140201506
B0932444207311N00149431EA0140201506
B0932454207311N00149431EA0140301506
B0932464207311N00149431EA0140301506
B0932474207311N00149431EA0140201506
B0932484207311N00149431EA0140301506
B0932494207310N00149431EA0139401506
B0932504207310N00149431EA0140301507
B0932514207310N00149431EA0140701507
B0932524207310N00149431EA0140601507
B0932534207310N00149431EA0140401507
B0932544207310N00149431EA0140201507
B0932554207310N00149431EA0140201507
B0932564207310N00149431EA0140301507
B0932574207310N00149431EA0140201507
B0932584207310N00149431EA0140301506
B0932594207310N00149431EA0140301506
B0933004207310N00149430EA0140401505
B0933014207310N00149430EA0140201505
B0933024207310N00149430EA0140201504
B0933034207310N00149430EA0140201503
B0933044207310N00149430EA0140301503
B0933054207309N00149429EA0140301503
B0933064207309N00149429EA0140201503
B0933074207309N00149428EA0139901501
B0933084207309N00149427EA0140701500
B0933094207310N00149428EA0140201500
B0933104207310N00149428EA0140201500
B0933114207310N00149427EA0140201501
B0933124207310N00149427EA0140301500
B0933134207309N00149427EA0140301500
B0933144207310N00149427EA0140001500
B0933154207310N00149427EA0140201500
B0933164207310N00149427EA0140701500
B0933174207310N00149427EA0140001500
B0933184207310N00149427EA0139901500
B0933194207310N00149427EA0140301500
B0933204207310N00149426EA0140201500
B0933214207310N00149426EA0140301500
B0933224207310N00149426EA0140101499
B0933234207310N00149426EA0140301499
B0933244207310N00149426EA0140401499
B0933254207310N00149426EA0140101498
B0933264207310N00149426EA0140701498
B0933274207311N00149426EA0139801497
B0933284207311N00149426EA0140401496
B0933294207311N00149426EA0140301495
B0933304207311N00149426EA0140301496
B0933314207311N00149427EA0140201495
B0933324207312N00149427EA0140001496
B0933334207312N00149427EA0140201497
B0933344207313N00149428EA0140201496
B0933354207313N00149428EA0140501496
B0933364207313N00149428EA0140101496
B0933374207313N00149428EA0140201496
B0933384207313N00149428EA0140401496
B0933394207313N00149428EA0140201496
B0933404207313N00149428EA0140201495
B0933414207313N00149428EA0140101494
B0933424207313N00149428EA0141101494
B0933434207313N00149428EA0140201494
B0933444207313N00149428EA0140301494
B0933454207313N00149428EA0140201494
B0933464207314N00149428EA0140201495
B0933474207313N00149428EA0139701495
B0933484207313N00149428EA0139701495
B0933494207313N00149429EA0140001495
B0933504207313N00149429EA0140301495
B0933514207313N00149428EA0140301495
B0933524207313N00149428EA0140401495
B0933534207313N00149428EA0140301496
B0933544207313N00149428EA0140201496
B0933554207313N00149429EA0140301496
B0933564207313N00149429EA0140201495
B0933574207313N00149429EA0140401494
B0933584207314N00149429EA0140301494
B0933594207314N00149429EA0140301494
B0934004207313N00149429EA0140301494
B0934014207313N00149429EA0140401494
B0934024207313N00149429EA0140101494
B0934034207313N00149429EA0140201494
B0934044207312N00149429EA0140301493
B0934054207313N00149429EA0140401492
B0934064207313N00149429EA0140201492
B0934074207313N00149430EA0140201493
B0934084207313N00149429EA0140201493
B0934094207313N00149430EA0140301492
B0934104207313N00149430EA0140201492
B0934114207313N00149430EA0140701491
B0934124207313N00149430EA0140301492
B0934134207312N00149429EA0140201492
B0934144207312N00149429EA0140101492
B0934154207312N00149429EA0140201492
B0934164207312N00149429EA0140301493
B0934174207312N00149429EA0140301492
B0934184207312N00149429EA0140301493
B0934194207312N00149429EA0140201493
B0934204207312N00149430EA0140301493
B0934214207312N00149430EA0140301494
B0934224207312N00149430EA0140201494
B0934234207312N00149430EA0140301495
B0934244207312N00149430EA0139601495
B0934254207312N00149430EA0140501494
B0934264207312N00149430EA0140601494
B0934274207312N00149430EA0140401495
B0934284207312N00149430EA0140401495
B0934294207312N00149430EA0140401495
B0934304207312N00149430EA0140201495
B0934314207312N00149430EA0139901495
B0934324207312N00149429EA0140501496
B0934334207312N00149429EA0140401496
B0934344207312N00149429EA0140501496
B0934354207312N00149429EA0140401496
B0934364207311N00149428EA0140201496
B0934374207311N00149428EA0140301497
B0934384207311N00149428EA0140301497
B0934394207311N00149428EA0140301496
B0934404207311N00149427EA0140301495
B0934414207311N00149427EA0140401496
B0934424207312N00149427EA0140301497
B0934434207312N00149426EA0140301497
B0934444207312N00149426EA0140001497
B0934454207311N00149427EA0140401497
B0934464207311N00149427EA0140401497
B0934474207311N00149428EA0140501497
B0934484207312N00149428EA0140401498
B0934494207312N00149429EA0140101498
B0934504207312N00149429EA0140301499
B0934514207313N00149430EA0140401500
B0934524207313N00149430EA0140301501
B0934534207313N00149430EA0140301500
B0934544207314N00149431EA0140201500
B0934554207314N00149431EA0140201500
B0934564207314N00149431EA0140301501
B0934574207314N00149431EA0140201501
B0934584207314N00149431EA0140301501
B0934594207314N00149431EA0140201502
B0935004207314N00149432EA0140201503
B0935014207314N00149432EA0140201504
B0935024207314N00149432EA0140301504
B0935034207314N00149431EA0140201504
B0935044207314N00149431EA0140201505
B0935054207314N00149432EA0140201505
B0935064207314N00149432EA0140101505
B0935074207314N00149432EA0140201506
B0935084207315N00149432EA0140201506
B0935094207314N00149432EA0140201507
B0935104207314N00149431EA0140101507
B0935114207314N00149431EA0140201507
B0935124207314N00149431EA0140201507
B0935134207314N00149431EA0140201507
B0935144207314N00149430EA0140201507
B0935154207313N00149431EA0140101508
B0935164207313N00149431EA0140201507
B0935174207313N00149431EA0140201507
B0935184207313N00149431EA0140201507
B0935194207313N00149431EA0140201507
B0935204207313N00149431EA0140101507
B0935214207312N00149431EA0140201506
B0935224207313N00149431EA0140201506
B0935234207313N00149431EA0140201507
B0935244207313N00149430EA0140201508
B0935254207313N00149430EA0140101508
B0935264207313N00149430EA0140201507
B0935274207313N00149429EA0140201507
B0935284207313N00149429EA0140201507
B0935294207313N00149429EA0140301507
B0935304207313N00149429EA0140201507
B0935314207313N00149428EA0140101509
B0935324207314N00149428EA0140101509
B0935334207314N00149428EA0140301509
B0935344207314N00149427EA0140201509
B0935354207313N00149427EA0140301510
B0935364207313N00149427EA0140101510
B0935374207312N00149427EA0140301510
B0935384207312N00149427EA0140401509
B0935394207312N00149428EA0140301509
B0935404207312N00149428EA0140401509
B0935414207311N00149427EA0140401508
B0935424207311N00149427EA0140301509
B0935434207311N00149427EA0140401509
B0935444207311N00149427EA0140301510
B0935454207311N00149427EA0140301510
B0935464207311N00149427EA0140101511
B0935474207311N00149427EA0140401511
B0935484207311N00149428EA0140301511
B0935494207311N00149428EA0140301509
B0935504207311N00149428EA0140201509
B0935514207311N00149429EA0140201508
B0935524207311N00149429EA0140401507
B0935534207312N00149429EA0140301507
B0935544207312N00149429EA0140401506
B0935554207312N00149429EA0140301506
B0935564207312N00149429EA0140201506
B0935574207312N00149429EA0140301506
B0935584207312N00149429EA0140301505
B0935594207312N00149429EA0140301506
B0936004207312N00149429EA0140301505
B0936014207312N00149429EA0140201506
B0936024207312N00149429EA0140301505
B0936034207312N00149429EA0140301505
B0936044207312N00149429EA0140301505
B0936054207312N00149429EA0140301505
B0936064207312N00149429EA0140001505
B0936074207312N00149429EA0139901505
B0936084207312N00149428EA0140401504
B0936094207312N00149428EA0140401504
B0936104207311N00149427EA0140201503
B0936114207311N00149427EA0140101503
B0936124207310N00149428EA0140501503
B0936134207310N00149428EA0140401503
B0936144207310N00149427EA0140101502
B0936154207309N00149428EA0140401502
B0936164207309N00149428EA0140401501
B0936174207309N00149429EA0140301502
B0936184207309N00149429EA0140401502
B0936194207309N00149430EA0140401502
B0936204207309N00149430EA0140301501
B0936214207309N00149431EA0140301501
B0936224207308N00149431EA0140401501
B0936234207308N00149432EA0140301500
B0936244207308N00149432EA0140301500
B0936254207308N00149432EA0140301500
B0936264207307N00149433EA0140201500
B0936274207307N00149433EA0140301500
B0936284207307N00149433EA0140401501
B0936294207306N00149434EA0140301501
B0936304207306N00149434EA0140301501
B0936314207306N00149434EA0140301501
B0936324207305N00149434EA0140301501
B0936334207305N00149434EA0140301501
B0936344207304N00149434EA0140401501
B0936354207304N00149434EA0140301502
B0936364207304N00149435EA0140301502
B0936374207304N00149435EA0140301502
B0936384207303N00149435EA0140301502
B0936394207303N00149435EA0140301501
B0936404207303N00149435EA0140301502
B0936414207302N00149435EA0140201502
B0936424207302N00149436EA0140301503
B0936434207302N00149436EA0140301503
B0936444207301N00149436EA0140301503
B0936454207301N00149436EA0140301503
B0936464207301N00149436EA0140301503
B0936474207301N00149436EA0140001503
B0936484207301N00149436EA0140001504
B0936494207300N00149436EA0140301504
B0936504207300N00149437EA0140301505
B0936514207300N00149437EA0140301506
B0936524207300N00149437EA0140201507
B0936534207300N00149438EA0140301507
B0936544207301N00149438EA0140201507
B0936554207301N00149439EA0140201507
B0936564207301N00149439EA0140401507
B0936574207301N00149440EA0140201508
B0936584207300N00149440EA0140201508
B0936594207300N00149440EA0140301508
B0937004207300N00149440EA0140301508
B0937014207300N00149440EA0140201508
B0937024207300N00149441EA0140001508
B0937034207300N00149441EA0140201508
B0937044207300N00149442EA0140201508
B0937054207300N00149443EA0140201508
B0937064207300N00149443EA0140301509
B0937074207300N00149443EA0140201509
B0937084207300N00149444EA0140201509
B0937094207300N00149444EA0140201509
B0937104207299N00149444EA0140401509
B0937114207299N00149445EA0140301509
B0937124207299N00149445EA0140201509
B0937134207298N00149445EA0140301509
B0937144207298N00149445EA0140301509
B0937154207298N00149446EA0140201508
B0937164207297N00149445EA0140201508
B0937174207297N00149445EA0140101508
B0937184207297N00149445EA0140201508
B0937194207297N00149445EA0140101507
B0937204207297N00149445EA0140201507
B0937214207297N00149445EA0140201507
B0937224207297N00149445EA0140301507
B0937234207297N00149445EA0140101507
B0937244207297N00149445EA0140301507
B0937254207297N00149444EA0140101507
B0937264207296N00149444EA0140301507
B0937274207297N00149444EA0140101507
B0937284207297N00149443EA0140301507
B0937294207297N00149442EA0140201507
B0937304207297N00149442EA0140001507
B0937314207297N00149441EA0140301507
B0937324207297N00149440EA0140301507
B0937334207297N00149440EA0139601507
B0937344207297N00149440EA0140301506
B0937354207297N00149439EA0140301507
B0937364207298N00149439EA0140101507
B0937374207298N00149438EA0140301506
B0937384207298N00149438EA0140401506
B0937394207297N00149437EA0140301506
B0937404207298N00149436EA0140201506
B0937414207298N00149436EA0140301505
B0937424207298N00149436EA0140301505
B0937434207297N00149435EA0140201505
B0937444207297N00149434EA0140301504
B0937454207298N00149434EA0140101505
B0937464207298N00149433EA0140201504
B0937474207298N00149433EA0140201503
B0937484207299N00149432EA0140301502
B0937494207299N00149432EA0140401501
B0937504207299N00149432EA0140101500
B0937514207299N00149431EA0140301501
B0937524207300N00149430EA0140401502
B0937534207300N00149429EA0139801502
B0937544207300N00149429EA0140301502
B0937554207300N00149428EA0140401502
B0937564207301N00149427EA0140401503
B0937574207301N00149427EA0140201502
B0937584207301N00149427EA0140301502
B0937594207301N00149426EA0140401503
B0938004207301N00149426EA0139901502
B0938014207301N00149425EA0140401503
B0938024207301N00149425EA0140401503
B0938034207301N00149424EA0140301502
B0938044207301N00149424EA0139701502
B0938054207301N00149424EA0140301502
B0938064207300N00149423EA0140201503
B0938074207300N00149422EA0140201503
B0938084207300N00149422EA0139901502
B0938094207300N00149422EA0140501503
B0938104207301N00149421EA0140401503
B0938114207301N00149421EA0140001503
B0938124207301N00149420EA0140001503
B0938134207301N00149420EA0140501503
B0938144207302N00149419EA0140301503
B0938154207302N00149419EA0140101503
B0938164207302N00149419EA0140301503
B0938174207302N00149419EA0140401504
B0938184207303N00149419EA0140301505
B0938194207303N00149418EA0140201505
B0938204207304N00149418EA0140401505
B0938214207304N00149418EA0140401506
B0938224207305N00149417EA0140301506
B0938234207305N00149417EA0140501506
B0938244207306N00149417EA0139901506
B0938254207306N00149417EA0140401506
B0938264207306N00149418EA0140501507
B0938274207307N00149418EA0140301507
B0938284207307N00149418EA0140401507
B0938294207307N00149418EA0140301507
B0938304207307N00149418EA0140301508
B0938314207307N00149419EA0140401508
B0938324207307N00149419EA0140201508
B0938334207307N00149420EA0140401508
B0938344207307N00149420EA0140301508
B0938354207307N00149421EA0140301507
B0938364207307N00149421EA0140401507
B0938374207307N00149422EA0140201508
B0938384207307N00149423EA0140301507
B0938394207308N00149423EA0140301508
B0938404207308N00149424EA0140201509
B0938414207308N00149424EA0140301509
B0938424207308N00149425EA0140301508
B0938434207309N00149424EA0140401508
B0938444207309N00149424EA0140401507
B0938454207310N00149424EA0140301507
B0938464207310N00149424EA0140401507
B0938474207310N00149425EA0140401507
B0938484207310N00149424EA0140101507
B0938494207310N00149424EA0140301507
B0938504207310N00149424EA0140401507
B0938514207310N00149424EA0140301507
B0938524207311N00149424EA0140301507
B0938534207311N00149424EA0140301507
B0938544207311N00149424EA0140501507
B0938554207311N00149424EA0140301507
B0938564207311N00149424EA0140201508
B0938574207311N00149424EA0140101508
B0938584207311N00149424EA0140301509
B0938594207311N00149424EA0140101508
B0939004207311N00149424EA0140401508
B0939014207311N00149424EA0140401508
B0939024207310N00149423EA0140401508
B0939034207310N00149423EA0140301508
B0939044207310N00149423EA0139701509
B0939054207309N00149423EA0140301510
B0939064207309N00149422EA0140401510
B0939074207309N00149422EA0140301510
B0939084207309N00149422EA0140401510
B0939094207308N00149422EA0140201509
B0939104207308N00149423EA0140401510
B0939114207308N00149423EA0140301510
B0939124207307N00149423EA0140201509
B0939134207307N00149424EA0140301508
B0939144207307N00149424EA0140101507
B0939154207308N00149424EA0140301507
B0939164207307N00149425EA0140301507
B0939174207307N00149425EA0140401507
B0939184207307N00149426EA0140401506
B0939194207307N00149427EA0140301506
B0939204207306N00149427EA0139501506
B0939214207306N00149427EA0140501505
B0939224207307N00149428EA0140401505
B0939234207307N00149428EA0140401504
B0939244207307N00149429EA0140401504
B0939254207306N00149429EA0140501503
B0939264207306N00149430EA0140401503
B0939274207306N00149430EA0140301503
B0939284207306N00149430EA0140101502
B0939294207306N00149430EA0140101503
B0939304207306N00149430EA0140701502
B0939314207306N00149430EA0140301502
B0939324207306N00149430EA0139901501
B0939334207306N00149430EA0140001501
B0939344207306N00149430EA0140501500
B0939354207307N00149430EA0140401500
B0939364207307N00149430EA0140401500
B0939374207306N00149430EA0140301500
B0939384207306N00149431EA0140401500
B0939394207306N00149431EA0140301500
B0939404207306N00149431EA0140301500
B0939414207306N00149431EA0140301500
B0939424207306N00149431EA0140301500
B0939434207306N00149431EA0140101500
B0939444207306N00149431EA0140501501
B0939454207307N00149431EA0139901500
B0939464207307N00149431EA0140401500
B0939474207307N00149431EA0140501501
B0939484207307N00149431EA0140101501
B0939494207307N00149431EA0140401502
B0939504207306N00149431EA0140601502
B0939514207306N00149432EA0140301502
B0939524207306N00149432EA0140301502
B0939534207306N00149432EA0140401502
B0939544207306N00149433EA0140301502
B0939554207306N00149433EA0140501501
B0939564207306N00149433EA0140401501
B0939574207306N00149433EA0139101502
B0939584207306N00149433EA0140401502
B0939594207305N00149433EA0139401501
B0940004207305N00149433EA0140901502
B0940014207305N00149434EA0140401502
B0940024207305N00149434EA0140301502
B0940034207305N00149434EA0140201501
B0940044207305N00149434EA0140101501
B0940054207305N00149434EA0140401501
B0940064207306N00149434EA0140401501
B0940074207306N00149435EA0140201501
B0940084207306N00149435EA0140301502
B0940094207306N00149434EA0140401502
B0940104207306N00149434EA0140301503
B0940114207306N00149434EA0140301503
B0940124207306N00149434EA0140301503
B0940134207306N00149434EA0140301504
B0940144207306N00149434EA0140301504
B0940154207306N00149433EA0140301504
B0940164207306N00149433EA0140201505
B0940174207306N00149433EA0140301505
B0940184207306N00149433EA0140201507
B0940194207306N00149433EA0140501507
B0940204207305N00149432EA0140301508
B0940214207305N00149432EA0140301506
B0940224207305N00149432EA0140301506
B0940234207305N00149432EA0140301507
B0940244207305N00149432EA0140201506
B0940254207306N00149432EA0140301506
B0940264207306N00149431EA0140301507
B0940274207306N00149431EA0140201507
B0940284207306N00149431EA0140301506
B0940294207307N00149430EA0140301507
B0940304207307N00149430EA0140301507
B0940314207307N00149429EA0140101507
B0940324207307N00149429EA0140101507
B0940334207308N00149429EA0140401506
B0940344207308N00149428EA0140101506
B0940354207308N00149428EA0140301507
B0940364207308N00149427EA0140401507
B0940374207309N00149427EA0140401507
B0940384207309N00149426EA0140201507
B0940394207310N00149426EA0140301507
B0940404207310N00149426EA0140201506
B0940414207311N00149426EA0139401506
B0940424207311N00149427EA0140001507
B0940434207311N00149427EA0140201507
B0940444207311N00149427EA0140301507
B0940454207312N00149427EA0140301507
B0940464207311N00149428EA0140301507
B0940474207311N00149428EA0140201507
B0940484207311N00149428EA0140201507
B0940494207311N00149428EA0140301507
B0940504207311N00149428EA0140301507
B0940514207311N00149429EA0140301507
B0940524207311N00149429EA0140201507
B0940534207312N00149429EA0140201506
B0940544207312N00149430EA0140201505
B0940554207312N00149430EA0140301505
B0940564207312N00149430EA0140301505
B0940574207312N00149430EA0140201504
B0940584207312N00149430EA0140201504
B0940594207312N00149430EA0140201504
B0941004207312N00149430EA0140301503
B0941014207312N00149430EA0140301503
B0941024207312N00149430EA0140201503
B0941034207312N00149430EA0140201503
B0941044207312N00149431EA0140201502
B0941054207312N00149431EA0140301502
B0941064207312N00149431EA0140201502
B0941074207312N00149431EA0140201503
B0941084207312N00149431EA0140201503
B0941094207312N00149431EA0140301502
B0941104207312N00149431EA0140201502
B0941114207312N00149432EA0140201502
B0941124207312N00149432EA0140301503
B0941134207312N00149431EA0140201502
B0941144207312N00149431EA0140301502
B0941154207312N00149431EA0140101502
B0941164207312N00149431EA0139601502
B0941174207311N00149431EA0140401502
B0941184207311N00149431EA0140301502
B0941194207311N00149431EA0140301502
B0941204207310N00149431EA0140301501
B0941214207310N00149432EA0140301501
B0941224207310N00149432EA0140301500
B0941234207310N00149432EA0140301501
B0941244207309N00149432EA0140301500
B0941254207309N00149433EA0140301499
B0941264207309N00149433EA0140001498
B0941274207308N00149433EA0140201499
B0941284207308N00149433EA0140201498
B0941294207307N00149433EA0140301499
B0941304207307N00149433EA0140301500
B0941314207307N00149433EA0140301500
B0941324207307N00149432EA0140201500
B0941334207307N00149432EA0140301501
B0941344207307N00149432EA0140301501
B0941354207308N00149432EA0140101501
B0941364207308N00149433EA0140301501
B0941374207308N00149433EA0140401501
B0941384207308N00149433EA0140101502
B0941394207308N00149434EA0140401502
B0941404207308N00149434EA0139801502
B0941414207308N00149434EA0141001501
B0941424207308N00149434EA0140501501
B0941434207308N00149435EA0140501501
B0941444207307N00149436EA0140201501
B0941454207307N00149436EA0140201501
B0941464207307N00149435EA0140301500
B0941474207306N00149435EA0140201500
B0941484207306N00149435EA0140301500
B0941494207307N00149434EA0140401501
B0941504207307N00149434EA0140401501
B0941514207307N00149433EA0139701501
B0941524207306N00149433EA0140401501
B0941534207307N00149432EA0140401501
B0941544207307N00149432EA0140001501
B0941554207307N00149432EA0139801501
B0941564207307N00149432EA0140801501
B0941574207307N00149433EA0140201501
B0941584207307N00149432EA0140301502
B0941594207306N00149432EA0140301502
B0942004207306N00149432EA0140301502
B0942014207306N00149432EA0140301502
B0942024207306N00149431EA0140301502
B0942034207306N00149431EA0140301502
B0942044207306N00149431EA0140401501
B0942054207305N00149432EA0140201501
B0942064207305N00149432EA0140201501
B0942074207305N00149432EA0140301501
B0942084207304N00149432EA0140301501
B0942094207304N00149432EA0140201500
B0942104207304N00149433EA0140301500
B0942114207304N00149433EA0140301499
B0942124207304N00149433EA0140201499
B0942134207304N00149433EA0140201499
B0942144207304N00149432EA0140201499
B0942154207303N00149432EA0140201498
B0942164207304N00149433EA0140201498
B0942174207304N00149432EA0140201498
B0942184207304N00149432EA0140401499
B0942194207304N00149432EA0140101499
B0942204207305N00149432EA0140301499
B0942214207305N00149432EA0140401500
B0942224207305N00149432EA0140001500
B0942234207305N00149432EA0140201500
B0942244207306N00149432EA0140301500
B0942254207306N00149432EA0140301501
B0942264207306N00149432EA0140201501
B0942274207306N00149432EA0140301500
B0942284207306N00149432EA0140301501
B0942294207306N00149432EA0140301501
B0942304207306N00149432EA0140301500
B0942314207306N00149432EA0140301501
B0942324207306N00149432EA0139601501
B0942334207306N00149432EA0140401501
B0942344207305N00149432EA0140301500
B0942354207305N00149432EA0140401500
B0942364207305N00149432EA0140301500
B0942374207305N00149431EA0140201500
B0942384207305N00149431EA0140301501
B0942394207306N00149430EA0140401501
B0942404207306N00149430EA0139601501
B0942414207307N00149431EA0140301501
B0942424207307N00149431EA0140301501
B0942434207308N00149431EA0140301502
B0942444207308N00149431EA0139201502
B0942454207308N00149431EA0140801503
B0942464207308N00149431EA0140401504
B0942474207308N00149431EA0140401503
B0942484207308N00149430EA0140301503
B0942494207308N00149430EA0140301503
B0942504207308N00149430EA0140301502
B0942514207308N00149431EA0140301501
B0942524207307N00149431EA0140301501
B0942534207307N00149431EA0140301501
B0942544207307N00149431EA0140301500
B0942554207307N00149431EA0140301500
B0942564207306N00149431EA0140301499
B0942574207306N00149431EA0139901499
B0942584207306N00149431EA0140301499
B0942594207306N00149431EA0140301500
B0943004207305N00149431EA0140301500
B0943014207305N00149431EA0139801500
B0943024207305N00149431EA0140301500
B0943034207305N00149431EA0140301500
B0943044207305N00149431EA0140301500
B0943054207305N00149431EA0140301500
B0943064207305N00149431EA0140301500
B0943074207304N00149430EA0140301501
B0943084207304N00149430EA0140301501
B0943094207304N00149430EA0140201502
B0943104207304N00149430EA0140301502
B0943114207304N00149430EA0140201502
B0943124207304N00149430EA0140401502
B0943134207305N00149430EA0140301502
B0943144207305N00149430EA0140401503
B0943154207305N00149430EA0140301504
B0943164207306N00149429EA0140201503
B0943174207306N00149430EA0140301503
B0943184207306N00149429EA0140301503
B0943194207306N00149430EA0140201503
B0943204207306N00149430EA0140201504
B0943214207305N00149430EA0140301504
B0943224207305N00149430EA0140301504
B0943234207305N00149429EA0140301504
B0943244207305N00149429EA0140301505
B0943254207305N00149429EA0140301505
B0943264207305N00149429EA0140201504
B0943274207305N00149429EA0140301505
B0943284207305N00149429EA0140301505
B0943294207305N00149428EA0140301505
B0943304207305N00149428EA0140301505
B0943314207305N00149428EA0140301504
B0943324207305N00149428EA0140301505
B0943334207305N00149428EA0140301505
B0943344207306N00149428EA0140301505
B0943354207306N00149428EA0140301505
B0943364207306N00149428EA0140301505
B0943374207305N00149428EA0140201505
B0943384207305N00149428EA0140101505
B0943394207306N00149427EA0140401505
B0943404207306N00149427EA0140301505
B0943414207306N00149426EA0140301505
B0943424207307N00149426EA0140401505
B0943434207307N00149426EA0139901504
B0943444207307N00149426EA0140401504
B0943454207308N00149426EA0140501504
B0943464207308N00149426EA0140401504
B0943474207309N00149426EA0140301504
B0943484207309N00149426EA0140301503
B0943494207310N00149426EA0140401503
B0943504207310N00149427EA0139901504
B0943514207310N00149427EA0140401504
B0943524207311N00149427EA0140401504
B0943534207311N00149427EA0140301505
B0943544207311N00149427EA0140001505
B0943554207312N00149427EA0140301505
B0943564207312N00149428EA0140301505
B0943574207312N00149428EA0140201504
B0943584207312N00149428EA0140501503
B0943594207312N00149428EA0140101503
B0944004207312N00149428EA0140601502
B0944014207312N00149428EA0140301502
B0944024207312N00149428EA0140301502
B0944034207312N00149427EA0140401501
B0944044207311N00149427EA0140301501
B0944054207311N00149428EA0140101499
B0944064207311N00149428EA0140401500
B0944074207311N00149429EA0140401499
B0944084207310N00149430EA0140301499
B0944094207310N00149430EA0140401499
B0944104207310N00149430EA0140501498
B0944114207309N00149429EA0140401498
B0944124207309N00149429EA0139701497
B0944134207308N00149429EA0140301497
B0944144207308N00149429EA0140401497
B0944154207308N00149430EA0140401496
B0944164207307N00149430EA0140401495
B0944174207307N00149431EA0140301495
B0944184207307N00149431EA0140301494
B0944194207307N00149431EA0140301494
B0944204207307N00149431EA0140301494
B0944214207307N00149430EA0140301494
B0944224207307N00149430EA0140301495
B0944234207307N00149430EA0140301496
B0944244207307N00149430EA0140301496
B0944254207306N00149429EA0140101497
B0944264207306N00149429EA0140301498
B0944274207306N00149428EA0140201499
B0944284207306N00149428EA0140401501
B0944294207305N00149427EA0140301502
B0944304207305N00149427EA0140301503
B0944314207304N00149427EA0140301504
B0944324207304N00149427EA0140201505
B0944334207304N00149426EA0140201505
B0944344207304N00149426EA0140301506
B0944354207303N00149426EA0140301507
B0944364207303N00149426EA0140201507
B0944374207303N00149427EA0140501507
B0944384207303N00149426EA0140301508
B0944394207304N00149426EA0140301509
B0944404207304N00149425EA0140501508
B0944414207303N00149426EA0140301509
B0944424207303N00149426EA0140301509
B0944434207303N00149426EA0140201509
B0944444207304N00149426EA0140201510
B0944454207304N00149426EA0140201509
B0944464207304N00149426EA0140301509
B0944474207304N00149426EA0140301509
B0944484207304N00149426EA0140301509
B0944494207304N00149425EA0140301509
B0944504207304N00149425EA0140301510
B0944514207303N00149425EA0140301510
B0944524207303N00149425EA0140001510
B0944534207303N00149425EA0140201510
B0944544207304N00149425EA0140301510
B0944554207304N00149425EA0140401510
B0944564207303N00149425EA0140301509
B0944574207303N00149425EA0140301510
B0944584207304N00149425EA0140301510
B0944594207304N00149425EA0140201509
B0945004207304N00149425EA0140301510
B0945014207304N00149425EA0140301509
B0945024207304N00149424EA0140301509
B0945034207305N00149424EA0140301508
B0945044207305N00149424EA0140601508
B0945054207305N00149424EA0140201509
B0945064207305N00149424EA0140501509
B0945074207305N00149424EA0140401509
B0945084207305N00149424EA0140301509
B0945094207305N00149424EA0140301509
B0945104207305N00149424EA0140301509
B0945114207305N00149424EA0140301510
B0945124207305N00149424EA0140201511
B0945134207305N00149424EA0140301510
B0945144207305N00149425EA0140201510
B0945154207305N00149425EA0140301510
B0945164207305N00149425EA0140201509
B0945174207305N00149425EA0140401509
B0945184207305N00149425EA0140301509
B0945194207305N00149425EA0140301509
B0945204207305N00149426EA0140301509
B0945214207306N00149426EA0140301509
B0945224207306N00149426EA0140301508
B0945234207306N00149426EA0140401508
B0945244207306N00149426EA0140301507
B0945254207306N00149426EA0140401507
B0945264207306N00149426EA0140301507
B0945274207306N00149426EA0140301507
B0945284207306N00149426EA0140301506
B0945294207306N00149427EA0140201505
B0945304207306N00149426EA0140301505
B0945314207306N00149427EA0140301505
B0945324207306N00149427EA0140401505
B0945334207306N00149427EA0140301505
B0945344207306N00149427EA0140201506
B0945354207306N00149428EA0140301506
B0945364207306N00149428EA0140301506
B0945374207306N00149428EA0140301505
B0945384207306N00149428EA0140301505
B0945394207306N00149427EA0140301505
B0945404207307N00149427EA0140301505
B0945414207307N00149427EA0139701506
B0945424207307N00149427EA0140401506
B0945434207308N00149427EA0140401507
B0945444207308N00149428EA0140401507
B0945454207308N00149428EA0140401507
B0945464207309N00149428EA0140401506
B0945474207309N00149428EA0140401505
B0945484207308N00149428EA0140301506
B0945494207308N00149428EA0140401507
B0945504207308N00149427EA0140501506
B0945514207308N00149428EA0140401506
B0945524207308N00149428EA0140401505
B0945534207309N00149428EA0140401505
B0945544207309N00149428EA0140301504
B0945554207308N00149428EA0140301504
B0945564207308N00149428EA0140201503
B0945574207308N00149427EA0140401503
B0945584207308N00149428EA0140301503
B0945594207308N00149427EA0139801503
B0946004207307N00149428EA0140301503
B0946014207307N00149428EA0140401502
B0946024207307N00149427EA0140501501
B0946034207307N00149427EA0140001501
B0946044207307N00149426EA0140401500
B0946054207307N00149425EA0140401499
B0946064207307N00149425EA0140401499
B0946074207307N00149424EA0140301499
B0946084207307N00149423EA0140301498
B0946094207308N00149422EA0140201500
B0946104207308N00149422EA0140201500
B0946114207308N00149421EA0140401501
B0946124207308N00149421EA0140401501
B0946134207308N00149420EA0140301501
B0946144207308N00149420EA0140101502
B0946154207308N00149419EA0140501502
B0946164207308N00149418EA0140401502
B0946174207308N00149418EA0140401502
B0946184207308N00149417EA0140301502
B0946194207308N00149417EA0140501502
B0946204207308N00149416EA0140401502
B0946214207308N00149415EA0140401502
B0946224207308N00149414EA0140401501
B0946234207308N00149413EA0140401500
B0946244207308N00149413EA0140301501
B0946254207308N00149413EA0140501500
B0946264207308N00149412EA0140101499
B0946274207308N00149411EA0140401499
B0946284207308N00149411EA0140201498
B0946294207308N00149410EA0140401498
B0946304207308N00149409EA0140401498
B0946314207308N00149409EA0140401498
B0946324207308N00149408EA0140501498
B0946334207308N00149407EA0140401497
B0946344207308N00149407EA0140301497
B0946354207308N00149406EA0140501497
B0946364207308N00149405EA0140301497
B0946374207308N00149405EA0140101496
B0946384207308N00149404EA0140401496
B0946394207309N00149403EA0140401495
B0946404207309N00149402EA0140401495
B0946414207309N00149402EA0140301495
B0946424207309N00149401EA0140301495
B0946434207310N00149400EA0140401495
B0946444207310N00149400EA0140401496
B0946454207311N00149399EA0139601496
B0946464207310N00149399EA0140401496
B0946474207311N00149398EA0140501497
B0946484207311N00149397EA0140401497
B0946494207311N00149396EA0140501498
B0946504207311N00149396EA0140201498
B0946514207311N00149395EA0140301499
B0946524207311N00149394EA0140401499
B0946534207311N00149393EA0140401499
B0946544207311N00149392EA0140301499
B0946554207311N00149391EA0139601499
B0946564207311N00149391EA0140301499
B0946574207312N00149391EA0140501499
B0946584207312N00149390EA0140601499
B0946594207312N00149389EA0140501498
B0947004207312N00149388EA0139901498
B0947014207313N00149388EA0140401498
B0947024207313N00149387EA0140501498
B0947034207313N00149386EA0140301498
B0947044207313N00149386EA0140501499
B0947054207313N00149385EA0140301500
B0947064207314N00149384EA0140401500
B0947074207315N00149384EA0140401499
B0947084207316N00149383EA0140301499
B0947094207316N00149382EA0140501499
B0947104207316N00149382EA0140101499
B0947114207316N00149382EA0140401499
B0947124207316N00149381EA0140401500
B0947134207316N00149380EA0140401500
B0947144207316N00149379EA0139801501
B0947154207317N00149379EA0140301500
B0947164207316N00149378EA0140401500
B0947174207316N00149377EA0140401501
B0947184207317N00149376EA0140401501
B0947194207317N00149376EA0140301502
B0947204207317N00149375EA0140401502
B0947214207317N00149375EA0140401504
B0947224207317N00149374EA0140401504
B0947234207317N00149373EA0140301504
B0947244207317N00149373EA0140201504
B0947254207317N00149372EA0140101503
B0947264207317N00149372EA0140301504
B0947274207317N00149371EA0140401504
B0947284207317N00149370EA0140401504
B0947294207317N00149370EA0140101503
B0947304207317N00149369EA0140301502
B0947314207317N00149369EA0140301502
B0947324207317N00149368EA0140401502
B0947334207317N00149367EA0140301501
B0947344207318N00149366EA0140301501
B0947354207318N00149366EA0140201501
B0947364207318N00149366EA0140101501
B0947374207320N00149366EA0140301501
B0947384207321N00149365EA0140301500
B0947394207321N00149365EA0140101499
B0947404207322N00149364EA0140401498
B0947414207322N00149363EA0140001500
B0947424207323N00149363EA0140201500
B0947434207323N00149362EA0140201499
B0947444207324N00149363EA0140301499
B0947454207325N00149363EA0140101498
B0947464207325N00149363EA0140201498
B0947474207326N00149362EA0140101498
B0947484207326N00149362EA0140101498
B0947494207327N00149362EA0140201497
B0947504207327N00149362EA0140001497
B0947514207327N00149362EA0140101497
B0947524207328N00149362EA0140001498
B0947534207328N00149362EA0140101499
B0947544207328N00149361EA0140201500
B0947554207329N00149361EA0140101500
B0947564207330N00149361EA0140101500
B0947574207330N00149361EA0139901499
B0947584207331N00149361EA0140101498
B0947594207332N00149361EA0140001499
B0948004207332N00149360EA0140101498
B0948014207332N00149361EA0140101498
B0948024207332N00149360EA0140101498
B0948034207333N00149361EA0139701498
B0948044207333N00149360EA0140001498
B0948054207333N00149360EA0140001498
B0948064207334N00149360EA0140001497
B0948074207334N00149360EA0139901497
B0948084207335N00149360EA0139901496
B0948094207335N00149359EA0140001496
B0948104207335N00149359EA0139801497
B0948114207336N00149359EA0139701497
B0948124207336N00149358EA0139901496
B0948134207336N00149358EA0139901496
B0948144207337N00149358EA0140001496
B0948154207337N00149357EA0140001496
B0948164207337N00149357EA0139801496
B0948174207337N00149357EA0140101495
B0948184207337N00149356EA0139901496
B0948194207337N00149355EA0139401497
B0948204207337N00149355EA0140101498
B0948214207337N00149355EA0139901498
B0948224207337N00149355EA0139901498
B0948234207337N00149355EA0139901498
B0948244207338N00149355EA0139801496
B0948254207338N00149355EA0139901494
B0948264207338N00149355EA0139801491
B0948274207338N00149354EA0139801488
B0948284207338N00149354EA0140601488
B0948294207338N00149354EA0139901489
B0948304207339N00149354EA0139701488
B0948314207339N00149354EA0139801489
B0948324207338N00149354EA0139801487
B0948334207339N00149354EA0139801487
B0948344207338N00149354EA0139601487
B0948354207339N00149353EA0139801487
B0948364207338N00149353EA0139801486
B0948374207339N00149353EA0139701487
B0948384207339N00149352EA0139601487
B0948394207338N00149353EA0139901486
B0948404207338N00149353EA0139801486
B0948414207338N00149352EA0139801485
B0948424207338N00149353EA0139801484
B0948434207338N00149352EA0139801486
B0948444207338N00149352EA0139801487
B0948454207338N00149352EA0139801488
B0948464207338N00149352EA0140001488
B0948474207338N00149352EA0139901488
B0948484207338N00149351EA0139901488
B0948494207338N00149351EA0139901488
B0948504207338N00149351EA0139801488
B0948514207338N00149351EA0139801487
B0948524207338N00149351EA0139801487
B0948534207338N00149351EA0139801486
B0948544207339N00149352EA0139801485
B0948554207339N00149351EA0139701485
B0948564207339N00149352EA0139801484
B0948574207339N00149351EA0139801484
B0948584207339N00149351EA0139801483
B0948594207339N00149351EA0139801483
B0949004207339N00149351EA0139801482
B0949014207339N00149351EA0139801482
B0949024207339N00149351EA0139801482
B0949034207340N00149351EA0139801481
B0949044207340N00149351EA0139801482
B0949054207340N00149351EA0139801482
B0949064207340N00149351EA0139801482
B0949074207340N00149351EA0139701482
B0949084207340N00149351EA0139801483
B0949094207340N00149351EA0139801482
B0949104207340N00149351EA0139801483
B0949114207341N00149352EA0139801482
B0949124207341N00149352EA0139801484
B0949134207340N00149351EA0139801485
B0949144207340N00149351EA0139801484
B0949154207341N00149352EA0139801484
B0949164207341N00149352EA0139801484
B0949174207341N00149351EA0139801483
B0949184207341N00149351EA0139801481
B0949194207340N00149351EA0139801481
B0949204207340N00149351EA0139801481
B0949214207340N00149351EA0139801481
B0949224207340N00149351EA0139801482
B0949234207340N00149351EA0139701483
B0949244207340N00149351EA0139801484
B0949254207340N00149351EA0139801483
B0949264207340N00149351EA0139801483
B0949274207340N00149351EA0139801483
B0949284207340N00149350EA0139801484
B0949294207340N00149350EA0139801484
B0949304207340N00149350EA0139801484
B0949314207340N00149350EA0139701484
B0949324207340N00149350EA0139801483
B0949334207340N00149350EA0139801483
B0949344207340N00149350EA0139801483
B0949354207340N00149350EA0139701484
B0949364207340N00149350EA0139801484
B0949374207340N00149349EA0139801484
B0949384207340N00149349EA0139701483
B0949394207340N00149349EA0139701483
B0949404207340N00149349EA0139801484
B0949414207340N00149349EA0139701484
B0949424207340N00149349EA0139701485
B0949434207340N00149349EA0139801485
B0949444207340N00149349EA0139701486
B0949454207340N00149349EA0139701487
B0949464207340N00149349EA0139701486
B0949474207340N00149349EA0139701487
B0949484207339N00149349EA0139701487
B0949494207340N00149349EA0139801487
B0949504207340N00149349EA0139801487
B0949514207340N00149349EA0139801487
B0949524207340N00149349EA0139701487
B0949534207340N00149349EA0139701487
B0949544207340N00149349EA0139801487
B0949554207340N00149349EA0139701487
B0949564207340N00149349EA0139801488
B0949574207340N00149349EA0139701488
B0949584207340N00149350EA0139701488
B0949594207340N00149349EA0139801489
B0950004207340N00149350EA0139701488
B0950014207340N00149350EA0139701489
B0950024207340N00149350EA0139701489
B0950034207340N00149349EA0139801489
B0950044207339N00149349EA0139701489
B0950054207339N00149349EA0139801489
B0950064207339N00149349EA0139701490
B0950074207339N00149349EA0139701489
B0950084207339N00149349EA0139901489
B0950094207339N00149349EA0139801489
B0950104207339N00149349EA0139701489
B0950114207339N00149349EA0139801488
B0950124207339N00149349EA0139801488
B0950134207339N00149349EA0139801488
B0950144207339N00149349EA0139801488
B0950154207339N00149349EA0139801488
B0950164207339N00149349EA0139801488
B0950174207339N00149350EA0139801488
B0950184207339N00149350EA0139901488
B0950194207339N00149350EA0139801488
B0950204207339N00149350EA0139801488
B0950214207339N00149350EA0139801488
B0950224207339N00149350EA0139801488
B0950234207339N00149350EA0139801487
B0950244207339N00149350EA0139701487
B0950254207339N00149350EA0139801487
B0950264207339N00149350EA0139801486
B0950274207339N00149350EA0139701486
B0950284207339N00149350EA0139801486
B0950294207339N00149350EA0139701486
B0950304207339N00149350EA0139801487
B0950314207339N00149350EA0139801487
B0950324207339N00149350EA0139801487
B0950334207339N00149350EA0139901487
B0950344207340N00149350EA0139901488
B0950354207340N00149350EA0139801488
B0950364207340N00149350EA0139901488
B0950374207339N00149350EA0139701488
B0950384207339N00149350EA0139901489
B0950394207340N00149350EA0139701489
B0950404207339N00149350EA0139901489
B0950414207339N00149350EA0139901489
B0950424207339N00149350EA0139801489
B0950434207339N00149349EA0139701489
B0950444207339N00149349EA0139801490
B0950454207339N00149349EA0139701490
B0950464207339N00149349EA0139801490
B0950474207339N00149349EA0139701491
B0950484207339N00149349EA0139701491
B0950494207339N00149349EA0139801491
B0950504207339N00149349EA0139701491
B0950514207339N00149349EA0139701491
B0950524207338N00149349EA0139701491
B0950534207339N00149349EA0139801491
B0950544207339N00149349EA0139701492
B0950554207339N00149349EA0139801492
B0950564207339N00149349EA0139901491
B0950574207339N00149349EA0139801492
B0950584207339N00149349EA0139701492
B0950594207338N00149349EA0139801492
B0951004207338N00149349EA0139801492
B0951014207338N00149349EA0139801492
B0951024207338N00149349EA0139801491
B0951034207338N00149349EA0139701491
B0951044207339N00149349EA0140001491
B0951054207339N00149349EA0139701492
B0951064207339N00149349EA0139801492
B0951074207339N00149349EA0139801492
B0951084207339N00149349EA0139901493
B0951094207339N00149349EA0139801493
B0951104207339N00149349EA0139901493
B0951114207339N00149349EA0139801493
B0951124207339N00149349EA0139801494
B0951134207339N00149349EA0139701494
B0951144207339N00149349EA0140201495
B0951154207339N00149349EA0139901495
B0951164207339N00149349EA0139901495
B0951174207339N00149350EA0139701496
B0951184207340N00149350EA0139601496
B0951194207339N00149350EA0139901496
B0951204207340N00149351EA0139501497
B0951214207339N00149351EA0139901498
B0951224207339N00149352EA0139401498
B0951234207339N00149352EA0139801499
B0951244207340N00149353EA0139901498
B0951254207340N00149354EA0140001499
B0951264207339N00149354EA0140001500
B0951274207339N00149354EA0140001499
B0951284207339N00149355EA0140001499
B0951294207339N00149355EA0140001499
B0951304207338N00149355EA0140001498
B0951314207338N00149355EA0140201498
B0951324207338N00149355EA0140101498
B0951334207338N00149356EA0139901498
B0951344207337N00149356EA0140201499
B0951354207337N00149356EA0140001498
B0951364207337N00149356EA0140101498
B0951374207336N00149356EA0139701498
B0951384207336N00149356EA0140101498
B0951394207336N00149356EA0140101498
B0951404207335N00149356EA0140101499
B0951414207335N00149356EA0140201499
B0951424207334N00149356EA0140101498
B0951434207334N00149357EA0140301498
B0951444207333N00149357EA0140201498
B0951454207333N00149357EA0139801498
B0951464207332N00149357EA0140301498
B0951474207332N00149357EA0140001498
B0951484207331N00149358EA0140401498
B0951494207331N00149358EA0139901498
B0951504207330N00149358EA0140301499
B0951514207330N00149359EA0140301499
B0951524207329N00149360EA0140201499
B0951534207329N00149360EA0140401500
B0951544207328N00149361EA0140301500
B0951554207328N00149361EA0140401499
B0951564207327N00149361EA0140301500
B0951574207327N00149362EA0140201500
B0951584207327N00149362EA0140301500
B0951594207327N00149362EA0140301500
B0952004207326N00149363EA0140301500
B0952014207326N00149363EA0139901500
B0952024207325N00149364EA0140301499
B0952034207325N00149364EA0140501499
B0952044207324N00149365EA0140101500
B0952054207324N00149365EA0139701500
B0952064207324N00149366EA0140401500
B0952074207324N00149367EA0140201501
B0952084207324N00149367EA0140401501
B0952094207324N00149367EA0140201501
B0952104207324N00149367EA0140301501
B0952114207324N00149368EA0140501500
B0952124207324N00149369EA0140301498
B0952134207324N00149369EA0140301497
B0952144207323N00149370EA0140601497
B0952154207323N00149371EA0140401497
B0952164207323N00149372EA0140201498
B0952174207323N00149373EA0140301497
B0952184207323N00149374EA0140401497
B0952194207322N00149375EA0140401497
B0952204207322N00149376EA0140201497
B0952214207322N00149376EA0140401497
B0952224207321N00149377EA0140401497
B0952234207321N00149377EA0140501498
B0952244207320N00149378EA0140301499
B0952254207320N00149379EA0140301499
B0952264207319N00149380EA0140401499
B0952274207319N00149381EA0140301499
B0952284207319N00149382EA0140501500
B0952294207319N00149383EA0140501501
B0952304207318N00149384EA0140601501
B0952314207318N00149385EA0140301501
B0952324207318N00149385EA0140301500
B0952334207317N00149386EA0140401500
B0952344207317N00149386EA0140401501
B0952354207317N00149387EA0140501500
B0952364207317N00149388EA0140301500
B0952374207316N00149388EA0140401501
B0952384207316N00149389EA0139801502
B0952394207316N00149389EA0140401503
B0952404207315N00149390EA0140501503
B0952414207315N00149391EA0140101503
B0952424207315N00149392EA0140201503
B0952434207315N00149392EA0140001504
B0952444207315N00149392EA0140401503
B0952454207314N00149393EA0140501503
B0952464207314N00149394EA0140101503
B0952474207314N00149395EA0140401503
B0952484207314N00149396EA0140201505
B0952494207314N00149397EA0140401505
B0952504207314N00149397EA0140201505
B0952514207314N00149398EA0140301505
B0952524207315N00149399EA0140501505
B0952534207315N00149399EA0140301504
B0952544207315N00149399EA0140401504
B0952554207315N00149400EA0140401503
B0952564207315N00149401EA0140401503
B0952574207315N00149401EA0140401504
B0952584207315N00149402EA0140301504
B0952594207314N00149402EA0140401505
B0953004207314N00149403EA0140401505
B0953014207314N00149404EA0140401505
B0953024207313N00149404EA0140401507
B0953034207313N00149405EA0139901507
B0953044207313N00149406EA0140301507
B0953054207313N00149406EA0140401506
B0953064207314N00149407EA0140501506
B0953074207314N00149407EA0140401505
B0953084207314N00149408EA0140101504
B0953094207314N00149409EA0140301504
B0953104207314N00149409EA0140501505
B0953114207314N00149410EA0139901505
B0953124207313N00149411EA0140301505
B0953134207313N00149412EA0140301505
B0953144207313N00149412EA0140301504
B0953154207313N00149413EA0140301505
B0953164207313N00149414EA0140401505
B0953174207312N00149415EA0140401505
B0953184207312N00149416EA0140401505
B0953194207312N00149417EA0140301504
B0953204207311N00149418EA0140201504
B0953214207311N00149418EA0140301503
B0953224207311N00149419EA0140401504
B0953234207310N00149420EA0140401504
B0953244207310N00149421EA0140301504
B0953254207309N00149421EA0139901504
B0953264207309N00149422EA0140301503
B0953274207309N00149422EA0140301504
B0953284207309N00149423EA0140201504
B0953294207308N00149424EA0140401504
B0953304207308N00149425EA0140301504
B0953314207308N00149425EA0140301503
B0953324207309N00149426EA0140001503
B0953334207308N00149427EA0140101502
B0953344207309N00149427EA0140301502
B0953354207309N00149428EA0140401501
B0953364207309N00149429EA0140401501
B0953374207309N00149429EA0140301502
B0953384207309N00149429EA0140201502
B0953394207309N00149429EA0140201501
B0953404207308N00149429EA0140301501
B0953414207308N00149430EA0140301501
B0953424207308N00149429EA0140301500
B0953434207307N00149429EA0140101500
B0953444207307N00149429EA0140301500
B0953454207307N00149428EA0140301500
B0953464207307N00149428EA0140201500
B0953474207306N00149427EA0140301500
B0953484207306N00149427EA0140201500
B0953494207306N00149427EA0140301500
B0953504207306N00149427EA0140201500
B0953514207306N00149427EA0140201500
B0953524207306N00149427EA0140201500
B0953534207306N00149427EA0140401500
B0953544207306N00149427EA0140201500
B0953554207306N00149427EA0140201499
B0953564207306N00149427EA0140201499
B0953574207306N00149426EA0140301499
B0953584207306N00149426EA0140301499
B0953594207306N00149427EA0140401499
B0954004207306N00149427EA0140601499
B0954014207305N00149427EA0140001499
B0954024207305N00149427EA0140401499
B0954034207305N00149427EA0140901499
B0954044207305N00149427EA0140401500
B0954054207305N00149427EA0140301500
B0954064207305N00149427EA0140201500
B0954074207305N00149427EA0140201500
B0954084207305N00149428EA0139801500
B0954094207305N00149428EA0139801500
B0954104207304N00149428EA0140501500
B0954114207304N00149428EA0140701499
B0954124207304N00149428EA0139501499
B0954134207304N00149429EA0140501499
B0954144207303N00149429EA0140601498
B0954154207303N00149428EA0140301498
B0954164207303N00149429EA0140301498
B0954174207303N00149428EA0140301498
B0954184207304N00149428EA0140101498
B0954194207304N00149428EA0140201497
B0954204207304N00149429EA0140301496
B0954214207305N00149430EA0140301497
B0954224207305N00149430EA0140301496
B0954234207305N00149430EA0140201497
B0954244207306N00149431EA0140301497
B0954254207306N00149432EA0140301497
B0954264207306N00149432EA0140401497
B0954274207306N00149433EA0140401497
B0954284207306N00149434EA0140301497
B0954294207306N00149434EA0140301497
B0954304207306N00149434EA0140001497
B0954314207307N00149434EA0140401497
B0954324207307N00149434EA0140301497
B0954334207306N00149434EA0140201496
B0954344207307N00149434EA0139801497
B0954354207307N00149434EA0140501497
B0954364207307N00149434EA0140101497
B0954374207307N00149434EA0140501498
B0954384207306N00149434EA0140301498
B0954394207306N00149434EA0140301499
B0954404207306N00149434EA0140201499
B0954414207306N00149434EA0140201500
B0954424207306N00149434EA0140301500
B0954434207306N00149434EA0140301500
B0954444207306N00149434EA0140201500
B0954454207306N00149434EA0140201500
B0954464207306N00149434EA0140301500
B0954474207306N00149433EA0140301500
B0954484207306N00149433EA0140201500
B0954494207305N00149433EA0140201500
B0954504207306N00149433EA0140201500
B0954514207306N00149433EA0140301500
B0954524207306N00149433EA0140201500
B0954534207306N00149433EA0140201500
B0954544207306N00149433EA0140301500
B0954554207306N00149433EA0140301500
B0954564207306N00149433EA0140301500
B0954574207306N00149433EA0140201500
B0954584207306N00149433EA0140201501
B0954594207306N00149433EA0140201501
B0955004207306N00149433EA0140201501
B0955014207306N00149433EA0140301501
B0955024207306N00149433EA0140201501
B0955034207306N00149433EA0140201501
B0955044207306N00149433EA0140201501
B0955054207306N00149433EA0140201501
B0955064207306N00149433EA0140201502
B0955074207306N00149433EA0140201502
B0955084207306N00149433EA0140201502
B0955094207306N00149433EA0140201502
B0955104207306N00149433EA0140201502
B0955114207306N00149433EA0140301502
B0955124207306N00149434EA0140101502
B0955134207306N00149434EA0140101502
B0955144207306N00149434EA0140101503
B0955154207306N00149434EA0140301504
B0955164207306N00149434EA0140201504
B0955174207306N00149434EA0140201504
B0955184207306N00149434EA0140301503
B0955194207306N00149434EA0140201504
B0955204207306N00149435EA0140101504
B0955214207306N00149435EA0140201504
B0955224207306N00149435EA0140201504
B0955234207306N00149435EA0140201505
B0955244207306N00149435EA0140101505
B0955254207306N00149435EA0140101505
B0955264207306N00149435EA0140201505
B0955274207306N00149435EA0140201505
B0955284207306N00149435EA0140101504
B0955294207306N00149435EA0140401505
B0955304207306N00149435EA0140801505
B0955314207306N00149435EA0140201505
B0955324207306N00149435EA0140201505
B0955334207306N00149435EA0140201504
B0955344207306N00149435EA0140201504
B0955354207306N00149435EA0140101504
B0955364207306N00149435EA0140101504
B0955374207306N00149435EA0140301504
B0955384207306N00149435EA0140301504
B0955394207306N00149435EA0140301504
B0955404207306N00149435EA0140301504
B0955414207306N00149435EA0140301503
B0955424207306N00149435EA0140301504
B0955434207306N00149435EA0140101504
B0955444207306N00149435EA0140201504
B0955454207306N00149435EA0140201503
B0955464207306N00149435EA0140301502
B0955474207306N00149435EA0140201502
B0955484207306N00149435EA0140301502
B0955494207306N00149435EA0140301502
B0955504207306N00149436EA0140301502
B0955514207307N00149436EA0140201502
B0955524207307N00149436EA0140201502
B0955534207306N00149436EA0140301502
B0955544207306N00149435EA0140301502
B0955554207306N00149435EA0140201502
B0955564207306N00149435EA0140201502
B0955574207306N00149435EA0140301502
B0955584207306N00149435EA0140101502
B0955594207307N00149435EA0140001503
B0956004207307N00149435EA0140401504
B0956014207307N00149434EA0140101503
B0956024207307N00149434EA0140301503
B0956034207307N00149434EA0140301503
B0956044207307N00149434EA0140201503
B0956054207307N00149434EA0140101502
B0956064207307N00149434EA0139601502
B0956074207307N00149434EA0140401501
B0956084207307N00149434EA0139601500
B0956094207307N00149434EA0140701501
B0956104207307N00149434EA0139701501
B0956114207307N00149434EA0140301501
B0956124207307N00149434EA0141001500
B0956134207307N00149434EA0140201500
B0956144207307N00149434EA0140001500
B0956154207307N00149434EA0140301499
B0956164207307N00149434EA0140201499
B0956174207307N00149434EA0140301499
B0956184207307N00149434EA0140301499
B0956194207307N00149434EA0140201499
B0956204207307N00149434EA0140201499
B0956214207307N00149433EA0140301499
B0956224207307N00149434EA0140401499
B0956234207307N00149434EA0140301500
B0956244207307N00149434EA0140201500
B0956254207307N00149434EA0139901500
B0956264207307N00149434EA0140501500
B0956274207307N00149434EA0140301501
B0956284207307N00149434EA0140201501
B0956294207307N00149434EA0140201501
B0956304207307N00149434EA0140201501
B0956314207307N00149434EA0140201501
B0956324207307N00149434EA0140301501
B0956334207307N00149434EA0140301501
B0956344207307N00149434EA0140201501
B0956354207307N00149434EA0140201500
B0956364207307N00149434EA0140201501
B0956374207307N00149434EA0140201500
B0956384207307N00149434EA0140301501
B0956394207307N00149434EA0140201501
B0956404207307N00149434EA0140301501
B0956414207307N00149434EA0140201501
B0956424207307N00149434EA0140201502
B0956434207307N00149434EA0140201503
B0956444207307N00149434EA0140201504
B0956454207307N00149434EA0140301505
B0956464207307N00149434EA0139601505
B0956474207307N00149434EA0140401506
B0956484207307N00149434EA0140301506
B0956494207307N00149434EA0140301506
B0956504207307N00149434EA0140201506
B0956514207307N00149434EA0140301506
B0956524207307N00149434EA0140101507
B0956534207307N00149434EA0140201507
B0956544207307N00149434EA0140301506
B0956554207307N00149434EA0140301507
B0956564207307N00149434EA0140201507
B0956574207307N00149435EA0140201507
B0956584207307N00149435EA0140301507
B0956594207307N00149435EA0140101506
B0957004207307N00149435EA0140201506
B0957014207307N00149435EA0140301507
B0957024207307N00149435EA0140301507
B0957034207307N00149435EA0140301507
B0957044207307N00149435EA0140301507
B0957054207307N00149435EA0140201507
B0957064207307N00149435EA0140201507
B0957074207307N00149435EA0140201507
B0957084207307N00149435EA0140201507
B0957094207307N00149435EA0140201507
B0957104207306N00149435EA0140301507
B0957114207307N00149435EA0140301507
B0957124207307N00149435EA0140301507
B0957134207307N00149435EA0140201507
B0957144207307N00149435EA0140201507
B0957154207307N00149435EA0140201507
B0957164207307N00149435EA0140201506
B0957174207307N00149435EA0140201506
B0957184207307N00149435EA0140301506
B0957194207307N00149435EA0140201506
B0957204207307N00149435EA0140201506
B0957214207307N00149435EA0140201506
B0957224207307N00149435EA0140201506
B0957234207307N00149435EA0140201506
B0957244207306N00149435EA0139901506
B0957254207307N00149435EA0140201507
B0957264207307N00149435EA0140401507
B0957274207307N00149435EA0140301507
B0957284207307N00149435EA0140201507
B0957294207307N00149435EA0137501507
B0957304207307N00149435EA0141901506
B0957314207307N00149435EA0140901506
B0957324207307N00149436EA0139901505
B0957334207307N00149436EA0140101505
B0957344207307N00149436EA0140401505
B0957354207307N00149436EA0140201505
B0957364207307N00149436EA0140201504
B0957374207307N00149436EA0140301504
B0957384207307N00149436EA0140201504
B0957394207307N00149436EA0140201504
B0957404207307N00149436EA0139101504
B0957414207307N00149436EA0140401504
B0957424207307N00149436EA0140601504
B0957434207307N00149436EA0140401504
B0957444207307N00149436EA0140101503
B0957454207307N00149436EA0140301504
B0957464207307N00149436EA0140201503
B0957474207308N00149436EA0140201503
B0957484207308N00149436EA0140201502
B0957494207308N00149436EA0140101503
B0957504207307N00149436EA0140201502
B0957514207307N00149436EA0140601502
B0957524207307N00149436EA0141101502
B0957534207307N00149436EA0140401502
B0957544207307N00149436EA0140401503
B0957554207307N00149435EA0140301502
B0957564207307N00149435EA0140301502
B0957574207307N00149435EA0140401503
B0957584207307N00149436EA0140301502
B0957594207307N00149436EA0140201502
B0958004207307N00149436EA0140201501
B0958014207307N00149436EA0140301501
B0958024207306N00149436EA0139801502
B0958034207306N00149436EA0140601501
B0958044207306N00149435EA0139801502
B0958054207305N00149435EA0140701501
B0958064207305N00149434EA0139701501
B0958074207305N00149434EA0140301501
B0958084207304N00149434EA0139101502
B0958094207304N00149434EA0140301502
B0958104207304N00149434EA0139901502
B0958114207304N00149434EA0140301502
B0958124207304N00149434EA0140801503
B0958134207304N00149434EA0140501503
B0958144207304N00149434EA0140301503
B0958154207304N00149434EA0139901503
B0958164207304N00149434EA0140301502
B0958174207304N00149434EA0140301502
B0958184207304N00149434EA0140301503
B0958194207304N00149434EA0140301503
B0958204207304N00149434EA0140401502
B0958214207304N00149434EA0140401503
B0958224207304N00149434EA0140201503
B0958234207304N00149434EA0140301503
B0958244207304N00149434EA0140401502
B0958254207304N00149434EA0140301503
B0958264207304N00149434EA0140401502
B0958274207304N00149434EA0140301502
B0958284207304N00149434EA0140301502
B0958294207305N00149434EA0140801502
B0958304207305N00149434EA0140301502
B0958314207305N00149434EA0140001502
B0958324207305N00149434EA0140201502
B0958334207305N00149434EA0140301501
B0958344207305N00149434EA0140201501
B0958354207304N00149434EA0140601501
B0958364207304N00149434EA0140301501
B0958374207305N00149434EA0140601501
B0958384207305N00149434EA0140301501
B0958394207305N00149434EA0140201501
B0958404207305N00149434EA0140401501
B0958414207305N00149434EA0140101502
B0958424207305N00149434EA0140201502
B0958434207305N00149434EA0140301502
B0958444207305N00149434EA0140301502
B0958454207305N00149434EA0140201502
B0958464207305N00149434EA0140201502
B0958474207305N00149434EA0140301502
B0958484207305N00149434EA0139901502
B0958494207305N00149434EA0140301502
B0958504207305N00149434EA0139901502
B0958514207305N00149434EA0140301502
B0958524207305N00149434EA0140301502
B0958534207305N00149434EA0140201502
B0958544207305N00149434EA0140301502
B0958554207305N00149434EA0140101502
B0958564207305N00149434EA0140301502
B0958574207305N00149434EA0140301502
B0958584207305N00149434EA0140101502
B0958594207305N00149434EA0140301502
B0959004207305N00149434EA0140201502
B0959014207305N00149434EA0140501502
B0959024207305N00149434EA0140301502
B0959034207305N00149434EA0140101502
B0959044207305N00149434EA0140301502
B0959054207305N00149434EA0140201502
B0959064207305N00149434EA0140401502
B0959074207305N00149434EA0140201502
B0959084207305N00149434EA0140201502
B0959094207305N00149434EA0140201502
B0959104207306N00149433EA0140401502
B0959114207306N00149433EA0140201501
B0959124207306N00149433EA0140301501
B0959134207306N00149433EA0140301501
B0959144207306N00149433EA0140001501
B0959154207306N00149433EA0140301501
B0959164207306N00149433EA0140201501
B0959174207306N00149433EA0140301501
B0959184207306N00149433EA0140301501
B0959194207306N00149433EA0140201500
B0959204207306N00149433EA0140201500
B0959214207307N00149433EA0140501500
B0959224207307N00149433EA0140401500
B0959234207307N00149433EA0140101500
B0959244207307N00149433EA0140301500
B0959254207307N00149433EA0140301500
B0959264207307N00149433EA0140201500
B0959274207307N00149433EA0140401500
B0959284207307N00149433EA0140201500
B0959294207307N00149433EA0139201500
B0959304207307N00149433EA0140401500
B0959314207307N00149433EA0140201500
B0959324207307N00149433EA0140301500
B0959334207307N00149433EA0140101500
B0959344207307N00149433EA0140301500
B0959354207307N00149433EA0140301500
B0959364207307N00149433EA0140201500
B0959374207307N00149433EA0140201500
B0959384207307N00149433EA0140201500
B0959394207307N00149433EA0140301500
B0959404207307N00149433EA0140101499
B0959414207306N00149433EA0140001499
B0959424207306N00149433EA0140101499
B0959434207306N00149433EA0140301499
B0959444207306N00149433EA0140401499
B0959454207306N00149433EA0140401499
B0959464207306N00149433EA0140301499
B0959474207306N00149433EA0140301499
B0959484207306N00149432EA0139801499
B0959494207306N00149432EA0140301498
B0959504207306N00149432EA0140301498
B0959514207306N00149432EA0140101498
B0959524207306N00149432EA0140201498
B0959534207306N00149432EA0140301498
B0959544207306N00149432EA0140201498
B0959554207306N00149432EA0140001498
B0959564207306N00149433EA0140501499
B0959574207306N00149433EA0139901499
B0959584207305N00149433EA0140101499
B0959594207305N00149434EA0140401499
B1000004207305N00149435EA0140301499
B1000014207305N00149435EA0140101499
B1000024207304N00149436EA0140401499
B1000034207304N00149436EA0140201499
B1000044207304N00149437EA0140001499
B1000054207304N00149437EA0140201499
B1000064207304N00149437EA0140301500
B1000074207303N00149438EA0140301500
B1000084207303N00149438EA0140401499
B1000094207303N00149439EA0139901499
B1000104207303N00149439EA0140101499
B1000114207303N00149440EA0140501499
B1000124207303N00149440EA0139701499
B1000134207303N00149441EA0140301499
B1000144207303N00149441EA0140201499
B1000154207303N00149441EA0140101499
B1000164207303N00149441EA0140101499
B1000174207303N00149441EA0140301498
B1000184207303N00149441EA0140001498
B1000194207303N00149441EA0140801497
B1000204207303N00149441EA0140101497
B1000214207303N00149441EA0140101497
B1000224207303N00149441EA0140101497
B1000234207303N00149441EA0139701497
B1000244207303N00149441EA0140401497
B1000254207303N00149441EA0140101497
B1000264207302N00149441EA0139701497
B1000274207302N00149441EA0140101497
B1000284207303N00149441EA0140201497
B1000294207302N00149441EA0140201497
B1000304207302N00149440EA0140201497
B1000314207302N00149440EA0140301498
B1000324207302N00149440EA0139701498
B1000334207302N00149440EA0140301497
B1000344207301N00149441EA0140401497
B1000354207301N00149441EA0140601497
B1000364207300N00149441EA0139901497
B1000374207300N00149441EA0140101497
B1000384207300N00149441EA0140301498
B1000394207300N00149441EA0139801498
B1000404207299N00149441EA0140201497
B1000414207299N00149441EA0140001497
B1000424207299N00149441EA0140301497
B1000434207299N00149441EA0139801498
B1000444207299N00149441EA0140201498
B1000454207299N00149441EA0140101498
B1000464207299N00149441EA0140101498
B1000474207299N00149441EA0140101498
B1000484207299N00149440EA0139901498
B1000494207299N00149440EA0140101498
B1000504207299N00149440EA0140101499
B1000514207299N00149440EA0140001498
B1000524207299N00149440EA0140201498
B1000534207299N00149440EA0140001498
B1000544207299N00149440EA0140901498
B1000554207299N00149440EA0140301497
B1000564207298N00149440EA0140101497
B1000574207298N00149440EA0140101497
B1000584207298N00149440EA0140101497
B1000594207298N00149440EA0140001497
B1001004207298N00149440EA0140101497
B1001014207298N00149440EA0140001498
B1001024207298N00149440EA0140101498
B1001034207298N00149441EA0140101497
B1001044207298N00149441EA0140101497
B1001054207298N00149440EA0140101497
B1001064207299N00149440EA0140101498
B1001074207299N00149440EA0140201498
B1001084207298N00149440EA0140101498
B1001094207298N00149440EA0140101498
B1001104207298N00149440EA0140201499
B1001114207298N00149440EA0140101499
B1001124207298N00149440EA0140101499
B1001134207298N00149440EA0140101499
B1001144207298N00149440EA0140101499
B1001154207298N00149439EA0140101499
B1001164207298N00149439EA0140201500
B1001174207298N00149439EA0139801500
B1001184207298N00149439EA0140401501
B1001194207298N00149439EA0140101501
B1001204207298N00149439EA0140001501
B1001214207298N00149439EA0140201501
B1001224207298N00149439EA0140201501
B1001234207298N00149439EA0140101501
B1001244207298N00149439EA0140201501
B1001254207298N00149439EA0140201501
B1001264207298N00149439EA0140301501
B1001274207298N00149439EA0140201501
B1001284207298N00149439EA0140901501
B1001294207298N00149439EA0140501501
B1001304207298N00149440EA0140301502
B1001314207298N00149440EA0140201502
B1001324207299N00149440EA0140301502
B1001334207299N00149440EA0140301502
B1001344207299N00149440EA0139801502
B1001354207298N00149440EA0140001502
B1001364207298N00149440EA0139401501
B1001374207298N00149440EA0139501501
B1001384207298N00149440EA0140201501
B1001394207299N00149440EA0140301501
B1001404207298N00149441EA0140601501
B1001414207298N00149441EA0140001500
B1001424207298N00149441EA0140801500
B1001434207298N00149441EA0139001500
B1001444207298N00149441EA0140601499
B1001454207298N00149441EA0139401499
B1001464207298N00149441EA0140501500
B1001474207298N00149441EA0140101499
B1001484207298N00149441EA0139801499
B1001494207298N00149441EA0140101499
B1001504207298N00149441EA0140501499
B1001514207298N00149441EA0140201499
B1001524207298N00149441EA0140601499
B1001534207298N00149441EA0139901499
B1001544207298N00149441EA0140201499
B1001554207298N00149441EA0140201499
B1001564207298N00149441EA0141001500
B1001574207298N00149441EA0140501499
B1001584207298N00149441EA0140201499
B1001594207298N00149440EA0140001499
B1002004207298N00149441EA0139901499
B1002014207298N00149441EA0139901499
B1002024207298N00149441EA0140501499
B1002034207298N00149440EA0140201499
B1002044207298N00149440EA0140201499
B1002054207298N00149440EA0140101499
B1002064207298N00149440EA0140101499
B1002074207298N00149440EA0140201499
B1002084207298N00149440EA0140201499
B1002094207298N00149440EA0139801500
B1002104207298N00149440EA0139701500
B1002114207298N00149440EA0139701500
B1002124207298N00149440EA0140501499
B1002134207298N00149440EA0140201500
B1002144207298N00149440EA0140501500
B1002154207298N00149440EA0139701500
B1002164207298N00149440EA0139601499
B1002174207298N00149439EA0140101500
B1002184207298N00149440EA0140501500
B1002194207298N00149440EA0140401500
B1002204207298N00149440EA0140201500
B1002214207298N00149440EA0140501501
B1002224207298N00149439EA0139901501
B1002234207298N00149439EA0140201501
B1002244207298N00149439EA0139701501
B1002254207298N00149439EA0139501501
B1002264207298N00149439EA0141001501
B1002274207298N00149439EA0140401501
B1002284207298N00149439EA0140201501
B1002294207299N00149439EA0140701502
B1002304207301N00149439EA0136201502
B1002314207302N00149439EA0139401503
B1002324207301N00149439EA0139001503
B1002334207301N00149438EA0139001503
B1002344207301N00149437EA0141101504
B1002354207301N00149437EA0140801505
B1002364207301N00149438EA0140401504
B1002374207301N00149438EA0140201503
B1002384207301N00149438EA0140201503
B1002394207301N00149438EA0140101502
B1002404207300N00149438EA0140201502
B1002414207300N00149439EA0139901502
B1002424207299N00149439EA0140201502
B1002434207298N00149439EA0140601502
B1002444207297N00149440EA0140501501
B1002454207296N00149441EA0139801501
B1002464207294N00149441EA0140901500
B1002474207292N00149441EA0137801499
B1002484207290N00149442EA0140001500
B1002494207288N00149441EA0140401500
B1002504207285N00149439EA0140201501
B1002514207283N00149437EA0140201502
B1002524207282N00149435EA0140801503
B1002534207281N00149435EA0140901504
B1002544207279N00149435EA0140401503
B1002554207277N00149435EA0138701503
B1002564207275N00149435EA0140301503
B1002574207272N00149435EA0140201502
B1002584207271N00149437EA0141601503
B1002594207270N00149441EA0140001501
B1003004207269N00149446EA0141401500
B1003014207268N00149452EA0140501504
B1003024207266N00149456EA0141101506
B1003034207265N00149460EA0141001509
B1003044207265N00149464EA0141401512
B1003054207265N00149467EA0141601514
B1003064207266N00149471EA0141701516
B1003074207266N00149476EA0141901517
B1003084207264N00149479EA0141701518
B1003094207263N00149483EA0141901520
B1003104207261N00149486EA0142501521
B1003114207260N00149490EA0142401523
B1003124207260N00149493EA0143001526
B1003134207260N00149497EA0142801528
B1003144207260N00149502EA0141301528
B1003154207259N00149507EA0143301530
B1003164207258N00149512EA0142901531
B1003174207256N00149518EA0143101531
B1003184207255N00149523EA0143001532
B1003194207254N00149528EA0143301533
B1003204207252N00149531EA0143401535
B1003214207250N00149533EA0143101534
B1003224207246N00149534EA0143101532
B1003234207242N00149534EA0142901532
B1003244207238N00149533EA0143201533
B1003254207235N00149530EA0142601534
B1003264207232N00149527EA0143301535
B1003274207230N00149525EA0143301535
B1003284207227N00149523EA0143501535
B1003294207223N00149521EA0143101534
B1003304207219N00149520EA0143101533
B1003314207215N00149521EA0142601532
B1003324207210N00149522EA0142901532
B1003334207207N00149524EA0142701531
B1003344207203N00149527EA0142901531
B1003354207199N00149530EA0142901531
B1003364207197N00149533EA0142901531
B1003374207195N00149539EA0142501531
B1003384207195N00149546EA0142801527
B1003394207195N00149555EA0142701525
B1003404207194N00149563EA0142601525
B1003414207192N00149570EA0142701526
B1003424207190N00149576EA0142301525
B1003434207188N00149583EA0142201524
B1003444207187N00149591EA0141901523
B1003454207186N00149599EA0141601520
B1003464207184N00149607EA0142401519
B1003474207180N00149613EA0142001519
B1003484207176N00149617EA0138901518
B1003494207172N00149622EA0142001517
B1003504207169N00149627EA0141201517
B1003514207167N00149631EA0142201516
B1003524207165N00149635EA0141501516
B1003534207162N00149638EA0141401516
B1003544207159N00149641EA0141301515
B1003554207156N00149645EA0141601514
B1003564207153N00149649EA0141801514
B1003574207150N00149653EA0141501514
B1003584207148N00149655EA0141601514
B1003594207146N00149659EA0141201514
B1004004207145N00149664EA0141101512
B1004014207144N00149670EA0141301511
B1004024207144N00149677EA0141101509
B1004034207145N00149683EA0141301509
B1004044207147N00149688EA0141501511
B1004054207149N00149693EA0141401512
B1004064207152N00149699EA0141101511
B1004074207157N00149705EA0141101509
B1004084207164N00149709EA0140901508
B1004094207171N00149713EA0141401507
B1004104207178N00149715EA0141301507
B1004114207184N00149716EA0141801508
B1004124207189N00149718EA0141501509
B1004134207195N00149722EA0140501508
B1004144207201N00149727EA0140801505
B1004154207206N00149732EA0140901503
B1004164207211N00149739EA0141701503
B1004174207214N00149745EA0141001504
B1004184207216N00149752EA0140601504
B1004194207218N00149757EA0140801504
B1004204207218N00149763EA0140301503
B1004214207218N00149769EA0140701502
B1004224207215N00149774EA0140501500
B1004234207212N00149778EA0140601498
B1004244207209N00149780EA0140601497
B1004254207205N00149781EA0140001497
B1004264207202N00149781EA0140301497
B1004274207200N00149780EA0139901497
B1004284207198N00149779EA0140101496
B1004294207195N00149775EA0139701494
B1004304207194N00149770EA0139901493
B1004314207193N00149764EA0140301492
B1004324207194N00149757EA0139601492
B1004334207195N00149749EA0138801491
B1004344207196N00149741EA0138001490
B1004354207197N00149734EA0140201488
B1004364207197N00149727EA0139301487
B1004374207196N00149720EA0138401487
B1004384207196N00149714EA0139401488
B1004394207195N00149708EA0139301488
B1004404207193N00149701EA0139701488
B1004414207192N00149694EA0139601489
B1004424207191N00149688EA0139601491
B1004434207189N00149681EA0139901493
B1004444207187N00149676EA0140001495
B1004454207185N00149671EA0140201497
B1004464207182N00149666EA0139801498
B1004474207180N00149661EA0140801499
B1004484207178N00149656EA0140501499
B1004494207175N00149650EA0140201498
B1004504207172N00149645EA0140301497
B1004514207170N00149639EA0140001496
B1004524207168N00149631EA0140901495
B1004534207169N00149623EA0139201492
B1004544207169N00149614EA0139701490
B1004554207170N00149607EA0139701489
B1004564207172N00149600EA0139901488
B1004574207173N00149593EA0139001487
B1004584207175N00149586EA0138901484
B1004594207177N00149576EA0138501480
B1005004207177N00149566EA0138601478
B1005014207176N00149557EA0138201478
B1005024207174N00149549EA0138301478
B1005034207171N00149544EA0139001478
B1005044207169N00149540EA0139401478
B1005054207166N00149535EA0138701479
B1005064207163N00149531EA0139201480
B1005074207160N00149529EA0138701479
B1005084207156N00149530EA0138001477
B1005094207151N00149531EA0138001475
B1005104207147N00149533EA0139001474
B1005114207142N00149533EA0138401475
B1005124207138N00149532EA0139201478
B1005134207136N00149532EA0137901480
B1005144207134N00149534EA0139001480
B1005154207133N00149537EA0138401481
B1005164207131N00149541EA0138601481
B1005174207128N00149545EA0139501481
B1005184207125N00149548EA0139001482
B1005194207122N00149549EA0139301485
B1005204207119N00149550EA0138701487
B1005214207117N00149552EA0139201487
B1005224207114N00149554EA0139101486
B1005234207110N00149558EA0138801484
B1005244207107N00149563EA0137401483
B1005254207104N00149569EA0139401483
B1005264207102N00149573EA0140001486
B1005274207100N00149577EA0139601490
B1005284207099N00149581EA0139701492
B1005294207098N00149585EA0140101495
B1005304207097N00149591EA0140001496
B1005314207096N00149597EA0140801498
B1005324207096N00149603EA0141101502
B1005334207096N00149607EA0141101506
B1005344207095N00149611EA0141601508
B1005354207094N00149615EA0141101508
B1005364207092N00149619EA0141101507
B1005374207089N00149624EA0141001507
B1005384207085N00149628EA0141401507
B1005394207081N00149630EA0141001507
B1005404207077N00149630EA0141301509
B1005414207073N00149628EA0141301510
B1005424207070N00149624EA0141401511
B1005434207067N00149619EA0141401511
B1005444207064N00149613EA0141201511
B1005454207062N00149606EA0140201510
B1005464207061N00149597EA0140201509
B1005474207061N00149588EA0141001508
B1005484207062N00149579EA0141301509
B1005494207065N00149571EA0141801509
B1005504207069N00149563EA0141601511
B1005514207073N00149557EA0141101512
B1005524207077N00149550EA0140901513
B1005534207081N00149544EA0141501514
B1005544207087N00149537EA0141601514
B1005554207093N00149532EA0141401513
B1005564207100N00149528EA0142301513
B1005574207107N00149525EA0141601513
B1005584207113N00149522EA0139501514
B1005594207120N00149520EA0141901514
B1006004207127N00149518EA0141001514
B1006014207134N00149517EA0141601513
B1006024207142N00149516EA0141701512
B1006034207149N00149516EA0142201513
B1006044207157N00149515EA0141501515
B1006054207164N00149516EA0141901517
B1006064207170N00149518EA0142101520
B1006074207175N00149523EA0142601521
B1006084207178N00149530EA0142401523
B1006094207180N00149536EA0143401525
B1006104207180N00149542EA0143001528
B1006114207180N00149548EA0143401531
B1006124207179N00149553EA0143701534
B1006134207178N00149558EA0143701536
B1006144207177N00149562EA0143901538
B1006154207175N00149567EA0144001541
B1006164207172N00149570EA0144401542
B1006174207168N00149570EA0144501544
B1006184207164N00149569EA0144701545
B1006194207160N00149566EA0144301547
B1006204207158N00149562EA0144601549
B1006214207156N00149557EA0145101551
B1006224207156N00149550EA0144501552
B1006234207159N00149543EA0144901552
B1006244207164N00149537EA0145001552
B1006254207172N00149534EA0145101553
B1006264207179N00149537EA0145501555
B1006274207184N00149542EA0145601558
B1006284207187N00149546EA0145901562
B1006294207190N00149550EA0146001565
B1006304207193N00149554EA0146301567
B1006314207196N00149559EA0145401567
B1006324207199N00149565EA0145801566
B1006334207200N00149572EA0146201565
B1006344207200N00149578EA0146201565
B1006354207198N00149584EA0147001566
B1006364207195N00149587EA0146101565
B1006374207191N00149589EA0146401565
B1006384207187N00149590EA0146301566
B1006394207184N00149589EA0146301566
B1006404207181N00149586EA0146101566
B1006414207178N00149582EA0144901565
B1006424207175N00149576EA0145501563
B1006434207172N00149568EA0146701562
B1006444207171N00149560EA0146201562
B1006454207171N00149552EA0146001565
B1006464207171N00149545EA0145901568
B1006474207171N00149539EA0146501569
B1006484207172N00149532EA0146801570
B1006494207175N00149525EA0146701570
B1006504207179N00149516EA0145401569
B1006514207183N00149508EA0146301570
B1006524207187N00149502EA0146701574
B1006534207190N00149497EA0147301577
B1006544207195N00149493EA0147501579
B1006554207200N00149492EA0147401580
B1006564207206N00149493EA0146501580
B1006574207213N00149496EA0147201580
B1006584207219N00149501EA0147401579
B1006594207224N00149506EA0147501580
B1007004207228N00149511EA0147901582
B1007014207231N00149515EA0147401584
B1007024207234N00149521EA0147401584
B1007034207237N00149527EA0147701584
B1007044207239N00149534EA0148301584
B1007054207240N00149540EA0148101584
B1007064207242N00149548EA0147901584
B1007074207244N00149554EA0147201584
B1007084207246N00149560EA0148401585
B1007094207247N00149565EA0148201587
B1007104207248N00149570EA0147301588
B1007114207248N00149576EA0147901588
B1007124207248N00149582EA0148701588
B1007134207248N00149587EA0147901589
B1007144207248N00149591EA0148301590
B1007154207248N00149595EA0148101590
B1007164207246N00149600EA0148201589
B1007174207244N00149604EA0148301588
B1007184207241N00149607EA0148101588
B1007194207238N00149607EA0148501589
B1007204207234N00149606EA0148601588
B1007214207231N00149602EA0148001587
B1007224207228N00149598EA0147901586
B1007234207226N00149592EA0148201585
B1007244207225N00149584EA0147501584
B1007254207224N00149575EA0147701583
B1007264207225N00149567EA0147901583
B1007274207225N00149559EA0147701583
B1007284207226N00149551EA0148001583
B1007294207227N00149544EA0148301583
B1007304207228N00149536EA0148101583
B1007314207228N00149529EA0147801582
B1007324207228N00149521EA0148201582
B1007334207227N00149514EA0147801582
B1007344207225N00149508EA0147901582
B1007354207222N00149504EA0147801581
B1007364207219N00149502EA0147801580
B1007374207215N00149501EA0147801580
B1007384207212N00149502EA0147501579
B1007394207209N00149502EA0147701579
B1007404207206N00149504EA0147801579
B1007414207204N00149505EA0146701578
B1007424207201N00149508EA0147101575
B1007434207198N00149512EA0147001573
B1007444207195N00149515EA0147401572
B1007454207191N00149518EA0147301572
B1007464207188N00149521EA0147201573
B1007474207186N00149524EA0147201573
B1007484207184N00149526EA0147101572
B1007494207181N00149530EA0146901570
B1007504207179N00149534EA0146401569
B1007514207176N00149539EA0146601567
B1007524207174N00149544EA0146201566
B1007534207171N00149548EA0146401565
B1007544207169N00149552EA0146701565
B1007554207166N00149555EA0146101563
B1007564207163N00149559EA0145301560
B1007574207160N00149564EA0145401558
B1007584207157N00149568EA0145601556
B1007594207153N00149571EA0145701555
B1008004207150N00149573EA0145701555
B1008014207147N00149576EA0145501555
B1008024207145N00149579EA0145101553
B1008034207142N00149584EA0145001551
B1008044207140N00149588EA0144901550
B1008054207137N00149593EA0145301549
B1008064207135N00149597EA0144601548
B1008074207133N00149601EA0144301546
B1008084207131N00149606EA0144401544
B1008094207129N00149610EA0143901540
B1008104207127N00149615EA0143501535
B1008114207124N00149620EA0143001531
B1008124207120N00149626EA0142401528
B1008134207117N00149631EA0142701525
B1008144207113N00149637EA0142601523
B1008154207110N00149642EA0142201522
B1008164207107N00149647EA0142101520
B1008174207104N00149652EA0141801518
B1008184207100N00149658EA0140701516
B1008194207096N00149664EA0142201514
B1008204207092N00149669EA0141501514
B1008214207088N00149673EA0141901516
B1008224207085N00149678EA0142101518
B1008234207083N00149682EA0141801519
B1008244207080N00149688EA0141401519
B1008254207078N00149696EA0142501518
B1008264207077N00149704EA0142201519
B1008274207076N00149710EA0142501520
B1008284207074N00149715EA0143101522
B1008294207073N00149719EA0142801523
B1008304207071N00149723EA0142701524
B1008314207070N00149729EA0142801524
B1008324207069N00149735EA0142501525
B1008334207068N00149741EA0143401526
B1008344207067N00149746EA0142301527
B1008354207064N00149752EA0143601527
B1008364207062N00149758EA0143601527
B1008374207061N00149765EA0142201529
B1008384207060N00149771EA0143701531
B1008394207060N00149776EA0144301533
B1008404207058N00149782EA0142401535
B1008414207056N00149787EA0144001536
B1008424207053N00149792EA0143801536
B1008434207050N00149797EA0143601536
B1008444207048N00149803EA0143601535
B1008454207045N00149810EA0143001535
B1008464207043N00149816EA0143601535
B1008474207040N00149823EA0143501535
B1008484207037N00149829EA0143401535
B1008494207035N00149835EA0143501534
B1008504207032N00149841EA0143601534
B1008514207030N00149847EA0143201533
B1008524207029N00149853EA0143601533
B1008534207028N00149860EA0143101533
B1008544207028N00149867EA0143001532
B1008554207029N00149874EA0142501531
B1008564207031N00149881EA0143101529
B1008574207032N00149889EA0143001529
B1008584207032N00149896EA0142701528
B1008594207032N00149904EA0142501525
B1009004207032N00149912EA0142301524
B1009014207033N00149920EA0142401523
B1009024207034N00149927EA0142601523
B1009034207035N00149933EA0143001524
B1009044207035N00149939EA0142601523
B1009054207034N00149946EA0142101522
B1009064207034N00149953EA0141901520
B1009074207033N00149960EA0142201520
B1009084207031N00149966EA0142301520
B1009094207030N00149970EA0142301521
B1009104207029N00149975EA0142401522
B1009114207027N00149979EA0142501523
B1009124207025N00149984EA0142401523
B1009134207023N00149990EA0142901524
B1009144207022N00149994EA0142901527
B1009154207021N00149998EA0143601531
B1009164207020N00150001EA0143501533
B1009174207018N00150003EA0143801535
B1009184207016N00150005EA0144101536
B1009194207014N00150008EA0144001539
B1009204207011N00150011EA0144101541
B1009214207009N00150014EA0144301544
B1009224207007N00150017EA0145201548
B1009234207006N00150020EA0145601551
B1009244207004N00150024EA0145601555
B1009254207004N00150029EA0145601557
B1009264207005N00150036EA0145901559
B1009274207007N00150043EA0146401561
B1009284207008N00150050EA0146601563
B1009294207008N00150056EA0146601566
B1009304207007N00150061EA0146901568
B1009314207007N00150066EA0146801570
B1009324207006N00150071EA0147101572
B1009334207006N00150077EA0147201573
B1009344207006N00150081EA0147801576
B1009354207005N00150085EA0147701578
B1009364207004N00150089EA0147901581
B1009374207003N00150093EA0148201582
B1009384207002N00150098EA0148301584
B1009394207002N00150102EA0148501586
B1009404207001N00150106EA0148401587
B1009414207000N00150110EA0147901588
B1009424206999N00150114EA0149601590
B1009434206998N00150118EA0148501591
B1009444206996N00150120EA0149001593
B1009454206994N00150122EA0149101594
B1009464206992N00150124EA0149601595
B1009474206990N00150128EA0149301594
B1009484206988N00150133EA0148801595
B1009494206986N00150137EA0149601595
B1009504206985N00150141EA0149701597
B1009514206984N00150145EA0149801599
B1009524206983N00150149EA0149301599
B1009534206984N00150155EA0149201599
B1009544206984N00150161EA0149601598
B1009554206984N00150168EA0149801598
B1009564206983N00150173EA0149701599
B1009574206983N00150178EA0149601599
B1009584206983N00150184EA0149401600
B1009594206983N00150189EA0149501599
B1010004206983N00150195EA0149501599
B1010014206982N00150200EA0149601598
B1010024206982N00150204EA0149401598
B1010034206982N00150208EA0149601598
B1010044206981N00150212EA0149001597
B1010054206979N00150215EA0149501596
B1010064206978N00150218EA0149101594
B1010074206976N00150222EA0148701593
B1010084206974N00150227EA0148701593
B1010094206973N00150231EA0149201593
B1010104206972N00150234EA0149201594
B1010114206970N00150236EA0148801594
B1010124206967N00150237EA0147701592
B1010134206964N00150239EA0148501591
B1010144206961N00150241EA0149301591
B1010154206959N00150241EA0148901591
B1010164206957N00150240EA0148501592
B1010174206955N00150239EA0148501592
B1010184206953N00150240EA0148301590
B1010194206951N00150241EA0148501588
B1010204206948N00150242EA0148001586
B1010214206945N00150243EA0147801584
B1010224206942N00150244EA0147601583
B1010234206939N00150245EA0147201582
B1010244206936N00150247EA0147101581
B1010254206933N00150249EA0147501580
B1010264206930N00150251EA0147101579
B1010274206926N00150252EA0147201577
B1010284206923N00150253EA0146801576
B1010294206921N00150254EA0147001576
B1010304206918N00150255EA0147001575
B1010314206915N00150255EA0146801574
B1010324206912N00150254EA0146901574
B1010334206909N00150253EA0146601574
B1010344206907N00150252EA0147101574
B1010354206904N00150251EA0145601573
B1010364206901N00150250EA0145801573
B1010374206898N00150248EA0147001572
B1010384206895N00150245EA0146301570
B1010394206893N00150242EA0146401569
B1010404206890N00150239EA0145901567
B1010414206887N00150236EA0145501566
B1010424206885N00150233EA0145901563
B1010434206882N00150229EA0145501561
B1010444206879N00150227EA0144601558
B1010454206876N00150226EA0144001555
B1010464206872N00150228EA0144801552
B1010474206869N00150232EA0144201549
B1010484206865N00150236EA0143801547
B1010494206862N00150240EA0144501547
B1010504206859N00150244EA0144601547
B1010514206857N00150249EA0144001548
B1010524206855N00150254EA0144501549
B1010534206855N00150260EA0144101549
B1010544206854N00150267EA0144501549
B1010554206852N00150273EA0144901548
B1010564206848N00150278EA0145301547
B1010574206844N00150282EA0144101545
B1010584206842N00150287EA0143901545
B1010594206841N00150291EA0143901543
B1011004206842N00150295EA0143801541
B1011014206841N00150301EA0143401539
B1011024206839N00150305EA0141501534
B1011034206835N00150309EA0142101525
B1011044206832N00150312EA0143301521
B1011054206828N00150312EA0142101520
B1011064206825N00150312EA0141701518
B1011074206822N00150311EA0141101515
B1011084206818N00150311EA0140901511
B1011094206815N00150311EA0140601509
B1011104206812N00150311EA0140701507
B1011114206809N00150308EA0140601505
B1011124206806N00150305EA0139901502
B1011134206804N00150302EA0140101499
B1011144206800N00150299EA0139401496
B1011154206797N00150296EA0139401493
B1011164206794N00150291EA0139801492
B1011174206791N00150286EA0138901493
B1011184206790N00150281EA0141001495
B1011194206788N00150279EA0140601498
B1011204206786N00150277EA0140101499
B1011214206784N00150277EA0139901500
B1011224206780N00150279EA0139901500
B1011234206777N00150280EA0140901501
B1011244206773N00150280EA0141101503
B1011254206770N00150278EA0141501506
B1011264206767N00150276EA0140501507
B1011274206764N00150274EA0141301508
B1011284206761N00150274EA0141001509
B1011294206759N00150276EA0141701509
B1011304206755N00150278EA0140701509
B1011314206752N00150279EA0141001511
B1011324206749N00150279EA0141601511
B1011334206745N00150279EA0141201512
B1011344206742N00150277EA0141901512
B1011354206738N00150275EA0141601513
B1011364206734N00150274EA0142201514
B1011374206730N00150273EA0142101516
B1011384206726N00150274EA0142301519
B1011394206724N00150276EA0142701522
B1011404206722N00150280EA0142301524
B1011414206721N00150285EA0142301526
B1011424206719N00150290EA0142701528
B1011434206716N00150295EA0142601529
B1011444206714N00150299EA0142501529
B1011454206711N00150302EA0142801529
B1011464206708N00150302EA0142501528
B1011474206704N00150301EA0142201526
B1011484206701N00150297EA0142401523
B1011494206697N00150294EA0142101521
B1011504206693N00150291EA0142101522
B1011514206690N00150289EA0142301525
B1011524206687N00150287EA0142901526
B1011534206684N00150285EA0141801526
B1011544206681N00150283EA0141601525
B1011554206677N00150281EA0142201524
B1011564206673N00150279EA0142401524
B1011574206669N00150276EA0141901524
B1011584206666N00150274EA0142701526
B1011594206663N00150273EA0142601526
B1012004206660N00150273EA0142001526
B1012014206657N00150273EA0142201525
B1012024206653N00150273EA0142201525
B1012034206650N00150273EA0142301524
B1012044206647N00150271EA0142601524
B1012054206644N00150270EA0142401524
B1012064206642N00150268EA0141901524
B1012074206639N00150268EA0141701523
B1012084206635N00150268EA0142101522
B1012094206632N00150266EA0142301521
B1012104206629N00150264EA0141501520
B1012114206626N00150262EA0141401519
B1012124206624N00150259EA0141201518
B1012134206621N00150257EA0141001517
B1012144206619N00150255EA0141201515
B1012154206617N00150251EA0140901514
B1012164206614N00150246EA0140801512
B1012174206611N00150242EA0140601511
B1012184206608N00150237EA0140501510
B1012194206605N00150233EA0140601510
B1012204206604N00150229EA0140501510
B1012214206602N00150224EA0140601509
B1012224206600N00150218EA0140101509
B1012234206597N00150214EA0140701509
B1012244206594N00150211EA0140401511
B1012254206592N00150208EA0141001515
B1012264206591N00150206EA0141701517
B1012274206590N00150204EA0140701517
B1012284206588N00150202EA0140501517
B1012294206585N00150200EA0140601516
B1012304206582N00150197EA0141301517
B1012314206579N00150194EA0141901518
B1012324206578N00150190EA0141501520
B1012334206576N00150186EA0141101520
B1012344206575N00150183EA0140901520
B1012354206573N00150179EA0141001519
B1012364206571N00150174EA0140701517
B1012374206568N00150169EA0140701515
B1012384206566N00150163EA0140801513
B1012394206564N00150157EA0140501513
B1012404206563N00150152EA0140101514
B1012414206562N00150148EA0140301513
B1012424206561N00150142EA0140201512
B1012434206560N00150135EA0139701509
B1012444206558N00150128EA0139301506
B1012454206556N00150119EA0139501504
B1012464206554N00150112EA0139901504
B1012474206553N00150107EA0139001505
B1012484206551N00150102EA0139401504
B1012494206549N00150097EA0138401503
B1012504206546N00150090EA0138201500
B1012514206545N00150083EA0138301497
B1012524206544N00150076EA0138201495
B1012534206542N00150069EA0138101494
B1012544206541N00150063EA0137701493
B1012554206540N00150058EA0137901492
B1012564206539N00150052EA0137401490
B1012574206539N00150045EA0137301487
B1012584206539N00150038EA0137301485
B1012594206538N00150031EA0136901483
B1013004206537N00150025EA0137301483
B1013014206536N00150019EA0136701483
B1013024206536N00150013EA0137501482
B1013034206535N00150007EA0136701481
B1013044206533N00149999EA0136301478
B1013054206532N00149992EA0136401477
B1013064206531N00149985EA0136501475
B1013074206530N00149978EA0135501473
B1013084206530N00149971EA0133601472
B1013094206529N00149964EA0137201470
B1013104206528N00149957EA0136001469
B1013114206525N00149952EA0135501466
B1013124206522N00149946EA0135601465
B1013134206520N00149939EA0135901465
B1013144206519N00149933EA0135801466
B1013154206518N00149928EA0136101466
B1013164206516N00149922EA0135401463
B1013174206515N00149915EA0133801460
B1013184206513N00149907EA0135001457
B1013194206511N00149900EA0134601455
B1013204206510N00149893EA0134901455
B1013214206509N00149888EA0134401454
B1013224206508N00149882EA0134501453
B1013234206506N00149876EA0134101450
B1013244206504N00149869EA0134001446
B1013254206502N00149861EA0133701444
B1013264206500N00149855EA0133701443
B1013274206498N00149849EA0133101442
B1013284206496N00149844EA0133701441
B1013294206495N00149839EA0133401439
B1013304206493N00149833EA0132201436
B1013314206492N00149827EA0132601433
B1013324206490N00149820EA0132701430
B1013334206487N00149814EA0132501428
B1013344206485N00149808EA0132901427
B1013354206484N00149802EA0132501427
B1013364206482N00149796EA0131401426
B1013374206481N00149790EA0131501424
B1013384206478N00149784EA0131701421
B1013394206476N00149778EA0131901419
B1013404206474N00149772EA0132301418
B1013414206472N00149766EA0131501417
B1013424206471N00149760EA0131401416
B1013434206469N00149754EA0130701413
B1013444206467N00149747EA0130901410
B1013454206465N00149740EA0131101407
B1013464206462N00149734EA0130501406
B1013474206461N00149727EA0130501406
B1013484206459N00149721EA0130701405
B1013494206458N00149715EA0129701404
B1013504206457N00149709EA0129901402
B1013514206455N00149702EA0130001398
B1013524206453N00149695EA0129801396
B1013534206452N00149688EA0129701395
B1013544206452N00149682EA0129701394
B1013554206451N00149676EA0129401392
B1013564206450N00149669EA0129201390
B1013574206450N00149663EA0129101388
B1013584206448N00149655EA0128901385
B1013594206447N00149648EA0128701383
B1014004206447N00149642EA0128401383
B1014014206447N00149637EA0129301382
B1014024206446N00149631EA0129301382
B1014034206447N00149627EA0129001380
B1014044206447N00149622EA0128901379
B1014054206446N00149619EA0128201377
B1014064206445N00149618EA0127801375
B1014074206443N00149619EA0127301372
B1014084206439N00149619EA0127601368
B1014094206436N00149617EA0127201364
B1014104206434N00149615EA0127501363
B1014114206433N00149612EA0126801360
B1014124206432N00149608EA0126701357
B1014134206432N00149605EA0126601354
B1014144206431N00149600EA0126601351
B1014154206430N00149595EA0125801349
B1014164206428N00149590EA0126201348
B1014174206428N00149587EA0126201351
B1014184206427N00149583EA0126301352
B1014194206426N00149579EA0125201351
B1014204206424N00149575EA0126601351
B1014214206423N00149572EA0126301352
B1014224206421N00149569EA0126501353
B1014234206419N00149567EA0126601355
B1014244206418N00149565EA0126501356
B1014254206416N00149563EA0127301356
B1014264206415N00149561EA0126701356
B1014274206413N00149560EA0126901356
B1014284206411N00149560EA0126901356
B1014294206408N00149561EA0126601355
B1014304206406N00149561EA0127001357
B1014314206405N00149561EA0126901358
B1014324206403N00149559EA0126801358
B1014334206401N00149558EA0126101358
B1014344206398N00149558EA0126501356
B1014354206395N00149559EA0127101356
B1014364206393N00149560EA0127001356
B1014374206390N00149561EA0126901357
B1014384206388N00149561EA0126501358
B1014394206386N00149560EA0127001358
B1014404206383N00149560EA0126601358
B1014414206380N00149560EA0126501357
B1014424206376N00149560EA0127001357
B1014434206373N00149561EA0126801357
B1014444206370N00149561EA0126601356
B1014454206366N00149561EA0126701355
B1014464206362N00149560EA0126401354
B1014474206358N00149558EA0126401354
B1014484206355N00149556EA0126401354
B1014494206352N00149553EA0126301354
B1014504206349N00149550EA0126101354
B1014514206346N00149546EA0126301353
B1014524206343N00149542EA0125801353
B1014534206340N00149538EA0126401353
B1014544206337N00149535EA0126501353
B1014554206334N00149530EA0126101353
B1014564206331N00149526EA0125901352
B1014574206328N00149521EA0126101352
B1014584206326N00149516EA0126201351
B1014594206323N00149510EA0125901351
B1015004206321N00149504EA0126001351
B1015014206319N00149499EA0125801351
B1015024206317N00149492EA0125501352
B1015034206315N00149486EA0125901352
B1015044206314N00149479EA0125701351
B1015054206313N00149472EA0125601351
B1015064206312N00149464EA0125501350
B1015074206311N00149457EA0125401349
B1015084206310N00149449EA0125301348
B1015094206309N00149441EA0125101347
B1015104206309N00149433EA0125601347
B1015114206308N00149425EA0125101346
B1015124206308N00149417EA0124801345
B1015134206307N00149409EA0124901344
B1015144206307N00149401EA0124901343
B1015154206307N00149392EA0124601344
B1015164206307N00149384EA0124201343
B1015174206307N00149376EA0123601342
B1015184206307N00149367EA0124401341
B1015194206307N00149359EA0124701339
B1015204206307N00149351EA0124301338
B1015214206307N00149343EA0123901338
B1015224206307N00149335EA0123901337
B1015234206307N00149327EA0123801336
B1015244206308N00149318EA0123401335
B1015254206308N00149309EA0123901333
B1015264206308N00149301EA0123501333
B1015274206309N00149293EA0123401332
B1015284206309N00149285EA0123301332
B1015294206310N00149277EA0123201332
B1015304206311N00149269EA0123301331
B1015314206312N00149261EA0123201330
B1015324206313N00149253EA0123101330
B1015334206314N00149244EA0123001328
B1015344206316N00149236EA0123101327
B1015354206318N00149228EA0122701325
B1015364206319N00149220EA0123801325
B1015374206320N00149212EA0121901324
B1015384206322N00149205EA0122901323
B1015394206323N00149197EA0122601321
B1015404206324N00149189EA0122501320
B1015414206325N00149181EA0122301318
B1015424206326N00149173EA0122501317
B1015434206327N00149164EA0122401317
B1015444206328N00149156EA0121801315
B1015454206328N00149147EA0122301313
B1015464206329N00149138EA0122101313
B1015474206329N00149130EA0122101312
B1015484206330N00149122EA0121801312
B1015494206331N00149115EA0121701311
B1015504206331N00149107EA0121801309
B1015514206331N00149098EA0121601308
B1015524206331N00149089EA0121401307
B1015534206331N00149082EA0121401306
B1015544206331N00149074EA0121101304
B1015554206331N00149067EA0121401303
B1015564206330N00149058EA0121101301
B1015574206330N00149050EA0121001299
B1015584206330N00149041EA0120901298
B1015594206329N00149033EA0120901298
B1016004206329N00149025EA0120701297
B1016014206328N00149017EA0120701295
B1016024206327N00149010EA0120701294
B1016034206326N00149003EA0120601293
B1016044206324N00148995EA0120901292
B1016054206324N00148987EA0120701291
B1016064206323N00148978EA0120301289
B1016074206322N00148969EA0120301288
B1016084206321N00148961EA0120001287
B1016094206319N00148952EA0120001285
B1016104206318N00148944EA0119901285
B1016114206316N00148936EA0119701283
B1016124206315N00148927EA0119701282
B1016134206314N00148919EA0119701281
B1016144206312N00148910EA0119401279
B1016154206310N00148902EA0119601278
B1016164206309N00148894EA0119101277
B1016174206308N00148886EA0119101277
B1016184206306N00148877EA0119301276
B1016194206306N00148869EA0119001276
B1016204206305N00148859EA0119201276
B1016214206305N00148851EA0119201275
B1016224206304N00148842EA0119101275
B1016234206303N00148835EA0119301275
B1016244206301N00148827EA0119001274
B1016254206298N00148820EA0119101273
B1016264206295N00148814EA0118701273
B1016274206291N00148807EA0119301275
B1016284206289N00148802EA0119301277
B1016294206286N00148798EA0119501279
B1016304206283N00148794EA0119101280
B1016314206279N00148792EA0119301280
B1016324206274N00148792EA0119601279
B1016334206269N00148792EA0119701280
B1016344206265N00148791EA0119901282
B1016354206261N00148791EA0119901284
B1016364206257N00148792EA0120001286
B1016374206254N00148795EA0120301286
B1016384206251N00148801EA0120101287
B1016394206250N00148807EA0120501288
B1016404206252N00148814EA0120701289
B1016414206255N00148819EA0120901293
B1016424206258N00148823EA0121201297
B1016434206262N00148828EA0121701300
B1016444206265N00148833EA0121801302
B1016454206268N00148838EA0121901304
B1016464206268N00148845EA0122401306
B1016474206266N00148851EA0122301308
B1016484206263N00148855EA0123001310
B1016494206259N00148858EA0122301311
B1016504206254N00148859EA0123201312
B1016514206249N00148860EA0122801314
B1016524206244N00148860EA0123201317
B1016534206240N00148859EA0123601321
B1016544206237N00148857EA0123901326
B1016554206235N00148856EA0124001327
B1016564206234N00148854EA0124101329
B1016574206232N00148850EA0124401328
B1016584206229N00148847EA0123801327
B1016594206227N00148842EA0123501326
B1017004206225N00148836EA0124301326
B1017014206225N00148829EA0124401327
B1017024206226N00148822EA0124401327
B1017034206229N00148814EA0123801328
B1017044206234N00148808EA0124101328
B1017054206239N00148802EA0124301328
B1017064206245N00148799EA0124501329
B1017074206252N00148797EA0124801330
B1017084206257N00148798EA0124601332
B1017094206262N00148800EA0124701332
B1017104206267N00148804EA0124801333
B1017114206271N00148808EA0125501334
B1017124206275N00148813EA0125201337
B1017134206278N00148818EA0125801340
B1017144206281N00148823EA0125901344
B1017154206284N00148828EA0126201347
B1017164206286N00148834EA0126401350
B1017174206288N00148840EA0126401352
B1017184206290N00148847EA0126901355
B1017194206292N00148853EA0127101358
B1017204206292N00148859EA0127301361
B1017214206291N00148865EA0127601363
B1017224206288N00148871EA0128001365
B1017234206286N00148876EA0128101368
B1017244206285N00148881EA0127901370
B1017254206285N00148886EA0128101372
B1017264206285N00148891EA0128301372
B1017274206285N00148896EA0128101373
B1017284206283N00148901EA0127901373
B1017294206280N00148905EA0127901372
B1017304206276N00148907EA0128201372
B1017314206273N00148907EA0128101372
B1017324206269N00148906EA0128101372
B1017334206266N00148904EA0127901373
B1017344206262N00148902EA0127701374
B1017354206259N00148899EA0128401374
B1017364206255N00148895EA0128601375
B1017374206252N00148890EA0128301375
B1017384206249N00148885EA0128501377
B1017394206246N00148881EA0128701379
B1017404206243N00148878EA0128901381
B1017414206240N00148876EA0129101384
B1017424206237N00148875EA0129301387
B1017434206233N00148875EA0129501389
B1017444206230N00148875EA0130001390
B1017454206226N00148874EA0129501390
B1017464206222N00148872EA0129601390
B1017474206218N00148867EA0130001390
B1017484206215N00148860EA0129601391
B1017494206214N00148853EA0130001392
B1017504206213N00148845EA0129801392
B1017514206214N00148838EA0129701394
B1017524206216N00148831EA0129601395
B1017534206219N00148825EA0129401394
B1017544206224N00148818EA0129801394
B1017554206231N00148812EA0130001392
B1017564206237N00148809EA0130301395
B1017574206243N00148807EA0130801399
B1017584206249N00148807EA0130501401
B1017594206254N00148808EA0130401402
B1018004206259N00148809EA0130701402
B1018014206264N00148812EA0130801403
B1018024206269N00148815EA0130801404
B1018034206272N00148820EA0131001406
B1018044206274N00148826EA0130801407
B1018054206275N00148832EA0131201408
B1018064206275N00148838EA0131201409
B1018074206275N00148842EA0131301411
B1018084206274N00148847EA0131301412
B1018094206271N00148852EA0131401413
B1018104206268N00148857EA0131301414
B1018114206265N00148862EA0132201414
B1018124206261N00148866EA0132301417
B1018134206257N00148867EA0132101419
B1018144206252N00148866EA0132101420
B1018154206248N00148865EA0132101421
B1018164206243N00148865EA0132501421
B1018174206238N00148864EA0132501423
B1018184206234N00148865EA0132801426
B1018194206231N00148864EA0133101428
B1018204206227N00148863EA0133101431
B1018214206223N00148860EA0133501432
B1018224206219N00148856EA0133201432
B1018234206215N00148851EA0133201432
B1018244206212N00148845EA0133901433
B1018254206210N00148839EA0133901434
B1018264206209N00148833EA0133601435
B1018274206209N00148827EA0133401436
B1018284206209N00148820EA0133501437
B1018294206209N00148813EA0133801437
B1018304206212N00148805EA0133501437
B1018314206216N00148798EA0134401437
B1018324206220N00148794EA0134101438
B1018334206225N00148791EA0134301442
B1018344206229N00148788EA0134101445
B1018354206233N00148785EA0134201447
B1018364206238N00148782EA0134501448
B1018374206245N00148780EA0134401448
B1018384206252N00148780EA0134801449
B1018394206258N00148782EA0134901451
B1018404206262N00148786EA0135101454
B1018414206264N00148791EA0134701454
B1018424206267N00148796EA0135101454
B1018434206270N00148801EA0135201454
B1018444206272N00148808EA0135201455
B1018454206273N00148814EA0135301456
B1018464206273N00148821EA0135401457
B1018474206273N00148827EA0135801459
B1018484206272N00148833EA0136001461
B1018494206270N00148838EA0136101463
B1018504206269N00148841EA0136401465
B1018514206266N00148845EA0136601467
B1018524206263N00148849EA0136501468
B1018534206260N00148852EA0137001469
B1018544206257N00148855EA0137101471
B1018554206253N00148855EA0137301473
B1018564206250N00148854EA0137301474
B1018574206247N00148851EA0137101473
B1018584206244N00148847EA0137001473
B1018594206241N00148841EA0137301473
B1019004206240N00148835EA0137501474
B1019014206240N00148828EA0137901476
B1019024206241N00148821EA0137901478
B1019034206244N00148815EA0138101480
B1019044206248N00148811EA0138201481
B1019054206254N00148808EA0137901481
B1019064206262N00148806EA0137801481
B1019074206270N00148807EA0138301482
B1019084206277N00148810EA0138501484
B1019094206282N00148813EA0139001489
B1019104206286N00148818EA0139301493
B1019114206289N00148823EA0139001495
B1019124206293N00148829EA0138901495
B1019134206297N00148835EA0139501494
B1019144206299N00148842EA0140301495
B1019154206300N00148849EA0140001497
B1019164206299N00148855EA0140001500
B1019174206298N00148859EA0139901501
B1019184206298N00148863EA0140101503
B1019194206297N00148868EA0140001503
B1019204206296N00148872EA0140001503
B1019214206294N00148877EA0140201503
B1019224206291N00148880EA0140001503
B1019234206288N00148883EA0140001502
B1019244206284N00148885EA0140001503
B1019254206280N00148886EA0140301504
B1019264206276N00148885EA0140301505
B1019274206272N00148883EA0140501506
B1019284206268N00148882EA0140301509
B1019294206265N00148883EA0141001511
B1019304206262N00148885EA0141301514
B1019314206260N00148889EA0141301517
B1019324206259N00148893EA0141901519
B1019334206257N00148897EA0142001522
B1019344206254N00148900EA0142701525
B1019354206251N00148901EA0142501528
B1019364206247N00148902EA0142801531
B1019374206243N00148901EA0143601533
B1019384206239N00148899EA0143701535
B1019394206235N00148896EA0143301537
B1019404206232N00148891EA0143501539
B1019414206230N00148886EA0144301540
B1019424206228N00148879EA0143901542
B1019434206227N00148873EA0144301543
B1019444206227N00148866EA0144701546
B1019454206228N00148859EA0144901548
B1019464206230N00148852EA0144801551
B1019474206233N00148846EA0145101552
B1019484206237N00148840EA0145001554
B1019494206242N00148834EA0145301556
B1019504206247N00148829EA0145501557
B1019514206254N00148826EA0145701558
B1019524206261N00148824EA0145701559
B1019534206267N00148824EA0145901562
B1019544206273N00148825EA0146301565
B1019554206278N00148828EA0146501568
B1019564206282N00148831EA0146601570
B1019574206286N00148836EA0146601572
B1019584206291N00148841EA0147101574
B1019594206294N00148847EA0147301576
B1020004206294N00148854EA0147501579
B1020014206293N00148860EA0147901582
B1020024206291N00148865EA0148001585
B1020034206290N00148869EA0148301590
B1020044206290N00148873EA0148601594
B1020054206289N00148876EA0149101597
B1020064206288N00148880EA0148901599
B1020074206286N00148884EA0149301602
B1020084206283N00148888EA0149101604
B1020094206279N00148891EA0149801607
B1020104206276N00148891EA0150301610
B1020114206272N00148889EA0150501613
B1020124206268N00148887EA0150801615
B1020134206264N00148884EA0150301617
B1020144206261N00148882EA0151501619
B1020154206258N00148878EA0151201620
B1020164206255N00148873EA0151201621
B1020174206251N00148868EA0151501624
B1020184206249N00148863EA0151601627
B1020194206246N00148859EA0152001630
B1020204206244N00148856EA0152001631
B1020214206242N00148851EA0151901632
B1020224206239N00148845EA0150901631
B1020234206236N00148838EA0152501630
B1020244206234N00148831EA0152001631
B1020254206234N00148824EA0152001632
B1020264206233N00148818EA0152201634
B1020274206232N00148812EA0151501634
B1020284206231N00148805EA0152001634
B1020294206229N00148798EA0152301633
B1020304206228N00148790EA0152001632
B1020314206228N00148783EA0152201631
B1020324206228N00148775EA0151901629
B1020334206229N00148767EA0152201628
B1020344206228N00148760EA0150501626
B1020354206227N00148752EA0151101624
B1020364206226N00148744EA0151301622
B1020374206225N00148736EA0151201620
B1020384206225N00148729EA0150801619
B1020394206224N00148723EA0150901617
B1020404206222N00148716EA0150101615
B1020414206220N00148709EA0150201613
B1020424206217N00148702EA0150301611
B1020434206216N00148696EA0149901609
B1020444206214N00148689EA0149801608
B1020454206213N00148682EA0149101606
B1020464206211N00148676EA0149301605
B1020474206210N00148668EA0149101603
B1020484206209N00148660EA0149601602
B1020494206208N00148653EA0149101602
B1020504206208N00148648EA0148701603
B1020514206207N00148642EA0148901601
B1020524206207N00148635EA0148701599
B1020534206207N00148628EA0147501596
B1020544206206N00148620EA0148101593
B1020554206206N00148612EA0147501591
B1020564206206N00148603EA0147101591
B1020574206207N00148597EA0147801592
B1020584206208N00148590EA0147701592
B1020594206210N00148584EA0147201592
B1021004206210N00148577EA0147001590
B1021014206210N00148570EA0147101587
B1021024206211N00148562EA0147401586
B1021034206212N00148555EA0147501585
B1021044206212N00148548EA0147701586
B1021054206213N00148542EA0145701586
B1021064206212N00148536EA0148101586
B1021074206212N00148528EA0147101586
B1021084206211N00148520EA0148501586
B1021094206211N00148512EA0146801587
B1021104206211N00148505EA0147601589
B1021114206210N00148499EA0148201591
B1021124206208N00148494EA0147701592
B1021134206205N00148491EA0147501592
B1021144206202N00148489EA0147801590
B1021154206198N00148488EA0147301590
B1021164206195N00148486EA0148101592
B1021174206192N00148484EA0148101593
B1021184206189N00148481EA0148201594
B1021194206187N00148478EA0148201595
B1021204206185N00148475EA0148001594
B1021214206182N00148472EA0148001592
B1021224206179N00148468EA0147801591
B1021234206175N00148465EA0147801590
B1021244206172N00148462EA0148101591
B1021254206170N00148459EA0148301592
B1021264206167N00148455EA0148601593
B1021274206164N00148452EA0148301594
B1021284206160N00148451EA0148901595
B1021294206157N00148453EA0148801598
B1021304206155N00148456EA0149201600
B1021314206152N00148460EA0149001602
B1021324206150N00148463EA0149301604
B1021334206147N00148466EA0149301606
B1021344206145N00148468EA0150501607
B1021354206143N00148470EA0149901609
B1021364206140N00148472EA0150001611
B1021374206138N00148474EA0150301612
B1021384206135N00148477EA0150701614
B1021394206133N00148480EA0151001617
B1021404206130N00148481EA0150901619
B1021414206127N00148481EA0151201621
B1021424206124N00148479EA0151301621
B1021434206121N00148475EA0151501623
B1021444206120N00148469EA0151801624
B1021454206120N00148462EA0152001626
B1021464206123N00148455EA0152101629
B1021474206126N00148448EA0152401632
B1021484206131N00148443EA0152601635
B1021494206137N00148439EA0152801638
B1021504206143N00148438EA0152801640
B1021514206149N00148438EA0153701641
B1021524206156N00148440EA0152701643
B1021534206163N00148444EA0153201643
B1021544206170N00148449EA0153501645
B1021554206175N00148455EA0153901647
B1021564206179N00148462EA0154301650
B1021574206183N00148469EA0153801652
B1021584206185N00148477EA0154001654
B1021594206187N00148485EA0154101655
B1022004206187N00148493EA0154601656
B1022014206184N00148500EA0154501658
B1022024206181N00148504EA0154801660
B1022034206178N00148507EA0155201663
B1022044206176N00148510EA0155401666
B1022054206173N00148512EA0155201669
B1022064206170N00148515EA0155701670
B1022074206167N00148518EA0155601672
B1022084206163N00148520EA0155901674
B1022094206159N00148520EA0156201676
B1022104206156N00148518EA0156601678
B1022114206152N00148516EA0156501680
B1022124206150N00148512EA0156801683
B1022134206147N00148508EA0157801687
B1022144206146N00148504EA0157801691
B1022154206144N00148501EA0157901696
B1022164206143N00148498EA0158501700
B1022174206140N00148497EA0158701703
B1022184206136N00148495EA0159301706
B1022194206132N00148493EA0159001710
B1022204206129N00148490EA0160601714
B1022214206127N00148485EA0160601719
B1022224206127N00148479EA0161001723
B1022234206128N00148473EA0160901726
B1022244206130N00148466EA0160801729
B1022254206133N00148459EA0161801732
B1022264206136N00148453EA0161801736
B1022274206141N00148447EA0162401740
B1022284206145N00148443EA0162601746
B1022294206151N00148440EA0162701750
B1022304206157N00148439EA0163001752
B1022314206163N00148440EA0162901754
B1022324206170N00148441EA0163201756
B1022334206176N00148445EA0163701757
B1022344206181N00148450EA0163301760
B1022354206185N00148457EA0164101762
B1022364206188N00148464EA0163801763
B1022374206190N00148473EA0164101764
B1022384206192N00148481EA0164401766
B1022394206193N00148489EA0165201769
B1022404206193N00148496EA0164901772
B1022414206193N00148504EA0164701774
B1022424206191N00148511EA0165501777
B1022434206189N00148518EA0165301779
B1022444206186N00148523EA0166001782
B1022454206182N00148526EA0166301785
B1022464206178N00148527EA0167001788
B1022474206174N00148528EA0167401792
B1022484206171N00148527EA0167101797
B1022494206168N00148525EA0167901802
B1022504206166N00148521EA0167901806
B1022514206165N00148516EA0168801809
B1022524206164N00148510EA0168901812
B1022534206164N00148504EA0169201815
B1022544206166N00148498EA0169001819
B1022554206168N00148492EA0169901822
B1022564206169N00148485EA0170201824
B1022574206171N00148480EA0169901827
B1022584206173N00148474EA0170101828
B1022594206174N00148468EA0170801830
B1023004206177N00148462EA0170601831
B1023014206181N00148455EA0171001832
B1023024206187N00148450EA0170901835
B1023034206194N00148447EA0171501838
B1023044206200N00148446EA0171601842
B1023054206206N00148446EA0172001847
B1023064206211N00148446EA0172001850
B1023074206217N00148447EA0171901850
B1023084206223N00148450EA0171501851
B1023094206230N00148453EA0172401852
B1023104206236N00148458EA0172601853
B1023114206241N00148464EA0172401856
B1023124206245N00148471EA0173001859
B1023134206248N00148477EA0172901861
B1023144206251N00148484EA0173501862
B1023154206254N00148492EA0173501863
B1023164206258N00148500EA0173501863
B1023174206261N00148508EA0173801864
B1023184206264N00148516EA0174201866
B1023194206265N00148525EA0173701868
B1023204206266N00148534EA0174301869
B1023214206266N00148543EA0173801871
B1023224206267N00148551EA0174301873
B1023234206266N00148559EA0175001875
B1023244206266N00148568EA0175001876
B1023254206264N00148576EA0175001877
B1023264206262N00148584EA0175101879
B1023274206259N00148591EA0175201881
B1023284206255N00148597EA0175301883
B1023294206251N00148601EA0175701884
B1023304206247N00148604EA0175401887
B1023314206243N00148606EA0176601889
B1023324206240N00148610EA0176401892
B1023334206237N00148613EA0176801895
B1023344206235N00148617EA0177301898
B1023354206232N00148622EA0177301900
B1023364206229N00148626EA0177601902
B1023374206226N00148630EA0178101904
B1023384206222N00148632EA0178101905
B1023394206218N00148635EA0178001908
B1023404206215N00148637EA0178501910
B1023414206213N00148639EA0178601912
B1023424206210N00148640EA0178501913
B1023434206207N00148639EA0178401913
B1023444206204N00148636EA0178501913
B1023454206202N00148633EA0178801913
B1023464206200N00148628EA0178901914
B1023474206199N00148622EA0178801914
B1023484206200N00148616EA0179101915
B1023494206202N00148609EA0178601916
B1023504206205N00148602EA0179201916
B1023514206209N00148595EA0179701917
B1023524206212N00148589EA0179001919
B1023534206216N00148584EA0179501921
B1023544206221N00148580EA0179501922
B1023554206227N00148577EA0180401923
B1023564206233N00148576EA0180101925
B1023574206239N00148575EA0180101928
B1023584206244N00148576EA0180801932
B1023594206250N00148575EA0180301934
B1024004206256N00148574EA0180601934
B1024014206262N00148572EA0180801935
B1024024206268N00148569EA0181201936
B1024034206274N00148566EA0181101940
B1024044206278N00148564EA0181701945
B1024054206282N00148562EA0182001948
B1024064206286N00148560EA0182201950
B1024074206291N00148559EA0181801950
B1024084206298N00148557EA0181401951
B1024094206305N00148556EA0182801952
B1024104206311N00148558EA0182901955
B1024114206317N00148562EA0182101957
B1024124206323N00148567EA0182201959
B1024134206328N00148573EA0182601959
B1024144206334N00148580EA0182401961
B1024154206338N00148589EA0182701960
B1024164206341N00148600EA0183201960
B1024174206341N00148609EA0182801959
B1024184206340N00148618EA0182701960
B1024194206338N00148624EA0182601961
B1024204206336N00148630EA0182701962
B1024214206334N00148635EA0182701963
B1024224206331N00148639EA0182601963
B1024234206327N00148642EA0182301962
B1024244206322N00148644EA0183001962
B1024254206317N00148644EA0182401962
B1024264206312N00148642EA0183301962
B1024274206309N00148638EA0183201964
B1024284206306N00148635EA0183601968
B1024294206304N00148633EA0183501971
B1024304206302N00148631EA0183901973
B1024314206300N00148629EA0183801973
B1024324206297N00148626EA0184301971
B1024334206294N00148621EA0183801971
B1024344206293N00148616EA0183301971
B1024354206293N00148610EA0184301972
B1024364206294N00148604EA0184101972
B1024374206296N00148598EA0184101972
B1024384206299N00148592EA0183801972
B1024394206302N00148586EA0183801971
B1024404206307N00148581EA0184101970
B1024414206312N00148576EA0184101970
B1024424206318N00148573EA0183701970
B1024434206324N00148570EA0183901971
B1024444206330N00148568EA0183201973
B1024454206335N00148567EA0184301975
B1024464206341N00148567EA0184401976
B1024474206348N00148568EA0184601977
B1024484206353N00148571EA0185001979
B1024494206358N00148575EA0185101982
B1024504206363N00148581EA0185301984
B1024514206367N00148587EA0185201985
B1024524206372N00148594EA0185401987
B1024534206376N00148601EA0185501988
B1024544206378N00148610EA0185701990
B1024554206380N00148619EA0186101992
B1024564206380N00148627EA0186501995
B1024574206379N00148635EA0186401997
B1024584206378N00148641EA0186702000
B1024594206376N00148648EA0186902002
B1025004206374N00148654EA0186702003
B1025014206371N00148660EA0187302005
B1025024206368N00148666EA0187302007
B1025034206365N00148670EA0186602009
B1025044206362N00148675EA0187802011
B1025054206358N00148680EA0188102013
B1025064206355N00148684EA0188402015
B1025074206352N00148687EA0188302017
B1025084206348N00148689EA0188202018
B1025094206344N00148691EA0189202019
B1025104206340N00148691EA0188302019
B1025114206336N00148691EA0188702019
B1025124206332N00148691EA0188602020
B1025134206329N00148691EA0188502021
B1025144206326N00148689EA0188802021
B1025154206323N00148686EA0189102021
B1025164206319N00148683EA0188702021
B1025174206315N00148680EA0188602021
B1025184206312N00148677EA0189002022
B1025194206309N00148674EA0188902022
B1025204206308N00148668EA0188802022
B1025214206307N00148662EA0189102022
B1025224206307N00148656EA0188602022
B1025234206308N00148649EA0188502022
B1025244206309N00148643EA0188202022
B1025254206311N00148636EA0188902022
B1025264206314N00148629EA0188502021
B1025274206318N00148622EA0188502021
B1025284206323N00148615EA0188402022
B1025294206327N00148609EA0188502023
B1025304206332N00148605EA0188602022
B1025314206338N00148601EA0188502020
B1025324206343N00148597EA0188102019
B1025334206347N00148591EA0188202018
B1025344206351N00148585EA0188002018
B1025354206355N00148579EA0188302016
B1025364206358N00148573EA0188102015
B1025374206361N00148566EA0187902013
B1025384206364N00148558EA0187202011
B1025394206366N00148547EA0188202010
B1025404206368N00148538EA0188302010
B1025414206370N00148530EA0188202013
B1025424206373N00148525EA0188802016
B1025434206376N00148521EA0188702016
B1025444206379N00148516EA0188202014
B1025454206381N00148510EA0188002012
B1025464206382N00148502EA0187902009
B1025474206383N00148495EA0188402009
B1025484206384N00148488EA0188702010
B1025494206386N00148483EA0188702012
B1025504206388N00148478EA0187802013
B1025514206390N00148474EA0188102012
B1025524206392N00148469EA0187702011
B1025534206395N00148463EA0187602009
B1025544206397N00148456EA0187702007
B1025554206401N00148449EA0187202004
B1025564206404N00148441EA0186902002
B1025574206408N00148433EA0186802000
B1025584206412N00148425EA0187001999
B1025594206415N00148418EA0187101998
B1026004206419N00148411EA0187101999
B1026014206422N00148405EA0187202000
B1026024206424N00148399EA0187102000
B1026034206426N00148392EA0187001999
B1026044206427N00148383EA0187001998
B1026054206427N00148374EA0187401999
B1026064206428N00148366EA0187402000
B1026074206429N00148358EA0187602002
B1026084206430N00148350EA0187302003
B1026094206430N00148343EA0188002005
B1026104206430N00148335EA0187902008
B1026114206430N00148328EA0188002010
B1026124206429N00148321EA0188202012
B1026134206427N00148314EA0187802012
B1026144206426N00148307EA0188302014
B1026154206424N00148300EA0188502015
B1026164206424N00148293EA0188702016
B1026174206424N00148284EA0188402017
B1026184206426N00148276EA0188702017
B1026194206429N00148268EA0188802018
B1026204206434N00148262EA0189302021
B1026214206439N00148258EA0189802023
B1026224206444N00148256EA0188502024
B1026234206449N00148254EA0189502027
B1026244206453N00148253EA0189802029
B1026254206458N00148253EA0189502030
B1026264206462N00148255EA0189702030
B1026274206467N00148257EA0189502029
B1026284206471N00148260EA0189502028
B1026294206475N00148263EA0189602028
B1026304206479N00148268EA0189502028
B1026314206482N00148273EA0189802028
B1026324206485N00148280EA0189002025
B1026334206487N00148287EA0189002024
B1026344206488N00148294EA0188602022
B1026354206488N00148301EA0188902020
B1026364206488N00148308EA0188502019
B1026374206487N00148315EA0188202019
B1026384206485N00148322EA0188302018
B1026394206483N00148327EA0188502018
B1026404206481N00148333EA0188302019
B1026414206479N00148337EA0188502020
B1026424206477N00148342EA0188502020
B1026434206475N00148347EA0188602020
B1026444206474N00148353EA0189102021
B1026454206472N00148359EA0189002021
B1026464206471N00148365EA0188902023
B1026474206470N00148371EA0189002025
B1026484206469N00148377EA0189702026
B1026494206468N00148383EA0188802027
B1026504206468N00148391EA0190102027
B1026514206466N00148398EA0189402029
B1026524206465N00148404EA0189702031
B1026534206464N00148409EA0190602034
B1026544206464N00148412EA0190202035
B1026554206465N00148416EA0190202035
B1026564206467N00148422EA0189402033
B1026574206470N00148429EA0189502031
B1026584206473N00148436EA0190202031
B1026594206476N00148442EA0189902032
B1027004206478N00148448EA0190402032
B1027014206479N00148455EA0189002031
B1027024206480N00148462EA0189502030
B1027034206480N00148470EA0190102030
B1027044206479N00148476EA0190002030
B1027054206476N00148481EA0189402030
B1027064206474N00148485EA0189402029
B1027074206472N00148489EA0189502028
B1027084206470N00148493EA0189402027
B1027094206467N00148498EA0189302025
B1027104206464N00148502EA0189002023
B1027114206461N00148507EA0189102022
B1027124206458N00148512EA0188402022
B1027134206456N00148517EA0188602021
B1027144206453N00148520EA0188602020
B1027154206450N00148523EA0188402018
B1027164206446N00148526EA0187802015
B1027174206442N00148530EA0187502011
B1027184206438N00148534EA0187402009
B1027194206434N00148538EA0187502007
B1027204206430N00148542EA0187302006
B1027214206427N00148545EA0187002005
B1027224206424N00148547EA0186902003
B1027234206420N00148549EA0186802001
B1027244206416N00148551EA0186201998
B1027254206412N00148551EA0186101995
B1027264206408N00148551EA0185901993
B1027274206404N00148551EA0186001992
B1027284206401N00148551EA0185901992
B1027294206398N00148550EA0185901991
B1027304206395N00148548EA0185401990
B1027314206392N00148546EA0184901988
B1027324206388N00148543EA0185101985
B1027334206383N00148539EA0185501983
B1027344206379N00148534EA0185401982
B1027354206375N00148530EA0185501985
B1027364206371N00148527EA0185601987
B1027374206369N00148526EA0185501989
B1027384206365N00148526EA0184901989
B1027394206362N00148526EA0185801989
B1027404206358N00148526EA0186001989
B1027414206354N00148525EA0186201989
B1027424206350N00148523EA0186501990
B1027434206346N00148519EA0186201991
B1027444206343N00148515EA0186101993
B1027454206341N00148510EA0186501995
B1027464206341N00148505EA0186201997
B1027474206341N00148499EA0187701999
B1027484206343N00148493EA0186502001
B1027494206345N00148488EA0187002003
B1027504206347N00148483EA0187302004
B1027514206350N00148479EA0187702005
B1027524206354N00148475EA0186702004
B1027534206359N00148471EA0186802003
B1027544206365N00148467EA0187102001
B1027554206371N00148464EA0186501999
B1027564206378N00148462EA0186501998
B1027574206384N00148459EA0186501997
B1027584206390N00148457EA0186501997
B1027594206395N00148455EA0186501997
B1028004206400N00148454EA0186301996
B1028014206406N00148451EA0186201995
B1028024206412N00148448EA0186201994
B1028034206418N00148445EA0186501993
B1028044206424N00148442EA0186001993
B1028054206429N00148439EA0185701991
B1028064206435N00148435EA0185601988
B1028074206442N00148430EA0185601985
B1028084206448N00148427EA0185901984
B1028094206453N00148425EA0185601983
B1028104206458N00148423EA0185301982
B1028114206463N00148422EA0184701979
B1028124206467N00148419EA0184301973
B1028134206470N00148414EA0183501967
B1028144206473N00148406EA0183101963
B1028154206476N00148399EA0183501958
B1028164206477N00148393EA0182701955
B1028174206477N00148387EA0182901953
B1028184206477N00148382EA0182601951
B1028194206476N00148377EA0182901949
B1028204206475N00148371EA0182101947
B1028214206473N00148365EA0181901943
B1028224206471N00148358EA0181801939
B1028234206469N00148352EA0181801937
B1028244206468N00148347EA0181401936
B1028254206467N00148341EA0181201934
B1028264206465N00148335EA0180701932
B1028274206463N00148329EA0180901929
B1028284206461N00148323EA0180601926
B1028294206460N00148315EA0180701925
B1028304206460N00148308EA0180601925
B1028314206460N00148302EA0180201924
B1028324206459N00148296EA0179901924
B1028334206457N00148291EA0180001921
B1028344206454N00148285EA0179701919
B1028354206451N00148279EA0179701918
B1028364206448N00148273EA0179601919
B1028374206446N00148267EA0179601919
B1028384206443N00148262EA0179701919
B1028394206441N00148257EA0179501919
B1028404206438N00148251EA0179501919
B1028414206435N00148244EA0179601919
B1028424206432N00148237EA0179501918
B1028434206430N00148230EA0179601918
B1028444206428N00148224EA0179201918
B1028454206426N00148218EA0179101919
B1028464206424N00148213EA0179301919
B1028474206421N00148206EA0179301918
B1028484206419N00148199EA0179201918
B1028494206417N00148192EA0179101917
B1028504206415N00148186EA0178501915
B1028514206413N00148179EA0178701913
B1028524206411N00148172EA0178101911
B1028534206409N00148165EA0177901909
B1028544206406N00148159EA0177801907
B1028554206404N00148152EA0177601906
B1028564206401N00148145EA0177401906
B1028574206399N00148138EA0177501905
B1028584206397N00148132EA0177401903
B1028594206395N00148125EA0177601901
B1029004206393N00148118EA0176901900
B1029014206391N00148113EA0176901900
B1029024206388N00148108EA0176401898
B1029034206386N00148104EA0176501897
B1029044206383N00148099EA0176501895
B1029054206380N00148093EA0176501892
B1029064206377N00148088EA0176001890
B1029074206375N00148083EA0175601889
B1029084206373N00148079EA0176001889
B1029094206372N00148074EA0176401888
B1029104206372N00148069EA0175801887
B1029114206370N00148065EA0174701884
B1029124206367N00148061EA0173901880
B1029134206364N00148057EA0174601876
B1029144206360N00148053EA0175101874
B1029154206358N00148048EA0174601873
B1029164206355N00148044EA0174301873
B1029174206353N00148040EA0174201872
B1029184206350N00148037EA0173901871
B1029194206346N00148033EA0174401870
B1029204206343N00148030EA0174201870
B1029214206340N00148026EA0174501870
B1029224206337N00148022EA0173701869
B1029234206334N00148018EA0173901868
B1029244206331N00148014EA0173501867
B1029254206327N00148010EA0173301865
B1029264206323N00148004EA0173401864
B1029274206321N00147998EA0174001863
B1029284206319N00147992EA0173801863
B1029294206318N00147987EA0173201862
B1029304206316N00147983EA0172701861
B1029314206314N00147979EA0173101859
B1029324206312N00147974EA0172901856
B1029334206309N00147968EA0172601853
B1029344206308N00147962EA0172301851
B1029354206306N00147957EA0171901850
B1029364206304N00147952EA0172001848
B1029374206303N00147948EA0171901847
B1029384206301N00147943EA0171801845
B1029394206299N00147938EA0171401843
B1029404206298N00147933EA0170901840
B1029414206295N00147928EA0170801837
B1029424206293N00147923EA0170601835
B1029434206291N00147918EA0170301831
B1029444206288N00147911EA0171201828
B1029454206286N00147905EA0170101825
B1029464206284N00147899EA0169601824
B1029474206281N00147894EA0169701824
B1029484206279N00147889EA0169601823
B1029494206277N00147883EA0170301822
B1029504206275N00147877EA0170301821
B1029514206273N00147872EA0169701820
B1029524206269N00147868EA0169201818
B1029534206265N00147865EA0169701816
B1029544206261N00147860EA0169601815
B1029554206258N00147856EA0169801816
B1029564206256N00147851EA0170101818
B1029574206253N00147847EA0169801818
B1029584206250N00147843EA0169601818
B1029594206246N00147840EA0169601816
B1030004206242N00147838EA0169701814
B1030014206238N00147837EA0169501814
B1030024206234N00147836EA0169701815
B1030034206232N00147834EA0169401816
B1030044206229N00147832EA0170301816
B1030054206225N00147830EA0169701815
B1030064206221N00147828EA0169301813
B1030074206216N00147827EA0169301812
B1030084206212N00147825EA0169801813
B1030094206208N00147822EA0169601814
B1030104206204N00147819EA0169601814
B1030114206200N00147816EA0169401814
B1030124206196N00147814EA0168901813
B1030134206192N00147811EA0168701811
B1030144206187N00147808EA0169301811
B1030154206183N00147806EA0169301810
B1030164206179N00147803EA0168901810
B1030174206176N00147800EA0169001810
B1030184206173N00147797EA0168901808
B1030194206169N00147792EA0168601806
B1030204206164N00147787EA0168901802
B1030214206159N00147783EA0167801800
B1030224206155N00147779EA0167701800
B1030234206151N00147776EA0167701799
B1030244206147N00147771EA0168101797
B1030254206144N00147765EA0167301795
B1030264206139N00147759EA0167401792
B1030274206134N00147755EA0167101791
B1030284206129N00147751EA0166801790
B1030294206126N00147747EA0166801790
B1030304206122N00147743EA0167301789
B1030314206119N00147738EA0166401786
B1030324206115N00147733EA0166001783
B1030334206110N00147729EA0166201780
B1030344206105N00147724EA0166301778
B1030354206102N00147719EA0166201779
B1030364206098N00147715EA0165901780
B1030374206095N00147711EA0165501780
B1030384206092N00147708EA0165601778
B1030394206088N00147706EA0165501776
B1030404206084N00147704EA0165401774
B1030414206080N00147701EA0165101773
B1030424206074N00147699EA0164901770
B1030434206069N00147696EA0165201769
B1030444206063N00147693EA0165401768
B1030454206059N00147692EA0163601771
B1030464206055N00147691EA0166001779
B1030474206054N00147693EA0165601782
B1030484206054N00147697EA0165801784
B1030494206054N00147701EA0166701787
B1030504206054N00147705EA0165501785
B1030514206052N00147710EA0166401783
B1030524206050N00147716EA0165801783
B1030534206048N00147720EA0166501783
B1030544206045N00147722EA0166501783
B1030554206041N00147723EA0165901783
B1030564206038N00147723EA0166301782
B1030574206035N00147723EA0166001781
B1030584206031N00147723EA0165801781
B1030594206028N00147723EA0165601781
B1031004206025N00147723EA0165801780
B1031014206021N00147723EA0165701779
B1031024206017N00147722EA0165701778
B1031034206013N00147720EA0166101778
B1031044206009N00147718EA0166301779
B1031054206006N00147717EA0165701781
B1031064206003N00147717EA0165901782
B1031074206001N00147719EA0166401783
B1031084206000N00147723EA0166501782
B1031094205998N00147727EA0165601783
B1031104205996N00147731EA0166701784
B1031114205994N00147735EA0166201784
B1031124205991N00147739EA0166101784
B1031134205986N00147741EA0166201783
B1031144205981N00147742EA0166001782
B1031154205976N00147741EA0166401781
B1031164205971N00147739EA0166301782
B1031174205967N00147736EA0166301783
B1031184205964N00147734EA0166301784
B1031194205960N00147733EA0166301784
B1031204205956N00147731EA0166301784
B1031214205952N00147729EA0166501784
B1031224205949N00147728EA0166501785
B1031234205946N00147725EA0167501787
B1031244205943N00147722EA0166901788
B1031254205941N00147717EA0166201788
B1031264205938N00147713EA0166501788
B1031274205934N00147708EA0166801788
B1031284205930N00147705EA0167101789
B1031294205926N00147702EA0167001792
B1031304205923N00147699EA0167501795
B1031314205919N00147697EA0167501797
B1031324205915N00147695EA0167601799
B1031334205911N00147695EA0168001801
B1031344205907N00147695EA0168001802
B1031354205902N00147697EA0168301804
B1031364205898N00147700EA0168501806
B1031374205895N00147704EA0168501808
B1031384205892N00147708EA0168901810
B1031394205890N00147712EA0169101811
B1031404205888N00147717EA0169001813
B1031414205887N00147723EA0169001813
B1031424205888N00147729EA0169001813
B1031434205891N00147734EA0169001812
B1031444205896N00147739EA0169201811
B1031454205902N00147742EA0168901811
B1031464205908N00147744EA0169301811
B1031474205915N00147745EA0168901810
B1031484205922N00147745EA0168801810
B1031494205928N00147745EA0169401810
B1031504205935N00147745EA0169101811
B1031514205941N00147745EA0169201811
B1031524205948N00147744EA0169001811
B1031534205953N00147743EA0169301812
B1031544205959N00147740EA0168801813
B1031554205965N00147737EA0167901813
B1031564205970N00147732EA0169301814
B1031574205976N00147727EA0169601815
B1031584205981N00147722EA0169301816
B1031594205985N00147717EA0169601816
B1032004205989N00147710EA0169401816
B1032014205993N00147703EA0169401817
B1032024205997N00147696EA0169901817
B1032034206001N00147689EA0169801819
B1032044206005N00147682EA0170201822
B1032054206007N00147676EA0170301826
B1032064206009N00147670EA0170201827
B1032074206009N00147664EA0170501829
B1032084206009N00147658EA0170501830
B1032094206009N00147650EA0171401831
B1032104206010N00147642EA0171401832
B1032114206012N00147635EA0171601834
B1032124206014N00147628EA0171201836
B1032134206015N00147622EA0171401839
B1032144206015N00147616EA0171601840
B1032154206015N00147610EA0171601842
B1032164206013N00147604EA0171801842
B1032174206011N00147599EA0171801844
B1032184206009N00147595EA0172001844
B1032194206007N00147591EA0171401843
B1032204206005N00147586EA0171701843
B1032214206004N00147579EA0171401842
B1032224206003N00147570EA0172201842
B1032234206002N00147562EA0171701843
B1032244206000N00147556EA0172101846
B1032254205997N00147552EA0172401848
B1032264205994N00147549EA0172501850
B1032274205990N00147548EA0174101852
B1032284205987N00147546EA0172701854
B1032294205984N00147545EA0173401854
B1032304205980N00147543EA0173201854
B1032314205975N00147543EA0172601853
B1032324205970N00147542EA0173301853
B1032334205966N00147542EA0173101854
B1032344205962N00147540EA0173201855
B1032354205959N00147537EA0172901855
B1032364205955N00147532EA0172901854
B1032374205952N00147524EA0173801854
B1032384205949N00147517EA0173701855
B1032394205947N00147509EA0173701858
B1032404205946N00147503EA0173601861
B1032414205946N00147497EA0173801862
B1032424205946N00147490EA0173401863
B1032434205948N00147482EA0173301864
B1032444205951N00147474EA0174401864
B1032454205956N00147467EA0174201865
B1032464205961N00147462EA0174001866
B1032474205966N00147458EA0173501870
B1032484205970N00147454EA0174301872
B1032494205975N00147451EA0174101874
B1032504205981N00147448EA0174501875
B1032514205987N00147446EA0174501877
B1032524205992N00147445EA0175001879
B1032534205996N00147445EA0175201881
B1032544206000N00147447EA0175201882
B1032554206005N00147448EA0175401883
B1032564206011N00147447EA0174301883
B1032574206018N00147443EA0174901884
B1032584206023N00147435EA0175201884
B1032594206025N00147426EA0175101884
B1033004206027N00147419EA0175701885
B1033014206027N00147412EA0176401887
B1033024206027N00147406EA0176101889
B1033034206027N00147401EA0176101891
B1033044206026N00147395EA0175901891
B1033054206025N00147390EA0176701891
B1033064206023N00147384EA0176501891
B1033074206023N00147378EA0176401890
B1033084206024N00147371EA0176201889
B1033094206025N00147363EA0176501889
B1033104206027N00147355EA0176001888
B1033114206028N00147347EA0176601889
B1033124206029N00147340EA0176501890
B1033134206031N00147334EA0176901892
B1033144206033N00147327EA0176801892
B1033154206036N00147319EA0176501892
B1033164206040N00147311EA0176501892
B1033174206045N00147304EA0178101893
B1033184206050N00147299EA0177301895
B1033194206056N00147297EA0177601897
B1033204206062N00147296EA0177801899
B1033214206068N00147295EA0177601901
B1033224206072N00147293EA0177601905
B1033234206076N00147292EA0178201908
B1033244206079N00147290EA0178501909
B1033254206082N00147290EA0178501909
B1033264206086N00147291EA0177901906
B1033274206093N00147293EA0178001906
B1033284206099N00147294EA0178201907
B1033294206104N00147297EA0178601909
B1033304206107N00147301EA0178801910
B1033314206110N00147306EA0178401911
B1033324206113N00147311EA0178501913
B1033334206116N00147317EA0178401915
B1033344206119N00147322EA0179401919
B1033354206119N00147327EA0179401922
B1033364206119N00147332EA0179201924
B1033374206119N00147338EA0179101925
B1033384206118N00147343EA0179701926
B1033394206118N00147348EA0179601928
B1033404206117N00147353EA0180501930
B1033414206115N00147358EA0180101931
B1033424206113N00147364EA0179901932
B1033434206110N00147369EA0180601933
B1033444206108N00147372EA0181001936
B1033454206106N00147375EA0180501939
B1033464206104N00147377EA0181001941
B1033474206103N00147381EA0181101942
B1033484206101N00147385EA0181101943
B1033494206098N00147390EA0181201943
B1033504206096N00147395EA0181301943
B1033514206094N00147400EA0181601944
B1033524206091N00147404EA0181601946
B1033534206088N00147406EA0181701947
B1033544206085N00147409EA0182001949
B1033554206083N00147410EA0182001950
B1033564206080N00147412EA0182101951
B1033574206076N00147414EA0182001951
B1033584206072N00147415EA0181401951
B1033594206068N00147416EA0182201951
B1034004206064N00147417EA0181201950
B1034014206060N00147417EA0181301949
B1034024206056N00147419EA0181501948
B1034034206052N00147422EA0181501946
B1034044206049N00147426EA0180901945
B1034054206046N00147431EA0181101944
B1034064206044N00147436EA0179501943
B1034074206043N00147441EA0181401942
B1034084206041N00147447EA0181201941
B1034094206042N00147454EA0181101938
B1034104206043N00147462EA0180301936
B1034114206045N00147468EA0179701938
B1034124206047N00147474EA0181201940
B1034134206049N00147477EA0181401941
B1034144206051N00147481EA0181101941
B1034154206055N00147487EA0180101940
B1034164206059N00147493EA0180701938
B1034174206063N00147500EA0181501937
B1034184206065N00147507EA0180601941
B1034194206066N00147512EA0181301943
B1034204206066N00147517EA0181101945
B1034214206066N00147521EA0181301947
B1034224206067N00147525EA0181101949
B1034234206067N00147529EA0181601949
B1034244206068N00147534EA0181401950
B1034254206070N00147540EA0181501950
B1034264206072N00147546EA0181701950
B1034274206075N00147552EA0182001951
B1034284206078N00147557EA0181601953
B1034294206081N00147562EA0181901955
B1034304206083N00147567EA0182101956
B1034314206085N00147572EA0182301957
B1034324206087N00147578EA0182701958
B1034334206088N00147583EA0182201959
B1034344206088N00147589EA0182801960
B1034354206087N00147594EA0183101961
B1034364206086N00147598EA0183001962
B1034374206084N00147601EA0182901963
B1034384206082N00147604EA0183201965
B1034394206080N00147606EA0183301966
B1034404206078N00147608EA0183301967
B1034414206076N00147611EA0183501969
B1034424206074N00147613EA0183901970
B1034434206072N00147614EA0184001971
B1034444206069N00147614EA0183901972
B1034454206066N00147613EA0184201972
B1034464206063N00147610EA0184001974
B1034474206061N00147606EA0183901975
B1034484206060N00147601EA0183901976
B1034494206060N00147595EA0184301975
B1034504206060N00147587EA0183901974
B1034514206061N00147579EA0184001973
B1034524206063N00147570EA0184201974
B1034534206067N00147563EA0184201974
B1034544206070N00147556EA0184301976
B1034554206075N00147551EA0183801976
B1034564206080N00147545EA0184101975
B1034574206087N00147540EA0184001974
B1034584206094N00147536EA0184101974
B1034594206102N00147534EA0184101974
B1035004206110N00147535EA0184501975
B1035014206117N00147535EA0184201977
B1035024206123N00147537EA0184301979
B1035034206129N00147539EA0184401980
B1035044206136N00147543EA0184401981
B1035054206142N00147548EA0185301981
B1035064206147N00147553EA0185001984
B1035074206152N00147557EA0185101988
B1035084206156N00147560EA0185101992
B1035094206159N00147564EA0185601996
B1035104206163N00147567EA0186002000
B1035114206168N00147570EA0186502002
B1035124206174N00147573EA0187002005
B1035134206178N00147578EA0187302010
B1035144206182N00147582EA0187602015
B1035154206184N00147586EA0187802019
B1035164206186N00147590EA0187802022
B1035174206187N00147594EA0188702023
B1035184206188N00147600EA0188402024
B1035194206188N00147605EA0188602025
B1035204206187N00147610EA0189002027
B1035214206184N00147614EA0188902029
B1035224206181N00147616EA0189702032
B1035234206178N00147615EA0189602034
B1035244206175N00147613EA0190102038
B1035254206173N00147610EA0190402041
B1035264206172N00147606EA0190502044
B1035274206172N00147600EA0190902046
B1035284206173N00147593EA0191102047
B1035294206173N00147585EA0190902049
B1035304206174N00147576EA0191302052
B1035314206176N00147569EA0191802055
B1035324206178N00147562EA0192102059
B1035334206182N00147556EA0192302063
B1035344206185N00147550EA0193002065
B1035354206190N00147545EA0192902068
B1035364206195N00147540EA0193202071
B1035374206201N00147536EA0193802074
B1035384206207N00147532EA0193902078
B1035394206214N00147531EA0194402082
B1035404206220N00147531EA0194702086
B1035414206226N00147532EA0194902089
B1035424206231N00147535EA0195102092
B1035434206236N00147538EA0195202096
B1035444206240N00147541EA0196002100
B1035454206243N00147545EA0196302104
B1035464206244N00147548EA0196502106
B1035474206246N00147552EA0196302107
B1035484206248N00147557EA0196402107
B1035494206249N00147563EA0196602106
B1035504206250N00147569EA0196402107
B1035514206250N00147574EA0197002109
B1035524206249N00147578EA0196902113
B1035534206247N00147581EA0197202115
B1035544206245N00147584EA0197502118
B1035554206243N00147586EA0197702120
B1035564206240N00147588EA0197902121
B1035574206236N00147589EA0197902123
B1035584206233N00147589EA0198702126
B1035594206231N00147588EA0198702131
B1036004206229N00147588EA0198602133
B1036014206228N00147588EA0199002135
B1036024206225N00147589EA0199402135
B1036034206222N00147591EA0198202134
B1036044206219N00147593EA0199302134
B1036054206215N00147593EA0199202135
B1036064206211N00147590EA0199402136
B1036074206208N00147586EA0199302136
B1036084206204N00147582EA0199202137
B1036094206201N00147578EA0199802139
B1036104206198N00147574EA0199602140
B1036114206196N00147570EA0200002142
B1036124206194N00147565EA0200202143
B1036134206192N00147559EA0200002143
B1036144206189N00147553EA0199502144
B1036154206187N00147547EA0200302144
B1036164206185N00147540EA0200102144
B1036174206183N00147534EA0200202145
B1036184206181N00147527EA0199702145
B1036194206180N00147521EA0200102144
B1036204206178N00147513EA0200202143
B1036214206177N00147506EA0199602141
B1036224206176N00147500EA0198802139
B1036234206175N00147493EA0199102136
B1036244206173N00147485EA0198802133
B1036254206172N00147477EA0199002131
B1036264206171N00147468EA0199002128
B1036274206170N00147458EA0198202125
B1036284206168N00147451EA0198302125
B1036294206166N00147445EA0198202124
B1036304206164N00147439EA0197902122
B1036314206162N00147434EA0197502120
B1036324206160N00147429EA0196802117
B1036334206158N00147423EA0197502115
B1036344206157N00147416EA0197402112
B1036354206156N00147409EA0197302110
B1036364206156N00147402EA0196702108
B1036374206157N00147396EA0196102105
B1036384206156N00147389EA0196302103
B1036394206156N00147382EA0195902100
B1036404206156N00147376EA0195602098
B1036414206156N00147369EA0195602095
B1036424206156N00147361EA0194902092
B1036434206156N00147353EA0195202091
B1036444206155N00147345EA0194802090
B1036454206154N00147337EA0194902090
B1036464206154N00147330EA0194702089
B1036474206154N00147322EA0194302088
B1036484206154N00147313EA0194602086
B1036494206156N00147305EA0194202086
B1036504206158N00147298EA0194002085
B1036514206159N00147291EA0194102085
B1036524206161N00147285EA0193502084
B1036534206163N00147279EA0193802082
B1036544206166N00147272EA0192902080
B1036554206167N00147264EA0193202076
B1036564206169N00147255EA0193102075
B1036574206169N00147246EA0193702073
B1036584206169N00147238EA0193202072
B1036594206170N00147230EA0192902070
B1037004206170N00147223EA0192502068
B1037014206169N00147214EA0191802065
B1037024206168N00147205EA0191902061
B1037034206166N00147196EA0192002058
B1037044206164N00147187EA0191502055
B1037054206163N00147178EA0191402052
B1037064206161N00147169EA0190802050
B1037074206159N00147161EA0190602048
B1037084206157N00147152EA0190702044
B1037094206155N00147143EA0189502041
B1037104206154N00147135EA0190202038
B1037114206152N00147128EA0190102037
B1037124206151N00147121EA0189502036
B1037134206151N00147114EA0189202033
B1037144206151N00147105EA0189402030
B1037154206152N00147096EA0189202026
B1037164206154N00147088EA0189002023
B1037174206155N00147080EA0188702022
B1037184206155N00147072EA0188402020
B1037194206156N00147066EA0188402017
B1037204206156N00147057EA0188302014
B1037214206157N00147049EA0187902011
B1037224206159N00147040EA0187102007
B1037234206159N00147031EA0187402006
B1037244206160N00147022EA0187602005
B1037254206160N00147014EA0187602004
B1037264206160N00147006EA0186702002
B1037274206161N00146997EA0186702000
B1037284206161N00146987EA0187001998
B1037294206161N00146979EA0186801996
B1037304206160N00146970EA0186301994
B1037314206159N00146961EA0185901992
B1037324206158N00146952EA0185601989
B1037334206157N00146943EA0186101988
B1037344206156N00146934EA0186101988
B1037354206156N00146926EA0186201987
B1037364206157N00146918EA0186601988
B1037374206159N00146911EA0187101990
B1037384206162N00146904EA0186301990
B1037394206163N00146897EA0185801990
B1037404206163N00146891EA0185901989
B1037414206162N00146885EA0184801986
B1037424206160N00146879EA0185501983
B1037434206160N00146873EA0185401980
B1037444206159N00146867EA0184701977
B1037454206158N00146859EA0184901976
B1037464206157N00146852EA0184601974
B1037474206156N00146846EA0185101975
B1037484206156N00146840EA0184501976
B1037494206155N00146834EA0184701976
B1037504206155N00146828EA0184801977
B1037514206154N00146823EA0184401976
B1037524206153N00146817EA0184701975
B1037534206153N00146812EA0184101974
B1037544206153N00146806EA0184101972
B1037554206153N00146799EA0184001969
B1037564206152N00146792EA0183701965
B1037574206151N00146785EA0183301962
B1037584206149N00146778EA0183301959
B1037594206147N00146771EA0183201958
B1038004206145N00146764EA0183201957
B1038014206144N00146757EA0183301958
B1038024206143N00146751EA0182901958
B1038034206141N00146744EA0183001957
B1038044206140N00146738EA0182401956
B1038054206139N00146731EA0182501954
B1038064206138N00146725EA0182401952
B1038074206137N00146718EA0182001950
B1038084206136N00146712EA0181801948
B1038094206135N00146706EA0181801945
B1038104206133N00146699EA0181501943
B1038114206131N00146692EA0181401941
B1038124206130N00146685EA0181201939
B1038134206129N00146679EA0181701938
B1038144206128N00146672EA0181101937
B1038154206128N00146666EA0181201935
B1038164206128N00146659EA0180501932
B1038174206127N00146651EA0180401928
B1038184206126N00146642EA0180101925
B1038194206126N00146635EA0180101925
B1038204206126N00146628EA0180001923
B1038214206125N00146622EA0180101922
B1038224206124N00146616EA0179901920
B1038234206123N00146610EA0179501918
B1038244206120N00146603EA0179101914
B1038254206118N00146595EA0179601911
B1038264206115N00146588EA0178901908
B1038274206112N00146581EA0178601909
B1038284206109N00146574EA0178601910
B1038294206106N00146567EA0178701910
B1038304206104N00146560EA0178401909
B1038314206101N00146551EA0178701909
B1038324206099N00146543EA0178401908
B1038334206097N00146535EA0178701909
B1038344206096N00146527EA0179201910
B1038354206095N00146519EA0178701910
B1038364206094N00146511EA0178601909
B1038374206093N00146501EA0178101908
B1038384206092N00146491EA0178701907
B1038394206093N00146480EA0178901909
B1038404206094N00146471EA0179101911
B1038414206095N00146463EA0179501914
B1038424206096N00146455EA0180001917
B1038434206096N00146448EA0179901919
B1038444206095N00146440EA0179801920
B1038454206093N00146432EA0180401921
B1038464206090N00146423EA0180201922
B1038474206086N00146414EA0180601925
B1038484206083N00146408EA0181001931
B1038494206079N00146405EA0181001935
B1038504206076N00146405EA0182001937
B1038514206074N00146406EA0182301941
B1038524206074N00146409EA0182101943
B1038534206074N00146412EA0182501946
B1038544206077N00146417EA0182301949
B1038554206081N00146421EA0182701950
B1038564206086N00146421EA0183001952
B1038574206092N00146421EA0182901955
B1038584206098N00146417EA0183301957
B1038594206103N00146412EA0183801960
B1039004206107N00146404EA0183901961
B1039014206110N00146395EA0184201961
B1039024206113N00146385EA0184201964
B1039034206113N00146374EA0184301967
B1039044206112N00146363EA0185301971
B1039054206110N00146355EA0184501976
B1039064206108N00146348EA0185101980
B1039074206105N00146344EA0185601984
B1039084206103N00146340EA0185701985
B1039094206100N00146337EA0185701985
B1039104206097N00146333EA0185301985
B1039114206094N00146328EA0185701984
B1039124206090N00146320EA0185701984
B1039134206088N00146311EA0185601985
B1039144206087N00146303EA0186501986
B1039154206085N00146296EA0185501989
B1039164206084N00146289EA0186501992
B1039174206084N00146282EA0187001994
B1039184206084N00146274EA0187001995
B1039194206086N00146267EA0186901996
B1039204206088N00146260EA0187101997
B1039214206091N00146254EA0187502000
B1039224206095N00146248EA0187102001
B1039234206100N00146242EA0187302003
B1039244206105N00146237EA0187702003
B1039254206112N00146232EA0187802004
B1039264206117N00146227EA0188802006
B1039274206122N00146222EA0188602011
B1039284206126N00146218EA0189002017
B1039294206131N00146215EA0189002020
B1039304206137N00146213EA0188802022
B1039314206143N00146212EA0189502023
B1039324206150N00146212EA0189802025
B1039334206155N00146214EA0190202027
B1039344206160N00146216EA0189902030
B1039354206163N00146217EA0189702032
B1039364206167N00146219EA0189202035
B1039374206172N00146221EA0190002035
B1039384206176N00146224EA0190302035
B1039394206181N00146227EA0190902037
B1039404206184N00146230EA0190402040
B1039414206187N00146233EA0190402042
B1039424206188N00146236EA0191102044
B1039434206189N00146239EA0190902045
B1039444206189N00146243EA0191702046
B1039454206190N00146248EA0191302047
B1039464206193N00146251EA0191502049
B1039474206195N00146254EA0192002051
B1039484206196N00146256EA0192002053
B1039494206196N00146259EA0191702054
B1039504206195N00146262EA0191802055
B1039514206193N00146265EA0192202057
B1039524206192N00146268EA0192602059
B1039534206192N00146271EA0192702062
B1039544206192N00146274EA0192902064
B1039554206191N00146276EA0192802066
B1039564206191N00146279EA0193102066
B1039574206190N00146282EA0193602067
B1039584206188N00146284EA0193102067
B1039594206186N00146287EA0192402068
B1040004206184N00146289EA0193202069
B1040014206182N00146290EA0193402070
B1040024206181N00146292EA0193402071
B1040034206179N00146293EA0193702071
B1040044206178N00146295EA0192802069
B1040054206177N00146298EA0192602066
B1040064206175N00146303EA0192602064
B1040074206173N00146307EA0192102063
B1040084206170N00146309EA0193802061
B1040094206167N00146309EA0191602061
B1040104206164N00146310EA0191902061
B1040114206162N00146312EA0192602061
B1040124206159N00146314EA0192802061
B1040134206156N00146315EA0193102061
B1040144206152N00146316EA0192502061
B1040154206149N00146316EA0192002061
B1040164206145N00146316EA0192202064
B1040174206143N00146315EA0193302066
B1040184206140N00146313EA0193702068
B1040194206137N00146309EA0193002069
B1040204206133N00146305EA0192502070
B1040214206129N00146302EA0194202073
B1040224206126N00146299EA0194602077
B1040234206123N00146296EA0195102081
B1040244206121N00146292EA0195302085
B1040254206119N00146288EA0194802089
B1040264206117N00146286EA0194902091
B1040274206115N00146283EA0195802092
B1040284206112N00146280EA0196002094
B1040294206109N00146276EA0195902095
B1040304206107N00146270EA0195802096
B1040314206105N00146264EA0195502096
B1040324206103N00146258EA0195902097
B1040334206102N00146251EA0195902098
B1040344206101N00146243EA0195102098
B1040354206100N00146236EA0195802099
B1040364206099N00146229EA0196302099
B1040374206098N00146222EA0197002100
B1040384206098N00146215EA0196002100
B1040394206099N00146208EA0195202099
B1040404206099N00146200EA0195302099
B1040414206099N00146191EA0195202097
B1040424206099N00146182EA0195302097
B1040434206100N00146174EA0195202096
B1040444206102N00146166EA0195402097
B1040454206104N00146159EA0196002098
B1040464206105N00146152EA0195002099
B1040474206108N00146144EA0196102099
B1040484206110N00146136EA0195702099
B1040494206114N00146128EA0196702100
B1040504206117N00146120EA0195402101
B1040514206120N00146112EA0196202103
B1040524206122N00146104EA0196402104
B1040534206125N00146097EA0195702105
B1040544206129N00146090EA0196102104
B1040554206133N00146083EA0196402103
B1040564206137N00146076EA0196202103
B1040574206141N00146069EA0195902101
B1040584206144N00146060EA0195602098
B1040594206146N00146050EA0195202095
B1041004206146N00146040EA0195202092
B1041014206145N00146029EA0195102091
B1041024206145N00146021EA0195502092
B1041034206143N00146014EA0195402093
B1041044206140N00146009EA0195302092
B1041054206136N00146006EA0194802088
B1041064206132N00146002EA0194902085
B1041074206129N00145997EA0195202087
B1041084206128N00145991EA0195002088
B1041094206127N00145984EA0194402086
B1041104206126N00145977EA0194402085
B1041114206125N00145971EA0194502084
B1041124206125N00145965EA0194702083
B1041134206127N00145957EA0193502081
B1041144206130N00145950EA0194002080
B1041154206133N00145944EA0194202079
B1041164206137N00145937EA0193802079
B1041174206140N00145932EA0193302079
B1041184206143N00145926EA0193702079
B1041194206147N00145920EA0192602077
B1041204206153N00145915EA0193302076
B1041214206160N00145913EA0194202074
B1041224206167N00145912EA0192602072
B1041234206173N00145912EA0192502072
B1041244206179N00145911EA0192302070
B1041254206185N00145909EA0192102069
B1041264206191N00145907EA0192202067
B1041274206197N00145904EA0192002063
B1041284206203N00145901EA0190902059
B1041294206209N00145896EA0191602057
B1041304206214N00145891EA0190702056
B1041314206217N00145885EA0191802053
B1041324206219N00145879EA0190802051
B1041334206219N00145873EA0190502048
B1041344206217N00145867EA0190702045
B1041354206214N00145862EA0191302042
B1041364206211N00145856EA0191102042
B1041374206207N00145852EA0190802043
B1041384206203N00145848EA0190302042
B1041394206199N00145846EA0190502040
B1041404206194N00145844EA0190202038
B1041414206189N00145842EA0190202035
B1041424206184N00145842EA0190102031
B1041434206179N00145844EA0188702027
B1041444206175N00145847EA0188702023
B1041454206172N00145852EA0189602018
B1041464206167N00145855EA0188902014
B1041474206163N00145858EA0188402012
B1041484206158N00145863EA0187802011
B1041494206155N00145870EA0188402009
B1041504206154N00145877EA0188002009
B1041514206153N00145883EA0187402011
B1041524206152N00145888EA0188202012
B1041534206150N00145893EA0188202012
B1041544206148N00145899EA0187502010
B1041554206147N00145907EA0186502008
B1041564206148N00145916EA0187102006
B1041574206148N00145923EA0188002006
B1041584206148N00145929EA0187402009
B1041594206147N00145934EA0188002009
B1042004206147N00145939EA0186702010
B1042014206147N00145945EA0186602009
B1042024206147N00145952EA0187202008
B1042034206146N00145960EA0187302008
B1042044206145N00145966EA0188202008
B1042054206144N00145972EA0187302008
B1042064206144N00145978EA0187002007
B1042074206144N00145985EA0188602007
B1042084206144N00145992EA0186702006
B1042094206144N00146000EA0186602005
B1042104206145N00146008EA0187602005
B1042114206146N00146014EA0186802007
B1042124206147N00146019EA0188002008
B1042134206147N00146024EA0187202008
B1042144206147N00146029EA0186702007
B1042154206147N00146035EA0187502006
B1042164206146N00146042EA0187202005
B1042174206145N00146048EA0187502005
B1042184206143N00146054EA0187202005
B1042194206141N00146060EA0186402005
B1042204206139N00146066EA0186702003
B1042214206138N00146072EA0187202001
B1042224206137N00146078EA0186801999
B1042234206135N00146084EA0186001997
B1042244206133N00146090EA0187001996
B1042254206132N00146096EA0186401995
B1042264206131N00146101EA0186401995
B1042274206131N00146105EA0186601995
B1042284206131N00146111EA0186401993
B1042294206130N00146117EA0186101992
B1042304206130N00146123EA0185801991
B1042314206131N00146130EA0186501991
B1042324206132N00146135EA0186601992
B1042334206134N00146141EA0187001994
B1042344206136N00146146EA0186601995
B1042354206137N00146152EA0187101997
B1042364206139N00146157EA0187401998
B1042374206140N00146162EA0187102000
B1042384206141N00146166EA0186702001
B1042394206142N00146172EA0187502001
B1042404206143N00146178EA0187202000
B1042414206145N00146185EA0186401999
B1042424206146N00146192EA0187701999
B1042434206147N00146198EA0187202000
B1042444206148N00146204EA0187002002
B1042454206150N00146209EA0186102003
B1042464206152N00146214EA0186702003
B1042474206154N00146219EA0187302003
B1042484206155N00146225EA0187802003
B1042494206154N00146231EA0187502002
B1042504206153N00146237EA0186802002
B1042514206153N00146242EA0186602003
B1042524206154N00146247EA0186902005
B1042534206154N00146250EA0187602007
B1042544206154N00146253EA0187802008
B1042554206152N00146255EA0186102007
B1042564206149N00146259EA0187102006
B1042574206146N00146261EA0187302005
B1042584206141N00146260EA0187002005
B1042594206137N00146257EA0187502005
B1043004206134N00146254EA0187302005
B1043014206131N00146251EA0186902010
B1043024206128N00146250EA0187402011
B1043034206125N00146249EA0187502010
B1043044206121N00146249EA0187202010
B1043054206117N00146249EA0187102009
B1043064206112N00146251EA0187902008
B1043074206109N00146253EA0187602009
B1043084206107N00146257EA0187702009
B1043094206106N00146260EA0187502009
B1043104206106N00146265EA0187802007
B1043114206106N00146270EA0187402006
B1043124206107N00146275EA0187602005
B1043134206108N00146280EA0187802004
B1043144206110N00146286EA0187402002
B1043154206112N00146292EA0187002000
B1043164206116N00146298EA0187101998
B1043174206121N00146303EA0186801997
B1043184206126N00146307EA0186401995
B1043194206131N00146310EA0186901993
B1043204206136N00146312EA0186601991
B1043214206141N00146313EA0186401988
B1043224206148N00146312EA0185801983
B1043234206155N00146309EA0185101978
B1043244206161N00146302EA0185601974
B1043254206166N00146296EA0185301971
B1043264206170N00146288EA0185201972
B1043274206173N00146282EA0184801971
B1043284206176N00146276EA0185001970
B1043294206178N00146268EA0184501968
B1043304206179N00146258EA0183801965
B1043314206179N00146249EA0184501964
B1043324206179N00146241EA0184701964
B1043334206179N00146232EA0184801964
B1043344206180N00146224EA0184601965
B1043354206180N00146215EA0184001965
B1043364206180N00146206EA0184201964
B1043374206180N00146197EA0184601965
B1043384206179N00146190EA0184701966
B1043394206178N00146183EA0184801969
B1043404206178N00146177EA0185101970
B1043414206177N00146170EA0184501970
B1043424206175N00146162EA0184601968
B1043434206173N00146155EA0184601967
B1043444206169N00146149EA0184101966
B1043454206165N00146144EA0185601968
B1043464206162N00146140EA0184901969
B1043474206159N00146137EA0184601969
B1043484206155N00146135EA0184801969
B1043494206151N00146133EA0184701968
B1043504206147N00146134EA0184501967
B1043514206143N00146136EA0184401966
B1043524206141N00146138EA0184801966
B1043534206139N00146142EA0184601966
B1043544206137N00146145EA0183901966
B1043554206137N00146149EA0184701965
B1043564206137N00146153EA0184401964
B1043574206137N00146159EA0183601962
B1043584206136N00146164EA0183801962
B1043594206136N00146168EA0183901962
B1044004206136N00146173EA0184101962
B1044014206137N00146179EA0184101960
B1044024206138N00146185EA0183701958
B1044034206138N00146191EA0183801957
B1044044206139N00146196EA0183701956
B1044054206139N00146202EA0182601955
B1044064206138N00146207EA0183301955
B1044074206138N00146213EA0183101954
B1044084206138N00146218EA0183001952
B1044094206138N00146224EA0183101951
B1044104206137N00146229EA0183001949
B1044114206137N00146235EA0182801948
B1044124206138N00146240EA0182801946
B1044134206139N00146246EA0182701945
B1044144206142N00146251EA0182201944
B1044154206143N00146257EA0182201943
B1044164206145N00146262EA0181901941
B1044174206147N00146267EA0182001939
B1044184206148N00146272EA0181701938
B1044194206150N00146278EA0181701936
B1044204206151N00146283EA0181601935
B1044214206152N00146289EA0181601934
B1044224206152N00146294EA0181201934
B1044234206153N00146298EA0181301932
B1044244206154N00146303EA0180901930
B1044254206154N00146308EA0181101929
B1044264206154N00146314EA0180901927
B1044274206153N00146320EA0180901926
B1044284206152N00146325EA0180801926
B1044294206151N00146329EA0180901927
B1044304206151N00146334EA0180801927
B1044314206149N00146338EA0180901927
B1044324206148N00146342EA0181301927
B1044334206146N00146345EA0181101928
B1044344206146N00146348EA0180901929
B1044354206146N00146351EA0181201930
B1044364206145N00146354EA0181401930
B1044374206144N00146357EA0181001930
B1044384206143N00146361EA0181401930
B1044394206142N00146365EA0181401930
B1044404206142N00146370EA0181401931
B1044414206142N00146375EA0182301932
B1044424206142N00146379EA0181501933
B1044434206142N00146384EA0181701933
B1044444206143N00146389EA0181601933
B1044454206144N00146394EA0182301933
B1044464206145N00146399EA0181701932
B1044474206145N00146405EA0181001931
B1044484206144N00146411EA0181301930
B1044494206144N00146417EA0181001928
B1044504206144N00146423EA0180901928
B1044514206144N00146429EA0180701928
B1044524206144N00146433EA0180401927
B1044534206143N00146437EA0180401926
B1044544206142N00146441EA0180601923
B1044554206141N00146446EA0180201921
B1044564206140N00146451EA0179901919
B1044574206139N00146457EA0180001918
B1044584206138N00146461EA0180301916
B1044594206137N00146466EA0180001915
B1045004206136N00146471EA0179201914
B1045014206135N00146476EA0179501913
B1045024206133N00146482EA0179801913
B1045034206132N00146487EA0179701913
B1045044206132N00146492EA0179501914
B1045054206133N00146497EA0180101915
B1045064206135N00146502EA0180501915
B1045074206135N00146506EA0180401917
B1045084206135N00146510EA0179701919
B1045094206134N00146513EA0180201919
B1045104206134N00146518EA0180301920
B1045114206134N00146521EA0180701922
B1045124206135N00146525EA0180901924
B1045134206136N00146529EA0180501926
B1045144206137N00146532EA0180601926
B1045154206138N00146536EA0179701925
B1045164206140N00146542EA0180401922
B1045174206140N00146550EA0180001922
B1045184206140N00146556EA0180001921
B1045194206140N00146562EA0179801921
B1045204206140N00146567EA0179501920
B1045214206139N00146572EA0180001919
B1045224206139N00146577EA0179501918
B1045234206139N00146583EA0179301915
B1045244206138N00146590EA0178901912
B1045254206138N00146596EA0178801910
B1045264206137N00146603EA0178601908
B1045274206136N00146609EA0178401907
B1045284206136N00146615EA0178701905
B1045294206135N00146622EA0178001903
B1045304206135N00146628EA0178001902
B1045314206134N00146635EA0177901899
B1045324206134N00146641EA0177901898
B1045334206133N00146647EA0176901896
B1045344206133N00146653EA0177301894
B1045354206133N00146660EA0176901891
B1045364206133N00146667EA0177101889
B1045374206134N00146674EA0177001887
B1045384206134N00146681EA0176301886
B1045394206134N00146688EA0176201885
B1045404206134N00146695EA0176801884
B1045414206134N00146703EA0176401883
B1045424206136N00146711EA0175701881
B1045434206138N00146719EA0175601879
B1045444206141N00146727EA0175601876
B1045454206142N00146736EA0175401874
B1045464206142N00146743EA0175801872
B1045474206142N00146751EA0174701870
B1045484206142N00146758EA0174301868
B1045494206144N00146765EA0174701866
B1045504206144N00146771EA0174201864
B1045514206145N00146779EA0174401861
B1045524206145N00146786EA0173401858
B1045534206146N00146794EA0173001854
B1045544206147N00146803EA0172901851
B1045554206148N00146813EA0173001849
B1045564206148N00146821EA0174401849
B1045574206148N00146828EA0173501850
B1045584206148N00146833EA0173401853
B1045594206148N00146838EA0173401854
B1046004206148N00146843EA0173101854
B1046014206148N00146848EA0172901853
B1046024206149N00146854EA0172601851
B1046034206149N00146860EA0172101848
B1046044206149N00146866EA0173601845
B1046054206149N00146873EA0172601843
B1046064206149N00146880EA0172301842
B1046074206149N00146886EA0171901842
B1046084206149N00146891EA0171901840
B1046094206148N00146897EA0171301838
B1046104206148N00146902EA0172001835
B1046114206147N00146909EA0171401833
B1046124206147N00146916EA0171401832
B1046134206147N00146922EA0171101831
B1046144206146N00146926EA0170501830
B1046154206145N00146930EA0171801828
B1046164206144N00146936EA0170101826
B1046174206142N00146942EA0170501822
B1046184206142N00146948EA0170501821
B1046194206141N00146953EA0170401820
B1046204206140N00146959EA0170101819
B1046214206139N00146964EA0170101819
B1046224206139N00146969EA0170001818
B1046234206138N00146975EA0170801817
B1046244206138N00146981EA0170401817
B1046254206138N00146987EA0169201817
B1046264206139N00146993EA0169701817
B1046274206140N00146998EA0169901817
B1046284206141N00147004EA0169201816
B1046294206143N00147009EA0169601814
B1046304206144N00147016EA0169801813
B1046314206144N00147023EA0169601812
B1046324206145N00147030EA0169501812
B1046334206145N00147037EA0169201812
B1046344206146N00147043EA0169601812
B1046354206146N00147049EA0169701812
B1046364206147N00147054EA0169501813
B1046374206147N00147059EA0169801813
B1046384206147N00147064EA0169401814
B1046394206148N00147070EA0169401813
B1046404206149N00147077EA0169301812
B1046414206150N00147083EA0169801814
B1046424206151N00147088EA0169301814
B1046434206153N00147093EA0169801815
B1046444206155N00147098EA0169801815
B1046454206157N00147103EA0170001813
B1046464206160N00147111EA0170201812
B1046474206163N00147118EA0170401812
B1046484206166N00147124EA0170101813
B1046494206169N00147130EA0169901814
B1046504206172N00147136EA0170301814
B1046514206174N00147144EA0170201815
B1046524206176N00147152EA0171001815
B1046534206177N00147159EA0170301818
B1046544206178N00147165EA0170601819
B1046554206177N00147171EA0171101820
B1046564206176N00147176EA0170101818
B1046574206175N00147181EA0170401817
B1046584206174N00147187EA0169901815
B1046594206174N00147194EA0170201813
B1047004206174N00147202EA0169801811
B1047014206175N00147210EA0170501810
B1047024206176N00147217EA0170401810
B1047034206178N00147224EA0168401809
B1047044206180N00147231EA0169701807
B1047054206182N00147238EA0170301805
B1047064206184N00147246EA0169801803
B1047074206184N00147254EA0169501801
B1047084206185N00147261EA0169201800
B1047094206185N00147268EA0168201799
B1047104206187N00147275EA0169101797
B1047114206189N00147283EA0168701794
B1047124206191N00147290EA0168401793
B1047134206191N00147299EA0167801791
B1047144206192N00147307EA0168101789
B1047154206193N00147315EA0167301789
B1047164206194N00147323EA0168001788
B1047174206195N00147331EA0168001788
B1047184206196N00147338EA0169201788
B1047194206196N00147345EA0168701788
B1047204206196N00147353EA0168001788
B1047214206197N00147360EA0168001787
B1047224206197N00147368EA0168201787
B1047234206198N00147376EA0167901788
B1047244206197N00147384EA0168201788
B1047254206197N00147391EA0168601789
B1047264206196N00147398EA0168801789
B1047274206195N00147405EA0168501789
B1047284206196N00147412EA0168301789
B1047294206197N00147419EA0168401788
B1047304206200N00147426EA0167301787
B1047314206202N00147433EA0167301785
B1047324206203N00147442EA0168201783
B1047334206203N00147450EA0168101782
B1047344206204N00147458EA0167001783
B1047354206205N00147464EA0167101782
B1047364206207N00147470EA0167101782
B1047374206209N00147477EA0167201781
B1047384206211N00147485EA0167101780
B1047394206213N00147493EA0166701779
B1047404206215N00147501EA0166601778
B1047414206216N00147508EA0166401779
B1047424206217N00147514EA0166301780
B1047434206218N00147521EA0167201779
B1047444206218N00147528EA0166401778
B1047454206219N00147537EA0166101776
B1047464206221N00147545EA0166301776
B1047474206224N00147553EA0166501778
B1047484206226N00147559EA0166601780
B1047494206227N00147565EA0166901782
B1047504206228N00147571EA0167001782
B1047514206230N00147577EA0166701780
B1047524206231N00147585EA0166601777
B1047534206233N00147594EA0165601775
B1047544206235N00147603EA0166601773
B1047554206236N00147610EA0166701773
B1047564206237N00147616EA0166001772
B1047574206239N00147622EA0164101771
B1047584206241N00147629EA0164601768
B1047594206244N00147637EA0165001765
B1048004206246N00147645EA0165801762
B1048014206248N00147653EA0165201761
B1048024206250N00147659EA0164201760
B1048034206253N00147664EA0164201758
B1048044206256N00147670EA0164301756
B1048054206258N00147677EA0164701753
B1048064206260N00147684EA0162801750
B1048074206262N00147692EA0163001747
B1048084206264N00147699EA0162901744
B1048094206266N00147706EA0162801743
B1048104206268N00147713EA0164101742
B1048114206269N00147719EA0162701740
B1048124206270N00147724EA0161501736
B1048134206271N00147731EA0161801733
B1048144206273N00147739EA0161001729
B1048154206274N00147749EA0161301728
B1048164206274N00147758EA0162601727
B1048174206272N00147765EA0162101728
B1048184206269N00147771EA0162401731
B1048194206267N00147775EA0162401733
B1048204206266N00147780EA0162001734
B1048214206265N00147786EA0162501734
B1048224206266N00147793EA0162101735
B1048234206266N00147799EA0162701736
B1048244206268N00147805EA0163701737
B1048254206271N00147812EA0162701738
B1048264206274N00147819EA0163901738
B1048274206276N00147825EA0163201740
B1048284206279N00147830EA0162601742
B1048294206280N00147835EA0163801745
B1048304206281N00147840EA0163501747
B1048314206283N00147844EA0163601749
B1048324206286N00147849EA0164101751
B1048334206288N00147853EA0164101752
B1048344206289N00147858EA0164301754
B1048354206289N00147861EA0164401756
B1048364206288N00147864EA0164501757
B1048374206287N00147866EA0164901758
B1048384206285N00147869EA0165201759
B1048394206283N00147870EA0164601760
B1048404206280N00147870EA0164701760
B1048414206278N00147870EA0164501762
B1048424206275N00147868EA0164701763
B1048434206274N00147865EA0164701763
B1048444206272N00147862EA0164901763
B1048454206270N00147858EA0163501763
B1048464206268N00147854EA0164501762
B1048474206266N00147849EA0164201761
B1048484206263N00147844EA0164201760
B1048494206262N00147838EA0164801760
B1048504206260N00147833EA0164201760
B1048514206259N00147829EA0163901759
B1048524206258N00147825EA0164201758
B1048534206256N00147819EA0163401757
B1048544206254N00147814EA0164001755
B1048554206253N00147808EA0163601753
B1048564206251N00147802EA0162201751
B1048574206250N00147795EA0163601748
B1048584206248N00147788EA0163601746
B1048594206247N00147781EA0163301745
B1049004206246N00147774EA0163001745
B1049014206245N00147769EA0162601745
B1049024206245N00147763EA0163201745
B1049034206245N00147758EA0163201744
B1049044206244N00147753EA0162201742
B1049054206243N00147747EA0161001740
B1049064206240N00147741EA0163001737
B1049074206238N00147735EA0163101735
B1049084206236N00147729EA0162001734
B1049094206235N00147724EA0161501733
B1049104206233N00147719EA0161101731
B1049114206231N00147713EA0161501728
B1049124206229N00147708EA0161201725
B1049134206227N00147702EA0161001722
B1049144206225N00147697EA0160801721
B1049154206224N00147692EA0160801721
B1049164206224N00147687EA0160201721
B1049174206223N00147681EA0160501719
B1049184206221N00147674EA0160801716
B1049194206219N00147668EA0159901716
B1049204206217N00147664EA0159501717
B1049214206217N00147661EA0160701717
B1049224206216N00147659EA0159001714
B1049234206214N00147658EA0159501711
B1049244206211N00147654EA0158801708
B1049254206207N00147650EA0159001704
B1049264206203N00147646EA0158701703
B1049274206200N00147642EA0158001701
B1049284206198N00147638EA0158301699
B1049294206195N00147633EA0157001696
B1049304206193N00147626EA0157301692
B1049314206192N00147619EA0157701688
B1049324206190N00147612EA0156701687
B1049334206189N00147606EA0156501687
B1049344206188N00147601EA0156601686
B1049354206187N00147595EA0156601683
B1049364206187N00147588EA0156501679
B1049374206185N00147579EA0156001675
B1049384206184N00147570EA0156201673
B1049394206183N00147563EA0155601673
B1049404206182N00147557EA0156301673
B1049414206183N00147552EA0155801673
B1049424206183N00147545EA0154701672
B1049434206182N00147538EA0155301671
B1049444206181N00147531EA0156001670
B1049454206179N00147524EA0156101669
B1049464206177N00147517EA0154801669
B1049474206176N00147510EA0156501669
B1049484206175N00147504EA0155801670
B1049494206173N00147498EA0155601671
B1049504206171N00147492EA0155501671
B1049514206169N00147486EA0155101671
B1049524206167N00147481EA0155401670
B1049534206165N00147476EA0155101670
B1049544206163N00147470EA0155801669
B1049554206162N00147463EA0155101667
B1049564206160N00147456EA0155001665
B1049574206156N00147449EA0154901663
B1049584206153N00147442EA0155001662
B1049594206151N00147435EA0155001662
B1050004206150N00147428EA0154701662
B1050014206150N00147420EA0154601661
B1050024206150N00147412EA0154101661
B1050034206148N00147404EA0155001660
B1050044206146N00147396EA0154601659
B1050054206144N00147389EA0154101658
B1050064206142N00147382EA0154401658
B1050074206141N00147376EA0155001657
B1050084206140N00147369EA0154501657
B1050094206138N00147363EA0153201656
B1050104206137N00147356EA0155001655
B1050114206135N00147348EA0154201654
B1050124206134N00147340EA0153801653
B1050134206133N00147332EA0154001653
B1050144206132N00147324EA0154101654
B1050154206130N00147316EA0154301656
B1050164206129N00147309EA0154401657
B1050174206127N00147301EA0154601658
B1050184206126N00147294EA0154601659
B1050194206124N00147288EA0154701660
B1050204206122N00147282EA0154701661
B1050214206119N00147278EA0154501661
B1050224206115N00147275EA0155001661
B1050234206112N00147273EA0154801661
B1050244206109N00147272EA0154601662
B1050254206105N00147273EA0155001662
B1050264206103N00147276EA0155001661
B1050274206101N00147280EA0155101661
B1050284206101N00147286EA0154901661
B1050294206103N00147292EA0155001661
B1050304206105N00147298EA0155301661
B1050314206112N00147301EA0154401660
B1050324206120N00147302EA0155201659
B1050334206127N00147298EA0154101658
B1050344206132N00147289EA0155401656
B1050354206136N00147281EA0155401656
B1050364206138N00147273EA0155001657
B1050374206141N00147266EA0154901661
B1050384206142N00147260EA0154801662
B1050394206143N00147254EA0155201661
B1050404206143N00147247EA0154601662
B1050414206143N00147239EA0155201661
B1050424206142N00147230EA0154601661
B1050434206142N00147221EA0155701663
B1050444206141N00147213EA0156301665
B1050454206140N00147205EA0155401667
B1050464206138N00147200EA0155701669
B1050474206137N00147195EA0155801671
B1050484206135N00147191EA0155801671
B1050494206133N00147189EA0155801670
B1050504206129N00147187EA0155701669
B1050514206125N00147188EA0155501667
B1050524206121N00147190EA0155701667
B1050534206118N00147193EA0155701667
B1050544206116N00147196EA0155501668
B1050554206114N00147200EA0155901669
B1050564206113N00147204EA0156301670
B1050574206112N00147208EA0155901670
B1050584206111N00147212EA0156101669
B1050594206109N00147217EA0155801669
B1051004206108N00147222EA0155901669
B1051014206108N00147227EA0156001669
B1051024206108N00147232EA0155801669
B1051034206108N00147237EA0156001670
B1051044206108N00147241EA0156301671
B1051054206108N00147246EA0155801672
B1051064206109N00147250EA0156301672
B1051074206111N00147256EA0156101672
B1051084206113N00147261EA0157201672
B1051094206116N00147266EA0156501673
B1051104206118N00147270EA0156101673
B1051114206121N00147276EA0156201671
B1051124206123N00147283EA0156101669
B1051134206125N00147290EA0155901668
B1051144206127N00147298EA0156101667
B1051154206129N00147306EA0156001668
B1051164206131N00147313EA0156001670
B1051174206133N00147319EA0154901672
B1051184206135N00147324EA0155101672
B1051194206137N00147330EA0156201673
B1051204206138N00147335EA0156601673
B1051214206140N00147339EA0156201673
B1051224206142N00147345EA0156101670
B1051234206145N00147353EA0156201668
B1051244206147N00147360EA0155601667
B1051254206149N00147367EA0155301666
B1051264206150N00147374EA0155701666
B1051274206152N00147380EA0155401665
B1051284206154N00147386EA0154701664
B1051294206156N00147393EA0155401662
B1051304206158N00147401EA0154601660
B1051314206160N00147408EA0155801659
B1051324206161N00147415EA0155301659
B1051334206162N00147420EA0155201659
B1051344206163N00147425EA0154601657
B1051354206164N00147431EA0153801655
B1051364206166N00147439EA0155001651
B1051374206167N00147446EA0154301648
B1051384206168N00147453EA0154201647
B1051394206169N00147460EA0152801646
B1051404206170N00147465EA0153601645
B1051414206171N00147471EA0153601643
B1051424206173N00147477EA0153201640
B1051434206174N00147482EA0153101638
B1051444206176N00147488EA0152701636
B1051454206179N00147493EA0152701634
B1051464206181N00147499EA0153101632
B1051474206184N00147505EA0152601631
B1051484206186N00147511EA0151901630
B1051494206188N00147516EA0152401631
B1051504206189N00147523EA0152801631
B1051514206190N00147529EA0153201631
B1051524206191N00147534EA0152501632
B1051534206192N00147539EA0152601632
B1051544206194N00147545EA0152201631
B1051554206195N00147551EA0151901631
B1051564206197N00147559EA0152001630
B1051574206199N00147566EA0152901630
B1051584206201N00147572EA0152701631
B1051594206202N00147578EA0152101632
B1052004206204N00147583EA0152501633
B1052014206205N00147589EA0152301632
B1052024206207N00147595EA0152701631
B1052034206208N00147601EA0150701629
B1052044206209N00147608EA0152601627
B1052054206211N00147615EA0152001626
B1052064206212N00147622EA0151601625
B1052074206214N00147629EA0151701624
B1052084206216N00147636EA0153301623
B1052094206218N00147643EA0151901622
B1052104206219N00147650EA0151001620
B1052114206221N00147657EA0150101619
B1052124206223N00147664EA0151501617
B1052134206224N00147671EA0151201614
B1052144206226N00147679EA0150901612
B1052154206227N00147687EA0150401611
B1052164206229N00147694EA0150401610
B1052174206231N00147702EA0150501609
B1052184206232N00147709EA0150401608
B1052194206233N00147715EA0150501607
B1052204206234N00147723EA0149601605
B1052214206235N00147731EA0149801603
B1052224206237N00147739EA0148901601
B1052234206238N00147748EA0149701599
B1052244206239N00147757EA0150001598
B1052254206240N00147764EA0149801599
B1052264206241N00147771EA0149701599
B1052274206243N00147778EA0149301598
B1052284206245N00147786EA0149001597
B1052294206246N00147795EA0149301595
B1052304206247N00147804EA0148901594
B1052314206247N00147812EA0149201594
B1052324206248N00147819EA0148901594
B1052334206248N00147825EA0149401595
B1052344206248N00147832EA0148801594
B1052354206248N00147839EA0149101594
B1052364206248N00147845EA0149101594
B1052374206247N00147852EA0148901594
B1052384206247N00147859EA0149701593
B1052394206246N00147865EA0148701593
B1052404206246N00147871EA0148301594
B1052414206245N00147877EA0148601594
B1052424206244N00147882EA0149201594
B1052434206242N00147887EA0148901594
B1052444206240N00147892EA0150001594
B1052454206239N00147897EA0148401593
B1052464206237N00147902EA0147401593
B1052474206235N00147906EA0148901593
B1052484206233N00147910EA0148501593
B1052494206231N00147915EA0148501593
B1052504206230N00147921EA0147801592
B1052514206231N00147928EA0147201591
B1052524206232N00147935EA0148701591
B1052534206234N00147943EA0149001590
B1052544206236N00147951EA0148001590
B1052554206239N00147958EA0148001589
B1052564206242N00147966EA0148101588
B1052574206245N00147974EA0148601588
B1052584206248N00147982EA0148701588
B1052594206250N00147989EA0148701589
B1053004206252N00147996EA0148101590
B1053014206254N00148002EA0147901589
B1053024206255N00148009EA0147801587
B1053034206257N00148018EA0147601584
B1053044206260N00148027EA0147301581
B1053054206261N00148036EA0148501581
B1053064206262N00148043EA0148501584
B1053074206262N00148049EA0147501587
B1053084206262N00148053EA0148301590
B1053094206262N00148058EA0147801591
B1053104206262N00148064EA0148401591
B1053114206262N00148071EA0148101591
B1053124206261N00148078EA0148301592
B1053134206262N00148086EA0148601593
B1053144206263N00148094EA0148101594
B1053154206265N00148102EA0148301595
B1053164206267N00148110EA0149601597
B1053174206270N00148117EA0148801598
B1053184206273N00148125EA0151001600
B1053194206275N00148133EA0149901601
B1053204206276N00148142EA0149501603
B1053214206276N00148150EA0149301605
B1053224206275N00148158EA0149101606
B1053234206273N00148165EA0150601608
B1053244206269N00148170EA0150401610
B1053254206265N00148172EA0150301611
B1053264206262N00148173EA0149801613
B1053274206259N00148174EA0150201614
B1053284206256N00148174EA0150301614
B1053294206252N00148173EA0150601614
B1053304206249N00148170EA0149501614
B1053314206247N00148166EA0150701613
B1053324206246N00148161EA0150701613
B1053334206244N00148156EA0149901613
B1053344206242N00148152EA0149901613
B1053354206240N00148148EA0150401613
B1053364206238N00148144EA0150601614
B1053374206235N00148140EA0149801614
B1053384206234N00148137EA0150501614
B1053394206233N00148135EA0150501613
B1053404206233N00148131EA0150301612
B1053414206233N00148127EA0149201610
B1053424206232N00148121EA0149901607
B1053434206232N00148115EA0149101605
B1053444206233N00148109EA0150001603
B1053454206236N00148103EA0150901601
B1053464206240N00148099EA0149801600
B1053474206243N00148096EA0148801600
B1053484206246N00148092EA0148601599
B1053494206246N00148089EA0148301598
B1053504206245N00148085EA0148701596
B1053514206244N00148081EA0149101596
B1053524206242N00148078EA0148201595
B1053534206240N00148075EA0148201594
B1053544206237N00148073EA0148201592
B1053554206234N00148072EA0148201590
B1053564206229N00148070EA0147601588
B1053574206225N00148068EA0147601586
B1053584206221N00148066EA0147601586
B1053594206218N00148063EA0147601586
B1054004206214N00148061EA0148301586
B1054014206211N00148059EA0147601586
B1054024206208N00148058EA0147501585
B1054034206204N00148059EA0147201585
B1054044206201N00148061EA0147601584
B1054054206197N00148063EA0148001584
B1054064206193N00148065EA0147201584
B1054074206190N00148066EA0147701583
B1054084206186N00148067EA0147101583
B1054094206183N00148067EA0147701583
B1054104206180N00148064EA0147601582
B1054114206178N00148059EA0148201581
B1054124206176N00148053EA0147201579
B1054134206175N00148047EA0146101578
B1054144206174N00148041EA0146501577
B1054154206173N00148035EA0146801577
B1054164206173N00148029EA0145901576
B1054174206173N00148023EA0146601575
B1054184206172N00148016EA0146501574
B1054194206172N00148009EA0146601573
B1054204206171N00148003EA0146801572
B1054214206171N00147997EA0146801572
B1054224206171N00147991EA0146201572
B1054234206171N00147985EA0146001570
B1054244206171N00147977EA0145901568
B1054254206171N00147970EA0145801566
B1054264206171N00147962EA0145401564
B1054274206171N00147954EA0144801563
B1054284206171N00147947EA0145801561
B1054294206171N00147940EA0145101560
B1054304206171N00147932EA0144401557
B1054314206171N00147925EA0144401554
B1054324206171N00147917EA0145301552
B1054334206171N00147909EA0144501550
B1054344206172N00147902EA0144201549
B1054354206172N00147896EA0144001547
B1054364206172N00147891EA0144201545
B1054374206171N00147885EA0143501542
B1054384206170N00147878EA0144101539
B1054394206169N00147872EA0143701537
B1054404206167N00147866EA0143501536
B1054414206166N00147861EA0142301535
B1054424206165N00147855EA0142401534
B1054434206164N00147850EA0143001532
B1054444206163N00147843EA0141901530
B1054454206162N00147837EA0142501527
B1054464206161N00147830EA0142501526
B1054474206160N00147823EA0142701525
B1054484206159N00147817EA0142701524
B1054494206157N00147810EA0141801522
B1054504206156N00147803EA0141801521
B1054514206155N00147795EA0142001519
B1054524206155N00147788EA0141801518
B1054534206154N00147781EA0141501517
B1054544206153N00147773EA0141101516
B1054554206152N00147766EA0141101514
B1054564206152N00147758EA0141301513
B1054574206151N00147750EA0141301512
B1054584206150N00147743EA0141301512
B1054594206149N00147736EA0141001512
B1055004206148N00147730EA0141401512
B1055014206147N00147724EA0142401511
B1055024206147N00147717EA0140101509
B1055034206146N00147710EA0140901507
B1055044206146N00147703EA0140501505
B1055054206145N00147695EA0140701503
B1055064206145N00147688EA0139301502
B1055074206146N00147681EA0140801500
B1055084206146N00147674EA0139601499
B1055094206146N00147668EA0139201497
B1055104206146N00147660EA0139201494
B1055114206145N00147653EA0139101491
B1055124206145N00147645EA0138801489
B1055134206144N00147638EA0139201487
B1055144206144N00147631EA0138601485
B1055154206144N00147623EA0137901484
B1055164206143N00147616EA0137701481
B1055174206142N00147608EA0138101479
B1055184206141N00147601EA0137601476
B1055194206140N00147593EA0137801474
B1055204206140N00147586EA0137201472
B1055214206141N00147578EA0136701471
B1055224206140N00147571EA0137301469
B1055234206140N00147565EA0137501468
B1055244206140N00147560EA0137801467
B1055254206139N00147555EA0136501467
B1055264206137N00147551EA0135901465
B1055274206133N00147546EA0137101464
B1055284206129N00147542EA0137001463
B1055294206127N00147538EA0137501468
B1055304206126N00147534EA0136901472
B1055314206124N00147532EA0137301473
B1055324206122N00147529EA0136701474
B1055334206120N00147524EA0134801474
B1055344206117N00147518EA0138001471
B1055354206115N00147511EA0136901470
B1055364206113N00147505EA0136901471
B1055374206112N00147500EA0136301471
B1055384206111N00147495EA0137101470
B1055394206110N00147489EA0136401469
B1055404206110N00147481EA0137601467
B1055414206109N00147474EA0136101466
B1055424206107N00147469EA0136201466
B1055434206105N00147465EA0135301465
B1055444206102N00147461EA0136801464
B1055454206101N00147456EA0135701463
B1055464206101N00147450EA0137301461
B1055474206100N00147444EA0135801459
B1055484206099N00147439EA0135801458
B1055494206097N00147433EA0136001456
B1055504206096N00147427EA0135601454
B1055514206095N00147421EA0135601453
B1055524206095N00147414EA0135201452
B1055534206094N00147408EA0134501451
B1055544206094N00147401EA0134901450
B1055554206093N00147395EA0135101449
B1055564206092N00147387EA0135101447
B1055574206091N00147381EA0134901446
B1055584206090N00147375EA0135401445
B1055594206088N00147369EA0134101443
B1056004206084N00147363EA0134801442
B1056014206080N00147360EA0133801441
B1056024206076N00147359EA0134401441
B1056034206073N00147359EA0134301441
B1056044206071N00147360EA0134501440
B1056054206068N00147361EA0134301439
B1056064206065N00147364EA0133301436
B1056074206061N00147368EA0132801433
B1056084206057N00147373EA0133301431
B1056094206054N00147379EA0133601430
B1056104206054N00147382EA0133101430
B1056114206054N00147385EA0132801429
B1056124206055N00147390EA0132701425
B1056134206056N00147395EA0132501422
B1056144206058N00147402EA0131801418
B1056154206059N00147410EA0132201414
B1056164206059N00147418EA0132601411
B1056174206058N00147425EA0131701410
B1056184206058N00147432EA0129601408
B1056194206057N00147440EA0131301406
B1056204206055N00147447EA0132201408
B1056214206051N00147451EA0131701410
B1056224206047N00147454EA0131701411
B1056234206044N00147458EA0130901413
B1056244206040N00147463EA0131801414
B1056254206036N00147469EA0131401415
B1056264206033N00147476EA0132001415
B1056274206030N00147484EA0131801416
B1056284206028N00147490EA0132101418
B1056294206028N00147496EA0132201420
B1056304206028N00147501EA0132201419
B1056314206028N00147506EA0132401417
B1056324206029N00147513EA0131001414
B1056334206030N00147522EA0130901409
B1056344206031N00147531EA0130201405
B1056354206031N00147541EA0130401403
B1056364206032N00147549EA0130901403
B1056374206032N00147556EA0131301404
B1056384206032N00147562EA0130501403
B1056394206033N00147569EA0129901400
B1056404206034N00147577EA0130301396
B1056414206036N00147585EA0130001393
B1056424206036N00147592EA0129201391
B1056434206037N00147599EA0128701389
B1056444206038N00147605EA0128701387
B1056454206038N00147612EA0129001383
B1056464206039N00147621EA0128301380
B1056474206041N00147629EA0128501378
B1056484206042N00147637EA0127901376
B1056494206043N00147644EA0127101375
B1056504206044N00147651EA0127101373
B1056514206046N00147658EA0127101371
B1056524206048N00147666EA0126101368
B1056534206050N00147674EA0127501365
B1056544206051N00147682EA0127001364
B1056554206053N00147690EA0126201364
B1056564206054N00147696EA0126501364
B1056574206055N00147703EA0127001363
B1056584206055N00147711EA0126501361
B1056594206056N00147719EA0126001360
B1057004206057N00147727EA0125901357
B1057014206058N00147736EA0127701356
B1057024206058N00147744EA0126301355
B1057034206058N00147751EA0125201355
B1057044206058N00147758EA0124901354
B1057054206058N00147766EA0125201353
B1057064206059N00147773EA0126301351
B1057074206059N00147781EA0126001349
B1057084206058N00147789EA0124601347
B1057094206058N00147797EA0124801345
B1057104206058N00147805EA0124601344
B1057114206058N00147812EA0125001343
B1057124206059N00147819EA0124901342
B1057134206060N00147828EA0125101340
B1057144206060N00147836EA0124901339
B1057154206060N00147844EA0124201338
B1057164206060N00147851EA0123301338
B1057174206061N00147858EA0124101337
B1057184206061N00147865EA0124601335
B1057194206062N00147873EA0123301333
B1057204206062N00147882EA0123901330
B1057214206060N00147890EA0124401329
B1057224206059N00147897EA0123501329
B1057234206058N00147902EA0124001330
B1057244206058N00147907EA0123801330
B1057254206058N00147912EA0123101328
B1057264206057N00147918EA0124101327
B1057274206056N00147925EA0123401326
B1057284206055N00147932EA0124101324
B1057294206054N00147937EA0124001325
B1057304206054N00147940EA0124301327
B1057314206053N00147943EA0124301329
B1057324206053N00147947EA0124101329
B1057334206052N00147952EA0123401327
B1057344206052N00147958EA0125501327
B1057354206053N00147964EA0124801328
B1057364206053N00147969EA0124501329
B1057374206053N00147974EA0125701331
B1057384206053N00147979EA0124701331
B1057394206052N00147984EA0125401330
B1057404206051N00147990EA0124701331
B1057414206049N00147995EA0125601333
B1057424206046N00148000EA0125301336
B1057434206044N00148004EA0125501338
B1057444206042N00148008EA0126101339
B1057454206042N00148013EA0126301341
B1057464206042N00148017EA0126701343
B1057474206041N00148021EA0127501345
B1057484206040N00148022EA0127401349
B1057494206038N00148024EA0127201351
B1057504206036N00148027EA0128401353
B1057514206035N00148030EA0128001354
B1057524206033N00148035EA0129101356
B1057534206031N00148038EA0129101360
B1057544206028N00148039EA0129901363
B1057554206025N00148040EA0130001366
B1057564206022N00148043EA0129901368
B1057574206019N00148046EA0130401371
B1057584206017N00148048EA0129401372
B1057594206014N00148051EA0130601372
B1058004206012N00148053EA0129801372
B1058014206012N00148059EA0129901372
B1058024206013N00148066EA0130801372
B1058034206017N00148072EA0131301372
B1058044206021N00148075EA0130101373
B1058054206025N00148079EA0130301375
B1058064206027N00148083EA0130501377
B1058074206031N00148087EA0129901379
B1058084206035N00148091EA0129601380
B1058094206039N00148093EA0130601381
B1058104206044N00148095EA0130901381
B1058114206048N00148097EA0130901383
B1058124206051N00148099EA0130801385
B1058134206053N00148102EA0132001386
B1058144206056N00148106EA0131001386
B1058154206058N00148110EA0131601387
B1058164206059N00148114EA0132301389
B1058174206057N00148119EA0131901390
B1058184206055N00148122EA0131401390
B1058194206052N00148124EA0131801391
B1058204206048N00148126EA0131401391
B1058214206044N00148126EA0131501392
B1058224206040N00148124EA0131601394
B1058234206036N00148120EA0132001396
B1058244206034N00148115EA0131801398
B1058254206034N00148108EA0131801399
B1058264206034N00148101EA0131801400
B1058274206036N00148092EA0131901401
B1058284206038N00148085EA0131901402
B1058294206043N00148079EA0132101403
B1058304206050N00148076EA0132301404
B1058314206056N00148077EA0131901404
B1058324206061N00148080EA0131901405
B1058334206065N00148083EA0132301408
B1058344206066N00148084EA0132401410
B1058354206068N00148086EA0131101412
B1058364206071N00148090EA0132801412
B1058374206074N00148094EA0132501412
B1058384206078N00148099EA0132601412
B1058394206081N00148102EA0133001412
B1058404206084N00148105EA0132401413
B1058414206086N00148107EA0132601414
B1058424206089N00148109EA0132301414
B1058434206093N00148112EA0132601414
B1058444206098N00148115EA0132501415
B1058454206103N00148119EA0132701416
B1058464206108N00148122EA0132501416
B1058474206111N00148124EA0133101418
B1058484206114N00148126EA0133101419
B1058494206117N00148129EA0132301420
B1058504206121N00148134EA0132401420
B1058514206124N00148139EA0132601420
B1058524206128N00148144EA0132601420
B1058534206130N00148150EA0133201421
B1058544206131N00148154EA0131801422
B1058554206132N00148158EA0132901423
B1058564206133N00148163EA0132901424
B1058574206135N00148168EA0132101425
B1058584206137N00148173EA0133001425
B1058594206140N00148177EA0133601425
B1059004206142N00148181EA0133101426
B1059014206145N00148185EA0132101427
B1059024206148N00148188EA0132601428
B1059034206150N00148192EA0133301427
B1059044206153N00148197EA0132801428
B1059054206155N00148201EA0133601428
B1059064206157N00148206EA0132501428
B1059074206158N00148211EA0132201428
B1059084206157N00148217EA0132401429
B1059094206154N00148221EA0132801430
B1059104206150N00148224EA0133801431
B1059114206147N00148226EA0132101430
B1059124206143N00148227EA0132301432
B1059134206139N00148228EA0133101433
B1059144206135N00148229EA0133501434
B1059154206132N00148229EA0133501434
B1059164206129N00148231EA0132501434
B1059174206125N00148233EA0132901433
B1059184206121N00148236EA0132101431
B1059194206116N00148239EA0132901430
B1059204206112N00148241EA0134601430
B1059214206108N00148243EA0131701430
B1059224206105N00148246EA0132601430
B1059234206103N00148250EA0133101429
B1059244206101N00148255EA0132901429
B1059254206099N00148259EA0132901431
B1059264206098N00148261EA0133601434
B1059274206097N00148263EA0134201435
B1059284206096N00148266EA0133501436
B1059294206095N00148271EA0133901436
B1059304206096N00148277EA0134101437
B1059314206097N00148281EA0134301438
B1059324206098N00148283EA0134101440
B1059334206100N00148286EA0134701442
B1059344206101N00148289EA0134601443
B1059354206103N00148293EA0134701444
B1059364206104N00148298EA0134501445
B1059374206105N00148304EA0135401446
B1059384206106N00148309EA0135401448
B1059394206106N00148313EA0135201450
B1059404206105N00148316EA0135701452
B1059414206103N00148318EA0135901453
B1059424206099N00148317EA0135601453
B1059434206096N00148314EA0136001455
B1059444206094N00148309EA0136101457
B1059454206094N00148303EA0136301460
B1059464206096N00148297EA0136501463
B1059474206099N00148291EA0136501465
B1059484206104N00148285EA0136501466
B1059494206111N00148280EA0136801466
B1059504206119N00148278EA0136801466
B1059514206128N00148278EA0135301466
B1059524206136N00148282EA0137301467
B1059534206142N00148287EA0137301470
B1059544206145N00148292EA0137201477
B1059554206146N00148296EA0137601481
B1059564206148N00148299EA0137401483
B1059574206150N00148303EA0137201484
B1059584206152N00148308EA0138101484
B1059594206153N00148313EA0138201485
B1100004206153N00148318EA0137801486
B1100014206152N00148323EA0138501487
B1100024206150N00148327EA0138401489
B1100034206148N00148330EA0138101491
B1100044206146N00148331EA0138001491
B1100054206144N00148332EA0138601491
B1100064206141N00148333EA0138201492
B1100074206138N00148331EA0139101492
B1100084206136N00148328EA0139101493
B1100094206134N00148323EA0138901494
B1100104206133N00148318EA0138601494
B1100114206131N00148312EA0139001495
B1100124206129N00148306EA0138801494
B1100134206128N00148298EA0139001495
B1100144206128N00148290EA0139201497
B1100154206130N00148282EA0139301499
B1100164206133N00148275EA0139601502
B1100174206137N00148268EA0139401504
B1100184206143N00148262EA0139501505
B1100194206150N00148259EA0139501506
B1100204206158N00148259EA0140601508
B1100214206165N00148263EA0140701510
B1100224206170N00148267EA0140601512
B1100234206175N00148270EA0141001517
B1100244206179N00148273EA0141301522
B1100254206182N00148276EA0141601525
B1100264206185N00148280EA0140901526
B1100274206187N00148285EA0141201525
B1100284206189N00148292EA0141801524
B1100294206188N00148297EA0142201524
B1100304206187N00148300EA0142301526
B1100314206186N00148303EA0142101528
B1100324206185N00148305EA0141401529
B1100334206185N00148308EA0142201530
B1100344206183N00148311EA0142601531
B1100354206181N00148313EA0142701532
B1100364206179N00148315EA0142401532
B1100374206176N00148316EA0142601533
B1100384206174N00148317EA0142801533
B1100394206170N00148317EA0142001533
B1100404206166N00148314EA0142201532
B1100414206163N00148310EA0143001532
B1100424206161N00148304EA0142701533
B1100434206160N00148298EA0142701534
B1100444206160N00148291EA0142901535
B1100454206161N00148283EA0142501535
B1100464206163N00148274EA0141701534
B1100474206167N00148265EA0142701533
B1100484206173N00148256EA0142201532
B1100494206180N00148250EA0143101531
B1100504206187N00148247EA0142901533
B1100514206194N00148247EA0142001535
B1100524206201N00148248EA0142701537
B1100534206207N00148251EA0143201539
B1100544206211N00148254EA0143301540
B1100554206214N00148259EA0143601542
B1100564206215N00148264EA0143801543
B1100574206215N00148269EA0144001545
B1100584206214N00148274EA0144201547
B1100594206213N00148277EA0144601549
B1101004206211N00148280EA0144501551
B1101014206209N00148282EA0144401552
B1101024206207N00148284EA0143801553
B1101034206204N00148285EA0144901553
B1101044206201N00148285EA0144501553
B1101054206199N00148284EA0145301555
B1101064206197N00148282EA0145101557
B1101074206195N00148281EA0144901559
B1101084206194N00148278EA0145301559
B1101094206192N00148274EA0144601559
B1101104206191N00148267EA0144701558
B1101114206190N00148257EA0146001556
B1101124206192N00148247EA0145401556
B1101134206197N00148237EA0145101557
B1101144206202N00148229EA0145101558
B1101154206209N00148223EA0145301559
B1101164206217N00148219EA0145401559
B1101174206226N00148217EA0144901560
B1101184206234N00148216EA0144501560
B1101194206241N00148217EA0145201562
B1101204206247N00148220EA0145901564
B1101214206251N00148224EA0145401564
B1101224206254N00148229EA0146001561
B1101234206256N00148235EA0145401561
B1101244206256N00148240EA0146101562
B1101254206256N00148243EA0145501565
B1101264206255N00148246EA0145301567
B1101274206253N00148248EA0146201569
B1101284206252N00148251EA0146601572
B1101294206250N00148252EA0146701574
B1101304206249N00148252EA0146201575
B1101314206247N00148252EA0146401576
B1101324206244N00148253EA0146501576
B1101334206241N00148252EA0146501576
B1101344206239N00148251EA0146701577
B1101354206237N00148249EA0147301578
B1101364206236N00148247EA0147101578
B1101374206234N00148245EA0147001578
B1101384206231N00148244EA0146301576
B1101394206228N00148244EA0146601575
B1101404206223N00148243EA0146601573
B1101414206219N00148241EA0147901573
B1101424206215N00148239EA0146901576
B1101434206213N00148237EA0147201581
B1101444206212N00148236EA0147701584
B1101454206211N00148236EA0147101586
B1101464206209N00148236EA0147501587
B1101474206208N00148238EA0147901587
B1101484206205N00148241EA0148601588
B1101494206203N00148243EA0148101589
B1101504206201N00148244EA0148601589
B1101514206198N00148246EA0147801589
B1101524206196N00148247EA0148101590
B1101534206192N00148248EA0149101589
B1101544206188N00148250EA0148801589
B1101554206185N00148252EA0148001590
B1101564206182N00148254EA0148201594
B1101574206179N00148254EA0148201596
B1101584206176N00148254EA0148601598
B1101594206173N00148253EA0149101599
B1102004206170N00148253EA0148301600
B1102014206167N00148253EA0148701602
B1102024206164N00148254EA0148801602
B1102034206161N00148255EA0151001603
B1102044206158N00148254EA0149401605
B1102054206155N00148253EA0148801605
B1102064206152N00148252EA0149401605
B1102074206148N00148251EA0148901603
B1102084206144N00148252EA0148301602
B1102094206140N00148252EA0148001601
B1102104206136N00148253EA0150701600
B1102114206131N00148254EA0149501600
B1102124206128N00148254EA0149001600
B1102134206124N00148255EA0148901600
B1102144206121N00148256EA0149201600
B1102154206118N00148256EA0149101598
B1102164206113N00148257EA0148701596
B1102174206108N00148257EA0148501593
B1102184206104N00148259EA0147601590
B1102194206100N00148261EA0148401589
B1102204206097N00148264EA0147701589
B1102214206094N00148265EA0148101590
B1102224206091N00148266EA0148301589
B1102234206088N00148267EA0147601587
B1102244206084N00148268EA0147801585
B1102254206081N00148269EA0147601584
B1102264206077N00148271EA0147501582
B1102274206073N00148272EA0147301580
B1102284206069N00148273EA0147201579
B1102294206065N00148274EA0147301578
B1102304206061N00148275EA0146901578
B1102314206057N00148276EA0146801578
B1102324206054N00148278EA0146401577
B1102334206051N00148281EA0146401575
B1102344206048N00148285EA0146201574
B1102354206044N00148289EA0147101572
B1102364206041N00148292EA0147901571
B1102374206037N00148295EA0147701569
B1102384206033N00148298EA0146901569
B1102394206030N00148301EA0145801567
B1102404206027N00148305EA0146001566
B1102414206023N00148309EA0146201565
B1102424206020N00148311EA0146501565
B1102434206016N00148311EA0146201565
B1102444206013N00148312EA0146501564
B1102454206010N00148313EA0145101563
B1102464206006N00148315EA0145901561
B1102474206001N00148318EA0144901560
B1102484205997N00148320EA0145901558
B1102494205994N00148322EA0145901559
B1102504205991N00148324EA0145201560
B1102514205988N00148326EA0145001559
B1102524205985N00148329EA0145001557
B1102534205981N00148331EA0145901555
B1102544205977N00148334EA0146401554
B1102554205972N00148337EA0145301553
B1102564205969N00148339EA0144901553
B1102574205965N00148341EA0145201553
B1102584205962N00148343EA0145301552
B1102594205959N00148346EA0144301552
B1103004205955N00148350EA0144801550
B1103014205952N00148352EA0145501550
B1103024205949N00148354EA0145001550
B1103034205947N00148356EA0145301551
B1103044205944N00148358EA0145301550
B1103054205941N00148360EA0143901548
B1103064205938N00148364EA0144001546
B1103074205934N00148367EA0144701544
B1103084205930N00148369EA0143601543
B1103094205926N00148371EA0144401543
B1103104205922N00148371EA0144501543
B1103114205919N00148372EA0142601541
B1103124205915N00148373EA0143301540
B1103134205910N00148373EA0143601539
B1103144205906N00148368EA0143901538
B1103154205904N00148360EA0144601535
B1103164205903N00148351EA0143501533
B1103174205903N00148343EA0142901534
B1103184205904N00148336EA0142701536
B1103194205905N00148329EA0142101535
B1103204205906N00148322EA0143301533
B1103214205908N00148314EA0140901530
B1103224205911N00148306EA0142701528
B1103234205913N00148298EA0142901527
B1103244205915N00148291EA0142001526
B1103254205917N00148285EA0142101525
B1103264205918N00148279EA0142401523
B1103274205921N00148271EA0142001521
B1103284205923N00148263EA0141101517
B1103294205926N00148255EA0142201516
B1103304205928N00148248EA0141301515
B1103314205930N00148241EA0141101515
B1103324205933N00148235EA0141501514
B1103334205936N00148230EA0140901512
B1103344205939N00148223EA0140701510
B1103354205942N00148216EA0140801508
B1103364205944N00148208EA0140401506
B1103374205944N00148201EA0139801505
B1103384205945N00148194EA0140901503
B1103394205947N00148186EA0139501500
B1103404205950N00148178EA0138601498
B1103414205953N00148170EA0139301496
B1103424205955N00148163EA0139701495
B1103434205957N00148156EA0139901494
B1103444205959N00148150EA0139301494
B1103454205961N00148145EA0139401493
B1103464205963N00148139EA0138601490
B1103474205964N00148131EA0138101488
B1103484205966N00148123EA0137001485
B1103494205968N00148114EA0139101483
B1103504205971N00148106EA0138101481
B1103514205973N00148098EA0137301480
B1103524205975N00148090EA0138301479
B1103534205976N00148082EA0138001477
B1103544205979N00148073EA0137201476
B1103554205982N00148065EA0138201475
B1103564205985N00148057EA0138201474
B1103574205987N00148049EA0137401473
B1103584205989N00148042EA0137901472
B1103594205992N00148034EA0139001471
B1104004205994N00148026EA0136001470
B1104014205997N00148018EA0137701468
B1104024205999N00148009EA0137401467
B1104034206000N00148001EA0136901467
B1104044206002N00147992EA0136901466
B1104054206004N00147983EA0137501466
B1104064206006N00147975EA0137701465
B1104074206008N00147967EA0137201466
B1104084206010N00147959EA0137301467
B1104094206011N00147951EA0137601467
B1104104206013N00147944EA0137401467
B1104114206014N00147937EA0137901468
B1104124206016N00147931EA0136401468
B1104134206016N00147925EA0137601467
B1104144206017N00147919EA0137001466
B1104154206018N00147910EA0137101464
B1104164206019N00147901EA0137101462
B1104174206021N00147892EA0137301462
B1104184206023N00147883EA0136501463
B1104194206025N00147875EA0136801464
B1104204206028N00147868EA0137301464
B1104214206030N00147859EA0136501464
B1104224206032N00147849EA0136601462
B1104234206034N00147840EA0137701462
B1104244206036N00147831EA0137501462
B1104254206037N00147823EA0137801463
B1104264206039N00147815EA0137201464
B1104274206040N00147807EA0136701464
B1104284206041N00147798EA0137101463
B1104294206043N00147789EA0138601462
B1104304206046N00147780EA0137801461
B1104314206048N00147770EA0136901461
B1104324206051N00147762EA0135301462
B1104334206054N00147753EA0136701462
B1104344206056N00147744EA0136801462
B1104354206059N00147735EA0137201462
B1104364206061N00147726EA0137301462
B1104374206063N00147717EA0137101462
B1104384206065N00147708EA0137201463
B1104394206067N00147700EA0137401464
B1104404206069N00147693EA0137401464
B1104414206070N00147686EA0137401464
B1104424206071N00147678EA0137301463
B1104434206071N00147670EA0137101462
B1104444206072N00147662EA0137001463
B1104454206073N00147653EA0137701464
B1104464206076N00147644EA0136901465
B1104474206078N00147636EA0137101466
B1104484206079N00147628EA0137001467
B1104494206079N00147621EA0137601467
B1104504206080N00147613EA0137501467
B1104514206081N00147605EA0137101468
B1104524206083N00147596EA0137301466
B1104534206084N00147587EA0137401466
B1104544206085N00147579EA0137301467
B1104554206086N00147572EA0137101468
B1104564206086N00147564EA0137901469
B1104574206087N00147557EA0137301469
B1104584206088N00147548EA0137201468
B1104594206088N00147539EA0137901468
B1105004206089N00147531EA0137401469
B1105014206091N00147524EA0138601471
B1105024206093N00147516EA0138201472
B1105034206095N00147508EA0137701472
B1105044206095N00147501EA0138101472
B1105054206094N00147495EA0138001472
B1105064206093N00147489EA0138801473
B1105074206092N00147482EA0138501475
B1105084206091N00147475EA0138801476
B1105094206090N00147469EA0137901478
B1105104206088N00147463EA0138501478
B1105114206086N00147456EA0138501479
B1105124206084N00147449EA0137701477
B1105134206084N00147441EA0139701477
B1105144206084N00147433EA0139601478
B1105154206084N00147426EA0139401479
B1105164206084N00147420EA0139001480
B1105174206082N00147414EA0139401481
B1105184206079N00147409EA0139401482
B1105194206076N00147403EA0139101484
B1105204206074N00147397EA0139701486
B1105214206073N00147391EA0140301488
B1105224206072N00147385EA0140601492
B1105234206070N00147379EA0140601494
B1105244206068N00147374EA0140001496
B1105254206065N00147367EA0140901498
B1105264206063N00147360EA0141301499
B1105274206061N00147352EA0141101500
B1105284206059N00147345EA0141201501
B1105294206057N00147338EA0140901503
B1105304206056N00147331EA0141501504
B1105314206053N00147325EA0141401504
B1105324206049N00147319EA0140801504
B1105334206044N00147315EA0141601503
B1105344206039N00147312EA0140501503
B1105354206035N00147310EA0140501505
B1105364206031N00147307EA0140801507
B1105374206028N00147303EA0141201509
B1105384206025N00147299EA0140901509
B1105394206022N00147296EA0142201509
B1105404206020N00147294EA0140201509
B1105414206017N00147291EA0141401508
B1105424206013N00147287EA0141701507
B1105434206010N00147282EA0140601506
B1105444206006N00147276EA0141101504
B1105454206002N00147271EA0140001503
B1105464205998N00147267EA0140101502
B1105474205995N00147262EA0141801502
B1105484205991N00147257EA0140301501
B1105494205988N00147252EA0140301499
B1105504205983N00147247EA0139901497
B1105514205979N00147242EA0140101495
B1105524205974N00147238EA0139801494
B1105534205969N00147234EA0139001493
B1105544205965N00147230EA0141301493
B1105554205961N00147226EA0138401492
B1105564205956N00147223EA0139301491
B1105574205952N00147220EA0139601490
B1105584205947N00147218EA0139001489
B1105594205942N00147215EA0138201488
B1106004205937N00147213EA0137001488
B1106014205933N00147210EA0139201487
B1106024205928N00147209EA0138201487
B1106034205923N00147208EA0138901486
B1106044205918N00147208EA0140201485
B1106054205913N00147207EA0140101485
B1106064205907N00147206EA0138501484
B1106074205902N00147206EA0139501484
B1106084205897N00147207EA0139101483
B1106094205892N00147208EA0139701482
B1106104205887N00147209EA0138601481
B1106114205882N00147210EA0138701481
B1106124205877N00147212EA0139201481
B1106134205872N00147213EA0139401481
B1106144205867N00147215EA0138801481
B1106154205863N00147217EA0138301481
B1106164205858N00147220EA0140001480
B1106174205854N00147222EA0139201480
B1106184205848N00147224EA0139101479
B1106194205843N00147225EA0138501479
B1106204205838N00147228EA0139401480
B1106214205834N00147230EA0138701482
B1106224205830N00147232EA0139901484
B1106234205826N00147233EA0139401486
B1106244205823N00147234EA0139701488
B1106254205820N00147236EA0139401489
B1106264205817N00147237EA0139501489
B1106274205813N00147237EA0139901490
B1106284205810N00147237EA0140201491
B1106294205806N00147238EA0140001492
B1106304205802N00147239EA0140901493
B1106314205798N00147240EA0139001495
B1106324205795N00147241EA0141801497
B1106334205791N00147242EA0140501500
B1106344205788N00147242EA0140901502
B1106354205785N00147243EA0140701504
B1106364205782N00147244EA0141301505
B1106374205779N00147246EA0141701508
B1106384205777N00147249EA0141501510
B1106394205776N00147252EA0141801512
B1106404205776N00147257EA0142101512
B1106414205777N00147262EA0142001512
B1106424205780N00147268EA0141801513
B1106434205786N00147271EA0142101513
B1106444205792N00147271EA0141901514
B1106454205799N00147267EA0141601515
B1106464205803N00147260EA0142501514
B1106474205806N00147253EA0142301515
B1106484205806N00147245EA0142501517
B1106494205805N00147238EA0142301518
B1106504205804N00147231EA0143201521
B1106514205801N00147224EA0142901522
B1106524205798N00147218EA0143201524
B1106534205794N00147214EA0143801524
B1106544205789N00147211EA0143501526
B1106554205784N00147210EA0143601528
B1106564205779N00147210EA0144001531
B1106574205775N00147210EA0143701533
B1106584205771N00147211EA0144301536
B1106594205767N00147211EA0144901539
B1107004205763N00147210EA0144601541
B1107014205759N00147211EA0144801542
B1107024205756N00147213EA0144701543
B1107034205754N00147217EA0144901543
B1107044205753N00147222EA0145501544
B1107054205754N00147228EA0145101544
B1107064205756N00147234EA0144901544
B1107074205761N00147238EA0145201545
B1107084205769N00147236EA0146001545
B1107094205776N00147234EA0145301545
B1107104205781N00147228EA0144601545
B1107114205785N00147220EA0145501543
B1107124205788N00147212EA0144801540
B1107134205789N00147204EA0145201539
B1107144205788N00147195EA0144901540
B1107154205786N00147189EA0145501542
B1107164205783N00147183EA0146401547
B1107174205780N00147178EA0146301551
B1107184205777N00147173EA0144201554
B1107194205775N00147169EA0147201557
B1107204205772N00147165EA0147101559
B1107214205769N00147162EA0146801561
B1107224205766N00147161EA0146401562
B1107234205763N00147162EA0146201564
B1107244205760N00147163EA0147301564
B1107254205757N00147164EA0147101565
B1107264205753N00147164EA0147401566
B1107274205750N00147163EA0148401568
B1107284205746N00147162EA0146601569
B1107294205742N00147162EA0147501570
B1107304205739N00147162EA0147501571
B1107314205735N00147162EA0148001572
B1107324205730N00147162EA0149101574
B1107334205725N00147162EA0148401576
B1107344205721N00147161EA0147601578
B1107354205717N00147161EA0148501580
B1107364205714N00147161EA0148401582
B1107374205711N00147162EA0148501582
B1107384205708N00147165EA0148101582
B1107394205707N00147171EA0148601581
B1107404205708N00147179EA0148901580
B1107414205710N00147187EA0148701580
B1107424205716N00147189EA0148401581
B1107434205722N00147187EA0149001582
B1107444205727N00147180EA0149701582
B1107454205731N00147173EA0149601583
B1107464205736N00147167EA0149401587
B1107474205739N00147160EA0150101589
B1107484205742N00147153EA0150501592
B1107494205744N00147145EA0150101594
B1107504205743N00147136EA0150301596
B1107514205741N00147127EA0151201599
B1107524205738N00147120EA0151101601
B1107534205734N00147116EA0151401604
B1107544205730N00147113EA0151601607
B1107554205726N00147112EA0151301609
B1107564205722N00147111EA0151801611
B1107574205718N00147112EA0152301612
B1107584205715N00147114EA0152001613
B1107594205712N00147119EA0152001613
B1108004205711N00147125EA0152401613
B1108014205711N00147130EA0152201616
B1108024205714N00147134EA0152201617
B1108034205717N00147136EA0152901618
B1108044205723N00147136EA0152901618
B1108054205728N00147135EA0152701618
B1108064205734N00147132EA0152501618
B1108074205741N00147128EA0153201618
B1108084205747N00147123EA0152101619
B1108094205752N00147118EA0153101623
B1108104205757N00147114EA0153801627
B1108114205762N00147110EA0153601630
B1108124205767N00147105EA0153501632
B1108134205771N00147099EA0154301633
B1108144205775N00147092EA0154701635
B1108154205777N00147083EA0155401637
B1108164205778N00147075EA0155501640
B1108174205776N00147067EA0154601643
B1108184205773N00147060EA0155101645
B1108194205770N00147053EA0155701646
B1108204205766N00147048EA0155901648
B1108214205761N00147045EA0155401650
B1108224205757N00147044EA0155501652
B1108234205751N00147044EA0156201652
B1108244205747N00147047EA0156401653
B1108254205744N00147050EA0156001654
B1108264205743N00147055EA0156401654
B1108274205744N00147061EA0156201655
B1108284205746N00147065EA0156401655
B1108294205751N00147067EA0157001654
B1108304205757N00147066EA0156901655
B1108314205762N00147062EA0156901655
B1108324205767N00147056EA0157001655
B1108334205770N00147049EA0157001653
B1108344205773N00147041EA0157501654
B1108354205776N00147032EA0157601655
B1108364205776N00147022EA0157601656
B1108374205775N00147013EA0158201658
B1108384205772N00147005EA0157901660
B1108394205768N00146997EA0158801661
B1108404205765N00146992EA0158701665
B1108414205762N00146988EA0157401668
B1108424205758N00146987EA0157801669
B1108434205754N00146986EA0158701668
B1108444205749N00146988EA0158601669
B1108454205744N00146990EA0160201671
B1108464205741N00146993EA0157901675
B1108474205738N00146995EA0159601677
B1108484205737N00146997EA0159601680
B1108494205736N00146999EA0159801682
B1108504205736N00147002EA0159701683
B1108514205738N00147008EA0158801683
B1108524205743N00147011EA0159501683
B1108534205750N00147010EA0158401685
B1108544205757N00147008EA0159801687
B1108554205762N00147004EA0160301688
B1108564205767N00147000EA0160101690
B1108574205771N00146995EA0160601692
B1108584205775N00146987EA0160101693
B1108594205778N00146977EA0160801692
B1109004205779N00146967EA0161201693
B1109014205779N00146959EA0159701697
B1109024205780N00146952EA0161001699
B1109034205780N00146945EA0160901700
B1109044205779N00146938EA0160401701
B1109054205776N00146930EA0160101699
B1109064205771N00146924EA0159701697
B1109074205765N00146920EA0160601697
B1109084205760N00146918EA0160201699
B1109094205755N00146916EA0161201700
B1109104205751N00146915EA0160301701
B1109114205746N00146914EA0161401701
B1109124205741N00146914EA0160501702
B1109134205735N00146915EA0160401702
B1109144205730N00146916EA0160901703
B1109154205726N00146918EA0161001705
B1109164205721N00146919EA0161101705
B1109174205716N00146922EA0160801704
B1109184205712N00146925EA0161001703
B1109194205708N00146928EA0160801704
B1109204205704N00146931EA0161101704
B1109214205700N00146936EA0160201703
B1109224205695N00146938EA0159701701
B1109234205690N00146938EA0160501698
B1109244205684N00146936EA0159201694
B1109254205679N00146935EA0158501690
B1109264205674N00146934EA0157901687
B1109274205668N00146935EA0158401683
B1109284205662N00146935EA0157901680
B1109294205657N00146936EA0158301677
B1109304205651N00146936EA0158001677
B1109314205647N00146936EA0158101676
B1109324205643N00146936EA0156801675
B1109334205638N00146937EA0157301672
B1109344205634N00146938EA0156601669
B1109354205629N00146939EA0156601665
B1109364205624N00146939EA0157101663
B1109374205619N00146940EA0156401661
B1109384205615N00146940EA0156101659
B1109394205611N00146941EA0156901658
B1109404205607N00146941EA0156301657
B1109414205602N00146941EA0155101654
B1109424205597N00146941EA0155601651
B1109434205592N00146941EA0155301647
B1109444205587N00146941EA0154601645
B1109454205582N00146943EA0154501643
B1109464205578N00146944EA0154001641
B1109474205574N00146944EA0154301639
B1109484205570N00146946EA0153501637
B1109494205566N00146948EA0152901634
B1109504205561N00146951EA0152901631
B1109514205557N00146953EA0153301629
B1109524205552N00146954EA0152801627
B1109534205547N00146955EA0153201626
B1109544205543N00146956EA0152901626
B1109554205539N00146958EA0153501627
B1109564205536N00146960EA0152901626
B1109574205533N00146963EA0151801625
B1109584205530N00146966EA0152801624
B1109594205526N00146968EA0152301622
B1110004205521N00146970EA0152201620
B1110014205517N00146973EA0152001618
B1110024205512N00146976EA0151801617
B1110034205508N00146979EA0152001616
B1110044205504N00146981EA0152201616
B1110054205500N00146982EA0152501615
B1110064205495N00146983EA0151801613
B1110074205491N00146986EA0151501613
B1110084205487N00146989EA0150701612
B1110094205483N00146993EA0151401611
B1110104205478N00146996EA0150901610
B1110114205474N00146998EA0151501610
B1110124205470N00146999EA0150601608
B1110134205465N00147002EA0150701607
B1110144205460N00147004EA0150501606
B1110154205455N00147007EA0150201605
B1110164205450N00147008EA0151301605
B1110174205445N00147008EA0151101605
B1110184205440N00147007EA0150401605
B1110194205435N00147008EA0150901605
B1110204205429N00147009EA0150101604
B1110214205424N00147010EA0150901603
B1110224205418N00147010EA0150201602
B1110234205411N00147012EA0151201601
B1110244205406N00147017EA0149801600
B1110254205402N00147022EA0150201601
B1110264205400N00147026EA0149801603
B1110274205398N00147028EA0150801604
B1110284205394N00147030EA0149701603
B1110294205389N00147034EA0150101600
B1110304205384N00147038EA0150701598
B1110314205380N00147043EA0150001598
B1110324205376N00147047EA0150401598
B1110334205372N00147050EA0150401599
B1110344205367N00147053EA0150301600
B1110354205364N00147055EA0150501600
B1110364205360N00147059EA0150101602
B1110374205357N00147063EA0150601602
B1110384205354N00147068EA0150901604
B1110394205352N00147072EA0151601605
B1110404205350N00147075EA0151201607
B1110414205350N00147079EA0151101608
B1110424205351N00147084EA0150501608
B1110434205355N00147090EA0151101606
B1110444205360N00147095EA0151701607
B1110454205365N00147099EA0151901607
B1110464205371N00147101EA0150601608
B1110474205378N00147097EA0151601607
B1110484205384N00147089EA0151301606
B1110494205386N00147081EA0151701605
B1110504205387N00147073EA0152001605
B1110514205386N00147065EA0151201606
B1110524205384N00147059EA0152801607
B1110534205382N00147053EA0151601607
B1110544205379N00147048EA0152301607
B1110554205374N00147044EA0150401606
B1110564205369N00147040EA0152401606
B1110574205364N00147035EA0153101609
B1110584205360N00147030EA0152801611
B1110594205356N00147025EA0151401615
B1111004205353N00147022EA0152301617
B1111014205349N00147019EA0152601618
B1111024205346N00147018EA0152401618
B1111034205342N00147019EA0152501618
B1111044205338N00147021EA0152201617
B1111054205335N00147024EA0152801618
B1111064205332N00147027EA0153001620
B1111074205330N00147029EA0152801620
B1111084205329N00147033EA0152401620
B1111094205329N00147038EA0151101620
B1111104205331N00147045EA0152601618
B1111114205334N00147053EA0152901616
B1111124205337N00147061EA0152701615
B1111134205343N00147066EA0152101615
B1111144205351N00147068EA0152401614
B1111154205359N00147068EA0152001613
B1111164205367N00147064EA0151901612
B1111174205372N00147057EA0153001613
B1111184205376N00147052EA0152901614
B1111194205379N00147050EA0154001617
B1111204205380N00147045EA0152301621
B1111214205381N00147040EA0153201619
B1111224205381N00147034EA0154101618
B1111234205382N00147027EA0153501618
B1111244205382N00147021EA0153401619
B1111254205382N00147015EA0153201620
B1111264205381N00147010EA0153301620
B1111274205378N00147006EA0152801620
B1111284205373N00147004EA0154701618
B1111294205368N00147004EA0153101617
B1111304205363N00147004EA0153401621
B1111314205360N00147005EA0153001625
B1111324205358N00147005EA0153101626
B1111334205355N00147005EA0152001624
B1111344205352N00147007EA0152401622
B1111354205348N00147008EA0152201620
B1111364205344N00147008EA0152301618
B1111374205340N00147008EA0153201616
B1111384205336N00147008EA0152601615
B1111394205332N00147008EA0152001615
B1111404205328N00147009EA0151201614
B1111414205324N00147010EA0152401613
B1111424205320N00147010EA0151901613
B1111434205315N00147010EA0152001613
B1111444205311N00147010EA0151401613
B1111454205307N00147010EA0151901614
B1111464205304N00147010EA0151701615
B1111474205300N00147010EA0151501615
B1111484205296N00147008EA0151801614
B1111494205292N00147007EA0152601614
B1111504205287N00147005EA0151401613
B1111514205281N00147003EA0152001612
B1111524205275N00147002EA0151401611
B1111534205270N00147002EA0152101612
B1111544205265N00147002EA0151901614
B1111554205262N00147002EA0151701616
B1111564205258N00147003EA0151401616
B1111574205254N00147003EA0151401615
B1111584205248N00147003EA0151401613
B1111594205243N00147003EA0151501612
B1112004205238N00147004EA0151601611
B1112014205233N00147004EA0151001613
B1112024205230N00147004EA0151001615
B1112034205226N00147004EA0151601614
B1112044205222N00147003EA0151401614
B1112054205217N00147003EA0151001613
B1112064205212N00147004EA0151001613
B1112074205208N00147005EA0151701614
B1112084205205N00147006EA0151101615
B1112094205201N00147005EA0151701617
B1112104205197N00147004EA0152101617
B1112114205194N00147005EA0152001618
B1112124205192N00147007EA0151401619
B1112134205189N00147009EA0152601619
B1112144205187N00147011EA0150701618
B1112154205185N00147013EA0151501615
B1112164205181N00147015EA0151701611
B1112174205177N00147018EA0150001608
B1112184205173N00147020EA0150001604
B1112194205167N00147021EA0149801601
B1112204205161N00147020EA0150801598
B1112214205155N00147019EA0150901598
B1112224205150N00147018EA0149001600
B1112234205145N00147018EA0151001601
B1112244205141N00147019EA0150501601
B1112254205137N00147020EA0149901602
B1112264205133N00147022EA0149301602
B1112274205129N00147025EA0149801602
B1112284205125N00147028EA0150201602
B1112294205120N00147032EA0149701602
B1112304205115N00147035EA0151501603
B1112314205110N00147038EA0150501605
B1112324205106N00147040EA0151501608
B1112334205103N00147040EA0151701612
B1112344205099N00147040EA0151301614
B1112354205096N00147040EA0151501617
B1112364205092N00147042EA0151301618
B1112374205088N00147046EA0151601619
B1112384205084N00147051EA0152401620
B1112394205081N00147056EA0152401622
B1112404205080N00147062EA0151901623
B1112414205079N00147070EA0152001624
B1112424205079N00147078EA0152801625
B1112434205081N00147085EA0153001626
B1112444205086N00147090EA0151901627
B1112454205092N00147094EA0152801627
B1112464205099N00147094EA0152901628
B1112474205105N00147089EA0153201628
B1112484205109N00147084EA0153201628
B1112494205111N00147078EA0153201630
B1112504205110N00147072EA0153301632
B1112514205107N00147068EA0153601634
B1112524205104N00147064EA0153701636
B1112534205101N00147061EA0154201638
B1112544205098N00147059EA0154601642
B1112554205095N00147058EA0154301645
B1112564205091N00147060EA0154001644
B1112574205087N00147063EA0154101643
B1112584205082N00147067EA0154001641
B1112594205078N00147073EA0154601639
B1113004205073N00147078EA0154501641
B1113014205069N00147083EA0154901642
B1113024205066N00147087EA0154201643
B1113034205062N00147092EA0153301643
B1113044205057N00147097EA0153101643
B1113054205052N00147102EA0154501642
B1113064205046N00147106EA0155701641
B1113074205042N00147109EA0154701643
B1113084205039N00147111EA0153801644
B1113094205035N00147114EA0154201644
B1113104205031N00147118EA0153201642
B1113114205026N00147120EA0153101639
B1113124205021N00147121EA0153801636
B1113134205016N00147120EA0154501634
B1113144205013N00147118EA0153901633
B1113154205011N00147116EA0152801633
B1113164205009N00147116EA0152401631
B1113174205006N00147118EA0151601626
B1113184205002N00147119EA0151501622
B1113194204997N00147118EA0151901619
B1113204204993N00147117EA0151601616
B1113214204990N00147115EA0151601615
B1113224204988N00147113EA0152101614
B1113234204986N00147111EA0151001613
B1113244204983N00147109EA0151101610
B1113254204978N00147106EA0152501606
B1113264204973N00147104EA0150401604
B1113274204968N00147102EA0150201605
B1113284204967N00147098EA0152401607
B1113294204967N00147094EA0151901611
B1113304204966N00147089EA0152001611
B1113314204964N00147086EA0151301611
B1113324204961N00147086EA0152401609
B1113334204958N00147088EA0151401609
B1113344204955N00147090EA0152601613
B1113354204954N00147089EA0152701618
B1113364204954N00147088EA0152001622
B1113374204954N00147086EA0152201624
B1113384204952N00147085EA0152301624
B1113394204949N00147084EA0153801624
B1113404204945N00147083EA0153901624
B1113414204942N00147083EA0153801626
B1113424204940N00147085EA0152901628
B1113434204939N00147086EA0153601630
B1113444204937N00147086EA0153601631
B1113454204934N00147085EA0153401632
B1113464204932N00147084EA0153501632
B1113474204928N00147083EA0155401632
B1113484204925N00147083EA0154801633
B1113494204921N00147085EA0154201634
B1113504204919N00147088EA0154601639
B1113514204918N00147090EA0154801644
B1113524204917N00147091EA0155501647
B1113534204915N00147092EA0154301648
B1113544204912N00147094EA0155801649
B1113554204909N00147097EA0155401651
B1113564204907N00147101EA0155501653
B1113574204905N00147105EA0156401657
B1113584204903N00147106EA0156001661
B1113594204901N00147107EA0156601664
B1114004204898N00147108EA0157301667
B1114014204895N00147110EA0156801670
B1114024204894N00147113EA0157401674
B1114034204893N00147117EA0158101677
B1114044204894N00147121EA0157901680
B1114054204896N00147125EA0158801684
B1114064204898N00147130EA0159401688
B1114074204903N00147131EA0159401691
B1114084204909N00147132EA0158901695
B1114094204915N00147129EA0159701698
B1114104204922N00147124EA0160301701
B1114114204926N00147117EA0160001704
B1114124204926N00147110EA0160201708
B1114134204925N00147104EA0161801711
B1114144204924N00147098EA0161501714
B1114154204923N00147091EA0161201716
B1114164204920N00147084EA0161601717
B1114174204916N00147080EA0161601720
B1114184204912N00147078EA0162301724
B1114194204908N00147077EA0162701728
B1114204204905N00147077EA0163001731
B1114214204901N00147079EA0163301735
B1114224204899N00147081EA0163101738
B1114234204898N00147085EA0164001742
B1114244204898N00147089EA0164001745
B1114254204899N00147094EA0164301748
B1114264204901N00147100EA0164701750
B1114274204906N00147103EA0164701753
B1114284204911N00147105EA0165701756
B1114294204917N00147104EA0165801760
B1114304204924N00147101EA0166201763
B1114314204929N00147096EA0166001766
B1114324204934N00147089EA0166501768
B1114334204938N00147079EA0166101770
B1114344204940N00147069EA0167201771
B1114354204939N00147060EA0167601774
B1114364204937N00147053EA0167301778
B1114374204935N00147046EA0168101782
B1114384204933N00147041EA0168701785
B1114394204932N00147036EA0168701789
B1114404204929N00147032EA0168501789
B1114414204926N00147029EA0168401791
B1114424204921N00147029EA0168601789
B1114434204916N00147031EA0169101791
B1114444204912N00147034EA0169501795
B1114454204909N00147036EA0169601802
B1114464204907N00147039EA0169901808
B1114474204905N00147042EA0169901812
B1114484204904N00147046EA0170501814
B1114494204904N00147051EA0170401817
B1114504204905N00147057EA0170601820
B1114514204907N00147063EA0170901821
B1114524204911N00147066EA0171301822
B1114534204916N00147067EA0170901824
B1114544204921N00147066EA0171601826
B1114554204928N00147063EA0172001828
B1114564204934N00147059EA0172101830
B1114574204938N00147053EA0172501833
B1114584204941N00147046EA0172601836
B1114594204943N00147039EA0172201839
B1115004204943N00147032EA0173501843
B1115014204942N00147026EA0173701846
B1115024204940N00147021EA0173801849
B1115034204938N00147016EA0173801854
B1115044204934N00147014EA0174001856
B1115054204931N00147012EA0173601857
B1115064204927N00147012EA0174801857
B1115074204923N00147013EA0174601858
B1115084204920N00147016EA0175201860
B1115094204917N00147020EA0175301862
B1115104204914N00147023EA0175901866
B1115114204913N00147026EA0175501869
B1115124204914N00147029EA0175701871
B1115134204915N00147035EA0176301871
B1115144204917N00147040EA0176601873
B1115154204920N00147044EA0176801876
B1115164204923N00147046EA0177101880
B1115174204926N00147047EA0177301884
B1115184204929N00147048EA0177301886
B1115194204934N00147046EA0177001888
B1115204204940N00147041EA0176601888
B1115214204945N00147035EA0177201888
B1115224204948N00147027EA0177501890
B1115234204950N00147020EA0178601893
B1115244204951N00147014EA0178601898
B1115254204952N00147008EA0178701901
B1115264204951N00147002EA0178701902
B1115274204950N00146996EA0178301902
B1115284204947N00146990EA0178601901
B1115294204941N00146986EA0179301902
B1115304204936N00146983EA0179701903
B1115314204931N00146982EA0179501909
B1115324204927N00146982EA0179801914
B1115334204923N00146981EA0180001917
B1115344204919N00146981EA0180201919
B1115354204915N00146982EA0180301920
B1115364204910N00146983EA0180401922
B1115374204906N00146985EA0180901923
B1115384204903N00146989EA0181501925
B1115394204901N00146993EA0181701927
B1115404204899N00146998EA0181001929
B1115414204900N00147003EA0181201930
B1115424204901N00147007EA0181701932
B1115434204904N00147009EA0182401933
B1115444204909N00147008EA0182401934
B1115454204914N00147005EA0182901936
B1115464204918N00147002EA0182901937
B1115474204922N00146997EA0182701939
B1115484204925N00146991EA0182801940
B1115494204927N00146984EA0183101941
B1115504204927N00146976EA0183101942
B1115514204926N00146967EA0183701944
B1115524204923N00146960EA0183001948
B1115534204919N00146954EA0183401951
B1115544204914N00146951EA0184301953
B1115554204909N00146950EA0184501956
B1115564204905N00146950EA0184801959
B1115574204900N00146951EA0184801962
B1115584204895N00146951EA0184801964
B1115594204891N00146954EA0185301965
B1116004204889N00146957EA0185101967
B1116014204888N00146963EA0184801967
B1116024204889N00146968EA0184901967
B1116034204893N00146971EA0185701967
B1116044204897N00146972EA0185601968
B1116054204902N00146969EA0185501970
B1116064204906N00146966EA0185301971
B1116074204911N00146962EA0185401972
B1116084204915N00146956EA0184501972
B1116094204919N00146947EA0185301972
B1116104204921N00146938EA0186601972
B1116114204922N00146930EA0186501972
B1116124204922N00146923EA0186201975
B1116134204921N00146916EA0186701978
B1116144204920N00146910EA0186701980
B1116154204918N00146904EA0186201979
B1116164204915N00146896EA0186101977
B1116174204910N00146889EA0186601976
B1116184204906N00146882EA0186701977
B1116194204903N00146876EA0186801981
B1116204204899N00146871EA0186401983
B1116214204896N00146867EA0186001985
B1116224204892N00146863EA0186801985
B1116234204887N00146859EA0186001983
B1116244204882N00146856EA0186101981
B1116254204876N00146852EA0187701979
B1116264204871N00146847EA0186001978
B1116274204865N00146842EA0184701977
B1116284204859N00146838EA0186101976
B1116294204854N00146834EA0185501976
B1116304204849N00146831EA0185901976
B1116314204844N00146828EA0185801975
B1116324204838N00146824EA0185601973
B1116334204831N00146819EA0185401972
B1116344204826N00146813EA0185101970
B1116354204821N00146807EA0185101971
B1116364204817N00146802EA0185201972
B1116374204814N00146798EA0185101971
B1116384204809N00146793EA0183401969
B1116394204804N00146788EA0184501965
B1116404204799N00146782EA0183401961
B1116414204793N00146775EA0183401957
B1116424204788N00146768EA0183201955
B1116434204783N00146761EA0183401954
B1116444204779N00146755EA0182601954
B1116454204775N00146748EA0182701953
B1116464204770N00146742EA0183701950
B1116474204765N00146734EA0182301948
B1116484204760N00146726EA0182601945
B1116494204756N00146718EA0182801945
B1116504204753N00146711EA0182701946
B1116514204751N00146703EA0183001948
B1116524204749N00146697EA0182901950
B1116534204747N00146692EA0181601950
B1116544204744N00146688EA0182401949
B1116554204740N00146683EA0181901947
B1116564204736N00146677EA0182101946
B1116574204733N00146670EA0183301944
B1116584204730N00146664EA0182101944
B1116594204726N00146659EA0180901943
B1117004204722N00146655EA0181801940
B1117014204718N00146650EA0179801939
B1117024204715N00146643EA0180501936
B1117034204712N00146635EA0181701933
B1117044204709N00146626EA0180901931
B1117054204706N00146618EA0180501930
B1117064204704N00146611EA0181101931
B1117074204702N00146605EA0181401931
B1117084204700N00146599EA0180701930
B1117094204697N00146592EA0180701928
B1117104204692N00146585EA0180101924
B1117114204687N00146578EA0180101922
B1117124204683N00146572EA0179401923
B1117134204680N00146565EA0180701925
B1117144204679N00146558EA0180301925
B1117154204677N00146551EA0179701925
B1117164204673N00146544EA0179901923
B1117174204670N00146536EA0180101922
B1117184204666N00146529EA0180401921
B1117194204662N00146522EA0179701920
B1117204204659N00146515EA0178601920
B1117214204655N00146509EA0179801918
B1117224204652N00146503EA0179101916
B1117234204649N00146496EA0180101912
B1117244204646N00146488EA0179201909
B1117254204642N00146481EA0178401906
B1117264204638N00146474EA0178501904
B1117274204634N00146467EA0178401902
B1117284204631N00146461EA0177401899
B1117294204627N00146454EA0177701897
B1117304204623N00146446EA0177301893
B1117314204618N00146438EA0177601890
B1117324204613N00146430EA0177201888
B1117334204609N00146423EA0176401889
B1117344204606N00146416EA0177201890
B1117354204604N00146409EA0177701890
B1117364204603N00146401EA0177301889
B1117374204601N00146393EA0176601887
B1117384204598N00146386EA0175701884
B1117394204594N00146378EA0175901880
B1117404204589N00146370EA0177501879
B1117414204587N00146363EA0176801877
B1117424204584N00146356EA0176501877
B1117434204582N00146349EA0174901876
B1117444204578N00146342EA0175101873
B1117454204575N00146334EA0176001871
B1117464204572N00146326EA0176201869
B1117474204569N00146319EA0174601868
B1117484204566N00146312EA0174401868
B1117494204563N00146305EA0175401867
B1117504204560N00146299EA0176101866
B1117514204557N00146292EA0174601864
B1117524204553N00146285EA0174301862
B1117534204549N00146278EA0174301861
B1117544204545N00146272EA0174401860
B1117554204541N00146265EA0174501860
B1117564204538N00146257EA0175201860
B1117574204535N00146249EA0175001860
B1117584204533N00146242EA0175201861
B1117594204531N00146235EA0174201861
B1118004204529N00146228EA0174601860
B1118014204526N00146220EA0173801859
B1118024204523N00146212EA0174601858
B1118034204521N00146203EA0174401858
B1118044204519N00146195EA0174401858
B1118054204517N00146187EA0174501859
B1118064204515N00146181EA0174501859
B1118074204511N00146175EA0173801859
B1118084204507N00146170EA0174201859
B1118094204504N00146165EA0175901859
B1118104204500N00146159EA0175001859
B1118114204496N00146152EA0175201859
B1118124204493N00146145EA0175101859
B1118134204489N00146139EA0174601860
B1118144204486N00146133EA0174501861
B1118154204484N00146127EA0175201861
B1118164204482N00146120EA0174801859
B1118174204481N00146112EA0174801858
B1118184204480N00146103EA0174601857
B1118194204478N00146095EA0173001857
B1118204204476N00146088EA0174601857
B1118214204474N00146081EA0174201856
B1118224204472N00146075EA0173701855
B1118234204469N00146069EA0173301854
B1118244204466N00146063EA0174101852
B1118254204463N00146058EA0174101851
B1118264204459N00146053EA0173201849
B1118274204455N00146049EA0173001847
B1118284204450N00146045EA0173201845
B1118294204445N00146040EA0173301844
B1118304204441N00146035EA0172801843
B1118314204437N00146031EA0172201841
B1118324204434N00146026EA0172901840
B1118334204430N00146022EA0171601839
B1118344204425N00146018EA0171901837
B1118354204419N00146013EA0172501836
B1118364204415N00146008EA0172601834
B1118374204411N00146002EA0171601834
B1118384204407N00145996EA0172001834
B1118394204404N00145991EA0172301832
B1118404204399N00145986EA0171301829
B1118414204394N00145981EA0171501826
B1118424204388N00145973EA0171301824
B1118434204384N00145966EA0171401824
B1118444204380N00145960EA0171201826
B1118454204377N00145955EA0171501828
B1118464204374N00145950EA0171701829
B1118474204371N00145945EA0171101828
B1118484204367N00145939EA0170201827
B1118494204362N00145934EA0170401827
B1118504204357N00145929EA0171001827
B1118514204352N00145924EA0171701827
B1118524204348N00145919EA0172401829
B1118534204343N00145914EA0170901830
B1118544204339N00145910EA0170601830
B1118554204334N00145907EA0171601829
B1118564204329N00145903EA0170701829
B1118574204324N00145898EA0171401828
B1118584204320N00145893EA0170801826
B1118594204315N00145888EA0170501825
B1119004204311N00145883EA0170301824
B1119014204307N00145879EA0170301823
B1119024204303N00145875EA0170701822
B1119034204299N00145870EA0170301818
B1119044204294N00145865EA0171101815
B1119054204289N00145861EA0169601812
B1119064204285N00145857EA0169601811
B1119074204281N00145853EA0169501810
B1119084204277N00145849EA0169101810
B1119094204274N00145846EA0168901808
B1119104204270N00145844EA0169501806
B1119114204266N00145840EA0169001803
B1119124204262N00145836EA0168301799
B1119134204258N00145831EA0167701796
B1119144204254N00145826EA0167501793
B1119154204250N00145822EA0167401791
B1119164204246N00145819EA0167301789
B1119174204243N00145815EA0167301787
B1119184204239N00145811EA0167101785
B1119194204235N00145807EA0166801782
B1119204204231N00145802EA0165801780
B1119214204227N00145798EA0166101778
B1119224204222N00145795EA0168001775
B1119234204217N00145791EA0166301772
B1119244204212N00145789EA0165401770
B1119254204207N00145786EA0165201767
B1119264204202N00145784EA0164701764
B1119274204196N00145782EA0165201761
B1119284204192N00145779EA0164101759
B1119294204187N00145776EA0164901756
B1119304204182N00145773EA0164101753
B1119314204176N00145770EA0164001750
B1119324204171N00145767EA0163901749
B1119334204166N00145763EA0163801748
B1119344204162N00145759EA0163201747
B1119354204157N00145755EA0163101745
B1119364204152N00145752EA0162701742
B1119374204146N00145748EA0163001739
B1119384204140N00145745EA0162701737
B1119394204134N00145741EA0162701737
B1119404204130N00145738EA0162701738
B1119414204126N00145734EA0162401737
B1119424204122N00145730EA0161401736
B1119434204117N00145727EA0162401734
B1119444204111N00145724EA0162301732
B1119454204105N00145722EA0161601729
B1119464204099N00145719EA0162101728
B1119474204094N00145715EA0162601729
B1119484204090N00145713EA0161801730
B1119494204086N00145710EA0161901731
B1119504204082N00145708EA0161901730
B1119514204078N00145706EA0161501729
B1119524204074N00145705EA0162001727
B1119534204069N00145702EA0161301727
B1119544204065N00145701EA0161701726
B1119554204061N00145699EA0161901725
B1119564204056N00145696EA0161901725
B1119574204052N00145694EA0161801725
B1119584204049N00145691EA0161601725
B1119594204045N00145689EA0161601725
B1120004204041N00145687EA0161201725
B1120014204036N00145684EA0161801724
B1120024204030N00145681EA0160801723
B1120034204025N00145678EA0160801721
B1120044204020N00145674EA0161601719
B1120054204015N00145670EA0161401719
B1120064204011N00145665EA0161801719
B1120074204006N00145661EA0161101720
B1120084204002N00145657EA0161101721
B1120094203997N00145654EA0161501720
B1120104203992N00145651EA0161201719
B1120114203987N00145646EA0159901716
B1120124203982N00145640EA0161701715
B1120134203979N00145631EA0161001715
B1120144203977N00145623EA0161601716
B1120154203975N00145614EA0160101717
B1120164203973N00145607EA0160101717
B1120174203972N00145601EA0161701717
B1120184203970N00145594EA0161401719
B1120194203967N00145587EA0160601720
B1120204203964N00145581EA0161701722
B1120214203960N00145576EA0161901723
B1120224203956N00145573EA0162701727
B1120234203953N00145571EA0162501730
B1120244203950N00145570EA0162301731
B1120254203946N00145570EA0162001730
B1120264203940N00145571EA0162401728
B1120274203935N00145572EA0162701727
B1120284203929N00145571EA0162501728
B1120294203924N00145569EA0163301729
B1120304203919N00145566EA0161301730
B1120314203915N00145563EA0162401730
B1120324203911N00145560EA0162801729
B1120334203907N00145556EA0162101728
B1120344203901N00145552EA0162201725
B1120354203896N00145548EA0161301723
B1120364203890N00145544EA0161601721
B1120374203885N00145539EA0162101719
B1120384203880N00145533EA0161001717
B1120394203875N00145527EA0160401715
B1120404203869N00145522EA0161101711
B1120414203863N00145518EA0160001709
B1120424203857N00145513EA0160101706
B1120434203852N00145509EA0160701705
B1120444203847N00145504EA0160101704
B1120454203842N00145500EA0159501703
B1120464203837N00145496EA0159301701
B1120474203831N00145492EA0159901698
B1120484203825N00145489EA0159301697
B1120494203820N00145486EA0159801698
B1120504203815N00145483EA0159201699
B1120514203811N00145480EA0159501700
B1120524203807N00145477EA0159201699
B1120534203802N00145475EA0159401698
B1120544203796N00145473EA0159301696
B1120554203791N00145472EA0158301693
B1120564203785N00145471EA0158801692
B1120574203780N00145468EA0159101691
B1120584203776N00145465EA0159301691
B1120594203773N00145463EA0158501691
B1121004203769N00145461EA0158101689
B1121014203765N00145460EA0157901686
B1121024203761N00145459EA0156801684
B1121034203757N00145457EA0158301681
B1121044203753N00145454EA0156901679
B1121054203749N00145450EA0157201677
B1121064203745N00145447EA0157901676
B1121074203741N00145443EA0156301674
B1121084203737N00145438EA0156701671
B1121094203733N00145433EA0156701668
B1121104203729N00145427EA0155701665
B1121114203726N00145421EA0155901662
B1121124203723N00145414EA0156001659
B1121134203720N00145407EA0154801657
B1121144203718N00145400EA0155801655
B1121154203716N00145392EA0155201652
B1121164203714N00145384EA0155101650
B1121174203713N00145376EA0154501648
B1121184203712N00145368EA0155201647
B1121194203711N00145359EA0154101645
B1121204203711N00145350EA0154001643
B1121214203712N00145341EA0154101641
B1121224203712N00145331EA0153201639
B1121234203714N00145322EA0153301637
B1121244203715N00145313EA0153501636
B1121254203717N00145304EA0152901635
B1121264203718N00145295EA0152801632
B1121274203720N00145286EA0152501630
B1121284203722N00145276EA0152201627
B1121294203724N00145266EA0152201624
B1121304203726N00145257EA0152701623
B1121314203728N00145248EA0151401621
B1121324203729N00145240EA0151701620
B1121334203730N00145231EA0151601618
B1121344203731N00145222EA0153001616
B1121354203732N00145213EA0150901614
B1121364203733N00145205EA0151301612
B1121374203734N00145197EA0150201611
B1121384203736N00145189EA0150701608
B1121394203737N00145180EA0150301606
B1121404203739N00145171EA0150601603
B1121414203741N00145162EA0150401600
B1121424203743N00145154EA0150001598
B1121434203745N00145145EA0149601596
B1121444203746N00145137EA0148501593
B1121454203748N00145128EA0148701591
B1121464203750N00145120EA0149001589
B1121474203752N00145112EA0149501588
B1121484203753N00145105EA0148101587
B1121494203755N00145098EA0148901585
B1121504203756N00145090EA0147901582
B1121514203758N00145082EA0147201580
B1121524203760N00145073EA0148201577
B1121534203762N00145064EA0147701575
B1121544203763N00145055EA0147501573
B1121554203765N00145046EA0147601572
B1121564203767N00145038EA0147201571
B1121574203769N00145030EA0146801570
B1121584203771N00145021EA0147501568
B1121594203773N00145012EA0147001566
B1122004203775N00145002EA0146701564
B1122014203777N00144993EA0147001563
B1122024203778N00144985EA0147001563
B1122034203780N00144977EA0146601562
B1122044203782N00144968EA0145101561
B1122054203784N00144959EA0146801559
B1122064203786N00144950EA0146501558
B1122074203789N00144940EA0146401555
B1122084203792N00144931EA0146101554
B1122094203795N00144923EA0145501554
B1122104203797N00144914EA0145401551
B1122114203800N00144906EA0145401549
B1122124203803N00144897EA0144901545
B1122134203806N00144887EA0144001542
B1122144203809N00144878EA0144501540
B1122154203811N00144869EA0144201538
B1122164203814N00144861EA0144601537
B1122174203817N00144852EA0144501536
B1122184203819N00144844EA0144401533
B1122194203822N00144836EA0143901531
B1122204203824N00144827EA0142901527
B1122214203827N00144818EA0143401524
B1122224203830N00144809EA0143101522
B1122234203833N00144801EA0143901519
B1122244203836N00144793EA0143001517
B1122254203839N00144785EA0141801515
B1122264203843N00144777EA0142401513
B1122274203846N00144768EA0141901510
B1122284203850N00144759EA0141601508
B1122294203854N00144750EA0141401505
B1122304203857N00144741EA0141101504
B1122314203860N00144732EA0141101502
B1122324203863N00144723EA0141301501
B1122334203866N00144715EA0141201500
B1122344203870N00144706EA0140501497
B1122354203873N00144697EA0140201494
B1122364203876N00144688EA0139901491
B1122374203880N00144679EA0139901489
B1122384203883N00144671EA0139401487
B1122394203887N00144663EA0139401486
B1122404203890N00144657EA0139801485
B1122414203895N00144651EA0139301484
B1122424203899N00144644EA0138601481
B1122434203904N00144637EA0138801478
B1122444203908N00144628EA0139701475
B1122454203912N00144620EA0138701473
B1122464203916N00144613EA0138901474
B1122474203920N00144607EA0138501475
B1122484203924N00144601EA0138101473
B1122494203928N00144593EA0136901470
B1122504203932N00144585EA0138301468
B1122514203936N00144577EA0137901466
B1122524203941N00144570EA0137801464
B1122534203945N00144563EA0137001464
B1122544203949N00144556EA0137601463
B1122554203952N00144549EA0137101461
B1122564203956N00144542EA0136401458
B1122574203959N00144535EA0137001456
B1122584203963N00144527EA0135801453
B1122594203967N00144519EA0135901450
B1123004203971N00144512EA0136001448
B1123014203974N00144504EA0137001445
B1123024203977N00144496EA0135501443
B1123034203980N00144489EA0135101441
B1123044203983N00144480EA0134801438
B1123054203986N00144472EA0134501435
B1123064203989N00144464EA0133101433
B1123074203992N00144456EA0134701430
B1123084203994N00144447EA0134401429
B1123094203996N00144439EA0134001428
B1123104203998N00144432EA0133701428
B1123114204000N00144425EA0134001427
B1123124204001N00144417EA0133801427
B1123134204004N00144410EA0133601425
B1123144204006N00144402EA0133201423
B1123154204007N00144393EA0133301421
B1123164204009N00144385EA0133301419
B1123174204010N00144377EA0133101420
B1123184204012N00144370EA0132901420
B1123194204014N00144364EA0133401420
B1123204204017N00144357EA0132401419
B1123214204019N00144349EA0132301416
B1123224204021N00144340EA0132701414
B1123234204022N00144332EA0132401413
B1123244204023N00144324EA0132901413
B1123254204024N00144317EA0131801414
B1123264204026N00144311EA0132401414
B1123274204027N00144304EA0132201412
B1123284204027N00144296EA0131801411
B1123294204028N00144288EA0134001409
B1123304204029N00144280EA0132101407
B1123314204031N00144272EA0131801407
B1123324204031N00144266EA0131001406
B1123334204031N00144259EA0131101404
B1123344204031N00144252EA0131101401
B1123354204030N00144245EA0131301399
B1123364204030N00144237EA0130801398
B1123374204029N00144229EA0130701397
B1123384204029N00144222EA0130701396
B1123394204029N00144214EA0130601396
B1123404204029N00144207EA0130701394
B1123414204029N00144199EA0130001392
B1123424204030N00144191EA0132401391
B1123434204032N00144183EA0130101390
B1123444204034N00144176EA0130301390
B1123454204035N00144170EA0129301388
B1123464204036N00144162EA0129001386
B1123474204038N00144154EA0129801383
B1123484204041N00144145EA0129501380
B1123494204043N00144135EA0129101377
B1123504204044N00144127EA0128001375
B1123514204046N00144118EA0127501372
B1123524204047N00144110EA0128101370
B1123534204048N00144101EA0128201366
B1123544204048N00144092EA0127601363
B1123554204048N00144083EA0127001360
B1123564204049N00144075EA0127001357
B1123574204050N00144066EA0126401355
B1123584204051N00144057EA0127901354
B1123594204053N00144048EA0127001352
B1124004204054N00144038EA0126401351
B1124014204055N00144029EA0126501351
B1124024204056N00144020EA0127001352
B1124034204057N00144012EA0126801353
B1124044204058N00144004EA0127301354
B1124054204061N00143997EA0127401356
B1124064204064N00143990EA0127001358
B1124074204068N00143985EA0126401358
B1124084204074N00143980EA0127001358
B1124094204081N00143975EA0127601357
B1124104204087N00143973EA0127401357
B1124114204094N00143975EA0127501360
B1124124204098N00143980EA0127001361
B1124134204100N00143986EA0127101361
B1124144204100N00143993EA0128101362
B1124154204097N00143996EA0129101365
B1124164204094N00143997EA0127701368
B1124174204090N00143995EA0129001369
B1124184204086N00143991EA0128301370
B1124194204082N00143985EA0129301372
B1124204204081N00143977EA0128001373
B1124214204083N00143967EA0127701373
B1124224204090N00143959EA0128801372
B1124234204098N00143956EA0128301371
B1124244204106N00143955EA0129201373
B1124254204111N00143957EA0129301377
B1124264204115N00143960EA0129201381
B1124274204119N00143964EA0128801384
B1124284204122N00143968EA0129701385
B1124294204123N00143973EA0130301388
B1124304204123N00143977EA0130401390
B1124314204122N00143980EA0129801392
B1124324204119N00143982EA0130301393
B1124334204116N00143983EA0130301395
B1124344204112N00143984EA0130601396
B1124354204108N00143982EA0130601397
B1124364204104N00143979EA0130801398
B1124374204100N00143975EA0131001398
B1124384204097N00143969EA0131201400
B1124394204096N00143962EA0131101401
B1124404204097N00143954EA0130801401
B1124414204100N00143946EA0131001402
B1124424204104N00143939EA0131301402
B1124434204108N00143933EA0130801403
B1124444204113N00143929EA0131301404
B1124454204120N00143928EA0129701404
B1124464204128N00143930EA0131401403
B1124474204133N00143934EA0131901404
B1124484204137N00143938EA0131401408
B1124494204140N00143942EA0131601411
B1124504204142N00143945EA0131601414
B1124514204143N00143950EA0131801415
B1124524204144N00143955EA0132601416
B1124534204143N00143960EA0133001417
B1124544204142N00143964EA0132301419
B1124554204141N00143968EA0132901422
B1124564204140N00143970EA0132901423
B1124574204138N00143972EA0132401424
B1124584204135N00143974EA0131901422
B1124594204130N00143976EA0131801420
B1125004204126N00143978EA0132601418
B1125014204123N00143980EA0132701419
B1125024204120N00143982EA0132101420
B1125034204118N00143984EA0131901421
B1125044204115N00143984EA0132701421
B1125054204112N00143985EA0132401420
B1125064204109N00143987EA0132101419
B1125074204105N00143988EA0132501418
B1125084204102N00143989EA0132001417
B1125094204098N00143989EA0133701416
B1125104204095N00143988EA0132001416
B1125114204091N00143986EA0132001416
B1125124204089N00143986EA0131701416
B1125134204087N00143986EA0132201416
B1125144204085N00143987EA0131801416
B1125154204082N00143988EA0132701415
B1125164204079N00143989EA0132601415
B1125174204076N00143990EA0132601415
B1125184204074N00143992EA0132201416
B1125194204072N00143994EA0132001416
B1125204204070N00143996EA0132101416
B1125214204068N00143999EA0132101416
B1125224204067N00144003EA0131901415
B1125234204067N00144009EA0131701414
B1125244204068N00144017EA0131701414
B1125254204070N00144024EA0132501414
B1125264204074N00144029EA0132901417
B1125274204079N00144031EA0133401421
B1125284204084N00144031EA0133801424
B1125294204089N00144030EA0133301425
B1125304204096N00144027EA0133401425
B1125314204102N00144021EA0132801425
B1125324204107N00144014EA0134801427
B1125334204109N00144005EA0133201428
B1125344204108N00143997EA0134801428
B1125354204106N00143991EA0132901430
B1125364204103N00143987EA0133101430
B1125374204100N00143985EA0133601430
B1125384204096N00143983EA0134301430
B1125394204093N00143983EA0134401430
B1125404204089N00143986EA0133801429
B1125414204086N00143991EA0133401428
B1125424204084N00143997EA0134501428
B1125434204083N00144003EA0133801430
B1125444204082N00144009EA0134901434
B1125454204082N00144013EA0134701437
B1125464204083N00144017EA0135201437
B1125474204085N00144021EA0134801436
B1125484204089N00144025EA0133201436
B1125494204094N00144029EA0134901435
B1125504204100N00144033EA0134701435
B1125514204106N00144034EA0134601435
B1125524204111N00144033EA0134201434
B1125534204117N00144029EA0134301433
B1125544204122N00144023EA0134301432
B1125554204127N00144015EA0134601433
B1125564204131N00144007EA0134701437
B1125574204133N00143999EA0135001439
B1125584204134N00143993EA0135301441
B1125594204134N00143986EA0135801443
B1126004204134N00143979EA0135301446
B1126014204132N00143973EA0135501446
B1126024204128N00143968EA0135701447
B1126034204124N00143966EA0136301447
B1126044204120N00143965EA0136101448
B1126054204116N00143965EA0136401449
B1126064204112N00143967EA0137001450
B1126074204110N00143970EA0136001451
B1126084204108N00143976EA0136601452
B1126094204109N00143981EA0137001453
B1126104204111N00143986EA0137001453
B1126114204113N00143990EA0137101454
B1126124204117N00143993EA0136901454
B1126134204122N00143995EA0136401454
B1126144204128N00143995EA0136601453
B1126154204134N00143993EA0136501452
B1126164204140N00143989EA0137401452
B1126174204144N00143984EA0137201453
B1126184204148N00143977EA0136501453
B1126194204151N00143970EA0137201454
B1126204204152N00143963EA0136801455
B1126214204152N00143955EA0137501455
B1126224204150N00143949EA0137301457
B1126234204148N00143943EA0137301458
B1126244204145N00143939EA0137701460
B1126254204141N00143935EA0137801462
B1126264204139N00143930EA0138201463
B1126274204136N00143926EA0137501465
B1126284204133N00143924EA0138101467
B1126294204131N00143922EA0138601468
B1126304204128N00143921EA0138801469
B1126314204126N00143921EA0138501470
B1126324204123N00143921EA0138701471
B1126334204121N00143923EA0138401472
B1126344204120N00143926EA0138501472
B1126354204121N00143931EA0137701470
B1126364204123N00143936EA0138001469
B1126374204127N00143941EA0139101469
B1126384204133N00143943EA0137601470
B1126394204139N00143944EA0138301470
B1126404204145N00143942EA0139001471
B1126414204152N00143938EA0138401471
B1126424204157N00143932EA0138401471
B1126434204162N00143925EA0139301470
B1126444204166N00143916EA0139001472
B1126454204168N00143908EA0138701477
B1126464204168N00143901EA0139201479
B1126474204169N00143895EA0139801482
B1126484204169N00143890EA0139601486
B1126494204169N00143885EA0139701487
B1126504204167N00143879EA0140001487
B1126514204164N00143875EA0139901488
B1126524204160N00143874EA0140101490
B1126534204156N00143876EA0140901492
B1126544204154N00143879EA0140201495
B1126554204153N00143882EA0141001498
B1126564204152N00143884EA0141801500
B1126574204152N00143887EA0140201502
B1126584204152N00143892EA0140901502
B1126594204154N00143897EA0141901502
B1127004204157N00143901EA0141201503
B1127014204162N00143904EA0141701504
B1127024204168N00143905EA0141501505
B1127034204174N00143904EA0140901505
B1127044204181N00143901EA0142001504
B1127054204188N00143897EA0141801503
B1127064204194N00143890EA0142601502
B1127074204198N00143882EA0141601502
B1127084204201N00143874EA0141601503
B1127094204204N00143866EA0141801504
B1127104204207N00143858EA0141801506
B1127114204209N00143850EA0141901508
B1127124204210N00143841EA0142001508
B1127134204209N00143832EA0142401509
B1127144204206N00143825EA0142501510
B1127154204202N00143820EA0142801512
B1127164204198N00143817EA0142701515
B1127174204194N00143815EA0142901518
B1127184204191N00143812EA0143101521
B1127194204187N00143809EA0143801524
B1127204204182N00143807EA0143501527
B1127214204178N00143806EA0143901530
B1127224204175N00143807EA0143701532
B1127234204173N00143808EA0144501534
B1127244204172N00143810EA0145701536
B1127254204172N00143812EA0145101538
B1127264204173N00143814EA0144501538
B1127274204175N00143817EA0144101538
B1127284204177N00143822EA0144601537
B1127294204180N00143827EA0144801538
B1127304204185N00143830EA0145001539
B1127314204191N00143831EA0144701541
B1127324204197N00143829EA0145901542
B1127334204204N00143827EA0145401543
B1127344204210N00143824EA0145701545
B1127354204215N00143821EA0146401550
B1127364204220N00143816EA0146001553
B1127374204223N00143810EA0146201553
B1127384204226N00143802EA0147001554
B1127394204229N00143794EA0146601554
B1127404204231N00143785EA0146301555
B1127414204232N00143776EA0146801556
B1127424204232N00143768EA0147201558
B1127434204232N00143760EA0146901560
B1127444204231N00143753EA0147101562
B1127454204229N00143746EA0147201564
B1127464204225N00143739EA0147201565
B1127474204222N00143735EA0148201567
B1127484204217N00143731EA0148101569
B1127494204213N00143730EA0147501570
B1127504204209N00143728EA0148401572
B1127514204205N00143727EA0148301573
B1127524204202N00143726EA0148201575
B1127534204200N00143725EA0148201577
B1127544204198N00143725EA0147701577
B1127554204196N00143726EA0148701576
B1127564204194N00143727EA0147301575
B1127574204193N00143730EA0147801574
B1127584204192N00143734EA0147201572
B1127594204191N00143738EA0148101570
B1128004204191N00143742EA0147001569
B1128014204191N00143745EA0146401568
B1128024204192N00143749EA0147601567
B1128034204193N00143752EA0146701566
B1128044204195N00143757EA0146801565
B1128054204198N00143762EA0147001564
B1128064204201N00143766EA0146501563
B1128074204204N00143770EA0146501565
B1128084204207N00143772EA0147301564
B1128094204210N00143774EA0146101563
B1128104204215N00143774EA0146601560
B1128114204223N00143771EA0145601558
B1128124204230N00143766EA0146101556
B1128134204236N00143759EA0146601556
B1128144204242N00143752EA0145901559
B1128154204246N00143746EA0146701559
B1128164204249N00143739EA0146001559
B1128174204252N00143732EA0144801557
B1128184204256N00143724EA0146501555
B1128194204259N00143715EA0147101554
B1128204204261N00143706EA0145901554
B1128214204263N00143698EA0145301554
B1128224204264N00143690EA0146601554
B1128234204266N00143683EA0145901554
B1128244204267N00143676EA0145501553
B1128254204267N00143668EA0144801553
B1128264204267N00143660EA0145901552
B1128274204266N00143652EA0147101552
B1128284204266N00143645EA0145501553
B1128294204266N00143639EA0146101554
B1128304204266N00143633EA0146301554
B1128314204265N00143626EA0144501553
B1128324204263N00143618EA0146901551
B1128334204261N00143610EA0145501550
B1128344204259N00143603EA0145601548
B1128354204257N00143596EA0144801547
B1128364204254N00143589EA0145401546
B1128374204252N00143583EA0145901545
B1128384204249N00143578EA0144601545
B1128394204246N00143573EA0145201544
B1128404204242N00143569EA0144701543
B1128414204239N00143564EA0144101542
B1128424204235N00143560EA0144501541
B1128434204231N00143555EA0144501539
B1128444204227N00143551EA0145001539
B1128454204223N00143548EA0143801538
B1128464204219N00143545EA0144201538
B1128474204215N00143542EA0144101537
B1128484204211N00143538EA0144201535
B1128494204207N00143535EA0145101533
B1128504204203N00143531EA0144501531
B1128514204199N00143527EA0142501530
B1128524204194N00143525EA0143001529
B1128534204190N00143522EA0142801527
B1128544204185N00143519EA0142701526
B1128554204181N00143515EA0143401524
B1128564204176N00143511EA0142101524
B1128574204172N00143507EA0142001523
B1128584204168N00143504EA0142501522
B1128594204164N00143501EA0142401520
B1129004204158N00143498EA0141701517
B1129014204153N00143494EA0143001515
B1129024204148N00143490EA0142201514
B1129034204143N00143486EA0142201514
B1129044204139N00143483EA0141101514
B1129054204136N00143481EA0141101513
B1129064204132N00143479EA0141401512
B1129074204128N00143475EA0140601509
B1129084204123N00143472EA0140501507
B1129094204118N00143468EA0141201504
B1129104204113N00143465EA0141801503
B1129114204108N00143463EA0140901503
B1129124204105N00143460EA0140401503
B1129134204101N00143458EA0141201502
B1129144204097N00143456EA0140801502
B1129154204093N00143454EA0140001500
B1129164204089N00143452EA0139601498
B1129174204084N00143449EA0140401496
B1129184204079N00143446EA0140201494
B1129194204074N00143444EA0140401494
B1129204204071N00143441EA0140001494
B1129214204067N00143439EA0139501495
B1129224204064N00143438EA0140101495
B1129234204062N00143436EA0139701495
B1129244204058N00143434EA0139601494
B1129254204054N00143432EA0138201493
B1129264204049N00143429EA0140601490
B1129274204045N00143425EA0139901489
B1129284204040N00143423EA0139901489
B1129294204037N00143420EA0139201490
B1129304204033N00143418EA0139601489
B1129314204029N00143416EA0138001488
B1129324204025N00143413EA0138501485
B1129334204019N00143410EA0139301483
B1129344204014N00143408EA0139301481
B1129354204010N00143405EA0138701480
B1129364204006N00143402EA0137701479
B1129374204002N00143400EA0137501477
B1129384203999N00143397EA0137701474
B1129394203994N00143394EA0137101470
B1129404203989N00143391EA0136901466
B1129414203984N00143388EA0137201464
B1129424203980N00143385EA0137601462
B1129434203976N00143382EA0137501462
B1129444203973N00143379EA0135401460
B1129454203969N00143376EA0136001458
B1129464203964N00143373EA0137001455
B1129474203959N00143371EA0135901452
B1129484203954N00143368EA0136001450
B1129494203949N00143366EA0135701449
B1129504203944N00143364EA0135401448
B1129514203940N00143361EA0135701448
B1129524203935N00143359EA0137301446
B1129534203930N00143356EA0134401445
B1129544203925N00143354EA0134701443
B1129554203920N00143353EA0135001441
B1129564203915N00143351EA0135001440
B1129574203911N00143349EA0135501439
B1129584203907N00143346EA0134701438
B1129594203902N00143344EA0134401437
B1130004203897N00143343EA0134101436
B1130014203893N00143342EA0134501436
B1130024203889N00143340EA0134501436
B1130034203886N00143337EA0135101435
B1130044203882N00143335EA0133701433
B1130054203878N00143332EA0132501431
B1130064203873N00143329EA0134901428
B1130074203869N00143326EA0133801425
B1130084203865N00143323EA0133801424
B1130094203862N00143321EA0133401423
B1130104203859N00143319EA0133501421
B1130114203855N00143317EA0131801419
B1130124203851N00143316EA0134701416
B1130134203847N00143314EA0132701413
B1130144203843N00143311EA0132101411
B1130154203839N00143308EA0131801409
B1130164203836N00143305EA0131001407
B1130174203832N00143302EA0130101404
B1130184203828N00143299EA0130301401
B1130194203824N00143296EA0129601398
B1130204203820N00143292EA0131601395
B1130214203817N00143288EA0129601394
B1130224203813N00143284EA0129701393
B1130234203810N00143281EA0129901391
B1130244203807N00143278EA0130101390
B1130254203804N00143274EA0130501388
B1130264203801N00143269EA0129801386
B1130274203797N00143264EA0129401383
B1130284203793N00143260EA0129001381
B1130294203789N00143256EA0128901379
B1130304203786N00143252EA0129701377
B1130314203782N00143249EA0128201376
B1130324203778N00143247EA0128501374
B1130334203774N00143246EA0128301372
B1130344203770N00143244EA0128601369
B1130354203765N00143242EA0128301367
B1130364203761N00143239EA0128101366
B1130374203757N00143235EA0127701366
B1130384203754N00143232EA0127401365
B1130394203750N00143228EA0126301363
B1130404203747N00143224EA0126401360
B1130414203743N00143219EA0127201358
B1130424203739N00143213EA0126701356
B1130434203736N00143208EA0126501355
B1130444203733N00143202EA0126801354
B1130454203731N00143196EA0127001352
B1130464203729N00143191EA0126401349
B1130474203726N00143184EA0125501346
B1130484203723N00143177EA0125601344
B1130494203721N00143171EA0125601342
B1130504203719N00143165EA0125301341
B1130514203716N00143159EA0124301339
B1130524203714N00143153EA0125101337
B1130534203712N00143146EA0124901335
B1130544203710N00143139EA0125101333
B1130554203709N00143132EA0124601332
B1130564203709N00143124EA0125201330
B1130574203710N00143116EA0123101327
B1130584203712N00143107EA0123201323
B1130594203717N00143097EA0125101318
B1131004203724N00143088EA0123101314
B1131014203731N00143080EA0122901312
B1131024203737N00143073EA0122701312
B1131034203742N00143067EA0121801313
B1131044203747N00143061EA0122201311
B1131054203753N00143056EA0121601309
B1131064203760N00143050EA0122401304
B1131074203768N00143043EA0122201300
B1131084203774N00143036EA0121701300
B1131094203780N00143031EA0121601300
B1131104203786N00143026EA0121001300
B1131114203791N00143021EA0120701297
B1131124203798N00143015EA0120901294
B1131134203804N00143009EA0120701290
B1131144203811N00143002EA0120401287
B1131154203818N00142996EA0120201285
B1131164203824N00142991EA0120901285
B1131174203830N00142988EA0121201284
B1131184203836N00142984EA0118601283
B1131194203843N00142980EA0119601280
B1131204203850N00142975EA0119201277
B1131214203856N00142971EA0119301274
B1131224203862N00142967EA0119201273
B1131234203869N00142963EA0119601272
B1131244203875N00142958EA0118401270
B1131254203881N00142952EA0118201268
B1131264203888N00142947EA0119101266
B1131274203896N00142941EA0119501266
B1131284203902N00142937EA0118801267
B1131294203908N00142933EA0117901269
B1131304203914N00142928EA0118801270
B1131314203920N00142923EA0118901271
B1131324203926N00142919EA0119601271
B1131334203933N00142914EA0118001273
B1131344203938N00142909EA0119501275
B1131354203944N00142902EA0119501277
B1131364203947N00142894EA0120001280
B1131374203949N00142886EA0120401282
B1131384203950N00142879EA0120601283
B1131394203949N00142872EA0119901283
B1131404203947N00142865EA0119001282
B1131414203943N00142860EA0120101282
B1131424203939N00142858EA0120901282
B1131434203936N00142858EA0120101283
B1131444203934N00142860EA0120201283
B1131454203934N00142863EA0120401284
B1131464203934N00142867EA0122001284
B1131474203935N00142873EA0121801284
B1131484203936N00142878EA0120801284
B1131494203939N00142883EA0121501288
B1131504203941N00142886EA0120301292
B1131514203944N00142888EA0121501295
B1131524203945N00142891EA0121301297
B1131534203947N00142896EA0121301297
B1131544203949N00142901EA0121501297
B1131554203952N00142905EA0121901298
B1131564203956N00142907EA0121801300
B1131574203961N00142907EA0122001301
B1131584203968N00142904EA0122301302
B1131594203975N00142898EA0122201302
B1132004203981N00142888EA0122601303
B1132014203984N00142878EA0123201304
B1132024203985N00142867EA0123101306
B1132034203984N00142858EA0123101308
B1132044203982N00142850EA0123301309
B1132054203979N00142844EA0123501309
B1132064203975N00142840EA0123501309
B1132074203971N00142840EA0124001309
B1132084203968N00142842EA0123101310
B1132094203967N00142846EA0123601312
B1132104203967N00142850EA0124701313
B1132114203967N00142854EA0123901316
B1132124203967N00142857EA0124901320
B1132134203967N00142861EA0124801322
B1132144203968N00142865EA0124501324
B1132154203969N00142869EA0125101326
B1132164203971N00142872EA0125401328
B1132174203973N00142874EA0125001330
B1132184203975N00142876EA0125001332
B1132194203978N00142879EA0124801332
B1132204203981N00142883EA0126001333
B1132214203984N00142887EA0126301333
B1132224203987N00142891EA0125201335
B1132234203989N00142895EA0126501337
B1132244203991N00142898EA0125701339
B1132254203993N00142902EA0126701340
B1132264203996N00142905EA0125901340
B1132274204000N00142907EA0126101339
B1132284204006N00142908EA0126301339
B1132294204014N00142906EA0125801338
B1132304204022N00142901EA0126001337
B1132314204028N00142891EA0125501337
B1132324204032N00142881EA0127201337
B1132334204034N00142871EA0126801338
B1132344204036N00142860EA0127601340
B1132354204036N00142851EA0126601342
B1132364204034N00142844EA0127501342
B1132374204031N00142838EA0127001342
B1132384204027N00142834EA0128701343
B1132394204023N00142831EA0126801347
B1132404204019N00142829EA0128201350
B1132414204016N00142829EA0127901353
B1132424204013N00142831EA0128501355
B1132434204012N00142834EA0128201357
B1132444204012N00142837EA0129101358
B1132454204014N00142840EA0129001360
B1132464204016N00142844EA0129301361
B1132474204021N00142846EA0129101363
B1132484204028N00142845EA0128001362
B1132494204036N00142841EA0129101363
B1132504204042N00142832EA0129701364
B1132514204044N00142822EA0129501366
B1132524204045N00142811EA0129901369
B1132534204045N00142802EA0129701372
B1132544204044N00142793EA0130101374
B1132554204044N00142785EA0129901376
B1132564204041N00142777EA0130101377
B1132574204038N00142771EA0130201379
B1132584204035N00142767EA0131301381
B1132594204032N00142764EA0131301384
B1133004204029N00142763EA0130501385
B1133014204026N00142762EA0131401387
B1133024204023N00142762EA0131301389
B1133034204020N00142762EA0131301391
B1133044204019N00142763EA0130801394
B1133054204018N00142766EA0131701396
B1133064204018N00142770EA0132101398
B1133074204018N00142773EA0132201400
B1133084204018N00142777EA0132101402
B1133094204018N00142781EA0132401403
B1133104204018N00142785EA0131601404
B1133114204020N00142790EA0132101404
B1133124204024N00142794EA0131801405
B1133134204031N00142797EA0132501407
B1133144204039N00142797EA0132701407
B1133154204048N00142794EA0131901406
B1133164204056N00142786EA0131801405
B1133174204060N00142776EA0133201405
B1133184204062N00142766EA0132201404
B1133194204063N00142758EA0132101406
B1133204204063N00142750EA0132201409
B1133214204062N00142742EA0131901410
B1133224204059N00142736EA0132101409
B1133234204056N00142731EA0132901409
B1133244204051N00142727EA0132301409
B1133254204047N00142725EA0133401412
B1133264204044N00142724EA0132701414
B1133274204041N00142724EA0133101418
B1133284204039N00142723EA0133901422
B1133294204036N00142722EA0133601424
B1133304204034N00142722EA0134101426
B1133314204031N00142723EA0134301427
B1133324204029N00142725EA0134201429
B1133334204027N00142728EA0134601430
B1133344204026N00142731EA0134001431
B1133354204025N00142735EA0134401433
B1133364204025N00142737EA0134601433
B1133374204025N00142740EA0134401434
B1133384204025N00142744EA0134301433
B1133394204027N00142748EA0133501432
B1133404204030N00142753EA0134501431
B1133414204035N00142757EA0134001429
B1133424204041N00142759EA0133401427
B1133434204048N00142759EA0133301426
B1133444204055N00142755EA0135301424
B1133454204061N00142747EA0133201424
B1133464204065N00142737EA0132901420
B1133474204066N00142728EA0134301417
B1133484204065N00142720EA0133501417
B1133494204064N00142713EA0134001419
B1133504204063N00142707EA0133201421
B1133514204063N00142700EA0133401420
B1133524204062N00142694EA0133101418
B1133534204060N00142689EA0131601417
B1133544204058N00142684EA0133801415
B1133554204055N00142679EA0133701414
B1133564204053N00142674EA0133901415
B1133574204050N00142669EA0133101416
B1133584204047N00142666EA0132901416
B1133594204043N00142663EA0133301416
B1134004204039N00142662EA0133001415
B1134014204036N00142660EA0134001414
B1134024204033N00142657EA0133101413
B1134034204029N00142655EA0131901411
B1134044204025N00142654EA0132701409
B1134054204021N00142654EA0132001407
B1134064204016N00142654EA0133001406
B1134074204012N00142654EA0133101405
B1134084204008N00142654EA0132201405
B1134094204004N00142653EA0131101405
B1134104204000N00142651EA0132301405
B1134114203997N00142647EA0131401404
B1134124203993N00142641EA0132301402
B1134134203989N00142633EA0131801400
B1134144203985N00142627EA0131301399
B1134154203981N00142622EA0131301400
B1134164203977N00142618EA0131801400
B1134174203974N00142613EA0131201400
B1134184203971N00142608EA0131001399
B1134194203967N00142602EA0131101398
B1134204203963N00142596EA0131101397
B1134214203958N00142591EA0131301396
B1134224203953N00142588EA0130701395
B1134234203949N00142585EA0130901396
B1134244203945N00142583EA0131601397
B1134254203941N00142581EA0129701397
B1134264203938N00142580EA0131401397
B1134274203935N00142578EA0131101397
B1134284203932N00142575EA0130701398
B1134294203929N00142573EA0131001399
B1134304203927N00142570EA0131401399
B1134314203924N00142567EA0130801399
B1134324203921N00142563EA0130901398
B1134334203918N00142559EA0131201398
B1134344203916N00142556EA0130101398
B1134354203914N00142553EA0130601397
B1134364203911N00142551EA0132901397
B1134374203908N00142549EA0128801396
B1134384203905N00142547EA0130301395
B1134394203902N00142546EA0131601394
B1134404203899N00142544EA0131101394
B1134414203896N00142543EA0130301394
B1134424203893N00142542EA0129501394
B1134434203891N00142541EA0130901394
B1134444203888N00142540EA0129301393
B1134454203884N00142540EA0130701392
B1134464203881N00142540EA0130501392
B1134474203879N00142540EA0130301392
B1134484203876N00142539EA0129801392
B1134494203874N00142538EA0129501392
B1134504203871N00142537EA0129701391
B1134514203868N00142537EA0130501390
B1134524203865N00142536EA0130401389
B1134534203862N00142535EA0130701389
B1134544203860N00142533EA0129301388
B1134554203856N00142531EA0129501387
B1134564203853N00142530EA0129201386
B1134574203849N00142526EA0130801386
B1134584203846N00142523EA0130501386
B1134594203842N00142519EA0129801385
B1135004203840N00142518EA0128001384
B1135014203837N00142517EA0129601383
B1135024203834N00142515EA0129301383
B1135034203831N00142512EA0130301381
B1135044203828N00142509EA0128801378
B1135054203824N00142507EA0129001376
B1135064203821N00142504EA0129301373
B1135074203817N00142502EA0127401372
B1135084203813N00142499EA0127801370
B1135094203809N00142496EA0129301367
B1135104203804N00142494EA0128201364
B1135114203800N00142492EA0127101364
B1135124203795N00142491EA0127001363
B1135134203792N00142489EA0127301362
B1135144203787N00142488EA0127801362
B1135154203783N00142486EA0128301362
B1135164203780N00142484EA0128001362
B1135174203777N00142482EA0128101363
B1135184203774N00142482EA0127601365
B1135194203772N00142480EA0127901366
B1135204203769N00142479EA0127701365
B1135214203766N00142478EA0128401365
B1135224203762N00142477EA0128401365
B1135234203758N00142476EA0129201366
B1135244203754N00142474EA0128701367
B1135254203751N00142474EA0129601370
B1135264203747N00142473EA0129101372
B1135274203744N00142473EA0128901375
B1135284203741N00142473EA0128501377
B1135294203739N00142475EA0129601379
B1135304203736N00142476EA0129101380
B1135314203733N00142477EA0129601381
B1135324203730N00142477EA0131601383
B1135334203728N00142478EA0129201385
B1135344203726N00142478EA0130001388
B1135354203724N00142478EA0130401389
B1135364203722N00142478EA0130101389
B1135374203720N00142480EA0130701390
B1135384203718N00142481EA0129801389
B1135394203715N00142484EA0130601389
B1135404203713N00142487EA0130601390
B1135414203713N00142492EA0130801390
B1135424203713N00142497EA0130501390
B1135434203717N00142502EA0130201391
B1135444203722N00142506EA0130901391
B1135454203728N00142507EA0131301392
B1135464203735N00142505EA0131001394
B1135474203741N00142498EA0132001395
B1135484203745N00142489EA0131501395
B1135494203748N00142480EA0131901397
B1135504203749N00142473EA0129001399
B1135514203749N00142466EA0131601401
B1135524203748N00142460EA0131801401
B1135534203747N00142454EA0131701400
B1135544203745N00142448EA0131901400
B1135554203743N00142442EA0132901399
B1135564203739N00142438EA0132201399
B1135574203734N00142436EA0131701401
B1135584203730N00142437EA0132301403
B1135594203726N00142438EA0132001405
B1136004203724N00142439EA0132001408
B1136014203721N00142441EA0132001408
B1136024203719N00142443EA0131901409
B1136034203716N00142448EA0132601409
B1136044203715N00142454EA0132101410
B1136054203715N00142460EA0132101411
B1136064203717N00142465EA0132301412
B1136074203720N00142470EA0132301411
B1136084203724N00142474EA0132301412
B1136094203729N00142476EA0132401412
B1136104203736N00142477EA0133001412
B1136114203743N00142477EA0133601412
B1136124203750N00142477EA0133401415
B1136134203757N00142477EA0133101419
B1136144203762N00142475EA0133701425
B1136154203767N00142472EA0133101426
B1136164203772N00142467EA0132901425
B1136174203776N00142460EA0133701424
B1136184203779N00142452EA0131501423
B1136194203781N00142445EA0133801423
B1136204203782N00142438EA0134301424
B1136214203782N00142432EA0134001423
B1136224203782N00142426EA0132701421
B1136234203780N00142419EA0131801419
B1136244203777N00142413EA0133801417
B1136254203772N00142410EA0133601418
B1136264203767N00142407EA0133401420
B1136274203764N00142405EA0134601423
B1136284203761N00142404EA0134201427
B1136294203760N00142402EA0134201431
B1136304203758N00142401EA0134501432
B1136314203755N00142401EA0132501432
B1136324203753N00142402EA0134401432
B1136334203749N00142406EA0135401431
B1136344203745N00142409EA0134701432
B1136354203742N00142413EA0134801433
B1136364203740N00142416EA0135101437
B1136374203738N00142419EA0134901440
B1136384203736N00142422EA0134001441
B1136394203735N00142426EA0135201442
B1136404203736N00142432EA0135201442
B1136414203739N00142439EA0135501442
B1136424203744N00142444EA0135001443
B1136434203750N00142448EA0136101444
B1136444203757N00142450EA0136801445
B1136454203764N00142449EA0136601447
B1136464203770N00142446EA0136601449
B1136474203775N00142441EA0136401450
B1136484203779N00142434EA0136501449
B1136494203782N00142425EA0136401448
B1136504203785N00142415EA0137301449
B1136514203785N00142406EA0135701450
B1136524203785N00142398EA0136701453
B1136534203783N00142390EA0137601454
B1136544203780N00142384EA0137801456
B1136554203778N00142379EA0137801460
B1136564203775N00142376EA0137801462
B1136574203772N00142375EA0137901465
B1136584203768N00142374EA0137801466
B1136594203764N00142374EA0138401467
B1137004203760N00142375EA0138401469
B1137014203757N00142378EA0138601471
B1137024203754N00142382EA0137801472
B1137034203753N00142387EA0139001474
B1137044203754N00142393EA0139201476
B1137054203757N00142399EA0138601478
B1137064203763N00142402EA0139701479
B1137074203769N00142404EA0139501480
B1137084203776N00142403EA0139901481
B1137094203782N00142400EA0139801482
B1137104203788N00142395EA0139801484
B1137114203792N00142387EA0139701484
B1137124203794N00142378EA0139901485
B1137134203795N00142369EA0140101485
B1137144203794N00142360EA0140101486
B1137154203792N00142352EA0140401488
B1137164203790N00142344EA0140801492
B1137174203787N00142338EA0141001493
B1137184203784N00142333EA0140901495
B1137194203781N00142328EA0140701496
B1137204203777N00142323EA0141801497
B1137214203773N00142320EA0141801499
B1137224203769N00142319EA0141401500
B1137234203766N00142320EA0141301501
B1137244203765N00142323EA0141401501
B1137254203763N00142327EA0142101502
B1137264203761N00142332EA0141601503
B1137274203761N00142337EA0142001504
B1137284203761N00142343EA0141501505
B1137294203764N00142349EA0142101505
B1137304203768N00142354EA0143101505
B1137314203774N00142357EA0141701507
B1137324203781N00142358EA0142401507
B1137334203788N00142356EA0142801508
B1137344203794N00142353EA0142401509
B1137354203800N00142347EA0142201511
B1137364203806N00142340EA0142701512
B1137374203810N00142331EA0142901513
B1137384203813N00142323EA0142801514
B1137394203814N00142315EA0142901516
B1137404203813N00142307EA0142101517
B1137414203811N00142299EA0143601518
B1137424203808N00142292EA0144101520
B1137434203805N00142286EA0143601523
B1137444203803N00142282EA0144001527
B1137454203801N00142277EA0144101529
B1137464203800N00142273EA0143401530
B1137474203797N00142270EA0144301530
B1137484203794N00142268EA0142101529
B1137494203790N00142267EA0144801528
B1137504203786N00142266EA0143901527
B1137514203781N00142264EA0143101527
B1137524203777N00142263EA0144701528
B1137534203772N00142263EA0145001528
B1137544203769N00142264EA0144001530
B1137554203767N00142266EA0144201531
B1137564203765N00142267EA0144401533
B1137574203764N00142269EA0144301534
B1137584203763N00142273EA0144001534
B1137594203765N00142278EA0143701536
B1138004203768N00142282EA0144901536
B1138014203773N00142285EA0144701537
B1138024203778N00142287EA0145501538
B1138034203785N00142286EA0145001538
B1138044203792N00142283EA0145101538
B1138054203798N00142278EA0144901538
B1138064203803N00142272EA0145301538
B1138074203808N00142265EA0145101538
B1138084203811N00142257EA0145001537
B1138094203814N00142249EA0145001537
B1138104203814N00142240EA0144001536
B1138114203814N00142230EA0146001536
B1138124203813N00142221EA0145101537
B1138134203811N00142213EA0144601540
B1138144203809N00142205EA0145201542
B1138154203806N00142198EA0146101543
B1138164203804N00142190EA0144601544
B1138174203801N00142185EA0144901545
B1138184203797N00142182EA0145401546
B1138194203793N00142180EA0146701545
B1138204203790N00142179EA0146401546
B1138214203786N00142179EA0145801547
B1138224203784N00142180EA0144801548
B1138234203783N00142183EA0146101548
B1138244203783N00142188EA0145501548
B1138254203783N00142193EA0145901548
B1138264203785N00142198EA0145801548
B1138274203788N00142203EA0146001548
B1138284203792N00142207EA0146201550
B1138294203798N00142209EA0145801550
B1138304203806N00142208EA0146501549
B1138314203814N00142204EA0146301548
B1138324203820N00142198EA0146401548
B1138334203825N00142190EA0145401549
B1138344203827N00142181EA0146601547
B1138354203828N00142171EA0146301546
B1138364203827N00142163EA0145901546
B1138374203826N00142155EA0145001547
B1138384203823N00142148EA0145801548
B1138394203820N00142143EA0146801547
B1138404203815N00142139EA0145601546
B1138414203812N00142136EA0147501548
B1138424203809N00142133EA0146501550
B1138434203806N00142130EA0144601551
B1138444203803N00142127EA0145201551
B1138454203799N00142126EA0145901551
B1138464203796N00142124EA0146501551
B1138474203793N00142123EA0146101552
B1138484203789N00142121EA0146201552
B1138494203785N00142120EA0146501554
B1138504203780N00142118EA0146601555
B1138514203776N00142115EA0147401558
B1138524203773N00142113EA0146801560
B1138534203769N00142112EA0147001562
B1138544203767N00142113EA0146601563
B1138554203763N00142114EA0146901564
B1138564203760N00142117EA0147401565
B1138574203756N00142120EA0148001566
B1138584203753N00142123EA0147401569
B1138594203749N00142125EA0147501571
B1139004203746N00142128EA0147701573
B1139014203743N00142130EA0148801575
B1139024203739N00142133EA0148301578
B1139034203735N00142135EA0149301580
B1139044203733N00142137EA0149301583
B1139054203732N00142140EA0149201586
B1139064203732N00142143EA0149301588
B1139074203733N00142146EA0149101590
B1139084203735N00142151EA0148501591
B1139094203739N00142155EA0150101591
B1139104203745N00142157EA0148501591
B1139114203752N00142157EA0148101591
B1139124203758N00142154EA0149401593
B1139134203764N00142148EA0149101593
B1139144203767N00142140EA0149001593
B1139154203769N00142130EA0149401593
B1139164203771N00142120EA0148801592
B1139174203770N00142111EA0150001593
B1139184203769N00142103EA0149801595
B1139194203767N00142096EA0149301598
B1139204203765N00142089EA0150401599
B1139214203762N00142082EA0150101600
B1139224203760N00142075EA0150101600
B1139234203757N00142067EA0149701601
B1139244203754N00142060EA0150101602
B1139254203750N00142054EA0150501603
B1139264203746N00142049EA0151001603
B1139274203741N00142044EA0151001604
B1139284203736N00142041EA0151101604
B1139294203732N00142038EA0150701605
B1139304203727N00142036EA0150501606
B1139314203723N00142035EA0150101605
B1139324203719N00142035EA0149901604
B1139334203715N00142036EA0149501601
B1139344203711N00142038EA0149601599
B1139354203708N00142039EA0150201597
B1139364203704N00142040EA0150301595
B1139374203700N00142040EA0148201593
B1139384203696N00142040EA0148501591
B1139394203691N00142040EA0148701588
B1139404203687N00142040EA0148601585
B1139414203682N00142038EA0149001583
B1139424203677N00142036EA0148101582
B1139434203673N00142032EA0148701580
B1139444203668N00142028EA0148701579
B1139454203663N00142024EA0148001577
B1139464203659N00142022EA0147601576
B1139474203655N00142019EA0148301576
B1139484203652N00142016EA0146801576
B1139494203649N00142014EA0146601576
B1139504203645N00142011EA0147201574
B1139514203641N00142010EA0147601571
B1139524203636N00142009EA0147101568
B1139534203631N00142008EA0148301567
B1139544203626N00142006EA0144301566
B1139554203622N00142005EA0146801567
B1139564203618N00142003EA0146901566
B1139574203615N00142001EA0147601565
B1139584203611N00142000EA0146601565
B1139594203608N00141998EA0145801565
B1140004203604N00141998EA0147501564
B1140014203599N00141997EA0145801563
B1140024203594N00141997EA0146501562
B1140034203590N00141996EA0147001564
B1140044203586N00141996EA0147301568
B1140054203583N00141996EA0148501572
B1140064203581N00141997EA0148101576
B1140074203580N00141998EA0147601579
B1140084203580N00142000EA0146601582
B1140094203580N00142004EA0148601585
B1140104203580N00142008EA0149701588
B1140114203581N00142012EA0149401590
B1140124203584N00142017EA0149701593
B1140134203590N00142019EA0148901596
B1140144203599N00142016EA0149801598
B1140154203607N00142009EA0150201600
B1140164203612N00141999EA0151501603
B1140174203616N00141988EA0151401605
B1140184203619N00141977EA0151501609
B1140194203619N00141969EA0151301613
B1140204203618N00141961EA0151401617
B1140214203616N00141956EA0152101617
B1140224203613N00141952EA0151301617
B1140234203610N00141949EA0151401619
B1140244203606N00141947EA0152701621
B1140254203603N00141946EA0152601623
B1140264203600N00141945EA0154301626
B1140274203597N00141945EA0153201629
B1140284203596N00141946EA0153201632
B1140294203595N00141948EA0153401635
B1140304203596N00141951EA0154301637
B1140314203596N00141954EA0153601639
B1140324203597N00141957EA0154301642
B1140334203599N00141961EA0154401644
B1140344203603N00141965EA0155501646
B1140354203608N00141967EA0155301649
B1140364203614N00141967EA0154601650
B1140374203622N00141965EA0155001651
B1140384203629N00141958EA0155301652
B1140394203634N00141948EA0155901654
B1140404203637N00141937EA0156201656
B1140414203637N00141928EA0156501659
B1140424203637N00141920EA0156701665
B1140434203635N00141914EA0156901668
B1140444203633N00141908EA0156001671
B1140454203631N00141905EA0157001673
B1140464203628N00141902EA0156801675
B1140474203624N00141900EA0158701677
B1140484203620N00141898EA0157901680
B1140494203617N00141896EA0158801684
B1140504203613N00141894EA0158601688
B1140514203610N00141894EA0159201691
B1140524203608N00141895EA0159101695
B1140534203606N00141896EA0160101698
B1140544203604N00141898EA0160001701
B1140554203602N00141901EA0159901704
B1140564203600N00141904EA0161701707
B1140574203599N00141908EA0160501710
B1140584203599N00141912EA0161601714
B1140594203600N00141916EA0161701719
B1141004203603N00141920EA0161901723
B1141014203607N00141925EA0162501725
B1141024203613N00141929EA0162601727
B1141034203619N00141932EA0162801729
B1141044203628N00141933EA0163501731
B1141054203636N00141931EA0163201734
B1141064203644N00141928EA0163701736
B1141074203650N00141922EA0164101738
B1141084203656N00141915EA0163701741
B1141094203659N00141906EA0163901742
B1141104203661N00141896EA0164501745
B1141114203661N00141888EA0164301747
B1141124203660N00141881EA0165101749
B1141134203657N00141875EA0165201752
B1141144203655N00141871EA0165201755
B1141154203652N00141867EA0166301759
B1141164203649N00141865EA0164701763
B1141174203646N00141865EA0166701765
B1141184203644N00141866EA0166801768
B1141194203641N00141868EA0167101771
B1141204203639N00141870EA0167401775
B1141214203637N00141872EA0167601780
B1141224203636N00141875EA0167601785
B1141234203636N00141879EA0167901788
B1141244203637N00141884EA0168201791
B1141254203638N00141888EA0168401793
B1141264203640N00141893EA0168201796
B1141274203643N00141897EA0169001798
B1141284203648N00141901EA0169301801
B1141294203654N00141904EA0169001804
B1141304203661N00141906EA0170101806
B1141314203669N00141906EA0170501808
B1141324203677N00141905EA0170701810
B1141334203684N00141902EA0170401812
B1141344203691N00141896EA0171201813
B1141354203697N00141889EA0171001814
B1141364203701N00141880EA0171201815
B1141374203704N00141872EA0172001818
B1141384203704N00141865EA0171501821
B1141394203705N00141859EA0171701826
B1141404203705N00141854EA0172101827
B1141414203705N00141849EA0172701828
B1141424203703N00141845EA0172001829
B1141434203700N00141842EA0172301829
B1141444203696N00141840EA0172701831
B1141454203692N00141839EA0172801834
B1141464203689N00141838EA0173301836
B1141474203687N00141837EA0172901839
B1141484203684N00141837EA0173301842
B1141494203682N00141838EA0173101845
B1141504203680N00141838EA0174001849
B1141514203677N00141838EA0174601851
B1141524203674N00141839EA0175401854
B1141534203672N00141840EA0175201859
B1141544203669N00141841EA0175001862
B1141554203667N00141843EA0175901865
B1141564203665N00141846EA0175701868
B1141574203662N00141848EA0177601872
B1141584203659N00141850EA0177101876
B1141594203657N00141852EA0177401881
B1142004203656N00141855EA0177601886
B1142014203655N00141858EA0177201890
B1142024203655N00141861EA0178501894
B1142034203656N00141864EA0178701897
B1142044203655N00141869EA0178701899
B1142054203655N00141875EA0178601901
B1142064203657N00141883EA0178501901
B1142074203660N00141890EA0178501903
B1142084203665N00141894EA0178801905
B1142094203671N00141896EA0179401907
B1142104203676N00141896EA0180101909
B1142114203683N00141895EA0179001911
B1142124203690N00141892EA0178701912
B1142134203697N00141884EA0180201913
B1142144203702N00141875EA0179901916
B1142154203703N00141865EA0180601919
B1142164203702N00141857EA0180801922
B1142174203701N00141849EA0180701925
B1142184203699N00141843EA0182301929
B1142194203697N00141837EA0181001932
B1142204203694N00141832EA0182101936
B1142214203692N00141827EA0182401940
B1142224203689N00141824EA0182501943
B1142234203686N00141821EA0182601946
B1142244203684N00141819EA0182401948
B1142254203681N00141818EA0182901949
B1142264203678N00141819EA0183201950
B1142274203675N00141820EA0184001951
B1142284203672N00141823EA0183201952
B1142294203671N00141827EA0183601955
B1142304203671N00141831EA0184201957
B1142314203673N00141834EA0184301959
B1142324203675N00141836EA0185001962
B1142334203678N00141838EA0184601963
B1142344203682N00141841EA0184201964
B1142354203687N00141843EA0184001963
B1142364203693N00141842EA0184401964
B1142374203700N00141840EA0185001965
B1142384203706N00141836EA0185501967
B1142394203713N00141833EA0185401970
B1142404203720N00141829EA0185701972
B1142414203726N00141824EA0185901974
B1142424203732N00141817EA0186501975
B1142434203737N00141808EA0186201976
B1142444203741N00141799EA0187401977
B1142454203744N00141790EA0185801981
B1142464203746N00141782EA0187201984
B1142474203746N00141774EA0186901989
B1142484203745N00141766EA0188101992
B1142494203745N00141759EA0188201997
B1142504203745N00141753EA0188302000
B1142514203744N00141748EA0187402002
B1142524203742N00141743EA0188202003
B1142534203738N00141737EA0188402004
B1142544203734N00141733EA0189302006
B1142554203731N00141729EA0188602009
B1142564203728N00141726EA0188102012
B1142574203726N00141725EA0189002013
B1142584203723N00141724EA0189102014
B1142594203719N00141723EA0189202015
B1143004203716N00141723EA0189402016
B1143014203714N00141725EA0189002017
B1143024203714N00141728EA0189502016
B1143034203714N00141731EA0189202017
B1143044203717N00141734EA0189602017
B1143054203721N00141737EA0189502018
B1143064203725N00141739EA0190102020
B1143074203729N00141741EA0189802023
B1143084203733N00141743EA0190402025
B1143094203736N00141745EA0190402027
B1143104203741N00141746EA0189802027
B1143114203748N00141746EA0189702028
B1143124203756N00141744EA0191002029
B1143134203763N00141741EA0191502031
B1143144203771N00141738EA0191102034
B1143154203778N00141734EA0191002038
B1143164203782N00141730EA0191502042
B1143174203786N00141723EA0191802043
B1143184203790N00141714EA0191802043
B1143194203792N00141705EA0192002043
B1143204203793N00141695EA0192002044
B1143214203793N00141686EA0191902046
B1143224203792N00141679EA0192402048
B1143234203791N00141672EA0192702050
B1143244203788N00141665EA0193002053
B1143254203785N00141659EA0193402056
B1143264203782N00141655EA0192602058
B1143274203780N00141653EA0192902059
B1143284203777N00141651EA0194202060
B1143294203775N00141650EA0193302060
B1143304203773N00141651EA0193702060
B1143314203772N00141654EA0193802060
B1143324203771N00141658EA0194802060
B1143334203771N00141663EA0194202060
B1143344203772N00141666EA0193802064
B1143354203772N00141667EA0194602070
B1143364203772N00141669EA0193802072
B1143374203772N00141670EA0194802075
B1143384203772N00141672EA0193402077
B1143394203773N00141675EA0195102078
B1143404203774N00141678EA0194902080
B1143414203775N00141681EA0195302081
B1143424203778N00141685EA0195302082
B1143434203782N00141687EA0195702084
B1143444203786N00141689EA0196102087
B1143454203790N00141692EA0196302088
B1143464203796N00141693EA0195902090
B1143474203802N00141693EA0196302091
B1143484203810N00141691EA0196502092
B1143494203817N00141688EA0196802093
B1143504203824N00141683EA0196802095
B1143514203831N00141678EA0197202097
B1143524203836N00141672EA0197602099
B1143534203841N00141666EA0197502102
B1143544203845N00141658EA0198002104
B1143554203849N00141649EA0198202106
B1143564203852N00141640EA0198502109
B1143574203854N00141631EA0198302112
B1143584203854N00141621EA0198602115
B1143594203854N00141613EA0199302118
B1144004203852N00141605EA0199502120
B1144014203850N00141599EA0199602123
B1144024203847N00141594EA0199902126
B1144034203845N00141591EA0199702128
B1144044203842N00141590EA0200402129
B1144054203840N00141591EA0200602131
B1144064203838N00141593EA0200402133
B1144074203836N00141596EA0202002135
B1144084203836N00141599EA0200702138
B1144094203836N00141602EA0201002142
B1144104203836N00141605EA0202102147
B1144114203836N00141609EA0202202150
B1144124203837N00141614EA0201902151
B1144134203840N00141620EA0202702152
B1144144203844N00141626EA0202602155
B1144154203849N00141629EA0202802160
B1144164203854N00141631EA0203602165
B1144174203859N00141632EA0203702168
B1144184203865N00141632EA0204302172
B1144194203872N00141631EA0204502175
B1144204203879N00141628EA0203702177
B1144214203886N00141622EA0204602178
B1144224203891N00141614EA0204702180
B1144234203896N00141605EA0205802183
B1144244203898N00141597EA0205402188
B1144254203900N00141590EA0205502193
B1144264203901N00141583EA0205402194
B1144274203901N00141575EA0205802196
B1144284203900N00141568EA0204702197
B1144294203898N00141561EA0207102198
B1144304203896N00141555EA0206402198
B1144314203893N00141549EA0206602200
B1144324203890N00141544EA0205802201
B1144334203886N00141541EA0206002201
B1144344203882N00141538EA0206602203
B1144354203878N00141536EA0207102203
B1144364203874N00141534EA0207102205
B1144374203870N00141535EA0207302205
B1144384203865N00141536EA0208202206
B1144394203861N00141538EA0207202207
B1144404203856N00141541EA0209202210
B1144414203852N00141543EA0208002213
B1144424203849N00141545EA0207802215
B1144434203846N00141548EA0207902217
B1144444203843N00141553EA0209502216
B1144454203840N00141559EA0207602214
B1144464203836N00141565EA0208302211
B1144474203831N00141570EA0207602208
B1144484203825N00141573EA0206702203
B1144494203820N00141575EA0206602200
B1144504203815N00141577EA0206102198
B1144514203811N00141581EA0204502196
B1144524203807N00141585EA0204602193
B1144534203803N00141590EA0205802189
B1144544203798N00141593EA0204902187
B1144554203793N00141594EA0205602184
B1144564203789N00141595EA0205102184
B1144574203786N00141596EA0204702183
B1144584203782N00141597EA0204602182
B1144594203779N00141598EA0204402181
B1145004203775N00141598EA0203902179
B1145014203771N00141595EA0203702176
B1145024203767N00141592EA0204402174
B1145034203764N00141589EA0203802173
B1145044203761N00141586EA0203602173
B1145054203759N00141583EA0203602172
B1145064203757N00141580EA0201302171
B1145074203755N00141575EA0203202169
B1145084203753N00141570EA0204202166
B1145094203750N00141566EA0202602164
B1145104203747N00141561EA0203402163
B1145114203745N00141557EA0202402163
B1145124203743N00141553EA0202802162
B1145134203741N00141549EA0202402160
B1145144203738N00141544EA0202302158
B1145154203735N00141540EA0202102155
B1145164203733N00141535EA0201302153
B1145174203730N00141530EA0201602151
B1145184203727N00141525EA0201702150
B1145194203725N00141521EA0201702149
B1145204203722N00141516EA0201502147
B1145214203720N00141512EA0200802145
B1145224203717N00141507EA0200902143
B1145234203715N00141501EA0200902141
B1145244203712N00141496EA0200402139
B1145254203710N00141491EA0200202137
B1145264203707N00141486EA0200402135
B1145274203705N00141481EA0200402133
B1145284203702N00141476EA0199002131
B1145294203700N00141471EA0198802128
B1145304203696N00141465EA0199002125
B1145314203693N00141460EA0199002123
B1145324203689N00141454EA0199302120
B1145334203685N00141449EA0199302119
B1145344203681N00141444EA0198502118
B1145354203678N00141439EA0198602116
B1145364203674N00141434EA0198602114
B1145374203670N00141429EA0198002112
B1145384203666N00141423EA0198502110
B1145394203661N00141418EA0197602108
B1145404203657N00141413EA0197502107
B1145414203654N00141407EA0197602106
B1145424203650N00141402EA0197202104
B1145434203647N00141397EA0197402103
B1145444203643N00141392EA0197202101
B1145454203639N00141387EA0196902099
B1145464203634N00141383EA0196802096
B1145474203630N00141378EA0197002093
B1145484203626N00141372EA0195602091
B1145494203622N00141367EA0195602088
B1145504203617N00141361EA0195902086
B1145514203613N00141355EA0195302084
B1145524203609N00141349EA0195102082
B1145534203605N00141343EA0194602081
B1145544203602N00141336EA0195102079
B1145554203598N00141328EA0195902076
B1145564203594N00141319EA0194602073
B1145574203590N00141310EA0194402072
B1145584203586N00141302EA0194902071
B1145594203582N00141295EA0194102072
B1146004203579N00141289EA0195302073
B1146014203576N00141284EA0194602074
B1146024203574N00141279EA0194802075
B1146034203571N00141274EA0194902074
B1146044203568N00141270EA0194702073
B1146054203565N00141266EA0194302072
B1146064203561N00141261EA0194002070
B1146074203557N00141255EA0193702068
B1146084203553N00141249EA0195102067
B1146094203550N00141243EA0194302067
B1146104203548N00141236EA0194702067
B1146114203546N00141230EA0195002067
B1146124203543N00141224EA0194202066
B1146134203540N00141218EA0193202066
B1146144203536N00141213EA0193302064
B1146154203533N00141208EA0194302063
B1146164203529N00141203EA0194502062
B1146174203526N00141198EA0194502061
B1146184203523N00141193EA0193302060
B1146194203519N00141189EA0193302058
B1146204203515N00141185EA0193102057
B1146214203510N00141180EA0193202055
B1146224203506N00141174EA0192902053
B1146234203503N00141168EA0192802053
B1146244203500N00141163EA0192802052
B1146254203497N00141157EA0192902052
B1146264203493N00141151EA0192302051
B1146274203490N00141145EA0192902050
B1146284203486N00141140EA0193402050
B1146294203482N00141135EA0192402050
B1146304203478N00141130EA0192802050
B1146314203475N00141126EA0193202050
B1146324203473N00141121EA0191302050
B1146334203470N00141117EA0192402049
B1146344203466N00141112EA0192202048
B1146354203462N00141107EA0191902046
B1146364203457N00141102EA0192002044
B1146374203453N00141098EA0192102045
B1146384203450N00141094EA0192502047
B1146394203448N00141090EA0192802047
B1146404203445N00141086EA0192402046
B1146414203443N00141082EA0192102045
B1146424203439N00141078EA0191702044
B1146434203436N00141073EA0191202042
B1146444203432N00141069EA0191402041
B1146454203429N00141065EA0191202041
B1146464203426N00141061EA0193102041
B1146474203423N00141056EA0192302041
B1146484203420N00141052EA0191602039
B1146494203416N00141049EA0190602038
B1146504203413N00141046EA0190902038
B1146514203409N00141042EA0191402038
B1146524203406N00141039EA0191602039
B1146534203403N00141035EA0191202038
B1146544203399N00141032EA0191202038
B1146554203396N00141028EA0191402037
B1146564203392N00141024EA0191902036
B1146574203388N00141020EA0191202036
B1146584203385N00141017EA0192202037
B1146594203381N00141015EA0191502037
B1147004203377N00141012EA0190702037
B1147014203374N00141008EA0190902036
B1147024203370N00141004EA0190502035
B1147034203367N00141000EA0190602036
B1147044203364N00140997EA0190502037
B1147054203360N00140993EA0191202038
B1147064203357N00140990EA0191202038
B1147074203354N00140988EA0190702039
B1147084203352N00140986EA0191402039
B1147094203349N00140986EA0191202039
B1147104203346N00140985EA0191502040
B1147114203342N00140983EA0191202039
B1147124203339N00140981EA0191202039
B1147134203335N00140978EA0191602039
B1147144203333N00140976EA0190802039
B1147154203331N00140972EA0191302040
B1147164203329N00140969EA0191602040
B1147174203327N00140966EA0190802038
B1147184203324N00140964EA0191702037
B1147194203320N00140961EA0190402035
B1147204203317N00140959EA0190902033
B1147214203313N00140956EA0190302032
B1147224203310N00140953EA0191202030
B1147234203307N00140950EA0190902029
B1147244203303N00140948EA0189502027
B1147254203300N00140945EA0190202026
B1147264203296N00140942EA0189902026
B1147274203293N00140940EA0190402025
B1147284203290N00140937EA0189902024
B1147294203288N00140934EA0189702023
B1147304203284N00140931EA0189702022
B1147314203281N00140928EA0190102020
B1147324203277N00140926EA0188702019
B1147334203273N00140923EA0189502017
B1147344203270N00140921EA0188702015
B1147354203266N00140919EA0188702014
B1147364203263N00140916EA0189302013
B1147374203260N00140913EA0188602012
B1147384203257N00140911EA0188402011
B1147394203253N00140908EA0188602008
B1147404203249N00140907EA0188102006
B1147414203245N00140905EA0187002004
B1147424203241N00140904EA0188402004
B1147434203238N00140902EA0188202004
B1147444203235N00140900EA0187702004
B1147454203231N00140898EA0187702002
B1147464203227N00140896EA0187602001
B1147474203223N00140893EA0187202000
B1147484203220N00140891EA0187301999
B1147494203216N00140888EA0187101998
B1147504203213N00140885EA0187101997
B1147514203210N00140881EA0186501995
B1147524203207N00140877EA0186901994
B1147534203204N00140873EA0187201992
B1147544203201N00140869EA0185601990
B1147554203198N00140865EA0186301988
B1147564203195N00140860EA0186101986
B1147574203192N00140856EA0186201983
B1147584203189N00140851EA0187001982
B1147594203186N00140847EA0185401980
B1148004203183N00140843EA0184601978
B1148014203179N00140839EA0185801975
B1148024203176N00140835EA0184401973
B1148034203171N00140831EA0184001970
B1148044203167N00140827EA0185201969
B1148054203163N00140823EA0184601968
B1148064203160N00140819EA0184901967
B1148074203156N00140815EA0184301965
B1148084203152N00140812EA0184401963
B1148094203148N00140808EA0183901961
B1148104203144N00140804EA0183301960
B1148114203141N00140799EA0184301959
B1148124203139N00140793EA0183501958
B1148134203136N00140788EA0182601955
B1148144203133N00140784EA0182801952
B1148154203129N00140780EA0182701949
B1148164203125N00140776EA0182701947
B1148174203122N00140772EA0182201946
B1148184203120N00140767EA0183201945
B1148194203118N00140763EA0181901943
B1148204203115N00140760EA0180901941
B1148214203111N00140757EA0181701938
B1148224203108N00140753EA0182301935
B1148234203106N00140749EA0182001934
B1148244203104N00140745EA0181101932
B1148254203102N00140741EA0181001931
B1148264203099N00140737EA0180501928
B1148274203097N00140733EA0180101924
B1148284203094N00140727EA0179301921
B1148294203091N00140720EA0180001917
B1148304203088N00140713EA0180001915
B1148314203086N00140707EA0179301915
B1148324203084N00140701EA0179801914
B1148334203081N00140696EA0179101912
B1148344203078N00140691EA0180201911
B1148354203075N00140686EA0177301909
B1148364203071N00140680EA0179501908
B1148374203068N00140676EA0178501909
B1148384203066N00140672EA0178401909
B1148394203063N00140669EA0179301909
B1148404203061N00140668EA0179201908
B1148414203060N00140666EA0179101907
B1148424203058N00140665EA0178901906
B1148434203056N00140662EA0179801905
B1148444203054N00140659EA0179201902
B1148454203051N00140657EA0177601900
B1148464203047N00140655EA0177001896
B1148474203043N00140653EA0178501893
B1148484203039N00140649EA0177301891
B1148494203036N00140645EA0178601890
B1148504203033N00140641EA0177601891
B1148514203031N00140638EA0177801891
B1148524203029N00140637EA0177301890
B1148534203027N00140635EA0177901888
B1148544203025N00140633EA0177101885
B1148554203023N00140631EA0176101882
B1148564203020N00140629EA0176501878
B1148574203016N00140626EA0176001874
B1148584203010N00140624EA0176001870
B1148594203005N00140621EA0175401868
B1149004203000N00140617EA0176901867
B1149014202997N00140612EA0176401870
B1149024202995N00140609EA0176201876
B1149034202994N00140608EA0176001878
B1149044202992N00140608EA0176201878
B1149054202990N00140609EA0176701877
B1149064202986N00140610EA0174701876
B1149074202981N00140611EA0176101876
B1149084202977N00140611EA0176701875
B1149094202972N00140610EA0176501876
B1149104202967N00140609EA0176501877
B1149114202963N00140609EA0176401878
B1149124202959N00140610EA0176501878
B1149134202955N00140612EA0176601878
B1149144202952N00140614EA0176501878
B1149154202951N00140618EA0175701878
B1149164202950N00140624EA0176301878
B1149174202952N00140629EA0176701878
B1149184202955N00140634EA0176801878
B1149194202961N00140636EA0176601878
B1149204202968N00140636EA0176301878
B1149214202974N00140632EA0176501877
B1149224202979N00140624EA0177101876
B1149234202983N00140615EA0177201879
B1149244202984N00140608EA0176901882
B1149254202984N00140601EA0177201884
B1149264202982N00140594EA0177201885
B1149274202980N00140587EA0177401884
B1149284202977N00140581EA0177001884
B1149294202973N00140576EA0177101884
B1149304202969N00140573EA0176801882
B1149314202963N00140570EA0177601882
B1149324202958N00140568EA0177501882
B1149334202954N00140566EA0177301883
B1149344202950N00140564EA0177201885
B1149354202946N00140564EA0177101884
B1149364202942N00140565EA0177401883
B1149374202937N00140567EA0177601882
B1149384202933N00140570EA0177001881
B1149394202930N00140574EA0177301881
B1149404202929N00140578EA0177301882
B1149414202928N00140583EA0177001882
B1149424202928N00140588EA0176901881
B1149434202930N00140594EA0177301879
B1149444202935N00140599EA0177001877
B1149454202940N00140603EA0176201877
B1149464202947N00140601EA0177201876
B1149474202953N00140596EA0176901874
B1149484202956N00140589EA0176901876
B1149494202958N00140582EA0176701878
B1149504202958N00140575EA0177201879
B1149514202957N00140568EA0177101880
B1149524202955N00140562EA0176901879
B1149534202951N00140557EA0176501878
B1149544202947N00140553EA0176801878
B1149554202943N00140548EA0177101877
B1149564202938N00140545EA0176801876
B1149574202933N00140543EA0176501875
B1149584202927N00140543EA0176001874
B1149594202922N00140541EA0176601874
B1150004202917N00140539EA0176601875
B1150014202912N00140537EA0178101877
B1150024202908N00140535EA0176801879
B1150034202903N00140534EA0176301878
B1150044202899N00140533EA0176301876
B1150054202895N00140531EA0176901876
B1150064202891N00140529EA0176801876
B1150074202887N00140527EA0177101876
B1150084202883N00140525EA0175501876
B1150094202879N00140522EA0176701875
B1150104202875N00140519EA0176701874
B1150114202870N00140516EA0176401873
B1150124202866N00140513EA0175901872
B1150134202864N00140512EA0176301871
B1150144202861N00140510EA0175701868
B1150154202857N00140508EA0173901866
B1150164202852N00140504EA0175201863
B1150174202847N00140500EA0175101860
B1150184202842N00140496EA0175201859
B1150194202838N00140493EA0173301858
B1150204202834N00140490EA0172301856
B1150214202830N00140487EA0174001853
B1150224202825N00140483EA0174101850
B1150234202821N00140478EA0175001848
B1150244202817N00140474EA0172401847
B1150254202813N00140470EA0172901846
B1150264202810N00140466EA0173101844
B1150274202806N00140462EA0173001843
B1150284202802N00140458EA0172301840
B1150294202798N00140455EA0173001836
B1150304202794N00140452EA0171801833
B1150314202789N00140449EA0171601830
B1150324202784N00140447EA0171901827
B1150334202778N00140443EA0171801824
B1150344202772N00140440EA0171901822
B1150354202767N00140437EA0171001821
B1150364202762N00140434EA0171501819
B1150374202756N00140432EA0171301817
B1150384202750N00140431EA0170701815
B1150394202745N00140429EA0169901813
B1150404202739N00140426EA0170401811
B1150414202734N00140422EA0170601809
B1150424202730N00140419EA0170201808
B1150434202725N00140416EA0169901807
B1150444202722N00140412EA0170001805
B1150454202718N00140409EA0169101803
B1150464202713N00140406EA0169401799
B1150474202707N00140403EA0168701796
B1150484202701N00140400EA0168601792
B1150494202695N00140398EA0168301789
B1150504202690N00140396EA0168401788
B1150514202685N00140393EA0168201788
B1150524202681N00140390EA0167201786
B1150534202676N00140388EA0167701783
B1150544202671N00140387EA0167301780
B1150554202665N00140385EA0167701778
B1150564202659N00140382EA0167801777
B1150574202655N00140380EA0167401777
B1150584202650N00140378EA0166801777
B1150594202646N00140376EA0166401776
B1151004202642N00140374EA0166201773
B1151014202636N00140370EA0166701771
B1151024202630N00140365EA0166201768
B1151034202626N00140359EA0166801767
B1151044202621N00140354EA0166201768
B1151054202617N00140349EA0164801766
B1151064202613N00140345EA0165301764
B1151074202608N00140340EA0166101762
B1151084202602N00140334EA0165801761
B1151094202598N00140329EA0165601760
B1151104202595N00140323EA0166101760
B1151114202592N00140318EA0165201759
B1151124202588N00140314EA0164901758
B1151134202584N00140309EA0164901756
B1151144202580N00140305EA0164701754
B1151154202576N00140300EA0164701753
B1151164202573N00140294EA0164601752
B1151174202569N00140288EA0164501750
B1151184202565N00140282EA0163701749
B1151194202561N00140277EA0164001747
B1151204202557N00140272EA0163701746
B1151214202554N00140265EA0164601745
B1151224202551N00140260EA0164201743
B1151234202547N00140255EA0163501741
B1151244202543N00140250EA0162601738
B1151254202539N00140246EA0163101735
B1151264202535N00140241EA0162801734
B1151274202531N00140236EA0164301733
B1151284202528N00140230EA0162601732
B1151294202524N00140225EA0162701729
B1151304202520N00140221EA0162201726
B1151314202515N00140217EA0162201723
B1151324202511N00140213EA0162601723
B1151334202507N00140208EA0162301720
B1151344202503N00140203EA0162101720
B1151354202499N00140200EA0160901718
B1151364202495N00140196EA0161601718
B1151374202491N00140193EA0162001717
B1151384202487N00140190EA0161701715
B1151394202483N00140187EA0162101714
B1151404202478N00140184EA0160601712
B1151414202474N00140182EA0161301710
B1151424202470N00140180EA0160901709
B1151434202466N00140177EA0161201709
B1151444202462N00140174EA0160401709
B1151454202459N00140172EA0160501708
B1151464202455N00140169EA0161101707
B1151474202451N00140166EA0161101706
B1151484202448N00140162EA0160101705
B1151494202444N00140158EA0160101704
B1151504202440N00140153EA0160901702
B1151514202437N00140148EA0159701700
B1151524202433N00140143EA0159701699
B1151534202429N00140140EA0159901698
B1151544202425N00140137EA0160301696
B1151554202421N00140135EA0159301696
B1151564202418N00140133EA0159901696
B1151574202414N00140133EA0158801694
B1151584202411N00140132EA0159201692
B1151594202406N00140132EA0158601689
B1152004202401N00140130EA0158001686
B1152014202397N00140129EA0158301684
B1152024202392N00140127EA0158901683
B1152034202389N00140124EA0158701684
B1152044202386N00140122EA0158101684
B1152054202382N00140122EA0157701682
B1152064202378N00140122EA0157601681
B1152074202372N00140121EA0158001680
B1152084202367N00140118EA0159501680
B1152094202363N00140115EA0158001680
B1152104202359N00140112EA0157601681
B1152114202355N00140110EA0157401680
B1152124202350N00140108EA0157301679
B1152134202344N00140106EA0158701675
B1152144202339N00140103EA0158001673
B1152154202333N00140100EA0157101673
B1152164202329N00140098EA0157201673
B1152174202324N00140095EA0156601672
B1152184202320N00140093EA0156701670
B1152194202315N00140089EA0156701667
B1152204202310N00140086EA0156801665
B1152214202305N00140081EA0157301663
B1152224202300N00140077EA0156501661
B1152234202296N00140074EA0155301660
B1152244202292N00140072EA0156401658
B1152254202288N00140071EA0155301657
B1152264202284N00140068EA0155501655
B1152274202280N00140067EA0156401653
B1152284202276N00140065EA0155401652
B1152294202271N00140063EA0155201650
B1152304202267N00140061EA0155201649
B1152314202263N00140059EA0155001648
B1152324202259N00140055EA0154901646
B1152334202255N00140051EA0154201644
B1152344202251N00140047EA0154301641
B1152354202246N00140043EA0154501639
B1152364202242N00140039EA0153901638
B1152374202238N00140035EA0153801636
B1152384202234N00140031EA0153401634
B1152394202230N00140028EA0153601632
B1152404202226N00140024EA0153401629
B1152414202221N00140020EA0152901627
B1152424202216N00140015EA0152901625
B1152434202212N00140010EA0152701624
B1152444202208N00140004EA0152601622
B1152454202204N00139999EA0151501621
B1152464202199N00139994EA0152201618
B1152474202195N00139989EA0152101615
B1152484202190N00139984EA0152501614
B1152494202186N00139979EA0152301614
B1152504202182N00139974EA0152001613
B1152514202178N00139969EA0151701613
B1152524202174N00139964EA0151001610
B1152534202170N00139959EA0151401608
B1152544202166N00139953EA0151201605
B1152554202161N00139947EA0151101603
B1152564202158N00139941EA0151101602
B1152574202154N00139936EA0151201601
B1152584202151N00139932EA0150701600
B1152594202148N00139928EA0150801598
B1153004202144N00139923EA0149801596
B1153014202140N00139917EA0150601594
B1153024202135N00139911EA0150201592
B1153034202131N00139907EA0150001589
B1153044202127N00139902EA0149901589
B1153054202122N00139898EA0149201588
B1153064202118N00139895EA0150001587
B1153074202113N00139891EA0150001585
B1153084202109N00139888EA0149301585
B1153094202104N00139884EA0149301584
B1153104202100N00139881EA0148901582
B1153114202096N00139877EA0149101580
B1153124202092N00139873EA0148101578
B1153134202087N00139868EA0148801577
B1153144202083N00139863EA0148601575
B1153154202079N00139858EA0148501574
B1153164202075N00139853EA0148301573
B1153174202071N00139849EA0147801571
B1153184202068N00139844EA0147901568
B1153194202064N00139840EA0147601566
B1153204202060N00139835EA0147701564
B1153214202057N00139831EA0147701563
B1153224202053N00139827EA0147301561
B1153234202050N00139824EA0147001559
B1153244202047N00139821EA0147001557
B1153254202044N00139819EA0145701554
B1153264202040N00139817EA0146701550
B1153274202035N00139814EA0145701548
B1153284202031N00139810EA0146501545
B1153294202026N00139805EA0146101543
B1153304202020N00139803EA0145301542
B1153314202016N00139802EA0145701543
B1153324202011N00139802EA0145301543
B1153334202008N00139800EA0146301545
B1153344202005N00139797EA0145801545
B1153354202002N00139795EA0144501541
B1153364201998N00139792EA0144901537
B1153374201993N00139788EA0145201534
B1153384201988N00139785EA0144601532
B1153394201983N00139782EA0144201532
B1153404201979N00139781EA0144901532
B1153414201975N00139780EA0144901532
B1153424201972N00139778EA0145201533
B1153434201970N00139777EA0144301536
B1153444201968N00139776EA0145101538
B1153454201965N00139776EA0144801538
B1153464201962N00139777EA0145201538
B1153474201959N00139776EA0145501538
B1153484201956N00139774EA0144901539
B1153494201954N00139771EA0145701539
B1153504201952N00139766EA0144801540
B1153514201950N00139761EA0145901540
B1153524201948N00139757EA0144501541
B1153534201946N00139753EA0144101540
B1153544201943N00139750EA0145001538
B1153554201940N00139747EA0144201538
B1153564201936N00139744EA0144601537
B1153574201933N00139741EA0145001537
B1153584201929N00139736EA0144601538
B1153594201927N00139732EA0144201539
B1154004201924N00139727EA0144401539
B1154014201921N00139722EA0143401538
B1154024201918N00139715EA0144201537
B1154034201915N00139706EA0144901537
B1154044201912N00139699EA0146101539
B1154054201910N00139691EA0145401546
B1154064201908N00139685EA0145501550
B1154074201906N00139681EA0145101553
B1154084201903N00139679EA0145501555
B1154094201899N00139679EA0145801557
B1154104201895N00139682EA0145301559
B1154114201893N00139689EA0146401561
B1154124201895N00139695EA0146701564
B1154134201900N00139698EA0147201566
B1154144201905N00139699EA0147601568
B1154154201911N00139698EA0147501570
B1154164201917N00139694EA0147801572
B1154174201923N00139687EA0147801575
B1154184201928N00139681EA0147901575
B1154194201931N00139673EA0147201577
B1154204201932N00139665EA0147701578
B1154214201931N00139657EA0148601581
B1154224201928N00139651EA0149701585
B1154234201926N00139647EA0149901588
B1154244201923N00139645EA0150101592
B1154254201920N00139645EA0150201597
B1154264201918N00139646EA0150601600
B1154274201915N00139650EA0150001603
B1154284201914N00139654EA0150501604
B1154294201915N00139660EA0150801608
B1154304201918N00139666EA0151501611
B1154314201921N00139669EA0152201615
B1154324201925N00139671EA0152401618
B1154334201929N00139671EA0152701621
B1154344201934N00139670EA0152601623
B1154354201939N00139667EA0151701623
B1154364201944N00139663EA0152601621
B1154374201950N00139657EA0152501621
B1154384201955N00139652EA0152801623
B1154394201959N00139645EA0153101625
B1154404201962N00139639EA0152801628
B1154414201965N00139632EA0153601630
B1154424201966N00139623EA0153601632
B1154434201966N00139616EA0153001633
B1154444201965N00139610EA0153801635
B1154454201963N00139606EA0155001637
B1154464201959N00139602EA0154801639
B1154474201955N00139599EA0155001642
B1154484201952N00139596EA0154901645
B1154494201949N00139594EA0154401647
B1154504201946N00139592EA0155801650
B1154514201943N00139591EA0155301651
B1154524201939N00139592EA0154801653
B1154534201935N00139594EA0155901653
B1154544201931N00139597EA0155401654
B1154554201928N00139601EA0156601655
B1154564201926N00139604EA0155901656
B1154574201924N00139608EA0156401659
B1154584201923N00139610EA0156201662
B1154594201923N00139613EA0155601662
B1155004201923N00139619EA0156201661
B1155014201923N00139625EA0156701661
B1155024201923N00139632EA0157301662
B1155034201922N00139637EA0156501667
B1155044201922N00139642EA0156301670
B1155054201923N00139647EA0156601672
B1155064201924N00139653EA0156801674
B1155074201926N00139658EA0157101674
B1155084201929N00139663EA0157501675
B1155094201933N00139668EA0157201676
B1155104201938N00139672EA0157301676
B1155114201943N00139675EA0157401677
B1155124201949N00139677EA0157701678
B1155134201954N00139676EA0157701679
B1155144201959N00139674EA0157601679
B1155154201964N00139672EA0157301678
B1155164201970N00139666EA0156601677
B1155174201976N00139658EA0157001675
B1155184201980N00139649EA0156901673
B1155194201982N00139639EA0157601672
B1155204201984N00139631EA0156801674
B1155214201986N00139623EA0157301677
B1155224201988N00139615EA0157001678
B1155234201989N00139608EA0156801679
B1155244201988N00139601EA0157901679
B1155254201986N00139595EA0157101680
B1155264201984N00139589EA0157801680
B1155274201982N00139584EA0158001681
B1155284201979N00139579EA0158301682
B1155294201976N00139574EA0158701683
B1155304201973N00139570EA0157701684
B1155314201970N00139566EA0159001686
B1155324201966N00139562EA0158801688
B1155334201963N00139557EA0159201690
B1155344201961N00139554EA0159101692
B1155354201959N00139553EA0158701694
B1155364201958N00139552EA0159501694
B1155374201956N00139552EA0160001695
B1155384201955N00139552EA0160101695
B1155394201954N00139553EA0159001695
B1155404201953N00139556EA0158901695
B1155414201954N00139559EA0159001695
B1155424201956N00139563EA0158701696
B1155434201959N00139567EA0159301696
B1155444201964N00139572EA0158901695
B1155454201970N00139576EA0159001694
B1155464201977N00139578EA0159701694
B1155474201984N00139580EA0159601697
B1155484201990N00139580EA0159501702
B1155494201996N00139579EA0160101706
B1155504202003N00139578EA0159701707
B1155514202009N00139575EA0160301709
B1155524202015N00139571EA0160201710
B1155534202021N00139565EA0160501710
B1155544202026N00139557EA0161001710
B1155554202030N00139550EA0160601712
B1155564202033N00139541EA0160401713
B1155574202034N00139533EA0161301715
B1155584202035N00139525EA0161201716
B1155594202036N00139517EA0161301719
B1156004202036N00139509EA0161301721
B1156014202034N00139501EA0162101722
B1156024202033N00139493EA0162101724
B1156034202030N00139485EA0162601728
B1156044202028N00139479EA0162301731
B1156054202025N00139474EA0162601733
B1156064202021N00139470EA0163501735
B1156074202017N00139467EA0163201737
B1156084202014N00139466EA0163801739
B1156094202013N00139465EA0164101741
B1156104202012N00139465EA0164501744
B1156114202011N00139464EA0164401747
B1156124202010N00139464EA0164201750
B1156134202010N00139466EA0165101751
B1156144202010N00139469EA0165301753
B1156154202010N00139472EA0164801755
B1156164202011N00139476EA0165101757
B1156174202012N00139479EA0165201758
B1156184202014N00139483EA0165401758
B1156194202016N00139487EA0166101760
B1156204202019N00139492EA0166901761
B1156214202024N00139495EA0166101763
B1156224202030N00139496EA0166001763
B1156234202038N00139494EA0166301765
B1156244202044N00139489EA0166501766
B1156254202050N00139482EA0166801768
B1156264202054N00139477EA0167201773
B1156274202058N00139471EA0167601776
B1156284202061N00139464EA0168001779
B1156294202063N00139457EA0167801781
B1156304202063N00139449EA0168401782
B1156314202062N00139443EA0167601785
B1156324202059N00139438EA0168901788
B1156334202055N00139434EA0168901791
B1156344202052N00139431EA0169201794
B1156354202049N00139429EA0169701797
B1156364202045N00139427EA0169401802
B1156374202044N00139423EA0170601805
B1156384202043N00139416EA0169001807
B1156394202043N00139406EA0170601807
B1156404202042N00139396EA0170801809
B1156414202041N00139389EA0171301817
B1156424202040N00139384EA0171701823
B1156434202037N00139380EA0170401827
B1156444202033N00139378EA0171701829
B1156454202029N00139375EA0172601831
B1156464202025N00139372EA0172201834
B1156474202022N00139369EA0172501837
B1156484202019N00139367EA0172201840
B1156494202016N00139366EA0172801841
B1156504202012N00139366EA0173901844
B1156514202009N00139368EA0173201845
B1156524202006N00139369EA0174201847
B1156534202004N00139371EA0173601848
B1156544202002N00139373EA0173901846
B1156554202001N00139377EA0173301844
B1156564202001N00139382EA0173901842
B1156574202003N00139387EA0173001842
B1156584202006N00139391EA0174301842
B1156594202010N00139393EA0173901843
B1157004202014N00139395EA0173801844
B1157014202019N00139396EA0173701845
B1157024202025N00139397EA0174301845
B1157034202031N00139398EA0174101847
B1157044202038N00139397EA0174301848
B1157054202044N00139394EA0174501850
B1157064202051N00139389EA0174201850
B1157074202056N00139382EA0174601850
B1157084202062N00139375EA0175001851
B1157094202066N00139366EA0175301855
B1157104202069N00139358EA0175101859
B1157114202070N00139349EA0176001862
B1157124202072N00139340EA0175601863
B1157134202072N00139331EA0176401866
B1157144202072N00139322EA0176901870
B1157154202071N00139315EA0176401875
B1157164202070N00139308EA0177601880
B1157174202068N00139302EA0178001884
B1157184202066N00139296EA0177001888
B1157194202063N00139290EA0178101891
B1157204202059N00139286EA0178801894
B1157214202054N00139282EA0179301897
B1157224202050N00139279EA0179101901
B1157234202047N00139274EA0179801905
B1157244202044N00139270EA0180001908
B1157254202041N00139265EA0180101910
B1157264202037N00139262EA0179801913
B1157274202032N00139260EA0180101915
B1157284202026N00139258EA0180601917
B1157294202022N00139257EA0181501920
B1157304202017N00139255EA0180801923
B1157314202013N00139253EA0181301925
B1157324202009N00139252EA0181001925
B1157334202004N00139252EA0181201926
B1157344201999N00139252EA0181301927
B1157354201993N00139253EA0181601928
B1157364201989N00139255EA0181401930
B1157374201986N00139256EA0181101930
B1157384201983N00139259EA0181201930
B1157394201978N00139262EA0181201931
B1157404201974N00139267EA0181301930
B1157414201969N00139271EA0180801931
B1157424201967N00139276EA0182101931
B1157434201965N00139280EA0182201933
B1157444201962N00139282EA0182001937
B1157454201960N00139284EA0181401936
B1157464201958N00139287EA0181201936
B1157474201955N00139291EA0182001935
B1157484201953N00139296EA0181901935
B1157494201952N00139301EA0181601935
B1157504201951N00139305EA0181801935
B1157514201952N00139310EA0181801934
B1157524201953N00139314EA0181101933
B1157534201957N00139316EA0181101931
B1157544201963N00139317EA0180801929
B1157554201970N00139314EA0181201927
B1157564201975N00139310EA0181401926
B1157574201980N00139307EA0181101926
B1157584201986N00139303EA0181201928
B1157594201991N00139299EA0181101928
B1158004201996N00139293EA0181001929
B1158014202000N00139286EA0181001929
B1158024202004N00139278EA0181601928
B1158034202007N00139270EA0181401929
B1158044202009N00139263EA0181601931
B1158054202010N00139257EA0181901933
B1158064202011N00139252EA0181801934
B1158074202011N00139246EA0181701933
B1158084202010N00139240EA0181001931
B1158094202008N00139234EA0182201927
B1158104202005N00139229EA0180201924
B1158114202002N00139224EA0180901923
B1158124201999N00139218EA0180901921
B1158134201996N00139212EA0180401921
B1158144201993N00139207EA0180701920
B1158154201989N00139202EA0180801920
B1158164201986N00139197EA0180901921
B1158174201984N00139192EA0180801921
B1158184201982N00139186EA0180301920
B1158194201980N00139180EA0180001919
B1158204201977N00139174EA0180601917
B1158214201973N00139169EA0180601916
B1158224201968N00139163EA0180301914
B1158234201964N00139156EA0180401914
B1158244201960N00139148EA0181001912
B1158254201956N00139141EA0179701912
B1158264201953N00139135EA0180301912
B1158274201951N00139130EA0180501913
B1158284201949N00139124EA0180501913
B1158294201947N00139119EA0180301912
B1158304201945N00139113EA0179301912
B1158314201943N00139106EA0179701910
B1158324201942N00139099EA0179901909
B1158334201942N00139092EA0180401908
B1158344201942N00139085EA0179301906
B1158354201941N00139079EA0179401903
B1158364201939N00139073EA0179401900
B1158374201935N00139068EA0179101897
B1158384201932N00139063EA0178401895
B1158394201928N00139058EA0179101893
B1158404201925N00139053EA0177601891
B1158414201922N00139048EA0178101890
B1158424201919N00139043EA0177601888
B1158434201916N00139039EA0177401886
B1158444201912N00139035EA0177701884
B1158454201909N00139033EA0177501882
B1158464201905N00139032EA0176701880
B1158474201901N00139030EA0177701879
B1158484201898N00139028EA0176601877
B1158494201894N00139026EA0177901875
B1158504201890N00139024EA0176001872
B1158514201885N00139023EA0176201870
B1158524201881N00139022EA0175801868
B1158534201877N00139021EA0175901867
B1158544201873N00139019EA0175801867
B1158554201870N00139017EA0175801866
B1158564201867N00139015EA0174801866
B1158574201863N00139014EA0175201864
B1158584201858N00139013EA0174901862
B1158594201853N00139012EA0175201860
B1159004201849N00139011EA0174901859
B1159014201845N00139010EA0175301857
B1159024201841N00139008EA0174101856
B1159034201837N00139006EA0174001854
B1159044201832N00139004EA0174601853
B1159054201828N00139002EA0173901851
B1159064201823N00139001EA0173701849
B1159074201819N00138999EA0172901847
B1159084201814N00138997EA0173001844
B1159094201810N00138995EA0173101842
B1159104201806N00138993EA0174201840
B1159114201801N00138992EA0173501839
B1159124201797N00138991EA0172101837
B1159134201793N00138990EA0172601835
B1159144201788N00138989EA0172001834
B1159154201784N00138989EA0172301832
B1159164201779N00138988EA0171901830
B1159174201775N00138986EA0172101827
B1159184201770N00138985EA0171301825
B1159194201765N00138983EA0171101823
B1159204201760N00138982EA0171401821
B1159214201756N00138980EA0170901820
B1159224201751N00138978EA0171101818
B1159234201746N00138976EA0171001817
B1159244201740N00138973EA0171001815
B1159254201734N00138972EA0169501812
B1159264201728N00138971EA0169701809
B1159274201721N00138968EA0170201807
B1159284201715N00138965EA0170001807
B1159294201710N00138961EA0169501806
B1159304201705N00138958EA0169701805
B1159314201700N00138956EA0169701803
B1159324201695N00138955EA0168101801
B1159334201690N00138955EA0169101800
B1159344201685N00138955EA0169001798
B1159354201680N00138956EA0168301797
B1159364201674N00138955EA0168601795
B1159374201669N00138954EA0169401794
B1159384201664N00138951EA0168801794
B1159394201660N00138949EA0169101793
B1159404201655N00138948EA0168201791
B1159414201651N00138948EA0167401789
B1159424201646N00138948EA0167801787
B1159434201641N00138948EA0167601785
B1159444201636N00138947EA0168301782
B1159454201632N00138946EA0167401780
B1159464201627N00138945EA0167001778
B1159474201623N00138945EA0166901776
B1159484201618N00138946EA0166001774
B1159494201614N00138945EA0167201773
B1159504201610N00138945EA0166901771
B1159514201606N00138945EA0166501768
B1159524201602N00138945EA0166201767
B1159534201598N00138945EA0165701764
B1159544201593N00138945EA0165401762
B1159554201588N00138945EA0165301760
B1159564201583N00138943EA0165801758
B1159574201578N00138942EA0165801757
B1159584201574N00138940EA0165601758
B1159594201570N00138939EA0165401757
B1200004201566N00138940EA0166101756
B1200014201561N00138942EA0164601755
B1200024201557N00138942EA0164701755
B1200034201552N00138942EA0165501755
B1200044201546N00138940EA0166101754
B1200054201540N00138938EA0165901755
B1200064201535N00138937EA0166001756
B1200074201531N00138939EA0166201758
B1200084201528N00138942EA0166201760
B1200094201526N00138946EA0167001765
B1200104201525N00138950EA0166601768
B1200114201525N00138956EA0166901770
B1200124201527N00138964EA0167101771
B1200134201530N00138972EA0167401771
B1200144201535N00138978EA0167101772
B1200154201541N00138981EA0167201772
B1200164201547N00138982EA0167101771
B1200174201553N00138980EA0166501769
B1200184201559N00138977EA0166101765
B1200194201563N00138972EA0165501761
B1200204201566N00138964EA0165401755
B1200214201566N00138956EA0164301752
B1200224201563N00138948EA0166001750
B1200234201560N00138941EA0164201749
B1200244201556N00138936EA0165001749
B1200254201551N00138932EA0165001750
B1200264201546N00138930EA0165601751
B1200274201541N00138929EA0166301752
B1200284201536N00138929EA0166101753
B1200294201532N00138930EA0165901756
B1200304201529N00138931EA0166201757
B1200314201526N00138933EA0166401759
B1200324201522N00138935EA0166601760
B1200334201518N00138937EA0166401761
B1200344201513N00138940EA0167001763
B1200354201509N00138943EA0166501766
B1200364201505N00138946EA0167501769
B1200374201501N00138949EA0167701772
B1200384201497N00138952EA0167601774
B1200394201493N00138956EA0167701775
B1200404201490N00138960EA0167801776
B1200414201486N00138964EA0168001776
B1200424201482N00138967EA0168501776
B1200434201479N00138970EA0167601777
B1200444201475N00138973EA0167101774
B1200454201472N00138977EA0166801772
B1200464201468N00138980EA0167201770
B1200474201462N00138982EA0166601767
B1200484201456N00138983EA0167501766
B1200494201449N00138983EA0166201764
B1200504201443N00138983EA0165701764
B1200514201437N00138982EA0165401762
B1200524201430N00138981EA0165801760
B1200534201424N00138982EA0165601762
B1200544201419N00138982EA0165501763
B1200554201415N00138981EA0166001765
B1200564201412N00138978EA0166201764
B1200574201408N00138977EA0164201761
B1200584201403N00138975EA0164501758
B1200594201397N00138973EA0165101755
B1201004201391N00138970EA0165001753
B1201014201386N00138965EA0163601750
B1201024201382N00138961EA0164101750
B1201034201378N00138957EA0163201748
B1201044201374N00138953EA0162401746
B1201054201369N00138950EA0162901743
B1201064201363N00138947EA0162301739
B1201074201357N00138944EA0162101736
B1201084201352N00138941EA0162001734
B1201094201347N00138937EA0161601732
B1201104201342N00138933EA0161601729
B1201114201337N00138929EA0161801726
B1201124201332N00138926EA0161101723
B1201134201327N00138922EA0161101720
B1201144201322N00138919EA0160501717
B1201154201317N00138916EA0160501714
B1201164201312N00138912EA0160301713
B1201174201307N00138909EA0160101711
B1201184201302N00138905EA0159901710
B1201194201298N00138902EA0158501708
B1201204201293N00138897EA0159301705
B1201214201288N00138893EA0159601701
B1201224201284N00138888EA0158901698
B1201234201279N00138884EA0159201696
B1201244201275N00138880EA0158701694
B1201254201270N00138876EA0158401692
B1201264201265N00138872EA0158301690
B1201274201260N00138868EA0157901686
B1201284201256N00138863EA0157801684
B1201294201252N00138859EA0157301682
B1201304201249N00138855EA0156401679
B1201314201245N00138850EA0156901676
B1201324201240N00138845EA0157001672
B1201334201235N00138840EA0156401668
B1201344201231N00138836EA0156301666
B1201354201226N00138832EA0155901664
B1201364201223N00138828EA0155501663
B1201374201220N00138825EA0155701660
B1201384201215N00138820EA0156201658
B1201394201211N00138816EA0155001655
B1201404201205N00138813EA0154701651
B1201414201200N00138810EA0154201649
B1201424201196N00138807EA0154701647
B1201434201192N00138803EA0154101644
B1201444201187N00138799EA0153701641
B1201454201183N00138796EA0153601637
B1201464201177N00138792EA0153501635
B1201474201172N00138789EA0152501632
B1201484201168N00138784EA0153501630
B1201494201164N00138780EA0152701628
B1201504201160N00138776EA0152501624
B1201514201155N00138772EA0151601619
B1201524201150N00138768EA0152001614
B1201534201144N00138764EA0151601610
B1201544201139N00138760EA0151201607
B1201554201134N00138756EA0151201606
B1201564201129N00138752EA0150901605
B1201574201125N00138748EA0150601603
B1201584201120N00138744EA0150001600
B1201594201115N00138740EA0150201598
B1202004201111N00138735EA0150201595
B1202014201106N00138730EA0149501592
B1202024201101N00138726EA0149401590
B1202034201096N00138722EA0149801589
B1202044201092N00138718EA0149901588
B1202054201087N00138714EA0149001586
B1202064201083N00138710EA0149401583
B1202074201078N00138707EA0149301581
B1202084201073N00138704EA0148701580
B1202094201068N00138701EA0148101579
B1202104201064N00138697EA0148601579
B1202114201060N00138693EA0149201579
B1202124201056N00138689EA0149101578
B1202134201052N00138686EA0148801578
B1202144201049N00138683EA0149501577
B1202154201045N00138680EA0148901576
B1202164201041N00138678EA0149401575
B1202174201036N00138676EA0148301574
B1202184201032N00138673EA0148801574
B1202194201028N00138671EA0149101574
B1202204201024N00138668EA0148301574
B1202214201020N00138665EA0148201573
B1202224201015N00138663EA0148801570
B1202234201011N00138662EA0148401569
B1202244201006N00138661EA0148001568
B1202254201002N00138661EA0147901568
B1202264200998N00138659EA0147901568
B1202274200994N00138657EA0148401568
B1202284200990N00138655EA0147601567
B1202294200986N00138653EA0148201566
B1202304200981N00138651EA0147601565
B1202314200977N00138650EA0147801564
B1202324200973N00138648EA0147301564
B1202334200969N00138646EA0147801564
B1202344200965N00138644EA0147601563
B1202354200961N00138641EA0146901563
B1202364200957N00138640EA0147601561
B1202374200953N00138638EA0147501560
B1202384200950N00138635EA0147401560
B1202394200946N00138633EA0146801559
B1202404200943N00138631EA0147001557
B1202414200939N00138628EA0147101554
B1202424200935N00138627EA0146801552
B1202434200931N00138625EA0146401551
B1202444200928N00138624EA0146401550
B1202454200924N00138622EA0146101549
B1202464200920N00138620EA0146301546
B1202474200916N00138617EA0146401543
B1202484200912N00138615EA0145201541
B1202494200908N00138613EA0144601538
B1202504200904N00138612EA0144801536
B1202514200900N00138610EA0146001534
B1202524200897N00138608EA0144601533
B1202534200893N00138605EA0144901530
B1202544200889N00138603EA0143901528
B1202554200885N00138601EA0143701526
B1202564200881N00138599EA0144001525
B1202574200877N00138596EA0144101524
B1202584200874N00138593EA0143801522
B1202594200870N00138590EA0143301520
B1203004200866N00138588EA0143301517
B1203014200862N00138586EA0142601515
B1203024200858N00138584EA0143001513
B1203034200854N00138581EA0143301512
B1203044200850N00138578EA0142101511
B1203054200847N00138576EA0142401510
B1203064200843N00138574EA0142201508
B1203074200839N00138572EA0141501506
B1203084200835N00138569EA0141601504
B1203094200831N00138567EA0142001502
B1203104200826N00138565EA0141901501
B1203114200822N00138564EA0140901501
B1203124200818N00138563EA0140701500
B1203134200814N00138562EA0140701498
B1203144200810N00138561EA0141501496
B1203154200805N00138559EA0140701495
B1203164200800N00138556EA0140701493
B1203174200795N00138555EA0140701491
B1203184200789N00138556EA0138601489
B1203194200784N00138557EA0140301488
B1203204200779N00138557EA0140801489
B1203214200775N00138555EA0140501490
B1203224200771N00138553EA0140401492
B1203234200767N00138553EA0140201492
B1203244200764N00138554EA0140301491
B1203254200760N00138556EA0140001492
B1203264200756N00138557EA0139501492
B1203274200752N00138558EA0141001492
B1203284200748N00138559EA0140301492
B1203294200743N00138559EA0140301493
B1203304200738N00138559EA0141501494
B1203314200734N00138558EA0140701495
B1203324200730N00138558EA0141201498
B1203334200726N00138558EA0141001499
B1203344200723N00138559EA0141301502
B1203354200720N00138560EA0141401505
B1203364200717N00138562EA0141501506
B1203374200714N00138565EA0141901507
B1203384200712N00138569EA0142001509
B1203394200711N00138575EA0141801509
B1203404200710N00138580EA0142101511
B1203414200711N00138586EA0142601511
B1203424200714N00138591EA0142601512
B1203434200720N00138594EA0141401512
B1203444200726N00138595EA0142601512
B1203454200732N00138593EA0143401513
B1203464200737N00138589EA0143301514
B1203474200740N00138585EA0143201516
B1203484200743N00138580EA0143001517
B1203494200744N00138574EA0142901518
B1203504200744N00138567EA0143101520
B1203514200742N00138561EA0143801521
B1203524200740N00138555EA0143801523
B1203534200736N00138550EA0143601525
B1203544200733N00138547EA0143801527
B1203554200729N00138544EA0144001529
B1203564200725N00138542EA0144401531
B1203574200721N00138540EA0144201533
B1203584200717N00138539EA0144601534
B1203594200713N00138539EA0144101536
B1204004200710N00138540EA0145001538
B1204014200707N00138543EA0145401539
B1204024200705N00138546EA0145301541
B1204034200703N00138551EA0145001542
B1204044200702N00138557EA0145101542
B1204054200703N00138564EA0145001542
B1204064200706N00138571EA0145501542
B1204074200710N00138576EA0145701543
B1204084200715N00138578EA0146201545
B1204094200721N00138579EA0145801547
B1204104200726N00138578EA0145701549
B1204114200731N00138575EA0146001550
B1204124200736N00138571EA0146301552
B1204134200739N00138565EA0145901552
B1204144200741N00138558EA0146501554
B1204154200741N00138550EA0146201554
B1204164200739N00138543EA0146501554
B1204174200736N00138537EA0146801556
B1204184200732N00138533EA0146201558
B1204194200728N00138531EA0146401559
B1204204200723N00138530EA0146801560
B1204214200720N00138530EA0147001560
B1204224200716N00138531EA0147101561
B1204234200713N00138534EA0146401562
B1204244200710N00138538EA0146401562
B1204254200708N00138545EA0147101561
B1204264200707N00138552EA0147201561
B1204274200708N00138559EA0147101562
B1204284200710N00138565EA0147101562
B1204294200714N00138570EA0146801562
B1204304200720N00138572EA0146801562
B1204314200727N00138572EA0146701561
B1204324200733N00138569EA0147501560
B1204334200739N00138563EA0147401561
B1204344200743N00138557EA0146901562
B1204354200745N00138550EA0147301563
B1204364200747N00138543EA0147501566
B1204374200749N00138536EA0147901569
B1204384200750N00138529EA0148101570
B1204394200748N00138522EA0148001570
B1204404200746N00138515EA0148101570
B1204414200742N00138509EA0148501570
B1204424200738N00138504EA0148401571
B1204434200734N00138500EA0148101571
B1204444200730N00138497EA0148001571
B1204454200725N00138494EA0147701572
B1204464200721N00138491EA0148601572
B1204474200716N00138489EA0148301572
B1204484200712N00138485EA0148201573
B1204494200709N00138482EA0148601573
B1204504200705N00138478EA0148101572
B1204514200700N00138474EA0148201572
B1204524200695N00138472EA0148201571
B1204534200690N00138471EA0148201572
B1204544200686N00138468EA0148601573
B1204554200682N00138465EA0148401573
B1204564200678N00138462EA0148701574
B1204574200674N00138460EA0148301574
B1204584200669N00138460EA0148101574
B1204594200664N00138461EA0148201575
B1205004200660N00138462EA0148701575
B1205014200655N00138462EA0148501575
B1205024200651N00138461EA0148501575
B1205034200646N00138460EA0147901574
B1205044200642N00138459EA0148001572
B1205054200637N00138457EA0147801570
B1205064200632N00138455EA0147901568
B1205074200627N00138454EA0147401566
B1205084200622N00138453EA0146601564
B1205094200617N00138452EA0146801562
B1205104200611N00138450EA0147001560
B1205114200605N00138447EA0147201558
B1205124200601N00138444EA0146501557
B1205134200597N00138440EA0145801557
B1205144200593N00138437EA0145201555
B1205154200589N00138433EA0144901551
B1205164200585N00138428EA0145301547
B1205174200581N00138421EA0145301543
B1205184200577N00138415EA0144901540
B1205194200573N00138409EA0144501537
B1205204200570N00138403EA0143901534
B1205214200567N00138396EA0144401531
B1205224200564N00138388EA0143701527
B1205234200561N00138380EA0143001523
B1205244200559N00138373EA0142501519
B1205254200556N00138365EA0142401516
B1205264200554N00138357EA0142501513
B1205274200552N00138347EA0141801511
B1205284200552N00138338EA0141701508
B1205294200552N00138329EA0141401506
B1205304200551N00138320EA0141301504
B1205314200551N00138312EA0140201501
B1205324200550N00138302EA0140901499
B1205334200550N00138293EA0141501495
B1205344200549N00138282EA0140701492
B1205354200549N00138272EA0140401489
B1205364200547N00138262EA0140001488
B1205374200547N00138253EA0140801488
B1205384200546N00138245EA0140201488
B1205394200546N00138238EA0139501487
B1205404200545N00138230EA0139101485
B1205414200543N00138221EA0139201483
B1205424200540N00138212EA0139101481
B1205434200538N00138203EA0139601480
B1205444200537N00138196EA0139301479
B1205454200535N00138187EA0139001477
B1205464200533N00138178EA0138801475
B1205474200531N00138169EA0138401472
B1205484200529N00138160EA0138801469
B1205494200527N00138151EA0137401469
B1205504200526N00138143EA0138001468
B1205514200525N00138135EA0138501467
B1205524200523N00138127EA0137201464
B1205534200522N00138117EA0137601461
B1205544200520N00138108EA0137601459
B1205554200519N00138100EA0137401458
B1205564200517N00138092EA0137301457
B1205574200516N00138085EA0136701455
B1205584200514N00138078EA0135901453
B1205594200513N00138069EA0136401449
B1206004200511N00138060EA0136101446
B1206014200510N00138052EA0136801444
B1206024200509N00138044EA0135001443
B1206034200508N00138036EA0135101440
B1206044200507N00138028EA0135001437
B1206054200505N00138020EA0134801433
B1206064200503N00138010EA0134501430
B1206074200501N00138001EA0133401427
B1206084200499N00137991EA0134201426
B1206094200498N00137983EA0134701426
B1206104200497N00137975EA0134201426
B1206114200495N00137968EA0132501425
B1206124200493N00137960EA0133601423
B1206134200492N00137951EA0134001421
B1206144200490N00137943EA0134301419
B1206154200487N00137935EA0133501419
B1206164200485N00137928EA0133001418
B1206174200483N00137920EA0133401417
B1206184200481N00137912EA0132901416
B1206194200480N00137903EA0134701413
B1206204200479N00137894EA0133101412
B1206214200478N00137886EA0132901412
B1206224200477N00137878EA0132601412
B1206234200477N00137871EA0132201411
B1206244200477N00137863EA0131801409
B1206254200477N00137854EA0132901406
B1206264200478N00137845EA0131901404
B1206274200479N00137836EA0132201402
B1206284200479N00137827EA0132001401
B1206294200480N00137819EA0131601400
B1206304200480N00137810EA0130901398
B1206314200481N00137802EA0130701396
B1206324200482N00137793EA0131401393
B1206334200483N00137783EA0129601390
B1206344200484N00137773EA0129301386
B1206354200484N00137763EA0129801383
B1206364200485N00137753EA0129801381
B1206374200485N00137743EA0130701378
B1206384200486N00137734EA0129101376
B1206394200485N00137725EA0128701373
B1206404200485N00137717EA0127901370
B1206414200484N00137708EA0129201367
B1206424200483N00137699EA0128101363
B1206434200482N00137690EA0127601360
B1206444200481N00137681EA0127301357
B1206454200480N00137672EA0126001356
B1206464200479N00137664EA0127201354
B1206474200478N00137656EA0126801351
B1206484200477N00137647EA0126501347
B1206494200476N00137638EA0126101343
B1206504200475N00137628EA0125801340
B1206514200473N00137619EA0125501337
B1206524200471N00137611EA0125401335
B1206534200469N00137603EA0125201333
B1206544200468N00137594EA0124701331
B1206554200467N00137586EA0124801328
B1206564200465N00137577EA0124601326
B1206574200464N00137569EA0124501323
B1206584200463N00137560EA0124101321
B1206594200462N00137551EA0123701318
B1207004200461N00137542EA0123801316
B1207014200460N00137533EA0123601314
B1207024200458N00137524EA0123601312
B1207034200457N00137516EA0123101310
B1207044200456N00137507EA0123101309
B1207054200455N00137499EA0122801306
B1207064200453N00137489EA0122601304
B1207074200452N00137480EA0122401301
B1207084200450N00137470EA0122401299
B1207094200448N00137461EA0122201298
B1207104200447N00137453EA0122201297
B1207114200446N00137445EA0122001296
B1207124200444N00137436EA0121401294
B1207134200443N00137427EA0120901292
B1207144200442N00137417EA0122401290
B1207154200440N00137407EA0121301288
B1207164200439N00137398EA0121401287
B1207174200438N00137390EA0121201286
B1207184200437N00137383EA0120501285
B1207194200436N00137375EA0121101283
B1207204200435N00137367EA0120001280
B1207214200434N00137357EA0120601277
B1207224200433N00137349EA0120301275
B1207234200432N00137341EA0119901274
B1207244200432N00137334EA0119801273
B1207254200432N00137326EA0119401271
B1207264200432N00137318EA0119001268
B1207274200432N00137310EA0119501264
B1207284200431N00137301EA0118501261
B1207294200430N00137292EA0118801258
B1207304200430N00137284EA0118701256
B1207314200429N00137276EA0117801255
B1207324200429N00137269EA0117801252
B1207334200429N00137261EA0118001250
B1207344200429N00137253EA0117701247
B1207354200428N00137246EA0117201243
B1207364200426N00137238EA0116801240
B1207374200425N00137230EA0117001238
B1207384200424N00137223EA0116501237
B1207394200423N00137215EA0116101234
B1207404200422N00137208EA0115801231
B1207414200420N00137200EA0115201228
B1207424200419N00137192EA0115101225
B1207434200417N00137184EA0116301223
B1207444200416N00137176EA0115501222
B1207454200416N00137168EA0115101220
B1207464200415N00137160EA0114201217
B1207474200415N00137151EA0113901214
B1207484200414N00137143EA0113501211
B1207494200414N00137134EA0113801208
B1207504200414N00137125EA0113901206
B1207514200414N00137117EA0113601204
B1207524200414N00137109EA0113301203
B1207534200414N00137102EA0113301200
B1207544200414N00137093EA0112801196
B1207554200414N00137084EA0112501193
B1207564200413N00137076EA0112201190
B1207574200413N00137067EA0112301188
B1207584200413N00137059EA0111601186
B1207594200412N00137051EA0110001183
B1208004200411N00137042EA0113101181
B1208014200411N00137034EA0111201177
B1208024200411N00137025EA0110401175
B1208034200411N00137017EA0110901172
B1208044200410N00137008EA0109701169
B1208054200410N00137000EA0110101167
B1208064200409N00136991EA0109801164
B1208074200408N00136983EA0109501162
B1208084200406N00136975EA0108801159
B1208094200405N00136967EA0109001156
B1208104200403N00136960EA0108701153
B1208114200401N00136951EA0109001151
B1208124200399N00136943EA0108701149
B1208134200398N00136935EA0108601147
B1208144200397N00136927EA0107201145
B1208154200395N00136919EA0106901142
B1208164200394N00136911EA0108101139
B1208174200393N00136902EA0106701136
B1208184200391N00136894EA0106401133
B1208194200390N00136885EA0106801130
B1208204200389N00136876EA0106301128
B1208214200387N00136867EA0106201126
B1208224200386N00136860EA0106101124
B1208234200385N00136852EA0105701123
B1208244200383N00136845EA0105401122
B1208254200382N00136837EA0106101121
B1208264200381N00136829EA0105701119
B1208274200380N00136821EA0105101117
B1208284200380N00136813EA0104801115
B1208294200379N00136805EA0104901114
B1208304200379N00136797EA0104801113
B1208314200378N00136790EA0104501113
B1208324200378N00136783EA0104001113
B1208334200378N00136777EA0104601112
B1208344200377N00136770EA0104501111
B1208354200377N00136763EA0104701110
B1208364200377N00136757EA0104201108
B1208374200375N00136751EA0104001107
B1208384200374N00136747EA0104001105
B1208394200371N00136743EA0104101103
B1208404200368N00136740EA0104201103
B1208414200365N00136737EA0103801103
B1208424200363N00136734EA0103201102
B1208434200359N00136733EA0103701102
B1208444200356N00136732EA0103501101
B1208454200351N00136733EA0103701101
B1208464200348N00136732EA0104101101
B1208474200346N00136732EA0103601102
B1208484200344N00136733EA0103401101
B1208494200343N00136735EA0103001100
B1208504200343N00136740EA0102501097
B1208514200345N00136745EA0103001094
B1208524200349N00136749EA0103001092
B1208534200354N00136752EA0102701091
B1208544200360N00136753EA0102301088
B1208554200366N00136752EA0101701086
B1208564200373N00136748EA0101601083
B1208574200379N00136741EA0101401080
B1208584200386N00136735EA0101101075
B1208594200392N00136730EA0101501076
B1209004200399N00136725EA0101901077
B1209014200404N00136720EA0100601078
B1209024200408N00136715EA0101401080
B1209034200412N00136709EA0101401078
B1209044200416N00136703EA0100901076
B1209054200418N00136696EA0100101073
B1209064200420N00136688EA0101601070
B1209074200422N00136679EA0099601067
B1209084200423N00136670EA0100401064
B1209094200424N00136660EA0099901062
B1209104200425N00136650EA0100101059
B1209114200426N00136640EA0099601057
B1209124200426N00136630EA0099501056
B1209134200426N00136622EA0099401055
B1209144200426N00136614EA0099001054
B1209154200425N00136605EA0098601052
B1209164200424N00136597EA0099301049
B1209174200422N00136588EA0098401047
B1209184200421N00136578EA0098501046
B1209194200420N00136570EA0099201048
B1209204200420N00136563EA0099201051
B1209214200421N00136557EA0099101053
B1209224200421N00136552EA0099101054
B1209234200420N00136547EA0099201054
B1209244200418N00136541EA0099601055
B1209254200415N00136538EA0098701056
B1209264200411N00136536EA0099701056
B1209274200408N00136536EA0100001055
B1209284200404N00136535EA0100101055
B1209294200402N00136535EA0100201055
B1209304200399N00136536EA0100201056
B1209314200397N00136538EA0100001057
B1209324200397N00136542EA0100201056
B1209334200398N00136548EA0099901056
B1209344200401N00136554EA0100201056
B1209354200406N00136559EA0100101056
B1209364200411N00136560EA0100201056
B1209374200416N00136560EA0100601055
B1209384200422N00136559EA0100301055
B1209394200427N00136558EA0100401055
B1209404200431N00136555EA0100301055
B1209414200434N00136550EA0099701054
B1209424200435N00136543EA0100201054
B1209434200435N00136535EA0100301054
B1209444200434N00136530EA0100701055
B1209454200434N00136526EA0101201057
B1209464200435N00136522EA0101001059
B1209474200435N00136518EA0101001060
B1209484200433N00136514EA0099701061
B1209494200430N00136512EA0102001062
B1209504200427N00136509EA0101501063
B1209514200424N00136507EA0101801064
B1209524200420N00136504EA0101301066
B1209534200417N00136503EA0101901066
B1209544200413N00136502EA0101301067
B1209554200410N00136502EA0101601067
B1209564200407N00136503EA0102401068
B1209574200403N00136503EA0102901069
B1209584200400N00136504EA0102001071
B1209594200398N00136505EA0102501072
B1210004200395N00136507EA0102701073
B1210014200393N00136509EA0102401073
B1210024200390N00136513EA0102501074
B1210034200389N00136518EA0102501075
B1210044200388N00136524EA0103201075
B1210054200389N00136529EA0103301076
B1210064200391N00136535EA0104401077
B1210074200394N00136539EA0103701078
B1210084200398N00136541EA0103401079
B1210094200404N00136540EA0103801080
B1210104200409N00136539EA0104401081
B1210114200414N00136535EA0104601082
B1210124200417N00136532EA0104701083
B1210134200421N00136528EA0104801084
B1210144200424N00136521EA0104501085
B1210154200425N00136515EA0104901086
B1210164200424N00136509EA0105401088
B1210174200421N00136504EA0105101089
B1210184200417N00136500EA0106201090
B1210194200414N00136499EA0105901092
B1210204200410N00136497EA0106201093
B1210214200407N00136497EA0105601094
B1210224200405N00136498EA0106501095
B1210234200403N00136499EA0106501095
B1210244200401N00136501EA0106301096
B1210254200399N00136503EA0106201098
B1210264200398N00136507EA0106301100
B1210274200398N00136513EA0106901100
B1210284200399N00136520EA0106901102
B1210294200402N00136526EA0106401103
B1210304200407N00136532EA0107201103
B1210314200412N00136534EA0106601104
B1210324200418N00136535EA0106701106
B1210334200423N00136535EA0106501107
B1210344200429N00136535EA0107101109
B1210354200435N00136534EA0107201113
B1210364200440N00136532EA0108701115
B1210374200446N00136528EA0107901119
B1210384200449N00136524EA0108001121
B1210394200451N00136520EA0108001122
B1210404200453N00136514EA0108101123
B1210414200454N00136508EA0108301124
B1210424200454N00136502EA0109201126
B1210434200453N00136496EA0108001128
B1210444200452N00136491EA0109101131
B1210454200450N00136487EA0108901133
B1210464200447N00136484EA0109301135
B1210474200443N00136482EA0109401136
B1210484200439N00136480EA0109401138
B1210494200437N00136480EA0109401139
B1210504200434N00136481EA0109501141
B1210514200431N00136482EA0109601142
B1210524200430N00136485EA0109701144
B1210534200429N00136489EA0109701145
B1210544200429N00136494EA0109501146
B1210554200430N00136501EA0109501147
B1210564200432N00136508EA0109401148
B1210574200436N00136513EA0109601149
B1210584200440N00136516EA0109701149
B1210594200445N00136518EA0109201149
B1211004200450N00136519EA0110801150
B1211014200454N00136519EA0110401150
B1211024200458N00136517EA0109901151
B1211034200462N00136514EA0110001151
B1211044200467N00136509EA0110001151
B1211054200472N00136504EA0110201152
B1211064200477N00136499EA0110701154
B1211074200480N00136494EA0110701157
B1211084200482N00136488EA0110901160
B1211094200483N00136481EA0111101162
B1211104200483N00136474EA0110901163
B1211114200481N00136468EA0110901164
B1211124200478N00136464EA0110401166
B1211134200475N00136461EA0111801167
B1211144200472N00136459EA0111301168
B1211154200469N00136457EA0111201169
B1211164200465N00136455EA0111001171
B1211174200462N00136455EA0110801172
B1211184200460N00136457EA0110801173
B1211194200458N00136460EA0111401175
B1211204200455N00136464EA0110801176
B1211214200454N00136469EA0110701177
B1211224200453N00136475EA0110901177
B1211234200454N00136482EA0111001178
B1211244200455N00136489EA0111101179
B1211254200458N00136495EA0111001180
B1211264200462N00136501EA0111301182
B1211274200465N00136507EA0111701183
B1211284200469N00136512EA0111201183
B1211294200473N00136517EA0111401183
B1211304200478N00136521EA0111701184
B1211314200482N00136525EA0111901185
B1211324200486N00136528EA0111701186
B1211334200491N00136531EA0111701186
B1211344200497N00136532EA0111701187
B1211354200503N00136532EA0111901186
B1211364200509N00136531EA0111601187
B1211374200515N00136529EA0111601187
B1211384200521N00136526EA0112301188
B1211394200526N00136522EA0112601189
B1211404200529N00136519EA0112001190
B1211414200531N00136514EA0111901190
B1211424200533N00136508EA0111301190
B1211434200533N00136502EA0112001188
B1211444200531N00136496EA0112001188
B1211454200529N00136491EA0112101189
B1211464200527N00136486EA0112201190
B1211474200525N00136482EA0112201191
B1211484200522N00136478EA0112001192
B1211494200520N00136474EA0112201192
B1211504200518N00136471EA0112201194
B1211514200515N00136470EA0111901194
B1211524200512N00136470EA0112301195
B1211534200508N00136471EA0112101195
B1211544200504N00136473EA0111701197
B1211554200500N00136476EA0111801198
B1211564200496N00136477EA0112001199
B1211574200492N00136478EA0112301200
B1211584200488N00136479EA0112101201
B1211594200484N00136480EA0112001203
B1212004200480N00136482EA0112201204
B1212014200476N00136484EA0113001206
B1212024200472N00136485EA0113401207
B1212034200469N00136484EA0112901209
B1212044200466N00136483EA0112901210
B1212054200464N00136483EA0113301211
B1212064200462N00136485EA0113101212
B1212074200459N00136488EA0112801213
B1212084200458N00136492EA0112901213
B1212094200458N00136498EA0112701213
B1212104200459N00136504EA0112901213
B1212114200462N00136509EA0113301212
B1212124200466N00136513EA0113401212
B1212134200470N00136516EA0113301213
B1212144200475N00136518EA0113501213
B1212154200479N00136519EA0113401213
B1212164200485N00136519EA0113401214
B1212174200490N00136517EA0114901214
B1212184200496N00136514EA0112701214
B1212194200502N00136509EA0113001213
B1212204200507N00136503EA0113101212
B1212214200511N00136497EA0113501213
B1212224200514N00136492EA0113701213
B1212234200515N00136486EA0113301212
B1212244200516N00136480EA0113301212
B1212254200517N00136472EA0113401211
B1212264200517N00136463EA0113901211
B1212274200516N00136455EA0113001211
B1212284200515N00136448EA0113301212
B1212294200515N00136441EA0113401213
B1212304200513N00136434EA0113601214
B1212314200511N00136428EA0113601214
B1212324200509N00136421EA0113801215
B1212334200506N00136416EA0113601216
B1212344200502N00136411EA0113601217
B1212354200499N00136407EA0114101218
B1212364200495N00136403EA0114001218
B1212374200491N00136399EA0114201219
B1212384200487N00136395EA0114301220
B1212394200483N00136391EA0114201221
B1212404200479N00136389EA0114301222
B1212414200475N00136387EA0114301222
B1212424200471N00136388EA0114601223
B1212434200467N00136390EA0114401223
B1212444200464N00136393EA0114201224
B1212454200463N00136396EA0115001225
B1212464200462N00136400EA0114801225
B1212474200463N00136404EA0115001225
B1212484200465N00136408EA0115301225
B1212494200468N00136412EA0115201225
B1212504200473N00136416EA0115201226
B1212514200478N00136418EA0116501226
B1212524200483N00136417EA0114501227
B1212534200488N00136415EA0115101228
B1212544200493N00136412EA0115601229
B1212554200497N00136409EA0116001230
B1212564200502N00136403EA0116101231
B1212574200505N00136397EA0116201232
B1212584200507N00136389EA0116401234
B1212594200507N00136382EA0116301233
B1213004200506N00136374EA0115301234
B1213014200503N00136369EA0116201235
B1213024200500N00136364EA0116501236
B1213034200496N00136359EA0117701237
B1213044200494N00136354EA0115501239
B1213054200491N00136349EA0117301241
B1213064200489N00136345EA0116901243
B1213074200486N00136341EA0117401245
B1213084200484N00136336EA0117601247
B1213094200481N00136333EA0117401248
B1213104200478N00136331EA0116901249
B1213114200474N00136331EA0117201249
B1213124200471N00136332EA0118101250
B1213134200468N00136334EA0117901251
B1213144200466N00136337EA0117001251
B1213154200466N00136342EA0117201252
B1213164200467N00136346EA0117601252
B1213174200471N00136350EA0118101251
B1213184200476N00136351EA0117101251
B1213194200480N00136352EA0117301251
B1213204200486N00136351EA0118101252
B1213214200491N00136350EA0118301253
B1213224200495N00136347EA0118301255
B1213234200498N00136343EA0118301255
B1213244200502N00136337EA0118801255
B1213254200506N00136331EA0119401257
B1213264200509N00136325EA0119701260
B1213274200511N00136318EA0119901262
B1213284200512N00136313EA0119301264
B1213294200510N00136305EA0120201266
B1213304200507N00136299EA0120801269
B1213314200505N00136295EA0120301271
B1213324200503N00136293EA0120901273
B1213334200501N00136294EA0120501274
B1213344200500N00136298EA0120901275
B1213354200499N00136302EA0121101277
B1213364200501N00136306EA0120801278
B1213374200506N00136308EA0120301279
B1213384200513N00136309EA0121601280
B1213394200520N00136309EA0120801281
B1213404200526N00136308EA0121501282
B1213414200531N00136307EA0122701284
B1213424200536N00136306EA0122101286
B1213434200540N00136306EA0122701288
B1213444200544N00136305EA0122301290
B1213454200550N00136302EA0123301291
B1213464200556N00136298EA0123501292
B1213474200561N00136293EA0122801293
B1213484200566N00136287EA0123801296
B1213494200570N00136280EA0122501298
B1213504200574N00136273EA0124201299
B1213514200577N00136265EA0124101300
B1213524200577N00136258EA0126301302
B1213534200577N00136249EA0124301304
B1213544200576N00136242EA0124801305
B1213554200573N00136236EA0124701306
B1213564200569N00136231EA0125701307
B1213574200565N00136228EA0124801309
B1213584200562N00136225EA0125901311
B1213594200559N00136221EA0126201313
B1214004200556N00136217EA0125901317
B1214014200554N00136215EA0126201319
B1214024200552N00136215EA0125901322
B1214034200549N00136217EA0126601324
B1214044200547N00136219EA0126601326
B1214054200545N00136222EA0126701328
B1214064200545N00136226EA0126701329
B1214074200548N00136229EA0126701331
B1214084200551N00136233EA0127101333
B1214094200556N00136235EA0127501333
B1214104200562N00136237EA0127501335
B1214114200569N00136236EA0127401337
B1214124200574N00136233EA0127501339
B1214134200576N00136226EA0128201341
B1214144200580N00136219EA0128501341
B1214154200581N00136211EA0127701342
B1214164200578N00136204EA0127801344
B1214174200575N00136198EA0129501346
B1214184200571N00136193EA0128101348
B1214194200569N00136192EA0129101350
B1214204200567N00136192EA0129501352
B1214214200565N00136191EA0129601353
B1214224200562N00136192EA0129201355
B1214234200559N00136194EA0129601357
B1214244200558N00136198EA0129601359
B1214254200558N00136202EA0130601361
B1214264200560N00136206EA0130501362
B1214274200562N00136212EA0130401364
B1214284200566N00136216EA0130801366
B1214294200571N00136221EA0130601367
B1214304200577N00136224EA0130401369
B1214314200584N00136223EA0131001369
B1214324200591N00136218EA0130801371
B1214334200597N00136212EA0131101370
B1214344200601N00136205EA0131001371
B1214354200606N00136199EA0131101371
B1214364200611N00136193EA0131301373
B1214374200615N00136185EA0131601376
B1214384200618N00136177EA0131801379
B1214394200619N00136169EA0132301382
B1214404200620N00136161EA0132401384
B1214414200619N00136154EA0132101386
B1214424200617N00136148EA0133001388
B1214434200615N00136144EA0133501390
B1214444200613N00136141EA0133201393
B1214454200611N00136140EA0133301395
B1214464200609N00136138EA0133901396
B1214474200607N00136137EA0133101398
B1214484200604N00136138EA0133101400
B1214494200602N00136141EA0133701402
B1214504200602N00136145EA0133801404
B1214514200603N00136149EA0134401406
B1214524200604N00136152EA0134501408
B1214534200606N00136154EA0134301410
B1214544200610N00136157EA0134301411
B1214554200614N00136161EA0134301413
B1214564200620N00136163EA0134801415
B1214574200626N00136163EA0135101417
B1214584200632N00136162EA0134801419
B1214594200637N00136160EA0135201421
B1215004200643N00136155EA0134801423
B1215014200648N00136149EA0135601423
B1215024200653N00136142EA0135801424
B1215034200657N00136135EA0136501425
B1215044200660N00136129EA0136401426
B1215054200662N00136123EA0136701428
B1215064200662N00136116EA0136301429
B1215074200662N00136108EA0135701430
B1215084200661N00136100EA0135701431
B1215094200658N00136091EA0136101431
B1215104200655N00136082EA0136701433
B1215114200653N00136075EA0136501436
B1215124200653N00136067EA0136601439
B1215134200653N00136060EA0137001442
B1215144200653N00136054EA0136701443
B1215154200652N00136047EA0136701444
B1215164200651N00136040EA0136401444
B1215174200648N00136035EA0136801443
B1215184200645N00136031EA0136201444
B1215194200641N00136028EA0135701444
B1215204200638N00136028EA0135901444
B1215214200635N00136028EA0136101445
B1215224200632N00136027EA0136001445
B1215234200629N00136028EA0135301445
B1215244200627N00136030EA0135501445
B1215254200625N00136034EA0135801446
B1215264200626N00136040EA0134701446
B1215274200627N00136046EA0134801445
B1215284200630N00136051EA0135001445
B1215294200633N00136055EA0134401445
B1215304200636N00136058EA0134201444
B1215314200640N00136061EA0134401444
B1215324200644N00136065EA0134401443
B1215334200648N00136069EA0134201443
B1215344200652N00136072EA0134001443
B1215354200658N00136076EA0134901443
B1215364200663N00136079EA0133401443
B1215374200669N00136083EA0133801443
B1215384200673N00136086EA0134501443
B1215394200678N00136089EA0135001443
B1215404200683N00136090EA0134501444
B1215414200687N00136090EA0134301444
B1215424200692N00136090EA0134501444
B1215434200697N00136089EA0134401443
B1215444200702N00136089EA0134201443
B1215454200708N00136088EA0134501441
B1215464200714N00136085EA0134701441
B1215474200719N00136081EA0134601441
B1215484200724N00136076EA0134601441
B1215494200728N00136071EA0134501440
B1215504200733N00136065EA0134301439
B1215514200737N00136059EA0134301439
B1215524200741N00136051EA0134701439
B1215534200744N00136045EA0134801439
B1215544200747N00136038EA0134301438
B1215554200748N00136030EA0135601437
B1215564200748N00136023EA0135401437
B1215574200747N00136017EA0135001438
B1215584200745N00136012EA0134401439
B1215594200743N00136008EA0135301440
B1216004200740N00136004EA0135801441
B1216014200737N00136000EA0135101441
B1216024200733N00135997EA0136301441
B1216034200730N00135995EA0135001442
B1216044200727N00135995EA0135701442
B1216054200724N00135993EA0136001442
B1216064200721N00135990EA0137101443
B1216074200719N00135984EA0136301444
B1216084200717N00135978EA0136101445
B1216094200715N00135973EA0136401445
B1216104200713N00135968EA0135801444
B1216114200710N00135964EA0135701442
B1216124200707N00135959EA0134801441
B1216134200704N00135952EA0135401438
B1216144200702N00135943EA0134501435
B1216154200700N00135933EA0134901433
B1216164200698N00135924EA0133801431
B1216174200696N00135917EA0133601431
B1216184200695N00135910EA0134101429
B1216194200694N00135901EA0133501427
B1216204200692N00135891EA0133301423
B1216214200690N00135881EA0133001419
B1216224200688N00135872EA0132801418
B1216234200687N00135864EA0132701417
B1216244200686N00135857EA0132001417
B1216254200685N00135849EA0132501416
B1216264200684N00135841EA0133001414
B1216274200682N00135834EA0133601413
B1216284200681N00135826EA0129801412
B1216294200679N00135820EA0133201411
B1216304200676N00135813EA0132101410
B1216314200673N00135808EA0132301410
B1216324200670N00135802EA0132701409
B1216334200667N00135796EA0132501409
B1216344200666N00135790EA0132501409
B1216354200664N00135784EA0132001409
B1216364200662N00135777EA0131801408
B1216374200660N00135771EA0131101407
B1216384200658N00135765EA0132401406
B1216394200657N00135759EA0132501406
B1216404200656N00135753EA0132001405
B1216414200655N00135746EA0131601404
B1216424200653N00135739EA0131201402
B1216434200651N00135732EA0130601400
B1216444200649N00135724EA0130901399
B1216454200647N00135717EA0131701398
B1216464200646N00135709EA0131201398
B1216474200644N00135703EA0131801397
B1216484200643N00135697EA0131101397
B1216494200642N00135692EA0131401397
B1216504200641N00135687EA0130901397
B1216514200640N00135682EA0131101396
B1216524200638N00135676EA0130101394
B1216534200637N00135669EA0130401393
B1216544200636N00135662EA0130701391
B1216554200636N00135656EA0130601390
B1216564200636N00135649EA0131201389
B1216574200636N00135642EA0130401387
B1216584200635N00135636EA0130001385
B1216594200634N00135628EA0129601382
B1217004200633N00135621EA0130001380
B1217014200632N00135613EA0129601380
B1217024200632N00135606EA0130501382
B1217034200633N00135600EA0129901383
B1217044200634N00135593EA0130401384
B1217054200635N00135586EA0129201383
B1217064200636N00135579EA0129201382
B1217074200637N00135571EA0129801381
B1217084200637N00135562EA0130001381
B1217094200637N00135554EA0129301380
B1217104200637N00135546EA0129501380
B1217114200638N00135538EA0129401381
B1217124200639N00135531EA0129801382
B1217134200640N00135524EA0130901383
B1217144200641N00135517EA0129501383
B1217154200642N00135510EA0129801383
B1217164200642N00135504EA0129401384
B1217174200641N00135498EA0129901384
B1217184200640N00135492EA0130101384
B1217194200641N00135486EA0129701384
B1217204200641N00135479EA0130601384
B1217214200642N00135473EA0130701384
B1217224200642N00135467EA0130201383
B1217234200640N00135462EA0129101381
B1217244200637N00135459EA0129701379
B1217254200633N00135455EA0129601378
B1217264200631N00135452EA0130101378
B1217274200629N00135448EA0129701378
B1217284200627N00135443EA0129401377
B1217294200625N00135439EA0129201376
B1217304200623N00135434EA0128801374
B1217314200621N00135429EA0129501371
B1217324200618N00135423EA0128601368
B1217334200615N00135418EA0128401366
B1217344200612N00135414EA0128401365
B1217354200610N00135410EA0129101364
B1217364200608N00135406EA0128201362
B1217374200605N00135401EA0127701358
B1217384200602N00135395EA0126301354
B1217394200599N00135389EA0127201351
B1217404200597N00135383EA0126701348
B1217414200595N00135377EA0125801345
B1217424200593N00135370EA0125701343
B1217434200592N00135362EA0125901340
B1217444200591N00135354EA0126201339
B1217454200591N00135346EA0126801338
B1217464200591N00135339EA0126201339
B1217474200591N00135332EA0126401339
B1217484200590N00135326EA0126301339
B1217494200590N00135320EA0126001340
B1217504200588N00135315EA0126401340
B1217514200587N00135309EA0126301339
B1217524200585N00135303EA0125901337
B1217534200584N00135295EA0125001335
B1217544200583N00135286EA0125401333
B1217554200583N00135278EA0126001333
B1217564200583N00135271EA0126001335
B1217574200582N00135265EA0126001336
B1217584200581N00135260EA0125801336
B1217594200580N00135255EA0125601336
B1218004200579N00135249EA0125801336
B1218014200578N00135243EA0125401336
B1218024200576N00135236EA0126301336
B1218034200576N00135229EA0126101339
B1218044200575N00135222EA0126301341
B1218054200575N00135216EA0127001344
B1218064200574N00135210EA0127101347
B1218074200573N00135205EA0127301350
B1218084200572N00135201EA0127301352
B1218094200569N00135199EA0127101352
B1218104200566N00135198EA0127201352
B1218114200563N00135199EA0127001352
B1218124200560N00135202EA0127401351
B1218134200558N00135207EA0126801351
B1218144200558N00135214EA0127201352
B1218154200561N00135221EA0126901353
B1218164200566N00135225EA0128901352
B1218174200572N00135227EA0128001352
B1218184200578N00135227EA0127901354
B1218194200584N00135225EA0128001357
B1218204200589N00135222EA0127201357
B1218214200594N00135217EA0128201357
B1218224200599N00135210EA0128401356
B1218234200603N00135203EA0127701358
B1218244200605N00135196EA0129301360
B1218254200605N00135190EA0128601361
B1218264200603N00135185EA0128801361
B1218274200600N00135181EA0128601361
B1218284200595N00135179EA0128801361
B1218294200590N00135179EA0129101362
B1218304200587N00135181EA0128801364
B1218314200584N00135183EA0129401365
B1218324200580N00135185EA0129401367
B1218334200577N00135188EA0129401369
B1218344200574N00135191EA0130101370
B1218354200572N00135195EA0129601372
B1218364200570N00135200EA0130301372
B1218374200569N00135205EA0130101373
B1218384200568N00135210EA0130501375
B1218394200569N00135215EA0130001376
B1218404200571N00135220EA0130401377
B1218414200575N00135224EA0130401377
B1218424200579N00135227EA0131101376
B1218434200584N00135228EA0130401376
B1218444200590N00135228EA0130601377
B1218454200595N00135225EA0131001378
B1218464200600N00135220EA0130701378
B1218474200605N00135215EA0130601378
B1218484200608N00135208EA0129901378
B1218494200611N00135200EA0131401378
B1218504200613N00135192EA0131001379
B1218514200614N00135184EA0132101381
B1218524200614N00135178EA0131001384
B1218534200612N00135172EA0131501387
B1218544200609N00135168EA0132101390
B1218554200606N00135163EA0132001392
B1218564200603N00135160EA0132201394
B1218574200600N00135158EA0131901396
B1218584200597N00135157EA0132101398
B1218594200593N00135158EA0132701399
B1219004200589N00135159EA0132501401
B1219014200586N00135161EA0132401403
B1219024200583N00135164EA0132701405
B1219034200581N00135168EA0132901407
B1219044200579N00135173EA0132501407
B1219054200579N00135180EA0133201407
B1219064200580N00135187EA0133401407
B1219074200583N00135192EA0133101409
B1219084200588N00135196EA0133501410
B1219094200592N00135197EA0133201412
B1219104200597N00135198EA0134001414
B1219114200603N00135197EA0133801415
B1219124200608N00135195EA0133801416
B1219134200612N00135190EA0133901416
B1219144200616N00135184EA0133901416
B1219154200619N00135176EA0134001415
B1219164200620N00135168EA0133701415
B1219174200620N00135161EA0134401415
B1219184200619N00135154EA0134501417
B1219194200616N00135148EA0134601419
B1219204200614N00135142EA0134401421
B1219214200611N00135138EA0134601423
B1219224200607N00135136EA0134401424
B1219234200603N00135134EA0134501425
B1219244200598N00135134EA0135101426
B1219254200594N00135134EA0134701428
B1219264200591N00135137EA0134901430
B1219274200588N00135141EA0135201431
B1219284200587N00135147EA0135201432
B1219294200588N00135154EA0135601432
B1219304200591N00135161EA0135101432
B1219314200595N00135165EA0135501432
B1219324200600N00135167EA0135601433
B1219334200605N00135168EA0135801433
B1219344200610N00135167EA0135001433
B1219354200615N00135164EA0135601432
B1219364200621N00135160EA0135901431
B1219374200626N00135154EA0135201431
B1219384200630N00135147EA0134701431
B1219394200632N00135139EA0135601432
B1219404200633N00135131EA0136601433
B1219414200634N00135124EA0135701436
B1219424200635N00135118EA0136301438
B1219434200634N00135112EA0136001439
B1219444200633N00135107EA0135501439
B1219454200630N00135103EA0136101439
B1219464200627N00135098EA0136701440
B1219474200624N00135094EA0136401441
B1219484200621N00135090EA0136801442
B1219494200616N00135087EA0136401443
B1219504200612N00135085EA0136401445
B1219514200607N00135083EA0137101447
B1219524200603N00135080EA0137401449
B1219534200599N00135077EA0137501453
B1219544200595N00135076EA0137501456
B1219554200591N00135076EA0137601457
B1219564200588N00135077EA0137801459
B1219574200584N00135079EA0137701461
B1219584200582N00135084EA0137901462
B1219594200580N00135091EA0137601462
B1220004200581N00135099EA0138301462
B1220014200583N00135105EA0138201463
B1220024200587N00135110EA0138301466
B1220034200591N00135114EA0138701468
B1220044200595N00135116EA0138801470
B1220054200601N00135118EA0138301471
B1220064200606N00135118EA0138601472
B1220074200612N00135117EA0138901472
B1220084200618N00135113EA0139001472
B1220094200622N00135108EA0138601470
B1220104200626N00135101EA0138501470
B1220114200628N00135094EA0139101470
B1220124200630N00135088EA0138801470
B1220134200631N00135082EA0138801469
B1220144200630N00135075EA0138601469
B1220154200629N00135068EA0138001469
B1220164200626N00135062EA0139901470
B1220174200622N00135056EA0139401471
B1220184200619N00135051EA0139401475
B1220194200616N00135046EA0139501479
B1220204200613N00135041EA0140201483
B1220214200610N00135036EA0140501486
B1220224200606N00135032EA0140901488
B1220234200602N00135030EA0140801491
B1220244200597N00135029EA0140501495
B1220254200593N00135030EA0140701497
B1220264200589N00135033EA0141401500
B1220274200586N00135038EA0141101503
B1220284200584N00135043EA0141801505
B1220294200584N00135050EA0141201507
B1220304200587N00135056EA0142801507
B1220314200592N00135061EA0142201508
B1220324200597N00135063EA0142201510
B1220334200603N00135062EA0142601514
B1220344200607N00135058EA0141901517
B1220354200609N00135053EA0143801518
B1220364200611N00135047EA0143701519
B1220374200612N00135040EA0142001520
B1220384200611N00135034EA0142601521
B1220394200609N00135027EA0144501523
B1220404200606N00135021EA0144101526
B1220414200603N00135016EA0144501529
B1220424200600N00135011EA0143901533
B1220434200596N00135008EA0144301536
B1220444200592N00135006EA0145301538
B1220454200587N00135005EA0144601540
B1220464200582N00135005EA0144901542
B1220474200578N00135006EA0145401545
B1220484200575N00135009EA0145801547
B1220494200572N00135012EA0145501550
B1220504200571N00135016EA0145601551
B1220514200570N00135021EA0145501552
B1220524200571N00135028EA0146301552
B1220534200572N00135034EA0146301552
B1220544200575N00135040EA0146101553
B1220554200578N00135044EA0146001554
B1220564200583N00135047EA0145701554
B1220574200588N00135049EA0146401554
B1220584200593N00135049EA0146801554
B1220594200599N00135048EA0146301554
B1221004200605N00135045EA0146801555
B1221014200609N00135041EA0146201556
B1221024200613N00135035EA0146801555
B1221034200614N00135028EA0146901555
B1221044200615N00135020EA0146501554
B1221054200614N00135012EA0146901554
B1221064200613N00135005EA0147201556
B1221074200611N00134999EA0147901561
B1221084200609N00134995EA0147701564
B1221094200606N00134992EA0148301565
B1221104200603N00134990EA0147501566
B1221114200598N00134990EA0148201567
B1221124200594N00134992EA0148401566
B1221134200590N00134995EA0148101567
B1221144200587N00134999EA0148601568
B1221154200585N00135003EA0149001569
B1221164200583N00135007EA0149101569
B1221174200581N00135012EA0148801570
B1221184200580N00135017EA0149001570
B1221194200580N00135024EA0149401570
B1221204200583N00135030EA0149101569
B1221214200587N00135034EA0149101568
B1221224200592N00135036EA0148201568
B1221234200598N00135035EA0148401568
B1221244200604N00135032EA0149101567
B1221254200610N00135026EA0148501567
B1221264200614N00135019EA0148901567
B1221274200618N00135012EA0149101567
B1221284200621N00135006EA0149001570
B1221294200623N00135000EA0149501573
B1221304200626N00134994EA0148601576
B1221314200627N00134986EA0149301576
B1221324200627N00134978EA0149901576
B1221334200626N00134970EA0149201578
B1221344200624N00134963EA0149801580
B1221354200622N00134957EA0150001583
B1221364200618N00134952EA0149701585
B1221374200614N00134949EA0150301587
B1221384200610N00134946EA0150701589
B1221394200606N00134944EA0150501590
B1221404200602N00134943EA0150701592
B1221414200599N00134943EA0150701593
B1221424200596N00134945EA0150701594
B1221434200593N00134950EA0150401595
B1221444200591N00134956EA0150701595
B1221454200590N00134963EA0150401594
B1221464200593N00134969EA0149601593
B1221474200598N00134974EA0150301591
B1221484200604N00134975EA0150501590
B1221494200609N00134974EA0150601592
B1221504200614N00134972EA0150201596
B1221514200619N00134969EA0151201597
B1221524200623N00134966EA0150701598
B1221534200627N00134961EA0151201597
B1221544200631N00134955EA0151601596
B1221554200633N00134947EA0151101595
B1221564200634N00134938EA0150901594
B1221574200635N00134930EA0151301596
B1221584200635N00134924EA0151401599
B1221594200636N00134917EA0151401602
B1222004200635N00134911EA0151601603
B1222014200634N00134903EA0151401603
B1222024200631N00134896EA0152001604
B1222034200629N00134890EA0151501605
B1222044200626N00134884EA0152601607
B1222054200621N00134880EA0151601608
B1222064200617N00134879EA0152701608
B1222074200612N00134879EA0151601608
B1222084200608N00134880EA0152101609
B1222094200604N00134882EA0152401611
B1222104200600N00134884EA0152201612
B1222114200597N00134887EA0152301613
B1222124200594N00134891EA0152501614
B1222134200592N00134897EA0152101613
B1222144200592N00134903EA0152401614
B1222154200593N00134909EA0152801614
B1222164200594N00134913EA0152201616
B1222174200596N00134916EA0152501618
B1222184200599N00134918EA0153001619
B1222194200603N00134921EA0151501618
B1222204200609N00134922EA0152901617
B1222214200615N00134920EA0153901616
B1222224200622N00134917EA0152901616
B1222234200627N00134912EA0152501619
B1222244200630N00134907EA0151901621
B1222254200634N00134902EA0152101621
B1222264200638N00134896EA0151701622
B1222274200641N00134888EA0152901623
B1222284200645N00134880EA0152101622
B1222294200647N00134871EA0152401623
B1222304200648N00134863EA0152901625
B1222314200649N00134855EA0152901628
B1222324200650N00134849EA0152901629
B1222334200651N00134841EA0152701630
B1222344200652N00134834EA0152701629
B1222354200651N00134825EA0153801629
B1222364200650N00134817EA0153801630
B1222374200649N00134810EA0153701632
B1222384200647N00134803EA0153401634
B1222394200644N00134797EA0153101635
B1222404200640N00134792EA0154001635
B1222414200634N00134788EA0153901635
B1222424200628N00134785EA0153401636
B1222434200622N00134783EA0153501636
B1222444200617N00134783EA0154501636
B1222454200613N00134783EA0154201636
B1222464200608N00134785EA0154101637
B1222474200605N00134788EA0153001637
B1222484200603N00134793EA0153501635
B1222494200602N00134800EA0153401634
B1222504200603N00134806EA0153301632
B1222514200606N00134812EA0152601631
B1222524200610N00134816EA0153301629
B1222534200616N00134818EA0152701626
B1222544200622N00134816EA0152601625
B1222554200627N00134813EA0152701624
B1222564200633N00134806EA0152701621
B1222574200638N00134800EA0152701620
B1222584200641N00134793EA0152801623
B1222594200644N00134786EA0152201625
B1223004200646N00134779EA0153801626
B1223014200648N00134772EA0152101627
B1223024200649N00134766EA0153301628
B1223034200650N00134759EA0151501628
B1223044200650N00134752EA0153401628
B1223054200649N00134745EA0153201627
B1223064200647N00134737EA0153701627
B1223074200643N00134730EA0152901626
B1223084200639N00134724EA0153001626
B1223094200635N00134720EA0152701625
B1223104200630N00134717EA0153101625
B1223114200625N00134715EA0153401626
B1223124200621N00134714EA0153601626
B1223134200616N00134712EA0153101627
B1223144200612N00134709EA0152501626
B1223154200609N00134704EA0151501622
B1223164200605N00134697EA0150601619
B1223174200601N00134688EA0152001617
B1223184200599N00134678EA0152301614
B1223194200597N00134668EA0152601613
B1223204200595N00134659EA0151601614
B1223214200594N00134651EA0151101613
B1223224200592N00134642EA0150601611
B1223234200590N00134631EA0151401608
B1223244200589N00134620EA0151101605
B1223254200589N00134609EA0150601603
B1223264200588N00134599EA0150201601
B1223274200587N00134590EA0150401600
B1223284200586N00134580EA0150401598
B1223294200586N00134570EA0149701595
B1223304200586N00134560EA0148401591
B1223314200586N00134549EA0149901589
B1223324200586N00134539EA0149401587
B1223334200587N00134531EA0148701586
B1223344200587N00134523EA0147901584
B1223354200586N00134514EA0149001582
B1223364200586N00134503EA0148501579
B1223374200586N00134493EA0149301577
B1223384200586N00134484EA0149001578
B1223394200585N00134477EA0148601582
B1223404200584N00134471EA0147501583
B1223414200583N00134467EA0149501584
B1223424200581N00134462EA0147701584
B1223434200580N00134457EA0148301583
B1223444200578N00134450EA0148101581
B1223454200577N00134443EA0148201580
B1223464200577N00134437EA0148101580
B1223474200577N00134430EA0147801581
B1223484200578N00134424EA0148301582
B1223494200578N00134418EA0148501582
B1223504200577N00134413EA0147601582
B1223514200576N00134407EA0147501582
B1223524200575N00134401EA0148101581
B1223534200573N00134394EA0148801581
B1223544200571N00134388EA0148801582
B1223554200569N00134381EA0148901584
B1223564200567N00134375EA0149001587
B1223574200564N00134371EA0149401589
B1223584200560N00134368EA0149001591
B1223594200557N00134367EA0149801593
B1224004200553N00134366EA0150001596
B1224014200550N00134367EA0149901598
B1224024200547N00134370EA0150101600
B1224034200545N00134375EA0150001602
B1224044200544N00134380EA0151001603
B1224054200544N00134386EA0150501605
B1224064200546N00134393EA0150801604
B1224074200550N00134399EA0150901604
B1224084200554N00134402EA0150601604
B1224094200559N00134404EA0150701605
B1224104200564N00134404EA0150901605
B1224114200570N00134404EA0150901605
B1224124200576N00134403EA0150401604
B1224134200582N00134401EA0150901603
B1224144200587N00134396EA0151001603
B1224154200592N00134391EA0150101602
B1224164200596N00134384EA0150901601
B1224174200598N00134377EA0150801601
B1224184200600N00134371EA0150701601
B1224194200601N00134363EA0150101602
B1224204200601N00134357EA0150701603
B1224214200599N00134350EA0150901602
B1224224200596N00134343EA0151701603
B1224234200593N00134336EA0151701604
B1224244200592N00134330EA0151501609
B1224254200591N00134325EA0151701613
B1224264200590N00134320EA0151901614
B1224274200587N00134315EA0151301615
B1224284200584N00134311EA0151801615
B1224294200579N00134308EA0152601616
B1224304200575N00134307EA0152501619
B1224314200571N00134305EA0152701622
B1224324200568N00134303EA0153501625
B1224334200565N00134301EA0153301628
B1224344200562N00134299EA0153301631
B1224354200559N00134299EA0153801632
B1224364200556N00134301EA0152901633
B1224374200553N00134306EA0153701634
B1224384200552N00134312EA0154201635
B1224394200554N00134317EA0154201635
B1224404200556N00134323EA0154501634
B1224414200558N00134328EA0154401635
B1224424200561N00134334EA0153901637
B1224434200564N00134340EA0153901637
B1224444200569N00134345EA0154501637
B1224454200575N00134347EA0154701637
B1224464200580N00134347EA0154701639
B1224474200585N00134346EA0154701639
B1224484200590N00134342EA0154801638
B1224494200595N00134336EA0154601638
B1224504200598N00134330EA0154601638
B1224514200601N00134323EA0156001639
B1224524200603N00134317EA0155901642
B1224534200605N00134312EA0155501644
B1224544200606N00134306EA0155201645
B1224554200606N00134300EA0155101644
B1224564200606N00134293EA0155401642
B1224574200604N00134286EA0155301642
B1224584200601N00134280EA0155801643
B1224594200597N00134275EA0155901646
B1225004200594N00134271EA0156101651
B1225014200594N00134266EA0156701655
B1225024200593N00134262EA0156801658
B1225034200591N00134257EA0156101659
B1225044200587N00134252EA0157601660
B1225054200583N00134246EA0157501662
B1225064200580N00134241EA0157601666
B1225074200578N00134235EA0157601672
B1225084200576N00134231EA0158001676
B1225094200572N00134227EA0158201680
B1225104200568N00134224EA0158901682
B1225114200564N00134222EA0159101686
B1225124200559N00134223EA0159401689
B1225134200556N00134226EA0159501693
B1225144200553N00134229EA0160201696
B1225154200551N00134234EA0160401700
B1225164200550N00134239EA0159801703
B1225174200550N00134244EA0160701705
B1225184200550N00134248EA0160601705
B1225194200549N00134252EA0160401702
B1225204200548N00134256EA0158901698
B1225214200549N00134261EA0159101693
B1225224200550N00134267EA0158901689
B1225234200555N00134272EA0158601685
B1225244200562N00134275EA0158401680
B1225254200569N00134275EA0158701679
B1225264200574N00134272EA0158701676
B1225274200579N00134269EA0157601675
B1225284200583N00134265EA0158301675
B1225294200588N00134261EA0157501674
B1225304200592N00134255EA0158201674
B1225314200598N00134248EA0157101672
B1225324200602N00134240EA0158801671
B1225334200606N00134233EA0158201678
B1225344200608N00134227EA0158501685
B1225354200610N00134222EA0158701690
B1225364200612N00134216EA0159701693
B1225374200614N00134209EA0158201694
B1225384200617N00134201EA0160201694
B1225394200618N00134193EA0160201695
B1225404200619N00134185EA0161001698
B1225414200618N00134177EA0160001700
B1225424200616N00134170EA0160801703
B1225434200615N00134164EA0161001706
B1225444200614N00134157EA0161401709
B1225454200613N00134150EA0161001710
B1225464200610N00134143EA0161601711
B1225474200605N00134136EA0161301712
B1225484200599N00134131EA0161601715
B1225494200593N00134127EA0161901717
B1225504200588N00134126EA0162201719
B1225514200584N00134126EA0161801721
B1225524200579N00134129EA0162001722
B1225534200574N00134134EA0161901723
B1225544200570N00134141EA0162201724
B1225554200569N00134149EA0161801725
B1225564200571N00134156EA0162201726
B1225574200575N00134160EA0163201729
B1225584200579N00134163EA0163301731
B1225594200583N00134164EA0163401734
B1226004200588N00134163EA0164001738
B1226014200593N00134160EA0163401742
B1226024200598N00134156EA0165101744
B1226034200602N00134151EA0165001748
B1226044200606N00134145EA0164901752
B1226054200608N00134138EA0165101756
B1226064200609N00134132EA0166301758
B1226074200609N00134125EA0165201760
B1226084200609N00134117EA0165901763
B1226094200608N00134109EA0166301765
B1226104200606N00134102EA0166701767
B1226114200603N00134095EA0166401769
B1226124200600N00134089EA0166401771
B1226134200596N00134083EA0166601771
B1226144200592N00134077EA0168201772
B1226154200588N00134069EA0166801773
B1226164200584N00134061EA0167601777
B1226174200580N00134054EA0167501780
B1226184200577N00134047EA0167101782
B1226194200575N00134040EA0167001784
B1226204200573N00134032EA0167301782
B1226214200572N00134022EA0167101780
B1226224200570N00134013EA0166601781
B1226234200570N00134005EA0167301785
B1226244200570N00133998EA0167901788
B1226254200572N00133993EA0167701791
B1226264200574N00133987EA0168001793
B1226274200576N00133980EA0167901794
B1226284200577N00133973EA0168401796
B1226294200578N00133965EA0168501798
B1226304200578N00133957EA0169201799
B1226314200577N00133949EA0169401800
B1226324200575N00133942EA0169401802
B1226334200571N00133936EA0169701804
B1226344200567N00133930EA0169601806
B1226354200563N00133926EA0169801808
B1226364200557N00133923EA0169701809
B1226374200552N00133921EA0170301811
B1226384200548N00133920EA0170901814
B1226394200543N00133920EA0170901817
B1226404200539N00133919EA0171201821
B1226414200535N00133918EA0171501824
B1226424200531N00133917EA0171801828
B1226434200527N00133917EA0172001831
B1226444200523N00133920EA0172201835
B1226454200520N00133924EA0172401837
B1226464200519N00133928EA0172301839
B1226474200519N00133933EA0173101839
B1226484200520N00133937EA0172601839
B1226494200523N00133941EA0172901837
B1226504200528N00133944EA0172901838
B1226514200533N00133946EA0173001839
B1226524200539N00133946EA0173301842
B1226534200544N00133946EA0173801844
B1226544200548N00133943EA0173601846
B1226554200552N00133939EA0174001847
B1226564200556N00133935EA0173101847
B1226574200561N00133930EA0173901848
B1226584200565N00133925EA0174001849
B1226594200568N00133919EA0174501851
B1227004200570N00133911EA0175001852
B1227014200571N00133903EA0175101852
B1227024200572N00133896EA0174801853
B1227034200572N00133888EA0174601855
B1227044200571N00133881EA0175201857
B1227054200569N00133874EA0174801859
B1227064200567N00133867EA0175601860
B1227074200566N00133859EA0175801862
B1227084200564N00133852EA0175701864
B1227094200562N00133844EA0176201865
B1227104200561N00133837EA0176101868
B1227114200559N00133831EA0175001871
B1227124200557N00133826EA0176901873
B1227134200554N00133822EA0177101875
B1227144200550N00133817EA0176801877
B1227154200546N00133814EA0177001878
B1227164200542N00133811EA0177301880
B1227174200539N00133811EA0177001882
B1227184200536N00133812EA0177701883
B1227194200534N00133814EA0177301885
B1227204200532N00133818EA0177401887
B1227214200531N00133824EA0177701889
B1227224200532N00133830EA0178001890
B1227234200534N00133835EA0178501893
B1227244200537N00133838EA0178501897
B1227254200541N00133840EA0179701900
B1227264200544N00133842EA0179601903
B1227274200548N00133844EA0179801904
B1227284200553N00133844EA0179201904
B1227294200558N00133842EA0179301904
B1227304200563N00133838EA0178601904
B1227314200568N00133833EA0179701903
B1227324200572N00133829EA0179001904
B1227334200576N00133824EA0179701905
B1227344200580N00133818EA0179501906
B1227354200583N00133810EA0180501906
B1227364200586N00133803EA0179601909
B1227374200588N00133795EA0180201912
B1227384200590N00133788EA0180101914
B1227394200591N00133781EA0180401917
B1227404200593N00133773EA0180801918
B1227414200594N00133765EA0180601918
B1227424200594N00133757EA0181001919
B1227434200594N00133749EA0180701919
B1227444200592N00133742EA0180901921
B1227454200590N00133736EA0181001922
B1227464200587N00133732EA0181301925
B1227474200584N00133728EA0181501927
B1227484200581N00133726EA0180401928
B1227494200578N00133725EA0181801929
B1227504200575N00133727EA0181101929
B1227514200573N00133731EA0181501930
B1227524200572N00133737EA0181501931
B1227534200573N00133743EA0181701930
B1227544200576N00133749EA0181401930
B1227554200582N00133753EA0181201929
B1227564200588N00133753EA0181601930
B1227574200596N00133752EA0181701931
B1227584200602N00133749EA0181501931
B1227594200607N00133744EA0181401932
B1228004200612N00133739EA0181601932
B1228014200616N00133733EA0182301934
B1228024200619N00133725EA0182801934
B1228034200622N00133717EA0181801934
B1228044200624N00133709EA0182001935
B1228054200625N00133702EA0183301934
B1228064200626N00133694EA0182101934
B1228074200626N00133686EA0183301934
B1228084200625N00133678EA0181801934
B1228094200624N00133669EA0181601933
B1228104200625N00133659EA0182301932
B1228114200627N00133649EA0183201931
B1228124200628N00133639EA0181601931
B1228134200628N00133629EA0182101934
B1228144200625N00133621EA0182101935
B1228154200622N00133612EA0182901936
B1228164200620N00133604EA0182701937
B1228174200620N00133596EA0182301938
B1228184200619N00133588EA0182801938
B1228194200619N00133579EA0182101939
B1228204200619N00133569EA0182701940
B1228214200620N00133560EA0183401941
B1228224200621N00133551EA0182801944
B1228234200621N00133542EA0183101946
B1228244200621N00133533EA0183401948
B1228254200621N00133524EA0183801949
B1228264200620N00133514EA0184201950
B1228274200618N00133505EA0184101952
B1228284200617N00133497EA0184101953
B1228294200616N00133488EA0183101954
B1228304200615N00133479EA0184401954
B1228314200614N00133469EA0184401955
B1228324200614N00133459EA0184701956
B1228334200614N00133450EA0184601958
B1228344200614N00133441EA0184301959
B1228354200615N00133432EA0183901959
B1228364200616N00133423EA0184001958
B1228374200618N00133414EA0183701956
B1228384200619N00133405EA0184101954
B1228394200621N00133395EA0183501953
B1228404200621N00133386EA0183801954
B1228414200622N00133377EA0183401954
B1228424200623N00133369EA0183901953
B1228434200624N00133359EA0183501953
B1228444200624N00133350EA0183401952
B1228454200625N00133341EA0183401950
B1228464200625N00133332EA0183201949
B1228474200626N00133323EA0183501947
B1228484200627N00133314EA0182901945
B1228494200628N00133304EA0182801943
B1228504200628N00133294EA0183601942
B1228514200629N00133286EA0182401942
B1228524200630N00133279EA0182901943
B1228534200631N00133272EA0182601943
B1228544200632N00133265EA0182401942
B1228554200632N00133256EA0182301940
B1228564200633N00133247EA0182301938
B1228574200633N00133239EA0182101936
B1228584200634N00133231EA0181901936
B1228594200635N00133224EA0181801935
B1229004200636N00133217EA0182301932
B1229014200637N00133209EA0180901928
B1229024200638N00133200EA0180901924
B1229034200639N00133191EA0180601921
B1229044200640N00133182EA0180801919
B1229054200640N00133174EA0180901918
B1229064200641N00133166EA0180001918
B1229074200642N00133158EA0180101917
B1229084200643N00133151EA0181001916
B1229094200645N00133144EA0180201914
B1229104200647N00133136EA0180801911
B1229114200648N00133128EA0180001909
B1229124200648N00133120EA0178701907
B1229134200648N00133113EA0179701908
B1229144200648N00133106EA0179401910
B1229154200650N00133099EA0179201910
B1229164200651N00133091EA0179301908
B1229174200651N00133083EA0179301907
B1229184200651N00133075EA0179701907
B1229194200652N00133067EA0178801907
B1229204200653N00133059EA0178501908
B1229214200654N00133051EA0179801907
B1229224200654N00133043EA0178201905
B1229234200654N00133033EA0178701904
B1229244200655N00133024EA0179901902
B1229254200656N00133014EA0179201902
B1229264200658N00133005EA0178501901
B1229274200659N00132995EA0179101899
B1229284200661N00132985EA0178501897
B1229294200662N00132976EA0178701895
B1229304200663N00132968EA0177901894
B1229314200664N00132961EA0178201895
B1229324200666N00132954EA0177601894
B1229334200667N00132948EA0176901892
B1229344200669N00132940EA0177901889
B1229354200669N00132931EA0177201886
B1229364200669N00132922EA0177901884
B1229374200669N00132914EA0177201883
B1229384200668N00132907EA0177001881
B1229394200668N00132899EA0175901880
B1229404200667N00132892EA0176301878
B1229414200666N00132882EA0175601875
B1229424200666N00132872EA0176601874
B1229434200665N00132862EA0176001873
B1229444200665N00132854EA0176801875
B1229454200666N00132847EA0176601877
B1229464200667N00132839EA0175601877
B1229474200668N00132832EA0175501875
B1229484200669N00132824EA0176301873
B1229494200670N00132816EA0175701871
B1229504200671N00132807EA0175701868
B1229514200672N00132798EA0176301866
B1229524200672N00132788EA0175301864
B1229534200673N00132780EA0174901863
B1229544200674N00132771EA0174901862
B1229554200676N00132764EA0175101861
B1229564200677N00132756EA0174401860
B1229574200678N00132747EA0174101857
B1229584200679N00132739EA0175201855
B1229594200680N00132731EA0174701854
B1230004200680N00132725EA0173501853
B1230014200681N00132719EA0173501853
B1230024200681N00132712EA0173201851
B1230034200682N00132705EA0173101848
B1230044200683N00132698EA0173901846
B1230054200684N00132690EA0172901845
B1230064200684N00132683EA0172801843
B1230074200685N00132675EA0173101841
B1230084200685N00132668EA0172701840
B1230094200686N00132661EA0172701838
B1230104200687N00132653EA0172401837
B1230114200688N00132646EA0172201834
B1230124200689N00132638EA0171301832
B1230134200690N00132630EA0171101829
B1230144200691N00132621EA0171801826
B1230154200692N00132613EA0171301824
B1230164200693N00132604EA0171101822
B1230174200694N00132597EA0171001821
B1230184200695N00132590EA0170101819
B1230194200696N00132583EA0170201816
B1230204200696N00132575EA0170301813
B1230214200697N00132566EA0170001810
B1230224200698N00132557EA0169401806
B1230234200699N00132548EA0169801804
B1230244200700N00132540EA0169301802
B1230254200701N00132531EA0168201800
B1230264200702N00132522EA0168701797
B1230274200704N00132512EA0168601794
B1230284200705N00132503EA0168301791
B1230294200705N00132493EA0167501789
B1230304200706N00132483EA0168101787
B1230314200707N00132474EA0168501786
B1230324200707N00132465EA0167601785
B1230334200707N00132456EA0167601784
B1230344200707N00132447EA0167401782
B1230354200706N00132438EA0166701781
B1230364200706N00132430EA0167901781
B1230374200707N00132422EA0168001780
B1230384200707N00132414EA0168001780
B1230394200707N00132406EA0167401779
B1230404200707N00132398EA0166501778
B1230414200706N00132390EA0166801777
B1230424200705N00132381EA0167501775
B1230434200704N00132373EA0167301774
B1230444200703N00132364EA0167301775
B1230454200703N00132357EA0167101775
B1230464200702N00132349EA0167201775
B1230474200702N00132340EA0166701775
B1230484200702N00132332EA0166701773
B1230494200702N00132324EA0166701773
B1230504200702N00132317EA0167101774
B1230514200702N00132310EA0167501774
B1230524200702N00132302EA0166801774
B1230534200702N00132294EA0166401774
B1230544200702N00132285EA0167301774
B1230554200701N00132276EA0167901773
B1230564200701N00132267EA0167501773
B1230574200701N00132260EA0166501774
B1230584200701N00132252EA0166901774
B1230594200701N00132245EA0167401774
B1231004200701N00132238EA0166801774
B1231014200700N00132231EA0166301773
B1231024200699N00132224EA0166201772
B1231034200698N00132217EA0166901771
B1231044200697N00132210EA0166601771
B1231054200696N00132203EA0167001770
B1231064200696N00132197EA0165901769
B1231074200695N00132190EA0165801768
B1231084200694N00132184EA0166301767
B1231094200692N00132178EA0166201766
B1231104200691N00132171EA0166101766
B1231114200691N00132166EA0166801767
B1231124200690N00132160EA0165801766
B1231134200689N00132155EA0165001766
B1231144200688N00132149EA0164301764
B1231154200687N00132143EA0165801762
B1231164200686N00132136EA0165801760
B1231174200685N00132129EA0165101760
B1231184200684N00132123EA0165501760
B1231194200683N00132117EA0165301760
B1231204200682N00132112EA0165101759
B1231214200681N00132106EA0164401757
B1231224200680N00132100EA0165701756
B1231234200678N00132095EA0165301755
B1231244200676N00132089EA0164601754
B1231254200674N00132083EA0164601754
B1231264200672N00132077EA0164101753
B1231274200671N00132072EA0164801752
B1231284200669N00132066EA0164401750
B1231294200668N00132060EA0164201749
B1231304200666N00132055EA0164001747
B1231314200664N00132049EA0163901745
B1231324200662N00132044EA0164101744
B1231334200661N00132038EA0163101742
B1231344200660N00132032EA0164001740
B1231354200658N00132025EA0163501738
B1231364200656N00132020EA0163101736
B1231374200654N00132014EA0163001735
B1231384200653N00132009EA0162601733
B1231394200651N00132004EA0163001731
B1231404200650N00131999EA0161901729
B1231414200648N00131993EA0162801726
B1231424200646N00131987EA0162001724
B1231434200644N00131981EA0162201723
B1231444200642N00131975EA0161001722
B1231454200640N00131970EA0162301720
B1231464200638N00131965EA0161201718
B1231474200635N00131959EA0160901716
B1231484200633N00131953EA0161101714
B1231494200630N00131947EA0161101713
B1231504200628N00131941EA0161101713
B1231514200626N00131936EA0160701713
B1231524200624N00131932EA0160601711
B1231534200622N00131926EA0159801710
B1231544200621N00131920EA0160201708
B1231554200620N00131913EA0160601706
B1231564200618N00131906EA0160101704
B1231574200617N00131900EA0159801703
B1231584200616N00131893EA0159601702
B1231594200616N00131887EA0159801701
B1232004200615N00131880EA0158701699
B1232014200614N00131872EA0159701698
B1232024200613N00131865EA0159201696
B1232034200613N00131857EA0159001695
B1232044200612N00131849EA0159301695
B1232054200611N00131842EA0159001694
B1232064200611N00131835EA0158801693
B1232074200610N00131827EA0159201692
B1232084200610N00131819EA0159201690
B1232094200610N00131812EA0158501689
B1232104200609N00131805EA0158201688
B1232114200608N00131797EA0158401687
B1232124200608N00131790EA0158101686
B1232134200607N00131782EA0158501684
B1232144200607N00131774EA0158701683
B1232154200607N00131766EA0157101682
B1232164200607N00131759EA0157301681
B1232174200606N00131751EA0156801679
B1232184200606N00131742EA0157201677
B1232194200606N00131733EA0157301675
B1232204200606N00131724EA0157301675
B1232214200606N00131715EA0157401675
B1232224200607N00131708EA0157401676
B1232234200607N00131701EA0157101675
B1232244200608N00131693EA0156901674
B1232254200608N00131685EA0156901671
B1232264200608N00131676EA0157101669
B1232274200607N00131667EA0155701668
B1232284200606N00131659EA0155901669
B1232294200606N00131652EA0157001670
B1232304200606N00131645EA0157201671
B1232314200606N00131638EA0156601671
B1232324200604N00131633EA0156601671
B1232334200602N00131628EA0157001671
B1232344200600N00131623EA0156701671
B1232354200597N00131619EA0156701670
B1232364200593N00131616EA0156601670
B1232374200590N00131614EA0156601669
B1232384200587N00131616EA0156701668
B1232394200584N00131619EA0156501667
B1232404200584N00131624EA0156101665
B1232414200585N00131630EA0155701663
B1232424200588N00131635EA0155901660
B1232434200594N00131639EA0155001656
B1232444200601N00131642EA0155001653
B1232454200608N00131641EA0154701651
B1232464200615N00131638EA0155301649
B1232474200623N00131634EA0154901649
B1232484200629N00131630EA0154901649
B1232494200635N00131625EA0154901650
B1232504200641N00131619EA0154501651
B1232514200645N00131613EA0154801650
B1232524200650N00131607EA0154901650
B1232534200654N00131599EA0154901649
B1232544200658N00131592EA0155001648
B1232554200660N00131585EA0154901647
B1232564200662N00131577EA0154401646
B1232574200662N00131569EA0154501645
B1232584200664N00131561EA0154501644
B1232594200665N00131552EA0154101642
B1233004200666N00131543EA0154601641
B1233014200667N00131533EA0154301639
B1233024200668N00131525EA0154001639
B1233034200668N00131517EA0154101640
B1233044200669N00131510EA0154001640
B1233054200670N00131503EA0154001638
B1233064200670N00131495EA0153601636
B1233074200670N00131487EA0152001635
B1233084200671N00131480EA0152701633
B1233094200671N00131472EA0154501632
B1233104200672N00131465EA0153801631
B1233114200673N00131458EA0152901630
B1233124200673N00131452EA0152501628
B1233134200673N00131446EA0152401626
B1233144200672N00131440EA0152901624
B1233154200672N00131434EA0152101622
B1233164200670N00131428EA0151901619
B1233174200668N00131422EA0152101617
B1233184200666N00131415EA0151701615
B1233194200664N00131409EA0151701613
B1233204200662N00131402EA0150601611
B1233214200661N00131395EA0151501609
B1233224200660N00131387EA0151501608
B1233234200660N00131379EA0150401606
B1233244200660N00131371EA0150601605
B1233254200660N00131362EA0150301603
B1233264200661N00131354EA0150501602
B1233274200661N00131345EA0150301601
B1233284200662N00131336EA0150101599
B1233294200662N00131328EA0150101597
B1233304200662N00131319EA0150001596
B1233314200662N00131310EA0149501594
B1233324200663N00131301EA0149601592
B1233334200664N00131293EA0149501591
B1233344200665N00131284EA0148401589
B1233354200666N00131275EA0149101586
B1233364200667N00131265EA0149201583
B1233374200667N00131256EA0148801581
B1233384200668N00131247EA0148901580
B1233394200669N00131238EA0148401580
B1233404200669N00131230EA0148101579
B1233414200669N00131222EA0149601578
B1233424200669N00131212EA0147901576
B1233434200669N00131202EA0148101575
B1233444200669N00131193EA0148101574
B1233454200668N00131184EA0148201574
B1233464200668N00131176EA0148001574
B1233474200668N00131167EA0147901572
B1233484200668N00131158EA0147601571
B1233494200668N00131148EA0147501569
B1233504200667N00131139EA0147601568
B1233514200666N00131129EA0147401567
B1233524200666N00131120EA0147701567
B1233534200666N00131112EA0147601567
B1233544200666N00131103EA0147101566
B1233554200666N00131094EA0147301565
B1233564200665N00131086EA0147601566
B1233574200664N00131078EA0147301565
B1233584200664N00131070EA0146801564
B1233594200662N00131062EA0146601563
B1234004200660N00131053EA0147001562
B1234014200658N00131044EA0147201561
B1234024200657N00131036EA0147001561
B1234034200655N00131027EA0147001561
B1234044200654N00131019EA0147001560
B1234054200653N00131010EA0147001559
B1234064200651N00131002EA0146801558
B1234074200648N00130993EA0146701557
B1234084200646N00130985EA0146501556
B1234094200644N00130978EA0146701555
B1234104200642N00130971EA0146501554
B1234114200640N00130962EA0146001553
B1234124200637N00130954EA0146101551
B1234134200634N00130944EA0146201551
B1234144200633N00130936EA0146601552
B1234154200632N00130927EA0146301552
B1234164200631N00130919EA0145801552
B1234174200630N00130911EA0145301551
B1234184200628N00130903EA0146901550
B1234194200627N00130895EA0145601549
B1234204200625N00130886EA0145801547
B1234214200625N00130878EA0145601546
B1234224200623N00130869EA0145601546
B1234234200622N00130860EA0145601547
B1234244200620N00130852EA0145501547
B1234254200618N00130845EA0145701547
B1234264200617N00130836EA0146101546
B1234274200615N00130828EA0145901546
B1234284200613N00130820EA0145701546
B1234294200611N00130812EA0145501546
B1234304200610N00130804EA0145501546
B1234314200609N00130796EA0145401546
B1234324200608N00130787EA0145901544
B1234334200607N00130777EA0145101542
B1234344200606N00130768EA0145301541
B1234354200605N00130758EA0145601540
B1234364200603N00130748EA0145101539
B1234374200601N00130739EA0144601539
B1234384200599N00130729EA0145501539
B1234394200598N00130720EA0145601540
B1234404200597N00130711EA0145201542
B1234414200596N00130703EA0145201543
B1234424200595N00130696EA0145101544
B1234434200593N00130689EA0145101544
B1234444200591N00130682EA0145201544
B1234454200588N00130676EA0145401545
B1234464200584N00130671EA0145801547
B1234474200582N00130668EA0145801549
B1234484200579N00130664EA0146301551
B1234494200576N00130661EA0146101552
B1234504200572N00130658EA0145701553
B1234514200569N00130658EA0145601552
B1234524200565N00130659EA0145801553
B1234534200562N00130661EA0145901552
B1234544200559N00130664EA0145801552
B1234554200557N00130667EA0145701552
B1234564200557N00130673EA0145601552
B1234574200559N00130678EA0145301551
B1234584200562N00130683EA0145801549
B1234594200567N00130686EA0145401549
B1235004200573N00130687EA0145601548
B1235014200579N00130686EA0146301547
B1235024200584N00130683EA0145701547
B1235034200589N00130679EA0145201549
B1235044200592N00130675EA0145301549
B1235054200596N00130670EA0145201547
B1235064200600N00130664EA0144901547
B1235074200605N00130660EA0145901546
B1235084200609N00130656EA0145501547
B1235094200613N00130651EA0145501546
B1235104200616N00130646EA0145001544
B1235114200617N00130638EA0145301541
B1235124200618N00130631EA0144901540
B1235134200617N00130624EA0146401540
B1235144200618N00130617EA0146201543
B1235154200618N00130610EA0144701546
B1235164200617N00130605EA0145101549
B1235174200616N00130600EA0146401549
B1235184200615N00130593EA0145601549
B1235194200614N00130586EA0146301550
B1235204200613N00130579EA0146801550
B1235214200612N00130573EA0145901551
B1235224200610N00130566EA0146301552
B1235234200609N00130560EA0146301553
B1235244200607N00130554EA0146301554
B1235254200605N00130548EA0146101555
B1235264200602N00130543EA0146201556
B1235274200598N00130538EA0146901557
B1235284200594N00130532EA0146801558
B1235294200591N00130527EA0146801560
B1235304200588N00130522EA0146801562
B1235314200585N00130517EA0147001563
B1235324200582N00130514EA0147401564
B1235334200578N00130511EA0147001565
B1235344200575N00130511EA0147301566
B1235354200571N00130511EA0147701566
B1235364200566N00130512EA0147401566
B1235374200563N00130515EA0147401567
B1235384200560N00130520EA0147201567
B1235394200559N00130526EA0147301567
B1235404200560N00130533EA0147501567
B1235414200564N00130537EA0148001567
B1235424200571N00130537EA0147901568
B1235434200577N00130534EA0147701569
B1235444200582N00130529EA0148401570
B1235454200586N00130524EA0147401572
B1235464200589N00130519EA0148101572
B1235474200591N00130513EA0147401572
B1235484200592N00130505EA0147901572
B1235494200593N00130497EA0148101572
B1235504200593N00130489EA0147901572
B1235514200593N00130481EA0149501573
B1235524200593N00130473EA0147601574
B1235534200592N00130466EA0148701575
B1235544200590N00130460EA0148401577
B1235554200587N00130454EA0148701577
B1235564200583N00130448EA0148701578
B1235574200579N00130444EA0148501579
B1235584200574N00130442EA0149101582
B1235594200570N00130442EA0149001585
B1236004200565N00130443EA0149601587
B1236014200562N00130444EA0149601590
B1236024200558N00130445EA0149501593
B1236034200555N00130448EA0149701595
B1236044200553N00130453EA0150001596
B1236054200552N00130460EA0150001597
B1236064200554N00130466EA0150501598
B1236074200558N00130471EA0150001600
B1236084200564N00130472EA0149901600
B1236094200570N00130472EA0150201601
B1236104200575N00130468EA0150001601
B1236114200580N00130463EA0150401601
B1236124200585N00130458EA0150501601
B1236134200589N00130452EA0150701602
B1236144200592N00130445EA0150801603
B1236154200594N00130438EA0150701603
B1236164200596N00130431EA0150901605
B1236174200596N00130423EA0150901605
B1236184200594N00130415EA0151101605
B1236194200590N00130408EA0150801607
B1236204200586N00130404EA0151301608
B1236214200581N00130402EA0151601609
B1236224200577N00130402EA0151701610
B1236234200573N00130403EA0151301611
B1236244200571N00130406EA0152101612
B1236254200568N00130410EA0152001613
B1236264200566N00130415EA0151901615
B1236274200564N00130419EA0152401615
B1236284200563N00130425EA0151901616
B1236294200564N00130430EA0152201615
B1236304200566N00130436EA0152801616
B1236314200570N00130439EA0152201616
B1236324200575N00130442EA0152401615
B1236334200581N00130442EA0152301614
B1236344200587N00130441EA0152801614
B1236354200593N00130440EA0152501614
B1236364200599N00130437EA0152801613
B1236374200604N00130433EA0152501615
B1236384200608N00130429EA0153101615
B1236394200612N00130423EA0152801617
B1236404200614N00130416EA0153101619
B1236414200616N00130409EA0153201619
B1236424200616N00130402EA0153301619
B1236434200616N00130394EA0153101620
B1236444200614N00130387EA0153601621
B1236454200612N00130380EA0153901623
B1236464200609N00130375EA0153901625
B1236474200606N00130370EA0154001626
B1236484200601N00130367EA0154301627
B1236494200596N00130364EA0154401629
B1236504200592N00130364EA0154101631
B1236514200588N00130364EA0154601632
B1236524200583N00130365EA0154701633
B1236534200579N00130366EA0154401635
B1236544200576N00130369EA0155001638
B1236554200573N00130371EA0155001639
B1236564200571N00130375EA0154701639
B1236574200569N00130380EA0154701640
B1236584200570N00130386EA0155001640
B1236594200572N00130392EA0155101639
B1237004200576N00130397EA0155101639
B1237014200581N00130399EA0155801639
B1237024200586N00130400EA0155001640
B1237034200592N00130399EA0154801639
B1237044200598N00130397EA0154801636
B1237054200603N00130393EA0155401636
B1237064200608N00130388EA0155301636
B1237074200612N00130383EA0155101638
B1237084200615N00130376EA0155601639
B1237094200617N00130369EA0155201640
B1237104200618N00130362EA0155501642
B1237114200619N00130354EA0155301644
B1237124200619N00130346EA0156201647
B1237134200618N00130338EA0156001649
B1237144200617N00130330EA0156501652
B1237154200614N00130324EA0156601655
B1237164200611N00130319EA0156401657
B1237174200606N00130315EA0156601659
B1237184200601N00130311EA0157301661
B1237194200597N00130309EA0157001663
B1237204200592N00130307EA0157201667
B1237214200588N00130309EA0157201668
B1237224200585N00130312EA0157901670
B1237234200582N00130315EA0157801671
B1237244200580N00130320EA0157901673
B1237254200579N00130325EA0158101674
B1237264200579N00130331EA0157901676
B1237274200581N00130337EA0157901676
B1237284200585N00130342EA0157901675
B1237294200591N00130346EA0158601675
B1237304200597N00130346EA0157501675
B1237314200603N00130345EA0157701676
B1237324200608N00130342EA0157501677
B1237334200613N00130337EA0158001676
B1237344200617N00130331EA0158001676
B1237354200620N00130324EA0158101676
B1237364200622N00130316EA0158601676
B1237374200623N00130307EA0158901677
B1237384200623N00130299EA0158401679
B1237394200623N00130291EA0158301682
B1237404200623N00130282EA0159101684
B1237414200622N00130274EA0158001685
B1237424200620N00130267EA0158701686
B1237434200617N00130259EA0159201687
B1237444200614N00130253EA0159201688
B1237454200610N00130246EA0159301690
B1237464200605N00130241EA0159501692
B1237474200600N00130239EA0159201694
B1237484200596N00130238EA0159301696
B1237494200592N00130239EA0160101697
B1237504200589N00130241EA0160001699
B1237514200586N00130243EA0160201700
B1237524200583N00130246EA0159401701
B1237534200582N00130251EA0160101702
B1237544200584N00130256EA0160201702
B1237554200587N00130261EA0161201702
B1237564200592N00130265EA0160501703
B1237574200598N00130266EA0160401704
B1237584200605N00130264EA0160501705
B1237594200611N00130260EA0160701705
B1238004200616N00130254EA0160901707
B1238014200620N00130248EA0160901707
B1238024200623N00130242EA0161101709
B1238034200625N00130234EA0160801710
B1238044200627N00130225EA0161601709
B1238054200628N00130216EA0161301711
B1238064200627N00130207EA0161101714
B1238074200626N00130199EA0161701718
B1238084200624N00130193EA0162101721
B1238094200621N00130187EA0162201723
B1238104200617N00130183EA0162701725
B1238114200613N00130180EA0161301726
B1238124200610N00130180EA0162801727
B1238134200607N00130182EA0162801728
B1238144200604N00130185EA0163001729
B1238154200603N00130189EA0162501730
B1238164200603N00130194EA0163301731
B1238174200605N00130199EA0162901731
B1238184200610N00130202EA0162901731
B1238194200616N00130203EA0162501731
B1238204200623N00130201EA0163501730
B1238214200629N00130198EA0163501733
B1238224200634N00130195EA0163601736
B1238234200639N00130190EA0163501738
B1238244200643N00130184EA0163601738
B1238254200646N00130176EA0163101738
B1238264200647N00130168EA0164001739
B1238274200648N00130160EA0164101740
B1238284200647N00130153EA0164401741
B1238294200647N00130147EA0164901743
B1238304200646N00130140EA0163801743
B1238314200644N00130134EA0164501741
B1238324200642N00130128EA0164501740
B1238334200638N00130123EA0164501740
B1238344200634N00130120EA0164301740
B1238354200630N00130119EA0164701740
B1238364200626N00130119EA0165101742
B1238374200623N00130118EA0165001743
B1238384200620N00130117EA0164901745
B1238394200617N00130117EA0164901746
B1238404200614N00130120EA0164701746
B1238414200613N00130124EA0165001745
B1238424200613N00130129EA0164901746
B1238434200614N00130134EA0165201746
B1238444200617N00130139EA0165101746
B1238454200621N00130143EA0164501746
B1238464200626N00130144EA0165101746
B1238474200631N00130145EA0165401746
B1238484200637N00130144EA0165501747
B1238494200643N00130143EA0165301748
B1238504200648N00130139EA0165001748
B1238514200653N00130134EA0165201746
B1238524200657N00130127EA0165401745
B1238534200661N00130120EA0165801745
B1238544200663N00130113EA0165601746
B1238554200664N00130106EA0166301748
B1238564200666N00130099EA0165401748
B1238574200666N00130092EA0165501747
B1238584200665N00130084EA0165401746
B1238594200664N00130077EA0164801746
B1239004200661N00130069EA0165701746
B1239014200659N00130062EA0165801747
B1239024200656N00130056EA0165601748
B1239034200653N00130050EA0165901748
B1239044200649N00130044EA0166101749
B1239054200645N00130038EA0165301749
B1239064200642N00130033EA0165701750
B1239074200639N00130027EA0165901750
B1239084200636N00130020EA0165801751
B1239094200633N00130013EA0165601752
B1239104200631N00130005EA0165601752
B1239114200628N00129997EA0165701753
B1239124200626N00129988EA0165901754
B1239134200624N00129980EA0165801755
B1239144200622N00129972EA0165501757
B1239154200620N00129964EA0166101757
B1239164200618N00129958EA0165601758
B1239174200615N00129953EA0166001759
B1239184200612N00129950EA0165601760
B1239194200609N00129949EA0166001760
B1239204200605N00129949EA0166001760
B1239214200602N00129950EA0166201761
B1239224200599N00129953EA0166001762
B1239234200598N00129958EA0166301762
B1239244200599N00129962EA0166501763
B1239254200601N00129967EA0166301764
B1239264200604N00129972EA0166301764
B1239274200609N00129976EA0166501765
B1239284200614N00129978EA0166801767
B1239294200621N00129979EA0166301768
B1239304200628N00129977EA0166401768
B1239314200635N00129973EA0166601768
B1239324200641N00129968EA0166701768
B1239334200647N00129961EA0166301767
B1239344200652N00129953EA0166401767
B1239354200655N00129944EA0167101766
B1239364200657N00129936EA0166601764
B1239374200658N00129927EA0166801765
B1239384200658N00129919EA0166901766
B1239394200658N00129912EA0166901768
B1239404200658N00129904EA0166801767
B1239414200655N00129896EA0166601767
B1239424200652N00129889EA0166801767
B1239434200649N00129883EA0167001768
B1239444200645N00129877EA0167201769
B1239454200642N00129872EA0167401771
B1239464200639N00129869EA0167401775
B1239474200637N00129867EA0167501775
B1239484200634N00129868EA0167301776
B1239494200632N00129872EA0167101776
B1239504200632N00129876EA0167901777
B1239514200634N00129882EA0167801777
B1239524200637N00129887EA0168301779
B1239534200641N00129891EA0168001778
B1239544200647N00129893EA0168201779
B1239554200654N00129893EA0168101778
B1239564200661N00129890EA0168301777
B1239574200667N00129886EA0168801777
B1239584200673N00129881EA0168301779
B1239594200678N00129876EA0168401779
B1240004200682N00129870EA0168201780
B1240014200686N00129862EA0168601780
B1240024200688N00129854EA0169401782
B1240034200689N00129846EA0169401784
B1240044200688N00129838EA0169701787
B1240054200687N00129830EA0169601793
B1240064200686N00129823EA0169001797
B1240074200683N00129818EA0170101799
B1240084200680N00129813EA0170201801
B1240094200677N00129810EA0170101803
B1240104200674N00129809EA0170001805
B1240114200672N00129809EA0170401806
B1240124200670N00129812EA0170401808
B1240134200670N00129816EA0170601808
B1240144200671N00129820EA0170801810
B1240154200673N00129824EA0170401810
B1240164200678N00129828EA0171501811
B1240174200685N00129831EA0171101811
B1240184200691N00129831EA0171001812
B1240194200697N00129831EA0171101814
B1240204200703N00129827EA0170801815
B1240214200709N00129821EA0172201814
B1240224200714N00129815EA0171701814
B1240234200718N00129808EA0171201819
B1240244200721N00129801EA0171901822
B1240254200724N00129794EA0172701823
B1240264200725N00129785EA0172601823
B1240274200726N00129777EA0172601825
B1240284200725N00129770EA0172301829
B1240294200724N00129763EA0171601831
B1240304200721N00129757EA0173601832
B1240314200719N00129750EA0173401835
B1240324200717N00129744EA0173701838
B1240334200715N00129740EA0173001840
B1240344200712N00129737EA0173201840
B1240354200709N00129737EA0173501840
B1240364200705N00129737EA0173801841
B1240374200703N00129737EA0173901841
B1240384200701N00129738EA0173401843
B1240394200700N00129741EA0173901844
B1240404200699N00129743EA0174201847
B1240414200699N00129746EA0174101849
B1240424200700N00129749EA0174101850
B1240434200702N00129753EA0174001852
B1240444200705N00129757EA0174801851
B1240454200709N00129761EA0174101852
B1240464200715N00129765EA0174401851
B1240474200721N00129767EA0174801853
B1240484200727N00129767EA0174401855
B1240494200733N00129765EA0174901855
B1240504200739N00129762EA0175201856
B1240514200745N00129756EA0175301857
B1240524200750N00129750EA0175401859
B1240534200754N00129742EA0175501861
B1240544200756N00129734EA0175601863
B1240554200757N00129726EA0176001865
B1240564200758N00129719EA0176001867
B1240574200758N00129712EA0176001870
B1240584200757N00129705EA0175501872
B1240594200754N00129698EA0176401873
B1241004200750N00129694EA0176401874
B1241014200745N00129692EA0177001875
B1241024200741N00129692EA0176801877
B1241034200739N00129694EA0176801879
B1241044200736N00129699EA0177401880
B1241054200735N00129703EA0177801884
B1241064200735N00129708EA0177901885
B1241074200736N00129713EA0177801886
B1241084200739N00129719EA0177701888
B1241094200744N00129722EA0178001890
B1241104200751N00129724EA0178001891
B1241114200758N00129722EA0178601893
B1241124200765N00129719EA0178501893
B1241134200771N00129715EA0178801896
B1241144200776N00129710EA0179001897
B1241154200781N00129704EA0179401898
B1241164200785N00129697EA0179401900
B1241174200787N00129688EA0179101901
B1241184200788N00129679EA0179201902
B1241194200787N00129670EA0179801905
B1241204200785N00129663EA0179601908
B1241214200783N00129657EA0179901910
B1241224200781N00129652EA0180301911
B1241234200777N00129647EA0180401913
B1241244200774N00129644EA0180701914
B1241254200771N00129642EA0180301916
B1241264200768N00129641EA0180901918
B1241274200765N00129642EA0181101920
B1241284200762N00129643EA0181101921
B1241294200759N00129646EA0181101923
B1241304200757N00129650EA0181101924
B1241314200757N00129654EA0181601925
B1241324200758N00129660EA0181601926
B1241334200761N00129665EA0181901927
B1241344200765N00129668EA0181901928
B1241354200771N00129668EA0181901929
B1241364200778N00129665EA0182601930
B1241374200785N00129662EA0182301931
B1241384200790N00129657EA0182201933
B1241394200795N00129649EA0182601934
B1241404200798N00129641EA0182801934
B1241414200801N00129633EA0182801935
B1241424200803N00129624EA0183301938
B1241434200803N00129616EA0183201939
B1241444200803N00129609EA0183101942
B1241454200802N00129601EA0183301942
B1241464200800N00129593EA0183801944
B1241474200797N00129585EA0183801945
B1241484200794N00129579EA0183601947
B1241494200791N00129573EA0183801950
B1241504200788N00129568EA0184501952
B1241514200785N00129564EA0184501955
B1241524200782N00129560EA0184801959
B1241534200779N00129558EA0184801961
B1241544200776N00129557EA0184601963
B1241554200773N00129559EA0185201964
B1241564200771N00129562EA0185301964
B1241574200771N00129567EA0185301965
B1241584200772N00129571EA0185201966
B1241594200776N00129574EA0185301966
B1242004200781N00129575EA0185301966
B1242014200788N00129573EA0184901966
B1242024200794N00129570EA0185301963
B1242034200800N00129563EA0185201963
B1242044200805N00129554EA0184901961
B1242054200808N00129544EA0185301961
B1242064200809N00129535EA0185701961
B1242074200811N00129525EA0185701963
B1242084200814N00129516EA0185601970
B1242094200816N00129507EA0186401974
B1242104200817N00129499EA0185901977
B1242114200817N00129490EA0186501980
B1242124200816N00129482EA0186801983
B1242134200815N00129475EA0186101985
B1242144200813N00129469EA0186901988
B1242154200810N00129464EA0187401989
B1242164200807N00129461EA0187901991
B1242174200804N00129460EA0187601992
B1242184200802N00129460EA0187801994
B1242194200800N00129462EA0187701995
B1242204200800N00129467EA0188601996
B1242214200801N00129471EA0188401997
B1242224200804N00129475EA0187801999
B1242234200809N00129477EA0188602001
B1242244200815N00129477EA0188802002
B1242254200822N00129475EA0188702004
B1242264200829N00129472EA0188402003
B1242274200836N00129466EA0188902004
B1242284200842N00129459EA0188802004
B1242294200846N00129451EA0188702005
B1242304200850N00129442EA0188402005
B1242314200852N00129432EA0188702005
B1242324200852N00129421EA0189302006
B1242334200852N00129411EA0188602008
B1242344200851N00129401EA0189902013
B1242354200851N00129392EA0189902018
B1242364200851N00129385EA0189602022
B1242374200850N00129377EA0189502023
B1242384200848N00129371EA0190202024
B1242394200846N00129364EA0190002025
B1242404200843N00129357EA0190402026
B1242414200840N00129351EA0190702028
B1242424200837N00129345EA0190502029
B1242434200833N00129341EA0190402030
B1242444200829N00129337EA0191002032
B1242454200826N00129336EA0190802033
B1242464200822N00129336EA0191102034
B1242474200819N00129337EA0191702035
B1242484200817N00129339EA0191802038
B1242494200816N00129341EA0191902039
B1242504200815N00129345EA0191502040
B1242514200815N00129351EA0191802041
B1242524200818N00129357EA0193002041
B1242534200824N00129361EA0192202043
B1242544200832N00129360EA0192702046
B1242554200839N00129356EA0192602047
B1242564200845N00129350EA0192902049
B1242574200850N00129343EA0192902047
B1242584200855N00129336EA0193102047
B1242594200859N00129328EA0193402049
B1243004200862N00129321EA0193302049
B1243014200863N00129312EA0193202048
B1243024200864N00129302EA0193902048
B1243034200863N00129291EA0193902049
B1243044200862N00129282EA0193502052
B1243054200860N00129273EA0194602057
B1243064200859N00129265EA0194102060
B1243074200857N00129256EA0194602062
B1243084200855N00129249EA0194502065
B1243094200852N00129244EA0194702067
B1243104200848N00129240EA0194602068
B1243114200845N00129238EA0195102070
B1243124200842N00129237EA0194702071
B1243134200840N00129239EA0194402073
B1243144200839N00129242EA0195602075
B1243154200839N00129246EA0195602076
B1243164200841N00129250EA0195902079
B1243174200844N00129253EA0195202080
B1243184200850N00129255EA0195702081
B1243194200857N00129256EA0195702082
B1243204200865N00129253EA0196502084
B1243214200872N00129248EA0196802085
B1243224200876N00129241EA0196102087
B1243234200880N00129232EA0196302087
B1243244200883N00129223EA0196402086
B1243254200886N00129213EA0196802085
B1243264200887N00129203EA0196402085
B1243274200886N00129194EA0197202088
B1243284200885N00129186EA0196402090
B1243294200883N00129180EA0197202091
B1243304200881N00129175EA0197002092
B1243314200879N00129171EA0197302093
B1243324200876N00129167EA0196802094
B1243334200873N00129165EA0197202094
B1243344200870N00129164EA0197402094
B1243354200868N00129164EA0197502094
B1243364200865N00129165EA0197302094
B1243374200864N00129168EA0197702095
B1243384200864N00129172EA0197802095
B1243394200866N00129175EA0197502095
B1243404200870N00129179EA0197602095
B1243414200875N00129181EA0197502095
B1243424200881N00129181EA0197502095
B1243434200888N00129180EA0197202095
B1243444200896N00129177EA0197202092
B1243454200903N00129171EA0198202092
B1243464200908N00129164EA0198002092
B1243474200913N00129156EA0197802094
B1243484200917N00129148EA0197602095
B1243494200921N00129139EA0198202097
B1243504200924N00129130EA0198002096
B1243514200927N00129120EA0196802094
B1243524200928N00129111EA0198202094
B1243534200928N00129101EA0197902094
B1243544200927N00129092EA0197902095
B1243554200928N00129083EA0198002097
B1243564200927N00129075EA0198002098
B1243574200926N00129066EA0197602098
B1243584200924N00129059EA0197302099
B1243594200922N00129051EA0198202099
B1244004200919N00129045EA0198602099
B1244014200916N00129038EA0198302100
B1244024200914N00129032EA0197102099
B1244034200912N00129025EA0197902098
B1244044200910N00129018EA0197702097
B1244054200908N00129010EA0197502095
B1244064200907N00129001EA0196902092
B1244074200906N00128992EA0196402089
B1244084200905N00128982EA0196402087
B1244094200903N00128974EA0196302085
B1244104200902N00128965EA0196202085
B1244114200902N00128957EA0196302084
B1244124200902N00128949EA0195802084
B1244134200903N00128941EA0195602082
B1244144200903N00128933EA0195602080
B1244154200904N00128926EA0195602078
B1244164200905N00128918EA0194902076
B1244174200906N00128910EA0196002073
B1244184200906N00128902EA0193902072
B1244194200904N00128894EA0194502070
B1244204200903N00128887EA0194402067
B1244214200903N00128879EA0193602065
B1244224200903N00128871EA0194902063
B1244234200902N00128862EA0193802061
B1244244200902N00128854EA0193602059
B1244254200901N00128846EA0193302058
B1244264200901N00128838EA0193802058
B1244274200901N00128831EA0193802057
B1244284200900N00128823EA0193302056
B1244294200900N00128816EA0193102056
B1244304200900N00128809EA0192902055
B1244314200900N00128802EA0192602054
B1244324200900N00128795EA0192702053
B1244334200901N00128788EA0192702051
B1244344200901N00128780EA0192402049
B1244354200901N00128773EA0191702048
B1244364200902N00128766EA0191302046
B1244374200903N00128758EA0191602044
B1244384200904N00128750EA0191802042
B1244394200905N00128742EA0191602039
B1244404200905N00128733EA0191202036
B1244414200905N00128724EA0190402033
B1244424200905N00128715EA0190102031
B1244434200906N00128705EA0191202029
B1244444200907N00128696EA0189902028
B1244454200907N00128687EA0190302027
B1244464200907N00128679EA0188602026
B1244474200908N00128670EA0190302024
B1244484200908N00128662EA0190402023
B1244494200909N00128654EA0189902021
B1244504200909N00128646EA0188702020
B1244514200909N00128638EA0189602018
B1244524200909N00128630EA0189302015
B1244534200909N00128621EA0188702013
B1244544200908N00128613EA0188102011
B1244554200907N00128605EA0188402009
B1244564200907N00128596EA0188902008
B1244574200907N00128587EA0188402006
B1244584200906N00128579EA0187702005
B1244594200905N00128571EA0187902003
B1245004200904N00128563EA0187702002
B1245014200903N00128555EA0187502000
B1245024200903N00128547EA0188101998
B1245034200903N00128538EA0187501997
B1245044200903N00128530EA0187101996
B1245054200901N00128523EA0186101995
B1245064200900N00128516EA0187001993
B1245074200900N00128508EA0187001991
B1245084200899N00128501EA0186601989
B1245094200898N00128493EA0186101987
B1245104200896N00128485EA0185901985
B1245114200894N00128478EA0186801984
B1245124200894N00128471EA0185701982
B1245134200894N00128463EA0186101981
B1245144200894N00128455EA0185501979
B1245154200893N00128448EA0185201976
B1245164200892N00128440EA0185201974
B1245174200891N00128432EA0185201973
B1245184200892N00128425EA0185101971
B1245194200893N00128417EA0185101969
B1245204200894N00128409EA0184601967
B1245214200894N00128402EA0184001964
B1245224200894N00128395EA0183901961
B1245234200894N00128387EA0184001958
B1245244200895N00128380EA0183401956
B1245254200896N00128372EA0183401953
B1245264200896N00128365EA0183301950
B1245274200897N00128358EA0183101948
B1245284200897N00128351EA0182401944
B1245294200897N00128343EA0182301941
B1245304200897N00128335EA0181701937
B1245314200897N00128327EA0181701934
B1245324200897N00128319EA0182201932
B1245334200897N00128311EA0181401930
B1245344200897N00128303EA0180501927
B1245354200898N00128295EA0181101924
B1245364200898N00128287EA0180601921
B1245374200898N00128279EA0180201918
B1245384200897N00128271EA0180001915
B1245394200896N00128263EA0179701913
B1245404200896N00128255EA0180301911
B1245414200895N00128247EA0179101908
B1245424200894N00128239EA0178801906
B1245434200892N00128231EA0178701903
B1245444200891N00128222EA0178901901
B1245454200891N00128214EA0178501899
B1245464200890N00128207EA0178201898
B1245474200889N00128200EA0177801896
B1245484200887N00128194EA0177901895
B1245494200885N00128188EA0178001893
B1245504200884N00128181EA0178101890
B1245514200883N00128173EA0177301887
B1245524200881N00128166EA0176901885
B1245534200880N00128159EA0176801881
B1245544200878N00128152EA0175801877
B1245554200877N00128144EA0175501873
B1245564200875N00128136EA0175701869
B1245574200874N00128127EA0175601866
B1245584200873N00128119EA0175001863
B1245594200871N00128112EA0174901861
B1246004200870N00128106EA0174501858
B1246014200868N00128098EA0173801853
B1246024200866N00128089EA0174001848
B1246034200863N00128080EA0173101844
B1246044200860N00128072EA0172101840
B1246054200857N00128063EA0172401837
B1246064200854N00128055EA0171601835
B1246074200853N00128047EA0172001832
B1246084200851N00128038EA0171801829
B1246094200849N00128028EA0171301825
B1246104200847N00128019EA0171001823
B1246114200844N00128009EA0170901822
B1246124200843N00128000EA0170901821
B1246134200842N00127990EA0170901820
B1246144200841N00127982EA0170801819
B1246154200839N00127972EA0169801817
B1246164200837N00127963EA0170001816
B1246174200836N00127953EA0171201815
B1246184200835N00127942EA0170701813
B1246194200835N00127932EA0170201813
B1246204200834N00127922EA0170301813
B1246214200834N00127912EA0169801813
B1246224200834N00127902EA0169401814
B1246234200834N00127893EA0170101814
B1246244200835N00127883EA0170501813
B1246254200836N00127874EA0169901812
B1246264200837N00127864EA0169401810
B1246274200838N00127855EA0169601808
B1246284200838N00127845EA0169501807
B1246294200838N00127837EA0169401806
B1246304200838N00127830EA0169701806
B1246314200837N00127822EA0169301806
B1246324200837N00127813EA0168801804
B1246334200837N00127804EA0169301802
B1246344200837N00127795EA0168401801
B1246354200836N00127786EA0168101798
B1246364200835N00127777EA0168401797
B1246374200834N00127769EA0168801796
B1246384200834N00127761EA0168701794
B1246394200834N00127753EA0167501792
B1246404200833N00127744EA0167701789
B1246414200832N00127734EA0167501786
B1246424200831N00127724EA0167601786
B1246434200832N00127716EA0167401787
B1246444200833N00127708EA0167701788
B1246454200835N00127701EA0167601788
B1246464200836N00127694EA0167601788
B1246474200837N00127687EA0167001786
B1246484200837N00127680EA0167301784
B1246494200837N00127672EA0166901782
B1246504200838N00127663EA0167801781
B1246514200839N00127655EA0167301781
B1246524200840N00127647EA0166101781
B1246534200841N00127639EA0167001782
B1246544200841N00127631EA0167501783
B1246554200841N00127623EA0168201785
B1246564200840N00127615EA0167601788
B1246574200838N00127609EA0168601791
B1246584200836N00127607EA0167901795
B1246594200834N00127607EA0169401799
B1247004200832N00127608EA0169001802
B1247014200832N00127611EA0169701805
B1247024200831N00127615EA0169501808
B1247034200831N00127620EA0170401810
B1247044200832N00127627EA0170801812
B1247054200833N00127634EA0171301815
B1247064200836N00127641EA0171201818
B1247074200840N00127647EA0171301820
B1247084200845N00127652EA0171201822
B1247094200852N00127655EA0171001824
B1247104200860N00127655EA0170901823
B1247114200866N00127652EA0171701823
B1247124200872N00127650EA0171601825
B1247134200877N00127646EA0171801825
B1247144200881N00127643EA0171301825
B1247154200886N00127638EA0172201825
B1247164200889N00127631EA0169701825
B1247174200891N00127624EA0171501822
B1247184200891N00127617EA0171801823
B1247194200891N00127610EA0171701829
B1247204200892N00127605EA0172001834
B1247214200893N00127600EA0172201838
B1247224200893N00127595EA0172201842
B1247234200893N00127589EA0173201844
B1247244200893N00127583EA0172801848
B1247254200892N00127576EA0173701852
B1247264200891N00127570EA0174301855
B1247274200888N00127565EA0173901859
B1247284200886N00127560EA0175001862
B1247294200885N00127555EA0174801866
B1247304200884N00127549EA0175101869
B1247314200884N00127543EA0175401870
B1247324200884N00127537EA0175301871
B1247334200882N00127533EA0175201873
B1247344200879N00127531EA0175301874
B1247354200876N00127532EA0176201874
B1247364200873N00127534EA0176701875
B1247374200872N00127537EA0176201877
B1247384200871N00127541EA0176001878
B1247394200873N00127547EA0176201879
B1247404200875N00127553EA0176201879
B1247414200879N00127559EA0176401879
B1247424200883N00127564EA0176601879
B1247434200890N00127569EA0176201879
B1247444200899N00127571EA0176501880
B1247454200908N00127571EA0177001882
B1247464200916N00127570EA0177701883
B1247474200924N00127567EA0177601884
B1247484200931N00127561EA0177301887
B1247494200935N00127554EA0179301889
B1247504200937N00127547EA0178401891
B1247514200937N00127540EA0178901893
B1247524200937N00127535EA0179101897
B1247534200936N00127531EA0179301899
B1247544200934N00127527EA0179401902
B1247554200932N00127524EA0179901905
B1247564200930N00127523EA0180001911
B1247574200927N00127524EA0180301913
B1247584200925N00127526EA0180501915
B1247594200923N00127529EA0180201917
B1248004200922N00127534EA0180301918
B1248014200923N00127540EA0181001921
B1248024200925N00127545EA0181201923
B1248034200928N00127551EA0182001925
B1248044200931N00127556EA0181801928
B1248054200936N00127560EA0181701929
B1248064200942N00127564EA0181901930
B1248074200950N00127567EA0182001931
B1248084200958N00127568EA0182301932
B1248094200967N00127567EA0182401933
B1248104200975N00127564EA0183201935
B1248114200981N00127560EA0183301937
B1248124200986N00127555EA0183501939
B1248134200988N00127550EA0184001940
B1248144200990N00127545EA0183601941
B1248154200991N00127539EA0183901942
B1248164200991N00127533EA0184701942
B1248174200991N00127528EA0183601945
B1248184200990N00127524EA0184901947
B1248194200988N00127522EA0184501948
B1248204200985N00127520EA0185401949
B1248214200982N00127518EA0184901953
B1248224200980N00127516EA0185201957
B1248234200978N00127514EA0185601961
B1248244200975N00127515EA0185901964
B1248254200972N00127517EA0185401966
B1248264200970N00127520EA0186101969
B1248274200968N00127523EA0186701972
B1248284200968N00127527EA0187401977
B1248294200968N00127531EA0187001981
B1248304200968N00127535EA0188001984
B1248314200968N00127539EA0187701986
B1248324200969N00127544EA0187401987
B1248334200969N00127549EA0188201988
B1248344200969N00127553EA0187801990
B1248354200969N00127558EA0188101992
B1248364200971N00127563EA0188401994
B1248374200974N00127569EA0188601996
B1248384200979N00127575EA0189201998
B1248394200984N00127581EA0189302000
B1248404200991N00127585EA0188902002
B1248414200998N00127586EA0189102006
B1248424201005N00127585EA0190002007
B1248434201012N00127583EA0189702006
B1248444201018N00127581EA0189602006
B1248454201024N00127577EA0189202005
B1248464201031N00127573EA0189202006
B1248474201037N00127568EA0190102006
B1248484201043N00127563EA0188102007
B1248494201049N00127557EA0190002008
B1248504201053N00127551EA0189102012
B1248514201057N00127546EA0189602013
B1248524201059N00127540EA0189502014
B1248534201060N00127535EA0189502014
B1248544201062N00127529EA0190102015
B1248554201063N00127523EA0189502016
B1248564201063N00127517EA0189702017
B1248574201063N00127511EA0190002020
B1248584201063N00127506EA0190402024
B1248594201063N00127500EA0190702026
B1249004201064N00127494EA0190902028
B1249014201064N00127488EA0190902030
B1249024201063N00127482EA0191502032
B1249034201063N00127476EA0191302034
B1249044201062N00127470EA0192102037
B1249054201061N00127464EA0191602040
B1249064201060N00127459EA0192402043
B1249074201060N00127454EA0192202046
B1249084201059N00127449EA0192602048
B1249094201058N00127443EA0192702050
B1249104201056N00127437EA0193302053
B1249114201055N00127431EA0193502055
B1249124201053N00127425EA0193602058
B1249134201052N00127418EA0194002062
B1249144201051N00127412EA0194502065
B1249154201050N00127407EA0194102068
B1249164201049N00127401EA0194902070
B1249174201047N00127396EA0195202073
B1249184201047N00127391EA0194702074
B1249194201047N00127385EA0194902075
B1249204201046N00127378EA0194902075
B1249214201044N00127371EA0195502075
B1249224201042N00127364EA0195602077
B1249234201040N00127358EA0195202080
B1249244201040N00127352EA0195302083
B1249254201040N00127345EA0195702086
B1249264201039N00127338EA0195902087
B1249274201038N00127331EA0196702090
B1249284201036N00127324EA0197002094
B1249294201036N00127318EA0197402099
B1249304201034N00127312EA0197302104
B1249314201033N00127307EA0197502108
B1249324201031N00127301EA0199102111
B1249334201029N00127295EA0197902113
B1249344201027N00127287EA0199102116
B1249354201026N00127280EA0199402121
B1249364201024N00127274EA0199302127
B1249374201023N00127269EA0199702133
B1249384201021N00127265EA0200202137
B1249394201019N00127260EA0200002140
B1249404201016N00127255EA0200702142
B1249414201014N00127250EA0202002144
B1249424201012N00127245EA0201102147
B1249434201010N00127239EA0200802148
B1249444201009N00127232EA0201802149
B1249454201007N00127225EA0201402149
B1249464201006N00127218EA0201302150
B1249474201004N00127211EA0201902151
B1249484201001N00127205EA0201302153
B1249494200999N00127200EA0201802155
B1249504200997N00127194EA0202202157
B1249514200995N00127189EA0201502157
B1249524200993N00127183EA0202802157
B1249534200990N00127176EA0201502156
B1249544200987N00127169EA0202302156
B1249554200985N00127162EA0201802157
B1249564200983N00127156EA0201702157
B1249574200981N00127150EA0201802157
B1249584200979N00127143EA0202302157
B1249594200976N00127137EA0201102156
B1250004200973N00127130EA0201102155
B1250014200971N00127123EA0202202154
B1250024200969N00127117EA0202402153
B1250034200967N00127110EA0201502151
B1250044200965N00127103EA0201102150
B1250054200963N00127097EA0200902148
B1250064200962N00127091EA0200802147
B1250074200961N00127085EA0200102145
B1250084200960N00127078EA0199502142
B1250094200959N00127071EA0200902139
B1250104200958N00127064EA0200302136
B1250114200957N00127058EA0199402134
B1250124200956N00127051EA0198702132
B1250134200955N00127045EA0199102129
B1250144200955N00127037EA0198902126
B1250154200955N00127029EA0198202123
B1250164200954N00127020EA0198302120
B1250174200954N00127012EA0198502119
B1250184200954N00127005EA0198402118
B1250194200954N00126999EA0198502117
B1250204200953N00126992EA0198102116
B1250214200953N00126985EA0197002114
B1250224200952N00126977EA0197202111
B1250234200951N00126968EA0198402110
B1250244200950N00126960EA0197202110
B1250254200950N00126953EA0197902113
B1250264200950N00126947EA0198002116
B1250274200950N00126941EA0197802117
B1250284200950N00126933EA0197802117
B1250294200950N00126925EA0198502118
B1250304200950N00126917EA0198402118
B1250314200950N00126909EA0198002119
B1250324200950N00126902EA0197702120
B1250334200951N00126895EA0198702120
B1250344200951N00126887EA0198302119
B1250354200951N00126880EA0198402119
B1250364200951N00126872EA0198102121
B1250374200951N00126866EA0198702123
B1250384200952N00126860EA0199002125
B1250394200952N00126853EA0197702125
B1250404200952N00126844EA0198402123
B1250414200951N00126834EA0198102121
B1250424200951N00126824EA0198402122
B1250434200950N00126815EA0198502125
B1250444200951N00126807EA0199002129
B1250454200952N00126801EA0199602133
B1250464200953N00126795EA0199702136
B1250474200953N00126789EA0199702136
B1250484200954N00126782EA0199302136
B1250494200954N00126774EA0199702133
B1250504200954N00126765EA0199502131
B1250514200953N00126756EA0199702130
B1250524200952N00126747EA0199702130
B1250534200951N00126740EA0199302130
B1250544200950N00126732EA0198102130
B1250554200950N00126724EA0198702129
B1250564200949N00126716EA0198102127
B1250574200948N00126706EA0198202124
B1250584200948N00126696EA0198402122
B1250594200948N00126685EA0198802121
B1251004200948N00126675EA0198702122
B1251014200947N00126667EA0198702123
B1251024200947N00126659EA0198902124
B1251034200947N00126651EA0197402122
B1251044200946N00126641EA0198502120
B1251054200945N00126631EA0197802118
B1251064200944N00126622EA0198002117
B1251074200943N00126613EA0198102118
B1251084200943N00126604EA0198702118
B1251094200942N00126597EA0197102118
B1251104200941N00126589EA0198002116
B1251114200939N00126581EA0197302115
B1251124200937N00126573EA0197902114
B1251134200936N00126566EA0196802114
B1251144200937N00126558EA0197302114
B1251154200938N00126550EA0197902115
B1251164200939N00126542EA0197502114
B1251174200940N00126533EA0197202114
B1251184200942N00126524EA0197002112
B1251194200942N00126515EA0198502111
B1251204200943N00126506EA0198402111
B1251214200942N00126497EA0197102111
B1251224200941N00126489EA0197302111
B1251234200940N00126482EA0197202111
B1251244200939N00126474EA0198002110
B1251254200938N00126465EA0197002109
B1251264200937N00126456EA0197302107
B1251274200935N00126446EA0197602106
B1251284200933N00126438EA0196002105
B1251294200931N00126429EA0198502105
B1251304200929N00126421EA0196302104
B1251314200928N00126412EA0196502102
B1251324200926N00126404EA0196102099
B1251334200925N00126395EA0197102097
B1251344200924N00126387EA0195702094
B1251354200922N00126378EA0195802092
B1251364200920N00126368EA0195702090
B1251374200917N00126359EA0195602089
B1251384200916N00126350EA0195802090
B1251394200916N00126342EA0195402090
B1251404200916N00126334EA0195802090
B1251414200915N00126326EA0196102089
B1251424200913N00126318EA0195002088
B1251434200910N00126308EA0195302085
B1251444200908N00126298EA0195602085
B1251454200908N00126289EA0196502087
B1251464200908N00126280EA0195902089
B1251474200907N00126272EA0195502090
B1251484200906N00126264EA0195502089
B1251494200904N00126256EA0195102088
B1251504200903N00126246EA0195902087
B1251514200903N00126236EA0196002086
B1251524200902N00126226EA0195502086
B1251534200902N00126217EA0195502087
B1251544200901N00126208EA0195502087
B1251554200902N00126199EA0195102087
B1251564200902N00126189EA0195002085
B1251574200902N00126180EA0195002083
B1251584200902N00126170EA0194302081
B1251594200902N00126160EA0194302080
B1252004200902N00126151EA0195402079
B1252014200903N00126142EA0195802078
B1252024200904N00126134EA0193602076
B1252034200904N00126126EA0193802074
B1252044200904N00126118EA0194602072
B1252054200904N00126109EA0193902069
B1252064200904N00126101EA0193902067
B1252074200904N00126093EA0193102065
B1252084200903N00126086EA0193702064
B1252094200901N00126079EA0192802062
B1252104200899N00126073EA0191902059
B1252114200898N00126066EA0192802057
B1252124200896N00126058EA0192002055
B1252134200895N00126049EA0192102052
B1252144200894N00126041EA0192002051
B1252154200893N00126032EA0191602051
B1252164200894N00126025EA0191902052
B1252174200895N00126017EA0191502052
B1252184200895N00126010EA0191902050
B1252194200896N00126002EA0191202048
B1252204200896N00125993EA0190902045
B1252214200896N00125984EA0190902042
B1252224200896N00125975EA0190602041
B1252234200897N00125967EA0192202040
B1252244200897N00125959EA0189802039
B1252254200898N00125951EA0190202037
B1252264200897N00125942EA0190102035
B1252274200897N00125933EA0189902032
B1252284200898N00125924EA0190702030
B1252294200898N00125916EA0189602030
B1252304200899N00125909EA0189602029
B1252314200900N00125901EA0188702027
B1252324200901N00125892EA0188202023
B1252334200902N00125883EA0189002020
B1252344200903N00125874EA0188802018
B1252354200904N00125865EA0188302017
B1252364200905N00125857EA0188302015
B1252374200906N00125849EA0188902013
B1252384200907N00125840EA0188102010
B1252394200908N00125830EA0188002008
B1252404200908N00125821EA0187402005
B1252414200908N00125812EA0187102004
B1252424200909N00125803EA0187602003
B1252434200910N00125794EA0187302001
B1252444200912N00125786EA0185801998
B1252454200913N00125776EA0186501994
B1252464200914N00125767EA0186601990
B1252474200915N00125757EA0185301987
B1252484200915N00125748EA0185601983
B1252494200915N00125739EA0184201980
B1252504200915N00125730EA0186101977
B1252514200915N00125721EA0185101974
B1252524200915N00125711EA0184901971
B1252534200915N00125702EA0184201969
B1252544200915N00125694EA0183801966
B1252554200915N00125685EA0183701963
B1252564200915N00125676EA0183301961
B1252574200915N00125667EA0182901958
B1252584200915N00125658EA0182701955
B1252594200915N00125649EA0182601952
B1253004200915N00125640EA0182401950
B1253014200914N00125632EA0182401948
B1253024200915N00125624EA0182301947
B1253034200915N00125616EA0181201946
B1253044200916N00125608EA0181501944
B1253054200916N00125600EA0180501940
B1253064200916N00125592EA0181401936
B1253074200916N00125584EA0182201933
B1253084200916N00125575EA0181501930
B1253094200915N00125567EA0180501928
B1253104200914N00125560EA0179701927
B1253114200913N00125552EA0180001925
B1253124200913N00125544EA0180401923
B1253134200913N00125535EA0180101921
B1253144200913N00125526EA0179401918
B1253154200912N00125517EA0179101915
B1253164200911N00125509EA0179101913
B1253174200911N00125501EA0179001911
B1253184200911N00125493EA0178101908
B1253194200910N00125484EA0178401905
B1253204200910N00125475EA0178601903
B1253214200909N00125466EA0178101900
B1253224200908N00125458EA0177601898
B1253234200907N00125449EA0177801896
B1253244200907N00125440EA0177601894
B1253254200908N00125431EA0177101891
B1253264200909N00125422EA0176901890
B1253274200910N00125413EA0176901888
B1253284200911N00125406EA0176701888
B1253294200912N00125398EA0175701887
B1253304200912N00125391EA0176401885
B1253314200913N00125382EA0177601883
B1253324200913N00125374EA0175601880
B1253334200912N00125365EA0175901877
B1253344200910N00125357EA0175601875
B1253354200909N00125349EA0175701874
B1253364200909N00125342EA0176101873
B1253374200909N00125335EA0174001871
B1253384200908N00125327EA0174201867
B1253394200907N00125319EA0174801863
B1253404200906N00125311EA0174401860
B1253414200905N00125302EA0174901858
B1253424200905N00125294EA0174301857
B1253434200905N00125287EA0173401855
B1253444200905N00125280EA0173401853
B1253454200905N00125273EA0172901850
B1253464200905N00125265EA0172501846
B1253474200905N00125256EA0173701842
B1253484200905N00125247EA0172401839
B1253494200905N00125239EA0171901837
B1253504200904N00125232EA0172001835
B1253514200904N00125224EA0171301833
B1253524200905N00125217EA0171801830
B1253534200905N00125208EA0171001826
B1253544200904N00125199EA0170701822
B1253554200904N00125191EA0170801820
B1253564200905N00125183EA0170601818
B1253574200905N00125176EA0170301816
B1253584200906N00125169EA0170401813
B1253594200907N00125161EA0169401810
B1254004200907N00125153EA0169701806
B1254014200908N00125144EA0169301802
B1254024200908N00125136EA0169301800
B1254034200908N00125129EA0168401798
B1254044200908N00125122EA0168201796
B1254054200909N00125114EA0167501793
B1254064200910N00125107EA0168501789
B1254074200912N00125099EA0167501785
B1254084200912N00125091EA0166401781
B1254094200913N00125083EA0167001777
B1254104200913N00125075EA0166201773
B1254114200914N00125067EA0166501770
B1254124200914N00125060EA0164801766
B1254134200914N00125053EA0165701763
B1254144200913N00125046EA0165801759
B1254154200912N00125038EA0164101755
B1254164200913N00125030EA0164401753
B1254174200914N00125024EA0165201750
B1254184200914N00125017EA0163901748
B1254194200915N00125011EA0163201744
B1254204200915N00125004EA0163301739
B1254214200915N00124996EA0162401734
B1254224200915N00124988EA0162501730
B1254234200915N00124979EA0162201725
B1254244200915N00124971EA0161401723
B1254254200915N00124964EA0160401721
B1254264200915N00124957EA0161101718
B1254274200915N00124949EA0160601714
B1254284200915N00124940EA0160401711
B1254294200915N00124932EA0160301707
B1254304200915N00124923EA0160101704
B1254314200915N00124915EA0159601702
B1254324200915N00124908EA0158601698
B1254334200915N00124900EA0158601695
B1254344200916N00124892EA0158501691
B1254354200918N00124883EA0158901686
B1254364200919N00124874EA0157501682
B1254374200920N00124865EA0157001678
B1254384200920N00124856EA0156201674
B1254394200919N00124848EA0156301670
B1254404200920N00124839EA0156201667
B1254414200921N00124831EA0156201663
B1254424200922N00124823EA0155201659
B1254434200922N00124815EA0154701655
B1254444200921N00124808EA0154401651
B1254454200920N00124800EA0154001647
B1254464200918N00124793EA0154201643
B1254474200917N00124786EA0154001639
B1254484200915N00124778EA0152301635
B1254494200913N00124771EA0152801631
B1254504200911N00124763EA0152901628
B1254514200908N00124755EA0150801624
B1254524200906N00124746EA0151801620
B1254534200905N00124737EA0152101617
B1254544200904N00124728EA0151701614
B1254554200903N00124720EA0150401613
B1254564200901N00124712EA0151101610
B1254574200900N00124704EA0150601608
B1254584200899N00124697EA0150301605
B1254594200898N00124688EA0149701602
B1255004200896N00124679EA0150301598
B1255014200894N00124670EA0149401595
B1255024200891N00124662EA0148901593
B1255034200889N00124655EA0149401594
B1255044200888N00124648EA0149401594
B1255054200887N00124641EA0148601593
B1255064200885N00124634EA0148501590
B1255074200882N00124626EA0148801586
B1255084200880N00124617EA0148501583
B1255094200877N00124609EA0148401582
B1255104200875N00124600EA0147901582
B1255114200873N00124593EA0149801581
B1255124200871N00124586EA0148401580
B1255134200868N00124578EA0147701578
B1255144200865N00124570EA0147701577
B1255154200863N00124562EA0147501577
B1255164200860N00124554EA0148101576
B1255174200858N00124546EA0147501576
B1255184200855N00124539EA0147201575
B1255194200852N00124531EA0147301574
B1255204200850N00124522EA0147301572
B1255214200847N00124513EA0147301571
B1255224200845N00124505EA0147201571
B1255234200842N00124497EA0146701571
B1255244200840N00124489EA0147001570
B1255254200839N00124480EA0147401570
B1255264200837N00124471EA0147501569
B1255274200836N00124463EA0147301568
B1255284200834N00124454EA0146901568
B1255294200832N00124446EA0146901568
B1255304200831N00124438EA0148001570
B1255314200831N00124430EA0147201570
B1255324200831N00124423EA0147301570
B1255334200830N00124416EA0146901570
B1255344200829N00124409EA0147001569
B1255354200827N00124402EA0146601568
B1255364200824N00124395EA0146801566
B1255374200822N00124387EA0147201564
B1255384200820N00124379EA0146301563
B1255394200819N00124371EA0146801562
B1255404200818N00124363EA0146101561
B1255414200816N00124356EA0146101559
B1255424200814N00124348EA0145601556
B1255434200812N00124339EA0145801553
B1255444200811N00124329EA0145501551
B1255454200810N00124320EA0145201550
B1255464200809N00124312EA0145101550
B1255474200808N00124303EA0144601547
B1255484200807N00124294EA0145201544
B1255494200806N00124284EA0143601540
B1255504200805N00124273EA0144801536
B1255514200804N00124263EA0144201534
B1255524200804N00124254EA0144201533
B1255534200803N00124246EA0143801533
B1255544200802N00124238EA0143901532
B1255554200801N00124229EA0142601530
B1255564200800N00124220EA0143601528
B1255574200799N00124212EA0142801526
B1255584200797N00124204EA0143001524
B1255594200795N00124196EA0142601522
B1256004200794N00124187EA0142801520
B1256014200792N00124178EA0142401518
B1256024200791N00124168EA0142401516
B1256034200789N00124159EA0142801515
B1256044200788N00124151EA0141901513
B1256054200787N00124143EA0140801511
B1256064200785N00124135EA0141501509
B1256074200784N00124127EA0141101506
B1256084200783N00124119EA0141201503
B1256094200781N00124110EA0141101501
B1256104200780N00124101EA0140801499
B1256114200778N00124093EA0140801499
B1256124200776N00124085EA0140301499
B1256134200775N00124078EA0139801498
B1256144200773N00124070EA0140901495
B1256154200772N00124060EA0140301493
B1256164200771N00124051EA0140401491
B1256174200771N00124043EA0140001490
B1256184200770N00124036EA0139201490
B1256194200769N00124029EA0139601489
B1256204200769N00124021EA0138801486
B1256214200768N00124013EA0139301483
B1256224200767N00124005EA0138401480
B1256234200766N00123996EA0138501478
B1256244200766N00123988EA0138701476
B1256254200766N00123980EA0138301473
B1256264200766N00123970EA0136601471
B1256274200766N00123961EA0138101468
B1256284200767N00123953EA0137701465
B1256294200767N00123944EA0137401463
B1256304200767N00123936EA0137301461
B1256314200767N00123928EA0137001459
B1256324200767N00123919EA0137001456
B1256334200766N00123909EA0136801453
B1256344200766N00123899EA0136301452
B1256354200767N00123889EA0136101451
B1256364200767N00123881EA0136101451
B1256374200768N00123872EA0136201450
B1256384200768N00123864EA0136201448
B1256394200768N00123854EA0136101446
B1256404200767N00123845EA0135501443
B1256414200766N00123835EA0135401442
B1256424200765N00123826EA0136401441
B1256434200764N00123818EA0135501441
B1256444200762N00123810EA0134801440
B1256454200761N00123801EA0134801439
B1256464200759N00123793EA0134701437
B1256474200757N00123784EA0134701436
B1256484200756N00123774EA0134701434
B1256494200755N00123765EA0135401434
B1256504200755N00123756EA0134601435
B1256514200754N00123748EA0134901435
B1256524200754N00123740EA0134401435
B1256534200754N00123731EA0134401434
B1256544200753N00123723EA0134601433
B1256554200753N00123714EA0134401432
B1256564200753N00123705EA0134301430
B1256574200753N00123695EA0134901429
B1256584200754N00123685EA0134001428
B1256594200755N00123676EA0134201427
B1257004200756N00123667EA0134701428
B1257014200756N00123658EA0134201430
B1257024200756N00123650EA0134501431
B1257034200754N00123642EA0134301432
B1257044200751N00123636EA0133801434
B1257054200747N00123631EA0134701434
B1257064200742N00123629EA0134401435
B1257074200738N00123631EA0135101436
B1257084200737N00123635EA0135501438
B1257094200737N00123640EA0136201439
B1257104200739N00123644EA0136001442
B1257114200741N00123647EA0136501444
B1257124200744N00123650EA0136901446
B1257134200747N00123652EA0135601447
B1257144200751N00123654EA0136101446
B1257154200757N00123656EA0136501446
B1257164200763N00123656EA0136801447
B1257174200768N00123655EA0137001448
B1257184200772N00123653EA0136201448
B1257194200776N00123649EA0136601448
B1257204200781N00123643EA0137001448
B1257214200786N00123637EA0136701448
B1257224200790N00123632EA0136501450
B1257234200793N00123626EA0136801452
B1257244200795N00123621EA0136601453
B1257254200797N00123615EA0136701451
B1257264200799N00123608EA0136301449
B1257274200801N00123600EA0136601448
B1257284200802N00123591EA0136401448
B1257294200804N00123582EA0137001448
B1257304200805N00123573EA0137001452
B1257314200806N00123565EA0137501456
B1257324200807N00123559EA0137501460
B1257334200807N00123554EA0137501463
B1257344200806N00123549EA0137701463
B1257354200804N00123543EA0137001463
B1257364200802N00123537EA0137601463
B1257374200798N00123532EA0137401463
B1257384200794N00123529EA0137801464
B1257394200791N00123527EA0138201466
B1257404200787N00123527EA0138701468
B1257414200784N00123527EA0138101470
B1257424200781N00123529EA0138701471
B1257434200779N00123533EA0138701472
B1257444200779N00123539EA0138701473
B1257454200781N00123545EA0139001473
B1257464200784N00123550EA0139501474
B1257474200788N00123554EA0139101475
B1257484200791N00123554EA0139401477
B1257494200796N00123555EA0139701477
B1257504200801N00123555EA0139901479
B1257514200807N00123555EA0139701480
B1257524200814N00123552EA0140501481
B1257534200819N00123547EA0140701483
B1257544200823N00123541EA0140201484
B1257554200826N00123535EA0140401487
B1257564200829N00123529EA0140601488
B1257574200831N00123522EA0140901488
B1257584200833N00123516EA0140901489
B1257594200834N00123509EA0140601491
B1258004200834N00123502EA0141601491
B1258014200832N00123496EA0140901492
B1258024200828N00123493EA0140601493
B1258034200824N00123489EA0141701493
B1258044200820N00123486EA0141101497
B1258054200818N00123484EA0142001501
B1258064200816N00123482EA0142001504
B1258074200814N00123482EA0141801505
B1258084200812N00123484EA0142101506
B1258094200810N00123488EA0141001507
B1258104200809N00123494EA0141901507
B1258114200810N00123500EA0142201508
B1258124200812N00123505EA0142201509
B1258134200815N00123508EA0142401510
B1258144200819N00123511EA0142701512
B1258154200824N00123513EA0142801514
B1258164200830N00123513EA0142901516
B1258174200837N00123511EA0142801516
B1258184200843N00123507EA0144101517
B1258194200847N00123501EA0143101519
B1258204200850N00123495EA0144001521
B1258214200853N00123488EA0144201524
B1258224200855N00123480EA0144401527
B1258234200857N00123472EA0144301530
B1258244200858N00123464EA0144701534
B1258254200858N00123455EA0145101536
B1258264200857N00123446EA0145101538
B1258274200856N00123438EA0145601542
B1258284200855N00123431EA0146001545
B1258294200854N00123425EA0145901548
B1258304200852N00123420EA0145501550
B1258314200848N00123416EA0146401551
B1258324200845N00123411EA0146501553
B1258334200842N00123406EA0146701556
B1258344200841N00123401EA0146801560
B1258354200839N00123398EA0146701561
B1258364200837N00123398EA0146601560
B1258374200835N00123400EA0146701561
B1258384200834N00123404EA0146501560
B1258394200833N00123410EA0147401560
B1258404200834N00123414EA0147001561
B1258414200836N00123418EA0147001564
B1258424200838N00123421EA0147001564
B1258434200841N00123424EA0147001564
B1258444200846N00123427EA0147001562
B1258454200852N00123427EA0146401560
B1258464200859N00123424EA0146601558
B1258474200866N00123419EA0146901555
B1258484200871N00123413EA0146601555
B1258494200876N00123405EA0147001556
B1258504200879N00123397EA0147201555
B1258514200881N00123388EA0146901559
B1258524200883N00123379EA0147801562
B1258534200884N00123371EA0147301566
B1258544200885N00123364EA0147601569
B1258554200885N00123356EA0147401570
B1258564200884N00123348EA0147901570
B1258574200882N00123340EA0147601570
B1258584200880N00123332EA0147601571
B1258594200876N00123326EA0147801571
B1259004200873N00123321EA0147901571
B1259014200870N00123317EA0148001573
B1259024200867N00123313EA0148201574
B1259034200864N00123310EA0148201574
B1259044200861N00123307EA0147801574
B1259054200857N00123305EA0148001575
B1259064200853N00123304EA0148701575
B1259074200849N00123302EA0148901577
B1259084200848N00123298EA0148901580
B1259094200847N00123293EA0149001581
B1259104200846N00123290EA0148701582
B1259114200844N00123287EA0149001581
B1259124200841N00123287EA0148801580
B1259134200839N00123289EA0148601580
B1259144200837N00123294EA0148501579
B1259154200838N00123300EA0148901580
B1259164200840N00123306EA0148801580
B1259174200845N00123312EA0148401580
B1259184200852N00123314EA0148601581
B1259194200859N00123312EA0149301583
B1259204200865N00123308EA0149201584
B1259214200870N00123304EA0148901584
B1259224200875N00123298EA0148701583
B1259234200879N00123292EA0149201581
B1259244200883N00123285EA0148201580
B1259254200888N00123277EA0148501579
B1259264200891N00123269EA0148801580
B1259274200894N00123261EA0148701582
B1259284200896N00123253EA0148401585
B1259294200897N00123247EA0149001587
B1259304200897N00123241EA0148801587
B1259314200896N00123234EA0149101587
B1259324200895N00123227EA0148501587
B1259334200893N00123219EA0148001587
B1259344200892N00123212EA0149101588
B1259354200891N00123206EA0149401589
B1259364200891N00123200EA0149301591
B1259374200892N00123193EA0149301591
B1259384200891N00123186EA0149201590
B1259394200890N00123179EA0149301590
B1259404200888N00123172EA0150001590
B1259414200887N00123165EA0149301591
B1259424200886N00123158EA0149601592
B1259434200885N00123150EA0149601593
B1259444200884N00123143EA0149601594
B1259454200882N00123136EA0150001595
B1259464200880N00123129EA0149801595
B1259474200877N00123123EA0150001595
B1259484200873N00123119EA0150101596
B1259494200870N00123117EA0150201597
B1259504200867N00123116EA0150401598
B1259514200865N00123117EA0150301599
B1259524200864N00123119EA0150101599
B1259534200864N00123123EA0150101599
B1259544200866N00123129EA0150101598
B1259554200870N00123133EA0150501598
B1259564200875N00123134EA0150701599
B1259574200880N00123134EA0150401602
B1259584200886N00123132EA0151301604
B1259594200892N00123128EA0151201603
B1300004200898N00123122EA0150601602
B1300014200903N00123114EA0151301601
B1300024200907N00123105EA0151401600
B1300034200909N00123097EA0151301602
B1300044200912N00123088EA0150501606
B1300054200913N00123079EA0151001606
B1300064200913N00123069EA0151301605
B1300074200913N00123059EA0151201605
B1300084200912N00123050EA0151001608
B1300094200911N00123042EA0151601610
B1300104200910N00123034EA0151101612
B1300114200909N00123027EA0151801613
B1300124200909N00123020EA0151701613
B1300134200907N00123012EA0151001612
B1300144200904N00123004EA0151301611
B1300154200901N00122997EA0151601611
B1300164200898N00122991EA0151501612
B1300174200894N00122987EA0151801613
B1300184200891N00122984EA0152001614
B1300194200888N00122982EA0151901615
B1300204200885N00122980EA0152001617
B1300214200883N00122979EA0152301618
B1300224200881N00122979EA0152001619
B1300234200878N00122980EA0152101618
B1300244200875N00122983EA0151801618
B1300254200872N00122986EA0152101618
B1300264200871N00122992EA0152101618
B1300274200870N00122998EA0152601619
B1300284200872N00123002EA0152301620
B1300294200875N00123006EA0152401620
B1300304200879N00123009EA0152401619
B1300314200884N00123011EA0152301620
B1300324200890N00123010EA0152301620
B1300334200897N00123006EA0152101622
B1300344200902N00123000EA0152701621
B1300354200906N00122993EA0152701620
B1300364200909N00122986EA0152601620
B1300374200911N00122979EA0152401620
B1300384200912N00122971EA0152201620
B1300394200911N00122963EA0153001620
B1300404200910N00122956EA0151701622
B1300414200908N00122950EA0152901622
B1300424200907N00122945EA0152901624
B1300434200904N00122938EA0152201622
B1300444200902N00122931EA0153101621
B1300454200899N00122923EA0152901621
B1300464200898N00122917EA0152301624
B1300474200897N00122912EA0152901625
B1300484200897N00122907EA0152901625
B1300494200896N00122901EA0151901622
B1300504200894N00122895EA0152501619
B1300514200892N00122888EA0151901617
B1300524200890N00122881EA0153001616
B1300534200888N00122874EA0152301616
B1300544200886N00122867EA0152401616
B1300554200885N00122860EA0151801617
B1300564200883N00122854EA0152101617
B1300574200881N00122849EA0152501618
B1300584200880N00122843EA0152501617
B1300594200879N00122836EA0151901617
B1301004200877N00122830EA0153601616
B1301014200875N00122823EA0151901616
B1301024200873N00122816EA0151601615
B1301034200871N00122809EA0152101614
B1301044200870N00122802EA0152701614
B1301054200868N00122794EA0152201613
B1301064200866N00122788EA0151801613
B1301074200864N00122783EA0151601612
B1301084200862N00122777EA0150701610
B1301094200860N00122771EA0152201609
B1301104200858N00122764EA0151301607
B1301114200857N00122756EA0150601604
B1301124200855N00122749EA0150801602
B1301134200853N00122741EA0150301600
B1301144200852N00122733EA0150301599
B1301154200852N00122725EA0150501598
B1301164200852N00122717EA0150601597
B1301174200852N00122709EA0150001596
B1301184200851N00122702EA0149901594
B1301194200849N00122696EA0149701593
B1301204200848N00122689EA0149401592
B1301214200847N00122682EA0149901590
B1301224200847N00122674EA0149401588
B1301234200847N00122668EA0149101587
B1301244200846N00122661EA0149101585
B1301254200845N00122655EA0149001584
B1301264200845N00122649EA0148701582
B1301274200844N00122642EA0148401579
B1301284200843N00122635EA0148201576
B1301294200842N00122628EA0148101574
B1301304200840N00122622EA0147901573
B1301314200839N00122616EA0147701572
B1301324200837N00122610EA0147401570
B1301334200835N00122603EA0147001568
B1301344200833N00122597EA0147501567
B1301354200831N00122592EA0146701566
B1301364200829N00122588EA0146501566
B1301374200828N00122584EA0147701565
B1301384200827N00122579EA0147001564
B1301394200827N00122574EA0147301565
B1301404200826N00122569EA0147301566
B1301414200827N00122564EA0147501569
B1301424200827N00122560EA0147901571
B1301434200828N00122555EA0147601572
B1301444200828N00122550EA0147701572
B1301454200828N00122544EA0147901571
B1301464200828N00122538EA0148001572
B1301474200828N00122532EA0148301575
B1301484200829N00122529EA0148301579
B1301494200830N00122526EA0148701581
B1301504200832N00122523EA0148501582
B1301514200832N00122518EA0148201581
B1301524200832N00122513EA0148301580
B1301534200831N00122507EA0148401578
B1301544200829N00122500EA0148201579
B1301554200827N00122495EA0148301581
B1301564200826N00122489EA0149301582
B1301574200825N00122484EA0149101585
B1301584200823N00122480EA0148001587
B1301594200823N00122476EA0149501588
B1302004200823N00122472EA0148601589
B1302014200824N00122468EA0148701589
B1302024200826N00122463EA0148901587
B1302034200828N00122458EA0148501586
B1302044200830N00122451EA0149101584
B1302054200831N00122446EA0148901584
B1302064200832N00122442EA0148501585
B1302074200834N00122438EA0148101585
B1302084200835N00122433EA0148301583
B1302094200835N00122427EA0147501579
B1302104200834N00122421EA0147301576
B1302114200834N00122414EA0147601574
B1302124200834N00122408EA0147801573
B1302134200835N00122404EA0147201574
B1302144200836N00122399EA0147301574
B1302154200837N00122394EA0148101573
B1302164200836N00122389EA0146401571
B1302174200835N00122383EA0147901570
B1302184200836N00122377EA0147301571
B1302194200836N00122372EA0147101573
B1302204200836N00122367EA0147501574
B1302214200836N00122362EA0147401576
B1302224200836N00122357EA0148701577
B1302234200837N00122351EA0148001580
B1302244200837N00122346EA0148101583
B1302254200838N00122341EA0148701585
B1302264200839N00122335EA0148501587
B1302274200839N00122329EA0149201589
B1302284200840N00122323EA0149401591
B1302294200841N00122318EA0149301594
B1302304200842N00122314EA0149801597
B1302314200843N00122309EA0149501599
B1302324200844N00122304EA0149501600
B1302334200845N00122298EA0149801601
B1302344200846N00122292EA0150001602
B1302354200846N00122286EA0149901604
B1302364200847N00122281EA0150401606
B1302374200847N00122274EA0151001607
B1302384200848N00122267EA0151001608
B1302394200848N00122261EA0151401610
B1302404200847N00122255EA0150801612
B1302414200847N00122250EA0151501616
B1302424200847N00122245EA0151701619
B1302434200848N00122239EA0151801620
B1302444200849N00122232EA0151801621
B1302454200849N00122226EA0151401622
B1302464200848N00122219EA0152301624
B1302474200848N00122212EA0152301627
B1302484200848N00122207EA0152001629
B1302494200847N00122202EA0153301631
B1302504200845N00122199EA0152701633
B1302514200842N00122196EA0152501634
B1302524200838N00122195EA0153301635
B1302534200835N00122195EA0153301638
B1302544200834N00122196EA0154101641
B1302554200832N00122198EA0154101644
B1302564200831N00122201EA0154701646
B1302574200830N00122206EA0154401648
B1302584200829N00122211EA0154801650
B1302594200829N00122217EA0154501651
B1303004200831N00122223EA0154801652
B1303014200835N00122231EA0155101653
B1303024200840N00122236EA0155101654
B1303034200847N00122238EA0155601656
B1303044200854N00122237EA0155501657
B1303054200861N00122234EA0155401658
B1303064200866N00122230EA0155501658
B1303074200871N00122225EA0155001658
B1303084200874N00122218EA0156001659
B1303094200877N00122211EA0155401661
B1303104200878N00122204EA0156601663
B1303114200880N00122197EA0156201666
B1303124200881N00122191EA0156601669
B1303134200882N00122183EA0156401671
B1303144200883N00122176EA0157001672
B1303154200882N00122169EA0157201673
B1303164200881N00122162EA0156301676
B1303174200880N00122156EA0157601678
B1303184200877N00122153EA0157401679
B1303194200874N00122151EA0157501681
B1303204200870N00122149EA0157501682
B1303214200866N00122148EA0157501682
B1303224200862N00122151EA0157901684
B1303234200860N00122156EA0158001686
B1303244200860N00122162EA0158601688
B1303254200860N00122168EA0159001689
B1303264200862N00122174EA0159001692
B1303274200865N00122179EA0158801694
B1303284200871N00122184EA0158901695
B1303294200877N00122187EA0159201698
B1303304200885N00122183EA0159301700
B1303314200892N00122178EA0159501702
B1303324200896N00122172EA0159601704
B1303334200899N00122166EA0160101707
B1303344200901N00122159EA0160901709
B1303354200903N00122154EA0160501711
B1303364200904N00122149EA0160701713
B1303374200906N00122143EA0159701713
B1303384200906N00122136EA0159801711
B1303394200904N00122130EA0161001709
B1303404200902N00122123EA0161201711
B1303414200900N00122117EA0160901714
B1303424200898N00122111EA0160901717
B1303434200897N00122107EA0160501718
B1303444200894N00122103EA0161501718
B1303454200891N00122098EA0161301718
B1303464200887N00122094EA0161401718
B1303474200884N00122092EA0160901720
B1303484200881N00122092EA0162401721
B1303494200879N00122096EA0162001721
B1303504200878N00122102EA0161901722
B1303514200878N00122109EA0162001722
B1303524200880N00122116EA0162101721
B1303534200883N00122122EA0162201721
B1303544200889N00122128EA0162101722
B1303554200896N00122130EA0162601726
B1303564200903N00122130EA0162501726
B1303574200908N00122128EA0162801727
B1303584200913N00122124EA0162801730
B1303594200917N00122120EA0163001733
B1304004200920N00122115EA0163201735
B1304014200923N00122110EA0163101736
B1304024200925N00122103EA0163401737
B1304034200925N00122096EA0163601738
B1304044200925N00122089EA0163501740
B1304054200924N00122083EA0163901743
B1304064200923N00122078EA0163601746
B1304074200922N00122073EA0163901747
B1304084200920N00122068EA0163901748
B1304094200916N00122064EA0164101750
B1304104200912N00122062EA0164301751
B1304114200908N00122061EA0164701751
B1304124200905N00122062EA0164901752
B1304134200902N00122064EA0164501754
B1304144200900N00122068EA0165401756
B1304154200899N00122072EA0164801757
B1304164200900N00122079EA0164901757
B1304174200904N00122085EA0164901757
B1304184200910N00122090EA0165201757
B1304194200916N00122091EA0165301758
B1304204200922N00122089EA0165201760
B1304214200927N00122086EA0165501761
B1304224200931N00122082EA0165501761
B1304234200934N00122076EA0165601762
B1304244200937N00122070EA0166601762
B1304254200938N00122063EA0165701762
B1304264200940N00122057EA0166801765
B1304274200941N00122051EA0165701767
B1304284200941N00122045EA0166201766
B1304294200940N00122039EA0165901766
B1304304200938N00122034EA0165601766
B1304314200936N00122030EA0166101766
B1304324200933N00122027EA0166301766
B1304334200930N00122024EA0166001766
B1304344200927N00122019EA0166201765
B1304354200925N00122014EA0166501766
B1304364200924N00122007EA0166501767
B1304374200923N00122001EA0166301767
B1304384200922N00121994EA0166201768
B1304394200921N00121988EA0166401769
B1304404200919N00121980EA0166901771
B1304414200918N00121972EA0167301774
B1304424200918N00121964EA0167401777
B1304434200919N00121957EA0167601780
B1304444200919N00121950EA0167001783
B1304454200918N00121944EA0167701785
B1304464200916N00121938EA0167901787
B1304474200914N00121935EA0168201788
B1304484200912N00121932EA0168201790
B1304494200910N00121929EA0167701792
B1304504200908N00121926EA0167601793
B1304514200906N00121922EA0168901793
B1304524200904N00121917EA0168101793
B1304534200903N00121911EA0168801792
B1304544200902N00121904EA0169701793
B1304554200900N00121897EA0168901794
B1304564200899N00121891EA0168001795
B1304574200898N00121885EA0168001796
B1304584200897N00121880EA0168701795
B1304594200897N00121873EA0168301793
B1305004200897N00121866EA0167701791
B1305014200896N00121857EA0167901789
B1305024200894N00121849EA0167901788
B1305034200893N00121842EA0167901790
B1305044200892N00121836EA0167901791
B1305054200891N00121830EA0168201792
B1305064200891N00121823EA0167601792
B1305074200891N00121816EA0168001791
B1305084200890N00121808EA0168401791
B1305094200889N00121800EA0168201791
B1305104200889N00121792EA0168101792
B1305114200888N00121785EA0168201792
B1305124200888N00121777EA0167701792
B1305134200888N00121769EA0168101792
B1305144200887N00121763EA0168701793
B1305154200886N00121756EA0168101794
B1305164200885N00121749EA0168401795
B1305174200885N00121743EA0168401796
B1305184200884N00121736EA0168601796
B1305194200883N00121728EA0168801797
B1305204200882N00121721EA0168701799
B1305214200882N00121714EA0169301802
B1305224200882N00121708EA0169701805
B1305234200882N00121702EA0169601808
B1305244200882N00121697EA0169601810
B1305254200881N00121691EA0169401811
B1305264200879N00121685EA0170101811
B1305274200877N00121678EA0169801811
B1305284200875N00121670EA0170101812
B1305294200873N00121662EA0170101813
B1305304200871N00121655EA0169701815
B1305314200869N00121649EA0170501816
B1305324200867N00121643EA0170201817
B1305334200864N00121639EA0170401818
B1305344200860N00121636EA0170301819
B1305354200857N00121635EA0170901820
B1305364200854N00121636EA0170201821
B1305374200852N00121640EA0170601821
B1305384200851N00121645EA0170901821
B1305394200853N00121650EA0170501821
B1305404200856N00121655EA0170501820
B1305414200860N00121658EA0170301819
B1305424200866N00121660EA0170401818
B1305434200873N00121658EA0170801817
B1305444200880N00121655EA0170301818
B1305454200886N00121649EA0171201817
B1305464200888N00121641EA0170901815
B1305474200889N00121633EA0171001813
B1305484200890N00121624EA0171001820
B1305494200889N00121616EA0171201825
B1305504200889N00121608EA0170801829
B1305514200889N00121599EA0170301829
B1305524200889N00121589EA0170801829
B1305534200889N00121580EA0172301829
B1305544200890N00121571EA0171301832
B1305554200890N00121563EA0171901834
B1305564200890N00121555EA0171701836
B1305574200889N00121546EA0172101837
B1305584200887N00121538EA0173101837
B1305594200884N00121530EA0172001837
B1306004200881N00121522EA0172001837
B1306014200878N00121515EA0172401838
B1306024200875N00121508EA0172101839
B1306034200872N00121502EA0172301839
B1306044200868N00121495EA0172001839
B1306054200864N00121487EA0172901839
B1306064200861N00121480EA0172801841
B1306074200859N00121474EA0173001843
B1306084200857N00121467EA0172701845
B1306094200854N00121460EA0172701845
B1306104200852N00121451EA0172801845
B1306114200850N00121443EA0173001846
B1306124200848N00121435EA0172801848
B1306134200846N00121427EA0173401851
B1306144200845N00121419EA0173301853
B1306154200844N00121411EA0173801854
B1306164200843N00121402EA0173401855
B1306174200842N00121392EA0173901855
B1306184200841N00121382EA0173701857
B1306194200839N00121373EA0174201858
B1306204200837N00121364EA0174301860
B1306214200833N00121357EA0174301861
B1306224200828N00121352EA0174001861
B1306234200822N00121350EA0173701861
B1306244200817N00121350EA0174601861
B1306254200812N00121351EA0174301861
B1306264200809N00121354EA0174301862
B1306274200809N00121357EA0174101862
B1306284200811N00121361EA0173901861
B1306294200816N00121364EA0174001861
B1306304200822N00121364EA0173601860
B1306314200830N00121360EA0174101861
B1306324200836N00121352EA0174401860
B1306334200840N00121345EA0174301859
B1306344200842N00121337EA0174201858
B1306354200844N00121328EA0173701862
B1306364200846N00121318EA0174201862
B1306374200847N00121308EA0174201862
B1306384200847N00121297EA0174301859
B1306394200847N00121285EA0173401858
B1306404200846N00121273EA0174101859
B1306414200845N00121263EA0174601860
B1306424200844N00121254EA0174801861
B1306434200843N00121244EA0173701861
B1306444200841N00121233EA0173601859
B1306454200839N00121223EA0174401857
B1306464200838N00121212EA0174201857
B1306474200837N00121201EA0174101857
B1306484200837N00121191EA0174101857
B1306494200836N00121182EA0173901858
B1306504200835N00121173EA0174101858
B1306514200833N00121164EA0173901857
B1306524200832N00121155EA0173901856
B1306534200830N00121145EA0173301855
B1306544200829N00121135EA0173301853
B1306554200829N00121125EA0173001850
B1306564200830N00121116EA0173301848
B1306574200831N00121108EA0171901846
B1306584200832N00121100EA0172701842
B1306594200834N00121092EA0171201838
B1307004200835N00121083EA0171201833
B1307014200837N00121072EA0170701827
B1307024200837N00121061EA0170601821
B1307034200837N00121050EA0170501816
B1307044200837N00121040EA0169901812
B1307054200837N00121030EA0169401809
B1307064200837N00121022EA0168601806
B1307074200837N00121013EA0168301802
B1307084200836N00121004EA0167701796
B1307094200836N00120994EA0167201791
B1307104200837N00120983EA0167501786
B1307114200837N00120972EA0166901783
B1307124200838N00120963EA0165901781
B1307134200838N00120955EA0166801779
B1307144200838N00120947EA0165501776
B1307154200838N00120938EA0165601773
B1307164200838N00120929EA0166301770
B1307174200837N00120920EA0166001768
B1307184200836N00120912EA0164501766
B1307194200835N00120905EA0165301765
B1307204200835N00120897EA0165501763
B1307214200835N00120889EA0164801760
B1307224200835N00120881EA0164701758
B1307234200834N00120874EA0164301755
B1307244200834N00120866EA0164001753
B1307254200833N00120858EA0163501750
B1307264200833N00120850EA0163901747
B1307274200833N00120842EA0163301745
B1307284200833N00120834EA0163001743
B1307294200833N00120825EA0162501741
B1307304200833N00120816EA0163001739
B1307314200833N00120808EA0162501738
B1307324200834N00120799EA0163201737
B1307334200834N00120792EA0163501736
B1307344200833N00120784EA0162901735
B1307354200832N00120776EA0162101734
B1307364200831N00120768EA0162101732
B1307374200831N00120760EA0162001731
B1307384200830N00120751EA0161801730
B1307394200830N00120743EA0162201729
B1307404200829N00120734EA0161801728
B1307414200829N00120726EA0162001728
B1307424200828N00120718EA0162001727
B1307434200827N00120709EA0161401726
B1307444200826N00120700EA0161401725
B1307454200826N00120691EA0161401724
B1307464200826N00120681EA0161301722
B1307474200827N00120672EA0161401721
B1307484200827N00120662EA0161001720
B1307494200828N00120653EA0161201720
B1307504200829N00120645EA0160901721
B1307514200830N00120637EA0161401722
B1307524200831N00120630EA0161201721
B1307534200831N00120622EA0161101721
B1307544200832N00120614EA0160801719
B1307554200831N00120605EA0160101717
B1307564200831N00120596EA0161601716
B1307574200831N00120587EA0160701716
B1307584200831N00120579EA0161601716
B1307594200830N00120572EA0160301716
B1308004200830N00120565EA0160201715
B1308014200829N00120558EA0160701714
B1308024200829N00120550EA0160201713
B1308034200828N00120543EA0160101711
B1308044200827N00120536EA0160101710
B1308054200825N00120529EA0159901709
B1308064200824N00120522EA0161101707
B1308074200823N00120515EA0160101706
B1308084200822N00120508EA0159501704
B1308094200821N00120500EA0158701702
B1308104200818N00120492EA0159001700
B1308114200816N00120484EA0159201699
B1308124200814N00120476EA0159301698
B1308134200813N00120468EA0159201698
B1308144200812N00120461EA0158301697
B1308154200810N00120454EA0158601695
B1308164200808N00120447EA0158501693
B1308174200806N00120439EA0157301690
B1308184200805N00120431EA0158001687
B1308194200805N00120422EA0158301685
B1308204200804N00120413EA0158001684
B1308214200803N00120405EA0157001683
B1308224200801N00120398EA0158101682
B1308234200800N00120390EA0156701682
B1308244200799N00120381EA0157401681
B1308254200797N00120372EA0158001681
B1308264200796N00120363EA0157501681
B1308274200794N00120355EA0157501681
B1308284200792N00120346EA0158101681
B1308294200791N00120337EA0158201682
B1308304200791N00120328EA0157901684
B1308314200791N00120321EA0157601686
B1308324200789N00120313EA0157901687
B1308334200788N00120305EA0158501687
B1308344200788N00120298EA0158401688
B1308354200787N00120291EA0158601688
B1308364200786N00120284EA0158001689
B1308374200784N00120278EA0157301688
B1308384200782N00120271EA0157501687
B1308394200780N00120263EA0159001686
B1308404200779N00120256EA0158101687
B1308414200777N00120249EA0158601688
B1308424200776N00120243EA0157701688
B1308434200774N00120236EA0157201687
B1308444200773N00120229EA0158901686
B1308454200772N00120222EA0157501684
B1308464200771N00120214EA0158101682
B1308474200770N00120206EA0157501680
B1308484200769N00120198EA0157501679
B1308494200769N00120190EA0157301677
B1308504200769N00120181EA0157301676
B1308514200768N00120173EA0157201675
B1308524200768N00120165EA0157001675
B1308534200768N00120157EA0157201675
B1308544200768N00120150EA0157201675
B1308554200768N00120143EA0156901674
B1308564200768N00120135EA0156701671
B1308574200768N00120127EA0156601668
B1308584200767N00120117EA0155801665
B1308594200767N00120108EA0156001663
B1309004200767N00120099EA0155601661
B1309014200767N00120090EA0155401659
B1309024200766N00120082EA0155001657
B1309034200766N00120074EA0154001654
B1309044200766N00120065EA0155201651
B1309054200766N00120056EA0154401648
B1309064200767N00120046EA0154201645
B1309074200767N00120037EA0154001644
B1309084200767N00120029EA0153801644
B1309094200767N00120022EA0153501643
B1309104200768N00120014EA0153801641
B1309114200768N00120006EA0153201638
B1309124200769N00119998EA0152901635
B1309134200769N00119990EA0153001632
B1309144200769N00119982EA0152301629
B1309154200769N00119974EA0152401626
B1309164200769N00119966EA0151801624
B1309174200769N00119958EA0152101621
B1309184200769N00119949EA0150501618
B1309194200769N00119942EA0152101615
B1309204200768N00119933EA0150801612
B1309214200768N00119926EA0150601610
B1309224200768N00119919EA0150401608
B1309234200768N00119912EA0150201605
B1309244200769N00119906EA0150001602
B1309254200769N00119899EA0149301599
B1309264200769N00119892EA0149201595
B1309274200769N00119883EA0148901593
B1309284200770N00119875EA0149001590
B1309294200770N00119867EA0148701589
B1309304200771N00119860EA0148601588
B1309314200771N00119854EA0148401586
B1309324200771N00119846EA0147601582
B1309334200771N00119837EA0147101578
B1309344200771N00119828EA0147701574
B1309354200771N00119818EA0146901571
B1309364200771N00119810EA0146801569
B1309374200771N00119801EA0146901568
B1309384200771N00119793EA0146201565
B1309394200771N00119784EA0146301562
B1309404200771N00119775EA0145201559
B1309414200771N00119767EA0146001556
B1309424200771N00119759EA0144901553
B1309434200772N00119752EA0145301551
B1309444200772N00119745EA0144901547
B1309454200773N00119737EA0143901543
B1309464200773N00119729EA0144001538
B1309474200773N00119721EA0143401534
B1309484200772N00119713EA0142801530
B1309494200772N00119705EA0143001528
B1309504200772N00119698EA0142901526
B1309514200774N00119692EA0142401523
B1309524200775N00119685EA0142101520
B1309534200775N00119677EA0142201516
B1309544200775N00119669EA0140901511
B1309554200774N00119661EA0140901507
B1309564200775N00119653EA0142001504
B1309574200776N00119645EA0140801502
B1309584200777N00119637EA0140801499
B1309594200777N00119629EA0139401496
B1310004200777N00119621EA0139601493
B1310014200777N00119613EA0139001489
B1310024200777N00119605EA0139301487
B1310034200776N00119597EA0139401484
B1310044200776N00119590EA0138501481
B1310054200775N00119582EA0137901478
B1310064200774N00119573EA0138001474
B1310074200773N00119563EA0138001471
B1310084200773N00119554EA0138201469
B1310094200773N00119546EA0137701468
B1310104200774N00119539EA0137701466
B1310114200773N00119531EA0136801463
B1310124200774N00119523EA0136901460
B1310134200774N00119515EA0136901457
B1310144200774N00119506EA0136501454
B1310154200774N00119498EA0136101452
B1310164200774N00119491EA0135801450
B1310174200775N00119483EA0135701448
B1310184200775N00119475EA0136101445
B1310194200776N00119467EA0135501443
B1310204200776N00119460EA0135001441
B1310214200776N00119452EA0134701440
B1310224200776N00119445EA0135501438
B1310234200777N00119437EA0135301436
B1310244200777N00119429EA0134901435
B1310254200777N00119422EA0135601435
B1310264200776N00119415EA0134301434
B1310274200775N00119407EA0135001433
B1310284200775N00119400EA0134301433
B1310294200776N00119392EA0134801433
B1310304200776N00119383EA0135401433
B1310314200777N00119376EA0135001431
B1310324200777N00119368EA0134601430
B1310334200776N00119360EA0134301428
B1310344200775N00119352EA0134001426
B1310354200774N00119344EA0134101424
B1310364200774N00119334EA0133801423
B1310374200773N00119326EA0134601422
B1310384200772N00119318EA0133801421
B1310394200771N00119310EA0133101419
B1310404200768N00119303EA0133301417
B1310414200767N00119295EA0134301416
B1310424200766N00119287EA0133201415
B1310434200765N00119279EA0133301415
B1310444200763N00119272EA0132501414
B1310454200762N00119266EA0133501413
B1310464200762N00119260EA0133301413
B1310474200761N00119253EA0132901412
B1310484200761N00119246EA0132601411
B1310494200759N00119240EA0132601409
B1310504200758N00119233EA0133301407
B1310514200756N00119226EA0133301406
B1310524200754N00119219EA0133101406
B1310534200752N00119214EA0132801408
B1310544200750N00119209EA0133201412
B1310554200748N00119206EA0133101413
B1310564200746N00119203EA0132701414
B1310574200744N00119200EA0133601415
B1310584200741N00119196EA0133401416
B1310594200740N00119191EA0134201418
B1311004200739N00119186EA0134001420
B1311014200739N00119182EA0134301422
B1311024200739N00119178EA0134101424
B1311034200739N00119173EA0134101425
B1311044200739N00119168EA0134501425
B1311054200739N00119161EA0134001424
B1311064200738N00119154EA0135901423
B1311074200737N00119147EA0133901423
B1311084200737N00119139EA0134401424
B1311094200739N00119131EA0134801426
B1311104200740N00119123EA0135001429
B1311114200742N00119115EA0135401432
B1311124200743N00119107EA0135101436
B1311134200743N00119098EA0135701439
B1311144200744N00119089EA0135301441
B1311154200746N00119081EA0136801443
B1311164200748N00119072EA0136101444
B1311174200750N00119063EA0136501446
B1311184200751N00119054EA0137201448
B1311194200752N00119046EA0137001450
B1311204200753N00119039EA0136901451
B1311214200754N00119032EA0137201452
B1311224200755N00119025EA0137201454
B1311234200756N00119018EA0137301455
B1311244200757N00119011EA0137601457
B1311254200758N00119003EA0137401459
B1311264200760N00118996EA0137701460
B1311274200762N00118989EA0137801462
B1311284200763N00118982EA0137501463
B1311294200764N00118975EA0137201464
B1311304200765N00118967EA0137801464
B1311314200767N00118959EA0138101463
B1311324200770N00118951EA0138201464
B1311334200772N00118943EA0138801464
B1311344200773N00118934EA0137901465
B1311354200774N00118927EA0137401465
B1311364200774N00118918EA0138901466
B1311374200776N00118909EA0138601466
B1311384200778N00118901EA0138501467
B1311394200779N00118893EA0138401469
B1311404200780N00118885EA0138301469
B1311414200781N00118877EA0138501469
B1311424200782N00118868EA0138201468
B1311434200784N00118858EA0138201468
B1311444200786N00118849EA0138101467
B1311454200786N00118840EA0137701467
B1311464200787N00118831EA0138301467
B1311474200789N00118823EA0139701468
B1311484200790N00118814EA0138401468
B1311494200790N00118805EA0138201467
B1311504200790N00118796EA0137701468
B1311514200790N00118787EA0138101468
B1311524200790N00118778EA0138701471
B1311534200792N00118769EA0138801473
B1311544200794N00118761EA0138601474
B1311554200796N00118752EA0138301474
B1311564200797N00118744EA0138601473
B1311574200799N00118735EA0138401472
B1311584200801N00118724EA0138501471
B1311594200804N00118713EA0138601469
B1312004200805N00118703EA0138401469
B1312014200807N00118693EA0138301471
B1312024200808N00118685EA0138601472
B1312034200810N00118677EA0138501473
B1312044200811N00118669EA0138801471
B1312054200813N00118660EA0138501469
B1312064200814N00118650EA0137901467
B1312074200815N00118639EA0138501465
B1312084200816N00118630EA0138301464
B1312094200817N00118621EA0138001463
B1312104200819N00118613EA0137901462
B1312114200821N00118604EA0136701460
B1312124200822N00118593EA0137401456
B1312134200824N00118582EA0137601453
B1312144200826N00118571EA0137001453
B1312154200828N00118562EA0137301454
B1312164200830N00118554EA0137401454
B1312174200832N00118546EA0137001453
B1312184200834N00118536EA0137601451
B1312194200836N00118526EA0136701449
B1312204200838N00118515EA0137101448
B1312214200839N00118506EA0137201449
B1312224200842N00118498EA0137201450
B1312234200844N00118490EA0136501451
B1312244200846N00118481EA0137201450
B1312254200847N00118472EA0136901449
B1312264200849N00118462EA0136601447
B1312274200851N00118452EA0136501447
B1312284200854N00118443EA0136801447
B1312294200857N00118434EA0136701447
B1312304200859N00118426EA0136401446
B1312314200861N00118418EA0136501446
B1312324200864N00118409EA0136601444
B1312334200866N00118400EA0136701444
B1312344200869N00118392EA0136201443
B1312354200871N00118383EA0136301442
B1312364200873N00118375EA0135201441
B1312374200874N00118367EA0136001440
B1312384200876N00118360EA0136301438
B1312394200878N00118352EA0136101437
B1312404200880N00118344EA0136501436
B1312414200882N00118336EA0135901435
B1312424200883N00118328EA0135501432
B1312434200885N00118320EA0133601431
B1312444200888N00118312EA0135101430
B1312454200891N00118304EA0135601429
B1312464200894N00118296EA0135001427
B1312474200897N00118288EA0135001425
B1312484200899N00118280EA0134401423
B1312494200901N00118272EA0134601422
B1312504200903N00118265EA0134901422
B1312514200906N00118257EA0134501421
B1312524200908N00118250EA0134701419
B1312534200910N00118242EA0134601417
B1312544200912N00118234EA0133601415
B1312554200913N00118226EA0133601413
B1312564200915N00118218EA0134301411
B1312574200917N00118211EA0133901410
B1312584200919N00118203EA0133501408
B1312594200921N00118195EA0133301407
B1313004200923N00118187EA0133201406
B1313014200925N00118179EA0133001404
B1313024200926N00118171EA0132701402
B1313034200927N00118162EA0132501400
B1313044200928N00118154EA0132401399
B1313054200930N00118146EA0131901397
B1313064200932N00118139EA0133101396
B1313074200933N00118131EA0132301395
B1313084200935N00118123EA0131801393
B1313094200937N00118115EA0131401391
B1313104200940N00118107EA0130401390
B1313114200943N00118099EA0130501388
B1313124200947N00118093EA0131001386
B1313134200951N00118086EA0130501383
B1313144200955N00118079EA0130801381
B1313154200959N00118071EA0129301379
B1313164200962N00118064EA0129301376
B1313174200966N00118057EA0129601373
B1313184200970N00118050EA0129201370
B1313194200974N00118042EA0128901367
B1313204200978N00118034EA0128701364
B1313214200981N00118027EA0128001361
B1313224200984N00118019EA0127801357
B1313234200987N00118012EA0127901354
B1313244200991N00118004EA0127401351
B1313254200996N00117996EA0127301347
B1313264201000N00117988EA0126801343
B1313274201003N00117980EA0126301341
B1313284201007N00117972EA0125901337
B1313294201012N00117964EA0125801335
B1313304201019N00117958EA0124401333
B1313314201026N00117955EA0126201331
B1313324201034N00117951EA0125001329
B1313334201041N00117947EA0124601326
B1313344201047N00117942EA0124201322
B1313354201054N00117938EA0124101319
B1313364201061N00117934EA0123701317
B1313374201069N00117932EA0124501315
B1313384201077N00117928EA0123901313
B1313394201085N00117924EA0123401312
B1313404201092N00117920EA0123901311
B1313414201100N00117917EA0123501311
B1313424201108N00117914EA0123601311
B1313434201116N00117912EA0123201308
B1313444201124N00117911EA0122801306
B1313454201133N00117909EA0121901304
B1313464201143N00117907EA0122501300
B1313474201153N00117907EA0122101297
B1313484201163N00117907EA0121301295
B1313494201172N00117907EA0121001293
B1313504201181N00117907EA0120101290
B1313514201190N00117907EA0121001286
B1313524201200N00117906EA0120601282
B1313534201210N00117906EA0121001279
B1313544201220N00117905EA0120601277
B1313554201229N00117905EA0119701275
B1313564201239N00117904EA0120101274
B1313574201249N00117903EA0120401273
B1313584201259N00117901EA0119701271
B1313594201268N00117899EA0119501271
B1314004201277N00117897EA0119901270
B1314014201286N00117894EA0119701271
B1314024201295N00117893EA0120601272
B1314034201304N00117892EA0120101272
B1314044201313N00117891EA0119901272
B1314054201321N00117889EA0119701272
B1314064201330N00117888EA0118901270
B1314074201338N00117886EA0119101268
B1314084201348N00117886EA0119601267
B1314094201357N00117886EA0119101265
B1314104201367N00117886EA0119801262
B1314114201377N00117885EA0119001261
B1314124201386N00117885EA0119101260
B1314134201394N00117884EA0119101258
B1314144201403N00117884EA0119201257
B1314154201413N00117884EA0120001255
B1314164201423N00117884EA0119401255
B1314174201432N00117882EA0119501257
B1314184201440N00117881EA0119501260
B1314194201447N00117880EA0119701262
B1314204201454N00117879EA0119701263
B1314214201462N00117877EA0119501263
B1314224201471N00117875EA0120801264
B1314234201479N00117874EA0119901266
B1314244201486N00117874EA0120901270
B1314254201493N00117874EA0120901273
B1314264201500N00117873EA0120901276
B1314274201507N00117872EA0121301277
B1314284201515N00117869EA0121401278
B1314294201523N00117866EA0122501279
B1314304201531N00117864EA0122401281
B1314314201539N00117861EA0122401286
B1314324201546N00117858EA0122401289
B1314334201553N00117855EA0123401293
B1314344201560N00117852EA0122601296
B1314354201568N00117849EA0123401298
B1314364201577N00117845EA0123801301
B1314374201586N00117840EA0123501303
B1314384201594N00117835EA0124301306
B1314394201603N00117828EA0124301308
B1314404201611N00117822EA0124401310
B1314414201620N00117816EA0124401313
B1314424201628N00117812EA0125001317
B1314434201637N00117810EA0125201321
B1314444201646N00117807EA0125301324
B1314454201654N00117804EA0125601326
B1314464201662N00117800EA0126101329
B1314474201669N00117797EA0126301333
B1314484201676N00117795EA0126201335
B1314494201683N00117794EA0127101338
B1314504201691N00117794EA0125901340
B1314514201699N00117793EA0126801341
B1314524201707N00117791EA0127301343
B1314534201716N00117789EA0127301345
B1314544201724N00117788EA0127601347
B1314554201732N00117788EA0127801350
B1314564201740N00117787EA0128801353
B1314574201748N00117786EA0128301355
B1314584201756N00117785EA0129101357
B1314594201765N00117783EA0129001360
B1315004201772N00117781EA0129501362
B1315014201780N00117778EA0129501365
B1315024201787N00117776EA0129801366
B1315034201795N00117775EA0129001367
B1315044201802N00117774EA0129901368
B1315054201810N00117774EA0129801369
B1315064201818N00117774EA0130201371
B1315074201826N00117772EA0130501373
B1315084201833N00117769EA0130601375
B1315094201840N00117767EA0131001377
B1315104201847N00117766EA0131101377
B1315114201856N00117764EA0130901378
B1315124201866N00117763EA0131301379
B1315134201875N00117762EA0131301380
B1315144201884N00117762EA0131701384
B1315154201893N00117762EA0131601387
B1315164201901N00117763EA0132201390
B1315174201909N00117765EA0132601392
B1315184201917N00117766EA0133201394
B1315194201925N00117767EA0133001396
B1315204201934N00117767EA0133401399
B1315214201942N00117766EA0133101402
B1315224201951N00117766EA0133601404
B1315234201960N00117766EA0133701406
B1315244201968N00117766EA0134001408
B1315254201977N00117767EA0133701410
B1315264201985N00117769EA0134501411
B1315274201994N00117770EA0134801413
B1315284202003N00117771EA0135901416
B1315294202012N00117771EA0135301418
B1315304202021N00117771EA0135101421
B1315314202029N00117771EA0135401424
B1315324202037N00117772EA0134701427
B1315334202045N00117774EA0135901430
B1315344202054N00117777EA0137201431
B1315354202063N00117779EA0137101435
B1315364202071N00117779EA0137201438
B1315374202079N00117781EA0137301444
B1315384202086N00117783EA0138301448
B1315394202092N00117785EA0138501451
B1315404202099N00117786EA0138401453
B1315414202108N00117787EA0138001454
B1315424202116N00117789EA0138801456
B1315434202123N00117791EA0139301458
B1315444202131N00117793EA0138101462
B1315454202138N00117796EA0139501465
B1315464202145N00117799EA0140101468
B1315474202152N00117802EA0140701470
B1315484202160N00117806EA0140601472
B1315494202169N00117809EA0140501473
B1315504202177N00117811EA0140601476
B1315514202185N00117812EA0140701478
B1315524202193N00117814EA0141601482
B1315534202200N00117815EA0139901484
B1315544202208N00117817EA0141401485
B1315554202217N00117819EA0142201487
B1315564202226N00117821EA0141501488
B1315574202235N00117823EA0142101491
B1315584202243N00117825EA0142601495
B1315594202250N00117828EA0144001499
B1316004202257N00117831EA0143201501
B1316014202265N00117834EA0142801502
B1316024202272N00117836EA0142101503
B1316034202279N00117838EA0143601503
B1316044202287N00117840EA0144101505
B1316054202294N00117842EA0142701506
B1316064202301N00117845EA0144001507
B1316074202309N00117847EA0143801508
B1316084202317N00117848EA0144201512
B1316094202325N00117850EA0143501515
B1316104202331N00117852EA0144701519
B1316114202336N00117854EA0145301523
B1316124202342N00117856EA0146001525
B1316134202348N00117857EA0145801527
B1316144202355N00117859EA0145701529
B1316154202362N00117861EA0145901531
B1316164202368N00117862EA0145901535
B1316174202374N00117863EA0146101538
B1316184202380N00117864EA0146301540
B1316194202387N00117864EA0146601541
B1316204202394N00117865EA0147801543
B1316214202400N00117868EA0148001546
B1316224202407N00117871EA0147801549
B1316234202414N00117871EA0147901552
B1316244202422N00117870EA0148601556
B1316254202429N00117867EA0149201560
B1316264202436N00117866EA0149201565
B1316274202443N00117865EA0149401568
B1316284202450N00117866EA0149901572
B1316294202456N00117866EA0150601575
B1316304202463N00117866EA0150101578
B1316314202469N00117866EA0151001580
B1316324202476N00117866EA0151201582
B1316334202482N00117865EA0151501587
B1316344202488N00117864EA0151801591
B1316354202495N00117862EA0152301594
B1316364202502N00117860EA0152301596
B1316374202510N00117860EA0152701599
B1316384202519N00117858EA0152801602
B1316394202526N00117857EA0153301607
B1316404202532N00117854EA0153801611
B1316414202538N00117851EA0152701614
B1316424202545N00117849EA0153601615
B1316434202552N00117848EA0153301617
B1316444202559N00117848EA0154801618
B1316454202565N00117850EA0154601620
B1316464202571N00117852EA0153301621
B1316474202577N00117854EA0153601621
B1316484202583N00117857EA0153701622
B1316494202591N00117859EA0153601623
B1316504202598N00117861EA0153701624
B1316514202606N00117864EA0153801626
B1316524202612N00117866EA0153801627
B1316534202619N00117868EA0153301627
B1316544202626N00117869EA0152501628
B1316554202634N00117869EA0152801628
B1316564202641N00117870EA0151301628
B1316574202647N00117872EA0152001627
B1316584202653N00117875EA0152501625
B1316594202658N00117878EA0151901625
B1317004202664N00117880EA0151401624
B1317014202670N00117881EA0150901622
B1317024202676N00117882EA0150801620
B1317034202683N00117885EA0150901618
B1317044202690N00117888EA0150401615
B1317054202696N00117890EA0149501613
B1317064202703N00117892EA0148801610
B1317074202710N00117894EA0149501609
B1317084202716N00117897EA0148901607
B1317094202722N00117900EA0148501604
B1317104202728N00117904EA0147901601
B1317114202735N00117908EA0146701598
B1317124202742N00117910EA0146401595
B1317134202751N00117913EA0147001592
B1317144202758N00117915EA0146301590
B1317154202765N00117917EA0146001587
B1317164202773N00117919EA0145101583
B1317174202782N00117921EA0144101579
B1317184202790N00117923EA0144501576
B1317194202798N00117925EA0143801572
B1317204202805N00117927EA0142801569
B1317214202813N00117929EA0142401561
B1317224202822N00117931EA0141601554
B1317234202832N00117932EA0140701550
B1317244202842N00117933EA0141001545
B1317254202850N00117935EA0140601543
B1317264202857N00117936EA0140201540
B1317274202864N00117938EA0139901538
B1317284202871N00117938EA0139001534
B1317294202879N00117938EA0139201530
B1317304202887N00117938EA0139401527
B1317314202893N00117938EA0139301526
B1317324202899N00117939EA0139001524
B1317334202905N00117940EA0139001521
B1317344202911N00117941EA0138601517
B1317354202918N00117941EA0138101512
B1317364202926N00117942EA0138401508
B1317374202933N00117943EA0137701505
B1317384202939N00117945EA0137701502
B1317394202945N00117947EA0137401499
B1317404202951N00117950EA0137001494
B1317414202958N00117952EA0136701489
B1317424202964N00117955EA0136501484
B1317434202972N00117958EA0136201480
B1317444202978N00117961EA0136201478
B1317454202984N00117964EA0135901476
B1317464202989N00117968EA0135701473
B1317474202995N00117974EA0135701469
B1317484203000N00117979EA0135401464
B1317494203006N00117985EA0135301462
B1317504203011N00117989EA0135201460
B1317514203017N00117991EA0135101457
B1317524203024N00117991EA0135301454
B1317534203032N00117991EA0134801451
B1317544203040N00117992EA0134601449
B1317554203048N00117995EA0134601446
B1317564203056N00117997EA0134501444
B1317574203063N00118000EA0134601443
B1317584203070N00118002EA0134701443
B1317594203076N00118004EA0134901444
B1318004203083N00118006EA0135001443
B1318014203089N00118008EA0135501442
B1318024203096N00118010EA0134901440
B1318034203103N00118012EA0134501438
B1318044203111N00118014EA0134501436
B1318054203118N00118015EA0134901436
B1318064203124N00118016EA0135501435
B1318074203130N00118019EA0134801433
B1318084203136N00118021EA0135001432
B1318094203143N00118024EA0134401430
B1318104203151N00118027EA0134701428
B1318114203158N00118029EA0134501427
B1318124203165N00118030EA0134601427
B1318134203170N00118031EA0134401427
B1318144203176N00118033EA0134501426
B1318154203182N00118035EA0134401424
B1318164203189N00118037EA0134101422
B1318174203196N00118040EA0134001419
B1318184203203N00118043EA0133901418
B1318194203209N00118045EA0134101417
B1318204203214N00118047EA0134101417
B1318214203220N00118049EA0134001416
B1318224203226N00118051EA0133801414
B1318234203232N00118052EA0133701411
B1318244203239N00118053EA0133601409
B1318254203245N00118053EA0133501408
B1318264203250N00118054EA0133501407
B1318274203256N00118054EA0133301405
B1318284203261N00118054EA0132701403
B1318294203268N00118054EA0132501401
B1318304203274N00118056EA0132701399
B1318314203280N00118060EA0132201396
B1318324203286N00118063EA0132101394
B1318334203290N00118067EA0131801392
B1318344203295N00118071EA0131601391
B1318354203300N00118075EA0131401389
B1318364203305N00118079EA0130701387
B1318374203310N00118083EA0131001386
B1318384203315N00118087EA0131201384
B1318394203320N00118090EA0131101382
B1318404203326N00118093EA0130901381
B1318414203332N00118095EA0130901379
B1318424203338N00118097EA0130401377
B1318434203344N00118100EA0129701376
B1318444203350N00118102EA0129701374
B1318454203356N00118105EA0130001372
B1318464203362N00118108EA0129501370
B1318474203369N00118110EA0129301368
B1318484203375N00118112EA0129301366
B1318494203381N00118114EA0128901365
B1318504203387N00118116EA0129101364
B1318514203392N00118118EA0128301362
B1318524203399N00118120EA0128301360
B1318534203406N00118123EA0128201357
B1318544203412N00118125EA0128101355
B1318554203419N00118127EA0128501353
B1318564203425N00118130EA0128001352
B1318574203431N00118133EA0127701350
B1318584203437N00118135EA0127401348
B1318594203444N00118137EA0127501346
B1319004203451N00118141EA0127301344
B1319014203458N00118145EA0127201342
B1319024203464N00118149EA0126801341
B1319034203470N00118153EA0127101340
B1319044203477N00118157EA0127101339
B1319054203483N00118161EA0127001337
B1319064203490N00118164EA0126801335
B1319074203496N00118167EA0125801333
B1319084203503N00118170EA0127101331
B1319094203508N00118172EA0126901330
B1319104203513N00118174EA0127001329
B1319114203519N00118175EA0126801328
B1319124203525N00118176EA0126801326
B1319134203531N00118177EA0126001322
B1319144203538N00118179EA0126201320
B1319154203545N00118180EA0125801319
B1319164203551N00118181EA0125801318
B1319174203557N00118182EA0126201317
B1319184203563N00118183EA0125501314
B1319194203571N00118182EA0125501311
B1319204203577N00118182EA0125401310
B1319214203583N00118182EA0125401309
B1319224203589N00118182EA0125301309
B1319234203595N00118182EA0125301308
B1319244203601N00118182EA0125301307
B1319254203607N00118181EA0125201305
B1319264203614N00118181EA0125201303
B1319274203620N00118181EA0125001302
B1319284203626N00118181EA0125001301
B1319294203631N00118181EA0124901301
B1319304203637N00118182EA0124801299
B1319314203643N00118182EA0124401296
B1319324203650N00118184EA0123901292
B1319334203657N00118185EA0123901290
B1319344203665N00118187EA0123601289
B1319354203671N00118190EA0123801288
B1319364203678N00118192EA0123801287
B1319374203684N00118194EA0123701287
B1319384203690N00118196EA0123601286
B1319394203696N00118198EA0123201284
B1319404203703N00118201EA0122801282
B1319414203710N00118203EA0123301281
B1319424203717N00118205EA0123101280
B1319434203723N00118207EA0123101279
B1319444203728N00118208EA0123301278
B1319454203734N00118209EA0123001277
B1319464203740N00118211EA0122501274
B1319474203746N00118213EA0122401271
B1319484203753N00118215EA0122101269
B1319494203760N00118216EA0121901267
B1319504203766N00118217EA0122001265
B1319514203773N00118219EA0121701264
B1319524203780N00118221EA0121601262
B1319534203787N00118223EA0121401260
B1319544203794N00118224EA0121101258
B1319554203800N00118224EA0120801256
B1319564203807N00118224EA0121001253
B1319574203814N00118223EA0120501251
B1319584203821N00118223EA0120201251
B1319594203827N00118223EA0120301250
B1320004203833N00118224EA0120001249
B1320014203839N00118225EA0120101246
B1320024203846N00118227EA0119201242
B1320034203854N00118229EA0119001238
B1320044203862N00118230EA0119001237
B1320054203870N00118232EA0118801235
B1320064203877N00118233EA0118401233
B1320074203883N00118234EA0119001231
B1320084203890N00118234EA0118301229
B1320094203896N00118234EA0118301227
B1320104203903N00118234EA0117801224
B1320114203910N00118233EA0117601221
B1320124203917N00118231EA0117401219
B1320134203924N00118230EA0117301217
B1320144203930N00118228EA0116901215
B1320154203937N00118227EA0116601212
B1320164203945N00118226EA0116301208
B1320174203952N00118225EA0116001205
B1320184203959N00118224EA0115901203
B1320194203966N00118223EA0115901201
B1320204203973N00118223EA0115701200
B1320214203979N00118222EA0115601198
B1320224203986N00118222EA0115301196
B1320234203992N00118221EA0115201193
B1320244203998N00118221EA0115001191
B1320254204005N00118221EA0114701188
B1320264204012N00118222EA0114201185
B1320274204018N00118223EA0113901182
B1320284204025N00118224EA0113701180
B1320294204031N00118225EA0113601178
B1320304204037N00118227EA0113201175
B1320314204043N00118228EA0112601172
B1320324204050N00118230EA0112901169
B1320334204056N00118231EA0112201167
B1320344204062N00118232EA0112201164
B1320354204069N00118233EA0111901162
B1320364204075N00118235EA0111801160
B1320374204082N00118238EA0111601157
B1320384204087N00118241EA0111201155
B1320394204093N00118243EA0110701153
B1320404204100N00118245EA0111501151
B1320414204107N00118246EA0111201149
B1320424204113N00118246EA0111101146
B1320434204119N00118246EA0111101144
B1320444204125N00118246EA0110801142
B1320454204132N00118247EA0110301140
B1320464204139N00118247EA0110001137
B1320474204145N00118247EA0109801135
B1320484204152N00118248EA0109301132
B1320494204159N00118248EA0108901130
B1320504204165N00118249EA0108901127
B1320514204172N00118251EA0108401125
B1320524204178N00118253EA0108201122
B1320534204185N00118254EA0108001119
B1320544204191N00118256EA0107001116
B1320554204197N00118256EA0107401113
B1320564204204N00118255EA0106801111
B1320574204210N00118255EA0106601108
B1320584204216N00118255EA0106401106
B1320594204222N00118255EA0106001103
B1321004204228N00118255EA0105601100
B1321014204235N00118254EA0105101097
B1321024204241N00118253EA0105101094
B1321034204247N00118252EA0104801092
B1321044204253N00118252EA0104501089
B1321054204259N00118251EA0104301086
B1321064204265N00118250EA0104101084
B1321074204271N00118248EA0104001081
B1321084204277N00118246EA0103901078
B1321094204283N00118244EA0103601075
B1321104204289N00118242EA0103201072
B1321114204296N00118239EA0102801070
B1321124204302N00118237EA0102601068
B1321134204308N00118235EA0102401065
B1321144204315N00118234EA0102101062
B1321154204323N00118233EA0101801059
B1321164204329N00118231EA0101601057
B1321174204335N00118230EA0101501055
B1321184204342N00118229EA0100701052
B1321194204348N00118228EA0100801050
B1321204204355N00118228EA0101001047
B1321214204362N00118228EA0100001044
B1321224204369N00118228EA0100501041
B1321234204376N00118228EA0099901039
B1321244204383N00118227EA0099801037
B1321254204390N00118226EA0099501035
B1321264204397N00118227EA0099301032
B1321274204404N00118227EA0098901029
B1321284204411N00118226EA0098201026
B1321294204418N00118225EA0098101024
B1321304204424N00118223EA0098301022
B1321314204431N00118222EA0097701019
B1321324204437N00118221EA0098201016
B1321334204444N00118219EA0097301013
B1321344204451N00118217EA0096901010
B1321354204457N00118217EA0096601007
B1321364204464N00118217EA0096201003
B1321374204471N00118218EA0095900999
B1321384204477N00118221EA0095400995
B1321394204483N00118224EA0095100992
B1321404204489N00118228EA0094800989
B1321414204494N00118233EA0094600986
B1321424204498N00118238EA0094300984
B1321434204502N00118245EA0094000981
B1321444204505N00118252EA0093700977
B1321454204509N00118259EA0093300974
B1321464204513N00118267EA0093000971
B1321474204516N00118275EA0092800969
B1321484204518N00118283EA0092700968
B1321494204519N00118290EA0092400965
B1321504204519N00118297EA0090700963
B1321514204519N00118303EA0091500960
B1321524204520N00118310EA0091600957
B1321534204520N00118317EA0091300954
B1321544204522N00118325EA0090700951
B1321554204524N00118333EA0090400949
B1321564204527N00118341EA0091000946
B1321574204529N00118348EA0090500943
B1321584204532N00118355EA0089700940
B1321594204535N00118362EA0089200937
B1322004204538N00118369EA0088900934
B1322014204543N00118377EA0088400930
B1322024204548N00118384EA0088200927
B1322034204553N00118389EA0088300924
B1322044204559N00118392EA0087900921
B1322054204565N00118395EA0087900918
B1322064204571N00118397EA0087700915
B1322074204577N00118400EA0087100911
B1322084204583N00118402EA0087900909
B1322094204589N00118403EA0086200905
B1322104204594N00118403EA0085500902
B1322114204600N00118404EA0087200899
B1322124204606N00118404EA0085900896
B1322134204612N00118403EA0086500893
B1322144204617N00118401EA0086700890
B1322154204622N00118398EA0085400887
B1322164204627N00118396EA0086200884
B1322174204632N00118393EA0085200881
B1322184204638N00118391EA0085000878
B1322194204643N00118389EA0084700875
B1322204204648N00118389EA0084300872
B1322214204655N00118390EA0083900868
B1322224204661N00118392EA0083600864
B1322234204666N00118395EA0083400861
B1322244204672N00118399EA0083200858
B1322254204677N00118403EA0082900856
B1322264204681N00118409EA0082700853
B1322274204685N00118415EA0082400850
B1322284204689N00118422EA0082100847
B1322294204693N00118428EA0082000844
B1322304204695N00118436EA0081600842
B1322314204697N00118443EA0081400840
B1322324204697N00118450EA0081200837
B1322334204697N00118457EA0080900834
B1322344204698N00118465EA0080500830
B1322354204698N00118472EA0080200826
B1322364204697N00118480EA0079900823
B1322374204695N00118486EA0079600820
B1322384204691N00118491EA0079200816
B1322394204688N00118496EA0079000813
B1322404204684N00118500EA0078700810
B1322414204680N00118503EA0078500808
B1322424204676N00118505EA0078300805
B1322434204672N00118505EA0078000803
B1322444204668N00118503EA0077800800
B1322454204665N00118501EA0077700799
B1322464204662N00118498EA0077500797
B1322474204659N00118495EA0077300794
B1322484204656N00118491EA0077100792
B1322494204654N00118486EA0076800789
B1322504204653N00118480EA0076500786
B1322514204653N00118473EA0076300783
B1322524204653N00118466EA0076000781
B1322534204655N00118459EA0075800778
B1322544204657N00118453EA0075600775
B1322554204659N00118448EA0075100773
B1322564204662N00118442EA0074900770
B1322574204666N00118437EA0074500768
B1322584204671N00118433EA0074200765
B1322594204676N00118430EA0073900762
B1323004204681N00118427EA0073800759
B1323014204687N00118424EA0073300756
B1323024204693N00118422EA0073000753
B1323034204699N00118419EA0072600749
B1323044204705N00118418EA0072200746
B1323054204712N00118416EA0071800743
B1323064204718N00118416EA0071500739
B1323074204725N00118417EA0070200736
B1323084204732N00118418EA0071800733
B1323094204738N00118420EA0070900730
B1323104204745N00118422EA0070500727
B1323114204752N00118424EA0070000724
B1323124204759N00118427EA0070000722
B1323134204766N00118431EA0069000719
B1323144204772N00118435EA0068800716
B1323154204777N00118439EA0069500713
B1323164204783N00118442EA0069200709
B1323174204789N00118445EA0068800706
B1323184204795N00118448EA0068300703
B1323194204801N00118451EA0068000700
B1323204204807N00118455EA0067700697
B1323214204813N00118459EA0067600694
B1323224204818N00118463EA0067300691
B1323234204823N00118468EA0067000688
B1323244204828N00118474EA0066800685
B1323254204832N00118480EA0066500682
B1323264204834N00118487EA0066400679
B1323274204835N00118495EA0066200676
B1323284204833N00118503EA0065500673
B1323294204829N00118510EA0065700668
B1323304204820N00118508EA0064600664
B1323314204815N00118505EA0065000662
B1323324204817N00118498EA0065100660
B1323334204827N00118497EA0064800658
B1323344204835N00118501EA0064700658
B1323354204839N00118509EA0064700658
B1323364204842N00118517EA0064700661
B1323374204842N00118524EA0064400660
B1323384204841N00118531EA0064500659
B1323394204840N00118539EA0063400657
B1323404204839N00118547EA0063200655
B1323414204839N00118556EA0063700652
B1323424204839N00118565EA0064100649
B1323434204839N00118574EA0063700648
B1323444204838N00118583EA0063500646
B1323454204837N00118591EA0063400644
B1323464204836N00118600EA0062900642
B1323474204835N00118609EA0062600639
B1323484204834N00118618EA0062200636
B1323494204832N00118626EA0062400635
B1323504204828N00118632EA0062100633
B1323514204823N00118636EA0061900630
B1323524204819N00118635EA0062000630
B1323534204816N00118632EA0062000630
B1323544204816N00118627EA0061300628
B1323554204817N00118621EA0061700627
B1323564204819N00118614EA0061000625
B1323574204823N00118609EA0061400624
B1323584204825N00118606EA0061500623
B1323594204827N00118604EA0061600622
B1324004204830N00118602EA0061100620
B1324014204834N00118598EA0060600618
B1324024204837N00118593EA0060800616
B1324034204840N00118587EA0060500614
B1324044204841N00118582EA0060400612
B1324054204842N00118578EA0060500611
B1324064204844N00118573EA0060100609
B1324074204847N00118568EA0059600607
B1324084204850N00118563EA0059800605
B1324094204853N00118558EA0060100604
B1324104204855N00118552EA0059900602
B1324114204855N00118548EA0059700601
B1324124204853N00118545EA0059500600
B1324134204849N00118546EA0058500599
B1324144204844N00118551EA0058900596
B1324154204841N00118554EA0058600595
B1324164204838N00118558EA0058600594
B1324174204836N00118562EA0058100592
B1324184204832N00118567EA0058300590
B1324194204828N00118572EA0057800588
B1324204204823N00118577EA0057500586
B1324214204819N00118581EA0057600585
B1324224204816N00118584EA0057400584
B1324234204813N00118588EA0057400583
B1324244204810N00118592EA0057200581
B1324254204806N00118596EA0057000579
B1324264204802N00118600EA0056800576
B1324274204797N00118603EA0056800574
B1324284204794N00118605EA0056900572
B1324294204792N00118602EA0056500571
B1324304204791N00118598EA0056200569
B1324314204791N00118592EA0055400566
B1324324204794N00118585EA0055300563
B1324334204796N00118579EA0055400562
B1324344204798N00118574EA0055700561
B1324354204799N00118570EA0055800559
B1324364204800N00118567EA0055500557
B1324374204799N00118561EA0055200555
B1324384204800N00118554EA0055300553
B1324394204800N00118546EA0054600551
B1324404204802N00118540EA0054400550
B1324414204803N00118534EA0054700549
B1324424204803N00118529EA0054900547
B1324434204803N00118524EA0054600545
B1324444204803N00118518EA0054600543
B1324454204802N00118512EA0054400541
B1324464204802N00118505EA0054300539
B1324474204802N00118499EA0053500538
B1324484204803N00118494EA0054100536
B1324494204804N00118489EA0053500534
B1324504204804N00118484EA0053500532
B1324514204804N00118478EA0052900531
B1324524204806N00118471EA0053000529
B1324534204807N00118465EA0053000526
B1324544204809N00118460EA0053000525
B1324554204811N00118455EA0052700523
B1324564204814N00118451EA0052700522
B1324574204816N00118446EA0052300521
B1324584204819N00118440EA0052200519
B1324594204822N00118435EA0052000517
B1325004204824N00118430EA0052000515
B1325014204825N00118424EA0051800514
B1325024204824N00118419EA0051500512
B1325034204821N00118415EA0051500511
B1325044204815N00118417EA0050500509
B1325054204810N00118422EA0050900507
B1325064204806N00118426EA0050900505
B1325074204804N00118428EA0051100507
B1325084204801N00118431EA0051000504
B1325094204797N00118435EA0050900502
B1325104204792N00118440EA0050400499
B1325114204787N00118443EA0050300498
B1325124204782N00118447EA0049900499
B1325134204778N00118449EA0050600498
B1325144204775N00118451EA0050500497
B1325154204771N00118454EA0050600496
B1325164204768N00118456EA0050400494
B1325174204765N00118461EA0050100491
B1325184204761N00118466EA0050200488
B1325194204757N00118469EA0049900487
B1325204204754N00118470EA0049900485
B1325214204751N00118468EA0049200484
B1325224204749N00118463EA0049200481
B1325234204749N00118457EA0048400479
B1325244204751N00118450EA0049000478
B1325254204754N00118446EA0048900478
B1325264204756N00118442EA0049100477
B1325274204757N00118439EA0048300476
B1325284204759N00118435EA0047800476
B1325294204762N00118431EA0048700475
B1325304204765N00118427EA0048800474
B1325314204768N00118422EA0049500473
B1325324204769N00118417EA0048700472
B1325334204767N00118412EA0048200471
B1325344204763N00118410EA0048500470
B1325354204757N00118413EA0047500469
B1325364204753N00118419EA0047600468
B1325374204750N00118422EA0047900467
B1325384204747N00118424EA0047700467
B1325394204744N00118425EA0047300465
B1325404204740N00118425EA0047400463
B1325414204736N00118423EA0046700461
B1325424204732N00118419EA0046800459
B1325434204728N00118415EA0046400457
B1325444204724N00118411EA0046500457
B1325454204721N00118408EA0046000457
B1325464204719N00118404EA0044700456
B1325474204716N00118401EA0045900455
B1325484204712N00118399EA0045700453
B1325494204709N00118396EA0045700452
B1325504204705N00118393EA0045900451
B1325514204701N00118390EA0045500450
B1325524204698N00118388EA0046100449
B1325534204695N00118386EA0047300449
B1325544204692N00118385EA0046800449
B1325554204690N00118384EA0046100449
B1325564204689N00118383EA0044900449
B1325574204688N00118383EA0044500449
B1325584204687N00118383EA0046000448
B1325594204687N00118383EA0045500448
B1326004204686N00118384EA0045400448
B1326014204686N00118384EA0045900447
B1326024204686N00118384EA0045600447
B1326034204686N00118384EA0045800446
B1326044204686N00118385EA0045700446
B1326054204685N00118385EA0045500445
B1326064204685N00118385EA0045700444
B1326074204685N00118385EA0045600445
B1326084204684N00118386EA0045600445
B1326094204684N00118386EA0045600445
B1326104204684N00118386EA0045500446
B1326114204683N00118386EA0045700446
B1326124204683N00118386EA0045800445
B1326134204683N00118386EA0045700445
B1326144204683N00118387EA0045400445
B1326154204683N00118387EA0045800445
B1326164204683N00118388EA0045700444
B1326174204683N00118389EA0045700444
B1326184204683N00118389EA0045900444
B1326194204683N00118389EA0045900443
B1326204204683N00118389EA0044800442
B1326214204682N00118389EA0046000442
B1326224204682N00118390EA0045800442
B1326234204682N00118390EA0045600441
B1326244204681N00118390EA0045700441
B1326254204681N00118390EA0045600442
B1326264204681N00118390EA0045600442
B1326274204681N00118390EA0045800442
B1326284204681N00118390EA0045600442
B1326294204680N00118389EA0045400442
B1326304204680N00118389EA0045900442
B1326314204680N00118388EA0045800441
B1326324204680N00118388EA0045800441
B1326334204679N00118387EA0045200441
B1326344204679N00118386EA0044700441
B1326354204678N00118385EA0045100440
B1326364204678N00118384EA0045700440
B1326374204677N00118384EA0045600440
B1326384204677N00118383EA0045700440
B1326394204677N00118383EA0045900440
B1326404204676N00118382EA0045400440
B1326414204675N00118382EA0045800440
B1326424204675N00118381EA0045600440
B1326434204675N00118381EA0045600439
B1326444204675N00118381EA0045900439
B1326454204675N00118381EA0045700439
B1326464204675N00118381EA0044800439
B1326474204675N00118381EA0045800439
B1326484204675N00118381EA0045500438
B1326494204675N00118382EA0046500438
B1326504204675N00118382EA0045900438
B1326514204675N00118382EA0046100438
B1326524204675N00118382EA0045900439
B1326534204675N00118382EA0045800439
B1326544204675N00118383EA0045800440
B1326554204675N00118383EA0045800439
B1326564204675N00118383EA0045600439
B1326574204675N00118383EA0045700440
B1326584204675N00118383EA0045600440
B1326594204675N00118383EA0045700440
B1327004204675N00118383EA0045600440
B1327014204675N00118383EA0045600440
B1327024204675N00118383EA0045800440
B1327034204675N00118383EA0045700440
B1327044204675N00118383EA0045700440
B1327054204675N00118383EA0044500440
B1327064204674N00118383EA0046000440
B1327074204674N00118383EA0045600440
B1327084204674N00118383EA0045400440
B1327094204674N00118383EA0045600441
B1327104204674N00118383EA0045900441
B1327114204674N00118383EA0045600441
B1327124204674N00118382EA0045900441
B1327134204673N00118382EA0046000441
B1327144204673N00118382EA0045500441
B1327154204673N00118382EA0045600442
B1327164204672N00118382EA0045900442
B1327174204671N00118382EA0045700442
B1327184204671N00118383EA0045700442
B1327194204670N00118383EA0045200442
B1327204204670N00118383EA0045800442
B1327214204669N00118382EA0045900442
B1327224204669N00118382EA0045600442
B1327234204668N00118382EA0045900443
B1327244204667N00118382EA0045600443
B1327254204667N00118381EA0045700443
B1327264204667N00118381EA0045500443
B1327274204666N00118381EA0045800443
B1327284204666N00118381EA0045500443
B1327294204665N00118381EA0045600443
B1327304204665N00118380EA0045600443
B1327314204664N00118380EA0045600443
B1327324204663N00118380EA0045700442
B1327334204663N00118380EA0045900443
B1327344204662N00118379EA0046000443
B1327354204662N00118378EA0045800443
B1327364204661N00118378EA0043700443
B1327374204661N00118377EA0045800443
B1327384204661N00118376EA0045600443
B1327394204660N00118376EA0045400443
B1327404204660N00118375EA0045600442
B1327414204660N00118375EA0045700443
B1327424204659N00118374EA0046400443
B1327434204659N00118373EA0045800443
B1327444204659N00118373EA0045700443
B1327454204659N00118372EA0046000443
B1327464204658N00118372EA0046000442
B1327474204658N00118371EA0045900442
B1327484204658N00118370EA0045800442
B1327494204658N00118369EA0045700441
B1327504204657N00118368EA0045700441
B1327514204657N00118367EA0045800440
B1327524204657N00118366EA0045100440
B1327534204657N00118365EA0045600441
B1327544204657N00118365EA0045300441
B1327554204656N00118364EA0045800441
B1327564204656N00118363EA0045800441
B1327574204655N00118363EA0045700440
B1327584204655N00118362EA0045700440
B1327594204655N00118361EA0046000440
B1328004204654N00118360EA0045500440
B1328014204654N00118360EA0045600440
B1328024204653N00118359EA0045600440
B1328034204653N00118359EA0045700440
B1328044204653N00118359EA0045600440
B1328054204652N00118358EA0045500441
B1328064204652N00118357EA0045200441
B1328074204651N00118356EA0045400442
B1328084204651N00118355EA0045600442
B1328094204651N00118355EA0045600442
B1328104204650N00118354EA0045900443
B1328114204650N00118354EA0045400444
B1328124204650N00118353EA0045900444
B1328134204650N00118353EA0045700444
B1328144204650N00118352EA0045400444
B1328154204650N00118351EA0045600443
B1328164204649N00118351EA0045900443
B1328174204649N00118350EA0041400444
B1328184204649N00118350EA0044100443
B1328194204649N00118349EA0046800443
B1328204204649N00118349EA0046300442
B1328214204649N00118349EA0044900442
B1328224204649N00118349EA0045100442
B1328234204649N00118349EA0046300442
B1328244204649N00118349EA0045900442
B1328254204649N00118349EA0045700442
B1328264204649N00118349EA0045600442
B1328274204649N00118349EA0045600443
B1328284204649N00118349EA0045200443
B1328294204649N00118349EA0045300443
B1328304204649N00118349EA0046000443
B1328314204649N00118349EA0045800443
B1328324204649N00118349EA0045600443
B1328334204649N00118349EA0045700442
B1328344204649N00118349EA0045100443
B1328354204649N00118349EA0045700443
B1328364204649N00118349EA0045700444
B1328374204650N00118349EA0045800444
B1328384204650N00118349EA0045600444
B1328394204650N00118349EA0044300444
B1328404204650N00118349EA0045700444
B1328414204649N00118349EA0044900444
B1328424204649N00118348EA0045800444
B1328434204649N00118347EA0045500444
B1328444204649N00118346EA0045200444
B1328454204648N00118345EA0045800444
B1328464204647N00118344EA0045400444
B1328474204647N00118343EA0045900444
B1328484204646N00118343EA0045600444
B1328494204646N00118342EA0045900445
B1328504204645N00118341EA0045400445
B1328514204645N00118340EA0046000445
B1328524204644N00118340EA0045500446
B1328534204643N00118339EA0045000445
B1328544204642N00118339EA0045700446
B1328554204641N00118339EA0044900446
B1328564204641N00118338EA0045500446
B1328574204640N00118338EA0045800446
B1328584204640N00118338EA0045800447
B1328594204639N00118338EA0045900447
B1329004204639N00118338EA0045700446
B1329014204638N00118338EA0045700446
B1329024204637N00118337EA0045900445
B1329034204637N00118337EA0045500445
B1329044204636N00118336EA0044800445
B1329054204636N00118336EA0045800445
B1329064204635N00118336EA0045400445
B1329074204634N00118335EA0045400445
B1329084204634N00118335EA0045800445
B1329094204633N00118335EA0045800444
B1329104204633N00118334EA0045900445
B1329114204633N00118334EA0045800445
B1329124204632N00118333EA0045600445
B1329134204632N00118332EA0045800446
B1329144204632N00118331EA0045800446
B1329154204631N00118331EA0046000446
B1329164204631N00118330EA0046000446
B1329174204630N00118329EA0045600446
B1329184204630N00118328EA0045500447
B1329194204630N00118327EA0044300447
B1329204204629N00118327EA0045300448
B1329214204629N00118327EA0045400448
B1329224204629N00118326EA0045700449
B1329234204629N00118325EA0046000449
B1329244204629N00118325EA0045300449
B1329254204629N00118324EA0045400450
B1329264204629N00118323EA0045800449
B1329274204630N00118323EA0046100449
B1329284204630N00118323EA0045800449
B1329294204630N00118322EA0045700449
B1329304204631N00118322EA0045600449
B1329314204631N00118322EA0045600449
B1329324204632N00118321EA0045400449
B1329334204632N00118321EA0045900449
B1329344204632N00118320EA0045600450
B1329354204632N00118320EA0045700449
B1329364204632N00118321EA0045700448
B1329374204632N00118321EA0045700448
B1329384204632N00118321EA0045600448
B1329394204632N00118321EA0045600448
B1329404204632N00118321EA0045500448
B1329414204632N00118321EA0045800448
B1329424204632N00118320EA0045200449
B1329434204632N00118320EA0045700449
B1329444204632N00118320EA0045600448
B1329454204632N00118320EA0045600448
B1329464204632N00118320EA0044400447
B1329474204632N00118320EA0045700447
B1329484204632N00118319EA0044500447
B1329494204632N00118319EA0045500447
B1329504204632N00118319EA0045600447
B1329514204633N00118319EA0045600448
B1329524204633N00118319EA0045700447
B1329534204632N00118319EA0045500447
B1329544204632N00118319EA0044900448
B1329554204632N00118319EA0045700448
B1329564204632N00118319EA0045700447
B1329574204632N00118319EA0045500448
B1329584204632N00118319EA0045800448
B1329594204632N00118319EA0045700448
B1330004204632N00118319EA0045700448
B1330014204632N00118319EA0045600447
B1330024204632N00118318EA0045700448
B1330034204632N00118318EA0045500447
B1330044204632N00118318EA0045600447
B1330054204632N00118318EA0045400447
B1330064204632N00118318EA0045700446
B1330074204632N00118318EA0045800446
B1330084204632N00118318EA0045200446
B1330094204632N00118318EA0045900446
B1330104204632N00118317EA0045700446
B1330114204632N00118317EA0046000445
B1330124204632N00118317EA0045700445
B1330134204631N00118317EA0045600445
B1330144204631N00118317EA0045600444
B1330154204631N00118317EA0045400444
B1330164204631N00118317EA0045700444
B1330174204631N00118317EA0045700445
B1330184204631N00118317EA0045600445
B1330194204631N00118317EA0045700446
B1330204204631N00118317EA0045600446
B1330214204631N00118317EA0045600446
B1330224204631N00118317EA0045500446
B1330234204631N00118317EA0045600446
B1330244204631N00118317EA0045700446
B1330254204631N00118317EA0045600446
B1330264204631N00118317EA0045600447
B1330274204631N00118317EA0045700447
B1330284204631N00118316EA0045500447
B1330294204631N00118316EA0045600447
B1330304204631N00118316EA0045600447
B1330314204631N00118316EA0045700447
B1330324204631N00118315EA0045600447
B1330334204632N00118315EA0045700447
B1330344204632N00118315EA0045500448
B1330354204632N00118315EA0045600447
B1330364204632N00118315EA0045500448
B1330374204632N00118315EA0045600448
B1330384204632N00118315EA0045600447
B1330394204632N00118315EA0045600448
B1330404204632N00118315EA0045500447
B1330414204632N00118315EA0045600448
B1330424204632N00118315EA0045600449
B1330434204632N00118315EA0045600449
B1330444204632N00118315EA0045600449
B1330454204633N00118315EA0045600449
B1330464204633N00118315EA0045600449
B1330474204633N00118315EA0045600449
B1330484204633N00118315EA0045600449
B1330494204633N00118315EA0045600448
B1330504204633N00118315EA0045600448
B1330514204633N00118315EA0045600448
B1330524204633N00118314EA0045600447
B1330534204633N00118314EA0045600447
B1330544204633N00118314EA0045600448
B1330554204633N00118314EA0045600448
B1330564204633N00118314EA0045500448
B1330574204633N00118314EA0045600448
B1330584204633N00118315EA0045600448
B1330594204633N00118315EA0045600448
B1331004204633N00118315EA0045600448
B1331014204633N00118315EA0045600448
B1331024204633N00118315EA0045600448
B1331034204633N00118315EA0045600448
B1331044204633N00118315EA0045600447
B1331054204633N00118315EA0045600447
B1331064204633N00118315EA0045600447
B1331074204633N00118315EA0045600447
B1331084204633N00118315EA0045600447
B1331094204633N00118315EA0045600447
B1331104204633N00118315EA0045600447
B1331114204633N00118315EA0045600447
B1331124204633N00118315EA0045700447
B1331134204633N00118314EA0045600446
B1331144204633N00118314EA0045700446
B1331154204632N00118315EA0045600445
B1331164204632N00118315EA0045600444
B1331174204632N00118315EA0045500444
B1331184204632N00118315EA0045600444
B1331194204632N00118315EA0045700444
B1331204204632N00118315EA0045700443
B1331214204632N00118315EA0045800442
B1331224204631N00118315EA0045700442
B1331234204631N00118315EA0045600441
B1331244204631N00118316EA0045600441
B1331254204631N00118316EA0045700441
B1331264204631N00118316EA0045700440
B1331274204631N00118316EA0045700440
B1331284204631N00118317EA0045800440
B1331294204630N00118317EA0045700440
B1331304204630N00118318EA0045700441
B1331314204630N00118318EA0045600440
B1331324204630N00118318EA0045700440
B1331334204630N00118318EA0045700441
B1331344204630N00118318EA0045400440
B1331354204630N00118318EA0045600441
B1331364204630N00118318EA0045700441
B1331374204630N00118318EA0045600441
B1331384204630N00118318EA0045700441
B1331394204630N00118318EA0045700441
B1331404204630N00118317EA0045600442
B1331414204630N00118317EA0045700442
B1331424204630N00118317EA0045700441
B1331434204630N00118317EA0045700442
B1331444204630N00118317EA0045800441
B1331454204630N00118318EA0045700442
B1331464204631N00118318EA0045700443
B1331474204631N00118318EA0045700443
B1331484204631N00118317EA0045600443
B1331494204630N00118317EA0045700443
B1331504204630N00118317EA0045600443
B1331514204631N00118316EA0045700443
B1331524204631N00118316EA0045700443
B1331534204631N00118316EA0045700443
B1331544204631N00118316EA0045600444
B1331554204631N00118316EA0045600445
B1331564204631N00118316EA0045600445
B1331574204631N00118316EA0045700446
B1331584204631N00118316EA0045600446
B1331594204631N00118316EA0045600447
B1332004204631N00118316EA0045600447
B1332014204631N00118316EA0045700448
B1332024204631N00118316EA0045700448
B1332034204631N00118316EA0045200447
B1332044204631N00118316EA0045500447
B1332054204631N00118316EA0045700447
B1332064204631N00118316EA0045700447
B1332074204631N00118316EA0045600447
B1332084204631N00118316EA0045700446
B1332094204632N00118316EA0045700447
B1332104204632N00118317EA0045700448
B1332114204632N00118317EA0045700449
B1332124204632N00118317EA0045600449
B1332134204632N00118317EA0045700450
B1332144204632N00118317EA0045200450
B1332154204632N00118317EA0045700450
B1332164204632N00118317EA0045700450
B1332174204633N00118317EA0045700450
B1332184204633N00118318EA0045700450
B1332194204633N00118317EA0045600451
B1332204204633N00118318EA0045700450
B1332214204632N00118318EA0045800450
B1332224204632N00118318EA0045600450
B1332234204632N00118319EA0045700450
B1332244204633N00118319EA0045700451
B1332254204633N00118320EA0045700452
B1332264204632N00118320EA0045700452
B1332274204632N00118320EA0044800452
B1332284204632N00118320EA0044700452
B1332294204632N00118320EA0046000452
B1332304204632N00118320EA0045600452
B1332314204632N00118320EA0045700452
B1332324204632N00118320EA0045700452
B1332334204632N00118320EA0045600452
B1332344204632N00118320EA0045800452
B1332354204632N00118320EA0045600452
B1332364204632N00118320EA0045900452
B1332374204632N00118320EA0045600452
B1332384204632N00118320EA0045700453
B1332394204632N00118320EA0045700454
B1332404204632N00118319EA0045700454
B1332414204632N00118320EA0045800453
B1332424204632N00118320EA0045600454
B1332434204632N00118320EA0045700456
B1332444204632N00118320EA0045700456
B1332454204632N00118320EA0045700456
B1332464204632N00118320EA0045600457
B1332474204632N00118319EA0045800457
B1332484204632N00118319EA0045700456
B1332494204633N00118319EA0045700455
B1332504204632N00118320EA0045700456
B1332514204632N00118320EA0045700457
B1332524204632N00118320EA0045700457
B1332534204632N00118320EA0045700458
B1332544204632N00118320EA0045700457
B1332554204632N00118320EA0045700457
B1332564204632N00118320EA0045700457
B1332574204632N00118319EA0045700457
B1332584204632N00118319EA0045700457
B1332594204632N00118319EA0045700457
B1333004204632N00118319EA0045700457
B1333014204632N00118319EA0045800457
B1333024204632N00118319EA0045700457
B1333034204632N00118319EA0045600457
B1333044204632N00118319EA0045700457
B1333054204632N00118320EA0045700457
B1333064204632N00118320EA0045700457
B1333074204632N00118320EA0045700458
B1333084204632N00118320EA0045700458
B1333094204632N00118320EA0045700459
B1333104204632N00118320EA0045700458
B1333114204632N00118319EA0045800458
B1333124204631N00118319EA0045400458
B1333134204631N00118319EA0045300458
B1333144204631N00118319EA0045400457
B1333154204631N00118319EA0046000456
B1333164204631N00118318EA0045700456
B1333174204631N00118318EA0045200455
B1333184204631N00118318EA0045600455
B1333194204631N00118318EA0045600454
B1333204204631N00118318EA0045100454
B1333214204631N00118317EA0046700454
B1333224204631N00118317EA0045900454
B1333234204631N00118317EA0045200453
B1333244204631N00118317EA0045700454
B1333254204631N00118317EA0045700454
B1333264204631N00118318EA0045600455
B1333274204631N00118317EA0045400455
B1333284204631N00118317EA0045700454
B1333294204631N00118317EA0045700453
B1333304204631N00118317EA0045700453
B1333314204632N00118317EA0046300453
B1333324204632N00118317EA0046100453
B1333334204632N00118317EA0045700452
B1333344204632N00118318EA0045700452
B1333354204632N00118319EA0045700454
B1333364204632N00118319EA0046000456
B1333374204632N00118319EA0046100456
B1333384204632N00118318EA0045700455
B1333394204632N00118318EA0045700456
B1333404204632N00118318EA0045700458
B1333414204632N00118318EA0045800457
B1333424204632N00118318EA0045700458
B1333434204632N00118318EA0045600458
B1333444204632N00118318EA0045800458
B1333454204632N00118318EA0045700457
B1333464204632N00118318EA0045700457
B1333474204633N00118318EA0045700457
B1333484204633N00118318EA0045500456
B1333494204633N00118318EA0045700456
B1333504204633N00118319EA0045700456
B1333514204632N00118319EA0045700457
B1333524204632N00118319EA0045500458
B1333534204633N00118318EA0045700459
B1333544204633N00118318EA0045700459
B1333554204633N00118318EA0045700459
B1333564204633N00118318EA0045700460
B1333574204633N00118318EA0045600461
B1333584204633N00118318EA0045800460
B1333594204633N00118318EA0045700461
B1334004204633N00118318EA0045700461
B1334014204633N00118318EA0045700461
B1334024204632N00118318EA0045700460
B1334034204632N00118318EA0045700460
B1334044204632N00118318EA0045800460
B1334054204632N00118318EA0045600460
B1334064204631N00118318EA0045700459
B1334074204631N00118319EA0045800458
B1334084204630N00118319EA0045600458
B1334094204630N00118319EA0045800457
B1334104204630N00118319EA0045400457
B1334114204630N00118319EA0045800456
B1334124204630N00118319EA0045600455
B1334134204630N00118319EA0045800454
B1334144204630N00118318EA0045700454
B1334154204631N00118319EA0045800453
B1334164204631N00118319EA0045600453
B1334174204631N00118319EA0045800453
B1334184204631N00118319EA0045700453
B1334194204631N00118318EA0045700452
B1334204204631N00118318EA0045700452
B1334214204631N00118318EA0045800451
B1334224204631N00118318EA0045800451
B1334234204632N00118319EA0045700451
B1334244204632N00118319EA0045600452
B1334254204632N00118319EA0045400453
B1334264204632N00118319EA0045700453
B1334274204632N00118319EA0045700452
B1334284204632N00118319EA0045700452
B1334294204632N00118319EA0045800452
B1334304204632N00118319EA0045700452
B1334314204632N00118319EA0045900452
B1334324204632N00118319EA0045700452
B1334334204632N00118319EA0045800452
B1334344204632N00118318EA0045700452
B1334354204632N00118318EA0045700451
B1334364204632N00118318EA0045800451
B1334374204632N00118317EA0045800451
B1334384204632N00118317EA0045800451
B1334394204632N00118317EA0045700451
B1334404204632N00118317EA0045700451
B1334414204631N00118317EA0045800451
B1334424204631N00118317EA0045700451
B1334434204631N00118317EA0045700451
B1334444204631N00118317EA0045700451
B1334454204631N00118317EA0045700450
B1334464204631N00118318EA0045700450
B1334474204631N00118318EA0045800450
B1334484204631N00118318EA0045700451
B1334494204631N00118318EA0045700451
B1334504204631N00118318EA0045700451
B1334514204631N00118318EA0045700451
B1334524204631N00118318EA0045700451
B1334534204630N00118318EA0045800452
B1334544204630N00118319EA0045800452
B1334554204630N00118318EA0045700452
B1334564204630N00118318EA0045700452
B1334574204630N00118318EA0045500452
B1334584204631N00118318EA0045700451
B1334594204631N00118318EA0045700451
B1335004204631N00118318EA0045700450
B1335014204631N00118318EA0045700450
B1335024204631N00118318EA0045700450
B1335034204631N00118318EA0045700449
B1335044204631N00118318EA0045800449
B1335054204631N00118318EA0045700449
B1335064204631N00118318EA0045700449
B1335074204631N00118317EA0045700449
B1335084204631N00118318EA0045700449
B1335094204631N00118318EA0045700449
B1335104204631N00118318EA0045800449
B1335114204632N00118318EA0045700449
B1335124204632N00118318EA0045700448
B1335134204632N00118318EA0045800448
B1335144204632N00118318EA0045700448
B1335154204632N00118318EA0045800448
B1335164204632N00118318EA0045700449
B1335174204632N00118319EA0045800449
B1335184204632N00118319EA0045700449
B1335194204632N00118319EA0045800449
B1335204204632N00118319EA0045700449
B1335214204632N00118319EA0045800449
B1335224204632N00118319EA0045800449
B1335234204632N00118318EA0045800448
B1335244204632N00118318EA0045600447
B1335254204632N00118319EA0046100448
B1335264204632N00118319EA0045800448
B1335274204632N00118319EA0045800448
B1335284204632N00118319EA0045800448
B1335294204632N00118319EA0045900448
B1335304204632N00118318EA0045800448
B1335314204632N00118318EA0045800448
B1335324204632N00118319EA0045700448
B1335334204632N00118319EA0045700449
B1335344204632N00118318EA0045700449
B1335354204632N00118318EA0045800449
B1335364204632N00118318EA0045800449
B1335374204632N00118318EA0045700449
B1335384204632N00118318EA0045700449
B1335394204632N00118318EA0045700449
B1335404204632N00118318EA0045700449
B1335414204632N00118318EA0045800449
B1335424204632N00118318EA0045800449
B1335434204632N00118318EA0045800449
B1335444204632N00118318EA0045600449
B1335454204632N00118319EA0045700448
B1335464204632N00118319EA0045900449
B1335474204632N00118319EA0046000449
B1335484204632N00118319EA0045700448
B1335494204632N00118319EA0045700448
B1335504204632N00118319EA0045700449
B1335514204632N00118319EA0045700450
B1335524204632N00118319EA0045700449
B1335534204632N00118319EA0045700449
B1335544204631N00118319EA0045700451
B1335554204631N00118319EA0045700451
B1335564204631N00118319EA0045700451
B1335574204631N00118319EA0045700452
B1335584204631N00118319EA0045700452
B1335594204631N00118319EA0045700453
B1336004204630N00118320EA0045800453
B1336014204630N00118320EA0045700453
B1336024204630N00118320EA0045700453
B1336034204630N00118319EA0045700454
B1336044204630N00118319EA0045800453
B1336054204630N00118319EA0045700453
B1336064204630N00118319EA0045700453
B1336074204630N00118319EA0045700452
B1336084204630N00118319EA0045700452
B1336094204630N00118319EA0045700453
B1336104204630N00118319EA0045700453
B1336114204630N00118319EA0045700453
B1336124204630N00118319EA0045700453
B1336134204630N00118319EA0045700454
B1336144204630N00118319EA0045700453
B1336154204630N00118319EA0045700453
B1336164204630N00118319EA0045700453
B1336174204630N00118320EA0045700453
B1336184204630N00118320EA0045700453
B1336194204630N00118320EA0045600453
B1336204204630N00118319EA0045700454
B1336214204630N00118319EA0045700453
B1336224204630N00118319EA0045700453
B1336234204630N00118319EA0045700454
B1336244204630N00118319EA0045700454
B1336254204630N00118319EA0045700454
B1336264204630N00118319EA0045700454
B1336274204630N00118319EA0045700454
B1336284204630N00118318EA0045700453
B1336294204630N00118318EA0045700452
B1336304204630N00118318EA0045700451
B1336314204630N00118317EA0045800450
B1336324204630N00118317EA0045700451
B1336334204631N00118318EA0045700450
B1336344204630N00118317EA0045700451
B1336354204630N00118317EA0045800450
B1336364204630N00118318EA0045700450
B1336374204630N00118319EA0045700452
B1336384204630N00118318EA0045800453
B1336394204630N00118318EA0045700453
B1336404204631N00118318EA0045700453
B1336414204631N00118318EA0045600453
B1336424204631N00118319EA0045900453
B1336434204631N00118319EA0045700454
B1336444204631N00118319EA0045700456
B1336454204631N00118318EA0045700456
B1336464204631N00118318EA0045600455
B1336474204630N00118318EA0045700454
B1336484204630N00118317EA0045700454
B1336494204630N00118317EA0045700454
B1336504204630N00118317EA0045800454
B1336514204630N00118317EA0045700454
B1336524204630N00118317EA0045700454
B1336534204630N00118317EA0045700454
B1336544204630N00118317EA0045800454
B1336554204630N00118317EA0045700454
B1336564204630N00118317EA0045800454
B1336574204630N00118318EA0045800454
B1336584204630N00118318EA0045700454
B1336594204630N00118318EA0045700455
B1337004204629N00118318EA0045500455
B1337014204629N00118319EA0045700455
B1337024204629N00118319EA0045700455
B1337034204629N00118319EA0045700455
B1337044204629N00118319EA0045700456
B1337054204629N00118319EA0045400455
B1337064204629N00118318EA0045700456
B1337074204629N00118318EA0045700456
B1337084204629N00118318EA0045600456
B1337094204629N00118318EA0045600457
B1337104204629N00118318EA0045700457
B1337114204629N00118318EA0045700457
B1337124204629N00118319EA0045700457
B1337134204629N00118319EA0045700457
B1337144204629N00118319EA0045700457
B1337154204629N00118319EA0045700458
B1337164204629N00118318EA0045600458
B1337174204629N00118318EA0045700458
B1337184204629N00118318EA0045700459
B1337194204629N00118318EA0045700459
B1337204204629N00118318EA0045700458
B1337214204629N00118318EA0045700458
B1337224204628N00118318EA0045700458
B1337234204628N00118318EA0045700459
B1337244204628N00118318EA0045700460
B1337254204628N00118318EA0045700459
B1337264204628N00118319EA0045700460
B1337274204628N00118318EA0045700459
B1337284204628N00118319EA0045700459
B1337294204628N00118319EA0045600459
B1337304204628N00118319EA0045700458
B1337314204628N00118320EA0046200458
B1337324204628N00118320EA0045800459
B1337334204628N00118320EA0045700459
B1337344204628N00118320EA0045700459
B1337354204628N00118320EA0045700460
B1337364204627N00118320EA0045700459
B1337374204628N00118320EA0045700460
B1337384204628N00118319EA0045700459
B1337394204628N00118319EA0045700458
B1337404204628N00118319EA0045800457
B1337414204628N00118319EA0045600457
B1337424204628N00118319EA0045800457
B1337434204629N00118319EA0045800457
B1337444204629N00118319EA0045900457
B1337454204629N00118319EA0045600457
B1337464204629N00118319EA0045700458
B1337474204629N00118318EA0045800457
B1337484204629N00118318EA0045700457
B1337494204629N00118318EA0045700455
B1337504204629N00118319EA0045800455
B1337514204629N00118319EA0045700455
B1337524204629N00118319EA0045700454
B1337534204629N00118320EA0045500453
B1337544204629N00118320EA0045700454
B1337554204629N00118320EA0045700453
B1337564204630N00118320EA0045700453
B1337574204630N00118320EA0045600453
B1337584204630N00118320EA0045800453
B1337594204630N00118320EA0045700452
B1338004204630N00118320EA0045700452
B1338014204630N00118319EA0044700452
B1338024204630N00118319EA0046100451
B1338034204630N00118319EA0045800452
B1338044204630N00118318EA0045700452
B1338054204630N00118318EA0045700451
B1338064204630N00118319EA0045700451
B1338074204630N00118318EA0045700451
B1338084204630N00118318EA0045700450
B1338094204630N00118318EA0045800449
B1338104204631N00118318EA0045700449
B1338114204631N00118318EA0045800448
B1338124204631N00118318EA0045600448
B1338134204631N00118319EA0045700448
B1338144204631N00118319EA0045800448
B1338154204631N00118319EA0045700448
B1338164204631N00118319EA0045800449
B1338174204631N00118319EA0045700448
B1338184204631N00118319EA0045800448
B1338194204631N00118319EA0045800449
B1338204204632N00118320EA0045800450
B1338214204632N00118320EA0045700449
B1338224204632N00118320EA0045700450
B1338234204632N00118320EA0045700450
B1338244204632N00118320EA0045700449
B1338254204632N00118319EA0045700449
B1338264204632N00118319EA0046200449
B1338274204632N00118320EA0045700449
B1338284204631N00118320EA0045700449
B1338294204631N00118320EA0045700449
B1338304204631N00118320EA0045800450
B1338314204631N00118321EA0045700450
B1338324204630N00118321EA0045700451
B1338334204630N00118321EA0045800452
B1338344204630N00118321EA0045700452
B1338354204630N00118321EA0045800453
B1338364204630N00118321EA0045700453
B1338374204630N00118321EA0045700453
B1338384204630N00118321EA0045700453
B1338394204630N00118321EA0045700453
B1338404204630N00118320EA0045700453
B1338414204630N00118320EA0045700452
B1338424204630N00118320EA0045700452
B1338434204630N00118320EA0045700451
B1338444204629N00118320EA0046000450
B1338454204629N00118320EA0045800449
B1338464204629N00118320EA0045700448
B1338474204629N00118319EA0045700447
B1338484204629N00118320EA0045300446
B1338494204629N00118320EA0046100446
B1338504204629N00118320EA0045800445
B1338514204629N00118320EA0045700446
B1338524204629N00118320EA0045600446
B1338534204629N00118320EA0045700446
B1338544204629N00118320EA0045600446
B1338554204629N00118320EA0045800445
B1338564204629N00118319EA0045700443
B1338574204629N00118319EA0045700443
B1338584204629N00118319EA0045700441
B1338594204629N00118319EA0045700441
B1339004204629N00118319EA0045700441
B1339014204629N00118319EA0045700441
B1339024204629N00118319EA0045700441
B1339034204629N00118319EA0045700441
B1339044204629N00118320EA0045700440
B1339054204628N00118319EA0045700441
B1339064204628N00118319EA0045800441
B1339074204628N00118319EA0045700442
B1339084204628N00118319EA0045700442
B1339094204628N00118320EA0045700443
B1339104204629N00118320EA0045700443
B1339114204629N00118320EA0045900443
B1339124204629N00118319EA0045700443
B1339134204629N00118319EA0045700443
B1339144204629N00118319EA0045700442
B1339154204629N00118319EA0045800443
B1339164204629N00118318EA0045700443
B1339174204629N00118318EA0045700442
B1339184204629N00118319EA0045700441
B1339194204630N00118319EA0045600441
B1339204204629N00118319EA0045700442
B1339214204630N00118319EA0045600442
B1339224204630N00118319EA0045800443
B1339234204630N00118319EA0045600444
B1339244204630N00118319EA0046300444
B1339254204630N00118319EA0045500445
B1339264204630N00118319EA0045700445
B1339274204631N00118320EA0045900446
B1339284204631N00118320EA0045700448
B1339294204631N00118320EA0045500449
B1339304204631N00118320EA0045800448
B1339314204630N00118320EA0045700448
B1339324204630N00118320EA0045900448
B1339334204630N00118320EA0045800447
B1339344204629N00118320EA0045800447
B1339354204629N00118320EA0045700447
B1339364204629N00118321EA0045700446
B1339374204629N00118321EA0045700447
B1339384204629N00118321EA0045500447
B1339394204629N00118320EA0045600448
B1339404204629N00118320EA0045800448
B1339414204629N00118320EA0045300448
B1339424204630N00118320EA0045700449
B1339434204630N00118320EA0045900449
B1339444204630N00118320EA0045800449
B1339454204630N00118320EA0045700450
B1339464204629N00118319EA0045400450
B1339474204629N00118320EA0045800450
B1339484204629N00118319EA0045700450
B1339494204630N00118319EA0045700449
B1339504204629N00118319EA0045800448
B1339514204629N00118319EA0045700447
B1339524204629N00118319EA0045700446
B1339534204629N00118319EA0045700447
B1339544204629N00118319EA0045700447
B1339554204629N00118319EA0045700447
B1339564204629N00118319EA0045700447
B1339574204629N00118319EA0045700447
B1339584204629N00118318EA0045700446
B1339594204629N00118318EA0045800446
B1340004204629N00118318EA0045700446
B1340014204629N00118319EA0045700446
B1340024204629N00118318EA0045700446
B1340034204629N00118318EA0045800446
B1340044204629N00118318EA0045800447
B1340054204629N00118318EA0045700447
B1340064204629N00118318EA0044800447
B1340074204629N00118318EA0045900448
B1340084204629N00118318EA0045800448
B1340094204630N00118317EA0045700447
B1340104204630N00118317EA0045700447
B1340114204630N00118317EA0045800447
B1340124204630N00118317EA0045900448
B1340134204630N00118318EA0043700449
B1340144204630N00118318EA0046100449
B1340154204630N00118318EA0045800449
B1340164204630N00118318EA0045700450
B1340174204630N00118318EA0045700451
B1340184204630N00118318EA0045800451
B1340194204630N00118318EA0045700451
B1340204204630N00118318EA0045700451
B1340214204630N00118318EA0045700450
B1340224204630N00118318EA0045700450
B1340234204630N00118318EA0045800451
B1340244204631N00118318EA0045700450
B1340254204631N00118318EA0045700450
B1340264204631N00118318EA0045700450
B1340274204631N00118317EA0045700450
B1340284204631N00118318EA0045700448
B1340294204631N00118318EA0045700448
B1340304204631N00118318EA0045700449
B1340314204631N00118317EA0045700448
B1340324204631N00118317EA0045800448
B1340334204631N00118317EA0045700449
B1340344204631N00118317EA0045700449
B1340354204631N00118317EA0045800448
B1340364204631N00118317EA0045800449
B1340374204631N00118317EA0045800449
B1340384204632N00118317EA0045800449
B1340394204632N00118317EA0045800449
B1340404204632N00118317EA0045700448
B1340414204632N00118317EA0045800448
B1340424204631N00118317EA0045800447
B1340434204632N00118317EA0045800447
B1340444204631N00118317EA0045700446
B1340454204632N00118317EA0045800445
B1340464204632N00118317EA0045800447
B1340474204632N00118316EA0045700446
B1340484204632N00118317EA0045800446
B1340494204632N00118316EA0045700447
B1340504204632N00118317EA0045700447
B1340514204632N00118317EA0045700447
B1340524204632N00118316EA0045800447
B1340534204632N00118316EA0045700447
B1340544204632N00118316EA0045900447
B1340554204632N00118316EA0046000447
B1340564204631N00118316EA0045700446
B1340574204631N00118316EA0045800446
B1340584204631N00118316EA0045800445
B1340594204631N00118316EA0045700445
B1341004204631N00118317EA0045700444
B1341014204631N00118316EA0045800444
B1341024204631N00118316EA0045700444
B1341034204631N00118317EA0045800444
B1341044204632N00118317EA0045700444
B1341054204632N00118317EA0045800444
B1341064204632N00118317EA0045800444
B1341074204632N00118317EA0045800443
B1341084204632N00118317EA0045700444
B1341094204633N00118317EA0045700444
B1341104204633N00118317EA0045700444
B1341114204633N00118317EA0045800444
B1341124204633N00118317EA0045700444
B1341134204633N00118317EA0045700445
B1341144204633N00118317EA0045700444
B1341154204633N00118317EA0045700444
B1341164204633N00118317EA0045800443
B1341174204633N00118316EA0045800443
B1341184204633N00118316EA0045700443
B1341194204633N00118316EA0045700442
B1341204204633N00118316EA0045800442
B1341214204633N00118315EA0045800441
B1341224204633N00118315EA0045700441
B1341234204633N00118315EA0045700441
B1341244204633N00118315EA0045800441
B1341254204633N00118315EA0045800441
B1341264204633N00118315EA0045700440
B1341274204633N00118315EA0045700440
B1341284204633N00118315EA0045700440
B1341294204633N00118315EA0045800440
B1341304204633N00118315EA0045700440
B1341314204633N00118315EA0045800441
B1341324204633N00118316EA0045800441
B1341334204633N00118316EA0045800440
B1341344204633N00118317EA0045800441
B1341354204633N00118317EA0045800441
B1341364204633N00118317EA0045800441
B1341374204633N00118317EA0045700441
B1341384204633N00118316EA0045800441
B1341394204633N00118316EA0045700441
B1341404204633N00118316EA0045600442
B1341414204633N00118316EA0045700441
B1341424204633N00118316EA0045700441
B1341434204634N00118316EA0045700442
B1341444204634N00118316EA0045800444
B1341454204634N00118316EA0045800444
B1341464204634N00118316EA0045700444
B1341474204634N00118316EA0045800445
B1341484204634N00118316EA0045700445
B1341494204634N00118316EA0045800445
B1341504204634N00118316EA0045800446
B1341514204634N00118316EA0045800447
B1341524204634N00118316EA0045800447
B1341534204634N00118316EA0045800447
B1341544204634N00118317EA0045700447
B1341554204634N00118316EA0045500447
B1341564204633N00118316EA0045700448
B1341574204633N00118316EA0045400447
B1341584204633N00118317EA0046100448
B1341594204633N00118317EA0045800448
B1342004204633N00118317EA0045800449
B1342014204633N00118317EA0045800449
B1342024204632N00118317EA0045800449
B1342034204632N00118316EA0045800450
B1342044204632N00118316EA0045800449
B1342054204632N00118315EA0045900450
B1342064204632N00118315EA0045500449
B1342074204632N00118315EA0045700449
B1342084204632N00118315EA0045800449
B1342094204632N00118315EA0045800449
B1342104204632N00118315EA0045700449
B1342114204631N00118316EA0045700448
B1342124204631N00118316EA0045700447
B1342134204632N00118316EA0045800447
B1342144204632N00118316EA0045700447
B1342154204632N00118316EA0045700447
B1342164204632N00118316EA0045700448
B1342174204632N00118317EA0045600448
B1342184204632N00118317EA0045800448
B1342194204632N00118317EA0045700448
B1342204204632N00118317EA0045800448
B1342214204632N00118318EA0045800449
B1342224204632N00118318EA0045800449
B1342234204632N00118318EA0045100449
B1342244204633N00118318EA0045800449
B1342254204633N00118318EA0045800449
B1342264204633N00118319EA0045800449
B1342274204633N00118319EA0045700449
B1342284204633N00118318EA0045800449
B1342294204633N00118318EA0045700449
B1342304204633N00118319EA0045700448
B1342314204633N00118318EA0045400448
B1342324204633N00118318EA0045700447
B1342334204633N00118318EA0045800446
B1342344204632N00118318EA0045800446
B1342354204633N00118318EA0045700445
B1342364204633N00118317EA0045100445
B1342374204633N00118318EA0045900445
B1342384204633N00118318EA0045900445
B1342394204633N00118318EA0045700444
B1342404204632N00118318EA0045800445
B1342414204632N00118319EA0045800446
B1342424204631N00118319EA0046000446
B1342434204631N00118319EA0045900445
B1342444204631N00118319EA0045700445
B1342454204631N00118320EA0045800446
B1342464204631N00118320EA0045800446
B1342474204631N00118320EA0045800447
B1342484204631N00118320EA0045700448
B1342494204631N00118320EA0045800449
B1342504204631N00118320EA0045900449
B1342514204631N00118320EA0045700449
B1342524204631N00118320EA0045800449
B1342534204631N00118320EA0045800449
B1342544204631N00118320EA0045800449
B1342554204631N00118320EA0045700450
B1342564204631N00118319EA0045800450
B1342574204631N00118319EA0045800450
B1342584204631N00118319EA0045800450
B1342594204631N00118319EA0045300450
B1343004204631N00118319EA0045800450
B1343014204631N00118318EA0045800450
B1343024204631N00118318EA0045900451
B1343034204631N00118318EA0045800451
B1343044204631N00118318EA0045900451
B1343054204631N00118318EA0045800451
B1343064204630N00118318EA0045900450
B1343074204630N00118317EA0045800449
B1343084204630N00118317EA0045900448
B1343094204630N00118317EA0045700448
B1343104204630N00118317EA0045800447
B1343114204630N00118316EA0045900447
B1343124204631N00118316EA0045900447
B1343134204631N00118315EA0045800447
B1343144204631N00118316EA0045800448
B1343154204631N00118316EA0045800448
B1343164204631N00118316EA0045800448
B1343174204631N00118316EA0046100448
B1343184204631N00118316EA0045800449
B1343194204632N00118315EA0045800449
B1343204204632N00118315EA0045800449
B1343214204632N00118315EA0045700448
B1343224204633N00118316EA0045800449
B1343234204633N00118316EA0045800450
B1343244204633N00118316EA0045800449
B1343254204633N00118316EA0045700449
B1343264204634N00118316EA0045500449
B1343274204634N00118316EA0045800448
B1343284204634N00118316EA0045700447
B1343294204634N00118316EA0045800448
B1343304204635N00118316EA0045800448
B1343314204635N00118316EA0045400448
B1343324204635N00118316EA0045700448
B1343334204635N00118316EA0045800448
B1343344204635N00118316EA0045800448
B1343354204635N00118316EA0045700448
B1343364204635N00118316EA0045700449
B1343374204635N00118316EA0045300448
B1343384204635N00118316EA0046200449
B1343394204635N00118317EA0045800449
B1343404204635N00118317EA0045500448
B1343414204635N00118317EA0046000449
B1343424204635N00118317EA0045800449
B1343434204635N00118318EA0045200448
B1343444204635N00118318EA0045900448
B1343454204634N00118318EA0045800448
B1343464204634N00118318EA0046100448
B1343474204634N00118318EA0045800448
B1343484204634N00118318EA0045800448
B1343494204634N00118318EA0045800447
B1343504204634N00118318EA0045800447
B1343514204634N00118318EA0045500447
B1343524204634N00118319EA0045800447
B1343534204634N00118319EA0045800447
B1343544204634N00118319EA0045800447
B1343554204634N00118319EA0045800447
B1343564204634N00118319EA0045800447
B1343574204634N00118319EA0045800446
B1343584204634N00118319EA0045800446
B1343594204634N00118319EA0045800446
B1344004204633N00118319EA0045800447
B1344014204633N00118319EA0045800446
B1344024204633N00118319EA0045800445
B1344034204633N00118319EA0045700445
B1344044204633N00118319EA0045800445
B1344054204633N00118319EA0045700445
B1344064204633N00118319EA0045900445
B1344074204633N00118319EA0045800445
B1344084204633N00118319EA0045700445
B1344094204633N00118318EA0045800445
B1344104204633N00118318EA0045800444
B1344114204633N00118318EA0045700444
B1344124204633N00118318EA0045800446
B1344134204632N00118318EA0045800446
B1344144204632N00118318EA0045700446
B1344154204632N00118318EA0045700446
B1344164204632N00118318EA0045800447
B1344174204632N00118318EA0045800447
B1344184204632N00118319EA0045800448
B1344194204632N00118319EA0045800449
B1344204204632N00118319EA0045800450
B1344214204632N00118319EA0045800450
B1344224204632N00118319EA0045800450
B1344234204632N00118320EA0045800451
B1344244204632N00118320EA0045800451
B1344254204632N00118319EA0045800451
B1344264204632N00118320EA0045700452
B1344274204631N00118320EA0045800452
B1344284204631N00118320EA0045800452
B1344294204631N00118320EA0045800452
B1344304204631N00118321EA0045800452
B1344314204630N00118321EA0045800452
B1344324204630N00118321EA0045800452
B1344334204630N00118321EA0045800452
B1344344204630N00118322EA0045800452
B1344354204630N00118321EA0045800452
B1344364204630N00118322EA0045800452
B1344374204630N00118322EA0045800452
B1344384204630N00118322EA0045700452
B1344394204630N00118321EA0045800452
B1344404204630N00118321EA0045800451
B1344414204630N00118321EA0045800451
B1344424204630N00118321EA0045700451
B1344434204630N00118321EA0041400451
B1344444204630N00118321EA0045800450
B1344454204630N00118321EA0046100450
B1344464204630N00118321EA0045200450
B1344474204630N00118321EA0046600450
B1344484204630N00118321EA0046000450
B1344494204630N00118321EA0045900450
B1344504204630N00118321EA0045800449
B1344514204630N00118320EA0045600450
B1344524204630N00118320EA0045900449
B1344534204630N00118320EA0045700449
B1344544204630N00118320EA0046100449
B1344554204630N00118320EA0046000449
B1344564204631N00118320EA0045200448
B1344574204630N00118320EA0046000448
B1344584204631N00118320EA0045400448
B1344594204631N00118320EA0045800449
B1345004204631N00118320EA0046000448
B1345014204631N00118320EA0046000447
B1345024204631N00118320EA0045600446
B1345034204630N00118320EA0046000446
B1345044204630N00118320EA0045300445
B1345054204630N00118320EA0045900445
B1345064204630N00118320EA0046100445
B1345074204630N00118319EA0045800445
B1345084204630N00118320EA0045600444
B1345094204630N00118319EA0045800444
B1345104204630N00118320EA0045800444
B1345114204630N00118319EA0045800445
B1345124204630N00118319EA0045700444
B1345134204630N00118319EA0046300444
B1345144204630N00118320EA0045500444
B1345154204630N00118320EA0045400445
B1345164204630N00118320EA0045800445
B1345174204630N00118320EA0045600446
B1345184204630N00118320EA0045700445
B1345194204630N00118320EA0045800446
B1345204204630N00118320EA0046000446
B1345214204630N00118320EA0045900446
B1345224204629N00118320EA0045700447
B1345234204629N00118320EA0045600448
B1345244204629N00118321EA0046100449
B1345254204629N00118321EA0045800449
B1345264204629N00118321EA0045900450
B1345274204629N00118321EA0045900451
B1345284204629N00118321EA0045700451
B1345294204629N00118321EA0045900451
B1345304204629N00118321EA0045800451
B1345314204629N00118321EA0046100451
B1345324204628N00118321EA0045800451
B1345334204628N00118321EA0045700452
B1345344204628N00118321EA0045900453
B1345354204628N00118321EA0045700453
B1345364204628N00118322EA0045700454
B1345374204628N00118322EA0045800455
B1345384204628N00118322EA0046300455
B1345394204628N00118322EA0045900455
B1345404204628N00118321EA0045700455
B1345414204627N00118321EA0045800454
B1345424204628N00118321EA0045800454
B1345434204628N00118321EA0045800455
B1345444204628N00118321EA0045800455
B1345454204628N00118322EA0045200455
B1345464204628N00118322EA0045700456
B1345474204628N00118322EA0045700456
B1345484204628N00118322EA0045800457
B1345494204628N00118322EA0045800456
B1345504204628N00118321EA0045700456
B1345514204628N00118321EA0045700456
B1345524204628N00118321EA0045700456
B1345534204628N00118321EA0045600455
B1345544204628N00118321EA0045700455
B1345554204628N00118321EA0045700455
B1345564204629N00118321EA0046200454
B1345574204629N00118321EA0045800454
B1345584204628N00118321EA0045700454
B1345594204628N00118321EA0045900454
B1346004204628N00118321EA0045800454
B1346014204628N00118321EA0045800454
B1346024204628N00118322EA0045800455
B1346034204628N00118322EA0045700455
B1346044204628N00118322EA0045700455
B1346054204628N00118322EA0045700455
B1346064204628N00118322EA0045700456
B1346074204628N00118322EA0045800456
B1346084204628N00118322EA0045700457
B1346094204628N00118322EA0045700457
B1346104204628N00118322EA0045700457
B1346114204627N00118322EA0045800458
B1346124204627N00118322EA0045800458
B1346134204627N00118322EA0045800458
B1346144204627N00118322EA0045600458
B1346154204627N00118322EA0046100458
B1346164204627N00118322EA0045900458
B1346174204627N00118322EA0045800458
B1346184204627N00118322EA0044500459
B1346194204627N00118322EA0045300458
B1346204204627N00118322EA0045700458
B1346214204627N00118322EA0045800458
B1346224204627N00118322EA0046000459
B1346234204627N00118322EA0046200459
B1346244204628N00118322EA0045900459
B1346254204628N00118322EA0045800459
B1346264204628N00118322EA0045800459
B1346274204628N00118322EA0045700459
B1346284204628N00118321EA0045800458
B1346294204628N00118321EA0045800457
B1346304204628N00118320EA0045800457
B1346314204628N00118321EA0045800458
B1346324204628N00118320EA0045800458
B1346334204629N00118320EA0045000458
B1346344204629N00118320EA0045900458
B1346354204629N00118320EA0045800457
B1346364204629N00118319EA0045900456
B1346374204629N00118319EA0045800456
B1346384204629N00118319EA0045600456
B1346394204629N00118319EA0045100456
B1346404204629N00118319EA0045500456
B1346414204630N00118318EA0046000456
B1346424204630N00118318EA0046300456
B1346434204630N00118318EA0045900456
B1346444204630N00118318EA0045800456
B1346454204630N00118317EA0045300456
B1346464204631N00118317EA0045800455
B1346474204631N00118317EA0045700454
B1346484204631N00118317EA0045500454
B1346494204631N00118317EA0045700454
B1346504204631N00118317EA0045800453
B1346514204631N00118317EA0046000453
B1346524204631N00118317EA0045500453
B1346534204631N00118317EA0045700453
B1346544204632N00118317EA0045500453
B1346554204632N00118317EA0045700452
B1346564204632N00118317EA0045700452
B1346574204632N00118317EA0045800452
B1346584204632N00118317EA0045900451
B1346594204632N00118317EA0045800451
B1347004204632N00118317EA0045800450
B1347014204632N00118317EA0045800450
B1347024204632N00118317EA0045800450
B1347034204632N00118317EA0045700450
B1347044204632N00118317EA0045900450
B1347054204632N00118317EA0045800449
B1347064204631N00118317EA0045800449
B1347074204631N00118317EA0045900449
B1347084204631N00118317EA0045800449
B1347094204631N00118317EA0045800449
B1347104204632N00118317EA0045800449
B1347114204632N00118317EA0045800449
B1347124204632N00118317EA0045800449
B1347134204632N00118317EA0045500449
B1347144204632N00118317EA0045900448
B1347154204632N00118317EA0045600448
B1347164204632N00118317EA0045900448
B1347174204632N00118317EA0045700448
B1347184204631N00118317EA0046000447
B1347194204631N00118317EA0046100446
B1347204204631N00118317EA0045700446
B1347214204631N00118317EA0045900446
B1347224204631N00118317EA0045700446
B1347234204631N00118317EA0045700446
B1347244204631N00118317EA0045700446
B1347254204631N00118317EA0045900446
B1347264204631N00118317EA0045900445
B1347274204631N00118317EA0045000445
B1347284204630N00118317EA0045500445
B1347294204630N00118317EA0045100445
B1347304204630N00118317EA0045700444
B1347314204630N00118317EA0046400444
B1347324204630N00118317EA0045700444
B1347334204630N00118317EA0045900444
B1347344204630N00118317EA0045900444
B1347354204630N00118317EA0046000444
B1347364204630N00118317EA0045700444
B1347374204630N00118317EA0045700444
B1347384204631N00118317EA0045500443
B1347394204631N00118317EA0045400444
B1347404204631N00118318EA0046100444
B1347414204631N00118318EA0045700444
B1347424204631N00118318EA0045600444
B1347434204631N00118318EA0045300444
B1347444204630N00118318EA0045900443
B1347454204630N00118318EA0045700443
B1347464204630N00118318EA0045700443
B1347474204630N00118318EA0046000443
B1347484204631N00118318EA0045900444
B1347494204631N00118318EA0046200444
B1347504204631N00118318EA0046000444
B1347514204631N00118318EA0045800445
B1347524204631N00118318EA0045900445
B1347534204631N00118318EA0045700445
B1347544204631N00118318EA0045500446
B1347554204631N00118318EA0045900446
B1347564204631N00118318EA0046100445
B1347574204631N00118318EA0045700446
B1347584204631N00118318EA0045800446
B1347594204631N00118318EA0045800447
B1348004204631N00118318EA0045900447
B1348014204631N00118318EA0045800447
B1348024204631N00118318EA0045800447
B1348034204631N00118318EA0045900447
B1348044204631N00118318EA0045600448
B1348054204631N00118318EA0046000448
B1348064204631N00118317EA0046000449
B1348074204631N00118317EA0045700449
B1348084204631N00118317EA0046000448
B1348094204631N00118317EA0045900448
B1348104204631N00118317EA0045800449
B1348114204631N00118317EA0045800450
B1348124204631N00118316EA0045800451
B1348134204631N00118316EA0045800451
B1348144204631N00118316EA0045800451
B1348154204631N00118316EA0045800452
B1348164204631N00118316EA0045800452
B1348174204631N00118316EA0045800453
B1348184204632N00118316EA0045800453
B1348194204632N00118316EA0045800454
B1348204204632N00118316EA0045900456
B1348214204632N00118316EA0045800456
B1348224204632N00118316EA0045800456
B1348234204632N00118316EA0045900456
B1348244204632N00118316EA0044000456
B1348254204632N00118316EA0045400457
B1348264204632N00118316EA0046300457
B1348274204632N00118316EA0046100457
B1348284204633N00118316EA0045100458
B1348294204633N00118317EA0046100458
B1348304204633N00118317EA0045300457
B1348314204633N00118317EA0045800457
B1348324204633N00118317EA0045900457
B1348334204633N00118317EA0045700457
B1348344204633N00118317EA0046300455
B1348354204633N00118317EA0046000455
B1348364204633N00118317EA0046000455
B1348374204633N00118317EA0045900454
B1348384204633N00118317EA0045600453
B1348394204632N00118318EA0045700453
B1348404204633N00118317EA0044000453
B1348414204633N00118317EA0046200452
B1348424204633N00118317EA0045600452
B1348434204633N00118317EA0045700452
B1348444204633N00118317EA0045700452
B1348454204633N00118317EA0045600452
B1348464204633N00118317EA0046100451
B1348474204633N00118317EA0046000451
B1348484204633N00118317EA0045900451
B1348494204633N00118316EA0045900451
B1348504204632N00118316EA0045800450
B1348514204632N00118316EA0045800450
B1348524204632N00118316EA0045800450
B1348534204632N00118316EA0045700450
B1348544204632N00118316EA0045700450
B1348554204632N00118316EA0046600450
B1348564204632N00118316EA0046000450
B1348574204632N00118315EA0045800450
B1348584204632N00118315EA0045900449
B1348594204632N00118315EA0045800449
B1349004204632N00118315EA0045800449
B1349014204632N00118315EA0045800449
B1349024204632N00118315EA0045800449
B1349034204632N00118315EA0045900449
B1349044204632N00118315EA0045800449
B1349054204632N00118315EA0045800448
B1349064204632N00118315EA0045900447
B1349074204632N00118315EA0045900448
B1349084204632N00118315EA0044800449
B1349094204632N00118315EA0045900449
B1349104204632N00118315EA0045800450
B1349114204633N00118315EA0046500450
B1349124204633N00118315EA0045600451
B1349134204633N00118316EA0044800451
B1349144204633N00118316EA0045900452
B1349154204633N00118316EA0045900452
B1349164204633N00118316EA0045800452
B1349174204633N00118316EA0045800452
B1349184204634N00118316EA0045900452
B1349194204634N00118316EA0045900453
B1349204204634N00118316EA0045700453
B1349214204634N00118316EA0046000453
B1349224204634N00118316EA0046100453
B1349234204634N00118316EA0046000454
B1349244204634N00118316EA0045800455
B1349254204633N00118316EA0045800455
B1349264204633N00118316EA0045900456
B1349274204633N00118316EA0045200456
B1349284204633N00118316EA0045700456
B1349294204633N00118317EA0045900456
B1349304204632N00118316EA0045800455
B1349314204632N00118316EA0045600455
B1349324204632N00118317EA0045900455
B1349334204632N00118316EA0045600456
B1349344204632N00118317EA0045900456
B1349354204632N00118316EA0045900456
B1349364204631N00118316EA0045800457
B1349374204631N00118316EA0045700457
B1349384204631N00118316EA0045900458
B1349394204631N00118316EA0045600458
B1349404204631N00118315EA0045900458
B1349414204631N00118315EA0045800458
B1349424204630N00118316EA0045800458
B1349434204630N00118316EA0045900458
B1349444204630N00118316EA0045900458
B1349454204630N00118317EA0045800458
B1349464204630N00118317EA0045900458
B1349474204630N00118317EA0045800459
B1349484204630N00118317EA0045800458
B1349494204631N00118316EA0045900457
B1349504204631N00118316EA0045800456
B1349514204631N00118316EA0045900455
B1349524204631N00118316EA0045900456
B1349534204631N00118316EA0045800455
B1349544204631N00118316EA0045900455
B1349554204631N00118317EA0045800454
B1349564204631N00118317EA0045800454
B1349574204631N00118317EA0045800455
B1349584204631N00118317EA0045800455
B1349594204631N00118317EA0045700455
B1350004204631N00118318EA0045800454
B1350014204631N00118318EA0045900455
B1350024204631N00118318EA0045800455
B1350034204631N00118318EA0045900454
B1350044204631N00118318EA0045800454
B1350054204631N00118318EA0045800454
B1350064204631N00118318EA0045700453
B1350074204631N00118318EA0045900454
B1350084204631N00118317EA0045500455
B1350094204631N00118317EA0044700455
B1350104204631N00118318EA0046100455
B1350114204631N00118318EA0045800455
B1350124204632N00118318EA0045900455
B1350134204632N00118318EA0045600455
B1350144204631N00118318EA0046000455
B1350154204632N00118318EA0045800455
B1350164204632N00118318EA0045800454
B1350174204632N00118318EA0045700455
B1350184204632N00118319EA0045800455
B1350194204631N00118319EA0045800455
B1350204204632N00118319EA0045800454
B1350214204632N00118319EA0045800454
B1350224204632N00118319EA0045800454
B1350234204632N00118319EA0045800453
B1350244204632N00118319EA0045800452
B1350254204632N00118319EA0044400451
B1350264204632N00118319EA0046200451
B1350274204632N00118319EA0045800451
B1350284204632N00118319EA0045900451
B1350294204632N00118319EA0045800450
B1350304204631N00118319EA0045800449
B1350314204631N00118318EA0045700449
B1350324204632N00118319EA0045800449
B1350334204632N00118319EA0045800449
B1350344204632N00118319EA0045800448
B1350354204632N00118319EA0045200448
B1350364204632N00118319EA0046100448
B1350374204632N00118319EA0046400448
B1350384204632N00118318EA0046100447
B1350394204632N00118318EA0045700448
B1350404204632N00118318EA0045800448
B1350414204631N00118317EA0045800448
B1350424204631N00118317EA0045500448
B1350434204631N00118317EA0045700447
B1350444204631N00118317EA0045800448
B1350454204631N00118317EA0045600447
B1350464204631N00118317EA0045800446
B1350474204631N00118318EA0046000446
B1350484204631N00118318EA0045700447
B1350494204631N00118318EA0045800447
B1350504204631N00118317EA0045800447
B1350514204631N00118318EA0045800448
B1350524204631N00118318EA0045900448
B1350534204631N00118318EA0045700448
B1350544204631N00118319EA0045800449
B1350554204631N00118319EA0045800448
B1350564204631N00118319EA0045900449
B1350574204631N00118319EA0045800449
B1350584204631N00118320EA0045900447
B1350594204631N00118320EA0045800447
B1351004204631N00118320EA0044900447
B1351014204631N00118320EA0046400447
B1351024204631N00118320EA0046000448
B1351034204631N00118320EA0046200448
B1351044204631N00118320EA0046100448
B1351054204631N00118320EA0045800448
B1351064204631N00118320EA0045900449
B1351074204631N00118320EA0045700449
B1351084204631N00118320EA0044900450
B1351094204631N00118320EA0046100450
B1351104204631N00118320EA0045900450
B1351114204631N00118320EA0045200450
B1351124204631N00118320EA0046100450
B1351134204631N00118320EA0045900449
B1351144204631N00118320EA0045700450
B1351154204631N00118320EA0045700449
B1351164204631N00118320EA0045800449
B1351174204631N00118320EA0046000450
B1351184204631N00118320EA0046000450
B1351194204631N00118320EA0045900450
B1351204204631N00118319EA0045800452
B1351214204631N00118319EA0045800452
B1351224204631N00118319EA0045900453
B1351234204631N00118319EA0045800454
B1351244204631N00118319EA0045900454
B1351254204631N00118319EA0045700454
B1351264204631N00118319EA0046100454
B1351274204631N00118319EA0045900454
B1351284204631N00118319EA0045800455
B1351294204630N00118319EA0045900455
B1351304204631N00118319EA0045900455
B1351314204631N00118319EA0045900456
B1351324204631N00118318EA0045900457
B1351334204631N00118318EA0045800457
B1351344204632N00118317EA0045900457
B1351354204632N00118317EA0045900457
B1351364204633N00118317EA0045300458
B1351374204633N00118316EA0045900458
B1351384204633N00118316EA0045900458
B1351394204634N00118316EA0045800458
B1351404204634N00118316EA0045900458
B1351414204634N00118316EA0045900457
B1351424204634N00118316EA0045800457
B1351434204634N00118315EA0045800456
B1351444204634N00118315EA0045800455
B1351454204634N00118315EA0045900454
B1351464204634N00118316EA0045800455
B1351474204634N00118316EA0045800454
B1351484204634N00118316EA0045800454
B1351494204634N00118317EA0045900453
B1351504204633N00118318EA0045900452
B1351514204633N00118318EA0045900451
B1351524204633N00118319EA0045800451
B1351534204633N00118319EA0045900451
B1351544204633N00118319EA0045700451
B1351554204633N00118319EA0045800450
B1351564204633N00118319EA0045900451
B1351574204633N00118319EA0045800451
B1351584204633N00118319EA0045800451
B1351594204633N00118319EA0045900451
B1352004204633N00118318EA0045900451
B1352014204634N00118318EA0045800451
B1352024204634N00118318EA0045800451
B1352034204634N00118318EA0045800450
B1352044204634N00118318EA0045900450
B1352054204634N00118318EA0045800449
B1352064204634N00118318EA0045900449
B1352074204634N00118318EA0045800449
B1352084204634N00118318EA0045800449
B1352094204634N00118318EA0045800448
B1352104204634N00118318EA0045200448
B1352114204634N00118318EA0045900448
B1352124204634N00118318EA0045900448
B1352134204634N00118317EA0045900448
B1352144204634N00118317EA0046000449
B1352154204634N00118317EA0045900448
B1352164204634N00118317EA0045800448
B1352174204634N00118317EA0045900447
B1352184204634N00118317EA0045800447
B1352194204634N00118317EA0045900447
B1352204204634N00118318EA0045900448
B1352214204633N00118318EA0045900448
B1352224204633N00118318EA0045800449
B1352234204633N00118318EA0045800449
B1352244204633N00118318EA0045800449
B1352254204634N00118318EA0045800450
B1352264204633N00118318EA0045800450
B1352274204633N00118318EA0045800450
B1352284204633N00118318EA0045900449
B1352294204633N00118318EA0045800449
B1352304204633N00118318EA0045800449
B1352314204633N00118318EA0045900450
B1352324204633N00118318EA0045800449
B1352334204633N00118318EA0045800450
B1352344204633N00118318EA0045900450
B1352354204632N00118318EA0045800449
B1352364204632N00118318EA0045800450
B1352374204632N00118318EA0045800451
B1352384204632N00118318EA0045900452
B1352394204632N00118319EA0045800452
B1352404204632N00118319EA0045800452
B1352414204632N00118319EA0045900453
B1352424204632N00118319EA0045900454
B1352434204632N00118319EA0045900454
B1352444204632N00118320EA0045800454
B1352454204631N00118320EA0045900455
B1352464204631N00118320EA0045800456
B1352474204631N00118320EA0045800456
B1352484204631N00118320EA0045900456
B1352494204631N00118320EA0045900457
B1352504204631N00118320EA0045900457
B1352514204631N00118320EA0045800457
B1352524204631N00118320EA0045900457
B1352534204631N00118320EA0045800458
B1352544204631N00118320EA0045800458
B1352554204630N00118320EA0045800459
B1352564204630N00118320EA0045900460
B1352574204630N00118319EA0045800460
B1352584204630N00118319EA0045800461
B1352594204630N00118319EA0045800461
B1353004204630N00118319EA0045300461
B1353014204630N00118318EA0046000461
B1353024204630N00118319EA0045900462
B1353034204630N00118319EA0045900461
B1353044204630N00118320EA0045900461
B1353054204630N00118320EA0045800461
B1353064204630N00118320EA0045800461
B1353074204630N00118320EA0045800461
B1353084204630N00118320EA0045900461
B1353094204630N00118319EA0045800460
B1353104204630N00118319EA0045800461
B1353114204630N00118319EA0045900462
B1353124204630N00118320EA0045800462
B1353134204631N00118320EA0045800461
B1353144204631N00118320EA0045900461
B1353154204631N00118320EA0045900460
B1353164204631N00118320EA0045800460
B1353174204631N00118320EA0045800459
B1353184204631N00118320EA0045900458
B1353194204631N00118320EA0045800458
B1353204204631N00118320EA0045800458
B1353214204631N00118320EA0045800458
B1353224204631N00118320EA0045700458
B1353234204631N00118320EA0045800457
B1353244204631N00118320EA0045800457
B1353254204631N00118320EA0045900457
B1353264204631N00118320EA0045700457
B1353274204632N00118321EA0045800456
B1353284204631N00118321EA0045800457
B1353294204631N00118321EA0045800456
B1353304204632N00118320EA0045800456
B1353314204632N00118320EA0045900455
B1353324204631N00118320EA0045800456
B1353334204631N00118320EA0045900455
B1353344204631N00118320EA0045800455
B1353354204631N00118320EA0045800455
B1353364204631N00118320EA0045800454
B1353374204631N00118320EA0045800454
B1353384204632N00118320EA0045800454
B1353394204632N00118320EA0045900454
B1353404204632N00118320EA0045800454
B1353414204632N00118320EA0045900454
B1353424204633N00118320EA0045700454
B1353434204632N00118320EA0046000455
B1353444204632N00118320EA0045900455
B1353454204632N00118320EA0045800455
B1353464204632N00118320EA0045800455
B1353474204632N00118320EA0045200455
B1353484204632N00118321EA0046000456
B1353494204632N00118321EA0045800456
B1353504204632N00118320EA0045500457
B1353514204632N00118321EA0046000457
B1353524204632N00118321EA0046000457
B1353534204632N00118320EA0045900457
B1353544204632N00118320EA0045700458
B1353554204632N00118320EA0045800458
B1353564204632N00118320EA0045900458
B1353574204631N00118320EA0045800458
B1353584204631N00118320EA0045800459
B1353594204631N00118321EA0045900459
B1354004204631N00118320EA0045600458
B1354014204631N00118320EA0045800457
B1354024204631N00118320EA0045700458
B1354034204631N00118320EA0045700458
B1354044204631N00118320EA0045700459
B1354054204631N00118320EA0046200459
B1354064204631N00118320EA0046300460
B1354074204631N00118320EA0046300460
B1354084204631N00118320EA0045900460
B1354094204631N00118319EA0045900461
B1354104204631N00118319EA0045700461
B1354114204631N00118320EA0045900461
B1354124204631N00118319EA0045800461
B1354134204630N00118319EA0046000461
B1354144204630N00118319EA0045800461
B1354154204630N00118319EA0045300462
B1354164204630N00118319EA0045600461
B1354174204630N00118319EA0046100462
B1354184204630N00118319EA0046100463
B1354194204630N00118319EA0045900463
B1354204204630N00118319EA0045900463
B1354214204630N00118319EA0045900463
B1354224204630N00118319EA0045800463
B1354234204630N00118319EA0045700462
B1354244204630N00118319EA0045900463
B1354254204631N00118319EA0046000463
B1354264204631N00118319EA0045800463
B1354274204631N00118319EA0045800463
B1354284204631N00118319EA0045800463
B1354294204631N00118319EA0045700462
B1354304204631N00118319EA0046100462
B1354314204631N00118319EA0045900462
B1354324204631N00118318EA0045800461
B1354334204632N00118318EA0045900461
B1354344204632N00118318EA0045900461
B1354354204632N00118318EA0045900460
B1354364204632N00118318EA0045800459
B1354374204632N00118318EA0045900458
B1354384204632N00118318EA0045800458
B1354394204632N00118318EA0045900458
B1354404204632N00118318EA0045900457
B1354414204632N00118318EA0045800457
B1354424204632N00118318EA0045800457
B1354434204632N00118318EA0045900457
B1354444204632N00118318EA0045800457
B1354454204632N00118318EA0045800457
B1354464204632N00118318EA0045800456
B1354474204632N00118318EA0045900457
B1354484204632N00118318EA0045900457
B1354494204632N00118318EA0045800457
B1354504204632N00118318EA0045900457
B1354514204632N00118318EA0045800456
B1354524204633N00118318EA0045800456
B1354534204633N00118318EA0045800456
B1354544204633N00118318EA0045900456
B1354554204633N00118318EA0045900455
B1354564204633N00118318EA0045800456
B1354574204633N00118318EA0045800455
B1354584204633N00118318EA0045900455
B1354594204633N00118318EA0045900455
B1355004204633N00118318EA0045900455
B1355014204633N00118318EA0045900454
B1355024204633N00118318EA0045900454
B1355034204633N00118318EA0045900454
B1355044204633N00118318EA0045900454
B1355054204632N00118317EA0045800454
B1355064204633N00118317EA0045800454
B1355074204633N00118318EA0045800453
B1355084204633N00118318EA0045700454
B1355094204632N00118318EA0045800453
B1355104204632N00118318EA0045800453
B1355114204632N00118318EA0045800453
B1355124204632N00118317EA0045800453
B1355134204632N00118317EA0045900453
B1355144204632N00118317EA0045900453
B1355154204632N00118317EA0045900453
B1355164204632N00118317EA0046000453
B1355174204632N00118317EA0045900454
B1355184204632N00118317EA0045800454
B1355194204633N00118317EA0045900455
B1355204204633N00118317EA0045800455
B1355214204633N00118317EA0045900455
B1355224204632N00118317EA0045900454
B1355234204632N00118317EA0045800454
B1355244204632N00118317EA0045800454
B1355254204633N00118317EA0045800454
B1355264204632N00118317EA0045700455
B1355274204632N00118317EA0045700455
B1355284204632N00118317EA0045800454
B1355294204632N00118317EA0045800454
B1355304204632N00118317EA0045900454
B1355314204632N00118317EA0045900454
B1355324204632N00118316EA0045900454
B1355334204632N00118317EA0045800454
B1355344204632N00118317EA0045800454
B1355354204632N00118317EA0045900453
B1355364204632N00118317EA0045900453
B1355374204632N00118317EA0045700454
B1355384204632N00118317EA0045900454
B1355394204631N00118317EA0045800454
B1355404204631N00118317EA0045800454
B1355414204631N00118317EA0046000454
B1355424204631N00118317EA0045900453
B1355434204632N00118317EA0045700453
B1355444204632N00118317EA0045900454
B1355454204632N00118318EA0045900454
B1355464204632N00118318EA0045800454
B1355474204633N00118317EA0045800454
B1355484204633N00118317EA0045900454
B1355494204633N00118317EA0045800454
B1355504204633N00118317EA0045800453
B1355514204633N00118317EA0045900454
B1355524204633N00118317EA0045900454
B1355534204633N00118317EA0045800454
B1355544204633N00118317EA0045800454
B1355554204633N00118317EA0045700454
B1355564204633N00118317EA0046000453
B1355574204633N00118317EA0045900453
B1355584204633N00118317EA0045800454
B1355594204633N00118317EA0045900454
B1356004204633N00118317EA0045900455
B1356014204633N00118318EA0045800454
B1356024204633N00118317EA0045900455
B1356034204632N00118317EA0045900455
B1356044204632N00118317EA0045900456
B1356054204632N00118317EA0045800457
B1356064204632N00118317EA0045900458
B1356074204632N00118317EA0045900459
B1356084204632N00118317EA0045900459
B1356094204632N00118317EA0045900460
B1356104204632N00118317EA0045800460
B1356114204632N00118317EA0045800461
B1356124204632N00118316EA0045900461
B1356134204632N00118317EA0045900461
B1356144204632N00118316EA0045900461
B1356154204632N00118316EA0045900461
B1356164204632N00118317EA0045900462
B1356174204632N00118316EA0045900461
B1356184204631N00118317EA0045800461
B1356194204631N00118316EA0045800461
B1356204204631N00118316EA0045800461
B1356214204630N00118316EA0045900462
B1356224204630N00118317EA0045900463
B1356234204630N00118317EA0045700462
B1356244204630N00118318EA0045900462
B1356254204630N00118318EA0045900462
B1356264204630N00118318EA0045800462
B1356274204630N00118318EA0045800463
B1356284204630N00118318EA0045900462
B1356294204630N00118318EA0045900462
B1356304204631N00118318EA0045700462
B1356314204631N00118318EA0045800462
B1356324204631N00118317EA0045800461
B1356334204631N00118317EA0045900461
B1356344204631N00118317EA0045800461
B1356354204631N00118317EA0045800461
B1356364204631N00118317EA0045500461
B1356374204631N00118317EA0045800461
B1356384204631N00118317EA0045800461
B1356394204630N00118317EA0045900461
B1356404204630N00118317EA0046000463
B1356414204630N00118318EA0046000464
B1356424204630N00118319EA0045900464
B1356434204630N00118319EA0046000464
B1356444204630N00118319EA0046000465
B1356454204630N00118320EA0045700466
B1356464204629N00118320EA0046100465
B1356474204629N00118320EA0046000465
B1356484204629N00118321EA0045600465
B1356494204629N00118321EA0045900464
B1356504204629N00118322EA0046000464
B1356514204629N00118322EA0046000464
B1356524204629N00118323EA0046000464
B1356534204629N00118324EA0046000464
B1356544204629N00118325EA0045900463
B1356554204629N00118325EA0045900462
B1356564204630N00118326EA0046000463
B1356574204630N00118327EA0046100464
B1356584204630N00118328EA0046000464
B1356594204630N00118328EA0046000463
B1357004204630N00118329EA0045800464
B1357014204630N00118329EA0045900464
B1357024204629N00118329EA0046000465
B1357034204629N00118329EA0045900465
B1357044204629N00118330EA0045900465
B1357054204629N00118330EA0045600464
B1357064204629N00118330EA0046000464
B1357074204628N00118330EA0046100465
B1357084204628N00118330EA0046000465
B1357094204627N00118331EA0046000465
B1357104204627N00118330EA0045800466
B1357114204627N00118331EA0046000465
B1357124204626N00118331EA0046000466
B1357134204626N00118331EA0045800466
B1357144204626N00118331EA0045900466
B1357154204626N00118331EA0046000466
B1357164204626N00118331EA0046000465
B1357174204625N00118331EA0045900466
B1357184204625N00118331EA0046000465
B1357194204625N00118331EA0045900466
B1357204204625N00118330EA0045900465
B1357214204625N00118330EA0046100465
B1357224204624N00118330EA0046000465
B1357234204624N00118330EA0045900465
B1357244204624N00118330EA0045900465
B1357254204624N00118331EA0046000465
B1357264204624N00118331EA0046000463
B1357274204624N00118332EA0046000464
B1357284204623N00118332EA0046100463
B1357294204623N00118333EA0045500463
B1357304204622N00118333EA0046100463
B1357314204622N00118333EA0045600464
B1357324204622N00118333EA0046100463
B1357334204621N00118334EA0046100462
B1357344204621N00118334EA0046100461
B1357354204621N00118334EA0046000461
B1357364204621N00118334EA0046100460
B1357374204621N00118334EA0045900460
B1357384204621N00118334EA0046000460
B1357394204620N00118334EA0046000459
B1357404204620N00118333EA0046000460
B1357414204620N00118333EA0046000459
B1357424204620N00118333EA0046000459
B1357434204620N00118333EA0046000459
B1357444204620N00118333EA0045800460
B1357454204619N00118333EA0046000460
B1357464204619N00118332EA0046000460
B1357474204618N00118332EA0046000460
B1357484204618N00118332EA0046000458
B1357494204617N00118333EA0046100457
B1357504204617N00118332EA0045900457
B1357514204617N00118332EA0046100454
B1357524204617N00118331EA0046100453
B1357534204617N00118331EA0046000453
B1357544204617N00118331EA0045900453
B1357554204617N00118331EA0046100454
B1357564204616N00118330EA0046000456
B1357574204616N00118329EA0046200454
B1357584204615N00118329EA0046100454
B1357594204614N00118329EA0046000453
B1358004204614N00118328EA0045900452
B1358014204614N00118329EA0046000451
B1358024204614N00118329EA0046000451
B1358034204614N00118329EA0045900451
B1358044204614N00118330EA0045900451
B1358054204614N00118330EA0046000451
B1358064204615N00118330EA0046100450
B1358074204615N00118331EA0046000448
B1358084204615N00118330EA0046000446
B1358094204616N00118329EA0045800447
B1358104204616N00118328EA0046100448
B1358114204617N00118328EA0046100448
B1358124204617N00118327EA0045800449
B1358134204616N00118328EA0046000448
B1358144204617N00118328EA0046000448
B1358154204617N00118329EA0046000449
B1358164204618N00118329EA0046100448
B1358174204617N00118329EA0045900449
B1358184204617N00118328EA0046000448
B1358194204617N00118327EA0045600448
B1358204204617N00118326EA0046000448
B1358214204618N00118326EA0045900450
B1358224204618N00118326EA0046000451
B1358234204617N00118326EA0045900450
B1358244204617N00118325EA0045900450
B1358254204618N00118326EA0045900450
B1358264204618N00118325EA0046000450
B1358274204619N00118325EA0046000450
B1358284204619N00118325EA0046000451
B1358294204619N00118325EA0046000451
B1358304204619N00118325EA0046000452
B1358314204619N00118324EA0046000452
B1358324204619N00118323EA0046000452
B1358334204619N00118323EA0046000453
B1358344204619N00118323EA0046000454
B1358354204619N00118323EA0046000454
B1358364204619N00118322EA0046000453
B1358374204619N00118322EA0046000454
B1358384204619N00118322EA0045900454
B1358394204619N00118322EA0046000449
B1358404204618N00118322EA0046000448
B1358414204619N00118321EA0046000447
B1358424204619N00118321EA0045900449
B1358434204620N00118321EA0046000449
B1358444204619N00118321EA0046000449
B1358454204619N00118321EA0046000448
B1358464204618N00118321EA0046000448
B1358474204618N00118322EA0046000448
B1358484204617N00118322EA0046000446
B1358494204617N00118321EA0046000445
B1358504204617N00118320EA0046000444
B1358514204617N00118321EA0045900441
B1358524204617N00118320EA0045900440
B1358534204618N00118321EA0045900440
B1358544204618N00118321EA0046000438
B1358554204618N00118321EA0045900439
B1358564204617N00118320EA0046000439
B1358574204618N00118319EA0046000438
B1358584204618N00118319EA0046000438
B1358594204618N00118319EA0045900437
B1359004204618N00118319EA0046100437
B1359014204618N00118319EA0046000437
B1359024204619N00118319EA0045900437
B1359034204619N00118319EA0046000438
B1359044204619N00118319EA0046000437
B1359054204619N00118318EA0045900437
B1359064204619N00118318EA0046000436
B1359074204619N00118318EA0046000436
B1359084204619N00118319EA0046000436
B1359094204619N00118318EA0046000433
B1359104204620N00118319EA0046000433
B1359114204621N00118318EA0045900433
B1359124204621N00118318EA0045900438
B1359134204622N00118318EA0045900438
B1359144204621N00118317EA0046000438
B1359154204622N00118317EA0046000438
B1359164204622N00118318EA0046000437
B1359174204621N00118318EA0046000437
B1359184204621N00118318EA0045900437
B1359194204622N00118318EA0045900437
B1359204204620N00118318EA0045900436
B1359214204621N00118318EA0045900437
B1359224204621N00118318EA0045900436
B1359234204623N00118317EA0045900434
B1359244204623N00118318EA0045900435
B1359254204622N00118319EA0045900434
B1359264204622N00118319EA0045900432
B1359274204623N00118319EA0046000430
B1359284204623N00118319EA0045900429
B1359294204622N00118318EA0046000428
B1359304204622N00118317EA0045800428
B1359314204623N00118317EA0045900427
B1359324204624N00118316EA0046000428
B1359334204624N00118316EA0046000429
B1359344204625N00118316EA0046000429
B1359354204625N00118315EA0045900429
B1359364204625N00118315EA0045900429
B1359374204625N00118314EA0046000428
B1359384204626N00118314EA0046000428
B1359394204626N00118315EA0045600426
B1359404204625N00118317EA0046000425
B1359414204625N00118318EA0046000423
B1359424204625N00118318EA0046000423
B1359434204626N00118318EA0046200423
B1359444204625N00118319EA0045800421
B1359454204625N00118319EA0045900421
B1359464204625N00118319EA0045900420
B1359474204626N00118318EA0046000419
B1359484204626N00118318EA0046000419
B1359494204626N00118318EA0045900418
B1359504204624N00118319EA0046000418
B1359514204624N00118319EA0046000419
B1359524204624N00118319EA0046100418
B1359534204624N00118318EA0046000418
B1359544204623N00118319EA0046000416
B1359554204623N00118319EA0046000416
B1359564204621N00118319EA0046000416
B1359574204621N00118318EA0046000415
B1359584204621N00118318EA0046000415
B1359594204620N00118319EA0045900414
B1400004204620N00118318EA0046000414
B1400014204619N00118317EA0046000414
B1400024204619N00118317EA0046000414
B1400034204619N00118317EA0046000415
B1400044204619N00118316EA0045800416
B1400054204618N00118316EA0045800416
B1400064204618N00118316EA0046000417
B1400074204619N00118316EA0046000417
B1400084204619N00118316EA0046200418
B1400094204619N00118316EA0046100420
B1400104204620N00118316EA0046100420
B1400114204619N00118316EA0045800420
B1400124204619N00118316EA0046000420
B1400134204620N00118315EA0045900420
B1400144204618N00118315EA0046000420
B1400154204619N00118315EA0045800420
B1400164204619N00118315EA0045900420
B1400174204618N00118316EA0046000420
B1400184204618N00118316EA0046000420
B1400194204618N00118316EA0046000421
B1400204204618N00118317EA0045900422
B1400214204618N00118317EA0046000422
B1400224204618N00118316EA0045900422
B1400234204618N00118317EA0046000422
B1400244204617N00118317EA0046000423
B1400254204617N00118318EA0046000423
B1400264204617N00118318EA0046000423
B1400274204616N00118318EA0046000423
B1400284204616N00118319EA0046000424
B1400294204616N00118319EA0046000425
B1400304204616N00118320EA0046000425
B1400314204616N00118320EA0046000426
B1400324204615N00118322EA0046000426
B1400334204615N00118322EA0045900426
B1400344204615N00118323EA0045900427
B1400354204615N00118323EA0045900427
B1400364204615N00118323EA0046000428
B1400374204614N00118323EA0045900428
B1400384204614N00118323EA0046000429
B1400394204614N00118323EA0046000429
B1400404204615N00118323EA0046000429
B1400414204615N00118324EA0046000429
B1400424204616N00118324EA0046000430
B1400434204615N00118324EA0046000430
B1400444204615N00118324EA0046000430
B1400454204616N00118323EA0045900430
B1400464204616N00118323EA0046000430
B1400474204617N00118323EA0046000430
B1400484204617N00118324EA0046000430
B1400494204617N00118324EA0046000430
B1400504204617N00118324EA0046000430
B1400514204617N00118324EA0046000431
B1400524204616N00118324EA0046000431
B1400534204616N00118324EA0046000431
B1400544204616N00118324EA0045900431
B1400554204616N00118324EA0046000431
B1400564204616N00118323EA0046000431
B1400574204616N00118323EA0046000431
B1400584204616N00118323EA0046000431
B1400594204616N00118322EA0046000431
B1401004204616N00118323EA0046000431
B1401014204616N00118323EA0046000431
B1401024204615N00118323EA0046000431
B1401034204615N00118322EA0046000430
B1401044204615N00118321EA0046000431
B1401054204615N00118322EA0046000431
B1401064204615N00118321EA0046000431
B1401074204615N00118321EA0046000431
B1401084204615N00118321EA0046000431
B1401094204615N00118321EA0046000431
B1401104204615N00118321EA0046000431
B1401114204615N00118321EA0045900431
B1401124204615N00118321EA0046000431
B1401134204615N00118320EA0046000431
B1401144204614N00118319EA0046000431
B1401154204614N00118320EA0045900430
B1401164204614N00118320EA0046000430
B1401174204613N00118320EA0045900429
B1401184204613N00118320EA0046000429
B1401194204613N00118320EA0046000429
B1401204204613N00118320EA0046100428
B1401214204613N00118320EA0046000428
B1401224204613N00118320EA0046000428
B1401234204613N00118320EA0045900427
B1401244204613N00118319EA0045900427
B1401254204612N00118319EA0046000426
B1401264204612N00118319EA0046000426
B1401274204612N00118319EA0046000426
B1401284204612N00118319EA0045900425
B1401294204612N00118319EA0046000425
B1401304204612N00118319EA0046000425
B1401314204612N00118319EA0046000425
B1401324204612N00118319EA0046000425
B1401334204612N00118319EA0045500426
B1401344204613N00118320EA0046000426
B1401354204613N00118320EA0045900426
B1401364204613N00118320EA0046000427
B1401374204613N00118320EA0045500427
B1401384204613N00118320EA0045700428
B1401394204612N00118320EA0045800428
B1401404204613N00118320EA0046100428
B1401414204613N00118320EA0045900429
B1401424204613N00118320EA0046000430
B1401434204613N00118320EA0046100431
B1401444204613N00118321EA0046000431
B1401454204613N00118321EA0046000431
B1401464204614N00118321EA0046100431
B1401474204615N00118321EA0046100430
B1401484204615N00118321EA0046100431
B1401494204615N00118322EA0046000431
B1401504204616N00118322EA0046100432
B1401514204617N00118322EA0046200433
B1401524204617N00118322EA0045600433
B1401534204618N00118322EA0045100433
B1401544204618N00118322EA0046300435
B1401554204619N00118322EA0046200435
B1401564204619N00118323EA0045000436
B1401574204620N00118323EA0045300437
B1401584204621N00118324EA0046000438
B1401594204622N00118324EA0045800439
B1402004204622N00118325EA0045900440
B1402014204623N00118325EA0045900441
B1402024204624N00118325EA0046000442
B1402034204625N00118325EA0046000443
B1402044204626N00118326EA0046000444
B1402054204627N00118326EA0046100444
B1402064204628N00118326EA0046200445
B1402074204629N00118327EA0046100445
B1402084204630N00118327EA0046100446
B1402094204630N00118328EA0045800446
B1402104204630N00118328EA0045500446
B1402114204631N00118329EA0045800447
B1402124204631N00118329EA0046000447
B1402134204632N00118329EA0046000448
B1402144204633N00118330EA0046100449
B1402154204634N00118329EA0046100449
B1402164204634N00118329EA0046100449
B1402174204635N00118328EA0046000450
B1402184204636N00118327EA0046100451
B1402194204636N00118327EA0046000452
B1402204204637N00118327EA0045900452
B1402214204637N00118327EA0045500453
B1402224204638N00118327EA0045600453
B1402234204639N00118327EA0046000453
B1402244204640N00118327EA0046000454
B1402254204641N00118326EA0046000455
B1402264204642N00118326EA0046000455
B1402274204642N00118327EA0046100455
B1402284204643N00118327EA0046100456
B1402294204644N00118327EA0046100455
B1402304204645N00118327EA0046000456
B1402314204646N00118327EA0046000456
B1402324204646N00118328EA0045900456
B1402334204646N00118329EA0045900456
B1402344204646N00118329EA0045900456
B1402354204646N00118329EA0045900456
B1402364204646N00118329EA0045800457
B1402374204647N00118328EA0045900457
B1402384204646N00118329EA0046000458
B1402394204647N00118329EA0045900458
B1402404204647N00118330EA0045900459
B1402414204647N00118330EA0045900459
B1402424204648N00118330EA0045900460
B1402434204648N00118330EA0045800459
B1402444204648N00118330EA0045800460
B1402454204649N00118330EA0046000460
B1402464204648N00118330EA0045900460
B1402474204648N00118329EA0045900460
B1402484204648N00118329EA0045900461
B1402494204649N00118329EA0045900461
B1402504204649N00118329EA0045900461
B1402514204649N00118329EA0045800461
B1402524204649N00118329EA0046000462
B1402534204649N00118329EA0045900462
B1402544204649N00118330EA0045900462
B1402554204649N00118330EA0045800462
B1402564204649N00118330EA0046100462
B1402574204649N00118329EA0046000461
B1402584204649N00118329EA0045900461
B1402594204648N00118329EA0045600460
B1403004204648N00118329EA0045900460
B1403014204648N00118329EA0046000460
B1403024204649N00118329EA0045900460
B1403034204649N00118329EA0045900460
B1403044204649N00118329EA0046000460
B1403054204649N00118329EA0046000461
B1403064204649N00118330EA0045700460
B1403074204649N00118330EA0046100461
B1403084204649N00118330EA0046000461
B1403094204649N00118330EA0046000460
B1403104204649N00118330EA0045700460
B1403114204649N00118330EA0046900460
B1403124204649N00118330EA0046200460
B1403134204649N00118330EA0046100459
B1403144204649N00118330EA0045600459
B1403154204649N00118330EA0045100458
B1403164204649N00118330EA0046200458
B1403174204649N00118330EA0045900457
B1403184204648N00118330EA0046000457
B1403194204648N00118330EA0046000457
B1403204204648N00118330EA0046000457
B1403214204648N00118330EA0046000457
B1403224204648N00118330EA0046000457
B1403234204648N00118330EA0045900457
B1403244204648N00118330EA0045900456
B1403254204648N00118330EA0045900456
B1403264204648N00118330EA0046000456
B1403274204648N00118330EA0045600456
B1403284204648N00118330EA0045900457
B1403294204648N00118330EA0046000457
B1403304204648N00118330EA0046100456
B1403314204648N00118330EA0045900456
B1403324204648N00118330EA0046300456
B1403334204648N00118330EA0045400456
B1403344204648N00118330EA0046500456
B1403354204649N00118330EA0046200455
B1403364204649N00118330EA0046200455
B1403374204649N00118330EA0045000455
B1403384204649N00118330EA0045900455
B1403394204649N00118329EA0045900454
B1403404204649N00118329EA0045900453
B1403414204649N00118329EA0045900453
B1403424204648N00118329EA0045900453
B1403434204649N00118330EA0046000453
B1403444204648N00118330EA0046100454
B1403454204648N00118330EA0046300455
B1403464204648N00118331EA0045800456
B1403474204648N00118331EA0046000457
B1403484204648N00118331EA0046000457
B1403494204648N00118332EA0046000457
B1403504204648N00118332EA0046000458
B1403514204648N00118332EA0046000456
B1403524204648N00118332EA0046000456
B1403534204648N00118332EA0045900456
B1403544204648N00118332EA0045900456
B1403554204648N00118332EA0045900457
B1403564204648N00118332EA0046000457
B1403574204648N00118333EA0046000458
B1403584204649N00118333EA0046000457
B1403594204649N00118333EA0046000455
B1404004204649N00118333EA0046000453
B1404014204650N00118334EA0046000453
B1404024204650N00118335EA0045900452
B1404034204650N00118335EA0045900451
B1404044204649N00118334EA0045900451
B1404054204649N00118334EA0046000450
B1404064204648N00118334EA0046100450
B1404074204647N00118334EA0046000449
B1404084204647N00118334EA0046000449
B1404094204647N00118334EA0045900450
B1404104204647N00118334EA0045900450
B1404114204646N00118333EA0045900450
B1404124204647N00118334EA0046000451
B1404134204647N00118334EA0046000450
B1404144204647N00118333EA0045900449
B1404154204647N00118334EA0045800448
B1404164204648N00118333EA0045600447
B1404174204647N00118332EA0046000448
B1404184204647N00118332EA0046000450
B1404194204646N00118332EA0046000449
B1404204204646N00118331EA0046000448
B1404214204646N00118331EA0046000450
B1404224204646N00118331EA0045900449
B1404234204646N00118331EA0046000450
B1404244204647N00118331EA0046000451
B1404254204646N00118331EA0045900450
B1404264204646N00118331EA0046400448
B1404274204647N00118331EA0046000447
B1404284204647N00118330EA0046300447
B1404294204647N00118331EA0045800447
B1404304204647N00118331EA0045900446
B1404314204647N00118331EA0045900446
B1404324204648N00118331EA0045900446
B1404334204648N00118331EA0045800445
B1404344204647N00118331EA0045900445
B1404354204648N00118332EA0046000445
B1404364204649N00118332EA0045900445
B1404374204650N00118333EA0046100446
B1404384204650N00118333EA0045400446
B1404394204650N00118334EA0046000445
B1404404204651N00118333EA0045900445
B1404414204651N00118333EA0045900445
B1404424204651N00118334EA0045900445
B1404434204651N00118334EA0045900446
B1404444204651N00118334EA0046000446
B1404454204652N00118335EA0046100445
B1404464204652N00118334EA0046000445
B1404474204653N00118335EA0046000444
B1404484204654N00118336EA0045900442
B1404494204655N00118336EA0045900442
B1404504204655N00118335EA0046100443
B1404514204656N00118336EA0046100443
B1404524204655N00118336EA0046100443
B1404534204655N00118336EA0046500442
B1404544204655N00118336EA0045700442
B1404554204655N00118336EA0045600442
B1404564204655N00118337EA0045600441
B1404574204654N00118336EA0045800441
B1404584204654N00118336EA0045900441
B1404594204654N00118336EA0046000441
B1405004204654N00118336EA0045900441
B1405014204654N00118336EA0046000441
B1405024204654N00118336EA0046000441
B1405034204653N00118336EA0046100441
B1405044204653N00118336EA0046000442
B1405054204653N00118336EA0045900441
B1405064204653N00118336EA0045900441
B1405074204653N00118336EA0046000441
B1405084204653N00118336EA0045900441
B1405094204653N00118336EA0045900441
B1405104204653N00118336EA0046000441
B1405114204653N00118335EA0045900442
B1405124204653N00118336EA0045900441
B1405134204653N00118335EA0046000442
B1405144204652N00118335EA0045800442
B1405154204652N00118334EA0045800443
B1405164204652N00118334EA0046000443
B1405174204651N00118333EA0045900444
B1405184204651N00118332EA0046100445
B1405194204651N00118332EA0046000445
B1405204204651N00118332EA0045700446
B1405214204650N00118332EA0045600445
B1405224204650N00118332EA0045900446
B1405234204650N00118331EA0046000446
B1405244204650N00118331EA0045800447
B1405254204650N00118331EA0045900447
B1405264204650N00118331EA0045900447
B1405274204650N00118331EA0045900448
B1405284204650N00118332EA0046000449
B1405294204650N00118332EA0046000449
B1405304204650N00118332EA0046000448
B1405314204650N00118333EA0046000449
B1405324204649N00118333EA0046100449
B1405334204650N00118333EA0045900450
B1405344204650N00118333EA0045900450
B1405354204650N00118333EA0046000450
B1405364204651N00118334EA0045900449
B1405374204652N00118335EA0045900449
B1405384204652N00118334EA0045900449
B1405394204653N00118334EA0045900449
B1405404204653N00118335EA0045900449
B1405414204653N00118334EA0045600450
B1405424204653N00118335EA0045900450
B1405434204653N00118334EA0045900450
B1405444204653N00118335EA0045900450
B1405454204652N00118335EA0046000450
B1405464204652N00118335EA0046000450
B1405474204652N00118335EA0046100450
B1405484204652N00118334EA0045800449
B1405494204652N00118333EA0046100449
B1405504204652N00118333EA0046000448
B1405514204651N00118332EA0045900447
B1405524204651N00118333EA0045800447
B1405534204651N00118332EA0046000447
B1405544204650N00118332EA0045400447
B1405554204651N00118333EA0045100447
B1405564204650N00118332EA0046100447
B1405574204650N00118332EA0046000448
B1405584204650N00118332EA0045900448
B1405594204649N00118332EA0046400448
B1406004204649N00118332EA0046200448
B1406014204650N00118332EA0045800448
B1406024204650N00118332EA0045700448
B1406034204649N00118332EA0045900447
B1406044204649N00118332EA0046000447
B1406054204649N00118331EA0045900447
B1406064204650N00118332EA0045800448
B1406074204650N00118332EA0045800448
B1406084204650N00118332EA0046000448
B1406094204650N00118331EA0046000448
B1406104204650N00118330EA0045100447
B1406114204650N00118331EA0045900447
B1406124204649N00118331EA0045900447
B1406134204649N00118331EA0045900447
B1406144204649N00118330EA0046100447
B1406154204649N00118330EA0045900447
B1406164204649N00118330EA0045800447
B1406174204649N00118330EA0046100447
B1406184204649N00118330EA0046100448
B1406194204649N00118330EA0046100448
B1406204204649N00118330EA0046300448
B1406214204649N00118330EA0045600448
B1406224204649N00118330EA0045800448
B1406234204649N00118330EA0045800448
B1406244204649N00118330EA0046000448
B1406254204648N00118330EA0045900448
B1406264204649N00118330EA0046000448
B1406274204649N00118330EA0045900447
B1406284204649N00118330EA0046000447
B1406294204649N00118331EA0046000447
B1406304204649N00118331EA0046300447
B1406314204649N00118331EA0045700447
B1406324204648N00118329EA0045900447
B1406334204649N00118329EA0045700447
B1406344204648N00118329EA0045700447
B1406354204648N00118329EA0046000447
B1406364204648N00118330EA0045900448
B1406374204648N00118331EA0046000448
B1406384204649N00118331EA0045900448
B1406394204649N00118331EA0045700447
B1406404204650N00118331EA0045700447
B1406414204650N00118332EA0046100447
B1406424204650N00118332EA0046100447
B1406434204651N00118332EA0045900447
B1406444204651N00118332EA0045900447
B1406454204651N00118331EA0046000447
B1406464204650N00118331EA0046200447
B1406474204650N00118330EA0046300447
B1406484204650N00118330EA0045900447
B1406494204651N00118330EA0045800447
B1406504204650N00118330EA0046700448
B1406514204650N00118330EA0046000449
B1406524204650N00118330EA0046000449
B1406534204650N00118330EA0046000449
B1406544204650N00118330EA0045900450
B1406554204650N00118330EA0046000450
B1406564204650N00118330EA0045900450
B1406574204650N00118330EA0046000450
B1406584204650N00118330EA0045900450
B1406594204650N00118330EA0045900450
B1407004204650N00118331EA0045900450
B1407014204650N00118331EA0045900450
B1407024204650N00118331EA0046000450
B1407034204650N00118331EA0046000449
B1407044204650N00118331EA0045900449
B1407054204650N00118332EA0045900449
B1407064204651N00118332EA0045300449
B1407074204651N00118332EA0046300449
B1407084204651N00118332EA0046400448
B1407094204651N00118332EA0045700448
B1407104204651N00118332EA0046000448
B1407114204651N00118332EA0046700448
B1407124204652N00118332EA0045700448
B1407134204652N00118332EA0045800448
B1407144204652N00118332EA0045900448
B1407154204652N00118332EA0045900448
B1407164204652N00118331EA0045900448
B1407174204652N00118331EA0046000448
B1407184204653N00118331EA0046000448
B1407194204653N00118331EA0046000448
B1407204204653N00118331EA0045900448
B1407214204653N00118332EA0046100448
B1407224204653N00118332EA0046000449
B1407234204654N00118332EA0045700449
B1407244204655N00118332EA0045200449
B1407254204654N00118331EA0045800449
B1407264204655N00118331EA0046900449
B1407274204654N00118332EA0046200449
B1407284204654N00118332EA0045800449
B1407294204654N00118333EA0046200449
B1407304204653N00118333EA0046000448
B1407314204653N00118332EA0045800449
B1407324204653N00118332EA0045900449
B1407334204652N00118332EA0045500449
B1407344204652N00118332EA0046000449
B1407354204652N00118332EA0046000450
B1407364204652N00118332EA0046100450
B1407374204652N00118332EA0045800450
B1407384204651N00118333EA0046000450
B1407394204652N00118332EA0046200449
B1407404204651N00118332EA0046000450
B1407414204652N00118332EA0046000450
B1407424204652N00118332EA0045900449
B1407434204652N00118332EA0046000449
B1407444204652N00118332EA0045800449
B1407454204652N00118332EA0046300449
B1407464204651N00118332EA0045900449
B1407474204651N00118333EA0046000449
B1407484204651N00118333EA0046000449
B1407494204650N00118333EA0046000449
B1407504204650N00118333EA0046000449
B1407514204650N00118332EA0046000449
B1407524204650N00118333EA0046100449
B1407534204650N00118333EA0046000449
B1407544204650N00118334EA0046000448
B1407554204651N00118333EA0046000448
B1407564204651N00118333EA0046000448
B1407574204650N00118334EA0045900447
B1407584204650N00118333EA0046000447
B1407594204649N00118334EA0046000447
B1408004204649N00118333EA0046000447
B1408014204649N00118333EA0046000447
B1408024204649N00118332EA0045900447
B1408034204649N00118332EA0045900447
B1408044204648N00118332EA0046000446
B1408054204648N00118332EA0045800446
B1408064204648N00118332EA0046100445
B1408074204648N00118332EA0046000445
B1408084204648N00118332EA0046000445
B1408094204648N00118331EA0045700445
B1408104204648N00118331EA0046000445
B1408114204649N00118330EA0046300444
B1408124204648N00118330EA0045900443
B1408134204649N00118329EA0046000443
B1408144204649N00118330EA0045500442
B1408154204649N00118329EA0046100442
B1408164204649N00118329EA0045900441
B1408174204649N00118330EA0046100441
B1408184204650N00118330EA0046000440
B1408194204650N00118330EA0046100440
B1408204204650N00118329EA0045900439
B1408214204650N00118329EA0046000439
B1408224204649N00118328EA0046000439
B1408234204649N00118328EA0045900439
B1408244204648N00118327EA0045900439
B1408254204648N00118327EA0045900438
B1408264204648N00118328EA0046000438
B1408274204647N00118328EA0046000438
B1408284204647N00118329EA0045900437
B1408294204647N00118330EA0046000437
B1408304204646N00118330EA0045800436
B1408314204645N00118330EA0045900436
B1408324204645N00118331EA0046100436
B1408334204644N00118331EA0046200436
B1408344204643N00118333EA0046000436
B1408354204643N00118333EA0046000436
B1408364204642N00118335EA0045700436
B1408374204641N00118337EA0046200436
B1408384204639N00118339EA0046100435
B1408394204638N00118340EA0046000433
B1408404204638N00118341EA0046000432
B1408414204637N00118341EA0046000432
B1408424204636N00118342EA0046100432
B1408434204635N00118342EA0046000432
B1408444204633N00118342EA0046000432
B1408454204632N00118342EA0046000432
B1408464204631N00118342EA0046100431
B1408474204630N00118343EA0045900431
B1408484204629N00118344EA0046100430
B1408494204628N00118345EA0046100430
B1408504204626N00118346EA0045300430
B1408514204625N00118347EA0046100429
B1408524204624N00118348EA0046100429
B1408534204624N00118350EA0046000430
B1408544204623N00118352EA0046200429
B1408554204623N00118353EA0046200429
B1408564204622N00118354EA0046100429
B1408574204622N00118356EA0046100429
B1408584204621N00118357EA0046200429
B1408594204619N00118358EA0046100428
B1409004204618N00118358EA0046100429
B1409014204617N00118359EA0046100428
B1409024204617N00118359EA0046100428
B1409034204616N00118359EA0046000428
B1409044204615N00118359EA0046000428
B1409054204614N00118359EA0046300427
B1409064204613N00118359EA0046200427
B1409074204611N00118360EA0045900426
B1409084204611N00118360EA0046200426
B1409094204610N00118361EA0046100426
B1409104204610N00118361EA0046200425
B1409114204610N00118362EA0046400425
B1409124204610N00118362EA0046100424
B1409134204610N00118362EA0046100424
B1409144204610N00118363EA0046000425
B1409154204610N00118363EA0046100425
B1409164204610N00118363EA0046300425
B1409174204611N00118363EA0046100425
B1409184204611N00118362EA0046100424
B1409194204611N00118362EA0045800424
B1409204204611N00118361EA0046000425
B1409214204611N00118361EA0046100424
B1409224204611N00118360EA0046100424
B1409234204611N00118360EA0046200424
B1409244204611N00118360EA0046200425
B1409254204611N00118359EA0046500425
B1409264204611N00118360EA0046200425
B1409274204611N00118359EA0046200426
B1409284204611N00118359EA0046800426
B1409294204611N00118359EA0046200426
B1409304204611N00118359EA0046200427
B1409314204611N00118359EA0046000428
B1409324204611N00118359EA0045700429
B1409334204611N00118359EA0045700429
B1409344204611N00118359EA0046200429
B1409354204611N00118359EA0045800429
B1409364204611N00118360EA0046500429
B1409374204611N00118360EA0046200429
B1409384204611N00118360EA0046100430
B1409394204611N00118360EA0046100430
B1409404204611N00118360EA0046100429
B1409414204611N00118360EA0046100429
B1409424204611N00118360EA0046200430
B1409434204611N00118361EA0046100430
B1409444204611N00118361EA0046100431
B1409454204612N00118361EA0046200431
B1409464204611N00118361EA0046100432
B1409474204611N00118361EA0046200432
B1409484204611N00118361EA0046000433
B1409494204611N00118361EA0046900434
B1409504204611N00118361EA0046300435
B1409514204611N00118361EA0046100436
B1409524204611N00118361EA0046200437
B1409534204611N00118361EA0046200438
B1409544204611N00118361EA0046100438
B1409554204611N00118361EA0046100439
B1409564204611N00118361EA0046100439
B1409574204611N00118362EA0046100439
B1409584204612N00118362EA0046200439
B1409594204612N00118362EA0046100439
B1410004204612N00118362EA0046100440
B1410014204612N00118362EA0045400440
B1410024204612N00118362EA0046600441
B1410034204612N00118361EA0046200441
B1410044204612N00118361EA0045500442
B1410054204612N00118361EA0045800442
B1410064204612N00118361EA0044200442
B1410074204612N00118361EA0048000442
B1410084204612N00118361EA0046300443
B1410094204612N00118361EA0046000443
B1410104204612N00118361EA0046300444
B1410114204612N00118361EA0046300444
B1410124204612N00118361EA0046200445
B1410134204612N00118361EA0046100445
B1410144204612N00118361EA0046200445
B1410154204612N00118361EA0046000446
B1410164204612N00118361EA0046200446
B1410174204612N00118361EA0046200446
B1410184204612N00118361EA0046100446
B1410194204612N00118361EA0046100446
B1410204204612N00118361EA0046100447
B1410214204612N00118361EA0046100447
B1410224204612N00118361EA0046100447
B1410234204612N00118361EA0046200447
B1410244204612N00118361EA0046100447
B1410254204612N00118361EA0046100448
B1410264204612N00118360EA0046100448
B1410274204612N00118360EA0046100448
B1410284204612N00118360EA0046200448
B1410294204612N00118361EA0046200448
B1410304204612N00118361EA0046100448
B1410314204612N00118361EA0046100448
B1410324204612N00118360EA0046100449
B1410334204612N00118360EA0046100449
B1410344204612N00118360EA0046100449
B1410354204612N00118360EA0046100449
B1410364204612N00118360EA0046100449
B1410374204612N00118360EA0046200449
B1410384204612N00118360EA0046100449
B1410394204612N00118360EA0046100450
B1410404204612N00118360EA0046100450
B1410414204612N00118360EA0046100450
B1410424204612N00118360EA0046100450
B1410434204612N00118360EA0046100450
B1410444204612N00118360EA0046100450
B1410454204612N00118360EA0046100451
B1410464204612N00118360EA0046100451
B1410474204612N00118360EA0046100451
B1410484204612N00118360EA0046100451
B1410494204612N00118360EA0046000451
B1410504204612N00118360EA0046100451
B1410514204612N00118360EA0046100451
B1410524204612N00118360EA0046100451
B1410534204612N00118360EA0046100451
B1410544204612N00118360EA0046100451
B1410554204612N00118360EA0046100451
B1410564204612N00118360EA0046100451
B1410574204612N00118360EA0046100451
B1410584204612N00118360EA0046100451
B1410594204612N00118360EA0046100451
B1411004204612N00118360EA0046100451
B1411014204612N00118360EA0046000451
B1411024204612N00118360EA0046100451
B1411034204612N00118360EA0046100451
B1411044204612N00118360EA0046100451
B1411054204612N00118360EA0046000451
B1411064204612N00118360EA0046200452
B1411074204612N00118360EA0045900451
B1411084204612N00118360EA0046200451
B1411094204612N00118360EA0047300451
B1411104204612N00118360EA0046600451
B1411114204612N00118360EA0046200451
B1411124204612N00118360EA0046500451
B1411134204612N00118360EA0045000451
B1411144204612N00118360EA0046200451
B1411154204612N00118360EA0046200451
B1411164204612N00118360EA0046200450
B1411174204612N00118360EA0046300451
B1411184204612N00118361EA0046200450
B1411194204612N00118361EA0046200450
B1411204204612N00118361EA0046100450
B1411214204612N00118361EA0046200449
B1411224204612N00118361EA0046100449
B1411234204612N00118361EA0046100449
B1411244204612N00118361EA0046100449
B1411254204612N00118361EA0046100449
B1411264204612N00118361EA0046200449
B1411274204612N00118361EA0046200449
B1411284204612N00118361EA0046100449
B1411294204612N00118361EA0046100449
B1411304204612N00118361EA0046200449
B1411314204612N00118361EA0046100449
B1411324204612N00118361EA0046100449
B1411334204613N00118361EA0046100449
B1411344204613N00118361EA0046300449
B1411354204613N00118361EA0046100449
B1411364204612N00118361EA0044100450
B1411374204612N00118361EA0045300451
B1411384204612N00118361EA0045600450
B1411394204613N00118361EA0046200450
B1411404204613N00118361EA0046700451
B1411414204613N00118360EA0046400451
B1411424204613N00118360EA0045900450
B1411434204613N00118360EA0046100451
B1411444204613N00118359EA0046100452
B1411454204614N00118359EA0046100452
B1411464204613N00118359EA0046100453
B1411474204614N00118359EA0046100453
B1411484204613N00118359EA0046100455
B1411494204613N00118359EA0046100455
B1411504204613N00118359EA0046200455
B1411514204613N00118359EA0046100455
B1411524204613N00118359EA0046100455
B1411534204613N00118359EA0046100454
B1411544204612N00118359EA0046200453
B1411554204612N00118358EA0046300453
B1411564204612N00118359EA0047300453
B1411574204612N00118359EA0044500451
B1411584204612N00118359EA0045800450
B1411594204612N00118359EA0046000451
B1412004204612N00118359EA0046000452
B1412014204612N00118359EA0046100451
B1412024204613N00118359EA0046200452
B1412034204613N00118358EA0046300451
B1412044204613N00118358EA0046100451
B1412054204613N00118358EA0046100452
B1412064204613N00118358EA0046100451
B1412074204613N00118358EA0046200450
B1412084204613N00118358EA0046100450
B1412094204612N00118358EA0046200449
B1412104204612N00118358EA0045900450
B1412114204611N00118357EA0046200451
B1412124204612N00118356EA0046200451
B1412134204611N00118356EA0046000452
B1412144204610N00118355EA0046100452
B1412154204610N00118355EA0046100452
B1412164204610N00118355EA0046100453
B1412174204609N00118355EA0046100455
B1412184204609N00118354EA0046200454
B1412194204609N00118354EA0046200454
B1412204204609N00118355EA0046000454
B1412214204609N00118355EA0046100453
B1412224204608N00118354EA0046000452
B1412234204608N00118354EA0046100452
B1412244204607N00118354EA0046100451
B1412254204607N00118354EA0046100450
B1412264204608N00118354EA0046200450
B1412274204608N00118354EA0046100450
B1412284204608N00118354EA0045700449
B1412294204608N00118354EA0046200451
B1412304204608N00118354EA0048100452
B1412314204608N00118354EA0045300452
B1412324204608N00118354EA0046100451
B1412334204608N00118354EA0047000450
B1412344204608N00118354EA0046900451
B1412354204607N00118354EA0045100450
B1412364204607N00118354EA0044000449
B1412374204607N00118354EA0045100449
B1412384204607N00118355EA0045900448
B1412394204606N00118354EA0047100450
B1412404204606N00118354EA0046300450
B1412414204606N00118355EA0046200450
B1412424204606N00118355EA0045400450
B1412434204606N00118356EA0045900450
B1412444204606N00118355EA0046300449
B1412454204606N00118355EA0046300450
B1412464204606N00118355EA0045700450
B1412474204606N00118355EA0046200450
B1412484204607N00118355EA0046300450
B1412494204606N00118354EA0046200451
B1412504204607N00118354EA0046200451
B1412514204607N00118354EA0046300452
B1412524204607N00118353EA0046200453
B1412534204607N00118353EA0046200453
B1412544204607N00118353EA0046100454
B1412554204608N00118353EA0047100454
B1412564204607N00118352EA0047000455
B1412574204608N00118352EA0045400455
B1412584204608N00118352EA0048000455
B1412594204609N00118352EA0046600455
B1413004204609N00118351EA0046200455
B1413014204609N00118351EA0046700456
B1413024204609N00118351EA0046000456
B1413034204609N00118351EA0046200457
B1413044204609N00118350EA0046100458
B1413054204608N00118350EA0045900457
B1413064204608N00118350EA0046200457
B1413074204607N00118350EA0044700457
B1413084204607N00118350EA0046800456
B1413094204608N00118350EA0046300457
B1413104204607N00118350EA0045000456
B1413114204608N00118350EA0045400455
B1413124204608N00118351EA0046100453
B1413134204608N00118351EA0046300453
B1413144204609N00118351EA0046100453
B1413154204609N00118352EA0046100451
B1413164204609N00118352EA0046000451
B1413174204609N00118352EA0046200450
B1413184204610N00118353EA0046100448
B1413194204610N00118353EA0046100448
B1413204204610N00118353EA0046200448
B1413214204610N00118353EA0046200448
B1413224204611N00118354EA0046000448
B1413234204611N00118356EA0046100449
B1413244204611N00118356EA0046100448
B1413254204612N00118357EA0046100449
B1413264204612N00118357EA0046100449
B1413274204611N00118357EA0046200449
B1413284204612N00118357EA0046100448
B1413294204612N00118357EA0046000449
B1413304204612N00118357EA0046500450
B1413314204612N00118357EA0046200450
B1413324204612N00118356EA0046000450
B1413334204613N00118356EA0045900451
B1413344204613N00118357EA0046200451
B1413354204614N00118357EA0046200451
B1413364204614N00118357EA0046100451
B1413374204614N00118358EA0046100450
B1413384204614N00118358EA0046100450
B1413394204614N00118358EA0046000449
B1413404204614N00118358EA0046100450
B1413414204614N00118359EA0046100449
B1413424204614N00118358EA0046200448
B1413434204614N00118358EA0046000448
B1413444204614N00118358EA0046100448
B1413454204614N00118358EA0046100448
B1413464204613N00118358EA0046200448
B1413474204614N00118358EA0046000448
B1413484204613N00118358EA0046100448
B1413494204613N00118358EA0046600448
B1413504204612N00118357EA0046100448
B1413514204612N00118357EA0046000449
B1413524204613N00118357EA0045900449
B1413534204613N00118356EA0046100449
B1413544204613N00118356EA0046200449
B1413554204613N00118356EA0046100449
B1413564204613N00118356EA0046100449
B1413574204613N00118356EA0046200450
B1413584204612N00118356EA0046900450
B1413594204612N00118356EA0046200451
B1414004204611N00118355EA0046300450
B1414014204611N00118355EA0046300450
B1414024204610N00118355EA0046500451
B1414034204610N00118355EA0046000451
B1414044204609N00118355EA0046200451
B1414054204608N00118355EA0046100451
B1414064204608N00118354EA0046200450
B1414074204608N00118354EA0046500450
B1414084204608N00118355EA0045700451
B1414094204608N00118355EA0045600451
B1414104204608N00118354EA0046700451
B1414114204607N00118354EA0045900451
B1414124204607N00118354EA0046500452
B1414134204607N00118354EA0046200451
B1414144204607N00118353EA0045900452
B1414154204607N00118353EA0046100453
B1414164204607N00118353EA0045900453
B1414174204607N00118353EA0045200454
B1414184204607N00118353EA0046200455
B1414194204607N00118353EA0043600455
B1414204204607N00118353EA0045300455
B1414214204608N00118353EA0046100454
B1414224204608N00118353EA0046100454
B1414234204608N00118354EA0046000454
B1414244204608N00118354EA0047100453
B1414254204609N00118354EA0048200453
B1414264204609N00118354EA0046900453
B1414274204609N00118355EA0046000452
B1414284204608N00118354EA0045700452
B1414294204608N00118355EA0046000452
B1414304204608N00118354EA0046000451
B1414314204608N00118355EA0046100451
B1414324204608N00118355EA0045400451
B1414334204608N00118355EA0046200452
B1414344204608N00118355EA0046400451
B1414354204608N00118355EA0046200452
B1414364204608N00118355EA0046200452
B1414374204608N00118355EA0046100452
B1414384204608N00118355EA0044200452
B1414394204609N00118355EA0045100452
B1414404204608N00118356EA0047900453
B1414414204609N00118356EA0045700452
B1414424204609N00118356EA0046000452
B1414434204609N00118355EA0046700452
B1414444204609N00118354EA0046800453
B1414454204608N00118354EA0046000453
B1414464204608N00118354EA0045800454
B1414474204608N00118354EA0045200454
B1414484204608N00118354EA0046500454
B1414494204608N00118354EA0046200455
B1414504204608N00118354EA0046200455
B1414514204609N00118355EA0046700454
B1414524204608N00118354EA0046300454
B1414534204609N00118355EA0046200454
B1414544204609N00118355EA0045000454
B1414554204609N00118355EA0046300454
B1414564204609N00118355EA0046100454
B1414574204609N00118356EA0046500454
B1414584204609N00118356EA0046800454
B1414594204609N00118357EA0046400454
B1415004204610N00118357EA0046100454
B1415014204610N00118357EA0046300454
B1415024204610N00118357EA0046200455
B1415034204610N00118357EA0045800455
B1415044204610N00118358EA0045900455
B1415054204610N00118358EA0045700455
B1415064204610N00118358EA0045500454
B1415074204610N00118358EA0045700454
B1415084204611N00118358EA0046300454
B1415094204611N00118359EA0046100453
B1415104204611N00118359EA0046600452
B1415114204611N00118359EA0046800451
B1415124204611N00118358EA0046300451
B1415134204611N00118359EA0045800451
B1415144204611N00118359EA0046100450
B1415154204611N00118359EA0046200449
B1415164204611N00118359EA0046300449
B1415174204611N00118359EA0046000448
B1415184204611N00118359EA0046000449
B1415194204611N00118360EA0046100448
B1415204204611N00118360EA0046300449
B1415214204611N00118360EA0046100448
B1415224204612N00118360EA0046800448
B1415234204612N00118360EA0047400448
B1415244204612N00118360EA0046300449
B1415254204612N00118361EA0043800449
B1415264204613N00118361EA0046300450
B1415274204613N00118361EA0047000449
B1415284204613N00118361EA0045900450
B1415294204613N00118362EA0045900449
B1415304204613N00118362EA0046000449
B1415314204614N00118362EA0046500449
B1415324204614N00118363EA0046200449
B1415334204614N00118363EA0046000449
B1415344204614N00118363EA0046100449
B1415354204613N00118363EA0046200449
B1415364204613N00118362EA0046100448
B1415374204613N00118362EA0046200449
B1415384204613N00118362EA0046100449
B1415394204614N00118362EA0046200449
B1415404204613N00118362EA0046000449
B1415414204613N00118362EA0046500450
B1415424204612N00118362EA0047900450
B1415434204612N00118361EA0046000450
B1415444204612N00118361EA0046400450
B1415454204612N00118361EA0046300450
B1415464204612N00118360EA0045800450
B1415474204613N00118360EA0045600450
B1415484204613N00118359EA0046300450
B1415494204613N00118359EA0046300450
B1415504204613N00118359EA0046800450
B1415514204613N00118359EA0045900449
B1415524204613N00118359EA0046000449
B1415534204613N00118359EA0045700448
B1415544204613N00118358EA0045100449
B1415554204613N00118358EA0046300449
B1415564204613N00118358EA0046500448
B1415574204613N00118357EA0043600448
B1415584204613N00118357EA0045700447
B1415594204613N00118356EA0046100447
B1416004204613N00118356EA0046100447
B1416014204612N00118356EA0046100446
B1416024204612N00118356EA0046100446
B1416034204611N00118356EA0046100446
B1416044204611N00118356EA0045900445
B1416054204611N00118356EA0047000445
B1416064204611N00118356EA0046300445
B1416074204611N00118356EA0046300445
B1416084204611N00118357EA0046100445
B1416094204610N00118356EA0045700445
B1416104204610N00118356EA0046000444
B1416114204610N00118356EA0046500444
B1416124204611N00118356EA0046100444
B1416134204611N00118356EA0046100444
B1416144204610N00118356EA0046100444
B1416154204610N00118355EA0047700444
B1416164204610N00118355EA0046000444
B1416174204611N00118355EA0045600444
B1416184204611N00118355EA0046000444
B1416194204611N00118354EA0046300444
B1416204204612N00118354EA0046100444
B1416214204612N00118354EA0046300444
B1416224204612N00118354EA0045800444
B1416234204612N00118354EA0045600444
B1416244204612N00118355EA0046600444
B1416254204612N00118354EA0046000445
B1416264204612N00118354EA0046100445
B1416274204612N00118354EA0045900445
B1416284204612N00118354EA0046000446
B1416294204612N00118353EA0046100446
B1416304204611N00118353EA0045300446
B1416314204612N00118353EA0046400447
B1416324204611N00118353EA0046500447
B1416334204611N00118353EA0046400447
B1416344204611N00118353EA0046300448
B1416354204610N00118354EA0046200448
B1416364204610N00118354EA0046200448
B1416374204610N00118354EA0046100449
B1416384204610N00118354EA0046400449
B1416394204610N00118354EA0046800450
B1416404204610N00118354EA0046100450
B1416414204610N00118354EA0046100451
B1416424204610N00118354EA0046000452
B1416434204610N00118354EA0046100452
B1416444204610N00118354EA0046100453
B1416454204610N00118354EA0046000453
B1416464204610N00118354EA0046100454
B1416474204610N00118353EA0046200455
B1416484204610N00118353EA0046200456
B1416494204609N00118354EA0046200456
B1416504204610N00118354EA0046100456
B1416514204610N00118354EA0046000456
B1416524204610N00118355EA0046100457
B1416534204610N00118355EA0046800457
B1416544204610N00118355EA0045600458
B1416554204610N00118355EA0046000458
B1416564204610N00118355EA0046000459
B1416574204610N00118355EA0046200460
B1416584204610N00118355EA0046300461
B1416594204611N00118355EA0046100461
B1417004204611N00118356EA0046100462
B1417014204611N00118356EA0046100463
B1417024204611N00118356EA0046200464
B1417034204611N00118356EA0046200465
B1417044204611N00118357EA0046200466
B1417054204611N00118357EA0046200466
B1417064204611N00118357EA0046100467
B1417074204611N00118357EA0046000468
B1417084204611N00118357EA0048400468
B1417094204610N00118357EA0046100468
B1417104204610N00118358EA0046600469
B1417114204610N00118357EA0047100469
B1417124204610N00118358EA0046400470
B1417134204610N00118357EA0046200470
B1417144204611N00118358EA0046100470
B1417154204611N00118358EA0046200469
B1417164204611N00118357EA0046200469
B1417174204611N00118358EA0046200469
B1417184204611N00118357EA0046200469
B1417194204611N00118357EA0046500468
B1417204204611N00118358EA0046400467
B1417214204611N00118358EA0047000467
B1417224204611N00118358EA0045500467
B1417234204611N00118358EA0045800467
B1417244204612N00118358EA0045900467
B1417254204611N00118358EA0046400467
B1417264204611N00118358EA0047000467
B1417274204612N00118358EA0048100468
B1417284204612N00118359EA0046200468
B1417294204611N00118359EA0046100468
B1417304204610N00118359EA0047900468
B1417314204610N00118360EA0047000468
B1417324204609N00118361EA0046300467
B1417334204608N00118362EA0046100467
B1417344204608N00118363EA0045700467
B1417354204607N00118363EA0046700467
B1417364204607N00118364EA0046300467
B1417374204606N00118365EA0046500467
B1417384204605N00118366EA0047000467
B1417394204605N00118367EA0044700467
B1417404204604N00118368EA0045700467
B1417414204604N00118369EA0046200468
B1417424204603N00118370EA0046100468
B1417434204602N00118371EA0047800468
B1417444204601N00118373EA0046600469
B1417454204600N00118375EA0046400469
B1417464204598N00118377EA0045100469
B1417474204595N00118379EA0046000469
B1417484204592N00118381EA0046500468
B1417494204589N00118384EA0046400469
B1417504204585N00118386EA0046300469
B1417514204582N00118388EA0046300470
B1417524204578N00118390EA0046600470
B1417534204574N00118393EA0046500470
B1417544204570N00118395EA0046300470
B1417554204566N00118398EA0046800471
B1417564204562N00118401EA0046800471
B1417574204558N00118403EA0046100471
B1417584204553N00118406EA0046400471
B1417594204549N00118409EA0046900471
B1418004204544N00118412EA0046500471
B1418014204540N00118416EA0046300472
B1418024204535N00118419EA0046500472
B1418034204530N00118422EA0046400472
B1418044204525N00118426EA0045300473
B1418054204521N00118429EA0044500473
B1418064204516N00118433EA0046800473
B1418074204512N00118436EA0048600473
B1418084204507N00118439EA0047800473
B1418094204503N00118442EA0047100473
B1418104204499N00118444EA0046000472
B1418114204496N00118446EA0046200473
B1418124204493N00118448EA0045700473
B1418134204490N00118449EA0046200473
B1418144204488N00118450EA0045800473
B1418154204485N00118451EA0046300473
B1418164204483N00118450EA0048700473
B1418174204481N00118449EA0046600473
B1418184204479N00118448EA0046700473
B1418194204476N00118448EA0046700473
B1418204204474N00118447EA0046500473
B1418214204471N00118449EA0046900474
B1418224204469N00118451EA0045500474
B1418234204467N00118454EA0044700474
B1418244204465N00118458EA0045100474
B1418254204462N00118461EA0045700474
B1418264204459N00118463EA0046100474
B1418274204455N00118464EA0046500474
B1418284204451N00118466EA0047300474
B1418294204447N00118468EA0045900474
B1418304204443N00118470EA0045900474
B1418314204439N00118472EA0047400474
B1418324204433N00118475EA0047000474
B1418334204428N00118478EA0046200473
B1418344204423N00118481EA0046300472
B1418354204417N00118485EA0046000472
B1418364204412N00118489EA0046000472
B1418374204407N00118494EA0044100471
B1418384204402N00118499EA0043700471
B1418394204398N00118506EA0046700470
B1418404204393N00118511EA0046200469
B1418414204389N00118517EA0045900469
B1418424204384N00118523EA0046000469
B1418434204380N00118528EA0046100469
B1418444204375N00118534EA0046000468
B1418454204370N00118540EA0046000467
B1418464204364N00118547EA0046400467
B1418474204360N00118554EA0046200467
B1418484204354N00118560EA0046400466
B1418494204351N00118566EA0045800466
B1418504204346N00118573EA0045300466
B1418514204340N00118579EA0046000466
B1418524204335N00118586EA0045700466
B1418534204331N00118592EA0045800466
B1418544204326N00118599EA0045900465
B1418554204322N00118605EA0045700465
B1418564204318N00118612EA0045800465
B1418574204312N00118619EA0045500465
B1418584204306N00118626EA0045800465
B1418594204299N00118633EA0045800465
B1419004204294N00118640EA0045400465
B1419014204288N00118648EA0045700464
B1419024204282N00118654EA0045400464
B1419034204278N00118660EA0045000464
B1419044204272N00118666EA0045700463
B1419054204267N00118673EA0045400463
B1419064204262N00118679EA0045100463
B1419074204258N00118686EA0045500463
B1419084204253N00118692EA0045800462
B1419094204249N00118698EA0045300461
B1419104204244N00118707EA0046100461
B1419114204240N00118714EA0045300460
B1419124204235N00118720EA0045100460
B1419134204230N00118727EA0044900460
B1419144204228N00118731EA0045200460
B1419154204222N00118737EA0045600459
B1419164204218N00118743EA0045000459
B1419174204213N00118750EA0045300459
B1419184204208N00118755EA0045600458
B1419194204202N00118762EA0045400458
B1419204204195N00118767EA0045400458
B1419214204190N00118772EA0045300459
B1419224204183N00118778EA0045600459
B1419234204178N00118780EA0045200459
B1419244204172N00118784EA0045400459
B1419254204165N00118787EA0045600460
B1419264204159N00118788EA0045500461
B1419274204149N00118794EA0045300462
B1419284204142N00118795EA0045400463
B1419294204137N00118796EA0045300463
B1419304204131N00118797EA0044900464
B1419314204125N00118799EA0045500465
B1419324204119N00118800EA0045600465
B1419334204114N00118802EA0045700466
B1419344204108N00118804EA0046500466
B1419354204102N00118805EA0044500466
B1419364204095N00118807EA0045300466
B1419394204081N00118810EA0045100465
B1419404204076N00118812EA0045000464
B1419414204069N00118815EA0044800464
B1419424204063N00118816EA0045000463
B1419434204057N00118818EA0045800463
B1419444204052N00118820EA0045300463
B1419594203973N00118847EV0045300000
B1420004203970N00118846EV0045100000
B1420014203973N00118837EV0045300000
B1420024203975N00118832EA0045000462
B1420204203891N00118775EA0045100461
B1420214203886N00118772EA0045400460
B1420224203877N00118773EA0045700459
B1420234203870N00118771EA0046500460
B1420244203862N00118770EA0045800461
B1420254203856N00118768EA0045600463
B1420264203849N00118766EA0045900464
B1420274203843N00118764EA0045300465
B1420284203834N00118764EA0045800467
B1420294203827N00118761EA0045700469
B1420304203820N00118760EA0045500469
B1420314203813N00118758EA0045600470
B1420324203806N00118756EA0045500471
B1420334203798N00118754EA0045400472
B1420344203791N00118754EA0045700474
B1420354203782N00118755EA0045700474
B1420364203773N00118755EA0045500475
B1420374203763N00118754EA0045300475
B1420384203753N00118753EA0045100474
B1420394203743N00118753EA0045700474
B1420404203734N00118753EA0045300473
B1420414203724N00118754EA0044600472
B1420424203713N00118754EA0042200471
B1420434203702N00118754EA0045100470
B1420444203692N00118753EA0046500469
B1420454203682N00118752EA0044800467
B1420464203672N00118750EA0045600466
B1420474203662N00118746EA0046300465
B1420484203652N00118740EA0046000464
B1420494203643N00118736EA0045700461
B1420504203633N00118731EA0045600458
B1420514203623N00118726EA0045600454
B1420524203613N00118718EA0045100451
B1420534203603N00118712EA0045300450
B1420544203594N00118704EA0045100448
B1420554203584N00118697EA0045600447
B1420564203574N00118692EA0045600445
B1420574203565N00118686EA0045200444
B1420584203555N00118680EA0045300443
B1420594203545N00118676EA0044500443
B1421004203534N00118673EA0045000443
B1421014203524N00118671EA0044400443
B1421024203514N00118669EA0043800442
B1421034203504N00118666EA0044000441
B1421044203494N00118664EA0045400442
B1421054203484N00118661EA0045100441
B1421064203474N00118658EA0044800439
B1421074203464N00118652EA0044100438
B1421084203455N00118647EA0045400436
B1421094203445N00118640EA0044600433
B1421104203436N00118633EA0044500431
B1421114203426N00118626EA0044700430
B1421124203417N00118619EA0044600428
B1421134203407N00118609EA0044100427
B1421144203396N00118601EA0044300426
B1421154203386N00118593EA0044500425
B1421164203375N00118584EA0044800424
B1421174203365N00118575EA0044000422
B1421184203354N00118567EA0045000421
B1421194203343N00118559EA0042700421
B1421204203333N00118549EA0044800421
B1421214203323N00118539EA0044000420
B1421224203314N00118528EA0044700419
B1421234203305N00118516EA0044100419
B1421244203296N00118505EA0044100418
B1421254203287N00118493EA0044600418
B1421264203279N00118482EA0044400418
B1421274203270N00118470EA0044000417
B1421284203262N00118459EA0045800417
B1421294203254N00118447EA0044200417
B1421304203244N00118436EA0044900416
B1421314203235N00118426EA0045000416
B1421324203225N00118416EA0044500415
B1421334203214N00118409EA0044400415
B1421344203204N00118403EA0044400414
B1421354203192N00118397EA0044700414
B1421364203180N00118393EA0044600414
B1421374203168N00118388EA0044300413
B1421384203156N00118386EA0043800412
B1421394203143N00118384EA0043400412
B1421404203131N00118383EA0044600412
B1421414203118N00118383EA0044600412
B1421424203105N00118382EA0045400413
B1421434203093N00118380EA0044100413
B1421444203081N00118378EA0044000415
B1421454203069N00118376EA0044100417
B1421464203056N00118374EA0044000419
B1421474203044N00118371EA0043900421
B1421484203032N00118365EA0044800422
B1421494203019N00118359EA0044700423
B1421504203008N00118352EA0044200423
B1421514202997N00118342EA0045000425
B1421524202986N00118332EA0044500427
B1421534202977N00118321EA0044900428
B1421544202968N00118310EA0043700428
B1421554202958N00118299EA0044500428
B1421564202948N00118288EA0044200429
B1421574202939N00118276EA0044700429
B1421584202929N00118265EA0044300429
B1421594202920N00118252EA0044200429
B1422004202910N00118240EA0045000429
B1422014202901N00118228EA0044500430
B1422024202891N00118217EA0044300429
B1422034202882N00118206EA0044200428
B1422044202872N00118194EA0044900429
B1422054202863N00118183EA0045800428
B1422064202853N00118170EA0044700427
B1422074202844N00118157EA0044000427
B1422084202835N00118144EA0044500426
B1422094202826N00118131EA0044100425
B1422104202817N00118117EA0044200425
B1422114202808N00118103EA0044500424
B1422124202800N00118091EA0044300424
B1422134202791N00118078EA0045200424
B1422144202781N00118067EA0044700424
B1422154202770N00118056EA0044100424
B1422164202759N00118047EA0043200425
B1422174202747N00118036EA0043800425
B1422184202736N00118025EA0044200424
B1422194202725N00118015EA0044100424
B1422204202713N00118005EA0044600423
B1422214202702N00117995EA0044500422
B1422224202690N00117985EA0044500422
B1422234202679N00117976EA0044400422
B1422244202668N00117966EA0044400423
B1422254202656N00117955EA0044600423
B1422264202645N00117945EA0044700423
B1422274202633N00117934EA0044400423
B1422284202621N00117924EA0044500423
B1422294202610N00117913EA0044400423
B1422304202598N00117903EA0044400423
B1422314202587N00117893EA0044600424
B1422324202575N00117884EA0044900424
B1422334202563N00117875EA0044700423
B1422344202552N00117866EA0044900423
B1422354202539N00117859EA0044400423
B1422364202526N00117852EA0044100424
B1422374202514N00117845EA0043500424
B1422384202502N00117837EA0044800424
B1422394202490N00117830EA0044000423
B1422404202477N00117823EA0044400423
B1422414202465N00117816EA0044400423
B1422424202452N00117809EA0044400424
B1422434202439N00117803EA0044800423
B1422444202427N00117797EA0044200424
B1422454202414N00117790EA0044800423
B1422464202402N00117784EA0044200424
B1422474202390N00117777EA0044800424
B1422484202378N00117769EA0044600424
B1422494202366N00117762EA0044500425
B1422504202354N00117755EA0045100425
B1422514202341N00117750EA0044400426
B1422524202329N00117745EA0044800426
B1422534202315N00117740EA0044800426
B1422544202303N00117737EA0043900427
B1422554202291N00117733EA0044100427
B1422564202279N00117729EA0044700427
B1422574202267N00117726EA0044700428
B1422584202254N00117723EA0044100428
B1422594202241N00117721EA0044300429
B1423004202227N00117719EA0044200428
B1423014202213N00117718EA0044500428
B1423024202199N00117715EA0044700429
B1423034202186N00117712EA0045900429
B1423044202172N00117710EA0044500428
B1423054202159N00117707EA0044400427
B1423064202145N00117705EA0044600427
B1423074202132N00117702EA0045000427
B1423084202119N00117698EA0044300427
B1423094202105N00117694EA0044600426
B1423104202092N00117690EA0044000426
B1423114202079N00117686EA0045300426
B1423124202065N00117681EA0044800426
B1423134202053N00117678EA0043200426
B1423144202040N00117673EA0044100425
B1423154202028N00117668EA0044500424
B1423164202016N00117663EA0044500424
B1423174202004N00117657EA0044600424
B1423184201992N00117652EA0044500424
B1423194201980N00117647EA0044700423
B1423204201968N00117642EA0045000423
B1423214201956N00117636EA0044000422
B1423224201944N00117632EA0044300422
B1423234201931N00117629EA0043000422
B1423244201919N00117628EA0045300422
B1423254201906N00117627EA0045000421
B1423264201894N00117631EA0044300421
B1423274201882N00117632EA0044900421
B1423284201870N00117633EA0044000421
B1423294201859N00117636EA0045700422
B1423304201848N00117640EA0044700423
B1423314201837N00117644EA0044600423
B1423324201828N00117648EA0044900424
B1423334201817N00117654EA0044600424
B1423344201806N00117658EA0045500424
B1423354201795N00117661EA0044100424
B1423364201785N00117665EA0044700425
B1423374201774N00117667EA0045400425
B1423384201764N00117669EA0045700425
B1423394201754N00117669EA0045700426
B1423404201743N00117670EA0045400427
B1423414201733N00117669EA0045700427
B1423424201722N00117669EA0045500429
B1423434201711N00117669EA0045500430
B1423444201700N00117669EA0045700432
B1423454201690N00117669EA0045400433
B1423464201680N00117668EA0046200434
B1423474201670N00117667EA0045900436
B1423484201659N00117667EA0045500437
B1423494201648N00117667EA0046100439
B1423504201637N00117667EA0046000440
B1423514201627N00117667EA0046600441
B1423524201616N00117667EA0046500443
B1423534201605N00117666EA0046500444
B1423544201595N00117666EA0046700446
B1423554201584N00117665EA0045800448
B1423564201574N00117665EA0046000450
B1423574201564N00117665EA0046200453
B1423584201553N00117664EA0046200455
B1423594201543N00117663EA0046700458
B1424004201532N00117663EA0046400460
B1424014201522N00117663EA0046700462
B1424024201511N00117662EA0046600464
B1424034201501N00117661EA0046600465
B1424044201490N00117661EA0046900467
B1424054201480N00117661EA0046500469
B1424064201470N00117660EA0046700471
B1424074201459N00117661EA0046700472
B1424084201449N00117660EA0047200474
B1424094201439N00117660EA0047000476
B1424104201428N00117659EA0047100478
B1424114201418N00117659EA0046800479
B1424124201407N00117659EA0047400480
B1424134201397N00117659EA0047100481
B1424144201387N00117659EA0047200482
B1424154201376N00117658EA0047300484
B1424164201365N00117659EA0047100484
B1424174201354N00117658EA0047300484
B1424184201344N00117657EA0047400484
B1424194201333N00117656EA0047500485
B1424204201323N00117657EA0047600485
B1424214201313N00117657EA0047500486
B1424224201303N00117657EA0047800486
B1424234201294N00117658EA0047800487
B1424244201284N00117657EA0047900487
B1424254201274N00117655EA0048200488
B1424264201264N00117655EA0048200488
B1424274201254N00117654EA0048000489
B1424284201244N00117654EA0047700489
B1424294201233N00117653EA0048000490
B1424304201223N00117653EA0048300491
B1424314201214N00117652EA0048100491
B1424324201203N00117651EA0047900492
B1424334201193N00117651EA0048300492
B1424344201183N00117650EA0048100492
B1424354201172N00117649EA0048100493
B1424364201162N00117649EA0048100494
B1424374201151N00117649EA0048000494
B1424384201140N00117648EA0048100494
B1424394201129N00117649EA0048000495
B1424404201119N00117648EA0048300494
B1424414201108N00117648EA0048100495
B1424424201097N00117648EA0047600494
B1424434201086N00117649EA0047800494
B1424444201075N00117649EA0048800494
B1424454201064N00117649EA0047900494
B1424464201053N00117647EA0047400494
B1424474201043N00117647EA0047200494
B1424484201032N00117646EA0047200494
B1424494201023N00117645EA0047500494
B1424504201013N00117645EA0047100494
B1424514201003N00117644EA0047000495
B1424524200992N00117643EA0046800495
B1424534200983N00117642EA0046900495
B1424544200974N00117642EA0046700495
B1424554200966N00117641EA0046600495
B1424564200958N00117642EA0046400495
B1424574200951N00117642EA0046300495
B1424584200943N00117643EV0046400000
B1424594200938N00117644EA0046100496
B1425004200933N00117645EA0046100496
B1425014200929N00117644EA0046000496
B1425024200925N00117644EA0045800497
B1425034200923N00117643EA0046200498
B1425044200920N00117643EA0045800498
B1425054200917N00117644EA0046000498
B1425064200915N00117644EA0045900498
B1425074200914N00117644EA0046000498
B1425084200915N00117645EA0046000498
B1425094200914N00117645EA0045900498
B1425104200913N00117643EA0046000499
B1425114200913N00117643EA0045900499
B1425124200912N00117644EA0045900499
B1425134200913N00117644EA0046000499
B1425144200913N00117643EA0045900499
B1425154200912N00117642EA0046000499
B1425164200912N00117642EA0045900499
B1425174200912N00117641EA0046000498
B1425184200912N00117642EA0046200498
B1425194200911N00117642EA0046200498
B1425204200910N00117644EA0046000498
B1425214200911N00117645EA0046900496
B1425224200911N00117647EA0046000496
B1425234200911N00117650EA0045200497
B1425244200913N00117652EA0045600497
B1425254200914N00117654EA0045700497
B1425264200915N00117657EA0045500498
B1425274200916N00117661EA0045700496
B1425284200917N00117664EA0045900496
B1425294200917N00117669EA0046100496
B1425304200918N00117672EA0046100494
B1425314200919N00117677EA0045700494
B1425324200921N00117682EA0045300494
B1425334200923N00117687EA0045200494
B1425344200925N00117691EA0046600493
B1425354200926N00117695EA0046000493
B1425364200928N00117699EA0045800493
B1425374200931N00117703EA0046000493
B1425384200933N00117710EA0045800493
B1425394200936N00117719EA0045600491
B1425404200939N00117728EA0045800491
B1425414200942N00117735EA0046000491
B1425424200947N00117744EA0045500489
B1425434200951N00117753EA0045600488
B1425444200953N00117764EA0045800487
B1425454200958N00117773EA0045300486
B1425464200965N00117783EA0045400485
B1425474200968N00117799EA0045800484
B1425484200976N00117809EA0045500483
B1425494200983N00117820EV0045600000
B1425504200990N00117832EV0045800000
B1425544201011N00117906EA0045800471
B1425554201017N00117925EA0046000468
B1425564201022N00117940EA0046200465
B1425574201027N00117955EA0046200463
B1426014201045N00118025EA0046400458
B1426044201057N00118074EA0046000457
B1426054201061N00118091EA0045900457
B1426064201065N00118108EA0046400457
B1426074201069N00118124EA0046000457
B1426084201074N00118140EA0045900456
B1426094201078N00118157EA0046300456
B1426104201082N00118176EA0045700456
B1426114201087N00118193EA0046200456
B1426124201091N00118211EA0045900456
B1426134201095N00118229EA0045900455
B1426144201098N00118246EA0046000455
B1426154201102N00118262EA0046000455
B1426164201104N00118280EA0045900455
B1426174201106N00118299EA0046100455
B1426184201109N00118317EA0046100455
B1426194201112N00118334EA0045700455
B1426204201115N00118352EA0046700454
B1426214201117N00118369EA0045900454
B1426224201120N00118389EV0045600000
B1426234201123N00118409EA0045300454
B1426244201125N00118427EA0045600454
B1426314201134N00118554EA0046000452
B1426324201133N00118574EA0045400453
B1426334201133N00118595EA0045500455
B1426344201132N00118614EA0045300455
B1426354201131N00118632EA0045300456
B1426364201131N00118649EA0045700457
B1426374201131N00118665EA0045300458
B1426384201130N00118681EA0045200458
B1426394201130N00118697EA0045300458
B1426404201129N00118714EA0045300458
B1426414201128N00118730EA0045800460
B1426424201128N00118746EA0045400463
B1426434201129N00118760EA0045200465
B1426444201132N00118774EA0045300466
B1426454201134N00118789EA0045700466
B1426464201139N00118802EA0045300466
B1426474201143N00118815EA0044800466
B1426484201148N00118828EA0044600466
B1426494201154N00118839EA0044300466
B1426504201161N00118849EA0044500466
B1426514201168N00118860EA0044800466
B1426524201175N00118871EA0044900467
B1426534201182N00118882EA0045000466
B1426544201187N00118894EA0044200466
B1426554201192N00118906EA0045200466
B1426564201196N00118918EA0046000466
B1426574201199N00118929EA0044500465
B1426584201200N00118941EA0044900465
B1426594201199N00118954EA0045300464
B1427004201199N00118968EA0045600464
B1427014201199N00118979EA0045500464
B1427024201200N00118991EA0045100463
B1427034201201N00119003EA0045100463
B1427044201201N00119013EA0044800462
B1427054201203N00119025EA0044900462
B1427064201206N00119035EA0045400462
B1427074201210N00119046EA0045300461
B1427084201215N00119054EA0045100461
B1427094201221N00119061EA0045400460
B1427154201252N00119105EA0045800456
B1427164201258N00119112EA0045400455
B1427174201266N00119118EA0045500454
B1427184201274N00119123EA0046000453
B1427194201281N00119130EA0045900453
B1427204201288N00119136EA0046800452
B1427214201296N00119144EA0044100452
B1427224201302N00119154EA0046500452
B1427234201308N00119161EA0043900451
B1427244201313N00119170EA0044900451
B1427254201319N00119178EA0044900451
B1427264201325N00119187EA0045400451
B1427274201332N00119196EA0045300451
B1427284201336N00119205EA0045500451
B1427294201341N00119215EA0046200450
B1427304201345N00119226EA0045300450
B1427314201349N00119235EA0046500449
B1427324201353N00119245EA0045000449
B1427334201356N00119255EA0044500448
B1427344201361N00119266EA0044800448
B1427354201364N00119277EA0044100447
B1427364201366N00119289EA0046200447
B1427374201369N00119300EA0045300447
B1427384201373N00119310EA0046200447
B1427394201374N00119322EA0046800447
B1427404201375N00119334EA0045000449
B1427414201376N00119346EA0045600449
B1427424201376N00119358EA0045200449
B1427434201375N00119370EA0046400449
B1427444201374N00119384EA0046300449
B1427454201371N00119396EA0040900449
B1427464201369N00119409EA0046800447
B1427474201368N00119422EA0045400446
B1427484201366N00119436EA0046600445
B1427494201364N00119449EA0045900443
B1427504201363N00119464EA0045900442
B1427514201361N00119478EA0045400442
B1427524201359N00119493EA0045000441
B1427534201357N00119508EA0046300441
B1427544201356N00119522EA0046000441
B1427554201353N00119536EA0045900440
B1427564201351N00119551EA0045800440
B1427574201349N00119565EA0046800440
B1427584201346N00119580EA0045900440
B1427594201344N00119595EA0046000440
B1428004201342N00119609EA0045500440
B1428014201339N00119623EA0045700440
B1428024201338N00119638EA0045400440
B1428034201335N00119653EA0046100440
B1428044201332N00119669EA0046100441
B1428054201330N00119683EA0045700441
B1428064201329N00119698EA0045900441
B1428074201327N00119714EA0045700442
B1428084201325N00119729EA0046300442
B1428094201325N00119745EA0045900443
B1428104201324N00119760EA0046300443
B1428114201324N00119776EA0046000443
B1428124201324N00119792EA0045100443
B1428134201324N00119807EA0046600443
B1428144201323N00119822EA0045800443
B1428154201325N00119835EA0046300443
B1428164201325N00119848EA0045900441
B1428174201326N00119862EA0045900441
B1428184201327N00119877EA0045900440
B1428194201327N00119892EA0046100440
B1428204201327N00119907EA0046200440
B1428214201327N00119922EA0046300439
B1428224201328N00119937EA0046000439
B1428234201328N00119952EA0046500439
B1428244201328N00119967EA0046700439
B1428254201328N00119981EA0046100439
B1428264201329N00119995EA0046500439
B1428274201330N00120009EA0046600439
B1428284201331N00120023EA0046700440
B1428294201331N00120038EA0047100440
B1428304201331N00120051EA0046800440
B1428314201332N00120064EA0046800441
B1428324201332N00120076EA0046600441
B1428334201334N00120088EA0046500442
B1428344201335N00120099EA0046400443
B1428354201336N00120110EA0046400443
B1428364201339N00120121EA0046300444
B1428374201342N00120132EA0046500444
B1428384201346N00120142EA0046600445
B1428394201350N00120150EA0046200445
B1428404201354N00120160EA0046300445
B1428434201366N00120188EA0046700444
B1428444201371N00120195EA0046400443
B1428454201375N00120202EA0042400443
B1428464201379N00120210EA0047500443
B1428474201383N00120220EA0047800443
B1428484201385N00120228EA0046300443
B1428494201386N00120237EA0046200443
B1428504201388N00120246EA0046200443
B1428514201390N00120254EA0046400443
B1428524201392N00120264EA0047000444
B1428534201393N00120273EA0047000444
B1428544201394N00120282EA0047100445
B1428554201394N00120290EA0046900446
B1428564201395N00120297EA0046800446
B1428574201395N00120305EA0046600445
B1428584201396N00120312EA0046800444
B1428594201395N00120320EA0046400444
B1429004201397N00120327EA0046800444
B1429014201398N00120334EA0046900444
B1429024201399N00120341EA0046500443
B1429034201398N00120347EA0046500443
B1429044201398N00120352EA0046500444
B1429054201398N00120357EA0046700445
B1429064201398N00120362EA0047900445
B1429074201397N00120366EA0046700446
B1429084201395N00120369EA0046600446
B1429094201394N00120373EA0046600447
B1429104201394N00120375EA0046900447
B1429114201393N00120377EA0046700448
B1429124201392N00120379EA0046400449
B1429134201391N00120380EA0046500450
B1429144201390N00120382EA0046500451
B1429154201389N00120383EA0046600451
B1429164201390N00120383EA0046600452
B1429174201389N00120384EA0046800452
B1429184201390N00120384EA0046800452
B1429194201391N00120384EA0047100453
B1429204201392N00120383EA0046400454
B1429214201393N00120384EA0046800454
B1429224201393N00120382EA0046800455
B1429234201394N00120382EA0046700455
B1429244201395N00120382EA0046200456
B1429254201395N00120382EA0046700455
B1429264201396N00120381EA0046500455
B1429274201396N00120382EA0046800455
B1429284201396N00120381EA0046200456
B1429294201395N00120381EA0046900455
B1429304201396N00120381EA0046600454
B1429314201396N00120381EA0046300454
B1429324201396N00120381EA0046400453
B1429334201396N00120381EA0046900453
B1429344201395N00120381EA0047200453
B1429354201395N00120382EA0046500454
B1429364201396N00120383EA0047600454
B1429374201397N00120383EA0049800454
B1429384201397N00120383EA0044800455
B1429394201397N00120385EA0045900455
B1429404201397N00120384EA0046600455
B1429414201397N00120384EA0046400456
B1429424201397N00120385EA0046600456
B1429434201398N00120385EA0046600457
B1429444201398N00120385EA0047600458
B1429454201398N00120386EA0046700459
B1429464201397N00120386EA0046200459
B1429474201397N00120386EA0046800460
B1429484201396N00120386EA0046500461
B1429494201396N00120385EA0046700461
B1429504201396N00120386EA0046600461
B1429514201395N00120387EA0046700462
B1429524201395N00120387EA0048800462
B1429534201394N00120386EA0046400462
B1429544201394N00120386EA0047500463
B1429554201394N00120385EA0046500463
B1429564201394N00120385EA0047100463
B1429574201394N00120384EA0046400464
B1429584201395N00120383EA0046700464
B1429594201395N00120383EA0046600464
B1430004201394N00120383EA0046700464
B1430014201394N00120383EA0047400465
B1430024201394N00120383EA0049400466
B1430034201394N00120383EA0047100466
B1430044201394N00120382EA0046800467
B1430054201394N00120382EA0046700468
B1430064201394N00120382EA0049700467
B1430074201394N00120382EA0047100467
B1430084201395N00120381EA0046800468
B1430094201395N00120381EA0046700468
B1430104201395N00120381EA0046700468
B1430114201396N00120381EA0046500468
B1430124201396N00120381EA0046800468
B1430134201395N00120380EA0046700468
B1430144201396N00120380EA0046800468
B1430154201396N00120380EA0046700469
B1430164201396N00120379EA0046800469
B1430174201396N00120379EA0046600470
B1430184201396N00120380EA0046800470
B1430194201396N00120380EA0046700470
B1430204201396N00120380EA0046700470
B1430214201396N00120380EA0046600470
B1430224201397N00120380EA0046500468
B1430234201397N00120380EA0046700468
B1430244201396N00120379EA0046600468
B1430254201396N00120379EA0046600469
B1430264201396N00120379EA0046400470
B1430274201396N00120379EA0046600469
B1430284201396N00120378EA0046600469
B1430294201396N00120378EA0046600469
B1430304201396N00120377EA0046800469
B1430314201396N00120377EA0046500469
B1430324201396N00120376EA0046600469
B1430334201396N00120376EA0046700469
B1430344201396N00120375EA0046800469
B1430354201396N00120374EA0046700469
B1430364201396N00120373EA0046600469
B1430374201396N00120373EA0046400469
B1430384201396N00120372EA0046700469
B1430394201395N00120371EA0046700469
B1430404201395N00120370EA0046400469
B1430414201395N00120369EA0046700470
B1430424201395N00120368EA0046300471
B1430434201395N00120368EA0046600471
B1430444201395N00120367EA0046700471
B1430454201395N00120366EA0046600471
B1430464201395N00120366EA0046700471
B1430474201395N00120366EA0046700471
B1430484201395N00120365EA0046700470
B1430494201395N00120365EA0046700469
B1430504201396N00120364EA0046700469
B1430514201396N00120364EA0046600469
B1430524201396N00120363EA0046800469
B1430534201397N00120363EA0046300469
B1430544201397N00120362EA0046700469
B1430554201398N00120362EA0046700469
B1430564201398N00120361EA0046800468
B1430574201399N00120361EA0046700468
B1430584201400N00120360EA0046800468
B1430594201400N00120359EA0046800468
B1431004201401N00120358EA0046500468
B1431014201401N00120358EA0046700468
B1431024201402N00120357EA0046800467
B1431034201402N00120356EA0046800468
B1431044201403N00120356EA0047000468
B1431054201403N00120355EA0046900468
B1431064201404N00120356EA0046900468
B1431074201405N00120356EA0046900469
B1431084201405N00120356EA0046600469
B1431094201405N00120356EA0046600469
B1431104201406N00120356EA0046500469
B1431114201407N00120356EA0046800469
B1431124201408N00120356EA0046800469
B1431134201408N00120356EA0046600469
B1431144201409N00120356EA0046700470
B1431154201410N00120356EA0046900469
B1431164201410N00120356EA0046200470
B1431174201411N00120356EA0046600470
B1431184201411N00120355EA0046500470
B1431194201412N00120355EA0046900470
B1431204201412N00120355EA0046900470
B1431214201413N00120355EA0047000470
B1431224201414N00120355EA0046800471
B1431234201414N00120356EA0047100471
B1431244201415N00120355EA0047000471
B1431254201416N00120355EA0046400471
B1431264201416N00120355EA0046500471
B1431274201417N00120355EA0046900471
B1431284201418N00120355EA0046900472
B1431294201418N00120355EA0046800471
B1431304201419N00120355EA0047000471
B1431314201419N00120355EA0046500471
B1431324201419N00120355EA0046500471
B1431334201420N00120355EA0046900471
B1431344201420N00120355EA0046900472
B1431354201421N00120355EA0046800472
B1431364201421N00120355EA0046600473
B1431374201421N00120355EA0046900473
B1431384201421N00120355EA0046200474
B1431394201421N00120355EA0046900475
B1431404201421N00120354EA0046800475
B1431414201421N00120355EA0046800476
B1431424201420N00120355EA0046700477
B1431434201420N00120355EA0046800477
B1431444201419N00120355EA0046700479
B1431454201418N00120355EA0046800480
B1431464201417N00120356EA0046800481
B1431474201418N00120355EA0046800482
B1431484201418N00120356EA0046900483
B1431494201418N00120356EA0046600484
B1431504201418N00120355EA0046800485
B1431514201419N00120355EA0046700487
B1431524201420N00120354EA0046800487
B1431534201421N00120355EA0046800488
B1431544201422N00120355EA0046800488
B1431554201424N00120357EA0046800489
B1431564201425N00120357EA0046700490
B1431574201424N00120355EA0046700492
B1431584201425N00120354EA0046800493
B1431594201424N00120358EA0046800494
B1432004201424N00120359EA0046700493
B1432014201424N00120359EA0046800494
B1432024201424N00120359EA0046600495
B1432034201424N00120360EA0046900496
B1432044201424N00120360EA0046700497
B1432054201424N00120363EA0046800498
B1432064201424N00120364EA0046800496
B1432074201425N00120365EA0046800497
B1432084201425N00120366EA0046800498
B1432094201426N00120367EA0046700500
B1432104201426N00120368EA0046800501
B1432114201427N00120371EA0046800502
B1432124201427N00120372EA0046600504
B1432134201428N00120373EA0046700505
B1432144201428N00120374EA0046800506
B1432154201428N00120375EA0046800513
B1432164201429N00120376EA0046800514
B1432174201430N00120379EA0046800515
B1432184201431N00120380EA0046800522
B1432194201431N00120381EA0046800523
B1432204201431N00120384EA0046700525
B1432214201431N00120385EA0046800524
B1432224201431N00120385EA0046800525
B1432234201431N00120387EA0046800526
B1432244201431N00120387EA0046800529
B1432254201431N00120388EA0046800530
B1432264201428N00120389EA0046800531
B1432274201428N00120390EA0046800536
B1432284201428N00120390EA0046800537
B1432294201429N00120389EA0046700539
B1432304201430N00120390EA0046700547
B1432314201430N00120390EA0046700549
B1432324201427N00120388EA0046800551
B1432334201426N00120389EA0046800549
B1432344201426N00120389EA0046700550
B1432354201429N00120387EA0046500552
B1432364201429N00120386EA0046900563
B1432374201429N00120386EA0046800565
B1432384201427N00120386EA0046800567
B1432394201427N00120386EA0046700579
B1432404201427N00120385EA0046800581
B1432414201424N00120385EA0046900583
B1432424201424N00120385EA0046800582
B1432434201424N00120385EA0046800584
B1432444201427N00120386EA0046800586
B1432454201427N00120386EA0046800593
B1432464201428N00120386EA0046700595
B1432474201426N00120385EA0046800597
B1432484201426N00120385EA0046600594
B1432494201427N00120385EA0046800596
B1432504201424N00120386EA0046700598
B1432514201424N00120386EA0046900589
B1432524201423N00120386EA0046800591
B1432534201425N00120388EA0046800592
B1432544201425N00120388EA0046800582
B1432554201424N00120388EA0046800583
B1432564201421N00120389EA0046700585
B1432574201421N00120389EA0046800588
B1432584201420N00120389EA0046700590
B1432594201418N00120392EA0046800591
B1433004201417N00120393EA0046700597
B1433014201416N00120393EA0046700598
B1433024201415N00120399EA0046700600
B1433034201415N00120400EA0046800592
B1433044201414N00120401EA0046700593
B1433054201414N00120406EA0046800595
B1433064201414N00120407EA0046600598
B1433074201413N00120408EA0046800599
B1433084201414N00120407EA0046700601
B1433094201414N00120409EA0046800591
B1433104201413N00120410EA0046800592
B1433114201414N00120415EA0046800593
B1433124201413N00120416EA0046900587
B1433134201413N00120417EA0046800588
B1433144201411N00120411EA0046800589
B1433154201411N00120412EA0046700595
B1433164201410N00120413EA0046700596
B1433174201409N00120413EA0046700597
B1434414201431N00120344EA0046900582
B1434424201430N00120349EA0047100579
B1434434201430N00120353EA0046500577
B1434444201430N00120356EA0046800575
B1434454201429N00120358EA0046800574
B1434464201429N00120360EA0046700573
B1434474201428N00120363EA0046800572
B1434484201428N00120365EA0046900571
B1434494201429N00120366EA0046800567
B1434504201429N00120367EA0046700566
B1434514201428N00120368EA0046600565
B1434524201428N00120368EA0046800565
B1434534201428N00120368EA0046800564
B1434544201428N00120368EA0046700564
B1434554201428N00120368EA0046800565
B1434564201427N00120368EA0046900564
B1434574201427N00120368EA0046800563
B1434584201427N00120368EA0046800563
B1434594201427N00120368EA0046800562
B1435004201427N00120368EA0046800561
B1435014201427N00120368EA0046800561
B1435024201426N00120368EA0046700560
B1435034201426N00120368EA0046800560
B1435084201425N00120366EA0046800557
B1435094201425N00120366EA0046800556
B1435104201424N00120365EA0046800553
B1435114201424N00120365EA0046800551
B1435124201424N00120366EA0046800550
B1435134201424N00120365EA0046900547
B1435144201425N00120362EA0046800545
B1435154201425N00120361EA0046800540
B1435164201425N00120360EA0046600535
B1435174201425N00120359EA0046800534
B1435184201425N00120358EA0046800533
B1435194201425N00120358EA0046800527
B1435204201425N00120357EA0046800526
B1435214201425N00120359EA0046700525
B1435224201425N00120358EA0046700525
B1435234201424N00120358EA0046800525
B1435244201423N00120361EA0046800524
B1435254201422N00120361EA0046800525
B1435264201421N00120361EA0046800524
B1435274201422N00120362EA0046800524
B1435284201421N00120362EA0046700523
B1435294201421N00120362EA0046800523
B1435304201422N00120364EA0046800522
B1435314201422N00120364EA0046700519
B1435324201421N00120364EA0046700519
B1435334201421N00120359EA0046700518
B1435344201422N00120359EA0046700519
B1435354201421N00120359EA0046800518
B1435364201422N00120361EA0046800518
B1435374201421N00120361EA0046800514
B1435384201421N00120360EA0046800514
B1435394201421N00120360EA0046700514
B1435404201421N00120359EA0046700515
B1435414201421N00120359EA0046700515
B1435424201421N00120361EA0046800515
B1435434201420N00120361EA0046700516
B1435444201420N00120361EA0046700515
B1435454201420N00120359EA0046700515
B1435464201420N00120359EA0046700518
B1435474201421N00120359EA0046700518
B1435484201421N00120360EA0046700518
B1435494201422N00120361EA0046700516
B1435504201422N00120360EA0046800516
B1435514201422N00120359EA0046700516
B1435524201422N00120359EA0046700515
B1435534201422N00120359EA0046800515
B1435544201421N00120364EA0046700515
B1435554201421N00120364EA0046700514
B1435564201421N00120364EA0046700513
B1435574201421N00120365EA0046700513
B1435584201420N00120364EA0046700510
B1435594201420N00120364EA0046700510
B1436004201420N00120363EA0046700510
B1436014201421N00120363EA0046700513
B1436024201421N00120363EA0046700513
B1436034201421N00120362EA0046700512
B1436044201420N00120362EA0046700513
B1436054201420N00120362EA0046700513
B1436064201421N00120359EA0046700513
B1436074201420N00120359EA0046700515
B1436084201420N00120359EA0046700515
B1436094201421N00120354EA0046600515
B1436104201421N00120354EA0046600515
B1436114201421N00120354EA0046700515
B1436124201422N00120354EA0046700515
B1436134201423N00120354EA0046700513
B1436144201423N00120354EA0046700513
B1436154201424N00120350EA0046600513
B1436164201424N00120350EA0046600515
B1436174201425N00120350EA0046700515
B1436184201425N00120350EA0046600515
B1436194201424N00120349EA0046700515
B1436204201424N00120349EA0046700515
B1436214201425N00120344EA0046700515
B1436224201425N00120344EA0046700518
B1436234201425N00120343EA0046700518
B1436244201426N00120344EA0046700518
B1436254201426N00120342EA0046700516
B1436264201426N00120342EA0046700516
B1436274201426N00120345EA0046700516
B1436284201426N00120345EA0046700515
B1436294201427N00120345EA0046700515
B1436304201426N00120348EA0046700515
B1436314201426N00120347EA0046700513
B1436324201426N00120346EA0046700513
B1436334201424N00120344EA0046700512
B1436344201425N00120343EA0046700513
B1436354201424N00120343EA0046700513
B1436364201424N00120341EA0046700513
B1436374201424N00120340EA0046700512
B1436384201425N00120341EA0046700512
B1436394201425N00120346EA0046600513
B1436404201425N00120346EA0046700511
B1436414201425N00120345EA0046700511
B1436424201425N00120341EA0046700511
B1436434201425N00120340EA0046700510
B1436444201426N00120340EA0046700510
B1436454201426N00120340EA0046700510
B1436464201426N00120339EA0046700509
B1436474201426N00120339EA0046700509
B1436484201427N00120339EA0046600509
B1436494201427N00120339EA0046700507
B1436504201427N00120338EA0046700507
B1436514201428N00120336EA0046700507
B1436524201428N00120335EA0046700508
B1436534201428N00120335EA0046700508
B1436544201427N00120335EA0046700508
B1436554201427N00120334EA0046600508
B1436564201427N00120334EA0046700507
B1436574201428N00120336EA0046700507
B1436584201428N00120336EA0046700504
B1436594201428N00120335EA0046700504
B1437004201428N00120334EA0046600504
B1437014201428N00120334EA0046700504
B1437024201428N00120333EA0046700504
B1437034201428N00120329EA0046700504
B1437044201428N00120328EA0046700503
B1437054201428N00120327EA0046700503
B1437064201429N00120328EA0046700502
B1437074201428N00120328EA0046700504
B1437084201428N00120327EA0046700504
B1437094201428N00120326EA0046700504
B1437104201427N00120325EA0046700503
B1437114201427N00120324EA0046600503
B1437124201428N00120329EA0046700502
B1437134201428N00120328EA0046700499
B1437144201429N00120328EA0046700499
B1437154201429N00120328EA0046700498
B1437164201429N00120327EA0046700499
B1437174201429N00120327EA0046700499
B1437184201428N00120329EA0046700498
B1437194201429N00120330EA0046700498
B1437204201429N00120329EA0046700498
B1437214201428N00120335EA0046700497
B1437224201429N00120335EA0046600498
B1437234201428N00120335EA0046700498
B1437244201427N00120341EA0046600498
B1437254201428N00120341EA0046700496
B1437264201428N00120342EA0046700496
B1437274201428N00120342EA0046700496
B1437284201428N00120342EA0046700494
B1437294201427N00120343EA0046700494
B1437304201427N00120347EA0046700494
B1437314201427N00120347EA0046700493
B1437324201427N00120348EA0046600493
B1437334201427N00120343EA0046700493
B1437344201427N00120344EA0046700496
B1437354201427N00120345EA0046700497
B1437364201427N00120349EA0046700497
B1437374201428N00120349EA0046700494
B1437384201428N00120350EA0046700494
B1437394201428N00120354EA0046700494
B1437404201428N00120355EA0046700497
B1437414201429N00120356EA0046500497
B1437424201429N00120352EA0046700497
B1437434201429N00120352EA0046600498
B1437444201429N00120353EA0046700498
B1437454201429N00120356EA0046700498
B1437464201429N00120357EA0046600497
B1437474201430N00120357EA0046700497
B1437484201429N00120354EA0046700497
B1437494201429N00120355EA0046700498
B1437504201429N00120355EA0046700498
B1437514201428N00120354EA0046700498
B1437524201428N00120354EA0046700502
B1437534201429N00120354EA0046700502
B1437544201429N00120354EA0046700502
B1437554201429N00120354EA0046800502
B1437564201429N00120355EA0046600502
B1437574201429N00120357EA0046700502
B1437584201429N00120357EA0046700501
B1437594201429N00120358EA0046700501
B1438004201429N00120362EA0046700501
B1438014201429N00120362EA0046700498
B1438024201429N00120362EA0046700498
B1438034201428N00120362EA0046700498
B1438044201428N00120363EA0046700495
B1438054201428N00120364EA0046700495
B1438064201428N00120367EA0046700495
B1438074201428N00120367EA0046700495
B1438084201428N00120368EA0046600495
B1438094201428N00120372EA0046700495
B1438104201427N00120373EA0046700495
B1438114201428N00120374EA0046700495
B1438124201427N00120377EA0046600495
B1438134201427N00120378EA0046700494
B1438144201427N00120379EA0046700493
B1438154201427N00120386EA0046700493
B1438164201426N00120387EA0046700493
B1438174201426N00120388EA0046700493
B1438184201427N00120390EA0046700492
B1438194201427N00120392EA0046700494
B1438204201427N00120393EA0046700494
B1438214201426N00120394EA0046700494
B1438224201425N00120395EA0046700494
B1438234201425N00120396EA0046700494
B1438244201425N00120395EA0046700494
B1438254201425N00120396EA0046700490
B1438264201425N00120397EA0046700490
B1438274201425N00120400EA0046700490
B1438284201425N00120401EA0046700488
B1438294201425N00120402EA0046700487
B1438304201427N00120406EA0046700487
B1438314201427N00120407EA0046700483
B1438324201427N00120408EA0046700482
B1438334201427N00120408EA0046700482
B1438344201427N00120409EA0046700480
B1438354201426N00120410EA0046700479
B1438364201427N00120415EA0046700478
B1438374201426N00120416EA0046700479
B1438384201425N00120416EA0046700478
B1438394201426N00120412EA0046700477
B1438404201426N00120412EA0046700478
B1438414201425N00120413EA0046600477
B1438424201425N00120416EA0046700477
B1438434201424N00120416EA0046700477
B1438444201424N00120417EA0046700476
B1438454201425N00120421EA0046700475
B1438464201425N00120422EA0046700474
B1438474201425N00120422EA0046700474
B1438484201425N00120420EA0046700473
B1438494201425N00120420EA0046700471
B1438504201425N00120421EA0046700471
B1438514201424N00120416EA0046700470
B1438524201423N00120416EA0046700473
B1438534201423N00120416EA0046700472
B1438544201423N00120417EA0046700472
B1438554201422N00120417EA0046700472
B1438564201422N00120417EA0046700472
B1438574201422N00120415EA0046700471
B1438584201421N00120415EA0046800465
B1438594201421N00120416EA0046700464
B1439004201422N00120421EA0046700463
B1439014201421N00120422EA0046700457
B1439024201421N00120421EA0046700457
B1439034201421N00120421EA0046700456
B1439044201421N00120421EA0046700455
B1439054201420N00120421EA0046700455
B1439064201421N00120417EA0046700454
B1439074201421N00120417EA0046700452
B1439084201421N00120418EA0046800452
B1439094201421N00120419EA0046800451
B1439104201422N00120419EA0046700448
B1439114201422N00120419EA0046700447
B1439124201423N00120423EA0046700446
B1439134201423N00120423EA0046700443
B1439144201423N00120424EA0046700443
B1439154201424N00120426EA0046700442
B1439164201424N00120427EA0046800442
B1439174201425N00120427EA0046700441
B1439184201424N00120430EA0046700440
B1439194201424N00120430EA0046700434
B1439204201424N00120430EA0046700434
B1439214201424N00120429EA0046700433
B1439224201424N00120429EA0046700427
B1439234201424N00120429EA0046700426
B1439244201424N00120432EA0046800426
B1439254201424N00120432EA0046700422
B1439264201424N00120432EA0046700421
B1439274201425N00120425EA0046800420
B1439284201425N00120425EA0046500415
B1439294201425N00120425EA0046900414
B1439304201426N00120421EA0046800413
B1439314201425N00120420EA0046900409
B1439324201424N00120418EA0046800408
B1439334201425N00120419EA0046800408
B1439344201425N00120419EA0046700406
B1439354201425N00120419EA0046800406
B1439364201424N00120417EA0046800405
B1439374201423N00120418EA0047100404
B1439384201422N00120419EA0046600404
B1439394201423N00120417EA0046900404
B1439404201423N00120415EA0046700405
B1439414201424N00120409EA0046500406
B1439424201423N00120403EA0046700410
B1439434201424N00120400EA0046800414
B1439444201424N00120399EA0046800417
B1439454201423N00120394EA0047000417
B1439464201422N00120390EA0046900421
B1439474201422N00120386EA0046900424
B1439484201421N00120383EA0046700427
B1439494201421N00120381EA0046700431
B1439504201421N00120379EA0046900434
B1439514201420N00120372EA0046800437
B1439524201419N00120368EA0046700447
B1439534201418N00120365EA0046800454
B1439544201417N00120363EA0046600459
B1439554201417N00120362EA0046800462
B1439564201416N00120361EA0046800464
B1439574201416N00120360EA0047000467
B1439584201415N00120360EA0046900468
B1439594201414N00120359EA0046700469
B1440004201413N00120359EA0047000470
B1440014201413N00120359EA0046700471
B1440024201413N00120359EA0046600471
B1440034201412N00120359EA0046800471
B1440044201412N00120359EA0046800471
B1440054201411N00120359EA0046700470
B1440064201410N00120358EA0046900470
B1440074201410N00120358EA0046700471
B1440084201409N00120358EA0046600471
B1440094201409N00120358EA0046800471
B1440104201408N00120357EA0046500471
B1440114201407N00120357EA0046500471
B1440124201407N00120357EA0046800471
B1440134201406N00120357EA0046800471
B1440144201406N00120356EA0046700471
B1440154201405N00120356EA0046800472
B1440164201405N00120356EA0046800472
B1440174201404N00120357EA0046800472
B1440184201404N00120357EA0046800472
B1440194201404N00120357EA0046500472
B1440204201404N00120358EA0046700472
B1440214201404N00120359EA0046900472
B1440224201404N00120359EA0047000470
B1440234201404N00120360EA0047000470
B1440244201404N00120361EA0047000470
B1440254201404N00120362EA0046800470
B1440264201403N00120363EA0046800469
B1440274201403N00120364EA0046800469
B1440284201403N00120364EA0046500469
B1440294201403N00120365EA0046700469
B1440304201403N00120365EA0046800469
B1440314201403N00120365EA0046800468
B1440324201403N00120366EA0047000468
B1440334201403N00120367EA0046800469
B1440344201403N00120368EA0047300468
B1440354201403N00120368EA0046900468
B1440364201403N00120368EA0046400468
B1440374201403N00120369EA0046500468
B1440384201403N00120369EA0046800468
B1440394201402N00120370EA0046700468
B1440404201402N00120371EA0046900468
B1440414201402N00120372EA0046800468
B1440424201402N00120373EA0046900468
B1440434201402N00120373EA0046600468
B1440444201402N00120374EA0046700468
B1440454201402N00120374EA0046800468
B1440464201402N00120374EA0046200468
B1440474201401N00120374EA0046800468
B1440484201401N00120374EA0045900468
B1440494201402N00120374EA0046900467
B1440504201401N00120374EA0045800468
B1440514201402N00120374EA0047900468
B1440524201401N00120374EA0046900468
B1440534201402N00120374EA0046700468
B1440544201401N00120374EA0046900468
B1440554201401N00120374EA0043700469
B1440564201402N00120374EA0048100469
B1440574201402N00120374EA0047700469
B1440584201402N00120374EA0047200469
B1440594201401N00120374EA0046400469
B1441004201401N00120374EA0046300469
B1441014201401N00120374EA0046100469
B1441024201401N00120374EA0044000468
B1441034201401N00120374EA0046400468
B1441044201401N00120374EA0046800468
B1441054201401N00120374EA0047600467
B1441064201401N00120374EA0047300467
B1441074201401N00120374EA0046300467
B1441084201401N00120374EA0046500467
B1441094201402N00120375EA0046700467
B1441104201402N00120374EA0046800467
B1441114201402N00120375EA0046600467
B1441124201402N00120374EA0047300467
B1441134201402N00120374EA0047600467
B1441144201402N00120374EA0042200467
B1441154201402N00120374EA0049400467
B1441164201402N00120375EA0048600468
B1441174201401N00120374EA0045700468
B1441184201401N00120375EA0046400468
B1441194201401N00120375EA0046700468
B1441204201401N00120375EA0046700468
B1441214201401N00120375EA0046700468
B1441224201401N00120375EA0046500468
B1441234201400N00120375EA0046800468
B1441244201400N00120375EA0046800468
B1441254201400N00120375EA0046900468
B1441264201399N00120375EA0046800468
B1441274201399N00120375EA0046500467
B1441284201399N00120375EA0046800466
B1441294201399N00120375EA0046900466
B1441304201399N00120375EA0046900465
B1441314201399N00120375EA0046800465
B1441324201399N00120375EA0046900464
B1441334201399N00120375EA0046700465
B1441344201399N00120375EA0046700464
B1441354201399N00120375EA0046800464
B1441364201399N00120375EA0047000464
B1441374201399N00120375EA0047200464
B1441384201399N00120375EA0047400464
B1441394201399N00120375EA0046300465
B1441404201400N00120375EA0046300466
B1441414201400N00120375EA0046700466
B1441424201400N00120375EA0046800467
B1441434201400N00120375EA0047100466
B1441444201401N00120375EA0047200467
B1441454201401N00120374EA0046800467
B1441464201401N00120374EA0047100468
B1441474201401N00120374EA0046600468
B1441484201402N00120374EA0046200468
B1441494201402N00120373EA0046800468
B1441504201402N00120373EA0047400468
B1441514201402N00120373EA0046600468
B1441524201402N00120373EA0046300468
B1441534201402N00120373EA0047100468
B1441544201402N00120373EA0047400468
B1441554201402N00120373EA0045100467
B1441564201402N00120373EA0048700468
B1441574201402N00120373EA0046400468
B1441584201402N00120373EA0046100468
B1441594201402N00120373EA0045800468
B1442004201402N00120373EA0046500468
B1442014201402N00120373EA0046800467
B1442024201402N00120373EA0046500467
B1442034201402N00120373EA0046700467
B1442044201401N00120373EA0046700468
B1442054201401N00120373EA0046800468
B1442064201401N00120374EA0047900469
B1442074201401N00120373EA0045800469
B1442084201400N00120373EA0046300469
B1442094201400N00120373EA0046600469
B1442104201400N00120373EA0047100469
B1442114201400N00120373EA0047600469
B1442124201400N00120372EA0046200468
B1442134201401N00120372EA0046600468
B1442144201401N00120372EA0046700468
B1442154201401N00120373EA0046800469
B1442164201401N00120373EA0046800469
B1442174201401N00120373EA0046700469
B1442184201401N00120373EA0046700469
B1442194201401N00120373EA0046800468
B1442204201401N00120373EA0046700469
B1442214201401N00120373EA0046700469
B1442224201401N00120373EA0046700469
B1442234201401N00120373EA0046800469
B1442244201401N00120373EA0046700470
B1442254201401N00120373EA0046700471
B1442264201400N00120373EA0046800472
B1442274201401N00120373EA0046800472
B1442284201400N00120374EA0046800473
B1442294201400N00120374EA0046700473
B1442304201400N00120374EA0046700473
B1442314201400N00120374EA0046800475
B1442324201400N00120374EA0047600475
B1442334201400N00120374EA0046600476
B1442344201399N00120374EA0046800475
B1442354201399N00120374EA0046800474
B1442364201399N00120374EA0046800475
B1442374201399N00120374EA0046700474
B1442384201398N00120374EA0046800475
B1442394201398N00120373EA0046800475
B1442404201398N00120373EA0046700475
B1442414201398N00120373EA0046800476
B1442424201398N00120373EA0046800477
B1442434201398N00120373EA0046800478
B1442444201398N00120373EA0046700477
B1442454201398N00120373EA0046800478
B1442464201398N00120373EA0046800476
B1442474201398N00120373EA0046800474
B1442484201398N00120373EA0046800474
B1442494201398N00120373EA0046800474
B1442504201397N00120373EA0046800474
B1442514201398N00120373EA0046800474
B1442524201398N00120373EA0046800475
B1442534201398N00120373EA0046800476
B1442544201398N00120372EA0046800478
B1442554201398N00120372EA0046800477
B1442564201398N00120372EA0046800476
B1442574201398N00120372EA0046800476
B1442584201398N00120372EA0046800476
B1442594201398N00120372EA0046800476
B1443004201397N00120372EA0046800476
B1443014201397N00120373EA0046800475
B1443024201397N00120373EA0046700474
B1443034201397N00120372EA0046800472
B1443044201397N00120373EA0046800471
B1443054201397N00120373EA0046800470
B1443064201397N00120373EA0046800471
B1443074201397N00120374EA0047300469
B1443084201397N00120374EA0048200469
B1443094201397N00120374EA0047400468
B1443104201397N00120374EA0047000467
B1443114201397N00120375EA0046800466
B1443124201397N00120375EA0046700466
B1443134201397N00120375EA0046900466
B1443144201397N00120375EA0046900467
B1443154201397N00120375EA0046800468
B1443164201397N00120376EA0046800469
B1443174201397N00120376EA0046800469
B1443184201397N00120377EA0046800470
B1443194201397N00120376EA0046800470
B1443204201398N00120376EA0046800473
B1443214201398N00120376EA0046800475
B1443224201398N00120376EA0046700476
B1443234201398N00120376EA0046800477
B1443244201398N00120376EA0046800477
B1443254201398N00120376EA0046800478
B1443264201398N00120376EA0046800478
B1443274201398N00120376EA0046800478
B1443284201398N00120375EA0046700478
B1443294201398N00120375EA0046800478
B1443304201398N00120376EA0046700479
B1443314201398N00120376EA0046800480
B1443324201398N00120376EA0046800481
B1443334201399N00120376EA0046600481
B1443344201399N00120376EA0046700482
B1443354201398N00120376EA0046800482
B1443364201399N00120376EA0046700483
B1443374201399N00120376EA0046800483
B1443384201399N00120375EA0046800484
B1443394201399N00120375EA0046800484
B1443404201399N00120375EA0046900484
B1443414201399N00120375EA0046700485
B1443424201399N00120375EA0046800484
B1443434201399N00120375EA0046700484
B1443444201399N00120375EA0046800483
B1443454201399N00120375EA0046800483
B1443464201399N00120375EA0046700483
B1443474201400N00120374EA0046800483
B1443484201400N00120374EA0045500483
B1443494201400N00120374EA0045400482
B1443504201401N00120374EA0047300482
B1443514201401N00120374EA0047300483
B1443524201401N00120374EA0046100483
B1443534201401N00120374EA0047400482
B1443544201401N00120373EA0048000482
B1443554201401N00120373EA0047300481
B1443564201401N00120374EA0047000481
B1443574201401N00120374EA0046800481
B1443584201401N00120373EA0046800481
B1443594201401N00120373EA0046700480
B1444004201401N00120373EA0046800480
B1444014201401N00120373EA0046800480
B1444024201401N00120373EA0046700479
B1444034201401N00120373EA0046800479
B1444044201401N00120373EA0046800478
B1444054201401N00120373EA0046800477
B1444064201401N00120373EA0046800477
B1444074201400N00120373EA0046800476
B1444084201400N00120373EA0046800476
B1444094201399N00120374EA0046700476
B1444104201399N00120374EA0046700476
B1444114201399N00120374EA0046800475
B1444124201399N00120374EA0046700475
B1444134201399N00120374EA0046700475
B1444144201399N00120374EA0046800475
B1444154201399N00120374EA0046800475
B1444164201399N00120374EA0046800474
B1444174201399N00120374EA0046800474
B1444184201399N00120375EA0046700474
B1444194201399N00120375EA0046800473
B1444204201398N00120375EA0046800473
B1444214201398N00120375EA0046800473
B1444224201398N00120375EA0046700473
B1444234201398N00120375EA0046800473
B1444244201399N00120375EA0046700473
B1444254201399N00120375EA0046800473
B1444264201399N00120375EA0046800473
B1444274201399N00120374EA0046800473
B1444284201399N00120374EA0046800473
B1444294201399N00120374EA0046800473
B1444304201399N00120374EA0046700473
B1444314201399N00120374EA0046800473
B1444324201399N00120374EA0046800473
B1444334201399N00120374EA0046800473
B1444344201399N00120374EA0046700473
B1444354201400N00120374EA0046800473
B1444364201400N00120374EA0046700473
B1444374201400N00120374EA0046800473
B1444384201400N00120374EA0046800473
B1444394201401N00120374EA0046800473
B1444404201401N00120374EA0046800473
B1444414201401N00120374EA0046800473
B1444424201401N00120374EA0046800472
B1444434201401N00120374EA0046800472
B1444444201401N00120374EA0046700472
B1444454201400N00120374EA0046700472
B1444464201401N00120374EA0046700472
B1444474201400N00120374EA0046700473
B1444484201400N00120374EA0046800473
B1444494201401N00120373EA0046800473
B1444504201400N00120373EA0046600473
B1444514201401N00120373EA0046700473
B1444524201401N00120373EA0046700473
B1444534201401N00120373EA0046800473
B1444544201401N00120373EA0046800473
B1444554201401N00120373EA0046800473
B1444564201401N00120374EA0046800474
B1444574201401N00120374EA0046800473
B1444584201401N00120374EA0046700473
B1444594201401N00120374EA0046700474
B1445004201401N00120374EA0046800474
B1445014201401N00120374EA0046800475
B1445024201401N00120374EA0046800475
B1445034201402N00120373EA0046700474
B1445044201402N00120373EA0046700473
B1445054201402N00120373EA0046700472
B1445064201402N00120373EA0046900472
B1445074201402N00120373EA0046300472
B1445084201402N00120373EA0047200472
B1445094201402N00120373EA0046800472
B1445104201402N00120373EA0046800472
B1445114201401N00120373EA0046800472
B1445124201401N00120373EA0046700474
B1445134201401N00120373EA0046000476
B1445144201400N00120373EA0046700475
B1445154201400N00120373EA0047000475
B1445164201400N00120373EA0046700475
B1445174201400N00120373EA0046800474
B1445184201400N00120374EA0046900475
B1445194201400N00120374EA0046200475
B1445204201401N00120374EA0046600476
B1445214201401N00120374EA0047000476
B1445224201400N00120375EA0046800475
B1445234201400N00120375EA0046500474
B1445244201400N00120375EA0046600474
B1445254201400N00120376EA0046800474
B1445264201400N00120377EA0047200474
B1445274201401N00120378EA0046900474
B1445284201401N00120379EA0046800474
B1445294201401N00120380EA0046700473
B1445304201401N00120381EA0046500473
B1445314201400N00120383EA0046500473
B1445324201400N00120385EA0046400473
B1445334201399N00120388EA0046500473
B1445344201398N00120391EA0046500474
B1445354201397N00120395EA0046500475
B1445364201396N00120399EA0046500476
B1445374201395N00120403EA0046500476
B1445384201394N00120408EA0046600477
B1445394201392N00120413EA0046500477
B1445404201391N00120419EA0046500478
B1445414201390N00120426EA0046500479
B1445424201388N00120432EA0046500479
B1445434201387N00120439EA0046500478
B1445444201385N00120446EA0046600478
B1445454201383N00120452EA0046600478
B1445464201382N00120459EA0046500478
B1445474201380N00120467EA0046600478
B1445484201379N00120474EA0046700477
B1445494201377N00120482EA0046700477
B1445504201375N00120490EA0046700478
B1445514201373N00120499EA0046700478
B1445524201372N00120507EA0046700477
B1445534201370N00120516EA0046700478
B1445544201368N00120526EA0046800478
B1445554201366N00120535EA0046800478
B1445564201364N00120545EA0046800477
B1445574201362N00120555EA0046800477
B1445584201360N00120566EA0046900476
B1445594201358N00120576EA0046900476
B1446004201355N00120586EA0046900475
B1446014201353N00120597EA0046900475
B1446024201350N00120608EA0046900474
B1446034201347N00120620EA0046800474
B1446044201345N00120632EA0046900473
B1446054201342N00120644EA0046800473
B1446064201340N00120657EA0046900472
B1446074201337N00120669EA0046900471
B1446084201334N00120682EA0047000471
B1446094201331N00120694EA0047000471
B1446104201327N00120707EA0047000471
B1446114201324N00120719EA0047100469
B1446124201321N00120731EA0047100470
B1446134201318N00120744EA0047100471
B1446144201315N00120757EA0047200471
B1446154201312N00120769EA0047300471
B1446164201309N00120782EA0047300471
B1446174201306N00120794EA0047300471
B1446184201303N00120806EA0047300471
B1446194201299N00120819EA0047400473
B1446204201297N00120830EA0047300473
B1446214201295N00120842EA0047300473
B1446224201293N00120854EA0047300473
B1446234201292N00120866EA0047300473
B1446244201291N00120878EA0047400473
B1446254201292N00120891EA0047400473
B1446264201293N00120904EA0047400473
B1446274201295N00120917EA0047400473
B1446284201297N00120930EA0047400473
B1446294201299N00120944EA0047400474
B1446304201301N00120958EA0047500474
B1446314201302N00120972EA0047500473
B1446324201302N00120986EA0047500472
B1446334201303N00121001EA0047600472
B1446344201303N00121015EA0047600471
B1446354201304N00121030EA0047600471
B1446364201306N00121045EA0047600469
B1446374201308N00121059EA0047700469
B1446384201311N00121074EA0047700469
B1446394201314N00121089EA0047600469
B1446404201317N00121105EA0047600469
B1446414201320N00121120EA0047600468
B1446424201322N00121134EA0047600469
B1446434201323N00121149EA0047700469
B1446444201324N00121164EA0047800470
B1446454201325N00121180EA0047800470
B1446464201326N00121195EA0047800470
B1446474201326N00121209EA0047800471
B1446484201327N00121224EA0047900472
B1446494201328N00121238EA0047900472
B1446504201330N00121253EA0047900473
B1446514201331N00121266EA0047900474
B1446524201331N00121280EA0047900474
B1446534201332N00121292EA0048000474
B1446544201332N00121306EA0048000475
B1446554201332N00121318EA0048100476
B1446564201331N00121329EA0048100476
B1446574201329N00121341EA0048100479
B1446584201326N00121353EA0048000480
B1446594201325N00121365EA0048100482
B1447004201324N00121377EA0048100483
B1447014201324N00121389EA0048000484
B1447024201324N00121401EA0048100485
B1447034201326N00121411EA0048200485
B1447044201328N00121422EA0048200484
B1447054201332N00121432EA0048200484
B1447064201337N00121441EA0048300485
B1447074201342N00121451EA0048200485
B1447084201347N00121460EA0048100484
B1447094201352N00121470EA0048200484
B1447104201356N00121481EA0048200484
B1447114201359N00121492EA0048400485
B1447124201360N00121503EA0048300485
B1447134201362N00121515EA0048400486
B1447144201363N00121527EA0048400486
B1447154201364N00121539EA0048400488
B1447164201364N00121551EA0048600489
B1447174201363N00121564EA0048700489
B1447184201362N00121577EA0048600491
B1447194201361N00121590EA0048600493
B1447204201359N00121603EA0048600494
B1447214201357N00121615EA0048700496
B1447224201355N00121628EA0048700498
B1447234201352N00121642EA0048700499
B1447244201349N00121654EA0048800499
B1447254201346N00121667EA0048800500
B1447264201343N00121679EA0048800501
B1447274201340N00121691EA0048900502
B1447284201337N00121702EA0048900503
B1447294201333N00121714EA0048900503
B1447304201331N00121725EA0048900504
B1447314201328N00121736EA0048800504
B1447324201328N00121747EA0048800504
B1447334201329N00121758EA0048800505
B1447344201330N00121769EA0048800505
B1447354201333N00121780EA0048800506
B1447364201334N00121790EA0048800506
B1447374201337N00121802EA0048800507
B1447384201338N00121813EA0048900508
B1447394201338N00121824EA0048800508
B1447404201338N00121835EA0049200508
B1447414201336N00121846EA0049000508
B1447424201334N00121857EA0049000508
B1447434201332N00121869EA0049000509
B1447444201331N00121881EA0049000509
B1447454201329N00121894EA0049000508
B1447464201328N00121907EA0049100508
B1447474201327N00121920EA0049100508
B1447484201325N00121933EA0049100508
B1447494201325N00121945EA0049200508
B1447504201324N00121958EA0049200508
B1447514201324N00121970EA0049200507
B1447524201325N00121982EA0049200508
B1447534201328N00121994EA0049200507
B1447544201331N00122006EA0049300506
B1447554201335N00122017EA0049300506
B1447564201340N00122028EA0049300505
B1447574201346N00122038EA0049300504
B1447584201352N00122048EA0049300504
B1447594201357N00122058EA0049300504
B1448004201363N00122069EA0049200505
B1448014201368N00122080EA0049200504
B1448024201374N00122091EA0049200504
B1448034201379N00122104EA0049300503
B1448044201383N00122116EA0049300501
B1448054201386N00122128EA0049400499
B1448064201388N00122141EA0049500498
B1448074201391N00122155EA0049400498
B1448084201392N00122168EA0049400497
B1448094201394N00122182EA0049400496
B1448104201397N00122196EA0049500497
B1448114201400N00122209EA0049500497
B1448124201404N00122223EA0049500497
B1448134201408N00122236EA0049500497
B1448144201412N00122250EA0049600496
B1448154201416N00122263EA0049600495
B1448164201420N00122276EA0049700495
B1448174201425N00122290EA0049700495
B1448184201430N00122304EA0049700496
B1448194201434N00122318EA0049600495
B1448204201439N00122331EA0049700496
B1448214201444N00122345EA0049700496
B1448224201448N00122359EA0049700496
B1448234201451N00122372EA0049700496
B1448244201455N00122387EA0049800497
B1448254201457N00122401EA0049800497
B1448264201457N00122415EA0049900497
B1448274201456N00122427EA0049900497
B1448284201457N00122441EA0049900497
B1448294201457N00122454EA0049900498
B1448304201458N00122467EA0049900498
B1448314201461N00122479EA0050000499
B1448324201465N00122491EA0049900499
B1448334201468N00122503EA0050000499
B1448344201472N00122515EA0050100500
B1448354201477N00122526EA0050100500
B1448364201482N00122538EA0050000500
B1448374201488N00122549EA0050100500
B1448384201493N00122562EA0050100500
B1448394201498N00122574EA0050200500
B1448404201502N00122589EA0050200500
B1448414201505N00122602EA0050200501
B1448424201509N00122616EA0050200501
B1448434201514N00122629EA0050100502
B1448444201519N00122643EA0050200502
B1448454201526N00122657EA0050100501
B1448464201534N00122670EA0050200502
B1448474201542N00122683EA0050200502
B1448484201549N00122696EA0050200503
B1448494201557N00122708EA0050200504
B1448504201565N00122721EA0050200504
B1448514201572N00122733EA0050300504
B1448524201578N00122745EA0050100505
B1448534201584N00122757EA0050200505
B1448544201589N00122770EA0050200505
B1448554201593N00122783EA0050400505
B1448564201596N00122797EA0050500506
B1448574201599N00122812EA0050400506
B1448584201602N00122826EA0050500507
B1448594201604N00122841EA0050400507
B1449004201606N00122856EA0050300508
B1449014201608N00122871EA0050500508
B1449024201608N00122886EA0050600508
B1449034201607N00122901EA0050600508
B1449044201607N00122917EA0050700509
B1449054201608N00122932EA0050700509
B1449064201609N00122947EA0050700509
B1449074201611N00122962EA0050800509
B1449084201614N00122977EA0050900509
B1449094201617N00122992EA0051000509
B1449104201619N00123006EA0050900509
B1449114201622N00123021EA0050900509
B1449124201625N00123035EA0051000509
B1449134201627N00123049EA0051000510
B1449144201630N00123064EA0050900509
B1449154201631N00123079EA0050900510
B1449164201630N00123093EA0050900510
B1449174201630N00123108EA0051200511
B1449184201628N00123124EA0051000511
B1449194201626N00123139EA0051000512
B1449204201624N00123154EA0051000512
B1449214201622N00123169EA0051000512
B1449224201619N00123184EA0051000512
B1449234201617N00123200EA0051100513
B1449244201615N00123215EA0051100513
B1449254201612N00123231EA0051100513
B1449264201610N00123247EA0051200513
B1449274201608N00123263EA0051200514
B1449284201606N00123279EA0051200514
B1449294201603N00123295EA0051100514
B1449304201601N00123312EA0051300515
B1449314201599N00123328EA0051200515
B1449324201597N00123344EA0051300515
B1449334201595N00123361EA0051200515
B1449344201593N00123377EA0051200515
B1449354201591N00123393EA0051200515
B1449364201589N00123409EA0051300514
B1449374201587N00123424EA0051300514
B1449384201585N00123439EA0051200513
B1449394201583N00123453EA0051300513
B1449404201582N00123466EA0051400514
B1449414201582N00123480EA0051400514
B1449424201582N00123493EA0051400514
B1449434201584N00123506EA0051500514
B1449444201587N00123518EA0051500514
B1449454201591N00123530EA0051500513
B1449464201595N00123542EA0051500512
B1449474201598N00123554EA0051500512
B1449484201602N00123566EA0051500511
B1449494201604N00123578EA0051600511
B1449504201605N00123590EA0051700511
B1449514201605N00123602EA0051700510
B1449524201605N00123615EA0051600510
B1449534201604N00123626EA0051600511
B1449544201602N00123638EA0051600510
B1449554201600N00123650EA0051600509
B1449564201597N00123661EA0051800509
B1449574201595N00123673EA0051800508
B1449584201593N00123685EA0051800508
B1449594201593N00123697EA0051800508
B1450004201593N00123710EA0051800508
B1450014201594N00123722EA0051800509
B1450024201595N00123735EA0051900509
B1450034201596N00123748EA0051900509
B1450044201597N00123761EA0052000509
B1450054201598N00123774EA0052000510
B1450064201599N00123787EA0052100510
B1450074201600N00123800EA0052100511
B1450084201601N00123812EA0052000511
B1450094201601N00123824EA0052200511
B1450104201599N00123836EA0052000511
B1450114201596N00123847EA0052000512
B1450124201592N00123858EA0052300514
B1450134201588N00123867EA0052500515
B1450144201583N00123876EA0052300516
B1450154201578N00123886EA0052300516
B1450164201572N00123896EA0052300517
B1450174201567N00123907EA0052300517
B1450184201562N00123917EA0052300518
B1450194201557N00123926EA0052400518
B1450204201552N00123936EA0052400518
B1450214201548N00123947EA0052400518
B1450224201545N00123957EA0052500518
B1450234201542N00123969EA0052500518
B1450244201542N00123981EA0052500518
B1450254201542N00123993EA0052500519
B1450264201544N00124005EA0052500519
B1450274201547N00124017EA0052600520
B1450284201552N00124028EA0052500519
B1450294201557N00124039EA0052500520
B1450304201562N00124050EA0052700519
B1450314201567N00124061EA0052700519
B1450324201572N00124071EA0052800519
B1450334201578N00124082EA0052800519
B1450344201583N00124093EA0052800519
B1450354201589N00124103EA0052800520
B1450364201593N00124115EA0053000521
B1450374201597N00124127EA0053100521
B1450384201599N00124140EA0053100521
B1450394201601N00124152EA0053200521
B1450404201602N00124165EA0053200523
B1450414201601N00124178EA0053300523
B1450424201599N00124191EA0053300523
B1450434201596N00124204EA0053200524
B1450444201595N00124217EA0053300526
B1450454201592N00124230EA0053400528
B1450464201590N00124242EA0053400529
B1450474201589N00124255EA0053600533
B1450484201587N00124267EA0053700536
B1450494201585N00124280EA0053800538
B1450504201583N00124293EA0053900540
B1450514201582N00124305EA0054000540
B1450524201581N00124317EA0054100541
B1450534201580N00124329EA0054300541
B1450544201579N00124341EA0054400542
B1450554201578N00124354EA0054400542
B1450564201578N00124367EA0054600543
B1450574201579N00124379EA0054600543
B1450584201579N00124391EA0054800544
B1450594201581N00124403EA0054900546
B1451004201583N00124415EA0055000548
B1451014201585N00124428EA0055100550
B1451024201588N00124440EA0055100551
B1451034201591N00124451EA0055300552
B1451044201593N00124463EA0055400552
B1451054201595N00124474EA0055500554
B1451064201595N00124485EA0055600558
B1451074201594N00124497EA0055800560
B1451084201592N00124508EA0055900562
B1451094201590N00124518EA0056000565
B1451104201586N00124527EA0056100567
B1451114201581N00124535EA0056200568
B1451124201576N00124543EA0056400571
B1451134201572N00124551EA0056500575
B1451144201568N00124558EA0056600577
B1451154201563N00124565EA0056700579
B1451164201559N00124572EA0056900581
B1451174201554N00124578EA0056900582
B1451184201550N00124585EA0057000583
B1451194201546N00124591EA0057100584
B1451204201542N00124598EA0057300585
B1451214201538N00124605EA0057400586
B1451224201534N00124611EA0057500587
B1451234201530N00124618EA0057600589
B1451244201526N00124625EA0057700590
B1451254201522N00124632EA0057800590
B1451264201519N00124639EA0057900592
B1451274201515N00124645EA0058000592
B1451284201511N00124652EA0058100593
B1451294201508N00124659EA0058200594
B1451304201504N00124666EA0058300595
B1451314201501N00124672EA0058400597
B1451324201498N00124679EA0058600598
B1451334201495N00124686EA0058600600
B1451344201492N00124693EA0058800601
B1451354201489N00124700EA0059000602
B1451364201485N00124707EA0059000604
B1451374201482N00124714EA0059100606
B1451384201479N00124721EA0059200607
B1451394201477N00124727EA0059300608
B1451404201473N00124734EA0059400610
B1451414201470N00124741EA0059500610
B1451424201467N00124747EA0059500611
B1451434201464N00124753EA0059600613
B1451444201460N00124759EA0059800614
B1451454201456N00124764EA0059800616
B1451464201451N00124769EA0060000617
B1451474201447N00124773EA0060100618
B1451484201442N00124777EA0060100618
B1451494201437N00124781EA0060300620
B1451504201433N00124785EA0060300621
B1451514201429N00124788EA0060400621
B1451524201424N00124792EA0060500622
B1451534201420N00124795EA0060600623
B1451544201416N00124799EA0060700623
B1451554201412N00124803EA0060800624
B1451564201409N00124807EA0060900624
B1451574201405N00124812EA0061000625
B1451584201401N00124816EA0061000625
B1451594201398N00124821EA0061100626
B1452004201395N00124826EA0061200626
B1452014201392N00124831EA0061300627
B1452024201389N00124836EA0061400628
B1452034201386N00124841EA0061500629
B1452044201383N00124847EA0061500629
B1452054201380N00124852EA0061600630
B1452064201377N00124857EA0061700631
B1452074201374N00124862EA0061800631
B1452084201371N00124867EA0061800632
B1452094201368N00124872EA0061900632
B1452104201364N00124878EA0062000632
B1452114201361N00124883EA0062100634
B1452124201358N00124888EA0062200634
B1452134201355N00124893EA0062200635
B1452144201352N00124899EA0062300636
B1452154201348N00124904EA0062300636
B1452164201345N00124910EA0062400637
B1452174201343N00124915EA0062500638
B1452184201340N00124921EA0062500639
B1452194201337N00124928EA0062600640
B1452204201335N00124934EA0062700641
B1452214201333N00124941EA0062700642
B1452224201331N00124948EA0062800642
B1452234201329N00124956EA0062700642
B1452244201328N00124964EA0062800643
B1452254201328N00124973EA0062800643
B1452264201328N00124982EA0062800644
B1452274201328N00124991EA0062900644
B1452284201329N00124999EA0062900644
B1452294201331N00125008EA0062900645
B1452304201332N00125016EA0062900645
B1452314201333N00125024EA0062900646
B1452324201335N00125033EA0063000646
B1452334201336N00125042EA0063000647
B1452344201337N00125052EA0063000647
B1452354201339N00125061EA0063100649
B1452364201340N00125071EA0063100649
B1452374201340N00125081EA0063100650
B1452384201339N00125091EA0063100651
B1452394201338N00125100EA0063200652
B1452404201336N00125109EA0063200652
B1452414201333N00125119EA0063300652
B1452424201329N00125127EA0063500652
B1452434201324N00125134EA0063600653
B1452444201318N00125140EA0063700652
B1452454201312N00125146EA0063700653
B1452464201305N00125150EA0063700654
B1452474201298N00125153EA0063800656
B1452484201291N00125156EA0063900658
B1452494201285N00125159EA0064000658
B1452504201278N00125164EA0064000660
B1452514201271N00125169EA0064100659
B1452524201267N00125176EA0064200660
B1452534201263N00125183EA0064200661
B1452544201261N00125191EA0064300661
B1452554201260N00125200EA0064400661
B1452564201260N00125208EA0064400662
B1452574201260N00125217EA0064600662
B1452584201261N00125226EA0064600662
B1452594201261N00125235EA0064600661
B1453004201262N00125243EA0064800662
B1453014201262N00125252EA0064800661
B1453024201262N00125262EA0065000662
B1453034201262N00125271EA0065000663
B1453044201262N00125280EA0065000663
B1453054201261N00125289EA0065100663
B1453064201259N00125298EA0065200663
B1453074201258N00125306EA0065400665
B1453084201256N00125315EA0065400665
B1453094201254N00125324EA0065500666
B1453104201251N00125333EA0065600666
B1453114201249N00125342EA0065600667
B1453124201246N00125350EA0065700668
B1453134201243N00125359EA0065800669
B1453144201240N00125368EA0066000671
B1453154201238N00125378EA0066000672
B1453164201235N00125387EA0066100672
B1453174201232N00125396EA0066100673
B1453184201228N00125404EA0066300674
B1453194201224N00125412EA0066300676
B1453204201219N00125420EA0066400677
B1453214201215N00125426EA0066500679
B1453224201210N00125430EA0066600681
B1453234201205N00125436EA0066600683
B1453244201198N00125440EA0066700684
B1453254201191N00125443EA0066800685
B1453264201185N00125447EA0066900685
B1453274201178N00125451EA0066900686
B1453284201171N00125454EA0067000686
B1453294201165N00125458EA0067000687
B1453304201159N00125463EA0067100687
B1453314201154N00125469EA0067200685
B1453324201151N00125477EA0067200685
B1453334201147N00125485EA0067200685
B1453344201146N00125493EA0067400685
B1453354201146N00125501EA0067400686
B1453364201147N00125510EA0067500689
B1453374201149N00125517EA0067600691
B1453384201152N00125525EA0067700692
B1453394201155N00125533EA0067700694
B1453404201158N00125541EA0067800695
B1453414201162N00125549EA0067900696
B1453424201165N00125558EA0067900698
B1453434201167N00125566EA0067900699
B1453444201169N00125574EA0068000701
B1453454201170N00125583EA0068200702
B1453464201171N00125593EA0068200704
B1453474201171N00125602EA0068300706
B1453484201169N00125610EA0068300708
B1453494201167N00125618EA0068500709
B1453504201162N00125625EA0068500710
B1453514201157N00125632EA0068500711
B1453524201152N00125638EA0068600712
B1453534201147N00125643EA0068800713
B1453544201141N00125647EA0068800715
B1453554201134N00125651EA0068900715
B1453564201127N00125654EA0069000716
B1453574201121N00125658EA0069000717
B1453584201115N00125662EA0069100717
B1453594201109N00125667EA0069100718
B1454004201103N00125673EA0069200718
B1454014201098N00125679EA0069200718
B1454024201093N00125686EA0069300719
B1454034201090N00125695EA0069400720
B1454044201087N00125703EA0069500721
B1454054201084N00125712EA0069500722
B1454064201082N00125721EA0069600723
B1454074201080N00125730EA0069600724
B1454084201078N00125739EA0069700725
B1454094201076N00125748EA0069900725
B1454104201075N00125757EA0069900726
B1454114201073N00125766EA0070000727
B1454124201071N00125776EA0070100728
B1454134201069N00125785EA0070100728
B1454144201068N00125794EA0070200729
B1454154201065N00125803EA0070200730
B1454164201063N00125812EA0070300731
B1454174201060N00125820EA0070400732
B1454184201056N00125828EA0070500733
B1454194201051N00125835EA0070600734
B1454204201046N00125841EA0070700735
B1454214201041N00125847EA0070700736
B1454224201035N00125853EA0070900737
B1454234201030N00125858EA0070900737
B1454244201024N00125864EA0071000738
B1454254201018N00125868EA0071100739
B1454264201012N00125873EA0071100739
B1454274201006N00125877EA0071300740
B1454284201000N00125882EA0071300741
B1454294200994N00125886EA0071400741
B1454304200988N00125890EA0071500743
B1454314200983N00125894EA0071500744
B1454324200977N00125898EA0071600745
B1454334200972N00125903EA0071700745
B1454344200967N00125909EA0071800746
B1454354200963N00125915EA0071900746
B1454364200960N00125922EA0072000747
B1454374200958N00125931EA0072000747
B1454384200957N00125938EA0072100748
B1454394200956N00125947EA0072100748
B1454404200956N00125955EA0072300749
B1454414200957N00125963EA0072400750
B1454424200958N00125970EA0072400750
B1454434200960N00125979EA0072500752
B1454444200961N00125987EA0072600753
B1454454200963N00125995EA0072700754
B1454464200965N00126003EA0072700754
B1454474200967N00126011EA0072800755
B1454484200969N00126019EA0072900755
B1454494200971N00126027EA0073000756
B1454504200972N00126036EA0073100757
B1454514200973N00126044EA0073100758
B1454524200974N00126053EA0073200759
B1454534200975N00126061EA0073300760
B1454544200976N00126069EA0073400761
B1454554200977N00126078EA0073500761
B1454564200977N00126086EA0073600762
B1454574200978N00126094EA0073700763
B1454584200979N00126102EA0073700765
B1454594200979N00126110EA0073900766
B1455004200980N00126118EA0074000767
B1455014200981N00126126EA0074000768
B1455024200981N00126134EA0074100768
B1455034200981N00126142EA0074200769
B1455044200982N00126150EA0074200769
B1455054200982N00126158EA0074300770
B1455064200983N00126166EA0074400771
B1455074200983N00126174EA0074400772
B1455084200984N00126182EA0074500773
B1455094200985N00126190EA0073700775
B1455104200986N00126199EA0074700776
B1455114200986N00126207EA0074800776
B1455124200987N00126216EA0074900776
B1455134200988N00126225EA0074900777
B1455144200988N00126233EA0075000776
B1455154200989N00126242EA0075100776
B1455164200990N00126251EA0075100777
B1455174200991N00126261EA0075100778
B1455184200991N00126270EA0075200780
B1455194200992N00126279EA0075300782
B1455204200992N00126288EA0075400783
B1455214200993N00126297EA0075500784
B1455224200994N00126306EA0075600785
B1455234200994N00126315EA0075700785
B1455244200994N00126324EA0075800786
B1455254200995N00126333EA0075800787
B1455264200995N00126341EA0075900788
B1455274200996N00126350EA0076000788
B1455284200996N00126359EA0076000790
B1455294200997N00126367EA0076100791
B1455304200997N00126376EA0076200791
B1455314200998N00126384EA0076200792
B1455324200998N00126392EA0076300793
B1455334200998N00126400EA0076400794
B1455344200998N00126408EA0076500794
B1455354200996N00126416EA0076500795
B1455364200994N00126423EA0076600796
B1455374200991N00126430EA0076700797
B1455384200988N00126436EA0076800798
B1455394200985N00126442EA0076900798
B1455404200980N00126447EA0076900800
B1455414200975N00126451EA0077100801
B1455424200970N00126455EA0077100802
B1455434200965N00126457EA0077200803
B1455444200959N00126458EA0077300804
B1455454200953N00126459EA0077400804
B1455464200948N00126459EA0077500804
B1455474200942N00126458EA0077500804
B1455484200937N00126456EA0077500805
B1455494200931N00126454EA0077700805
B1455504200926N00126450EA0077700806
B1455514200921N00126447EA0078000806
B1455524200915N00126444EA0077900806
B1455534200910N00126440EA0078000808
B1455544200904N00126436EA0078100808
B1455554200899N00126433EA0078200809
B1455564200893N00126431EA0078100809
B1455574200887N00126431EA0078200809
B1455584200882N00126432EA0078300811
B1455594200876N00126434EA0078500811
B1456004200871N00126437EA0078500812
B1456014200866N00126441EA0078500811
B1456024200863N00126446EA0078600812
B1456034200859N00126453EA0078700812
B1456044200855N00126460EA0078600812
B1456054200852N00126467EA0078700812
B1456064200849N00126475EA0078800812
B1456074200846N00126483EA0078900813
B1456084200843N00126491EA0078800813
B1456094200841N00126500EA0078900812
B1456104200841N00126509EA0078900813
B1456114200841N00126518EA0079000812
B1456124200841N00126527EA0079000813
B1456134200843N00126536EA0079000813
B1456144200844N00126543EA0079100813
B1456154200848N00126551EA0079200812
B1456164200852N00126558EA0079200811
B1456174200857N00126565EA0079200809
B1456184200863N00126569EA0079200808
B1456194200869N00126573EA0079300806
B1456204200876N00126575EA0079300806
B1456214200882N00126577EA0079400806
B1456224200888N00126579EA0079400807
B1456234200894N00126582EA0079400807
B1456244200899N00126585EA0079500808
B1456254200904N00126589EA0079600809
B1456264200909N00126595EA0079600810
B1456274200913N00126601EA0079800811
B1456284200915N00126609EA0079900814
B1456294200915N00126616EA0080000817
B1456304200916N00126624EA0080000818
B1456314200917N00126631EA0079900819
B1456324200918N00126638EA0080000820
B1456334200921N00126644EA0080000822
B1456344200925N00126650EA0080100823
B1456354200930N00126653EA0080200824
B1456364200935N00126655EA0080200823
B1456374200940N00126655EA0080300824
B1456384200946N00126655EA0080300825
B1456394200952N00126654EA0080400826
B1456404200958N00126653EA0080400829
B1456414200964N00126652EA0080400830
B1456424200969N00126651EA0080600830
B1456434200975N00126652EA0080500831
B1456444200980N00126653EA0080500832
B1456454200986N00126656EA0080600831
B1456464200992N00126660EA0080700832
B1456474200997N00126665EA0080700833
B1456484201002N00126671EA0080700835
B1456494201006N00126677EA0080800836
B1456504201010N00126684EA0080900836
B1456514201013N00126692EA0080900837
B1456524201014N00126701EA0080900838
B1456534201015N00126710EA0081100839
B1456544201015N00126719EA0081100839
B1456554201016N00126728EA0081200839
B1456564201017N00126736EA0081100839
B1456574201019N00126745EA0081200841
B1456584201022N00126753EA0081200842
B1456594201027N00126760EA0081400843
B1457004201032N00126765EA0081400843
B1457014201038N00126770EA0081400843
B1457024201045N00126774EA0081400843
B1457034201051N00126777EA0081500845
B1457044201057N00126781EA0081400845
B1457054201063N00126786EA0081600846
B1457064201069N00126791EA0081700847
B1457074201074N00126797EA0081700846
B1457084201076N00126805EA0081700845
B1457094201078N00126813EA0081800843
B1457104201080N00126822EA0081800844
B1457114201079N00126831EA0082000844
B1457124201078N00126841EA0082000845
B1457134201077N00126851EA0082000845
B1457144201077N00126860EA0081900845
B1457154201079N00126870EA0081900845
B1457164201080N00126879EA0081800846
B1457174201082N00126888EA0081900847
B1457184201084N00126897EA0082000849
B1457194201086N00126906EA0082100849
B1457204201087N00126915EA0082100849
B1457214201087N00126924EA0082200851
B1457224201087N00126933EA0082300852
B1457234201086N00126942EA0082300852
B1457244201084N00126950EA0082300852
B1457254201081N00126959EA0082400853
B1457264201077N00126966EA0082500854
B1457274201071N00126973EA0082500854
B1457284201066N00126979EA0082600854
B1457294201061N00126985EA0082700853
B1457304201056N00126993EA0082800853
B1457314201051N00127000EA0082800853
B1457324201047N00127009EA0082800853
B1457334201044N00127018EA0082900853
B1457344201042N00127028EA0083000853
B1457354201042N00127038EA0083000854
B1457364201042N00127048EA0083000855
B1457374201043N00127057EA0083100857
B1457384201045N00127066EA0083100858
B1457394201049N00127075EA0083200860
B1457404201052N00127084EA0083200862
B1457414201057N00127093EA0083300861
B1457424201061N00127102EA0083300861
B1457434201065N00127111EA0083400862
B1457444201069N00127120EA0083400861
B1457454201073N00127129EA0083400862
B1457464201076N00127140EA0083400863
B1457474201079N00127151EA0083500864
B1457484201082N00127163EA0083500865
B1457494201084N00127174EA0083500865
B1457504201087N00127186EA0083600865
B1457514201088N00127198EA0083600865
B1457524201089N00127211EA0083600866
B1457534201089N00127224EA0083600866
B1457544201089N00127237EA0083700867
B1457554201090N00127250EA0083700867
B1457564201090N00127263EA0083700868
B1457574201092N00127276EA0083700870
B1457584201094N00127290EA0083700870
B1457594201096N00127302EA0083700872
B1458004201099N00127315EA0083600873
B1458014201102N00127328EA0083600873
B1458024201105N00127340EA0083600873
B1458034201107N00127353EA0083700874
B1458044201109N00127365EA0083600874
B1458054201109N00127377EA0083800875
B1458064201108N00127390EA0083700876
B1458074201106N00127402EA0083700878
B1458084201103N00127414EA0083700879
B1458094201100N00127427EA0083700880
B1458104201098N00127440EA0083600880
B1458114201096N00127453EA0083500881
B1458124201095N00127467EA0083500881
B1458134201096N00127480EA0083400881
B1458144201098N00127494EA0083500880
B1458154201099N00127507EA0083300879
B1458164201100N00127520EA0083400878
B1458174201101N00127534EA0083300878
B1458184201101N00127546EA0083400878
B1458194201100N00127559EA0083400878
B1458204201097N00127570EA0083400877
B1458214201094N00127580EA0083500876
B1458224201089N00127590EA0083500876
B1458234201082N00127598EA0083600876
B1458244201076N00127605EA0083700876
B1458254201068N00127611EA0083700876
B1458264201060N00127616EA0083900876
B1458274201052N00127619EA0083800875
B1458284201043N00127623EA0083900875
B1458294201034N00127625EA0084000875
B1458304201026N00127628EA0084000875
B1458314201018N00127632EA0084000876
B1458324201010N00127636EA0084000876
B1458334201003N00127641EA0084100876
B1458344200996N00127647EA0084200876
B1458354200992N00127656EA0084200876
B1458364200990N00127665EA0084200877
B1458374200989N00127675EA0084300877
B1458384200989N00127684EA0084400876
B1458394200990N00127693EA0084400878
B1458404200992N00127702EA0084400878
B1458414200994N00127711EA0084400878
B1458424200997N00127719EA0084400877
B1458434201000N00127729EA0084500876
B1458444201002N00127737EA0084600877
B1458454201003N00127747EA0084700877
B1458464201004N00127758EA0084700877
B1458474201004N00127768EA0084700878
B1458484201003N00127779EA0084800878
B1458494201002N00127790EA0084800879
B1458504201000N00127801EA0084700879
B1458514200999N00127812EA0084700880
B1458524200998N00127824EA0084800879
B1458534200997N00127836EA0084900879
B1458544200996N00127849EA0084700879
B1458554200996N00127862EA0084700879
B1458564200997N00127874EA0084700879
B1458574200999N00127886EA0084600879
B1458584201001N00127898EA0084600879
B1458594201003N00127911EA0084500879
B1459004201005N00127924EA0084200879
B1459014201007N00127937EA0084400880
B1459024201010N00127950EA0084300879
B1459034201013N00127962EA0084200879
B1459044201016N00127976EA0084200878
B1459054201018N00127989EA0084100878
B1459064201021N00128002EA0084000878
B1459074201024N00128016EA0083800877
B1459084201027N00128029EA0083700877
B1459094201029N00128041EA0083600876
B1459104201032N00128054EA0083400876
B1459114201035N00128066EA0083300875
B1459124201038N00128079EA0083200875
B1459134201040N00128092EA0083100874
B1459144201039N00128104EA0082900873
B1459154201036N00128116EA0082800872
B1459164201034N00128128EA0082500872
B1459174201030N00128139EA0082600871
B1459184201027N00128150EA0082400871
B1459194201022N00128161EA0082200871
B1459204201018N00128171EA0082100870
B1459214201014N00128182EA0082000868
B1459224201012N00128193EA0081900867
B1459234201010N00128205EA0081700866
B1459244201009N00128216EA0081600866
B1459254201009N00128227EA0081500865
B1459264201010N00128238EA0081400864
B1459274201013N00128248EA0081200863
B1459284201016N00128258EA0081100861
B1459294201020N00128267EA0081100860
B1459304201024N00128277EA0080800859
B1459314201028N00128287EA0080700858
B1459324201032N00128297EA0080700857
B1459334201036N00128306EA0080600857
B1459344201041N00128315EA0080500856
B1459354201045N00128325EA0080400855
B1459364201049N00128333EA0080400853
B1459374201053N00128342EA0080300852
B1459384201056N00128350EA0080200852
B1459394201060N00128359EA0080200851
B1459404201063N00128369EA0080100850
B1459414201066N00128378EA0080100849
B1459424201067N00128388EA0080100848
B1459434201068N00128398EA0080000846
B1459444201069N00128409EA0079800845
B1459454201068N00128420EA0079800844
B1459464201066N00128430EA0079800844
B1459474201062N00128438EA0079700843
B1459484201058N00128446EA0079700842
B1459494201054N00128454EA0079600841
B1459504201049N00128461EA0079600840
B1459514201044N00128467EA0079700840
B1459524201038N00128471EA0079400839
B1459534201031N00128475EA0079400838
B1459544201025N00128480EA0079400837
B1459554201018N00128485EA0079300836
B1459564201013N00128492EA0079200835
B1459574201009N00128499EA0079100834
B1459584201005N00128507EA0079000833
B1459594201005N00128516EA0079000831
B1500004201004N00128525EA0078900830
B1500014201005N00128534EA0078800829
B1500024201006N00128544EA0078700828
B1500034201007N00128553EA0078600827
B1500044201008N00128563EA0078500825
B1500054201010N00128573EA0078500824
B1500064201010N00128583EA0078400823
B1500074201011N00128592EA0078300822
B1500084201009N00128602EA0078200821
B1500094201007N00128611EA0078200820
B1500104201004N00128619EA0078300819
B1500114200998N00128626EA0078100818
B1500124200992N00128632EA0078100816
B1500134200986N00128639EA0077900816
B1500144200978N00128647EA0077800816
B1500154200973N00128656EA0077700814
B1500164200970N00128667EA0077600814
B1500174200967N00128678EA0077500812
B1500184200964N00128688EA0077500810
B1500194200960N00128700EA0077300808
B1500204200956N00128711EA0077500807
B1500214200951N00128721EA0077400805
B1500224200947N00128730EA0077300805
B1500234200941N00128737EA0077400804
B1500244200935N00128744EA0077300803
B1500254200929N00128750EA0077300804
B1500264200921N00128756EA0077200805
B1500274200913N00128761EA0077100806
B1500284200906N00128766EA0077100805
B1500294200899N00128771EA0077000804
B1500304200892N00128778EA0076900804
B1500314200885N00128784EA0076800804
B1500324200879N00128792EA0076700803
B1500334200874N00128801EA0076600802
B1500344200869N00128811EA0076500800
B1500354200866N00128822EA0076400799
B1500364200864N00128833EA0076300797
B1500374200862N00128843EA0076200795
B1500384200860N00128854EA0076100793
B1500394200859N00128865EA0075800792
B1500404200857N00128875EA0075900790
B1500414200855N00128884EA0075800789
B1500424200851N00128893EA0075700788
B1500434200848N00128900EA0075600788
B1500444200843N00128907EA0075500787
B1500454200839N00128912EA0075500786
B1500464200833N00128916EA0075700786
B1500474200826N00128920EA0075300786
B1500484200819N00128923EA0075200786
B1500494200812N00128926EA0075100784
B1500504200806N00128931EA0075000784
B1500514200801N00128936EA0074900784
B1500524200796N00128943EA0074800782
B1500534200793N00128951EA0074700782
B1500544200791N00128959EA0074500781
B1500554200790N00128968EA0074100778
B1500564200788N00128976EA0074400777
B1500574200788N00128986EA0074400773
B1500584200787N00128997EA0074400770
B1500594200788N00129009EA0074100769
B1501004200788N00129021EA0073900769
B1501014200788N00129033EA0073900768
B1501024200787N00129045EA0073800766
B1501034200786N00129057EA0073800765
B1501044200784N00129068EA0073700764
B1501054200782N00129079EA0073600763
B1501064200779N00129091EA0073500761
B1501074200774N00129103EA0073500760
B1501084200769N00129114EA0073300759
B1501094200766N00129125EA0073300755
B1501104200761N00129136EA0073100754
B1501114200757N00129147EA0073100752
B1501124200752N00129159EA0072900751
B1501134200747N00129170EA0072800751
B1501144200742N00129180EA0072600748
B1501154200738N00129191EA0072500746
B1501164200735N00129202EA0072400744
B1501174200732N00129213EA0072200742
B1501184200731N00129224EA0072100741
B1501194200730N00129234EA0072000740
B1501204200729N00129244EA0071900738
B1501214200728N00129255EA0071800736
B1501224200725N00129265EA0071700735
B1501234200723N00129275EA0071600733
B1501244200719N00129284EA0071500732
B1501254200714N00129293EA0071600732
B1501264200708N00129301EA0071400731
B1501274200702N00129309EA0071400730
B1501284200695N00129317EA0071400728
B1501294200688N00129326EA0071300727
B1501304200682N00129335EA0071300727
B1501314200676N00129345EA0071200726
B1501324200672N00129357EA0071200725
B1501334200668N00129368EA0071200725
B1501344200666N00129379EA0071200722
B1501354200666N00129391EA0071200721
B1501364200664N00129402EA0071100719
B1501374200663N00129414EA0071100718
B1501384200661N00129427EA0071200718
B1501394200658N00129440EA0071000717
B1501404200656N00129452EA0071000716
B1501414200653N00129465EA0070800715
B1501424200649N00129478EA0070700712
B1501434200647N00129490EA0070600710
B1501444200643N00129503EA0070400707
B1501454200640N00129516EA0070400705
B1501464200637N00129528EA0070200703
B1501474200634N00129539EA0070100702
B1501484200629N00129549EA0070100701
B1501494200625N00129559EA0070100700
B1501504200619N00129567EA0070100700
B1501514200613N00129575EA0070000699
B1501524200604N00129580EA0070200698
B1501534200594N00129581EA0070000696
B1501544200585N00129584EA0070100696
B1501554200576N00129588EA0070000695
B1501564200566N00129591EA0070000695
B1501574200557N00129594EA0069900694
B1501584200549N00129596EA0069900694
B1501594200539N00129599EA0069900694
B1502004200530N00129603EA0069800693
B1502014200519N00129608EA0069700692
B1502024200510N00129615EA0069600691
B1502034200500N00129622EA0069700690
B1502044200490N00129631EA0069400689
B1502054200481N00129640EA0069400688
B1502064200472N00129650EA0069300688
B1502074200462N00129660EA0069200687
B1502084200453N00129670EA0069100687
B1502094200444N00129681EA0069000687
B1502104200434N00129691EA0069000686
B1502114200426N00129700EA0068900687
B1502124200417N00129709EA0068800687
B1502134200408N00129718EA0068900686
B1502144200400N00129725EA0068800686
B1502154200392N00129732EA0068800685
B1502164200385N00129739EA0068800684
B1502174200379N00129745EA0068800685
B1502184200372N00129751EA0068800685
B1502194200367N00129758EA0068800685
B1502204200363N00129767EA0068700685
B1502214200361N00129775EA0068700685
B1502224200359N00129785EA0068600685
B1502234200359N00129795EA0068600683
B1502244200358N00129806EA0068500683
B1502254200356N00129816EA0068400682
B1502264200354N00129826EA0068400682
B1502274200351N00129835EA0068300681
B1502284200346N00129844EA0068500680
B1502294200341N00129853EA0068300679
B1502304200334N00129862EA0068200678
B1502314200327N00129871EA0068200678
B1502324200320N00129881EA0068100678
B1502334200312N00129891EA0068000677
B1502344200304N00129901EA0068000676
B1502354200296N00129911EA0067900676
B1502364200288N00129922EA0067800676
B1502374200280N00129933EA0067800676
B1502384200272N00129945EA0067700676
B1502394200263N00129956EA0067700676
B1502404200254N00129967EA0067600676
B1502414200245N00129978EA0067500676
B1502424200235N00129988EA0067400676
B1502434200226N00129999EA0067400676
B1502444200216N00130010EA0067400676
B1502454200206N00130020EA0067300676
B1502464200197N00130030EA0067300676
B1502474200187N00130040EA0067400676
B1502484200177N00130051EA0067300676
B1502494200168N00130060EA0067300676
B1502504200160N00130069EA0067200675
B1502514200152N00130076EA0067200674
B1502524200146N00130084EA0067200674
B1502534200140N00130089EA0067100673
B1502544200134N00130094EA0067000673
B1502554200127N00130098EA0067100673
B1502564200120N00130100EA0067100672
B1502574200112N00130101EA0067100672
B1502584200105N00130101EA0067100671
B1502594200097N00130102EA0067000671
B1503004200088N00130104EA0067000670
B1503014200080N00130107EA0066900670
B1503024200072N00130111EA0067000670
B1503034200064N00130116EA0066900670
B1503044200058N00130123EA0067000670
B1503054200052N00130131EA0066900669
B1503064200045N00130140EA0066900669
B1503074200039N00130149EA0066900669
B1503084200032N00130158EA0067000669
B1503094200026N00130167EA0066900669
B1503104200019N00130176EA0067000669
B1503114200013N00130185EA0066900668
B1503124200009N00130195EA0066900668
B1503134200005N00130206EA0066900667
B1503144200002N00130217EA0066900667
B1503154200001N00130228EA0066900667
B1503164159999N00130239EA0066900667
B1503174159999N00130251EA0066900667
B1503184159998N00130263EA0067000666
B1503194159999N00130275EA0067000666
B1503204200000N00130288EA0066900665
B1503214200000N00130302EA0066900665
B1503224200000N00130315EA0067000665
B1503234200002N00130329EA0066900664
B1503244200005N00130345EA0066900664
B1503254200008N00130360EA0067000665
B1503264200010N00130375EA0066900666
B1503274200011N00130390EA0066800666
B1503284200011N00130405EA0066900667
B1503294200009N00130420EA0067000667
B1503304200008N00130434EA0066800667
B1503314200004N00130448EA0066900666
B1503324200003N00130462EA0066900666
B1503334200001N00130477EA0066800667
B1503344159999N00130492EA0066800667
B1503354159998N00130507EA0066700668
B1503364159997N00130521EA0066900669
B1503374159995N00130535EA0066400669
B1503384159992N00130549EA0066300670
B1503394159990N00130562EA0067300671
B1503404159986N00130575EA0066900671
B1503414159982N00130586EA0066600671
B1503424159976N00130595EA0066500671
B1503434159970N00130604EA0066600670
B1503444159963N00130611EA0063200671
B1503454159955N00130617EA0066600671
B1503464159947N00130624EA0066200671
B1503474159939N00130631EA0065800670
B1503484159931N00130638EA0066200670
B1503494159924N00130645EA0065900670
B1503504159917N00130652EA0066000670
B1503514159911N00130659EA0066000671
B1503524159905N00130667EA0065700671
B1503534159900N00130675EA0065800672
B1503544159894N00130683EA0065700672
B1503554159889N00130691EA0065900672
B1503564159884N00130698EA0065800673
B1503574159879N00130706EA0066000673
B1503584159874N00130714EA0065800673
B1503594159869N00130722EA0065600673
B1504004159865N00130730EA0066000673
B1504014159860N00130738EA0066000674
B1504024159855N00130747EA0065900674
B1504034159851N00130756EA0065700674
B1504044159846N00130765EA0065900674
B1504054159843N00130774EA0065700674
B1504064159838N00130784EA0066000674
B1504074159834N00130793EA0065600674
B1504084159831N00130803EA0065600674
B1504094159827N00130812EA0065700674
B1504104159824N00130822EA0065700673
B1504114159820N00130832EA0065500674
B1504124159817N00130842EA0065400674
B1504134159815N00130853EA0065400674
B1504144159813N00130863EA0065200674
B1504154159810N00130873EA0065200673
B1504164159808N00130883EA0065100673
B1504174159805N00130894EA0065200673
B1504184159803N00130904EA0065100674
B1504194159801N00130913EA0065000674
B1504204159799N00130922EA0065000675
B1504214159796N00130932EA0064900675
B1504224159795N00130942EA0064900675
B1504234159793N00130952EA0064800675
B1504244159792N00130962EA0064900676
B1504254159792N00130970EA0064800676
B1504264159791N00130979EA0064700676
B1504274159790N00130988EA0064800677
B1504284159789N00130998EA0064700677
B1504294159788N00131007EA0064800676
B1504304159786N00131017EA0064700676
B1504314159785N00131026EA0064700676
B1504324159785N00131035EA0064600676
B1504334159785N00131044EA0064300676
B1504344159784N00131053EA0064200676
B1504354159783N00131062EA0064400676
B1504364159783N00131071EA0064500676
B1504374159782N00131079EA0064700675
B1504384159781N00131088EA0064500675
B1504394159780N00131097EA0064300675
B1504404159778N00131106EA0064200675
B1504414159777N00131113EA0064200675
B1504424159776N00131121EA0063900675
B1504434159775N00131128EA0064000675
B1504444159773N00131135EA0064100674
B1504454159770N00131140EA0064600674
B1504464159768N00131147EA0064300673
B1504474159766N00131154EA0064100673
B1504484159764N00131160EA0063800673
B1504494159762N00131167EA0063800673
B1504504159760N00131173EA0063800674
B1504514159757N00131177EA0064700674
B1504524159751N00131180EA0064400674
B1504534159746N00131181EA0064600673
B1504544159741N00131183EA0064600674
B1504554159734N00131184EA0064100676
B1504564159729N00131186EA0064100677
B1504574159726N00131188EA0064200678
B1504584159721N00131190EA0064200677
B1504594159717N00131193EA0064100677
B1505004159713N00131195EA0064100676
B1505014159710N00131196EA0064200676
B1505024159707N00131197EA0064100675
B1505034159705N00131197EA0064000676
B1505044159705N00131197EA0064000676
B1505054159702N00131197EA0064100675
B1505064159700N00131196EA0064500675
B1505074159698N00131195EA0064300674
B1505084159695N00131195EA0064200674
B1505094159693N00131196EA0064200673
B1505104159692N00131198EA0064200673
B1505114159690N00131199EA0064200672
B1505124159690N00131202EA0064200672
B1505134159690N00131205EA0064300673
B1505144159692N00131208EA0064300673
B1505154159693N00131212EA0063600673
B1505164159695N00131218EA0064000673
B1505174159697N00131223EA0064400674
B1505184159699N00131228EA0064300673
B1505194159700N00131234EA0064200673
B1505204159703N00131241EA0064200673
B1505214159705N00131248EA0064100672
B1505224159708N00131254EA0064100672
B1505234159710N00131260EA0064100673
B1505244159711N00131265EA0064100673
B1505254159713N00131270EA0064100672
B1505264159715N00131276EA0064100672
B1505274159717N00131280EA0064100672
B1505284159719N00131286EA0064000672
B1505294159720N00131291EA0064000673
B1505304159721N00131296EA0063900673
B1505314159721N00131301EA0063700673
B1505324159719N00131305EA0063900673
B1505334159717N00131310EA0064000673
B1505344159716N00131315EA0065000673
B1505354159714N00131322EA0064600674
B1505364159711N00131329EA0064400674
B1505374159707N00131335EA0064300674
B1505384159703N00131340EA0064300675
B1505394159695N00131342EA0064300676
B1505404159687N00131346EA0064300677
B1505414159680N00131351EA0064300676
B1505424159675N00131356EA0064300675
B1505434159669N00131361EA0064400675
B1505444159663N00131366EA0064300675
B1505454159656N00131371EA0064400675
B1505464159650N00131376EA0064400675
B1505474159645N00131381EA0064300675
B1505484159640N00131386EA0064200675
B1505494159635N00131392EA0064300675
B1505504159633N00131398EA0064300676
B1505514159632N00131406EA0064300677
B1505524159630N00131413EA0064300678
B1505534159629N00131421EA0064300678
B1505544159629N00131428EA0064300678
B1505554159629N00131436EA0064300678
B1505564159629N00131445EA0064400679
B1505574159630N00131455EA0064400678
B1505584159631N00131464EA0064500678
B1505594159632N00131474EA0064500678
B1506004159633N00131484EA0064500679
B1506014159634N00131494EA0064600679
B1506024159635N00131503EA0064600678
B1506034159636N00131512EA0064700678
B1506044159637N00131520EA0064700678
B1506054159637N00131527EA0064500678
B1506064159637N00131534EA0064600677
B1506074159637N00131539EA0065100676
B1506084159635N00131543EA0065100676
B1506094159634N00131548EA0065000676
B1506104159635N00131552EA0065000676
B1506114159637N00131556EA0065000675
B1506124159639N00131561EA0065000675
B1506134159640N00131566EA0065700674
B1506144159642N00131572EA0064800674
B1506154159643N00131579EA0065400674
B1506164159644N00131586EA0065200675
B1506174159645N00131594EA0065300675
B1506184159647N00131602EA0065300675
B1506194159648N00131611EA0065300676
B1506204159649N00131619EA0065400676
B1506214159651N00131628EA0065400677
B1506224159652N00131637EA0065600678
B1506234159653N00131647EA0065600678
B1506244159654N00131656EA0065600679
B1506254159655N00131666EA0065600678
B1506264159657N00131676EA0065700678
B1506274159658N00131687EA0065600678
B1506284159659N00131698EA0065600678
B1506294159661N00131709EA0065700678
B1506304159662N00131721EA0065700678
B1506314159663N00131732EA0065700678
B1506324159665N00131745EA0065800678
B1506334159666N00131757EA0065800679
B1506344159668N00131769EA0065900679
B1506354159669N00131781EA0065900680
B1506364159671N00131794EA0065800680
B1506374159671N00131806EA0065700680
B1506384159672N00131818EA0065900681
B1506394159671N00131829EA0066100681
B1506404159669N00131839EA0066400681
B1506414159667N00131850EA0066400682
B1506424159664N00131861EA0066300682
B1506434159660N00131872EA0066300682
B1506444159657N00131884EA0066300682
B1506454159654N00131895EA0066300682
B1506464159651N00131906EA0066300682
B1506474159647N00131916EA0066400682
B1506484159644N00131927EA0066400682
B1506494159641N00131937EA0066500682
B1506504159638N00131946EA0066400683
B1506514159635N00131956EA0066500683
B1506524159632N00131965EA0066500683
B1506534159629N00131974EA0066500683
B1506544159626N00131983EA0066400683
B1506554159623N00131992EA0066500683
B1506564159620N00132002EA0066500684
B1506574159617N00132012EA0066500684
B1506584159614N00132021EA0066500684
B1506594159610N00132031EA0066500685
B1507004159606N00132041EA0066500685
B1507014159603N00132051EA0066600686
B1507024159598N00132062EA0066500686
B1507034159594N00132072EA0066500686
B1507044159589N00132083EA0066500686
B1507054159585N00132093EA0066500686
B1507064159581N00132104EA0066500687
B1507074159576N00132115EA0066500687
B1507084159572N00132126EA0066500688
B1507094159567N00132137EA0066500688
B1507104159563N00132148EA0066500688
B1507114159558N00132159EA0066500689
B1507124159554N00132170EA0066500689
B1507134159549N00132181EA0066500689
B1507144159545N00132190EA0066400690
B1507154159541N00132199EA0066500690
B1507164159537N00132208EA0066500690
B1507174159533N00132215EA0066600690
B1507184159530N00132222EA0066500690
B1507194159527N00132228EA0066400691
B1507204159524N00132234EA0066100691
B1507214159520N00132238EA0066000691
B1507224159517N00132241EA0066400691
B1507234159513N00132242EA0066400692
B1507244159508N00132241EA0066400692
B1507254159504N00132239EA0066800692
B1507264159500N00132237EA0066400692
B1507274159496N00132233EA0066800692
B1507284159492N00132228EA0066400692
B1507294159488N00132222EA0066400691
B1507304159486N00132215EA0066400691
B1507314159484N00132207EA0066300691
B1507324159483N00132199EA0066200691
B1507334159482N00132191EA0066000691
B1507344159483N00132183EA0066200690
B1507354159484N00132175EA0066200690
B1507364159487N00132168EA0066000689
B1507374159490N00132162EA0066000689
B1507384159494N00132156EA0066000688
B1507394159498N00132152EA0065900687
B1507404159503N00132150EA0065800686
B1507414159507N00132149EA0065800685
B1507424159511N00132149EA0065900685
B1507434159515N00132150EA0065800685
B1507444159519N00132153EA0065700685
B1507454159523N00132157EA0066200685
B1507464159527N00132160EA0065900685
B1507474159532N00132164EA0065800685
B1507484159537N00132168EA0065800685
B1507494159542N00132173EA0065800686
B1507504159548N00132178EA0065900686
B1507514159555N00132183EA0065900686
B1507524159561N00132188EA0065900686
B1507534159568N00132194EA0065800686
B1507544159576N00132199EA0065700685
B1507554159585N00132205EA0065700685
B1507564159594N00132211EA0065700685
B1507574159603N00132216EA0065600683
B1507584159613N00132222EA0065300682
B1507594159623N00132227EA0065300681
B1508004159632N00132232EA0065300680
B1508014159642N00132237EA0065200679
B1508024159653N00132242EA0065000678
B1508034159664N00132248EA0064900677
B1508044159674N00132254EA0064700674
B1508054159685N00132260EA0064600673
B1508064159696N00132267EA0064500670
B1508074159706N00132274EA0064300668
B1508084159716N00132282EA0064200667
B1508094159726N00132291EA0063900665
B1508104159736N00132300EA0063800664
B1508114159746N00132311EA0063600662
B1508124159756N00132322EA0063800661
B1508134159765N00132333EA0063600660
B1508144159774N00132346EA0063500658
B1508154159783N00132358EA0063200656
B1508164159792N00132370EA0063000654
B1508174159801N00132383EA0063000652
B1508184159811N00132395EA0062800650
B1508194159820N00132406EA0062600648
B1508204159830N00132418EA0062500645
B1508214159840N00132428EA0062300643
B1508224159851N00132439EA0062000641
B1508234159862N00132449EA0062000639
B1508244159873N00132458EA0061800636
B1508254159885N00132466EA0061600634
B1508264159896N00132474EA0061500631
B1508274159908N00132481EA0061200629
B1508284159920N00132488EA0060900626
B1508294159931N00132496EA0060800624
B1508304159942N00132504EA0060500622
B1508314159953N00132512EA0060700621
B1508324159964N00132522EA0060600620
B1508334159974N00132533EA0060800619
B1508344159984N00132544EA0060400617
B1508354159994N00132556EA0060600616
B1508364200003N00132568EA0060300615
B1508374200011N00132581EA0060400614
B1508384200019N00132595EA0060500614
B1508394200026N00132609EA0060300615
B1508404200033N00132623EA0060200615
B1508414200039N00132637EA0060100614
B1508424200046N00132650EA0060100614
B1508434200052N00132663EA0060000614
B1508444200058N00132676EA0060000614
B1508454200064N00132688EA0059900614
B1508464200070N00132701EA0059800612
B1508474200075N00132713EA0059700611
B1508484200081N00132724EA0059700609
B1508494200086N00132736EA0059500608
B1508504200090N00132748EA0059400607
B1508514200095N00132760EA0059400607
B1508524200099N00132774EA0059300607
B1508534200102N00132787EA0059100606
B1508544200105N00132802EA0059400605
B1508554200107N00132817EA0059100604
B1508564200109N00132832EA0059000603
B1508574200111N00132848EA0059000603
B1508584200112N00132864EA0059000602
B1508594200114N00132879EA0058900602
B1509004200116N00132895EA0058900601
B1509014200118N00132911EA0058800600
B1509024200119N00132926EA0058900599
B1509034200122N00132941EA0058800599
B1509044200123N00132955EA0058700599
B1509054200125N00132969EA0058700599
B1509064200126N00132981EA0058200597
B1509074200126N00132992EA0058500597
B1509084200126N00133002EA0058400596
B1509094200123N00133010EA0058100596
B1509104200120N00133018EA0058300596
B1509114200116N00133025EA0059300595
B1509124200111N00133031EA0058900593
B1509134200106N00133037EA0058600594
B1509144200101N00133044EA0058500597
B1509154200096N00133051EA0058500597
B1509164200092N00133060EA0058500596
B1509174200090N00133069EA0058500596
B1509184200089N00133079EA0058500597
B1509194200090N00133088EA0058500597
B1509204200092N00133098EA0058400596
B1509214200096N00133107EA0058400597
B1509224200100N00133115EA0058400596
B1509234200106N00133122EA0058300595
B1509244200112N00133128EA0058200595
B1509254200119N00133134EA0057700595
B1509264200126N00133141EA0057600595
B1509274200131N00133150EA0057600594
B1509284200135N00133159EA0058000594
B1509294200136N00133169EA0059200595
B1509304200137N00133180EA0058200595
B1509314200138N00133191EA0058000596
B1509324200139N00133203EA0057500595
B1509334200140N00133215EA0057600595
B1509344200140N00133227EA0057200594
B1509354200138N00133239EA0057700593
B1509364200134N00133250EA0057600592
B1509374200130N00133260EA0058300592
B1509384200124N00133270EA0058300592
B1509394200119N00133280EA0057800592
B1509404200114N00133290EA0057700591
B1509414200110N00133302EA0057700591
B1509424200107N00133313EA0057700590
B1509434200105N00133326EA0057600589
B1509444200103N00133339EA0057500588
B1509454200103N00133352EA0057500587
B1509464200104N00133365EA0057400586
B1509474200106N00133378EA0057400585
B1509484200110N00133390EA0057400585
B1509494200114N00133402EA0057300583
B1509504200117N00133414EA0057100584
B1509514200120N00133426EA0057300584
B1509524200123N00133439EA0056800584
B1509534200123N00133452EA0057100583
B1509544200122N00133466EA0057200583
B1509554200121N00133480EA0057400583
B1509564200120N00133495EA0057100583
B1509574200118N00133511EA0057000582
B1509584200117N00133526EA0057000581
B1509594200115N00133541EA0057000582
B1510004200113N00133556EA0057100581
B1510014200112N00133570EA0056100581
B1510024200109N00133584EA0057600580
B1510034200105N00133598EA0056800580
B1510044200101N00133611EA0056800581
B1510054200097N00133624EA0057300581
B1510064200092N00133636EA0056800580
B1510074200086N00133648EA0057000578
B1510084200081N00133660EA0056900578
B1510094200075N00133671EA0056800577
B1510104200070N00133683EA0056700577
B1510114200065N00133696EA0056600576
B1510124200061N00133709EA0056600575
B1510134200059N00133723EA0056500574
B1510144200056N00133737EA0056400574
B1510154200053N00133751EA0056400573
B1510164200051N00133765EA0056400573
B1510174200048N00133779EA0056300572
B1510184200045N00133792EA0056300572
B1510194200043N00133806EA0056200573
B1510204200041N00133819EA0056200573
B1510214200039N00133833EA0056200573
B1510224200039N00133845EA0056100573
B1510234200039N00133858EA0056100573
B1510244200042N00133870EA0056100573
B1510254200045N00133881EA0056000572
B1510264200050N00133891EA0056000572
B1510274200056N00133900EA0055900572
B1510284200063N00133908EA0055900571
B1510294200071N00133914EA0055800570
B1510304200080N00133920EA0055900569
B1510314200090N00133925EA0055700567
B1510324200099N00133931EA0055600567
B1510334200110N00133936EA0055700567
B1510344200119N00133940EA0055600566
B1510354200128N00133946EA0055500566
B1510364200138N00133951EA0055500566
B1510374200146N00133957EA0055000566
B1510384200153N00133964EA0055800566
B1510394200159N00133972EA0055100566
B1510404200165N00133981EA0055500565
B1510414200169N00133990EA0055600565
B1510424200172N00134001EA0055800564
B1510434200175N00134013EA0056300564
B1510444200176N00134026EA0055700563
B1510454200178N00134038EA0055600564
B1510464200179N00134051EA0055400565
B1510474200180N00134064EA0055000565
B1510484200180N00134077EA0056100564
B1510494200179N00134089EA0055400564
B1510504200177N00134103EA0056000562
B1510514200175N00134116EA0055700563
B1510524200173N00134129EA0055400562
B1510534200170N00134142EA0055400561
B1510544200168N00134155EA0055200561
B1510554200165N00134166EA0055000561
B1510564200161N00134177EA0054800561
B1510574200157N00134187EA0055100561
B1510584200151N00134196EA0055100560
B1510594200145N00134204EA0055200560
B1511004200138N00134210EA0055300560
B1511014200130N00134216EA0055000561
B1511024200123N00134221EA0054900561
B1511034200116N00134227EA0054700560
B1511044200111N00134234EA0054600559
B1511054200106N00134242EA0054600558
B1511064200104N00134251EA0054600557
B1511074200103N00134260EA0054400556
B1511084200104N00134270EA0054300555
B1511094200106N00134278EA0054300553
B1511104200110N00134286EA0054200552
B1511114200115N00134293EA0054100551
B1511124200122N00134297EA0053900551
B1511134200129N00134300EA0054000550
B1511144200137N00134300EA0053700549
B1511154200144N00134298EA0053700548
B1511164200151N00134297EA0053600547
B1511174200159N00134295EA0053500546
B1511184200166N00134293EA0053400546
B1511194200174N00134291EA0053300544
B1511204200182N00134289EA0053200543
B1511214200189N00134288EA0052900541
B1511224200196N00134287EA0052800540
B1511234200202N00134288EA0052700540
B1511244200207N00134290EA0052800539
B1511254200211N00134294EA0052900539
B1511264200215N00134298EA0053100540
B1511274200219N00134305EA0053500541
B1511284200222N00134312EA0053100541
B1511294200225N00134319EA0053100542
B1511304200229N00134327EA0053000542
B1511314200232N00134334EA0052700542
B1511324200235N00134342EA0053000543
B1511334200236N00134350EA0052300542
B1511344200237N00134358EA0052700542
B1511354200234N00134364EA0052700543
B1511364200233N00134369EA0053200545
B1511374200229N00134373EA0053400546
B1511384200225N00134377EA0053400546
B1511394200219N00134378EA0053500548
B1511404200213N00134379EA0053100549
B1511414200206N00134380EA0053000553
B1511424200199N00134380EA0053100554
B1511434200192N00134381EA0053000554
B1511444200184N00134382EA0053100553
B1511454200176N00134383EA0053100553
B1511464200168N00134385EA0053000555
B1511474200160N00134388EA0053100553
B1511484200152N00134393EA0053100552
B1511494200146N00134399EA0053100552
B1511504200138N00134405EA0053000550
B1511514200131N00134411EA0053100549
B1511524200124N00134418EA0053100548
B1511534200117N00134426EA0053100547
B1511544200110N00134434EA0053100548
B1511554200103N00134443EA0053100547
B1511564200095N00134451EA0053200547
B1511574200088N00134459EA0053200546
B1511584200081N00134468EA0053200547
B1511594200074N00134476EA0053200546
B1512004200067N00134484EA0053300546
B1512014200059N00134492EA0053200545
B1512024200052N00134500EA0053300545
B1512034200045N00134508EA0053300544
B1512044200038N00134516EA0053400544
B1512054200034N00134526EA0053400544
B1512064200030N00134535EA0053400543
B1512074200026N00134546EA0053400542
B1512084200024N00134556EA0053300540
B1512094200022N00134567EA0053300538
B1512104200021N00134579EA0053200537
B1512114200023N00134591EA0053300536
B1512124200025N00134602EA0053200535
B1512134200028N00134614EA0053100534
B1512144200031N00134626EA0053100532
B1512154200035N00134637EA0052900531
B1512164200038N00134648EA0052300530
B1512174200040N00134661EA0052800529
B1512184200042N00134673EA0052500528
B1512194200043N00134684EA0053000527
B1512204200042N00134695EA0053200527
B1512214200038N00134705EA0053100528
B1512224200034N00134717EA0053000531
B1512234200032N00134729EA0053100532
B1512244200029N00134740EA0053300536
B1512254200026N00134752EA0053300537
B1512264200024N00134763EA0053500538
B1512274200021N00134775EA0053500539
B1512284200018N00134787EA0053600539
B1512294200016N00134799EA0053500541
B1512304200013N00134811EA0053800541
B1512314200011N00134823EA0053700541
B1512324200008N00134835EA0053600542
B1512334200006N00134848EA0053600542
B1512344200003N00134861EA0053700542
B1512354200000N00134874EA0053800542
B1512364159998N00134887EA0053800541
B1512374159995N00134900EA0053800541
B1512384159992N00134914EA0053600541
B1512394159990N00134928EA0053600541
B1512404159987N00134942EA0053500541
B1512414159984N00134957EA0053300540
B1512424159982N00134972EA0053200540
B1512434159979N00134986EA0053100540
B1512444159976N00135000EA0053000539
B1512454159973N00135014EA0052900540
B1512464159970N00135027EA0052900540
B1512474159966N00135040EA0053000540
B1512484159962N00135051EA0053200540
B1512494159954N00135059EA0053300540
B1512504159947N00135066EA0054100543
B1512514159940N00135072EA0053500543
B1512524159932N00135078EA0053500543
B1512534159925N00135085EA0053500543
B1512544159917N00135092EA0053400543
B1512554159909N00135099EA0053500542
B1512564159902N00135108EA0053500541
B1512574159894N00135117EA0053500541
B1512584159887N00135127EA0053500542
B1512594159880N00135137EA0053500542
B1513004159872N00135148EA0053400542
B1513014159865N00135159EA0053400542
B1513024159857N00135170EA0053500542
B1513034159849N00135181EA0053400542
B1513044159842N00135192EA0053500543
B1513054159834N00135204EA0053600543
B1513064159826N00135215EA0053600544
B1513074159818N00135226EA0053700545
B1513084159811N00135237EA0053800546
B1513094159803N00135247EA0053900547
B1513104159795N00135258EA0053900548
B1513114159788N00135268EA0054100549
B1513124159781N00135279EA0054200550
B1513134159773N00135289EA0054200552
B1513144159766N00135298EA0054300553
B1513154159757N00135307EA0054300553
B1513164159749N00135315EA0054400553
B1513174159740N00135323EA0053900553
B1513184159731N00135330EA0054400554
B1513194159721N00135336EA0054400555
B1513204159711N00135342EA0054600555
B1513214159701N00135346EA0054700555
B1513224159691N00135351EA0054700555
B1513234159680N00135355EA0054600555
B1513244159669N00135359EA0054600556
B1513254159658N00135362EA0054600555
B1513264159646N00135366EA0054600555
B1513274159635N00135370EA0054600556
B1513284159624N00135374EA0054700557
B1513294159613N00135377EA0054700556
B1513304159603N00135381EA0054700557
B1513314159594N00135386EA0054700557
B1513324159585N00135391EA0054700558
B1513334159577N00135398EA0054800558
B1513344159571N00135406EA0054800559
B1513354159566N00135415EA0054900560
B1513364159563N00135426EA0054900560
B1513374159561N00135437EA0054900560
B1513384159560N00135448EA0055000560
B1513394159561N00135459EA0055000561
B1513404159564N00135470EA0055100561
B1513414159568N00135481EA0055100562
B1513424159573N00135490EA0055000562
B1513434159579N00135499EA0055100562
B1513444159585N00135509EA0055100562
B1513454159591N00135518EA0055200562
B1513464159598N00135528EA0055200562
B1513474159604N00135537EA0055200564
B1513484159610N00135547EA0055200565
B1513494159617N00135558EA0055200566
B1513504159624N00135568EA0055200565
B1513514159631N00135578EA0055300566
B1513524159638N00135588EA0055300568
B1513534159645N00135599EA0055200567
B1513544159652N00135609EA0055200567
B1513554159660N00135620EA0055200567
B1513564159667N00135631EA0055200568
B1513574159675N00135641EA0055300569
B1513584159682N00135652EA0055400570
B1513594159690N00135662EA0055500573
B1514004159699N00135672EA0055500573
B1514014159708N00135682EA0055600573
B1514024159717N00135691EA0055800573
B1514034159726N00135700EA0055700573
B1514044159735N00135709EA0055900574
B1514054159744N00135718EA0055900575
B1514064159753N00135728EA0055900575
B1514074159762N00135738EA0056000575
B1514084159771N00135748EA0056000576
B1514094159780N00135758EA0056100577
B1514104159788N00135768EA0056200578
B1514114159796N00135779EA0056200579
B1514124159805N00135789EA0056400580
B1514134159812N00135801EA0056500580
B1514144159820N00135812EA0056500579
B1514154159828N00135823EA0056500581
B1514164159836N00135834EA0056600582
B1514174159844N00135846EA0056700582
B1514184159851N00135857EA0056700582
B1514194159859N00135869EA0056900584
B1514204159867N00135882EA0056900584
B1514214159874N00135894EA0057000584
B1514224159881N00135906EA0057100584
B1514234159889N00135918EA0057200584
B1514244159896N00135930EA0057300586
B1514254159903N00135943EA0057400587
B1514264159910N00135955EA0057500586
B1514274159917N00135966EA0057700586
B1514284159923N00135978EA0057800588
B1514294159930N00135988EA0057900589
B1514304159937N00135998EA0057900590
B1514314159944N00136005EA0058000592
B1514324159953N00136013EA0058100594
B1514334159962N00136019EA0058200593
B1514344159970N00136024EA0058100592
B1514354159979N00136029EA0058400594
B1514364159986N00136035EA0058400595
B1514374159993N00136041EA0058100595
B1514384159999N00136049EA0058400598
B1514394200005N00136057EA0058600600
B1514404200010N00136066EA0059000601
B1514414200015N00136075EA0059000604
B1514424200018N00136085EA0059500605
B1514434200019N00136099EA0059100607
B1514444200021N00136111EA0058900608
B1514454200023N00136123EA0059100609
B1514464200025N00136135EA0059100612
B1514474200027N00136148EA0059300613
B1514484200030N00136160EA0059400615
B1514494200032N00136172EA0059400617
B1514504200034N00136185EA0059600619
B1514514200036N00136197EA0059700620
B1514524200038N00136209EA0059800622
B1514534200041N00136221EA0059800623
B1514544200044N00136233EA0059900624
B1514554200048N00136244EA0059900625
B1514564200052N00136255EA0060000627
B1514574200056N00136267EA0060100629
B1514584200061N00136279EA0060200633
B1514594200066N00136290EA0060200635
B1515004200070N00136300EA0060300637
B1515014200074N00136311EA0060700639
B1515024200077N00136322EA0060600640
B1515034200081N00136334EA0060700642
B1515044200085N00136345EA0060700642
B1515054200087N00136357EA0060800643
B1515064200089N00136367EA0060700644
B1515074200092N00136379EA0060600645
B1515084200095N00136390EA0060500645
B1515094200097N00136401EA0060400645
B1515104200098N00136412EA0060400645
B1515114200098N00136424EA0060500646
B1515124200097N00136435EA0060200646
B1515134200096N00136446EA0060100646
B1515144200094N00136458EA0060200645
B1515154200092N00136470EA0060200645
B1515164200087N00136481EA0060300645
B1515174200082N00136493EA0060300644
B1515184200076N00136505EA0060100643
B1515194200070N00136519EA0059900642
B1515204200063N00136532EA0059800640
B1515214200057N00136545EA0059600638
B1515224200051N00136559EA0059600635
B1515234200043N00136572EA0059500633
B1515244200036N00136586EA0059500631
B1515254200029N00136599EA0059100630
B1515264200022N00136613EA0059200628
B1515274200014N00136626EA0059100626
B1515284200006N00136640EA0059000624
B1515294159998N00136655EA0058900619
B1515304159991N00136669EA0058700616
B1515314159983N00136684EA0058700615
B1515324159976N00136698EA0058600614
B1515334159968N00136713EA0058600614
B1515344159961N00136728EA0058400613
B1515354159954N00136743EA0058200612
B1515364159947N00136757EA0058300611
B1515374159940N00136770EA0057600611
B1515384159933N00136783EA0058300611
B1515394159925N00136794EA0058500610
B1515404159917N00136803EA0059200612
B1515414159908N00136812EA0058700613
B1515424159900N00136821EA0058700614
B1515434159891N00136830EA0058900614
B1515444159883N00136839EA0058900614
B1515454159874N00136848EA0059000614
B1515464159866N00136857EA0059000614
B1515474159857N00136866EA0059000614
B1515484159849N00136875EA0059000614
B1515494159840N00136884EA0059100614
B1515504159832N00136894EA0059100613
B1515514159823N00136903EA0059000613
B1515524159814N00136913EA0059000612
B1515534159806N00136923EA0058800611
B1515544159797N00136933EA0058800610
B1515554159789N00136943EA0058700610
B1515564159779N00136953EA0058600609
B1515574159770N00136964EA0058500607
B1515584159761N00136974EA0058400606
B1515594159751N00136984EA0058200606
B1516004159741N00136994EA0058000604
B1516014159731N00137004EA0058100602
B1516024159722N00137015EA0058000601
B1516034159712N00137025EA0058000601
B1516044159702N00137036EA0058100600
B1516054159692N00137046EA0057900600
B1516064159683N00137056EA0058100600
B1516074159673N00137066EA0058200601
B1516084159664N00137075EA0058300601
B1516094159655N00137084EA0058500601
B1516104159647N00137093EA0058500601
B1516114159638N00137101EA0058600601
B1516124159631N00137109EA0058700601
B1516134159624N00137118EA0058700601
B1516144159617N00137127EA0058800602
B1516154159611N00137137EA0058900602
B1516164159607N00137148EA0059000602
B1516174159603N00137159EA0059100603
B1516184159601N00137171EA0059200603
B1516194159600N00137183EA0058500603
B1516204159599N00137195EA0058600604
B1516214159599N00137207EA0056800604
B1516224159599N00137219EA0058200604
B1516234159600N00137231EA0061100604
B1516244159602N00137243EA0059500604
B1516254159603N00137256EA0059400604
B1516264159604N00137268EA0059400604
B1516274159604N00137280EA0060900604
B1516284159604N00137292EA0059300605
B1516294159603N00137304EA0060000605
B1516304159600N00137317EA0060800606
B1516314159597N00137329EA0059900606
B1516324159594N00137341EA0060200606
B1516334159590N00137354EA0059900607
B1516344159586N00137366EA0060100608
B1516354159582N00137379EA0060100609
B1516364159578N00137391EA0060100610
B1516374159575N00137405EA0060400610
B1516384159570N00137419EA0060300610
B1516394159566N00137432EA0060500610
B1516404159562N00137446EA0060500611
B1516414159557N00137460EA0060700611
B1516424159553N00137474EA0060500611
B1516434159548N00137488EA0060600612
B1516444159544N00137502EA0060800613
B1516454159540N00137515EA0060800613
B1516464159535N00137529EA0061000614
B1516474159531N00137543EA0060800615
B1516484159528N00137557EA0060800616
B1516494159524N00137572EA0060900617
B1516504159522N00137587EA0061000619
B1516514159520N00137602EA0060900621
B1516524159517N00137617EA0060800622
B1516534159516N00137632EA0061100623
B1516544159513N00137647EA0061200622
B1516554159511N00137662EA0061200624
B1516564159508N00137677EA0061200624
B1516574159505N00137692EA0061300624
B1516584159504N00137707EA0061200625
B1516594159502N00137721EA0061300627
B1517004159500N00137736EA0061200626
B1517014159498N00137750EA0061300627
B1517024159495N00137764EA0061300628
B1517034159493N00137778EA0061100629
B1517044159491N00137791EA0061100629
B1517054159490N00137806EA0061300629
B1517064159490N00137820EA0060800629
B1517074159490N00137834EA0055600627
B1517084159490N00137848EA0061500627
B1517094159490N00137863EA0060700627
B1517104159492N00137878EA0060700625
B1517114159494N00137893EA0060400623
B1517124159495N00137909EA0059800618
B1517134159496N00137924EA0060400616
B1517144159497N00137940EA0060500615
B1517154159497N00137955EA0060000615
B1517164159497N00137971EA0059300615
B1517174159495N00137986EA0059400614
B1517184159495N00138001EA0058900612
B1517194159494N00138017EA0059000611
B1517204159492N00138033EA0059300612
B1517214159491N00138049EA0059300612
B1517224159490N00138064EA0060000613
B1517234159489N00138079EA0059200613
B1517244159489N00138094EA0059300613
B1517254159488N00138108EA0059300614
B1517264159488N00138123EA0059300614
B1517274159489N00138137EA0059000614
B1517284159490N00138151EA0059000615
B1517294159490N00138165EA0059300614
B1517304159492N00138179EA0059300613
B1517314159495N00138193EA0058700612
B1517324159497N00138207EA0059000612
B1517334159500N00138221EA0059500611
B1517344159502N00138235EA0059300611
B1517354159505N00138250EA0059300609
B1517364159508N00138265EA0059200608
B1517374159510N00138279EA0058300608
B1517384159512N00138292EA0059800608
B1517394159514N00138305EA0058900607
B1517404159516N00138317EA0059100606
B1517414159517N00138329EA0059000606
B1517424159517N00138341EA0058400604
B1517434159515N00138352EA0059800603
B1517444159513N00138364EA0058600601
B1517454159512N00138375EA0058800601
B1517464159511N00138386EA0058700600
B1517474159509N00138396EA0058600599
B1517484159508N00138406EA0058600599
B1517494159508N00138416EA0058200599
B1517504159509N00138425EA0058000598
B1517514159511N00138433EA0058100597
B1517524159513N00138441EA0058100596
B1517534159515N00138449EA0057600596
B1517544159517N00138456EA0058000595
B1517554159518N00138463EA0058000594
B1517564159517N00138469EA0057900594
B1517574159517N00138476EA0057700593
B1517584159516N00138481EA0057700593
B1517594159514N00138486EA0057500592
B1518004159513N00138488EA0058100592
B1518014159511N00138491EA0058100592
B1518024159507N00138493EA0058000591
B1518034159503N00138496EA0057800590
B1518044159498N00138499EA0057700590
B1518054159493N00138502EA0057400589
B1518064159487N00138507EA0058000589
B1518074159481N00138514EA0057400588
B1518084159475N00138520EA0057500588
B1518094159469N00138525EA0057100588
B1518104159463N00138531EA0057400587
B1518114159458N00138538EA0057600586
B1518124159453N00138546EA0057600584
B1518134159450N00138555EA0057700583
B1518144159448N00138564EA0059400580
B1518154159445N00138572EA0057400579
B1518164159443N00138581EA0057400579
B1518174159442N00138590EA0057200578
B1518184159441N00138598EA0057100577
B1518194159442N00138604EA0057100575
B1518204159444N00138607EA0057000574
B1518214159446N00138612EA0057000573
B1518224159450N00138614EA0057000571
B1518234159456N00138613EA0057000569
B1518244159457N00138611EA0057000568
B1518254159459N00138609EA0056800567
B1518264159463N00138605EA0056800567
B1518274159466N00138601EA0056700567
B1518284159468N00138594EA0056700566
B1518294159471N00138588EA0056600565
B1518304159474N00138581EA0056600564
B1518314159477N00138574EA0056600563
B1518324159480N00138568EA0056500562
B1518334159484N00138561EA0056300561
B1518344159487N00138556EA0056100560
B1518354159491N00138551EA0056200559
B1518364159495N00138546EA0056100559
B1518374159500N00138544EA0056100557
B1518384159507N00138544EA0055800556
B1518394159513N00138545EA0056700555
B1518404159520N00138546EA0055900555
B1518414159525N00138547EA0056200554
B1518424159532N00138548EA0056000553
B1518434159539N00138551EA0055800553
B1518444159547N00138553EA0055700553
B1518454159555N00138556EA0055800552
B1518464159563N00138558EA0055900551
B1518474159572N00138562EA0055800551
B1518484159579N00138565EA0055400551
B1518494159587N00138568EA0055400551
B1518504159595N00138571EA0055600551
B1518514159602N00138574EA0055400551
B1518524159609N00138575EA0055400551
B1518534159616N00138576EA0055200551
B1518544159622N00138575EA0055100552
B1518554159628N00138571EA0055200549
B1518564159634N00138568EA0055000547
B1518574159640N00138563EA0054800548
B1518584159644N00138558EA0054800548
B1518594159649N00138553EA0054600548
B1519004159653N00138548EA0054800548
B1519014159657N00138545EA0054700547
B1519024159662N00138542EA0054400548
B1519034159667N00138540EA0054800548
B1519044159671N00138538EA0055200548
B1519054159674N00138538EA0054900548
B1519064159677N00138539EA0054800547
B1519074159680N00138541EA0054700547
B1519084159683N00138542EA0054600546
B1519094159687N00138544EA0054600545
B1519104159690N00138544EA0054800545
B1519114159693N00138547EA0054900545
B1519124159697N00138549EA0054900545
B1519134159700N00138553EA0054800545
B1519144159703N00138556EA0055000544
B1519154159705N00138562EA0055200545
B1519164159709N00138568EA0055100544
B1519174159711N00138575EA0055100544
B1519184159714N00138582EA0055000542
B1519194159717N00138589EA0055200542
B1519204159720N00138596EA0055300542
B1519214159723N00138604EA0055300540
B1519224159726N00138611EA0055400539
B1519234159729N00138619EA0055600539
B1519244159732N00138627EA0055500538
B1519254159735N00138635EA0055600537
B1519264159739N00138644EA0055600537
B1519274159742N00138652EA0055800536
B1519284159745N00138659EA0055800536
B1519294159750N00138667EA0055900535
B1519304159755N00138672EA0055800535
B1519314159761N00138675EA0055800534
B1519324159768N00138677EA0055700534
B1519334159772N00138677EA0055800533
B1519344159779N00138679EA0055600532
B1519354159787N00138679EA0055600533
B1519364159795N00138680EA0055700534
B1519374159802N00138679EA0055400534
B1519384159809N00138676EA0055500534
B1519394159815N00138673EA0055400535
B1519404159821N00138670EA0055500535
B1519414159827N00138666EA0055000534
B1519424159833N00138664EA0055000534
B1519434159838N00138663EA0055000533
B1519444159844N00138663EA0055000533
B1519454159849N00138664EA0055000533
B1519464159853N00138667EA0055000533
B1519474159857N00138670EA0055000532
B1519484159860N00138675EA0054900532
B1519494159863N00138681EA0055100532
B1519504159866N00138687EA0054900532
B1519514159866N00138694EA0055100532
B1519524159866N00138701EA0055300531
B1519534159865N00138709EA0055400531
B1519544159863N00138717EA0055000530
B1519554159861N00138727EA0054900531
B1519564159860N00138736EA0054800531
B1519574159860N00138745EA0054800531
B1519584159859N00138753EA0054800532
B1519594159858N00138763EA0054600531
B1520004159857N00138772EA0054400531
B1520014159855N00138780EA0054300531
B1520024159851N00138788EA0054200531
B1520034159847N00138795EA0054500531
B1520044159841N00138804EA0054200531
B1520054159836N00138812EA0054900531
B1520064159830N00138820EA0053800530
B1520074159824N00138828EA0054100530
B1520084159818N00138836EA0053900529
B1520094159813N00138844EA0054000529
B1520104159808N00138853EA0053800529
B1520114159803N00138863EA0053800529
B1520124159799N00138874EA0053700528
B1520134159796N00138886EA0053600528
B1520144159792N00138896EA0053400527
B1520154159789N00138906EA0053400527
B1520164159785N00138916EA0053300528
B1520174159782N00138926EA0053200528
B1520184159778N00138934EA0053200528
B1520194159775N00138943EA0053100528
B1520204159772N00138951EA0053100528
B1520214159769N00138958EA0052900528
B1520224159765N00138965EA0052900527
B1520234159761N00138971EA0052900527
B1520244159756N00138976EA0053000527
B1520254159751N00138979EA0053000527
B1520264159746N00138981EA0052800527
B1520274159741N00138984EA0052800527
B1520284159735N00138985EA0052700526
B1520294159730N00138986EA0052700525
B1520304159725N00138988EA0052700525
B1520314159719N00138991EA0052400525
B1520324159713N00138997EA0052400525
B1520334159707N00139004EA0052200525
B1520344159701N00139009EA0052100525
B1520354159695N00139014EA0052300525
B1520364159690N00139022EA0052400524
B1520374159684N00139027EA0051900524
B1520384159677N00139033EA0052200523
B1520394159670N00139039EA0051900522
B1520404159663N00139045EA0051900522
B1520414159656N00139051EA0051900522
B1520424159649N00139056EA0051800522
B1520434159642N00139061EA0051700522
B1520444159637N00139067EA0051600522
B1520454159632N00139074EA0051600522
B1520464159629N00139083EA0051600522
B1520474159625N00139091EA0051500521
B1520484159622N00139099EA0051300521
B1520494159620N00139109EA0051700521
B1520504159618N00139118EA0051700521
B1520514159616N00139128EA0051700520
B1520524159615N00139137EA0051600520
B1520534159614N00139148EA0051700521
B1520544159615N00139158EA0051600520
B1520554159618N00139168EA0051700521
B1520564159621N00139179EA0051500521
B1520574159623N00139188EA0051400521
B1520584159626N00139199EA0052500521
B1520594159627N00139208EA0052000521
B1521004159630N00139217EA0052000521
B1521014159632N00139226EA0051900520
B1521024159635N00139235EA0052100519
B1521034159637N00139244EA0051300518
B1521044159640N00139253EA0052300517
B1521054159643N00139262EA0052000517
B1521064159647N00139270EA0052300516
B1521074159649N00139278EA0052400516
B1521084159652N00139285EA0052300515
B1521094159654N00139289EA0052400515
B1521104159658N00139292EA0052500516
B1521114159661N00139294EA0052600515
B1521124159666N00139294EA0052700515
B1521134159668N00139292EA0051000514
B1521144159670N00139291EA0051300513
B1521154159674N00139287EA0051700512
B1521164159679N00139284EA0054300511
B1521174159685N00139281EA0051300511
B1521184159692N00139277EA0051600511
B1521194159699N00139274EA0052700511
B1521204159704N00139272EA0052400512
B1521214159711N00139271EA0053200512
B1521224159717N00139271EA0052600512
B1521234159723N00139271EA0053600513
B1521244159731N00139273EA0053100514
B1521254159738N00139274EA0053100515
B1521264159745N00139275EA0053800516
B1521274159753N00139276EA0053300517
B1521284159761N00139277EA0052900519
B1521294159768N00139278EA0053200520
B1521304159776N00139280EA0053600522
B1521314159783N00139281EA0054000523
B1521324159790N00139284EA0053100524
B1521334159797N00139288EA0054900525
B1521344159804N00139292EA0054000525
B1521354159811N00139296EA0053600526
B1521364159819N00139301EA0053900527
B1521374159826N00139305EA0054400528
B1521384159834N00139310EA0053500529
B1521394159841N00139315EA0054200530
B1521404159849N00139320EA0053600531
B1521414159856N00139324EA0054100531
B1521424159863N00139329EA0053700532
B1521434159869N00139333EA0054100533
B1521444159875N00139337EA0054300534
B1521454159881N00139341EA0053700534
B1521464159887N00139344EA0052200535
B1521474159891N00139347EA0057600536
B1521484159895N00139352EA0054700536
B1521494159899N00139356EA0054900537
B1521504159902N00139360EA0054400537
B1521514159906N00139365EA0054700537
B1521524159909N00139371EA0054700538
B1521534159913N00139376EA0054500538
B1521544159917N00139381EA0054600539
B1521554159921N00139387EA0054700540
B1521564159926N00139392EA0054600540
B1521574159930N00139397EA0054800541
B1521584159934N00139403EA0054300541
B1521594159938N00139409EA0053700542
B1522004159942N00139415EA0055200543
B1522014159945N00139422EA0054800544
B1522024159946N00139429EA0055900545
B1522034159948N00139437EA0056300546
B1522044159949N00139445EA0054800547
B1522054159950N00139453EA0057200548
B1522064159952N00139460EA0055600549
B1522074159953N00139466EA0055700550
B1522084159954N00139471EA0055100550
B1522094159956N00139474EA0054200550
B1522104159958N00139476EA0056900551
B1522114159961N00139478EA0056100551
B1522124159963N00139478EA0054900551
B1522134159966N00139479EA0055000553
B1522144159969N00139480EA0055800552
B1522154159973N00139481EA0053600552
B1522164159977N00139481EA0051700552
B1522174159982N00139483EA0054300552
B1522184159987N00139484EA0055400552
B1522194159993N00139487EA0054300552
B1522204159999N00139489EA0057000552
B1522214200005N00139493EA0056200552
B1522224200011N00139495EA0056400553
B1522234200017N00139498EA0055000553
B1522244200024N00139500EA0055500554
B1522254200031N00139502EA0055400554
B1522264200038N00139504EA0056100554
B1522274200046N00139506EA0057100554
B1522284200054N00139507EA0056400554
B1522294200062N00139510EA0056600554
B1522304200069N00139512EA0056500555
B1522314200077N00139514EA0056500555
B1522324200083N00139516EA0055500555
B1522334200090N00139518EA0056800555
B1522344200096N00139520EA0056700555
B1522354200102N00139522EA0056500555
B1522364200107N00139524EA0058300555
B1522374200113N00139524EA0056400555
B1522384200117N00139524EA0054600555
B1522394200123N00139522EA0057600555
B1522404200129N00139520EA0057300555
B1522414200135N00139518EA0057300555
B1522424200142N00139516EA0057200555
B1522434200148N00139512EA0056300555
B1522444200154N00139508EA0055400554
B1522454200159N00139504EA0057000554
B1522464200164N00139500EA0056700554
B1522474200169N00139495EA0056300554
B1522484200175N00139491EA0057500555
B1522494200181N00139489EA0056900555
B1522504200188N00139487EA0055500556
B1522514200194N00139485EA0056500557
B1522524200200N00139484EA0060800558
B1522534200206N00139485EA0058000558
B1522544200211N00139487EA0056800558
B1522554200219N00139491EA0058500559
B1522564200225N00139496EA0059000559
B1522574200231N00139501EA0058100559
B1522584200236N00139506EA0056900560
B1522594200241N00139510EA0057600560
B1523004200246N00139514EA0057500561
B1523014200251N00139519EA0057900562
B1523024200257N00139523EA0057500562
B1523034200262N00139527EA0057500562
B1523044200266N00139532EA0057200562
B1523054200269N00139538EA0058300563
B1523064200272N00139544EA0058900563
B1523074200275N00139550EA0059300563
B1523084200278N00139556EA0058100564
B1523094200282N00139562EA0058400565
B1523104200286N00139566EA0058400566
B1523114200290N00139568EA0057500568
B1523124200294N00139569EA0058100568
B1523134200299N00139570EA0057600568
B1523144200304N00139570EA0057900569
B1523154200309N00139570EA0058500570
B1523164200315N00139570EA0058300571
B1523174200320N00139570EA0057400572
B1523184200325N00139570EA0057900573
B1523194200330N00139571EA0058600574
B1523204200336N00139573EA0059300574
B1523214200341N00139575EA0059200575
B1523224200347N00139577EA0058800576
B1523234200353N00139579EA0058300576
B1523244200358N00139580EA0058600577
B1523254200364N00139580EA0058600577
B1523264200369N00139581EA0058500578
B1523274200374N00139582EA0058200578
B1523284200379N00139583EA0058100579
B1523294200383N00139585EA0059100580
B1523304200385N00139587EA0059100580
B1523314200387N00139591EA0059800581
B1523324200389N00139597EA0060400582
B1523334200390N00139604EA0059600583
B1523344200391N00139612EA0059500584
B1523354200394N00139618EA0059300585
B1523364200396N00139624EA0059400586
B1523374200399N00139630EA0059600587
B1523384200402N00139635EA0059600587
B1523394200406N00139640EA0059400587
B1523404200411N00139645EA0059400588
B1523414200414N00139649EA0059500589
B1523424200418N00139653EA0059600592
B1523434200422N00139658EA0059800594
B1523444200426N00139664EA0059700595
B1523454200429N00139670EA0060000597
B1523464200433N00139675EA0060200598
B1523474200436N00139682EA0060500599
B1523484200440N00139687EA0059900600
B1523494200445N00139693EA0059500601
B1523504200450N00139700EA0060400602
B1523514200455N00139705EA0060100603
B1523524200460N00139709EA0060200605
B1523534200465N00139714EA0060200606
B1523544200471N00139719EA0060400607
B1523554200475N00139724EA0060200608
B1523564200478N00139731EA0061000610
B1523574200482N00139738EA0061400612
B1523584200486N00139745EA0060900613
B1523594200490N00139752EA0061300614
B1524004200494N00139758EA0061400614
B1524014200497N00139763EA0061200615
B1524024200502N00139768EA0061200616
B1524034200507N00139771EA0060900617
B1524044200513N00139773EA0061100618
B1524054200519N00139773EA0061000619
B1524064200525N00139773EA0061000622
B1524074200531N00139771EA0061300624
B1524084200537N00139769EA0061600625
B1524094200543N00139767EA0061100626
B1524104200549N00139765EA0060600626
B1524114200556N00139763EA0061200628
B1524124200562N00139763EA0061300629
B1524134200567N00139764EA0061700630
B1524144200573N00139765EA0062000631
B1524154200580N00139768EA0062200632
B1524164200586N00139772EA0061800634
B1524174200592N00139775EA0061600634
B1524184200597N00139779EA0060800635
B1524194200603N00139783EA0061500637
B1524204200609N00139788EA0062000638
B1524214200614N00139792EA0062000639
B1524224200618N00139797EA0062200640
B1524234200621N00139801EA0062000641
B1524244200626N00139805EA0061400641
B1524254200629N00139807EA0061000641
B1524264200632N00139808EA0062400642
B1524274200635N00139809EA0061900643
B1524284200638N00139809EA0061900644
B1524294200641N00139809EA0062100645
B1524304200645N00139809EA0062200646
B1524314200649N00139808EA0062300647
B1524324200653N00139807EA0062100647
B1524334200656N00139805EA0062300648
B1524344200660N00139804EA0061900649
B1524354200666N00139801EA0061900650
B1524364200669N00139799EA0061700651
B1524374200674N00139795EA0061700651
B1524384200679N00139792EA0062000651
B1524394200684N00139791EA0062100652
B1524404200692N00139791EA0062200652
B1524414200698N00139791EA0058900653
B1524424200705N00139791EA0063500653
B1524434200711N00139792EA0061500654
B1524444200718N00139794EA0064100655
B1524454200724N00139796EA0062700655
B1524464200731N00139799EA0060400655
B1524474200738N00139800EA0061900656
B1524484200745N00139803EA0061300656
B1524494200751N00139806EA0062700657
B1524504200758N00139810EA0063400658
B1524514200764N00139813EA0063900659
B1524524200770N00139815EA0065000660
B1524534200775N00139817EA0063800661
B1524544200781N00139819EA0060600662
B1524554200788N00139820EA0062600662
B1524564200794N00139820EA0062500663
B1524574200799N00139820EA0063000663
B1524584200805N00139818EA0061000664
B1524594200810N00139815EA0062000665
B1525004200817N00139814EA0062000666
B1525014200824N00139814EA0064600667
B1525024200830N00139814EA0062800667
B1525034200837N00139815EA0062500668
B1525044200843N00139815EA0061400668
B1525054200848N00139816EA0064200669
B1525064200853N00139816EA0063600670
B1525074200858N00139818EA0062900671
B1525084200861N00139821EA0063600672
B1525094200865N00139825EA0063000673
B1525104200867N00139830EA0063200673
B1525114200869N00139836EA0062700674
B1525124200870N00139841EA0060400675
B1525134200869N00139849EA0065700676
B1525144200866N00139853EA0065700678
B1525154200864N00139858EA0064800679
B1525164200862N00139862EA0064300681
B1525174200861N00139867EA0064100681
B1525184200860N00139872EA0064600682
B1525194200861N00139877EA0064100682
B1525204200863N00139883EA0063900682
B1525214200865N00139888EA0062600683
B1525224200868N00139892EA0063500683
B1525234200872N00139898EA0063900682
B1525244200875N00139902EA0063700682
B1525254200878N00139908EA0063400682
B1525264200881N00139912EA0063700681
B1525274200884N00139919EA0064300681
B1525284200886N00139926EA0064200681
B1525294200887N00139935EA0064500682
B1525304200888N00139942EA0064400682
B1525314200889N00139950EA0064300682
B1525324200890N00139956EA0064200681
B1525334200890N00139963EA0063800678
B1525344200891N00139971EA0064400676
B1525354200892N00139978EA0063600675
B1525364200893N00139985EA0062300675
B1525374200894N00139991EA0063900676
B1525384200894N00139998EA0065000678
B1525394200893N00140004EA0066600679
B1525404200891N00140008EA0066000680
B1525414200891N00140013EA0064800680
B1525424200890N00140018EA0064600681
B1525434200890N00140023EA0065000682
B1525444200890N00140029EA0064300683
B1525454200892N00140035EA0064600684
B1525464200895N00140041EA0064700685
B1525474200898N00140048EA0064800687
B1525484200901N00140055EA0064300688
B1525494200903N00140063EA0064700689
B1525504200906N00140070EA0064600689
B1525514200908N00140077EA0065000689
B1525524200912N00140086EA0064700690
B1525534200915N00140093EA0065100691
B1525544200918N00140099EA0064700692
B1525554200921N00140106EA0065100693
B1525564200925N00140112EA0065500693
B1525574200928N00140118EA0065200693
B1525584200932N00140122EA0065200694
B1525594200936N00140126EA0065100695
B1526004200940N00140129EA0065000696
B1526014200944N00140132EA0065100696
B1526024200947N00140134EA0065000696
B1526034200951N00140138EA0064300697
B1526044200954N00140142EA0064700698
B1526054200957N00140147EA0066000699
B1526064200959N00140153EA0065700699
B1526074200960N00140160EA0065300700
B1526084200962N00140168EA0065300701
B1526094200964N00140175EA0065400702
B1526104200965N00140182EA0065400703
B1526114200967N00140189EA0065500702
B1526124200968N00140196EA0065900703
B1526134200969N00140203EA0065500703
B1526144200970N00140210EA0066000702
B1526154200972N00140216EA0065500702
B1526164200975N00140223EA0065500702
B1526174200978N00140229EA0065800702
B1526184200981N00140236EA0065900702
B1526194200985N00140242EA0065900702
B1526204200988N00140249EA0066000703
B1526214200991N00140257EA0066000703
B1526224200996N00140262EA0065600704
B1526234201002N00140269EA0066100703
B1526244201007N00140275EA0065800703
B1526254201012N00140282EA0066000703
B1526264201018N00140289EA0066200704
B1526274201024N00140296EA0066200704
B1526284201029N00140304EA0066200705
B1526294201035N00140311EA0066500705
B1526304201041N00140317EA0066600705
B1526314201046N00140325EA0065800705
B1526324201050N00140332EA0066100706
B1526334201055N00140340EA0066300707
B1526344201058N00140348EA0066500707
B1526354201061N00140356EA0067300708
B1526364201064N00140364EA0066900708
B1526374201067N00140372EA0067000709
B1526384201069N00140381EA0066800709
B1526394201072N00140389EA0067000709
B1526404201075N00140397EA0066900709
B1526414201079N00140404EA0067200709
B1526424201083N00140410EA0067300709
B1526434201087N00140415EA0067000709
B1526444201092N00140419EA0067000710
B1526454201096N00140425EA0067200710
B1526464201101N00140429EA0067400710
B1526474201106N00140432EA0067400710
B1526484201112N00140436EA0067300710
B1526494201118N00140440EA0067500711
B1526504201125N00140443EA0066300711
B1526514201131N00140447EA0065700711
B1526524201138N00140451EA0068700712
B1526534201144N00140455EA0068200712
B1526544201149N00140458EA0069100712
B1526554201155N00140461EA0067000713
B1526564201161N00140463EA0067200712
B1526574201167N00140465EA0066700713
B1526584201174N00140466EA0067500713
B1526594201181N00140466EA0068100714
B1527004201188N00140467EA0067200715
B1527014201194N00140466EA0065800715
B1527024201201N00140467EA0067700714
B1527034201209N00140467EA0069700715
B1527044201216N00140467EA0068700715
B1527054201222N00140469EA0068900715
B1527064201228N00140469EA0068200715
B1527074201235N00140468EA0067500716
B1527084201243N00140469EA0068200717
B1527094201250N00140468EA0068300717
B1527104201258N00140469EA0068700717
B1527114201265N00140467EA0068400716
B1527124201272N00140465EA0067800717
B1527134201278N00140464EA0068400717
B1527144201286N00140461EA0067500716
B1527154201293N00140459EA0066800716
B1527164201300N00140459EA0067800716
B1527174201308N00140457EA0067300716
B1527184201316N00140458EA0069100716
B1527194201323N00140458EA0068700716
B1527204201330N00140460EA0068100716
B1527214201337N00140462EA0068800716
B1527224201345N00140465EA0068700716
B1527234201353N00140467EA0068700716
B1527244201360N00140470EA0068800716
B1527254201368N00140471EA0068500716
B1527264201374N00140470EA0068200716
B1527274201380N00140469EA0068300716
B1527284201387N00140468EA0067700716
B1527294201393N00140466EA0067700716
B1527304201399N00140464EA0067600716
B1527314201406N00140464EA0067800716
B1527324201413N00140467EA0068100715
B1527334201419N00140469EA0069300715
B1527344201425N00140473EA0068900715
B1527354201432N00140475EA0068400715
B1527364201439N00140478EA0068400715
B1527374201446N00140481EA0068500715
B1527384201453N00140483EA0068900714
B1527394201461N00140485EA0068800714
B1527404201468N00140486EA0067400714
B1527414201475N00140486EA0067500715
B1527424201482N00140488EA0067900715
B1527434201488N00140491EA0068400715
B1527444201494N00140495EA0068900714
B1527454201501N00140501EA0070200714
B1527464201507N00140505EA0069000715
B1527474201513N00140510EA0069000714
B1527484201520N00140514EA0069000714
B1527494201527N00140518EA0068700714
B1527504201533N00140522EA0068600713
B1527514201540N00140524EA0068800714
B1527524201547N00140526EA0068600713
B1527534201555N00140527EA0068800713
B1527544201562N00140529EA0068200714
B1527554201568N00140529EA0068500714
B1527564201573N00140530EA0067500715
B1527574201578N00140534EA0068900715
B1527584201582N00140538EA0070600716
B1527594201586N00140543EA0071000716
B1528004201590N00140547EA0070100717
B1528014201595N00140551EA0069100716
B1528024201599N00140554EA0069100717
B1528034201605N00140556EA0068900717
B1528044201610N00140557EA0068800717
B1528054201616N00140559EA0069200717
B1528064201621N00140561EA0069400717
B1528074201627N00140562EA0069500716
B1528084201633N00140563EA0069800716
B1528094201639N00140563EA0069500716
B1528104201645N00140562EA0068900717
B1528114201651N00140561EA0069900716
B1528124201657N00140559EA0069000716
B1528134201662N00140558EA0069400716
B1528144201668N00140557EA0069300716
B1528154201674N00140557EA0069900716
B1528164201679N00140560EA0069600717
B1528174201685N00140564EA0070000717
B1528184201689N00140568EA0071000717
B1528194201694N00140573EA0068900717
B1528204201700N00140578EA0071000717
B1528214201705N00140583EA0069600716
B1528224201710N00140589EA0069800717
B1528234201715N00140595EA0071500717
B1528244201721N00140603EA0070200717
B1528254201727N00140611EA0070500718
B1528264201734N00140618EA0070000720
B1528274201740N00140625EA0070900721
B1528284201747N00140632EA0070400722
B1528294201754N00140640EA0068500723
B1528304201760N00140648EA0070000724
B1528314201766N00140656EA0071400726
B1528324201773N00140664EA0071300728
B1528334201779N00140671EA0069800730
B1528344201784N00140677EA0070300731
B1528354201790N00140685EA0070500732
B1528364201794N00140691EA0072200733
B1528374201797N00140694EA0073000735
B1528384201801N00140696EA0071100736
B1528394201805N00140698EA0070900736
B1528404201810N00140695EA0070600738
B1528414201815N00140693EA0068900739
B1528424201822N00140690EA0070300740
B1528434201827N00140686EA0070900739
B1528444201831N00140682EA0069700740
B1528454201837N00140678EA0070700739
B1528464201843N00140675EA0070500739
B1528474201849N00140672EA0070500741
B1528484201854N00140669EA0071900742
B1528494201861N00140667EA0071900744
B1528504201866N00140664EA0071500745
B1528514201872N00140662EA0070800746
B1528524201878N00140658EA0070900747
B1528534201883N00140654EA0070800747
B1528544201888N00140648EA0070200748
B1528554201892N00140643EA0070600748
B1528564201897N00140638EA0069900748
B1528574201901N00140633EA0069800748
B1528584201906N00140631EA0070600749
B1528594201911N00140628EA0070900750
B1529004201916N00140627EA0072600750
B1529014201921N00140628EA0072100751
B1529024201925N00140630EA0071100752
B1529034201930N00140630EA0070900753
B1529044201936N00140630EA0070200754
B1529054201941N00140629EA0071600754
B1529064201947N00140628EA0070800755
B1529074201953N00140628EA0069600755
B1529084201959N00140629EA0071900755
B1529094201963N00140630EA0070400755
B1529104201967N00140634EA0070600756
B1529114201970N00140636EA0071600756
B1529124201973N00140640EA0071100757
B1529134201974N00140645EA0071500757
B1529144201975N00140652EA0072500758
B1529154201974N00140658EA0071500758
B1529164201971N00140662EA0071100759
B1529174201969N00140667EA0071300760
B1529184201967N00140673EA0071700761
B1529194201965N00140681EA0071400761
B1529204201965N00140689EA0071400762
B1529214201963N00140696EA0071500764
B1529224201962N00140704EA0071500765
B1529234201961N00140711EA0071600767
B1529244201960N00140718EA0071700769
B1529254201960N00140725EA0071600770
B1529264201960N00140731EA0071800771
B1529274201960N00140737EA0072000772
B1529284201962N00140742EA0071600773
B1529294201965N00140747EA0071500773
B1529304201969N00140751EA0071800772
B1529314201973N00140754EA0071700772
B1529324201978N00140757EA0071800772
B1529334201982N00140761EA0071900773
B1529344201986N00140764EA0072000773
B1529354201989N00140768EA0071600773
B1529364201993N00140771EA0071800773
B1529374201997N00140775EA0071500773
B1529384201999N00140780EA0072400773
B1529394202001N00140786EA0072100773
B1529404202003N00140791EA0072700772
B1529414202001N00140798EA0072900772
B1529424201997N00140810EA0072400773
B1529434201995N00140819EA0072200773
B1529444201994N00140828EA0072400774
B1529454201992N00140836EA0072500774
B1529464201991N00140845EA0071900774
B1529474201989N00140853EA0072200774
B1529484201988N00140861EA0072300775
B1529494201987N00140869EA0072600776
B1529504201986N00140877EA0072700776
B1529514201985N00140886EA0072700776
B1529524201986N00140894EA0072600777
B1529534201988N00140902EA0072700777
B1529544201989N00140910EA0072900777
B1529554201993N00140919EA0072800777
B1529564201996N00140927EA0072800776
B1529574202000N00140936EA0072900776
B1529584202003N00140944EA0073200776
B1529594202006N00140953EA0073200776
B1530004202008N00140962EA0073100776
B1530014202011N00140970EA0073400776
B1530024202013N00140980EA0073600776
B1530034202015N00140989EA0073300776
B1530044202017N00140998EA0073600777
B1530054202019N00141007EA0073200776
B1530064202021N00141014EA0072800776
B1530074202023N00141023EA0073000777
B1530084202023N00141032EA0073600777
B1530094202022N00141040EA0073700778
B1530104202018N00141046EA0073800777
B1530114202015N00141053EA0073600778
B1530124202012N00141060EA0073700779
B1530134202010N00141067EA0073900780
B1530144202006N00141071EA0074500780
B1530154202002N00141074EA0074900780
B1530164201998N00141076EA0074400780
B1530174201995N00141079EA0074100781
B1530184201990N00141080EA0074100781
B1530194201985N00141081EA0074100781
B1530204201980N00141083EA0074400781
B1530214201975N00141084EA0074600781
B1530224201970N00141086EA0074500782
B1530234201965N00141089EA0074400782
B1530244201962N00141091EA0074400781
B1530254201959N00141095EA0074200782
B1530264201956N00141099EA0074200782
B1530274201954N00141105EA0074200782
B1530284201952N00141112EA0074500782
B1530294201951N00141118EA0074600781
B1530304201949N00141125EA0074600781
B1530314201948N00141133EA0074900780
B1530324201947N00141141EA0074700779
B1530334201946N00141149EA0074300779
B1530344201945N00141158EA0074600778
B1530354201944N00141167EA0074800778
B1530364201943N00141176EA0074900778
B1530374201941N00141186EA0074600778
B1530384201940N00141195EA0074300778
B1530394201938N00141204EA0074900777
B1530404201934N00141213EA0075300777
B1530414201928N00141220EA0075500777
B1530424201923N00141228EA0075700778
B1530434201918N00141235EA0075500779
B1530444201913N00141243EA0075400779
B1530454201909N00141251EA0075500779
B1530464201905N00141260EA0075200779
B1530474201901N00141270EA0075300779
B1530484201898N00141280EA0075200779
B1530494201895N00141290EA0075400779
B1530504201891N00141301EA0075500779
B1530514201889N00141312EA0075600779
B1530524201886N00141322EA0075500780
B1530534201883N00141332EA0075800780
B1530544201880N00141342EA0075000780
B1530554201877N00141352EA0075900780
B1530564201873N00141360EA0075300780
B1530574201868N00141367EA0075600780
B1530584201863N00141373EA0075400781
B1530594201858N00141378EA0076300782
B1531004201853N00141382EA0076700782
B1531014201847N00141386EA0076800782
B1531024201842N00141388EA0076000782
B1531034201838N00141391EA0076100783
B1531044201833N00141395EA0075500783
B1531054201831N00141399EA0077100784
B1531064201828N00141405EA0075900784
B1531074201827N00141409EA0076000784
B1531084201826N00141416EA0076100783
B1531094201823N00141422EA0076400783
B1531104201822N00141429EA0076500783
B1531114201820N00141434EA0076100783
B1531124201819N00141441EA0076300783
B1531134201818N00141448EA0075900783
B1531144201817N00141455EA0075700783
B1531154201816N00141460EA0075900783
B1531164201814N00141466EA0076800784
B1531174201811N00141472EA0076400784
B1531184201806N00141475EA0077200784
B1531194201804N00141479EA0077100786
B1531204201801N00141482EA0076500787
B1531214201798N00141486EA0076600788
B1531224201797N00141491EA0076400788
B1531234201796N00141497EA0076300789
B1531244201795N00141504EA0076500789
B1531254201795N00141511EA0076600789
B1531264201794N00141519EA0076700790
B1531274201792N00141527EA0076900791
B1531284201789N00141534EA0076900792
B1531294201786N00141543EA0077200793
B1531304201783N00141551EA0077200795
B1531314201780N00141560EA0077000797
B1531324201777N00141568EA0077000797
B1531334201774N00141577EA0077300798
B1531344201771N00141585EA0077000799
B1531354201768N00141593EA0077400800
B1531364201765N00141602EA0077200801
B1531374201762N00141610EA0077500802
B1531384201760N00141617EA0077400803
B1531394201758N00141625EA0077300804
B1531404201756N00141631EA0076800805
B1531414201755N00141636EA0077500805
B1531424201753N00141641EA0077200806
B1531434201752N00141647EA0077300806
B1531444201750N00141653EA0077600807
B1531454201749N00141660EA0077600807
B1531464201747N00141667EA0077700807
B1531474201745N00141675EA0077800806
B1531484201743N00141683EA0077600806
B1531494201741N00141691EA0078000807
B1531504201739N00141700EA0077800807
B1531514201737N00141709EA0078300807
B1531524201735N00141718EA0078700808
B1531534201733N00141727EA0077200808
B1531544201732N00141736EA0077600809
B1531554201730N00141745EA0078100809
B1531564201729N00141755EA0078100810
B1531574201727N00141764EA0078300810
B1531584201726N00141774EA0078300811
B1531594201725N00141784EA0078100811
B1532004201724N00141795EA0078300812
B1532014201723N00141806EA0078400813
B1532024201722N00141816EA0078200813
B1532034201721N00141828EA0078400814
B1532044201720N00141839EA0077900815
B1532054201719N00141851EA0078600815
B1532064201717N00141862EA0078700816
B1532074201715N00141874EA0078800816
B1532084201712N00141886EA0078900817
B1532094201709N00141898EA0078900817
B1532104201706N00141911EA0078900818
B1532114201703N00141923EA0078900819
B1532124201700N00141936EA0079000819
B1532134201697N00141948EA0079000820
B1532144201694N00141961EA0078900820
B1532154201691N00141974EA0078800821
B1532164201687N00141986EA0078500822
B1532174201684N00141999EA0078700822
B1532184201680N00142012EA0078600823
B1532194201677N00142025EA0078600823
B1532204201673N00142038EA0078600824
B1532214201670N00142051EA0078500824
B1532224201666N00142065EA0078300824
B1532234201663N00142078EA0078400824
B1532244201659N00142092EA0078200825
B1532254201655N00142105EA0078300824
B1532264201652N00142118EA0078300825
B1532274201649N00142131EA0078300824
B1532284201645N00142144EA0078000825
B1532294201642N00142156EA0077700825
B1532304201639N00142168EA0077900825
B1532314201635N00142179EA0077700825
B1532324201632N00142189EA0077800825
B1532334201630N00142199EA0077400825
B1532344201628N00142207EA0077800825
B1532354201626N00142216EA0077300825
B1532364201624N00142224EA0077500825
B1532374201623N00142233EA0077300824
B1532384201624N00142243EA0077600825
B1532394201625N00142252EA0076900825
B1532404201626N00142262EA0077300825
B1532414201628N00142273EA0077400825
B1532424201629N00142283EA0077300826
B1532434201631N00142293EA0077200826
B1532444201634N00142303EA0077300826
B1532454201635N00142314EA0076800827
B1532464201637N00142324EA0076500827
B1532474201639N00142334EA0077000827
B1532484201639N00142345EA0077900827
B1532494201638N00142355EA0075900827
B1532504201638N00142366EA0077100827
B1532514201637N00142376EA0077700827
B1532524201637N00142386EA0077000826
B1532534201636N00142396EA0077800826
B1532544201637N00142406EA0077000825
B1532554201639N00142415EA0076900825
B1532564201642N00142426EA0076600825
B1532574201646N00142435EA0076800824
B1532584201651N00142445EA0075800824
B1532594201656N00142454EA0076000824
B1533004201662N00142464EA0076500824
B1533014201668N00142474EA0076800823
B1533024201674N00142485EA0076300823
B1533034201680N00142494EA0076100823
B1533044201686N00142504EA0075900822
B1533054201692N00142514EA0075400822
B1533064201698N00142523EA0075400822
B1533074201703N00142532EA0075900822
B1533084201707N00142542EA0075000821
B1533094201709N00142552EA0075900821
B1533104201709N00142562EA0076700822
B1533114201710N00142573EA0076600821
B1533124201709N00142583EA0076100819
B1533134201708N00142595EA0076000818
B1533144201708N00142607EA0075600817
B1533154201707N00142620EA0075700815
B1533164201706N00142633EA0075700813
B1533174201705N00142646EA0075600812
B1533184201704N00142659EA0075400815
B1533194201703N00142673EA0075500815
B1533204201702N00142686EA0075100814
B1533214201701N00142700EA0075100813
B1533224201700N00142714EA0075400812
B1533234201700N00142728EA0075100810
B1533244201699N00142742EA0075100808
B1533254201698N00142756EA0075500808
B1533264201698N00142771EA0074800807
B1533274201697N00142785EA0075000804
B1533284201696N00142799EA0075000803
B1533294201695N00142813EA0074900801
B1533304201695N00142827EA0074700800
B1533314201694N00142841EA0074500799
B1533324201693N00142855EA0074400799
B1533334201692N00142870EA0074800799
B1533344201692N00142884EA0074600798
B1533354201691N00142899EA0074500797
B1533364201690N00142913EA0074200796
B1533374201689N00142927EA0074400796
B1533384201688N00142939EA0074600795
B1533394201688N00142952EA0074000796
B1533404201687N00142964EA0073800795
B1533414201686N00142976EA0073900794
B1533424201685N00142987EA0074000794
B1533434201684N00142998EA0073700792
B1533444201682N00143009EA0074200791
B1533454201680N00143019EA0073900790
B1533464201680N00143028EA0072600790
B1533474201678N00143037EA0072500790
B1533484201675N00143045EA0073100790
B1533494201670N00143051EA0074700789
B1533504201664N00143057EA0073900789
B1533514201658N00143062EA0073400791
B1533524201652N00143067EA0073400790
B1533534201647N00143073EA0073000789
B1533544201643N00143078EA0073300788
B1533554201640N00143084EA0073100787
B1533564201636N00143092EA0072800784
B1533574201634N00143100EA0072400781
B1533584201633N00143109EA0071800779
B1533594201631N00143118EA0072800778
B1534004201630N00143127EA0072300777
B1534014201628N00143137EA0072500777
B1534024201626N00143147EA0072400776
B1534034201624N00143156EA0072300772
B1534044201622N00143166EA0071700770
B1534054201619N00143174EA0071000769
B1534064201616N00143183EA0071900768
B1534074201611N00143188EA0072100768
B1534084201605N00143193EA0073500765
B1534094201599N00143196EA0072900764
B1534104201591N00143200EA0072200763
B1534114201583N00143205EA0071600764
B1534124201576N00143210EA0071600762
B1534134201568N00143214EA0071700761
B1534144201560N00143219EA0071600759
B1534154201552N00143224EA0071100758
B1534164201545N00143228EA0070900757
B1534174201538N00143232EA0071900757
B1534184201532N00143236EA0072200755
B1534194201527N00143240EA0071300755
B1534204201522N00143246EA0069000755
B1534214201519N00143253EA0071100754
B1534224201516N00143262EA0070300753
B1534234201512N00143271EA0070700751
B1534244201509N00143280EA0070800751
B1534254201505N00143289EA0071000750
B1534264201503N00143298EA0071500749
B1534274201500N00143308EA0071000748
B1534284201500N00143318EA0071200746
B1534294201499N00143329EA0070300744
B1534304201500N00143339EA0069800744
B1534314201500N00143348EA0070700743
B1534324201500N00143357EA0071400742
B1534334201501N00143365EA0070700741
B1534344201502N00143373EA0070000741
B1534354201502N00143380EA0069700740
B1534364201501N00143387EA0070300739
B1534374201499N00143392EA0070500739
B1534384201495N00143397EA0071600738
B1534394201491N00143401EA0072400739
B1534404201487N00143405EA0070100738
B1534414201482N00143408EA0069600737
B1534424201477N00143410EA0071000737
B1534434201473N00143411EA0071400736
B1534444201469N00143411EA0071600736
B1534454201464N00143410EA0071600736
B1534464201459N00143409EA0071300737
B1534474201454N00143407EA0070500737
B1534484201449N00143406EA0070700737
B1534494201443N00143405EA0071500736
B1534504201438N00143403EA0071600737
B1534514201434N00143403EA0071600737
B1534524201429N00143403EA0071400739
B1534534201424N00143404EA0071100739
B1534544201419N00143406EA0071200738
B1534554201414N00143409EA0070000738
B1534564201410N00143411EA0070700738
B1534574201406N00143414EA0071500738
B1534584201403N00143416EA0071900738
B1534594201399N00143418EA0072300738
B1535004201397N00143422EA0071700738
B1535014201395N00143425EA0071400737
B1535024201394N00143429EA0071300737
B1535034201394N00143434EA0071200737
B1535044201396N00143437EA0071400736
B1535054201397N00143441EA0071400736
B1535064201401N00143442EA0071200735
B1535074201404N00143443EA0071300734
B1535084201408N00143442EA0070200733
B1535094201413N00143441EA0070900733
B1535104201417N00143441EA0071500733
B1535114201421N00143443EA0072600733
B1535124201426N00143446EA0072200734
B1535134201431N00143449EA0071600734
B1535144201435N00143452EA0071800734
B1535154201441N00143455EA0071500734
B1535164201446N00143459EA0071800734
B1535174201452N00143462EA0071500735
B1535184201457N00143467EA0071500735
B1535194201463N00143471EA0072000735
B1535204201469N00143477EA0072100735
B1535214201474N00143484EA0072400736
B1535224201479N00143492EA0072500736
B1535234201483N00143499EA0071300736
B1535244201487N00143507EA0071900737
B1535254201492N00143515EA0072300737
B1535264201495N00143525EA0072400738
B1535274201498N00143534EA0072800738
B1535284201501N00143544EA0072500739
B1535294201505N00143554EA0073100739
B1535304201508N00143565EA0072300739
B1535314201511N00143575EA0072600739
B1535324201514N00143586EA0073200740
B1535334201517N00143597EA0072800740
B1535344201521N00143608EA0072700740
B1535354201524N00143619EA0072600740
B1535364201527N00143631EA0072900740
B1535374201531N00143643EA0072800740
B1535384201534N00143654EA0073300740
B1535394201537N00143665EA0073100741
B1535404201540N00143675EA0073300741
B1535414201544N00143685EA0073500741
B1535424201547N00143695EA0073400741
B1535434201549N00143704EA0072000742
B1535444201552N00143712EA0073300742
B1535454201555N00143720EA0073100742
B1535464201560N00143728EA0072600742
B1535474201564N00143734EA0073300742
B1535484201569N00143741EA0073300742
B1535494201575N00143747EA0073800743
B1535504201580N00143754EA0073700743
B1535514201586N00143760EA0074100744
B1535524201591N00143766EA0074000746
B1535534201597N00143772EA0074000747
B1535544201602N00143778EA0074000748
B1535554201608N00143784EA0074000749
B1535564201613N00143790EA0074600749
B1535574201618N00143796EA0074000750
B1535584201623N00143801EA0073100750
B1535594201626N00143807EA0073800750
B1536004201629N00143813EA0074800750
B1536014201630N00143820EA0075600750
B1536024201628N00143830EA0075500751
B1536034201629N00143837EA0074800751
B1536044201629N00143846EA0075200751
B1536054201628N00143854EA0074700752
B1536064201628N00143863EA0074900752
B1536074201628N00143872EA0074500753
B1536084201628N00143881EA0075000753
B1536094201628N00143891EA0074800754
B1536104201628N00143900EA0074800755
B1536114201627N00143910EA0075300756
B1536124201627N00143919EA0075500756
B1536134201627N00143929EA0075300756
B1536144201628N00143938EA0075000757
B1536154201630N00143948EA0075200757
B1536164201633N00143957EA0075000758
B1536174201635N00143966EA0075100758
B1536184201638N00143974EA0075200758
B1536194201641N00143983EA0075400759
B1536204201645N00143992EA0075100760
B1536214201648N00144002EA0075800761
B1536224201651N00144012EA0075800762
B1536234201654N00144021EA0075800763
B1536244201657N00144031EA0075800764
B1536254201660N00144040EA0075700765
B1536264201663N00144049EA0076500767
B1536274201665N00144057EA0076300768
B1536284201668N00144063EA0076300770
B1536294201670N00144069EA0076700771
B1536304201672N00144074EA0076800772
B1536314201675N00144077EA0076400772
B1536324201678N00144079EA0076100773
B1536334201682N00144079EA0075800774
B1536344201686N00144077EA0076100775
B1536354201690N00144074EA0074800777
B1536364201695N00144070EA0076300778
B1536374201699N00144065EA0076200780
B1536384201704N00144061EA0076700783
B1536394201708N00144057EA0076500784
B1536404201713N00144052EA0076100786
B1536414201717N00144047EA0076400786
B1536424201722N00144043EA0076200788
B1536434201726N00144039EA0075700789
B1536444201730N00144036EA0075900789
B1536454201735N00144036EA0076700791
B1536464201739N00144036EA0076500793
B1536474201743N00144039EA0076800796
B1536484201746N00144044EA0078000797
B1536494201749N00144049EA0078000798
B1536504201751N00144056EA0076900799
B1536514201754N00144062EA0076800800
B1536524201757N00144069EA0076800799
B1536534201760N00144076EA0076900799
B1536544201764N00144084EA0076800799
B1536554201768N00144091EA0077200799
B1536564201772N00144098EA0077000799
B1536574201775N00144106EA0077100800
B1536584201779N00144114EA0077300801
B1536594201783N00144122EA0077100802
B1537004201787N00144131EA0077400802
B1537014201790N00144139EA0077400803
B1537024201794N00144148EA0077500805
B1537034201797N00144156EA0077600806
B1537044201800N00144164EA0077500805
B1537054201803N00144171EA0077600805
B1537064201806N00144177EA0077800806
B1537074201809N00144182EA0077800807
B1537084201813N00144185EA0077800807
B1537094201816N00144188EA0077600808
B1537104201821N00144189EA0077800809
B1537114201825N00144188EA0077600810
B1537124201830N00144187EA0077600812
B1537134201835N00144184EA0077800813
B1537144201840N00144181EA0078000814
B1537154201845N00144178EA0077900815
B1537164201850N00144175EA0078000816
B1537174201856N00144171EA0077900816
B1537184201862N00144167EA0078100816
B1537194201868N00144163EA0078100817
B1537204201874N00144159EA0078500817
B1537214201880N00144155EA0076500816
B1537224201887N00144151EA0077800816
B1537234201894N00144146EA0078300817
B1537244201901N00144142EA0078400817
B1537254201908N00144137EA0078400819
B1537264201915N00144133EA0078200818
B1537274201922N00144129EA0079200819
B1537284201929N00144124EA0078200821
B1537294201937N00144120EA0078700821
B1537304201944N00144116EA0078500822
B1537314201952N00144112EA0078900822
B1537324201959N00144109EA0078800822
B1537334201967N00144106EA0079200823
B1537344201975N00144104EA0079600824
B1537354201984N00144103EA0079300825
B1537364201992N00144101EA0079500824
B1537374202000N00144100EA0079400826
B1537384202008N00144098EA0079100827
B1537394202017N00144097EA0079400827
B1537404202025N00144095EA0079800828
B1537414202034N00144094EA0079800829
B1537424202043N00144092EA0079400829
B1537434202051N00144091EA0079600829
B1537444202060N00144090EA0079500829
B1537454202068N00144088EA0080000829
B1537464202076N00144087EA0080300829
B1537474202084N00144085EA0079900830
B1537484202092N00144084EA0079200831
B1537494202100N00144084EA0079200832
B1537504202108N00144085EA0080100832
B1537514202116N00144087EA0081200832
B1537524202124N00144090EA0080700833
B1537534202132N00144093EA0080500834
B1537544202139N00144096EA0081000834
B1537554202146N00144100EA0080300834
B1537564202154N00144102EA0080700833
B1537574202162N00144105EA0080500834
B1537584202168N00144109EA0080800834
B1537594202175N00144113EA0081000834
B1538004202182N00144116EA0080400835
B1538014202189N00144120EA0081400835
B1538024202196N00144123EA0080900835
B1538034202203N00144126EA0081200836
B1538044202211N00144129EA0081500836
B1538054202219N00144133EA0081100837
B1538064202227N00144136EA0081600837
B1538074202235N00144140EA0081500838
B1538084202243N00144143EA0081300839
B1538094202250N00144146EA0081100840
B1538104202256N00144151EA0081900841
B1538114202263N00144155EA0082300841
B1538124202269N00144161EA0082200842
B1538134202274N00144167EA0082100843
B1538144202280N00144174EA0081600844
B1538154202285N00144179EA0083300845
B1538164202291N00144186EA0082300845
B1538174202296N00144191EA0083000846
B1538184202301N00144195EA0082600846
B1538194202306N00144198EA0082400846
B1538204202310N00144197EA0082100846
B1538214202313N00144195EA0082100846
B1538224202317N00144193EA0081000846
B1538234202321N00144190EA0082300846
B1538244202326N00144186EA0082200847
B1538254202331N00144181EA0082300848
B1538264202335N00144177EA0083200849
B1538274202340N00144174EA0082400849
B1538284202344N00144171EA0081700850
B1538294202348N00144169EA0082200850
B1538304202353N00144168EA0082300851
B1538314202358N00144169EA0083400851
B1538324202361N00144170EA0083400851
B1538334202366N00144173EA0080800850
B1538344202370N00144176EA0082400850
B1538354202374N00144180EA0082900851
B1538364202378N00144184EA0084000851
B1538374202383N00144188EA0082800852
B1538384202387N00144192EA0082900852
B1538394202392N00144197EA0083400853
B1538404202397N00144200EA0083600853
B1538414202403N00144203EA0083300853
B1538424202408N00144204EA0083500853
B1538434202414N00144204EA0083300855
B1538444202420N00144204EA0083300856
B1538454202427N00144203EA0083700857
B1538464202433N00144202EA0083200858
B1538474202440N00144201EA0083700858
B1538484202447N00144200EA0083600859
B1538494202453N00144199EA0083700860
B1538504202460N00144198EA0083600861
B1538514202467N00144197EA0083800861
B1538524202474N00144196EA0083800861
B1538534202481N00144195EA0083900861
B1538544202488N00144193EA0084200862
B1538554202495N00144193EA0083800862
B1538564202502N00144192EA0084100863
B1538574202509N00144191EA0083900863
B1538584202515N00144189EA0084700863
B1538594202522N00144188EA0084200864
B1539004202527N00144188EA0084300864
B1539014202533N00144188EA0084300864
B1539024202538N00144188EA0084800865
B1539034202543N00144190EA0084400865
B1539044202548N00144194EA0084700865
B1539054202553N00144198EA0085500865
B1539064202558N00144203EA0085000865
B1539074202562N00144208EA0085000866
B1539084202567N00144213EA0084600866
B1539094202573N00144219EA0084500867
B1539104202579N00144226EA0084900867
B1539114202584N00144232EA0085100868
B1539124202590N00144239EA0084800868
B1539134202596N00144246EA0085200868
B1539144202602N00144253EA0084800869
B1539154202609N00144259EA0086000868
B1539164202615N00144266EA0084900867
B1539174202621N00144273EA0085100866
B1539184202628N00144281EA0085100866
B1539194202634N00144288EA0085100865
B1539204202641N00144294EA0085200865
B1539214202647N00144302EA0085300864
B1539224202654N00144309EA0085200863
B1539234202660N00144316EA0085200863
B1539244202666N00144323EA0084800862
B1539254202672N00144330EA0085700862
B1539264202678N00144334EA0086300861
B1539274202684N00144339EA0085200858
B1539284202692N00144342EA0085000858
B1539294202700N00144346EA0084700857
B1539304202706N00144349EA0084600858
B1539314202714N00144350EA0085300859
B1539324202722N00144351EA0085300859
B1539334202731N00144353EA0085200859
B1539344202740N00144355EA0085200860
B1539354202750N00144356EA0085300861
B1539364202760N00144358EA0084800862
B1539374202770N00144359EA0085200863
B1539384202779N00144360EA0085000864
B1539394202789N00144362EA0084800864
B1539404202798N00144363EA0085000865
B1539414202808N00144364EA0085000865
B1539424202818N00144365EA0085200865
B1539434202828N00144365EA0084400865
B1539444202838N00144366EA0085000865
B1539454202847N00144365EA0084800866
B1539464202857N00144367EA0085000866
B1539474202866N00144368EA0084700866
B1539484202876N00144369EA0084600866
B1539494202885N00144369EA0085600867
B1539504202894N00144369EA0085200868
B1539514202904N00144370EA0084500869
B1539524202913N00144371EA0084700870
B1539534202922N00144372EA0084500871
B1539544202932N00144373EA0084500872
B1539554202940N00144373EA0084400874
B1539564202949N00144373EA0084300874
B1539574202957N00144374EA0084400874
B1539584202965N00144375EA0083800875
B1539594202973N00144375EA0083200876
B1540004202980N00144376EA0083500876
B1540014202988N00144377EA0083800876
B1540024202995N00144380EA0083800875
B1540034203002N00144384EA0084600875
B1540044203009N00144389EA0085400875
B1540054203016N00144394EA0084300875
B1540064203024N00144400EA0084000874
B1540074203032N00144406EA0083800874
B1540084203040N00144413EA0084400875
B1540094203049N00144419EA0083500875
B1540104203057N00144425EA0083100874
B1540114203066N00144432EA0083600874
B1540124203075N00144439EA0083100873
B1540134203084N00144446EA0083800872
B1540144203093N00144454EA0082600872
B1540154203102N00144462EA0082900872
B1540164203112N00144470EA0083300872
B1540174203122N00144478EA0083400872
B1540184203131N00144486EA0083200872
B1540194203140N00144494EA0083300872
B1540204203149N00144502EA0083200873
B1540214203157N00144509EA0083300873
B1540224203165N00144516EA0082900873
B1540234203173N00144522EA0082400873
B1540244203180N00144529EA0082900873
B1540254203185N00144538EA0083000872
B1540264203189N00144546EA0083100872
B1540274203194N00144555EA0084200872
B1540284203197N00144566EA0083400872
B1540294203201N00144577EA0083500871
B1540304203204N00144588EA0083000872
B1540314203207N00144601EA0082900872
B1540324203211N00144614EA0082500871
B1540334203214N00144627EA0083100871
B1540344203217N00144641EA0083000871
B1540354203221N00144655EA0082800870
B1540364203224N00144670EA0082900870
B1540374203228N00144685EA0082600869
B1540384203231N00144700EA0082400869
B1540394203235N00144715EA0082700868
B1540404203239N00144730EA0082500868
B1540414203243N00144745EA0082400867
B1540424203247N00144760EA0082300867
B1540434203251N00144775EA0083200867
B1540444203254N00144790EA0082400867
B1540454203258N00144805EA0082700867
B1540464203261N00144819EA0082500867
B1540474203265N00144834EA0082600866
B1540484203269N00144848EA0082300866
B1540494203272N00144863EA0082500866
B1540504203276N00144877EA0082000866
B1540514203279N00144892EA0082200865
B1540524203283N00144906EA0082200865
B1540534203287N00144921EA0082300865
B1540544203290N00144935EA0082300865
B1540554203294N00144949EA0081500865
B1540564203298N00144964EA0081500864
B1540574203301N00144978EA0081900864
B1540584203305N00144991EA0082000864
B1540594203309N00145005EA0082100864
B1541004203313N00145018EA0082200864
B1541014203317N00145032EA0081900864
B1541024203321N00145045EA0082200863
B1541034203325N00145058EA0080200862
B1541044203328N00145070EA0082100861
B1541054203332N00145082EA0081600861
B1541064203335N00145093EA0082100861
B1541074203336N00145104EA0082300861
B1541084203338N00145116EA0083300860
B1541094203338N00145128EA0082400859
B1541104203339N00145140EA0082100859
B1541114203340N00145152EA0081800859
B1541124203341N00145165EA0082000859
B1541134203342N00145177EA0082600859
B1541144203342N00145190EA0082000859
B1541154203343N00145202EA0081700859
B1541164203343N00145214EA0081700859
B1541174203343N00145225EA0081300859
B1541184203343N00145236EA0080700859
B1541194203342N00145247EA0081500858
B1541204203340N00145257EA0083400859
B1541214203337N00145268EA0083400859
B1541224203334N00145278EA0082200860
B1541234203334N00145288EA0082100860
B1541244203334N00145300EA0081200860
B1541254203334N00145311EA0081500861
B1541264203334N00145322EA0081600861
B1541274203333N00145333EA0082000862
B1541284203331N00145343EA0082600862
B1541294203329N00145355EA0082600863
B1541304203325N00145365EA0082500864
B1541314203322N00145376EA0082600866
B1541324203319N00145387EA0082400867
B1541334203315N00145398EA0082600867
B1541344203312N00145410EA0082200868
B1541354203308N00145421EA0082500868
B1541364203304N00145433EA0082500869
B1541374203300N00145444EA0082600870
B1541384203297N00145456EA0082200870
B1541394203293N00145467EA0082700871
B1541404203290N00145478EA0082600871
B1541414203287N00145489EA0082600871
B1541424203284N00145501EA0082400871
B1541434203280N00145514EA0082200871
B1541444203277N00145526EA0082500871
B1541454203274N00145539EA0082000870
B1541464203271N00145553EA0082600869
B1541474203267N00145567EA0082100869
B1541484203264N00145581EA0082100868
B1541494203261N00145595EA0081600867
B1541504203258N00145609EA0081600867
B1541514203255N00145624EA0081400866
B1541524203252N00145638EA0081200865
B1541534203249N00145652EA0081300864
B1541544203245N00145667EA0080700864
B1541554203242N00145682EA0081100863
B1541564203239N00145697EA0080700863
B1541574203236N00145711EA0080200862
B1541584203232N00145725EA0080300861
B1541594203229N00145739EA0080800860
B1542004203226N00145752EA0080100860
B1542014203223N00145765EA0080500859
B1542024203220N00145778EA0080000858
B1542034203218N00145791EA0080500858
B1542044203216N00145804EA0080600857
B1542054203214N00145816EA0080400857
B1542064203213N00145830EA0079800856
B1542074203212N00145844EA0080000857
B1542084203211N00145857EA0079800856
B1542094203211N00145871EA0078900856
B1542104203210N00145884EA0079700855
B1542114203209N00145897EA0079600855
B1542124203207N00145910EA0079400855
B1542134203207N00145923EA0079400854
B1542144203206N00145935EA0079100854
B1542154203205N00145947EA0079400853
B1542164203204N00145958EA0079200853
B1542174203203N00145969EA0079100852
B1542184203203N00145980EA0079000851
B1542194203202N00145991EA0078900850
B1542204203202N00146001EA0079100850
B1542214203201N00146011EA0079000849
B1542224203200N00146021EA0078900848
B1542234203200N00146030EA0079000848
B1542244203199N00146039EA0079000847
B1542254203199N00146047EA0078800846
B1542264203198N00146056EA0079000845
B1542274203198N00146064EA0078800845
B1542284203198N00146072EA0078900844
B1542294203198N00146079EA0078800843
B1542304203199N00146087EA0078500842
B1542314203202N00146095EA0078100842
B1542324203204N00146102EA0078200841
B1542334203208N00146110EA0078400840
B1542344203212N00146119EA0078100838
B1542354203216N00146127EA0078000838
B1542364203221N00146136EA0078100836
B1542374203225N00146145EA0078000835
B1542384203230N00146154EA0077000835
B1542394203233N00146164EA0077600834
B1542404203237N00146174EA0078300833
B1542414203240N00146184EA0078500832
B1542424203244N00146195EA0077700831
B1542434203247N00146206EA0077800831
B1542444203251N00146216EA0077400830
B1542454203253N00146225EA0077600829
B1542464203256N00146234EA0076800828
B1542474203258N00146241EA0076700828
B1542484203259N00146249EA0077300827
B1542494203259N00146256EA0077000826
B1542504203258N00146263EA0077700825
B1542514203257N00146270EA0077300824
B1542524203253N00146277EA0077800824
B1542534203248N00146284EA0077700824
B1542544203244N00146289EA0077600823
B1542554203239N00146294EA0077300822
B1542564203234N00146299EA0077400822
B1542574203229N00146305EA0077500821
B1542584203222N00146312EA0077200820
B1542594203216N00146318EA0077200820
B1543004203209N00146324EA0077500819
B1543014203202N00146330EA0077200818
B1543024203196N00146337EA0077400817
B1543034203189N00146343EA0077400817
B1543044203183N00146349EA0077400816
B1543054203176N00146356EA0077400816
B1543064203170N00146362EA0077300816
B1543074203163N00146369EA0077000815
B1543084203158N00146375EA0077400815
B1543094203153N00146382EA0077600814
B1543104203149N00146389EA0077300814
B1543114203146N00146397EA0077100813
B1543124203146N00146404EA0077100811
B1543134203147N00146412EA0076900810
B1543144203149N00146419EA0077000809
B1543154203153N00146426EA0077000808
B1543164203157N00146432EA0076800807
B1543174203162N00146438EA0076800805
B1543184203167N00146444EA0076600804
B1543194203174N00146449EA0076700804
B1543204203180N00146454EA0076500803
B1543214203187N00146460EA0076500802
B1543224203194N00146465EA0076400802
B1543234203201N00146471EA0076300801
B1543244203207N00146477EA0076200801
B1543254203213N00146484EA0075700800
B1543264203219N00146491EA0076300800
B1543274203224N00146499EA0076700798
B1543284203229N00146508EA0076400799
B1543294203234N00146517EA0076600800
B1543304203238N00146526EA0076100799
B1543314203243N00146535EA0076100798
B1543324203247N00146544EA0076100798
B1543334203251N00146552EA0075900797
B1543344203255N00146560EA0075800797
B1543354203258N00146568EA0075400796
B1543364203259N00146575EA0075600795
B1543374203259N00146583EA0076000793
B1543384203258N00146591EA0076500792
B1543394203256N00146599EA0076400792
B1543404203253N00146607EA0076600792
B1543414203250N00146615EA0075900792
B1543424203247N00146624EA0075600793
B1543434203244N00146633EA0075700793
B1543444203240N00146643EA0075500794
B1543454203236N00146653EA0075600794
B1543464203232N00146664EA0075700794
B1543474203228N00146674EA0075600795
B1543484203224N00146684EA0075500796
B1543494203220N00146694EA0075600796
B1543504203216N00146703EA0075500797
B1543514203213N00146712EA0075400797
B1543524203209N00146720EA0075600797
B1543534203206N00146727EA0075900797
B1543544203204N00146734EA0075500797
B1543554203203N00146742EA0075300796
B1543564203204N00146751EA0074300796
B1543574203205N00146760EA0075300795
B1543584203206N00146769EA0075100795
B1543594203208N00146779EA0075200793
B1544004203209N00146788EA0075200792
B1544014203211N00146798EA0075200790
B1544024203212N00146808EA0075400788
B1544034203214N00146818EA0075500786
B1544044203217N00146828EA0075200783
B1544054203220N00146838EA0074800783
B1544064203224N00146847EA0074700781
B1544074203228N00146857EA0074400780
B1544084203233N00146867EA0074800778
B1544094203237N00146877EA0074500777
B1544104203242N00146888EA0075200775
B1544114203247N00146900EA0074600774
B1544124203252N00146911EA0074300773
B1544134203257N00146922EA0075900773
B1544144203262N00146933EA0074700772
B1544154203267N00146943EA0074500771
B1544164203271N00146953EA0074100771
B1544174203276N00146963EA0074700771
B1544184203279N00146972EA0074000770
B1544194203282N00146981EA0074400770
B1544204203285N00146990EA0074400771
B1544214203286N00147000EA0074700771
B1544224203286N00147009EA0075900771
B1544234203287N00147019EA0074400770
B1544244203287N00147030EA0074500770
B1544254203288N00147040EA0074600770
B1544264203288N00147051EA0073800770
B1544274203287N00147061EA0074600772
B1544284203286N00147071EA0075300771
B1544294203283N00147081EA0075300771
B1544304203279N00147091EA0075100773
B1544314203276N00147101EA0075000773
B1544324203272N00147111EA0074700773
B1544334203269N00147121EA0075100773
B1544344203267N00147129EA0074600772
B1544354203265N00147138EA0075200772
B1544364203263N00147145EA0074600771
B1544374203264N00147153EA0074700772
B1544384203265N00147161EA0074100772
B1544394203266N00147169EA0074500772
B1544404203268N00147178EA0074600771
B1544414203270N00147187EA0074400772
B1544424203272N00147197EA0074800770
B1544434203275N00147207EA0074500769
B1544444203278N00147217EA0073900770
B1544454203281N00147228EA0074300769
B1544464203283N00147240EA0074800769
B1544474203286N00147251EA0074100769
B1544484203289N00147263EA0074200769
B1544494203292N00147275EA0073800771
B1544504203295N00147287EA0074800770
B1544514203297N00147298EA0074000772
B1544524203299N00147308EA0073900772
B1544534203302N00147317EA0074100772
B1544544203305N00147325EA0074500772
B1544554203308N00147333EA0074200771
B1544564203312N00147339EA0074400772
B1544574203315N00147345EA0073900770
B1544584203321N00147350EA0074000771
B1544594203326N00147355EA0073300771
B1545004203333N00147360EA0073900770
B1545014203339N00147365EA0073200769
B1545024203346N00147371EA0074300768
B1545034203353N00147377EA0074200769
B1545044203360N00147383EA0073700770
B1545054203367N00147388EA0073400770
B1545064203374N00147394EA0073600770
B1545074203382N00147400EA0073300771
B1545084203388N00147406EA0073400770
B1545094203395N00147412EA0073700770
B1545104203401N00147417EA0073300769
B1545114203407N00147421EA0073000769
B1545124203411N00147423EA0073600768
B1545134203417N00147426EA0073400768
B1545144203423N00147427EA0073000767
B1545154203429N00147428EA0073000766
B1545164203436N00147428EA0072700763
B1545174203443N00147427EA0072700762
B1545184203450N00147425EA0072600759
B1545194203456N00147423EA0072400758
B1545204203462N00147419EA0072400756
B1545214203468N00147416EA0072100755
B1545224203473N00147414EA0072100755
B1545234203479N00147412EA0071600754
B1545244203484N00147411EA0072000754
B1545254203489N00147413EA0072500753
B1545264203493N00147414EA0071900752
B1545274203498N00147418EA0073200751
B1545284203501N00147425EA0072400750
B1545294203503N00147432EA0072900751
B1545304203504N00147440EA0072900751
B1545314203506N00147449EA0072200751
B1545324203507N00147458EA0072000752
B1545334203509N00147468EA0072000752
B1545344203510N00147478EA0072100753
B1545354203512N00147487EA0072000754
B1545364203516N00147498EA0071700755
B1545374203520N00147508EA0071400755
B1545384203524N00147519EA0071300754
B1545394203527N00147529EA0071300753
B1545404203531N00147540EA0070700751
B1545414203535N00147552EA0071400749
B1545424203540N00147563EA0071300749
B1545434203544N00147575EA0071100748
B1545444203548N00147586EA0071100747
B1545454203552N00147596EA0071700747
B1545464203556N00147606EA0070900745
B1545474203558N00147613EA0071800744
B1545484203563N00147619EA0071000741
B1545494203567N00147623EA0071000738
B1545504203571N00147628EA0070400734
B1545514203576N00147632EA0070800733
B1545524203582N00147634EA0070800731
B1545534203589N00147636EA0070200730
B1545544203596N00147637EA0070900729
B1545554203603N00147639EA0070900727
B1545564203610N00147640EA0070400726
B1545574203619N00147642EA0070700725
B1545584203629N00147644EA0070100726
B1545594203637N00147646EA0070600726
B1546004203647N00147647EA0070000727
B1546014203655N00147650EA0070500727
B1546024203664N00147651EA0070100728
B1546034203673N00147652EA0069800727
B1546044203681N00147653EA0069300727
B1546054203689N00147656EA0069800726
B1546064203697N00147659EA0070600726
B1546074203704N00147662EA0070300725
B1546084203712N00147666EA0069900724
B1546094203720N00147671EA0070100724
B1546104203727N00147675EA0069800723
B1546114203735N00147680EA0069400722
B1546124203742N00147685EA0069700722
B1546134203750N00147690EA0069900721
B1546144203757N00147694EA0070200720
B1546154203764N00147697EA0069600719
B1546164203772N00147699EA0069400718
B1546174203780N00147699EA0069400717
B1546184203788N00147699EA0069000716
B1546194203797N00147698EA0069300715
B1546204203805N00147696EA0069100714
B1546214203813N00147694EA0069300714
B1546224203821N00147692EA0068800714
B1546234203829N00147691EA0068400713
B1546244203836N00147689EA0068600713
B1546254203844N00147690EA0068500713
B1546264203851N00147692EA0069000714
B1546274203858N00147694EA0069500714
B1546284203866N00147698EA0069400714
B1546294203873N00147702EA0068400713
B1546304203881N00147706EA0068800713
B1546314203889N00147710EA0068600713
B1546324203896N00147715EA0068700712
B1546334203905N00147719EA0068500712
B1546344203914N00147722EA0068400711
B1546354203923N00147725EA0067800711
B1546364203932N00147728EA0067700710
B1546374203941N00147731EA0068000710
B1546384203949N00147734EA0068000710
B1546394203958N00147736EA0067800709
B1546404203966N00147739EA0067800709
B1546414203973N00147742EA0067200709
B1546424203980N00147744EA0066400709
B1546434203985N00147748EA0067100709
B1546444203991N00147752EA0067700709
B1546454203995N00147757EA0068300709
B1546464203998N00147763EA0067700709
B1546474204003N00147768EA0067400710
B1546484204007N00147773EA0066300710
B1546494204010N00147779EA0067000709
B1546504204011N00147785EA0067200709
B1546514204011N00147792EA0067600709
B1546524204011N00147799EA0067000709
B1546534204008N00147806EA0066600709
B1546544204005N00147812EA0068800709
B1546554204001N00147819EA0067400709
B1546564203997N00147825EA0067900709
B1546574203994N00147832EA0067600709
B1546584203992N00147840EA0067500709
B1546594203990N00147847EA0068300709
B1547004203990N00147854EA0067700709
B1547014203990N00147861EA0066700709
B1547024203992N00147868EA0066900709
B1547034203993N00147876EA0067200708
B1547044203993N00147883EA0066100708
B1547054203993N00147891EA0067600707
B1547064203990N00147898EA0068900707
B1547074203986N00147904EA0070500707
B1547084203982N00147911EA0068300707
B1547094203978N00147916EA0068800706
B1547104203974N00147922EA0068100706
B1547114203972N00147928EA0068300706
B1547124203971N00147934EA0068400706
B1547134203970N00147941EA0068200706
B1547144203972N00147947EA0068400705
B1547154203975N00147952EA0067600705
B1547164203978N00147956EA0068200705
B1547174203983N00147960EA0068100705
B1547184203988N00147964EA0068100705
B1547194203992N00147969EA0068100705
B1547204203996N00147975EA0068200705
B1547214204000N00147983EA0068000705
B1547224204001N00147991EA0068400705
B1547234204001N00148000EA0069200702
B1547244204000N00148008EA0069000700
B1547254204000N00148018EA0068400699
B1547264203999N00148028EA0068600698
B1547274203998N00148037EA0068200697
B1547284203997N00148047EA0068700696
B1547294203997N00148056EA0068800696
B1547304203996N00148065EA0069000695
B1547314203996N00148074EA0069100695
B1547324203997N00148082EA0068900695
B1547334203998N00148089EA0068800695
B1547344204001N00148096EA0068600695
B1547354204005N00148101EA0068500694
B1547364204010N00148107EA0068900694
B1547374204016N00148112EA0068700694
B1547384204022N00148118EA0069000694
B1547394204027N00148124EA0068600694
B1547404204034N00148130EA0068900693
B1547414204040N00148136EA0069000693
B1547424204046N00148142EA0069000693
B1547434204053N00148148EA0069000693
B1547444204059N00148155EA0069000694
B1547454204065N00148160EA0069100694
B1547464204071N00148167EA0067800695
B1547474204077N00148173EA0069400696
B1547484204082N00148180EA0070200696
B1547494204087N00148187EA0069600697
B1547504204092N00148195EA0069500698
B1547514204097N00148202EA0069600697
B1547524204102N00148207EA0069500698
B1547534204108N00148212EA0069500698
B1547544204115N00148215EA0069300699
B1547554204121N00148218EA0068900699
B1547564204127N00148221EA0069400700
B1547574204133N00148225EA0069300701
B1547584204139N00148228EA0069100702
B1547594204143N00148232EA0069700703
B1548004204147N00148238EA0069300704
B1548014204148N00148245EA0069400705
B1548024204149N00148253EA0070000705
B1548034204149N00148260EA0069600706
B1548044204148N00148267EA0071000706
B1548054204144N00148271EA0070500707
B1548064204141N00148277EA0070000709
B1548074204138N00148283EA0069800710
B1548084204135N00148290EA0070000711
B1548094204133N00148296EA0070200711
B1548104204130N00148303EA0070200712
B1548114204128N00148310EA0070200712
B1548124204127N00148317EA0069900713
B1548134204126N00148325EA0069500714
B1548144204127N00148333EA0069000714
B1548154204127N00148342EA0070400715
B1548164204128N00148350EA0069800715
B1548174204129N00148359EA0070600716
B1548184204131N00148368EA0070400717
B1548194204133N00148378EA0070400718
B1548204204135N00148389EA0069800718
B1548214204137N00148399EA0070200720
B1548224204139N00148410EA0070000722
B1548234204141N00148421EA0070400723
B1548244204143N00148431EA0071100724
B1548254204146N00148440EA0070700726
B1548264204149N00148449EA0070300728
B1548274204153N00148458EA0070600729
B1548284204158N00148467EA0070600730
B1548294204163N00148475EA0069800731
B1548304204168N00148483EA0069900731
B1548314204175N00148490EA0070200732
B1548324204182N00148497EA0070900733
B1548334204189N00148505EA0069900733
B1548344204196N00148512EA0070400733
B1548354204204N00148519EA0070100733
B1548364204212N00148526EA0070100733
B1548374204220N00148534EA0067200733
B1548384204228N00148542EA0067200733
B1548394204236N00148550EA0069700733
B1548404204244N00148558EA0069800733
B1548414204252N00148565EA0069800733
B1548424204260N00148573EA0070600733
B1548434204269N00148581EA0070100733
B1548444204277N00148588EA0070000734
B1548454204285N00148596EA0069900734
B1548464204294N00148602EA0069700734
B1548474204303N00148609EA0070500734
B1548484204312N00148614EA0069500734
B1548494204321N00148620EA0069300734
B1548504204330N00148625EA0070200734
B1548514204339N00148631EA0070300734
B1548524204348N00148637EA0069900735
B1548534204357N00148642EA0071700735
B1548544204365N00148647EA0070000735
B1548554204374N00148652EA0069900735
B1548564204383N00148656EA0069700736
B1548574204392N00148660EA0069600735
B1548584204401N00148663EA0069400735
B1548594204410N00148666EA0069500735
B1549004204419N00148668EA0069300735
B1549014204428N00148670EA0069400734
B1549024204437N00148672EA0069200733
B1549034204445N00148674EA0069000732
B1549044204454N00148677EA0069000731
B1549054204461N00148680EA0068300730
B1549064204467N00148685EA0069500729
B1549074204473N00148691EA0070100728
B1549084204478N00148698EA0070000728
B1549094204483N00148705EA0069200727
B1549104204488N00148712EA0069500727
B1549114204493N00148719EA0069300727
B1549124204499N00148726EA0069300726
B1549134204504N00148734EA0069100726
B1549144204508N00148741EA0068500725
B1549154204513N00148749EA0069400723
B1549164204518N00148755EA0069400722
B1549174204523N00148761EA0069600722
B1549184204529N00148766EA0069200721
B1549194204535N00148769EA0069300720
B1549204204541N00148771EA0068900719
B1549214204548N00148773EA0068900718
B1549224204555N00148775EA0068500714
B1549234204562N00148778EA0069200712
B1549244204570N00148780EA0069000710
B1549254204577N00148782EA0069300708
B1549264204585N00148785EA0068900706
B1549274204593N00148787EA0068900705
B1549284204601N00148789EA0068900704
B1549294204609N00148791EA0069000703
B1549304204617N00148793EA0069100702
B1549314204626N00148795EA0069200700
B1549324204634N00148798EA0069100699
B1549334204642N00148800EA0068800698
B1549344204651N00148802EA0068900697
B1549354204659N00148805EA0067700697
B1549364204667N00148807EA0069000696
B1549374204676N00148812EA0069800696
B1549384204683N00148816EA0068300697
B1549394204691N00148821EA0069000697
B1549404204698N00148827EA0069900697
B1549414204705N00148832EA0068900698
B1549424204713N00148837EA0068800697
B1549434204720N00148841EA0069300696
B1549444204728N00148844EA0068600694
B1549454204737N00148845EA0067900694
B1549464204745N00148847EA0068600695
B1549474204753N00148848EA0068000693
B1549484204761N00148849EA0068500692
B1549494204770N00148849EA0068500691
B1549504204778N00148849EA0068400691
B1549514204786N00148850EA0068700691
B1549524204794N00148851EA0068200691
B1549534204801N00148852EA0067500690
B1549544204807N00148853EA0067800691
B1549554204813N00148855EA0067900691
B1549564204818N00148859EA0069200692
B1549574204822N00148864EA0069400691
B1549584204825N00148869EA0069000691
B1549594204829N00148875EA0068400691
B1550004204832N00148882EA0068200692
B1550014204834N00148889EA0068300692
B1550024204837N00148895EA0067700692
B1550034204838N00148901EA0068500693
B1550044204839N00148907EA0068200693
B1550054204838N00148913EA0068300694
B1550064204835N00148918EA0068700693
B1550074204830N00148922EA0067000694
B1550084204826N00148927EA0068700697
B1550094204821N00148932EA0068500698
B1550104204817N00148937EA0068700700
B1550114204812N00148942EA0069100700
B1550124204809N00148948EA0068700701
B1550134204805N00148954EA0068800701
B1550144204802N00148960EA0068500701
B1550154204800N00148966EA0068400700
B1550164204798N00148973EA0068000699
B1550174204797N00148980EA0067900699
B1550184204798N00148988EA0068500696
B1550194204799N00148996EA0068600696
B1550204204799N00149004EA0068000695
B1550214204799N00149013EA0068600695
B1550224204799N00149022EA0068600695
B1550234204800N00149031EA0068300694
B1550244204800N00149041EA0068500694
B1550254204800N00149051EA0068600694
B1550264204800N00149060EA0068500694
B1550274204801N00149070EA0068300693
B1550284204801N00149080EA0068800693
B1550294204801N00149090EA0068700694
B1550304204802N00149099EA0068700693
B1550314204802N00149107EA0068500693
B1550324204803N00149115EA0068600693
B1550334204805N00149122EA0068900693
B1550344204809N00149129EA0068500693
B1550354204813N00149138EA0068600693
B1550364204817N00149144EA0068400694
B1550374204823N00149149EA0068500694
B1550384204829N00149154EA0068800694
B1550394204836N00149157EA0068000695
B1550404204843N00149160EA0068200696
B1550414204850N00149164EA0068200697
B1550424204857N00149168EA0068000698
B1550434204865N00149172EA0068300699
B1550444204873N00149175EA0068800700
B1550454204881N00149179EA0068400700
B1550464204889N00149183EA0068700700
B1550474204897N00149186EA0068800702
B1550484204906N00149190EA0068500703
B1550494204914N00149193EA0068500705
B1550504204922N00149197EA0068300707
B1550514204930N00149200EA0067500708
B1550524204938N00149203EA0068000709
B1550534204946N00149206EA0068600710
B1550544204953N00149208EA0068400712
B1550554204961N00149210EA0068200712
B1550564204969N00149211EA0068300713
B1550574204977N00149211EA0068300714
B1550584204986N00149211EA0068100714
B1550594204995N00149211EA0068300714
B1551004205003N00149210EA0068300714
B1551014205012N00149209EA0068300715
B1551024205020N00149207EA0068400716
B1551034205028N00149206EA0068300716
B1551044205036N00149205EA0067900717
B1551054205043N00149205EA0067700718
B1551064205051N00149205EA0067400719
B1551074205057N00149207EA0068200720
B1551084205062N00149210EA0068200722
B1551094205067N00149214EA0068800723
B1551104205071N00149219EA0068400724
B1551114205075N00149224EA0068400725
B1551124205078N00149230EA0068200727
B1551134205082N00149236EA0068200728
B1551144205086N00149243EA0068200730
B1551154205091N00149250EA0068400731
B1551164205095N00149258EA0068500733
B1551174205100N00149266EA0068500734
B1551184205104N00149273EA0068400734
B1551194205110N00149281EA0068400735
B1551204205116N00149288EA0068300736
B1551214205122N00149295EA0068500736
B1551224205129N00149303EA0068400736
B1551234205135N00149311EA0068400737
B1551244205142N00149318EA0068400737
B1551254205148N00149325EA0068200737
B1551264205154N00149331EA0068200738
B1551274205160N00149336EA0068200738
B1551284205164N00149341EA0068100739
B1551294205168N00149346EA0068000739
B1551304205170N00149352EA0068600740
B1551314205171N00149358EA0069000740
B1551324205171N00149363EA0068700741
B1551334205171N00149368EA0068300741
B1551344205171N00149373EA0068400741
B1551354205170N00149378EA0068500740
B1551364205168N00149385EA0068500740
B1551374205165N00149393EA0068600739
B1551384205163N00149401EA0068500738
B1551394205162N00149409EA0068500737
B1551404205160N00149418EA0068500736
B1551414205158N00149426EA0068500736
B1551424205156N00149434EA0068500735
B1551434205154N00149443EA0068700735
B1551444205152N00149451EA0068600734
B1551454205151N00149459EA0068400733
B1551464205150N00149466EA0068500732
B1551474205151N00149474EA0068300732
B1551484205155N00149482EA0068500731
B1551494205157N00149488EA0068200729
B1551504205161N00149494EA0068400729
B1551514205165N00149498EA0068400728
B1551524205170N00149502EA0068200728
B1551534205174N00149505EA0068200728
B1551544205178N00149507EA0068200728
B1551554205181N00149510EA0067800727
B1551564205183N00149511EA0068500727
B1551574205184N00149514EA0068400726
B1551584205184N00149517EA0068400726
B1551594205184N00149519EA0068200725
B1552004205183N00149521EA0067800725
B1552014205180N00149523EA0068600725
B1552024205178N00149524EA0068700725
B1552034205176N00149525EA0068500725
B1552044205174N00149525EA0068300725
B1552054205170N00149526EA0068300725
B1552064205167N00149527EA0068500724
B1552074205162N00149529EA0068600723
B1552084205158N00149532EA0068400723
B1552094205153N00149535EA0068300721
B1552104205149N00149538EA0068200721
B1552114205145N00149543EA0068100720
B1552124205141N00149547EA0067900719
B1552134205139N00149552EA0066800718
B1552144205137N00149556EA0067000718
B1552154205135N00149560EA0066900718
B1552164205133N00149563EA0070200717
B1552174205131N00149565EA0068500717
B1552184205129N00149567EA0068100718
B1552194205126N00149570EA0068600717
B1552204205124N00149572EA0068300717
B1552214205121N00149574EA0068100717
B1552224205117N00149576EA0067800717
B1552234205113N00149578EA0067700717
B1552244205109N00149579EA0067800717
B1552254205105N00149581EA0068100716
B1552264205100N00149582EA0068100715
B1552274205096N00149583EA0067900715
B1552284205092N00149583EA0067100714
B1552294205088N00149584EA0067400714
B1552304205084N00149584EA0067600714
B1552314205081N00149584EA0067900712
B1552324205079N00149584EA0067900712
B1552334205077N00149584EA0067900712
B1552344205076N00149584EA0067900712
B1552354205074N00149584EA0067500711
B1552364205072N00149584EA0068000711
B1552374205070N00149583EA0067200712
B1552384205068N00149581EA0067000711
B1552394205067N00149579EA0068200710
B1552404205065N00149575EA0067600711
B1552414205063N00149571EA0067600710
B1552424205063N00149567EA0068200709
B1552434205062N00149563EA0067600709
B1552444205061N00149559EA0067600709
B1552454205060N00149554EA0067500708
B1552464205059N00149549EA0067300707
B1552474205057N00149543EA0067100706
B1552484205056N00149537EA0067000705
B1552494205054N00149532EA0067600704
B1552504205053N00149525EA0067000703
B1552514205051N00149518EA0067200702
B1552524205049N00149512EA0067700701
B1552534205047N00149507EA0067400700
B1552544205046N00149502EA0067300699
B1552554205044N00149498EA0066900698
B1552564205044N00149493EA0067200697
B1552574205042N00149488EA0066600697
B1552584205041N00149483EA0066900695
B1552594205039N00149478EA0066700695
B1553004205038N00149472EA0066600694
B1553014205036N00149467EA0066700693
B1553024205035N00149463EA0067000692
B1553034205034N00149460EA0067900691
B1553044205032N00149457EA0066500689
B1553054205031N00149455EA0066900688
B1553064205030N00149452EA0066600688
B1553074205029N00149449EA0066200687
B1553084205028N00149446EA0066000686
B1553094205027N00149443EA0066800685
B1553104205026N00149440EA0066800685
B1553114205025N00149438EA0066900684
B1553124205025N00149436EA0067300683
B1553134205024N00149433EA0066800683
B1553144205023N00149429EA0066400682
B1553154205022N00149426EA0066700682
B1553164205022N00149422EA0066500682
B1553174205021N00149419EA0066300682
B1553184205021N00149416EA0066400682
B1553194205021N00149414EA0066500682
B1553204205021N00149412EA0067400682
B1553214205021N00149411EA0066600682
B1553224205021N00149411EA0066600681
B1553234205021N00149410EA0066600681
B1553244205021N00149408EA0066900681
B1553254205020N00149406EA0065300681
B1553264205019N00149405EA0067900681
B1553274205019N00149402EA0067200681
B1553284205018N00149399EA0066300680
B1553294205017N00149396EA0065900680
B1553304205017N00149392EA0067100680
B1553314205016N00149388EA0067100679
B1553324205015N00149384EA0067500679
B1553334205014N00149380EA0066900679
B1553344205013N00149375EA0066700678
B1553354205012N00149371EA0066200677
B1553364205012N00149367EA0066900677
B1553374205011N00149364EA0067200677
B1553384205010N00149359EA0066200676
B1553394205009N00149355EA0066500676
B1553404205009N00149351EA0066400676
B1553414205008N00149347EA0065600676
B1553424205007N00149344EA0066700675
B1553434205007N00149341EA0067000675
B1553444205006N00149339EA0066400675
B1553454205006N00149337EA0066600675
B1553464205006N00149336EA0066800675
B1553474205005N00149334EA0066800674
B1553484205004N00149333EA0066200674
B1553494205003N00149332EA0066800673
B1553504205003N00149331EA0066400673
B1553514205002N00149330EA0066500673
B1553524205002N00149329EA0066600673
B1553534205002N00149328EA0066600673
B1553544205001N00149328EA0067700672
B1553554205001N00149327EA0066200672
B1553564205001N00149326EA0066300671
B1553574205001N00149326EA0066600671
B1553584205001N00149325EA0067100670
B1553594205001N00149324EA0066300670
B1554004205001N00149323EA0065700669
B1554014205001N00149323EA0067300667
B1554024205002N00149322EA0066600666
B1554034205002N00149322EA0066900666
B1554044205002N00149320EA0068700666
B1554054205003N00149319EA0065500666
B1554064205004N00149319EA0065500666
B1554074205004N00149318EA0066600667
B1554084205005N00149317EA0066400666
B1554094205006N00149315EA0066600666
B1554104205006N00149314EA0066500667
B1554114205006N00149313EA0066400668
B1554124205007N00149313EA0064100669
B1554134205007N00149313EA0065200669
B1554144205008N00149312EA0071200670
B1554154205008N00149313EA0067500670
B1554164205008N00149314EA0066800672
B1554174205009N00149314EA0066500674
B1554184205009N00149315EA0066500674
B1554194205009N00149314EA0066900676
B1554204205009N00149314EA0066800677
B1554214205009N00149314EA0067000677
B1554224205009N00149315EA0066600678
B1554234205009N00149315EA0067200679
B1554244205009N00149315EA0067000680
B1554254205009N00149315EA0067000681
B1554264205009N00149315EA0066900682
B1554274205009N00149315EA0067000682
B1554284205009N00149315EA0067000683
B1554294205009N00149315EA0066900684
B1554304205009N00149315EA0066900684
B1554314205009N00149315EA0067000684
B1554324205009N00149315EA0066800685
B1554334205009N00149315EA0066300685
B1554344205009N00149316EA0066500686
B1554354205009N00149316EA0067400687
B1554364205009N00149316EA0067200687
B1554374205009N00149316EA0066900687
B1554384205009N00149316EA0066900688
B1554394205009N00149316EA0066900688
B1554404205009N00149316EA0067000689
B1554414205010N00149316EA0067000689
B1554424205010N00149316EA0067000689
B1554434205010N00149316EA0067100689
B1554444205009N00149316EA0067000690
B1554454205010N00149316EA0066800690
B1554464205010N00149316EA0066900690
B1554474205010N00149316EA0066900690
B1554484205010N00149316EA0066900689
B1554494205010N00149315EA0066900689
B1554504205011N00149316EA0066900690
B1554514205011N00149316EA0066900690
B1554524205011N00149316EA0066900690
B1554534205011N00149316EA0066900690
B1554544205011N00149316EA0066900690
B1554554205011N00149317EA0066800690
B1554564205011N00149317EA0066900690
B1554574205012N00149316EA0066700690
B1554584205012N00149316EA0067000690
B1554594205012N00149316EA0066900690
B1555004205012N00149316EA0067000690
B1555014205012N00149315EA0066800690
B1555024205011N00149315EA0067000690
B1555034205011N00149315EA0067000690
B1555044205010N00149316EA0067000689
B1555054205010N00149316EA0066900689
B1555064205009N00149317EA0066900689
B1555074205009N00149317EA0066600690
B1555084205009N00149317EA0066800690
B1555094205008N00149317EA0066900690
B1555104205008N00149317EA0066900690
B1555114205008N00149318EA0066900690
B1555124205008N00149318EA0066800690
B1555134205008N00149318EA0066800690
B1555144205007N00149318EA0066800690
B1555154205007N00149318EA0066900690
B1555164205007N00149317EA0066700690
B1555174205007N00149318EA0067000690
B1555184205007N00149318EA0066900690
B1555194205007N00149317EA0066900690
B1555204205007N00149318EA0066800690
B1555214205007N00149318EA0066800690
B1555224205007N00149317EA0066800690
B1555234205007N00149317EA0066800690
B1555244205007N00149317EA0066900690
B1555254205006N00149317EA0066800691
B1555264205006N00149317EA0066900691
B1555274205006N00149317EA0066800691
B1555284205006N00149317EA0066800691
B1555294205006N00149317EA0066800691
B1555304205006N00149317EA0066800690
B1555314205006N00149318EA0066900690
B1555324205006N00149318EA0066800690
B1555334205006N00149318EA0066900690
B1555344205006N00149318EA0066800691
B1555354205005N00149318EA0066800692
B1555364205005N00149318EA0066800692
B1555374205005N00149318EA0066800692
B1555384205005N00149318EA0066900692
B1555394205005N00149318EA0066900692
B1555404205005N00149318EA0066900691
B1555414205005N00149317EA0066900691
B1555424205005N00149317EA0066900691
B1555434205005N00149316EA0066800691
B1555444205006N00149316EA0066900692
B1555454205006N00149316EA0066600692
B1555464205006N00149315EA0067000692
B1555474205006N00149315EA0066600693
B1555484205006N00149315EA0067700693
B1555494205007N00149314EA0066800694
B1555504205007N00149313EA0066700695
B1555514205008N00149312EA0066900696
B1555524205009N00149311EA0067000697
B1555534205010N00149311EA0066600698
B1555544205011N00149311EA0067100696
B1555554205011N00149311EA0066000695
B1555564205012N00149311EA0067000695
B1555574205012N00149311EA0067600694
B1555584205012N00149311EA0067100693
B1555594205012N00149311EA0066900692
B1556004205012N00149310EA0067100692
B1556014205012N00149310EA0067000692
B1556024205011N00149310EA0067000692
B1556034205011N00149310EA0067100692
B1556044205011N00149310EA0067000692
B1556054205011N00149310EA0067000693
B1556064205011N00149309EA0067000692
B1556074205011N00149309EA0067100693
B1556084205011N00149308EA0066900692
B1556094205011N00149308EA0067300692
B1556104205011N00149308EA0066900692
B1556114205012N00149307EA0066900692
B1556124205012N00149306EA0067000691
B1556134205013N00149305EA0067100691
B1556144205013N00149304EA0066900691
B1556154205013N00149303EA0067100691
B1556164205014N00149303EA0067100691
B1556174205014N00149302EA0067100691
B1556184205014N00149301EA0067000692
B1556194205014N00149301EA0067000691
B1556204205014N00149300EA0067200692
B1556214205015N00149299EA0067100692
B1556224205015N00149299EA0067100692
B1556234205015N00149298EA0067200693
B1556244205015N00149297EA0067100692
B1556254205015N00149297EA0067200692
B1556264205015N00149296EA0067200693
B1556274205016N00149296EA0067200694
B1556284205016N00149296EA0067200693
B1556294205016N00149296EA0067300693
B1556304205015N00149296EA0067200693
B1556314205015N00149296EA0067200694
B1556324205015N00149296EA0067200695
B1556334205015N00149297EA0067000696
B1556344205015N00149297EA0067300696
B1556354205016N00149297EA0066800696
B1556364205016N00149297EA0067100696
B1556374205015N00149298EA0067000695
B1556384205015N00149299EA0067000695
B1556394205015N00149301EA0067300695
B1556404205014N00149303EA0067100696
B1556414205014N00149304EA0067100697
B1556424205014N00149305EA0067100697
B1556434205014N00149304EA0067100699
B1556444205014N00149306EA0066700698
B1556454205014N00149306EA0067000698
B1556464205013N00149307EA0067500698
B1556474205013N00149308EA0067100698
B1556484205013N00149308EA0067100696
B1556494205013N00149308EA0066800695
B1556504205013N00149309EA0067000694
B1556514205013N00149309EA0066900694
B1556524205013N00149309EA0066700693
B1556534205013N00149309EA0067100693
B1556544205013N00149309EA0067400692
B1556554205012N00149309EA0066200692
B1556564205012N00149309EA0068000693
B1556574205012N00149309EA0067200693
B1556584205012N00149309EA0067000693
B1556594205012N00149309EA0067000693
B1557004205012N00149309EA0067400694
B1557014205012N00149309EA0067100694
B1557024205011N00149309EA0067100695
B1557034205011N00149309EA0067000695
B1557044205011N00149309EA0067000695
B1557054205011N00149309EA0067000695
B1557064205011N00149309EA0067000695
B1557074205011N00149309EA0067000695
B1557084205011N00149309EA0067000695
B1557094205011N00149308EA0067200693
B1557104205011N00149308EA0067300694
B1557114205011N00149308EA0067100693
B1557124205011N00149308EA0067100693
B1557134205010N00149308EA0067000693
B1557144205010N00149308EA0067000693
B1557154205010N00149308EA0067100693
B1557164205011N00149307EA0067100693
B1557174205011N00149307EA0067100693
B1557184205011N00149307EA0067100693
B1557194205010N00149307EA0067100693
B1557204205011N00149306EA0067200693
B1557214205011N00149307EA0067300694
B1557224205011N00149306EA0067200694
B1557234205011N00149307EA0067100694
B1557244205011N00149307EA0067100694
B1557254205011N00149306EA0067000694
B1557264205011N00149306EA0067000693
B1557274205011N00149307EA0067000693
B1557284205010N00149308EA0067000693
B1557294205010N00149308EA0067000693
B1557304205010N00149309EA0067000691
B1557314205010N00149310EA0066900692
B1557324205010N00149310EA0066900692
B1557334205010N00149310EA0066900691
B1557344205010N00149310EA0066900692
B1557354205009N00149310EA0066900692
B1557364205009N00149311EA0066900692
B1557374205009N00149311EA0066900692
B1557384205009N00149311EA0067000692
B1557394205009N00149311EA0067000692
B1557404205009N00149311EA0066900693
B1557414205009N00149311EA0066900693
B1557424205009N00149311EA0067000692
B1557434205009N00149311EA0066900692
B1557444205009N00149311EA0067000692
B1557454205009N00149311EA0067000691
B1557464205009N00149311EA0067100691
B1557474205009N00149311EA0067000691
B1557484205010N00149311EA0067000691
B1557494205010N00149311EA0067000692
B1557504205010N00149311EA0067000692
B1557514205010N00149311EA0066900691
B1557524205011N00149311EA0066900691
B1557534205011N00149311EA0067000691
B1557544205011N00149311EA0067000691
B1557554205011N00149311EA0066900690
B1557564205012N00149312EA0067000690
B1557574205012N00149312EA0067000689
B1557584205012N00149312EA0066900689
B1557594205013N00149312EA0066900690
B1558004205012N00149311EA0067000690
B1558014205012N00149311EA0067000690
B1558024205012N00149311EA0066900689
B1558034205012N00149311EA0066900689
B1558044205012N00149311EA0067000689
B1558054205012N00149311EA0067200688
B1558064205013N00149310EA0066800688
B1558074205013N00149310EA0067100688
B1558084205013N00149310EA0067000688
B1558094205013N00149309EA0067000688
B1558104205013N00149309EA0067000688
B1558114205014N00149308EA0067000688
B1558124205014N00149308EA0067100688
B1558134205014N00149308EA0067000688
B1558144205015N00149308EA0067100688
B1558154205015N00149308EA0067000689
B1558164205015N00149308EA0067000688
B1558174205015N00149308EA0067000688
B1558184205016N00149308EA0067000688
B1558194205016N00149308EA0067000689
B1558204205016N00149308EA0067000689
B1558214205016N00149308EA0067000689
B1558224205016N00149308EA0067000689
B1558234205016N00149308EA0067000689
B1558244205016N00149308EA0067000688
B1558254205016N00149309EA0067100688
B1558264205016N00149309EA0067000688
B1558274205016N00149309EA0067000688
B1558284205016N00149309EA0067000687
B1558294205016N00149309EA0067000687
B1558304205016N00149309EA0067100687
B1558314205016N00149309EA0067000688
B1558324205016N00149309EA0067000688
B1558334205016N00149309EA0067000688
B1558344205016N00149309EA0067000687
B1558354205017N00149309EA0067000687
B1558364205017N00149309EA0067000686
B1558374205017N00149309EA0067000687
B1558384205017N00149309EA0067000687
B1558394205017N00149309EA0066900687
B1558404205017N00149308EA0067000687
B1558414205017N00149309EA0067000687
B1558424205017N00149308EA0066800688
B1558434205016N00149307EA0066900687
B1558444205016N00149307EA0066900687
B1558454205015N00149307EA0067000688
B1558464205015N00149307EA0066900688
B1558474205015N00149307EA0066900689
B1558484205014N00149306EA0067000690
B1558494205013N00149307EA0067000690
B1558504205013N00149308EA0066900690
B1558514205013N00149308EA0066900690
B1558524205013N00149309EA0066900691
B1558534205013N00149309EA0066900691
B1558544205013N00149310EA0066900692
B1558554205013N00149310EA0066900692
B1558564205013N00149310EA0066900693
B1558574205013N00149310EA0066900694
B1558584205013N00149310EA0066800693
B1558594205013N00149310EA0066900693
B1559004205012N00149310EA0066900692
B1559014205012N00149311EA0066900692
B1559024205012N00149311EA0066900692
B1559034205012N00149312EA0066900692
B1559044205013N00149312EA0066900692
B1559054205013N00149313EA0066800693
B1559064205013N00149313EA0066900693
B1559074205013N00149313EA0066900693
B1559084205013N00149313EA0066900694
B1559094205013N00149313EA0066800694
B1559104205013N00149313EA0066900693
B1559114205012N00149313EA0066900693
B1559124205012N00149313EA0066900694
B1559134205012N00149313EA0066900694
B1559144205012N00149314EA0066900694
B1559154205012N00149314EA0066900695
B1559164205012N00149314EA0066900694
B1559174205012N00149314EA0066900694
B1559184205012N00149314EA0066900694
B1559194205012N00149314EA0067000694
B1559204205012N00149314EA0067000694
B1559214205012N00149314EA0066900694
B1559224205012N00149314EA0067000695
B1559234205012N00149315EA0066900695
B1559244205012N00149315EA0066900694
B1559254205012N00149316EA0066900694
B1559264205013N00149315EA0066800694
B1559274205013N00149315EA0066800695
B1559284205013N00149314EA0066800695
B1559294205013N00149313EA0066900695
B1559304205013N00149312EA0066900695
B1559314205013N00149311EA0066900695
B1559324205013N00149310EA0066900695
B1559334205013N00149309EA0066900695
B1559344205013N00149309EA0066800695
B1559354205014N00149308EA0066900695
B1559364205014N00149307EA0066900695
B1559374205014N00149307EA0066900695
B1559384205014N00149307EA0066900695
B1559394205015N00149307EA0066900695
B1559404205015N00149307EA0066900696
B1559414205015N00149308EA0066900695
B1559424205015N00149308EA0066900695
B1559434205015N00149308EA0067000696
B1559444205015N00149308EA0066900696
B1559454205015N00149308EA0066900696
B1559464205015N00149307EA0066900697
B1559474205015N00149307EA0067000697
B1559484205015N00149307EA0066900697
B1559494205015N00149307EA0066900696
B1559504205016N00149306EA0066900696
B1559514205016N00149306EA0066900695
B1559524205015N00149306EA0067000694
B1559534205016N00149307EA0067000694
B1559544205016N00149307EA0067000693
B1559554205016N00149307EA0067000693
B1559564205016N00149307EA0067000693
B1559574205017N00149308EA0067000693
B1559584205017N00149308EA0066900693
B1559594205017N00149307EA0067000693
B1600004205018N00149309EA0066900693
B1600014205017N00149310EA0067000693
B1600024205017N00149310EA0067000693
B1600034205017N00149311EA0067000693
B1600044205018N00149312EA0067000694
B1600054205018N00149312EA0067000694
B1600064205017N00149310EA0067000694
B1600074205018N00149311EA0067000692
B1600084205017N00149310EA0066900693
B1600094205017N00149309EA0067000693
B1600104205016N00149309EA0067000692
B1600114205016N00149308EA0067000692
B1600124205015N00149309EA0066800692
B1600134205014N00149308EA0067000693
B1600144205013N00149308EA0066900694
B1600154205012N00149309EA0066900694
B1600164205011N00149310EA0066900690
B1600174205010N00149311EA0066900691
B1600184205010N00149313EA0066900690
B1600194205009N00149314EA0066900692
B1600204205008N00149314EA0066900691
B1600214205008N00149315EA0066900691
B1600224205008N00149316EA0066800689
B1600234205008N00149317EA0067000688
B1600244205008N00149318EA0067000689
B1600254205007N00149319EA0066900689
B1600264205007N00149320EA0066900688
B1600274205006N00149320EA0066900686
B1600284205006N00149320EA0066900682
B1600294205004N00149321EA0066800678
B1600304205003N00149321EA0066800678
B1600314205002N00149322EA0066800676
B1600324205001N00149323EA0066800677
B1600334205000N00149322EA0066800678
B1600344205000N00149322EA0066800676
B1600354204999N00149323EA0066900677
B1600364204999N00149324EA0066800675
B1600374204999N00149325EA0066800674
B1600384204999N00149327EA0066900673
B1600394205000N00149327EA0066800671
B1600404205000N00149328EA0066800668
B1600414205000N00149329EA0066900668
B1600424204998N00149328EA0066800668
B1600434204997N00149328EA0066900665
B1600444204996N00149327EA0066900664
B1600454204992N00149325EA0066900663
B1600464204991N00149323EA0067000662
B1600474204989N00149323EA0067000662
B1600484204986N00149319EA0067100661
B1600494204983N00149317EA0067100662
B1600504204980N00149316EA0067100662
B1600514204978N00149314EA0067000661
B1600524204976N00149312EA0067100658
B1600534204973N00149310EA0067100656
B1600544204970N00149309EA0067100655
B1600554204967N00149307EA0067100655
B1600564204964N00149305EA0067200655
B1600574204962N00149303EA0067200655
B1600584204959N00149301EA0067300655
B1600594204957N00149300EA0067200654
B1601004204956N00149299EA0067200653
B1601014204953N00149298EA0067300653
B1601024204951N00149297EA0067200651
B1601034204949N00149295EA0067200651
B1601044204947N00149295EA0067300649
B1601054204945N00149294EA0067300648
B1601064204943N00149292EA0067300646
B1601074204940N00149290EA0067400645
B1601084204938N00149290EA0067300644
B1601094204935N00149288EA0067300643
B1601104204933N00149286EA0067400645
B1601114204931N00149285EA0067300644
B1601124204928N00149282EA0067300643
B1601134204927N00149280EA0067300644
B1601144204925N00149279EA0067300643
B1601154204923N00149276EA0067400643
B1601164204922N00149275EA0067300642
B1601174204920N00149274EA0067500642
B1601184204918N00149272EA0067400642
B1601194204917N00149270EA0067400644
B1601204204916N00149267EA0067400643
B1601214204914N00149264EA0067300642
B1601224204913N00149261EA0067400641
B1601234204911N00149258EA0067400641
B1601244204910N00149255EA0067300640
B1601254204908N00149252EA0067400640
B1601264204906N00149250EA0067500640
B1601274204904N00149246EA0067400640
B1601284204901N00149242EA0067400640
B1601294204898N00149239EA0067500640
B1601304204895N00149235EA0067400640
B1601314204893N00149231EA0067400642
B1601324204891N00149227EA0067500642
B1601334204888N00149222EA0067500642
B1601344204885N00149219EA0067500640
B1601354204883N00149216EA0067500640
B1601364204880N00149213EA0067500640
B1601374204877N00149210EA0067600639
B1601384204874N00149208EA0067600639
B1601394204871N00149205EA0067600639
B1601404204869N00149203EA0067600640
B1601414204866N00149200EA0067600640
B1601424204863N00149198EA0067700640
B1601434204860N00149195EA0067700641
B1601444204858N00149192EA0067800640
B1601454204855N00149191EA0067800640
B1601464204853N00149189EA0067900641
B1601474204850N00149188EA0067900641
B1601484204848N00149186EA0067900642
B1601494204846N00149185EA0068000640
B1601504204845N00149185EA0068000640
B1601514204844N00149184EA0068000639
B1601524204843N00149185EA0068000639
B1601534204842N00149185EA0068000638
B1601544204841N00149184EA0068000638
B1601554204840N00149184EA0067900634
B1601564204839N00149184EA0068000634
B1601574204839N00149184EA0067900634
B1601584204838N00149184EA0068000635
B1601594204837N00149185EA0068000636
B1602004204837N00149186EA0068000636
B1602014204836N00149187EA0068000639
B1602024204834N00149188EA0068000639
B1602034204832N00149188EA0068100639
B1602044204830N00149188EA0068100638
B1602054204828N00149189EA0068200637
B1602064204827N00149190EA0068300637
B1602074204826N00149191EA0068300636
B1602084204824N00149191EA0068300636
B1602094204822N00149192EA0068300637
B1602104204819N00149193EA0068300634
B1602114204816N00149195EA0068300635
B1602124204813N00149196EA0068300636
B1602134204810N00149198EA0068300638
B1602144204807N00149200EA0068400639
B1602154204804N00149202EA0068300640
B1602164204802N00149204EA0068400641
B1602174204799N00149206EA0068400642
B1602184204796N00149207EA0068400642
B1602194204793N00149209EA0068400641
B1602204204791N00149211EA0068300641
B1602214204787N00149212EA0068200642
B1602224204784N00149213EA0068200640
B1602234204781N00149214EA0068300642
B1602244204778N00149216EA0068200643
B1602254204774N00149218EA0068000644
B1602264204771N00149220EA0068000645
B1602274204769N00149222EA0067900647
B1602284204766N00149225EA0068000650
B1602294204763N00149228EA0067900651
B1602304204761N00149231EA0067800651
B1602314204758N00149234EA0067700653
B1602324204755N00149236EA0067700653
B1602334204752N00149237EA0067600654
B1602344204749N00149239EA0067600658
B1602354204746N00149240EA0067500658
B1602364204743N00149240EA0067500658
B1602374204740N00149239EA0067500661
B1602384204736N00149239EA0067600661
B1602394204733N00149237EA0067600662
B1602404204730N00149236EA0067500664
B1602414204727N00149234EA0067600665
B1602424204724N00149233EA0067500665
B1602434204722N00149232EA0067600666
B1602444204720N00149231EA0067500667
B1602454204719N00149231EA0067600667
B1602464204716N00149230EA0067600666
B1602474204714N00149227EA0067500667
B1602484204711N00149226EA0067600668
B1602494204708N00149223EA0067600670
B1602504204705N00149220EA0067600670
B1602514204701N00149216EA0067600670
B1602524204699N00149214EA0067600669
B1602534204697N00149213EA0067500668
B1602544204696N00149213EA0067600668
B1602554204695N00149212EA0067600668
B1602564204694N00149213EA0067500668
B1602574204693N00149213EA0067600668
B1602584204692N00149215EA0067500667
B1602594204691N00149217EA0067500667
B1603004204690N00149219EA0067500667
B1603014204688N00149221EA0067500668
B1603024204687N00149224EA0067400669
B1603034204685N00149226EA0067400669
B1603044204684N00149228EA0067500669
B1603054204682N00149230EA0067400670
B1603064204681N00149231EA0067500670
B1603074204679N00149233EA0067500671
B1603084204678N00149238EA0067400671
B1603094204676N00149244EA0067400672
B1603104204675N00149249EA0067400672
B1603114204671N00149254EA0067400672
B1603124204670N00149259EA0067400672
B1603134204668N00149264EA0067400671
B1603144204666N00149269EA0067300671
B1603154204663N00149273EA0067400672
B1603164204661N00149277EA0067400671
B1603174204659N00149281EA0067400671
B1603184204657N00149285EA0067300671
B1603194204656N00149289EA0067300672
B1603204204654N00149292EA0067300672
B1603214204652N00149294EA0067400672
B1603224204651N00149297EA0067300672
B1603234204649N00149300EA0067300672
B1603244204647N00149302EA0067200672
B1603254204645N00149306EA0067300671
B1603264204643N00149310EA0067300671
B1603274204641N00149315EA0067300671
B1603284204639N00149319EA0067200670
B1603294204638N00149323EA0067200671
B1603304204636N00149325EA0067200671
B1603314204635N00149329EA0067100670
B1603324204633N00149331EA0067200669
B1603334204631N00149333EA0067200669
B1603344204629N00149333EA0067100669
B1603354204627N00149333EA0067000669
B1603364204625N00149332EA0067000667
B1603374204623N00149330EA0067100665
B1603384204621N00149331EA0067000663
B1603394204619N00149332EA0067000662
B1603404204617N00149334EA0067000661
B1603414204616N00149336EA0067000660
B1603424204615N00149339EA0067000660
B1603434204614N00149341EA0067000659
B1603444204613N00149344EA0067000659
B1603454204613N00149347EA0067000659
B1603464204612N00149350EA0067000660
B1603474204611N00149352EA0067000660
B1603484204611N00149353EA0066900660
B1603494204611N00149353EA0066900661
B1603504204611N00149354EA0067000662
B1603514204611N00149354EA0067000663
B1603524204611N00149355EA0066900663
B1603534204611N00149355EA0066000664
B1603544204611N00149355EA0067100665
B1603554204611N00149355EA0067100666
B1603564204611N00149355EA0066900667
B1603574204611N00149355EA0067100667
B1603584204611N00149354EA0066900669
B1603594204611N00149355EA0067000669
B1604004204611N00149355EA0067100670
B1604014204611N00149355EA0066800671
B1604024204611N00149355EA0067000672
B1604034204610N00149355EA0067000673
B1604044204610N00149355EA0067000674
B1604054204610N00149355EA0066700675
B1604064204610N00149355EA0067000676
B1604074204610N00149356EA0066800677
B1604084204610N00149356EA0067100677
B1604094204610N00149356EA0067000679
B1604104204610N00149356EA0066900679
B1604114204609N00149356EA0067100680
B1604124204609N00149357EA0066800681
B1604134204609N00149357EA0067000682
B1604144204609N00149357EA0067000683
B1604154204609N00149358EA0066900684
B1604164204609N00149358EA0067000685
B1604174204609N00149358EA0066700686
B1604184204609N00149358EA0067000686
B1604194204609N00149358EA0066600686
B1604204204609N00149359EA0067100687
B1604214204608N00149358EA0067000687
B1604224204608N00149358EA0067000688
B1604234204608N00149358EA0066900688
B1604244204608N00149358EA0066900688
B1604254204608N00149358EA0067000689
B1604264204608N00149358EA0066900689
B1604274204608N00149358EA0066900689
B1604284204608N00149358EA0066900689
B1604294204608N00149358EA0066900688
B1604304204608N00149358EA0066900688
B1604314204608N00149358EA0066900688
B1604324204608N00149358EA0066900688
B1604334204608N00149358EA0066900689
B1604344204608N00149358EA0066900689
B1604354204608N00149358EA0066900689
B1604364204608N00149358EA0067000689
B1604374204608N00149358EA0066900689
B1604384204608N00149358EA0067000689
B1604394204608N00149358EA0066900688
B1604404204608N00149358EA0067000688
B1604414204608N00149358EA0067000688
B1604424204608N00149358EA0067000688
B1604434204608N00149358EA0066900688
B1604444204608N00149358EA0067000688
B1604454204608N00149358EA0066900688
B1604464204608N00149358EA0066900688
B1604474204608N00149358EA0066900688
B1604484204608N00149358EA0067000689
B1604494204608N00149359EA0066900689
B1604504204607N00149359EA0067000689
B1604514204607N00149360EA0067000689
B1604524204606N00149361EA0067000689
B1604534204605N00149363EA0067000689
B1604544204604N00149365EA0067000689
B1604554204603N00149368EA0067000689
B1604564204601N00149371EA0067000688
B1604574204599N00149374EA0067100688
B1604584204597N00149379EA0067100688
B1604594204594N00149384EA0067100689
B1605004204592N00149388EA0067100689
B1605014204590N00149391EA0066900689
B1605024204589N00149395EA0066900689
B1605034204589N00149398EA0066900689
B1605044204590N00149400EA0066900689
B1605054204591N00149400EA0066900687
B1605064204592N00149401EA0066900687
B1605074204594N00149401EA0067000687
B1605084204595N00149401EA0066900687
B1605094204597N00149399EA0066900687
B1605104204599N00149397EA0067000687
B1605114204600N00149394EA0067000687
B1605124204602N00149391EA0066900686
B1605134204604N00149388EA0066900686
B1605144204606N00149385EA0066900686
B1605154204608N00149383EA0067000686
B1605164204609N00149381EA0067000685
B1605174204611N00149379EA0066900685
B1605184204612N00149377EA0066900685
B1605194204612N00149376EA0067000684
B1605204204613N00149375EA0066900684
B1605214204613N00149375EA0067000684
B1605224204613N00149374EA0067000684
B1605234204613N00149373EA0066900684
B1605244204613N00149373EA0067100683
B1605254204613N00149373EA0067000682
B1605264204613N00149373EA0066900682
B1605274204613N00149372EA0067000682
B1605284204613N00149372EA0066900682
B1605294204613N00149372EA0067000682
B1605304204613N00149372EA0067000682
B1605314204613N00149372EA0066900682
B1605324204614N00149372EA0067000682
B1605334204614N00149372EA0067000682
B1605344204614N00149372EA0067000682
B1605354204614N00149372EA0066900682
B1605364204614N00149372EA0067000682
B1605374204614N00149373EA0067000683
B1605384204614N00149373EA0067000683
B1605394204614N00149373EA0067000683
B1605404204614N00149373EA0067000683
B1605414204614N00149373EA0066900684
B1605424204614N00149373EA0067000685
B1605434204614N00149373EA0067000686
B1605444204614N00149373EA0067000686
B1605454204614N00149374EA0067000687
B1605464204615N00149374EA0067000687
B1605474204615N00149373EA0066900687
B1605484204615N00149374EA0066900687
B1605494204615N00149374EA0067000687
B1605504204615N00149374EA0067000688
B1605514204615N00149374EA0067000688
B1605524204615N00149374EA0067000688
B1605534204615N00149374EA0067000689
B1605544204615N00149374EA0067000690
B1605554204615N00149373EA0067100690
B1605564204614N00149373EA0067000690
B1605574204614N00149373EA0067000690
B1605584204614N00149373EA0067000691
B1605594204614N00149373EA0067000691
B1606004204614N00149373EA0066900691
B1606014204614N00149373EA0066700692
B1606024204614N00149373EA0067100692
B1606034204614N00149373EA0067100692
B1606044204614N00149373EA0067100692
B1606054204615N00149373EA0067100692
B1606064204615N00149373EA0066900692
B1606074204615N00149373EA0066900692
B1606084204615N00149373EA0067000692
B1606094204615N00149373EA0067000692
B1606104204615N00149374EA0067000692
B1606114204616N00149374EA0067000692
B1606124204616N00149374EA0067000692
B1606134204616N00149374EA0067100692
B1606144204616N00149374EA0067000692
B1606154204616N00149374EA0067000692
B1606164204617N00149375EA0067000692
B1606174204617N00149375EA0066900692
B1606184204617N00149375EA0067000692
B1606194204617N00149375EA0066900692
B1606204204617N00149376EA0067000692
B1606214204618N00149376EA0067000692
B1606224204617N00149376EA0067100693
B1606234204618N00149375EA0067000693
B1606244204618N00149376EA0067000693
B1606254204618N00149375EA0067100693
B1606264204618N00149375EA0067100693
B1606274204619N00149375EA0067000694
B1606284204619N00149376EA0067100694
B1606294204620N00149376EA0067000694
B1606304204620N00149375EA0067000694
B1606314204620N00149375EA0067000695
B1606324204621N00149374EA0067000695
B1606334204621N00149374EA0067000695
B1606344204622N00149373EA0066900695
B1606354204622N00149372EA0067100695
B1606364204622N00149372EA0067100696
B1606374204622N00149371EA0066900696
B1606384204622N00149370EA0066800697
B1606394204622N00149369EA0067100697
B1606404204622N00149368EA0067200698
B1606414204622N00149367EA0067100698
B1606424204622N00149366EA0067100699
B1606434204622N00149366EA0067100700
B1606444204623N00149366EA0067100700
B1606454204623N00149365EA0067100701
B1606464204623N00149365EA0067200701
B1606474204624N00149365EA0067100702
B1606484204624N00149365EA0067100702
B1606494204624N00149365EA0067100702
B1606504204624N00149366EA0067200703
B1606514204624N00149366EA0067100703
B1606524204624N00149366EA0067100703
B1606534204624N00149366EA0067100703
B1606544204624N00149366EA0067100703
B1606554204624N00149366EA0067100704
B1606564204624N00149366EA0067200704
B1606574204624N00149367EA0067300704
B1606584204624N00149367EA0067200704
B1606594204624N00149367EA0067200704
B1607004204623N00149368EA0067200704
B1607014204625N00149368EA0067100703
B1607024204624N00149368EA0066900703
B1607034204625N00149368EA0066700704
B1607044204625N00149368EA0067400704
B1607054204625N00149369EA0067200704
B1607064204625N00149368EA0067100704
B1607074204625N00149369EA0067100704
B1607084204626N00149368EA0067400704
B1607094204626N00149368EA0067100704
B1607104204626N00149367EA0067200705
B1607114204626N00149368EA0067100705
B1607124204626N00149368EA0067100705
B1607134204626N00149368EA0067100705
B1607144204627N00149369EA0067100705
B1607154204627N00149369EA0067100705
B1607164204626N00149369EA0067200705
B1607174204626N00149370EA0067100706
B1607184204626N00149370EA0067100706
B1607194204627N00149371EA0067100706
B1607204204628N00149372EA0067100706
B1607214204629N00149372EA0067100706
B1607224204630N00149373EA0067000706
B1607234204631N00149373EA0066800706
B1607244204631N00149373EA0067200706
B1607254204631N00149373EA0067100706
B1607264204630N00149372EA0067100706
B1607274204631N00149372EA0067100706
B1607284204631N00149373EA0067100706
B1607294204631N00149373EA0067100706
B1607304204632N00149374EA0067100705
B1607314204632N00149374EA0067100705
B1607324204633N00149375EA0067200705
B1607334204633N00149377EA0067200705
B1607344204633N00149374EA0067100704
B1607354204632N00149373EA0067000704
B1607364204633N00149373EA0067200704
B1607374204633N00149373EA0067100704
LXFM live.flymaster.net version 1.01
LXFM Created 2026-08-02 16:21:05
LXFM flight id 1822656
G6368BEB1EEA89EA0D6AFD8A47ACFC211
